**************************
  ADDR  ***   Value    ***
**************************
    0    |     2162      |
    1    |      651      |
    2    |     1706      |
    3    |       46      |
    4    |     1015      |
    5    |     3556      |
    6    |     2559      |
    7    |     2635      |
    8    |     6236      |
    9    |     1311      |
   10    |     2441      |
   11    |     2785      |
   12    |     4723      |
   13    |     5056      |
   14    |     2670      |
   15    |     5402      |
   16    |      785      |
   17    |     3021      |
   18    |     5565      |
   19    |     3250      |
   20    |      227      |
   21    |      495      |
   22    |     6406      |
   23    |     1502      |
   24    |     4407      |
   25    |      663      |
   26    |       20      |
   27    |      449      |
   28    |     4781      |
   29    |      521      |
   30    |     2165      |
   31    |     5023      |
   32    |     1723      |
   33    |     3553      |
   34    |     3430      |
   35    |     1870      |
   36    |      792      |
   37    |     1470      |
   38    |     2323      |
   39    |     3642      |
   40    |     1056      |
   41    |     4661      |
   42    |      711      |
   43    |     6044      |
   44    |     2032      |
   45    |     3098      |
   46    |     2135      |
   47    |     2902      |
   48    |     1596      |
   49    |     3215      |
   50    |     4737      |
   51    |     1976      |
   52    |     4734      |
   53    |     5081      |
   54    |     2558      |
   55    |     3177      |
   56    |     3454      |
   57    |     3296      |
   58    |     6410      |
   59    |     2109      |
   60    |     2413      |
   61    |     2601      |
   62    |      266      |
   63    |     2982      |
   64    |     4538      |
   65    |      953      |
   66    |     4569      |
   67    |     2813      |
   68    |     1707      |
   69    |     3347      |
   70    |     6082      |
   71    |     6133      |
   72    |     2876      |
   73    |     4327      |
   74    |     3269      |
   75    |     1710      |
   76    |      283      |
   77    |     2147      |
   78    |     2385      |
   79    |     4489      |
   80    |     3913      |
   81    |     6523      |
   82    |     1089      |
   83    |     3667      |
   84    |     5603      |
   85    |     5588      |
   86    |     4722      |
   87    |     2029      |
   88    |     3461      |
   89    |     6173      |
   90    |     2074      |
   91    |     2040      |
   92    |     3045      |
   93    |     3414      |
   94    |     5057      |
   95    |     3871      |
   96    |     5734      |
   97    |     3526      |
   98    |     4388      |
   99    |     6003      |
  100    |     4431      |
  101    |     5526      |
  102    |     1371      |
  103    |     1737      |
  104    |     2673      |
  105    |     4965      |
  106    |     1059      |
  107    |     6472      |
  108    |     6494      |
  109    |     4698      |
  110    |     2397      |
  111    |     3303      |
  112    |     1101      |
  113    |     2983      |
  114    |     2063      |
  115    |     4912      |
  116    |     1491      |
  117    |     2464      |
  118    |      371      |
  119    |     6122      |
  120    |     4501      |
  121    |      836      |
  122    |     3580      |
  123    |     4356      |
  124    |     1551      |
  125    |      863      |
  126    |     3754      |
  127    |      217      |
  128    |     5058      |
  129    |     3042      |
  130    |     3183      |
  131    |     1993      |
  132    |     2850      |
  133    |     3609      |
  134    |     4372      |
  135    |     4612      |
  136    |     2289      |
  137    |     6112      |
  138    |     6504      |
  139    |     4746      |
  140    |     3074      |
  141    |     2439      |
  142    |     5474      |
  143    |     3824      |
  144    |     2426      |
  145    |     5670      |
  146    |     5148      |
  147    |     2535      |
  148    |      396      |
  149    |      841      |
  150    |     3255      |
  151    |      445      |
  152    |     2163      |
  153    |     5314      |
  154    |     2891      |
  155    |     3816      |
  156    |     6437      |
  157    |     4348      |
  158    |     2841      |
  159    |     3742      |
  160    |     1866      |
  161    |     2249      |
  162    |      436      |
  163    |     3601      |
  164    |     5093      |
  165    |     6157      |
  166    |     3209      |
  167    |     1616      |
  168    |     1750      |
  169    |      698      |
  170    |     3489      |
  171    |     1905      |
  172    |     1902      |
  173    |     6132      |
  174    |     1128      |
  175    |     2681      |
  176    |     1429      |
  177    |     5841      |
  178    |     5088      |
  179    |     4288      |
  180    |     2258      |
  181    |      377      |
  182    |     4746      |
  183    |     1433      |
  184    |     4019      |
  185    |     1168      |
  186    |     4912      |
  187    |      413      |
  188    |     2775      |
  189    |     3542      |
  190    |       65      |
  191    |     5052      |
  192    |     1755      |
  193    |     5170      |
  194    |     5579      |
  195    |     6321      |
  196    |     5576      |
  197    |     1628      |
  198    |     3909      |
  199    |     3563      |
  200    |     4764      |
  201    |     3072      |
  202    |     3163      |
  203    |     3003      |
  204    |     1654      |
  205    |     5540      |
  206    |     3157      |
  207    |      200      |
  208    |     3642      |
  209    |     4002      |
  210    |     5059      |
  211    |     5075      |
  212    |     3824      |
  213    |     2486      |
  214    |     2390      |
  215    |     5799      |
  216    |     4291      |
  217    |     5122      |
  218    |     5713      |
  219    |     4100      |
  220    |     5879      |
  221    |      333      |
  222    |      675      |
  223    |     6551      |
  224    |     3319      |
  225    |     5989      |
  226    |     3661      |
  227    |      484      |
  228    |     4402      |
  229    |     5584      |
  230    |     5219      |
  231    |     4441      |
  232    |     3886      |
  233    |     1181      |
  234    |     3635      |
  235    |      827      |
  236    |      414      |
  237    |     4301      |
  238    |     2365      |
  239    |     4919      |
  240    |     5928      |
  241    |     2854      |
  242    |     6197      |
  243    |     6446      |
  244    |     6053      |
  245    |     4597      |
  246    |     3216      |
  247    |     2182      |
  248    |     4741      |
  249    |     6161      |
  250    |     6290      |
  251    |     4012      |
  252    |     4905      |
  253    |     3359      |
  254    |     4792      |
  255    |     6398      |
  256    |     5420      |
  257    |     1790      |
  258    |     5666      |
  259    |     2009      |
  260    |     4091      |
  261    |     6385      |
  262    |     4516      |
  263    |     6380      |
  264    |     2851      |
  265    |     1376      |
  266    |      312      |
  267    |     1844      |
  268    |     1220      |
  269    |     4925      |
  270    |     2196      |
  271    |     2244      |
  272    |     2384      |
  273    |     2134      |
  274    |     2687      |
  275    |     4705      |
  276    |     3853      |
  277    |      591      |
  278    |     4185      |
  279    |     4977      |
  280    |     3509      |
  281    |     2220      |
  282    |     1305      |
  283    |     2456      |
  284    |     3261      |
  285    |     5388      |
  286    |     3454      |
  287    |     3592      |
  288    |     3003      |
  289    |     2364      |
  290    |     3614      |
  291    |     5164      |
  292    |     3987      |
  293    |     3015      |
  294    |     6142      |
  295    |     1403      |
  296    |     4361      |
  297    |     3409      |
  298    |     2888      |
  299    |     2439      |
  300    |     3765      |
  301    |      268      |
  302    |      126      |
  303    |     1869      |
  304    |     5703      |
  305    |     3181      |
  306    |     4268      |
  307    |     3647      |
  308    |     5718      |
  309    |     4134      |
  310    |     3211      |
  311    |     2721      |
  312    |     5797      |
  313    |      321      |
  314    |     1530      |
  315    |     3315      |
  316    |     5109      |
  317    |     6132      |
  318    |     5444      |
  319    |     2056      |
  320    |     3530      |
  321    |      440      |
  322    |     1328      |
  323    |     5739      |
  324    |     4632      |
  325    |     3329      |
  326    |     5734      |
  327    |       27      |
  328    |     2189      |
  329    |      395      |
  330    |     6101      |
  331    |     6528      |
  332    |     3709      |
  333    |     1383      |
  334    |     4732      |
  335    |     6379      |
  336    |     4863      |
  337    |     6509      |
  338    |     3338      |
  339    |     2546      |
  340    |     5237      |
  341    |     1784      |
  342    |     4914      |
  343    |      583      |
  344    |     6242      |
  345    |     2936      |
  346    |     5141      |
  347    |     3373      |
  348    |     2639      |
  349    |     3383      |
  350    |      483      |
  351    |     2659      |
  352    |     2172      |
  353    |     4120      |
  354    |     3023      |
  355    |     5185      |
  356    |     3011      |
  357    |     6526      |
  358    |     5251      |
  359    |     2424      |
  360    |     5581      |
  361    |     4536      |
  362    |     3912      |
  363    |     4953      |
  364    |     6238      |
  365    |     4009      |
  366    |     3718      |
  367    |     1838      |
  368    |     5771      |
  369    |     4335      |
  370    |     6523      |
  371    |     1464      |
  372    |     5005      |
  373    |     6350      |
  374    |      141      |
  375    |     3790      |
  376    |     5760      |
  377    |     4071      |
  378    |     2174      |
  379    |     1539      |
  380    |      226      |
  381    |      682      |
  382    |     5468      |
  383    |     4429      |
  384    |     1193      |
  385    |     2244      |
  386    |     6183      |
  387    |     1423      |
  388    |      597      |
  389    |     2919      |
  390    |     5807      |
  391    |      898      |
  392    |     5393      |
  393    |      154      |
  394    |     4366      |
  395    |     4709      |
  396    |      955      |
  397    |     1921      |
  398    |      173      |
  399    |     1578      |
  400    |     2631      |
  401    |     2384      |
  402    |     4695      |
  403    |     1429      |
  404    |     5636      |
  405    |     3600      |
  406    |     4338      |
  407    |     1648      |
  408    |     4760      |
  409    |      575      |
  410    |     4630      |
  411    |      209      |
  412    |     4164      |
  413    |     5522      |
  414    |     6502      |
  415    |      322      |
  416    |     4972      |
  417    |     4570      |
  418    |     4506      |
  419    |     2979      |
  420    |     1422      |
  421    |     5975      |
  422    |     2980      |
  423    |     2248      |
  424    |      768      |
  425    |     5013      |
  426    |     4923      |
  427    |     2885      |
  428    |      971      |
  429    |     2900      |
  430    |     5544      |
  431    |     4839      |
  432    |     1832      |
  433    |      133      |
  434    |     4961      |
  435    |      800      |
  436    |     5236      |
  437    |     3363      |
  438    |      206      |
  439    |     3720      |
  440    |     4830      |
  441    |     4397      |
  442    |     2231      |
  443    |     5478      |
  444    |     3307      |
  445    |     3081      |
  446    |     5918      |
  447    |      382      |
  448    |     3270      |
  449    |     1360      |
  450    |      530      |
  451    |     1809      |
  452    |     3824      |
  453    |     2405      |
  454    |     5394      |
  455    |      765      |
  456    |     5596      |
  457    |      230      |
  458    |     5203      |
  459    |     3545      |
  460    |     1712      |
  461    |      929      |
  462    |     2017      |
  463    |     2509      |
  464    |     1909      |
  465    |     2117      |
  466    |     6458      |
  467    |     3434      |
  468    |       65      |
  469    |     3168      |
  470    |     2636      |
  471    |     1477      |
  472    |     3280      |
  473    |     5022      |
  474    |      580      |
  475    |     4389      |
  476    |     6135      |
  477    |     1946      |
  478    |      184      |
  479    |     2051      |
  480    |     5791      |
  481    |     5422      |
  482    |     2431      |
  483    |     5097      |
  484    |     4623      |
  485    |     1082      |
  486    |     3302      |
  487    |     2546      |
  488    |     5528      |
  489    |     1899      |
  490    |     1972      |
  491    |     4203      |
  492    |     4488      |
  493    |     2599      |
  494    |     1431      |
  495    |     5821      |
  496    |     4470      |
  497    |     2531      |
  498    |     6260      |
  499    |     5793      |
  500    |     6345      |
  501    |     1163      |
  502    |     3544      |
  503    |     6165      |
  504    |     1375      |
  505    |     5926      |
  506    |       11      |
  507    |     1112      |
  508    |     4923      |
  509    |     2207      |
  510    |     5890      |
  511    |     2104      |
  512    |     3915      |
  513    |     1271      |
  514    |     1648      |
  515    |     3692      |
  516    |     1382      |
  517    |     5783      |
  518    |     3219      |
  519    |     6425      |
  520    |      962      |
  521    |     4799      |
  522    |     1734      |
  523    |     3800      |
  524    |     6378      |
  525    |     3440      |
  526    |     1964      |
  527    |     1278      |
  528    |     5474      |
  529    |     4117      |
  530    |     1941      |
  531    |      974      |
  532    |     3313      |
  533    |     3707      |
  534    |     6508      |
  535    |     5132      |
  536    |      760      |
  537    |     1439      |
  538    |     5347      |
  539    |      290      |
  540    |     5754      |
  541    |     4163      |
  542    |      976      |
  543    |     4574      |
  544    |     1589      |
  545    |     3869      |
  546    |     1798      |
  547    |     4074      |
  548    |     1894      |
  549    |     1417      |
  550    |     2242      |
  551    |      254      |
  552    |      784      |
  553    |     2289      |
  554    |     1295      |
  555    |     1349      |
  556    |     3398      |
  557    |     3323      |
  558    |     4319      |
  559    |      962      |
  560    |     3103      |
  561    |     1721      |
  562    |      626      |
  563    |     5311      |
  564    |      132      |
  565    |     2531      |
  566    |     5353      |
  567    |     5403      |
  568    |     3736      |
  569    |     1969      |
  570    |     2797      |
  571    |     4942      |
  572    |     4989      |
  573    |      510      |
  574    |     2243      |
  575    |     3880      |
  576    |     3183      |
  577    |     2565      |
  578    |      419      |
  579    |     5517      |
  580    |     3309      |
  581    |     4700      |
  582    |     2164      |
  583    |     6466      |
  584    |      909      |
  585    |     6437      |
  586    |     1283      |
  587    |     3471      |
  588    |     4556      |
  589    |     2233      |
  590    |     3153      |
  591    |     2047      |
  592    |     1095      |
  593    |     4394      |
  594    |     1131      |
  595    |     3688      |
  596    |     6165      |
  597    |     2232      |
  598    |     3827      |
  599    |      958      |
  600    |     3399      |
  601    |     5760      |
  602    |     3679      |
  603    |     5138      |
  604    |     4633      |
  605    |     1047      |
  606    |      821      |
  607    |     2413      |
  608    |     6196      |
  609    |     4911      |
  610    |     3210      |
  611    |     1360      |
  612    |     6053      |
  613    |     5314      |
  614    |     2211      |
  615    |      977      |
  616    |     6396      |
  617    |      527      |
  618    |      780      |
  619    |     3381      |
  620    |     3355      |
  621    |     6319      |
  622    |     1989      |
  623    |     4662      |
  624    |      236      |
  625    |      496      |
  626    |     6217      |
  627    |     2471      |
  628    |     2476      |
  629    |     2231      |
  630    |     2690      |
  631    |     5768      |
  632    |     4392      |
  633    |     2062      |
  634    |     1801      |
  635    |     5246      |
  636    |     2495      |
  637    |     5422      |
  638    |     5389      |
  639    |     2732      |
  640    |     3812      |
  641    |     6316      |
  642    |     5352      |
  643    |     3269      |
  644    |      121      |
  645    |      127      |
  646    |     5317      |
  647    |      977      |
  648    |     1685      |
  649    |     5804      |
  650    |     2399      |
  651    |     3646      |
  652    |     2644      |
  653    |     5100      |
  654    |     2192      |
  655    |     3621      |
  656    |     3397      |
  657    |     6531      |
  658    |     3509      |
  659    |     4576      |
  660    |     3323      |
  661    |     1155      |
  662    |     4376      |
  663    |     3724      |
  664    |     6287      |
  665    |     2848      |
  666    |     2168      |
  667    |     2751      |
  668    |     5428      |
  669    |     3061      |
  670    |     5479      |
  671    |     4813      |
  672    |       12      |
  673    |     6502      |
  674    |     3369      |
  675    |     5624      |
  676    |     3304      |
  677    |     1520      |
  678    |     2618      |
  679    |     6093      |
  680    |     1198      |
  681    |     4047      |
  682    |     4840      |
  683    |     3404      |
  684    |      437      |
  685    |     3081      |
  686    |     1535      |
  687    |     6188      |
  688    |     4757      |
  689    |     1816      |
  690    |     4121      |
  691    |     3787      |
  692    |      233      |
  693    |     5282      |
  694    |     6241      |
  695    |      946      |
  696    |      742      |
  697    |      639      |
  698    |     3240      |
  699    |      780      |
  700    |     1058      |
  701    |     5016      |
  702    |     3025      |
  703    |     4669      |
  704    |     3428      |
  705    |     4806      |
  706    |     6079      |
  707    |     5658      |
  708    |      875      |
  709    |     1986      |
  710    |     1435      |
  711    |     3200      |
  712    |     2622      |
  713    |     3337      |
  714    |     6118      |
  715    |     4173      |
  716    |     5301      |
  717    |     5028      |
  718    |      827      |
  719    |     1343      |
  720    |     3922      |
  721    |     5921      |
  722    |     5543      |
  723    |      961      |
  724    |     4120      |
  725    |     2943      |
  726    |     5733      |
  727    |      272      |
  728    |     3480      |
  729    |     5487      |
  730    |     4035      |
  731    |     3379      |
  732    |     3004      |
  733    |     5160      |
  734    |     3833      |
  735    |     1832      |
  736    |     3636      |
  737    |     6208      |
  738    |     5123      |
  739    |     1007      |
  740    |     1828      |
  741    |     5744      |
  742    |     6160      |
  743    |     5527      |
  744    |     5036      |
  745    |       28      |
  746    |     5160      |
  747    |     3620      |
  748    |     5248      |
  749    |     3907      |
  750    |     2966      |
  751    |     1307      |
  752    |     3370      |
  753    |      825      |
  754    |     1483      |
  755    |     5861      |
  756    |     1655      |
  757    |      611      |
  758    |     6213      |
  759    |     4338      |
  760    |     5106      |
  761    |      865      |
  762    |     4447      |
  763    |      699      |
  764    |     5260      |
  765    |     3143      |
  766    |     4324      |
  767    |      318      |
  768    |      244      |
  769    |     3694      |
  770    |     5357      |
  771    |     5177      |
  772    |     4487      |
  773    |      161      |
  774    |     4004      |
  775    |      709      |
  776    |     3146      |
  777    |     6113      |
  778    |     6152      |
  779    |     6135      |
  780    |     2483      |
  781    |     1897      |
  782    |     3213      |
  783    |     3423      |
  784    |     6045      |
  785    |     5986      |
  786    |     4640      |
  787    |     5666      |
  788    |       53      |
  789    |     2478      |
  790    |     6474      |
  791    |     1590      |
  792    |      626      |
  793    |     4787      |
  794    |     3569      |
  795    |     6169      |
  796    |      942      |
  797    |     4711      |
  798    |     4958      |
  799    |     3839      |
  800    |     5674      |
  801    |     2368      |
  802    |     2676      |
  803    |     3491      |
  804    |     2406      |
  805    |     2898      |
  806    |     4707      |
  807    |      904      |
  808    |     3405      |
  809    |      235      |
  810    |     1014      |
  811    |     1162      |
  812    |     5796      |
  813    |     1560      |
  814    |      982      |
  815    |     1224      |
  816    |     4078      |
  817    |       51      |
  818    |     1688      |
  819    |     5825      |
  820    |     4143      |
  821    |     1957      |
  822    |     4810      |
  823    |     1431      |
  824    |     3698      |
  825    |      651      |
  826    |     5674      |
  827    |     5509      |
  828    |     3666      |
  829    |     5670      |
  830    |     5234      |
  831    |     3180      |
  832    |     6170      |
  833    |     2754      |
  834    |     1019      |
  835    |     1913      |
  836    |     6547      |
  837    |      104      |
  838    |     2135      |
  839    |     1361      |
  840    |     4555      |
  841    |     2841      |
  842    |     2143      |
  843    |     1816      |
  844    |     1029      |
  845    |     5916      |
  846    |     3173      |
  847    |     5348      |
  848    |      548      |
  849    |     1679      |
  850    |     1252      |
  851    |     5198      |
  852    |     6505      |
  853    |     2538      |
  854    |     3692      |
  855    |      529      |
  856    |      517      |
  857    |     3356      |
  858    |     4014      |
  859    |     5830      |
  860    |     4170      |
  861    |     4434      |
  862    |     1049      |
  863    |     3088      |
  864    |     3747      |
  865    |     3652      |
  866    |     6398      |
  867    |     3716      |
  868    |     1354      |
  869    |     4480      |
  870    |     3067      |
  871    |     2931      |
  872    |     3743      |
  873    |     1348      |
  874    |      427      |
  875    |     6119      |
  876    |     6228      |
  877    |     2282      |
  878    |     2677      |
  879    |     5655      |
  880    |     4358      |
  881    |     1139      |
  882    |     3223      |
  883    |     3410      |
  884    |     6094      |
  885    |     5613      |
  886    |     2185      |
  887    |     1316      |
  888    |     3117      |
  889    |     5586      |
  890    |      598      |
  891    |     3051      |
  892    |     2981      |
  893    |     1932      |
  894    |     5459      |
  895    |     5734      |
  896    |     3329      |
  897    |     3885      |
  898    |     5886      |
  899    |     1033      |
  900    |     1178      |
  901    |     4844      |
  902    |     4911      |
  903    |      823      |
  904    |     6080      |
  905    |     4910      |
  906    |     2863      |
  907    |     2413      |
  908    |     5809      |
  909    |     5568      |
  910    |      415      |
  911    |     2043      |
  912    |     1644      |
  913    |     5289      |
  914    |     5549      |
  915    |     2372      |
  916    |     6098      |
  917    |     6468      |
  918    |      312      |
  919    |     3111      |
  920    |     5298      |
  921    |      175      |
  922    |     3980      |
  923    |     3050      |
  924    |     2069      |
  925    |     3347      |
  926    |     3733      |
  927    |     5730      |
  928    |     1821      |
  929    |     2829      |
  930    |     1090      |
  931    |     2228      |
  932    |     4384      |
  933    |     4238      |
  934    |     4495      |
  935    |     2702      |
  936    |     1229      |
  937    |     1586      |
  938    |     4394      |
  939    |     1938      |
  940    |     1771      |
  941    |     4556      |
  942    |     4669      |
  943    |     2261      |
  944    |     3893      |
  945    |     3706      |
  946    |     3675      |
  947    |     1601      |
  948    |     5038      |
  949    |     1176      |
  950    |     5291      |
  951    |      344      |
  952    |     3324      |
  953    |     5617      |
  954    |     5271      |
  955    |     5264      |
  956    |     5364      |
  957    |     4835      |
  958    |     6058      |
  959    |     4809      |
  960    |      394      |
  961    |     5586      |
  962    |     1113      |
  963    |     2852      |
  964    |     1935      |
  965    |     2900      |
  966    |     4155      |
  967    |     5051      |
  968    |     5816      |
  969    |     3577      |
  970    |     3334      |
  971    |     3991      |
  972    |     3461      |
  973    |      172      |
  974    |     4206      |
  975    |     2190      |
  976    |     6535      |
  977    |      996      |
  978    |     5918      |
  979    |     4588      |
  980    |     5154      |
  981    |      898      |
  982    |      231      |
  983    |     5487      |
  984    |     6423      |
  985    |     2597      |
  986    |      331      |
  987    |     4455      |
  988    |     4044      |
  989    |     4067      |
  990    |     4899      |
  991    |     3259      |
  992    |     2976      |
  993    |      867      |
  994    |     4265      |
  995    |     2259      |
  996    |     3563      |
  997    |     5829      |
  998    |     6276      |
  999    |     1539      |
 1000    |     2065      |
 1001    |     3407      |
 1002    |      918      |
 1003    |     3460      |
 1004    |     6348      |
 1005    |     1643      |
 1006    |     4857      |
 1007    |     1297      |
 1008    |     2272      |
 1009    |     6062      |
 1010    |     4306      |
 1011    |     4724      |
 1012    |      831      |
 1013    |     2229      |
 1014    |      670      |
 1015    |     6113      |
 1016    |     1430      |
 1017    |     3575      |
 1018    |     3492      |
 1019    |     4957      |
 1020    |      181      |
 1021    |     4479      |
 1022    |     3583      |
 1023    |     2548      |
 1024    |     3532      |
 1025    |     5188      |
 1026    |     3474      |
 1027    |     4260      |
 1028    |     1847      |
 1029    |     3206      |
 1030    |     5248      |
 1031    |     5679      |
 1032    |     1650      |
 1033    |     1099      |
 1034    |     3432      |
 1035    |     5257      |
 1036    |      502      |
 1037    |     6524      |
 1038    |     5615      |
 1039    |     1783      |
 1040    |     3021      |
 1041    |      687      |
 1042    |     5948      |
 1043    |     2969      |
 1044    |     6069      |
 1045    |     5409      |
 1046    |     5247      |
 1047    |     2742      |
 1048    |     2784      |
 1049    |     4667      |
 1050    |     4335      |
 1051    |     2135      |
 1052    |     1944      |
 1053    |     5647      |
 1054    |     1271      |
 1055    |      212      |
 1056    |       21      |
 1057    |       70      |
 1058    |     1469      |
 1059    |     5096      |
 1060    |     2518      |
 1061    |     2512      |
 1062    |       31      |
 1063    |     2752      |
 1064    |     1512      |
 1065    |     1819      |
 1066    |     1201      |
 1067    |     6486      |
 1068    |     2576      |
 1069    |     1326      |
 1070    |     2490      |
 1071    |     3571      |
 1072    |      509      |
 1073    |     3396      |
 1074    |      380      |
 1075    |     6353      |
 1076    |     5910      |
 1077    |     3459      |
 1078    |     5208      |
 1079    |     2366      |
 1080    |     5960      |
 1081    |     6115      |
 1082    |     4402      |
 1083    |     5557      |
 1084    |      759      |
 1085    |     4202      |
 1086    |     1425      |
 1087    |     5760      |
 1088    |     1609      |
 1089    |     5040      |
 1090    |     1600      |
 1091    |     5887      |
 1092    |     2288      |
 1093    |     2258      |
 1094    |     2470      |
 1095    |     5355      |
 1096    |      160      |
 1097    |     1107      |
 1098    |     1527      |
 1099    |     1810      |
 1100    |     4380      |
 1101    |     2252      |
 1102    |     6304      |
 1103    |     1612      |
 1104    |     1317      |
 1105    |     4614      |
 1106    |     5967      |
 1107    |      437      |
 1108    |      544      |
 1109    |      954      |
 1110    |     5428      |
 1111    |     1412      |
 1112    |      470      |
 1113    |     4498      |
 1114    |     6147      |
 1115    |     3611      |
 1116    |      728      |
 1117    |     1943      |
 1118    |     1218      |
 1119    |     2351      |
 1120    |     6546      |
 1121    |     5810      |
 1122    |     5924      |
 1123    |     3018      |
 1124    |     5538      |
 1125    |     1554      |
 1126    |      500      |
 1127    |     2082      |
 1128    |     2923      |
 1129    |      976      |
 1130    |     1732      |
 1131    |     4039      |
 1132    |     2709      |
 1133    |     5033      |
 1134    |      810      |
 1135    |     3431      |
 1136    |     2251      |
 1137    |     2259      |
 1138    |     3095      |
 1139    |     3534      |
 1140    |      192      |
 1141    |     6491      |
 1142    |       76      |
 1143    |     3314      |
 1144    |     2046      |
 1145    |     4011      |
 1146    |     4272      |
 1147    |     4996      |
 1148    |     4757      |
 1149    |     3301      |
 1150    |     2837      |
 1151    |     4678      |
 1152    |     3749      |
 1153    |       71      |
 1154    |     3861      |
 1155    |     3177      |
 1156    |     5505      |
 1157    |     1704      |
 1158    |     6202      |
 1159    |     5874      |
 1160    |     2414      |
 1161    |     6177      |
 1162    |      673      |
 1163    |     4961      |
 1164    |      838      |
 1165    |     1236      |
 1166    |     4016      |
 1167    |     3743      |
 1168    |     6403      |
 1169    |     5475      |
 1170    |     4887      |
 1171    |     1306      |
 1172    |     2686      |
 1173    |     5703      |
 1174    |     6304      |
 1175    |     1319      |
 1176    |     2821      |
 1177    |     1671      |
 1178    |     2403      |
 1179    |      330      |
 1180    |     2089      |
 1181    |     5790      |
 1182    |     6304      |
 1183    |     1152      |
 1184    |     1396      |
 1185    |     5234      |
 1186    |      459      |
 1187    |     4342      |
 1188    |      705      |
 1189    |     6503      |
 1190    |     2891      |
 1191    |     4141      |
 1192    |     6080      |
 1193    |     4992      |
 1194    |     6241      |
 1195    |     5939      |
 1196    |     5848      |
 1197    |     3849      |
 1198    |     5601      |
 1199    |      593      |
 1200    |     6085      |
 1201    |     5648      |
 1202    |      963      |
 1203    |     3090      |
 1204    |     4913      |
 1205    |     3030      |
 1206    |     1452      |
 1207    |     2577      |
 1208    |      822      |
 1209    |     2504      |
 1210    |     1053      |
 1211    |     4684      |
 1212    |     6357      |
 1213    |       79      |
 1214    |     3336      |
 1215    |     2509      |
 1216    |     3592      |
 1217    |     6110      |
 1218    |     4150      |
 1219    |     6300      |
 1220    |     5467      |
 1221    |     4386      |
 1222    |     3424      |
 1223    |     1987      |
 1224    |     4431      |
 1225    |     6339      |
 1226    |     3413      |
 1227    |      535      |
 1228    |     3658      |
 1229    |     4345      |
 1230    |     6235      |
 1231    |      132      |
 1232    |     2415      |
 1233    |      902      |
 1234    |     3002      |
 1235    |     5183      |
 1236    |     6203      |
 1237    |     4198      |
 1238    |     4308      |
 1239    |     2671      |
 1240    |     4386      |
 1241    |     5766      |
 1242    |     5688      |
 1243    |     2622      |
 1244    |     5085      |
 1245    |     5969      |
 1246    |     6385      |
 1247    |     2351      |
 1248    |      761      |
 1249    |     4800      |
 1250    |     2559      |
 1251    |     1216      |
 1252    |     5822      |
 1253    |     4998      |
 1254    |     5504      |
 1255    |     3414      |
 1256    |     2304      |
 1257    |     2676      |
 1258    |     1853      |
 1259    |     4324      |
 1260    |     1961      |
 1261    |     1254      |
 1262    |     4277      |
 1263    |     3013      |
 1264    |     3976      |
 1265    |     3890      |
 1266    |     2590      |
 1267    |     5386      |
 1268    |       23      |
 1269    |     1767      |
 1270    |     2715      |
 1271    |     2695      |
 1272    |     6179      |
 1273    |     3556      |
 1274    |     5393      |
 1275    |     3356      |
 1276    |     3549      |
 1277    |     5601      |
 1278    |      603      |
 1279    |     2288      |
 1280    |     4693      |
 1281    |     3064      |
 1282    |     4104      |
 1283    |     6247      |
 1284    |     3664      |
 1285    |     1659      |
 1286    |     5441      |
 1287    |     4954      |
 1288    |     4261      |
 1289    |     1781      |
 1290    |     5112      |
 1291    |     5923      |
 1292    |       87      |
 1293    |     3114      |
 1294    |     4562      |
 1295    |     2703      |
 1296    |     1494      |
 1297    |     1500      |
 1298    |     4797      |
 1299    |     3011      |
 1300    |     5734      |
 1301    |     3699      |
 1302    |     4787      |
 1303    |     2513      |
 1304    |     4860      |
 1305    |     5741      |
 1306    |      287      |
 1307    |      707      |
 1308    |     5738      |
 1309    |     1021      |
 1310    |     3851      |
 1311    |     5501      |
 1312    |     1090      |
 1313    |     6131      |
 1314    |     3958      |
 1315    |      913      |
 1316    |     6538      |
 1317    |     1950      |
 1318    |     4422      |
 1319    |     3371      |
 1320    |      950      |
 1321    |     1717      |
 1322    |     4459      |
 1323    |     4149      |
 1324    |     1644      |
 1325    |     3504      |
 1326    |     2948      |
 1327    |     1806      |
 1328    |     1459      |
 1329    |     2195      |
 1330    |     1919      |
 1331    |     6514      |
 1332    |     2194      |
 1333    |      541      |
 1334    |     5774      |
 1335    |     5652      |
 1336    |     1111      |
 1337    |     3295      |
 1338    |     5943      |
 1339    |     3101      |
 1340    |     2805      |
 1341    |     1302      |
 1342    |     3678      |
 1343    |     4728      |
 1344    |     5071      |
 1345    |     5377      |
 1346    |       45      |
 1347    |     5650      |
 1348    |     6122      |
 1349    |     5225      |
 1350    |     6499      |
 1351    |     3259      |
 1352    |     1471      |
 1353    |     1047      |
 1354    |     6491      |
 1355    |     5194      |
 1356    |     1938      |
 1357    |      787      |
 1358    |     3243      |
 1359    |     3467      |
 1360    |     2705      |
 1361    |     1701      |
 1362    |     5500      |
 1363    |     5772      |
 1364    |     1674      |
 1365    |     4745      |
 1366    |      856      |
 1367    |     5455      |
 1368    |     4824      |
 1369    |      978      |
 1370    |     2602      |
 1371    |     3668      |
 1372    |     3964      |
 1373    |     5396      |
 1374    |     5928      |
 1375    |     5970      |
 1376    |     5180      |
 1377    |     6047      |
 1378    |     6098      |
 1379    |      437      |
 1380    |      359      |
 1381    |     4859      |
 1382    |     5125      |
 1383    |      841      |
 1384    |     3075      |
 1385    |     5010      |
 1386    |     5204      |
 1387    |     3994      |
 1388    |     1561      |
 1389    |     3109      |
 1390    |     6243      |
 1391    |     3675      |
 1392    |     1903      |
 1393    |     5714      |
 1394    |     1048      |
 1395    |      443      |
 1396    |     3451      |
 1397    |     3390      |
 1398    |      880      |
 1399    |     4153      |
 1400    |     3580      |
 1401    |     2629      |
 1402    |     1427      |
 1403    |      214      |
 1404    |      960      |
 1405    |     1872      |
 1406    |     6347      |
 1407    |     5585      |
 1408    |     3544      |
 1409    |     2050      |
 1410    |      159      |
 1411    |     2915      |
 1412    |     3935      |
 1413    |     2891      |
 1414    |     4623      |
 1415    |     3389      |
 1416    |     6519      |
 1417    |     1605      |
 1418    |      658      |
 1419    |     5818      |
 1420    |     2808      |
 1421    |     2500      |
 1422    |      860      |
 1423    |     1680      |
 1424    |     1762      |
 1425    |        4      |
 1426    |     6527      |
 1427    |     3504      |
 1428    |     6531      |
 1429    |     3889      |
 1430    |     1213      |
 1431    |     2627      |
 1432    |     1695      |
 1433    |      768      |
 1434    |      708      |
 1435    |     3257      |
 1436    |     4775      |
 1437    |     6124      |
 1438    |     3185      |
 1439    |     3867      |
 1440    |     6435      |
 1441    |     4182      |
 1442    |     3148      |
 1443    |      641      |
 1444    |     3822      |
 1445    |     6147      |
 1446    |     6511      |
 1447    |      426      |
 1448    |     2940      |
 1449    |       40      |
 1450    |      487      |
 1451    |     2399      |
 1452    |     1012      |
 1453    |     5268      |
 1454    |     1754      |
 1455    |     5707      |
 1456    |     2886      |
 1457    |     1151      |
 1458    |     5075      |
 1459    |     3499      |
 1460    |     6135      |
 1461    |     6118      |
 1462    |      398      |
 1463    |     6067      |
 1464    |     5057      |
 1465    |     1138      |
 1466    |     2886      |
 1467    |     4266      |
 1468    |     4219      |
 1469    |     1834      |
 1470    |     2431      |
 1471    |     2470      |
 1472    |     1005      |
 1473    |       45      |
 1474    |     5961      |
 1475    |     1504      |
 1476    |     2077      |
 1477    |     4397      |
 1478    |     4353      |
 1479    |      941      |
 1480    |     4386      |
 1481    |     5158      |
 1482    |      118      |
 1483    |      110      |
 1484    |     3559      |
 1485    |     5467      |
 1486    |      835      |
 1487    |     1666      |
 1488    |     5631      |
 1489    |     2496      |
 1490    |     2704      |
 1491    |     3371      |
 1492    |     2403      |
 1493    |     6531      |
 1494    |     5319      |
 1495    |     2573      |
 1496    |     1749      |
 1497    |      815      |
 1498    |     1698      |
 1499    |     4600      |
 1500    |     1130      |
 1501    |     5385      |
 1502    |     1355      |
 1503    |     5915      |
 1504    |     3101      |
 1505    |     3740      |
 1506    |     2698      |
 1507    |     1587      |
 1508    |     3927      |
 1509    |     3595      |
 1510    |      552      |
 1511    |     4047      |
 1512    |     4616      |
 1513    |     4075      |
 1514    |     2207      |
 1515    |     4213      |
 1516    |     3548      |
 1517    |     5822      |
 1518    |     4193      |
 1519    |     3243      |
 1520    |     1003      |
 1521    |     3101      |
 1522    |     3771      |
 1523    |     6177      |
 1524    |     4438      |
 1525    |     5670      |
 1526    |     2910      |
 1527    |     4340      |
 1528    |     4683      |
 1529    |     4194      |
 1530    |     3776      |
 1531    |      917      |
 1532    |      805      |
 1533    |      652      |
 1534    |     4302      |
 1535    |       56      |
 1536    |     3084      |
 1537    |     4856      |
 1538    |     4415      |
 1539    |     5017      |
 1540    |      970      |
 1541    |     1828      |
 1542    |       82      |
 1543    |     5323      |
 1544    |     2818      |
 1545    |     3107      |
 1546    |       20      |
 1547    |     1798      |
 1548    |     2452      |
 1549    |     2382      |
 1550    |     1764      |
 1551    |     6247      |
 1552    |     3947      |
 1553    |     4450      |
 1554    |     2209      |
 1555    |      924      |
 1556    |     4871      |
 1557    |      391      |
 1558    |     1010      |
 1559    |     5910      |
 1560    |      994      |
 1561    |     2991      |
 1562    |     5478      |
 1563    |     3585      |
 1564    |     3837      |
 1565    |     2509      |
 1566    |     1579      |
 1567    |     5441      |
 1568    |     4464      |
 1569    |     1994      |
 1570    |     6200      |
 1571    |     4843      |
 1572    |     3188      |
 1573    |     4593      |
 1574    |     5768      |
 1575    |     1895      |
 1576    |     3052      |
 1577    |     4968      |
 1578    |     6290      |
 1579    |     3067      |
 1580    |      776      |
 1581    |      806      |
 1582    |     1749      |
 1583    |     2938      |
 1584    |     3803      |
 1585    |     3287      |
 1586    |     3646      |
 1587    |     2579      |
 1588    |      777      |
 1589    |     1776      |
 1590    |     3491      |
 1591    |     4491      |
 1592    |     3786      |
 1593    |     1216      |
 1594    |     5851      |
 1595    |     2511      |
 1596    |     4050      |
 1597    |      761      |
 1598    |     1469      |
 1599    |     3224      |
 1600    |     6421      |
 1601    |     3115      |
 1602    |     6200      |
 1603    |     1176      |
 1604    |     4930      |
 1605    |     5865      |
 1606    |     4973      |
 1607    |     2044      |
 1608    |     5330      |
 1609    |       58      |
 1610    |     3698      |
 1611    |      241      |
 1612    |      294      |
 1613    |      980      |
 1614    |     2923      |
 1615    |     5201      |
 1616    |     4270      |
 1617    |        0      |
 1618    |     2427      |
 1619    |      758      |
 1620    |     2862      |
 1621    |      336      |
 1622    |     6530      |
 1623    |     5681      |
 1624    |     4196      |
 1625    |     4486      |
 1626    |     6004      |
 1627    |     5151      |
 1628    |     2703      |
 1629    |     2998      |
 1630    |     6219      |
 1631    |     6135      |
 1632    |      775      |
 1633    |     4171      |
 1634    |     5581      |
 1635    |     1710      |
 1636    |     5120      |
 1637    |     3948      |
 1638    |     1382      |
 1639    |     4353      |
 1640    |     4180      |
 1641    |     4476      |
 1642    |     4246      |
 1643    |     1587      |
 1644    |     2399      |
 1645    |     1248      |
 1646    |      497      |
 1647    |     1061      |
 1648    |     2123      |
 1649    |     4926      |
 1650    |     3426      |
 1651    |     3200      |
 1652    |      303      |
 1653    |     3139      |
 1654    |       44      |
 1655    |     3863      |
 1656    |      723      |
 1657    |     6283      |
 1658    |     3431      |
 1659    |      401      |
 1660    |     3312      |
 1661    |     4210      |
 1662    |     2110      |
 1663    |     3070      |
 1664    |     5576      |
 1665    |     5433      |
 1666    |     4952      |
 1667    |      465      |
 1668    |     2706      |
 1669    |     2222      |
 1670    |     5278      |
 1671    |     3662      |
 1672    |     4968      |
 1673    |     4754      |
 1674    |     4428      |
 1675    |     1411      |
 1676    |     2533      |
 1677    |      687      |
 1678    |     2580      |
 1679    |     4189      |
 1680    |     5029      |
 1681    |     5438      |
 1682    |     4180      |
 1683    |      597      |
 1684    |      507      |
 1685    |     6517      |
 1686    |      337      |
 1687    |     6298      |
 1688    |     6454      |
 1689    |     3095      |
 1690    |     3713      |
 1691    |     3457      |
 1692    |     1590      |
 1693    |     5588      |
 1694    |     6308      |
 1695    |      861      |
 1696    |     3755      |
 1697    |     4869      |
 1698    |     1750      |
 1699    |     1223      |
 1700    |     1616      |
 1701    |     5463      |
 1702    |     2670      |
 1703    |     6305      |
 1704    |     5343      |
 1705    |       67      |
 1706    |     3000      |
 1707    |     5611      |
 1708    |       33      |
 1709    |     3984      |
 1710    |     5470      |
 1711    |     5067      |
 1712    |     2595      |
 1713    |     5269      |
 1714    |     5760      |
 1715    |      693      |
 1716    |      223      |
 1717    |      321      |
 1718    |      151      |
 1719    |        1      |
 1720    |     2460      |
 1721    |     1771      |
 1722    |     2855      |
 1723    |     2494      |
 1724    |     4703      |
 1725    |     4082      |
 1726    |      131      |
 1727    |     1692      |
 1728    |     5617      |
 1729    |     4027      |
 1730    |     4762      |
 1731    |     1253      |
 1732    |      774      |
 1733    |     5076      |
 1734    |     5913      |
 1735    |     4512      |
 1736    |     4596      |
 1737    |     4820      |
 1738    |     3286      |
 1739    |     3409      |
 1740    |      553      |
 1741    |     5472      |
 1742    |       89      |
 1743    |     4194      |
 1744    |     2477      |
 1745    |     2945      |
 1746    |     5491      |
 1747    |     1628      |
 1748    |     1609      |
 1749    |     5727      |
 1750    |      358      |
 1751    |     2102      |
 1752    |     5959      |
 1753    |      132      |
 1754    |     1530      |
 1755    |      282      |
 1756    |     2878      |
 1757    |      401      |
 1758    |      372      |
 1759    |     4812      |
 1760    |     1158      |
 1761    |     4635      |
 1762    |      846      |
 1763    |     2218      |
 1764    |     1887      |
 1765    |     6174      |
 1766    |     4663      |
 1767    |     3678      |
 1768    |     2442      |
 1769    |     5898      |
 1770    |     1350      |
 1771    |     6191      |
 1772    |     4583      |
 1773    |     6471      |
 1774    |     3570      |
 1775    |     2663      |
 1776    |     5403      |
 1777    |      389      |
 1778    |     3571      |
 1779    |     4680      |
 1780    |     1286      |
 1781    |     5056      |
 1782    |     3694      |
 1783    |      135      |
 1784    |     3052      |
 1785    |     1484      |
 1786    |     3228      |
 1787    |     3196      |
 1788    |        4      |
 1789    |     4518      |
 1790    |     2736      |
 1791    |     5792      |
 1792    |     1399      |
 1793    |      183      |
 1794    |     1664      |
 1795    |     3116      |
 1796    |     5958      |
 1797    |     1625      |
 1798    |      231      |
 1799    |     3249      |
 1800    |     6137      |
 1801    |     4915      |
 1802    |     4832      |
 1803    |     5701      |
 1804    |     4269      |
 1805    |     1135      |
 1806    |     5776      |
 1807    |     1446      |
 1808    |       60      |
 1809    |     3528      |
 1810    |     5736      |
 1811    |      424      |
 1812    |     5019      |
 1813    |     6100      |
 1814    |     2067      |
 1815    |     2426      |
 1816    |     6081      |
 1817    |     2163      |
 1818    |      714      |
 1819    |     1456      |
 1820    |     2130      |
 1821    |      944      |
 1822    |      344      |
 1823    |     1748      |
 1824    |     3720      |
 1825    |     1235      |
 1826    |     3141      |
 1827    |     6242      |
 1828    |     2331      |
 1829    |     1116      |
 1830    |     3226      |
 1831    |      674      |
 1832    |     5067      |
 1833    |     3689      |
 1834    |       73      |
 1835    |     2733      |
 1836    |     4768      |
 1837    |     2097      |
 1838    |     1096      |
 1839    |     2206      |
 1840    |     2537      |
 1841    |     1836      |
 1842    |     3439      |
 1843    |     5437      |
 1844    |     2213      |
 1845    |     1304      |
 1846    |     5630      |
 1847    |     5220      |
 1848    |      586      |
 1849    |     4362      |
 1850    |     4263      |
 1851    |     3966      |
 1852    |     2318      |
 1853    |      666      |
 1854    |     2881      |
 1855    |      178      |
 1856    |     1507      |
 1857    |     5986      |
 1858    |     3247      |
 1859    |     1687      |
 1860    |     5582      |
 1861    |     3625      |
 1862    |      435      |
 1863    |     3228      |
 1864    |       25      |
 1865    |     3129      |
 1866    |     5535      |
 1867    |     4020      |
 1868    |     5537      |
 1869    |     4418      |
 1870    |      450      |
 1871    |     5926      |
 1872    |     2102      |
 1873    |     1604      |
 1874    |      508      |
 1875    |     5002      |
 1876    |     5171      |
 1877    |     2608      |
 1878    |     3347      |
 1879    |     5244      |
 1880    |     4712      |
 1881    |     1385      |
 1882    |     1393      |
 1883    |     4366      |
 1884    |     5128      |
 1885    |     4353      |
 1886    |      224      |
 1887    |     4421      |
 1888    |     3548      |
 1889    |     5442      |
 1890    |     3309      |
 1891    |     2223      |
 1892    |      325      |
 1893    |     2828      |
 1894    |     5792      |
 1895    |     3469      |
 1896    |       74      |
 1897    |     4804      |
 1898    |      261      |
 1899    |      430      |
 1900    |     2346      |
 1901    |     6329      |
 1902    |     5281      |
 1903    |     4991      |
 1904    |      291      |
 1905    |     4508      |
 1906    |     1476      |
 1907    |     2781      |
 1908    |     5387      |
 1909    |     1152      |
 1910    |      162      |
 1911    |     3973      |
 1912    |     5351      |
 1913    |     3958      |
 1914    |     5820      |
 1915    |     1114      |
 1916    |     4725      |
 1917    |     4675      |
 1918    |     4580      |
 1919    |     2831      |
 1920    |     2526      |
 1921    |      293      |
 1922    |     1218      |
 1923    |      219      |
 1924    |     5529      |
 1925    |     5527      |
 1926    |     1294      |
 1927    |     5011      |
 1928    |     2587      |
 1929    |     2415      |
 1930    |     6241      |
 1931    |     6050      |
 1932    |      127      |
 1933    |     6085      |
 1934    |     4676      |
 1935    |     3742      |
 1936    |     4336      |
 1937    |     2117      |
 1938    |     3030      |
 1939    |     3487      |
 1940    |     1941      |
 1941    |     4739      |
 1942    |     5785      |
 1943    |     3841      |
 1944    |     6058      |
 1945    |     2105      |
 1946    |     2144      |
 1947    |     6005      |
 1948    |      167      |
 1949    |     3105      |
 1950    |     4226      |
 1951    |     4455      |
 1952    |     2544      |
 1953    |      218      |
 1954    |     3834      |
 1955    |     5917      |
 1956    |     1531      |
 1957    |     5935      |
 1958    |     1540      |
 1959    |      888      |
 1960    |      596      |
 1961    |     2921      |
 1962    |      390      |
 1963    |     2456      |
 1964    |     1345      |
 1965    |     4257      |
 1966    |     2754      |
 1967    |     3697      |
 1968    |      256      |
 1969    |     5017      |
 1970    |     5865      |
 1971    |     4622      |
 1972    |     3333      |
 1973    |     1721      |
 1974    |      513      |
 1975    |     1012      |
 1976    |     1167      |
 1977    |      205      |
 1978    |     3988      |
 1979    |       42      |
 1980    |     2522      |
 1981    |     2695      |
 1982    |     2573      |
 1983    |     2584      |
 1984    |     2817      |
 1985    |     4746      |
 1986    |     3515      |
 1987    |     1011      |
 1988    |     5694      |
 1989    |     6326      |
 1990    |     2316      |
 1991    |      669      |
 1992    |     5440      |
 1993    |     6293      |
 1994    |        9      |
 1995    |     4713      |
 1996    |      532      |
 1997    |     5817      |
 1998    |      412      |
 1999    |     6550      |
 2000    |      221      |
 2001    |     2849      |
 2002    |     5134      |
 2003    |     1885      |
 2004    |     3878      |
 2005    |     2495      |
 2006    |     4098      |
 2007    |     1104      |
 2008    |     4986      |
 2009    |     5449      |
 2010    |     5949      |
 2011    |     5083      |
 2012    |     6404      |
 2013    |     2308      |
 2014    |     2121      |
 2015    |     4338      |
 2016    |     4769      |
 2017    |     2154      |
 2018    |     4936      |
 2019    |     3987      |
 2020    |     5420      |
 2021    |     1565      |
 2022    |      883      |
 2023    |     4847      |
 2024    |     5591      |
 2025    |      367      |
 2026    |      236      |
 2027    |      890      |
 2028    |     3167      |
 2029    |     4890      |
 2030    |     6463      |
 2031    |     1983      |
 2032    |      227      |
 2033    |     1176      |
 2034    |     1176      |
 2035    |     3908      |
 2036    |     6530      |
 2037    |     1314      |
 2038    |     1138      |
 2039    |      199      |
 2040    |     3145      |
 2041    |     6440      |
 2042    |     1883      |
 2043    |     2096      |
 2044    |     6445      |
 2045    |     5758      |
 2046    |     2139      |
 2047    |      249      |
 2048    |     6298      |
 2049    |      307      |
 2050    |     1568      |
 2051    |     4555      |
 2052    |     5689      |
 2053    |     6035      |
 2054    |     1405      |
 2055    |     2816      |
 2056    |     6211      |
 2057    |      381      |
 2058    |     3372      |
 2059    |     2451      |
 2060    |      398      |
 2061    |     5818      |
 2062    |      307      |
 2063    |      542      |
 2064    |     3771      |
 2065    |     2402      |
 2066    |     1313      |
 2067    |     3340      |
 2068    |      972      |
 2069    |     2989      |
 2070    |      227      |
 2071    |      799      |
 2072    |     4512      |
 2073    |     6181      |
 2074    |     3119      |
 2075    |     2878      |
 2076    |      654      |
 2077    |      389      |
 2078    |     4142      |
 2079    |     3449      |
 2080    |     4622      |
 2081    |     2123      |
 2082    |     5834      |
 2083    |       88      |
 2084    |     2859      |
 2085    |      613      |
 2086    |     1876      |
 2087    |     1067      |
 2088    |     2191      |
 2089    |      606      |
 2090    |     2913      |
 2091    |     5997      |
 2092    |      292      |
 2093    |     2129      |
 2094    |      784      |
 2095    |     4892      |
 2096    |     5895      |
 2097    |     1836      |
 2098    |     5850      |
 2099    |     4407      |
 2100    |     5420      |
 2101    |     5384      |
 2102    |     3869      |
 2103    |     3130      |
 2104    |      319      |
 2105    |      784      |
 2106    |     3277      |
 2107    |     1782      |
 2108    |       55      |
 2109    |     4041      |
 2110    |     5132      |
 2111    |     2418      |
 2112    |     1277      |
 2113    |     3421      |
 2114    |     1099      |
 2115    |     2603      |
 2116    |     5059      |
 2117    |     4504      |
 2118    |     6549      |
 2119    |     3108      |
 2120    |     5968      |
 2121    |     5561      |
 2122    |     4604      |
 2123    |     4582      |
 2124    |     5093      |
 2125    |     6399      |
 2126    |     2035      |
 2127    |     4612      |
 2128    |     4662      |
 2129    |     5545      |
 2130    |     4150      |
 2131    |     4403      |
 2132    |     2978      |
 2133    |       87      |
 2134    |     6206      |
 2135    |     5129      |
 2136    |     1692      |
 2137    |     5643      |
 2138    |      951      |
 2139    |     2196      |
 2140    |     3160      |
 2141    |     5145      |
 2142    |     6322      |
 2143    |     4103      |
 2144    |     4567      |
 2145    |     4287      |
 2146    |      121      |
 2147    |     6060      |
 2148    |     3078      |
 2149    |     1938      |
 2150    |     1978      |
 2151    |     5242      |
 2152    |     4793      |
 2153    |     3867      |
 2154    |     6105      |
 2155    |     4290      |
 2156    |     5769      |
 2157    |     2742      |
 2158    |      991      |
 2159    |      443      |
 2160    |     3174      |
 2161    |     4647      |
 2162    |      555      |
 2163    |     5955      |
 2164    |     4293      |
 2165    |     4887      |
 2166    |     1924      |
 2167    |       29      |
 2168    |     4527      |
 2169    |     3770      |
 2170    |     5508      |
 2171    |     5541      |
 2172    |       49      |
 2173    |     3911      |
 2174    |     1266      |
 2175    |     4461      |
 2176    |     2527      |
 2177    |     6113      |
 2178    |     3181      |
 2179    |     5667      |
 2180    |     4228      |
 2181    |     3382      |
 2182    |     4160      |
 2183    |     1729      |
 2184    |      945      |
 2185    |       30      |
 2186    |     4995      |
 2187    |     5194      |
 2188    |      383      |
 2189    |     3621      |
 2190    |      687      |
 2191    |     4244      |
 2192    |     2891      |
 2193    |      127      |
 2194    |     1566      |
 2195    |     4678      |
 2196    |     4623      |
 2197    |     5854      |
 2198    |     2943      |
 2199    |     5080      |
 2200    |     6273      |
 2201    |     5699      |
 2202    |     2148      |
 2203    |     2693      |
 2204    |     2091      |
 2205    |     1288      |
 2206    |     5229      |
 2207    |     2603      |
 2208    |     2747      |
 2209    |     3522      |
 2210    |     3660      |
 2211    |     2346      |
 2212    |       67      |
 2213    |     6431      |
 2214    |     2901      |
 2215    |       89      |
 2216    |     4301      |
 2217    |     4953      |
 2218    |     1983      |
 2219    |     5866      |
 2220    |     4636      |
 2221    |     1251      |
 2222    |     1875      |
 2223    |     3941      |
 2224    |     1479      |
 2225    |     2740      |
 2226    |     5077      |
 2227    |     6202      |
 2228    |     6481      |
 2229    |     2672      |
 2230    |      565      |
 2231    |     2976      |
 2232    |     6523      |
 2233    |     3000      |
 2234    |     2206      |
 2235    |     4397      |
 2236    |     2509      |
 2237    |      307      |
 2238    |     2882      |
 2239    |     5574      |
 2240    |     3125      |
 2241    |     2246      |
 2242    |     3382      |
 2243    |     1229      |
 2244    |       48      |
 2245    |     5633      |
 2246    |     1555      |
 2247    |     3914      |
 2248    |     1486      |
 2249    |     6026      |
 2250    |     1928      |
 2251    |     2300      |
 2252    |     2467      |
 2253    |     1895      |
 2254    |      522      |
 2255    |     3377      |
 2256    |     1450      |
 2257    |     3090      |
 2258    |     4236      |
 2259    |     1995      |
 2260    |        9      |
 2261    |     6078      |
 2262    |     4087      |
 2263    |     2910      |
 2264    |      829      |
 2265    |     4190      |
 2266    |     2153      |
 2267    |     6075      |
 2268    |     6049      |
 2269    |     1720      |
 2270    |     2643      |
 2271    |     4722      |
 2272    |     3988      |
 2273    |     3217      |
 2274    |     3890      |
 2275    |      443      |
 2276    |     2806      |
 2277    |     2655      |
 2278    |     6521      |
 2279    |     5657      |
 2280    |     5516      |
 2281    |     2345      |
 2282    |     2113      |
 2283    |     5234      |
 2284    |     1469      |
 2285    |     4085      |
 2286    |      177      |
 2287    |     4252      |
 2288    |       54      |
 2289    |     4248      |
 2290    |     1909      |
 2291    |     5305      |
 2292    |     3211      |
 2293    |     3279      |
 2294    |     2382      |
 2295    |     3175      |
 2296    |     1035      |
 2297    |     4729      |
 2298    |      607      |
 2299    |     5564      |
 2300    |     4821      |
 2301    |     5630      |
 2302    |     3598      |
 2303    |     2500      |
 2304    |     4739      |
 2305    |     2464      |
 2306    |      511      |
 2307    |     4403      |
 2308    |     1139      |
 2309    |     4364      |
 2310    |     4625      |
 2311    |     4029      |
 2312    |      213      |
 2313    |       51      |
 2314    |     1234      |
 2315    |      114      |
 2316    |      443      |
 2317    |     5503      |
 2318    |     4383      |
 2319    |      546      |
 2320    |     3511      |
 2321    |     1386      |
 2322    |     1889      |
 2323    |     1688      |
 2324    |     6101      |
 2325    |     2299      |
 2326    |      660      |
 2327    |     4600      |
 2328    |     3979      |
 2329    |     4680      |
 2330    |     4302      |
 2331    |     4696      |
 2332    |     5447      |
 2333    |     3144      |
 2334    |     3997      |
 2335    |      381      |
 2336    |     5781      |
 2337    |      766      |
 2338    |     1958      |
 2339    |     5007      |
 2340    |     6502      |
 2341    |     5429      |
 2342    |     4437      |
 2343    |     6500      |
 2344    |     3042      |
 2345    |     3832      |
 2346    |     1068      |
 2347    |     2402      |
 2348    |     2144      |
 2349    |     5903      |
 2350    |     5823      |
 2351    |     4917      |
 2352    |     3702      |
 2353    |     5959      |
 2354    |     5036      |
 2355    |     6534      |
 2356    |     6174      |
 2357    |     4207      |
 2358    |     1659      |
 2359    |     6537      |
 2360    |      603      |
 2361    |     1670      |
 2362    |     2682      |
 2363    |     2170      |
 2364    |     3817      |
 2365    |     5289      |
 2366    |     4825      |
 2367    |     2440      |
 2368    |     4292      |
 2369    |     3811      |
 2370    |     2480      |
 2371    |     1604      |
 2372    |     4580      |
 2373    |     5600      |
 2374    |     4642      |
 2375    |     6312      |
 2376    |     2049      |
 2377    |     1781      |
 2378    |     3869      |
 2379    |      432      |
 2380    |     5792      |
 2381    |      654      |
 2382    |     2991      |
 2383    |     2434      |
 2384    |     2945      |
 2385    |     2813      |
 2386    |     1339      |
 2387    |      519      |
 2388    |      890      |
 2389    |      722      |
 2390    |     4686      |
 2391    |      271      |
 2392    |     2922      |
 2393    |     3497      |
 2394    |     4431      |
 2395    |     2533      |
 2396    |        8      |
 2397    |     2041      |
 2398    |     4359      |
 2399    |     2666      |
 2400    |     6459      |
 2401    |      795      |
 2402    |     1925      |
 2403    |     1719      |
 2404    |     5690      |
 2405    |     5533      |
 2406    |      261      |
 2407    |     2152      |
 2408    |     3670      |
 2409    |     2881      |
 2410    |     1721      |
 2411    |     1616      |
 2412    |      505      |
 2413    |     5185      |
 2414    |     5252      |
 2415    |     4791      |
 2416    |     3804      |
 2417    |     2951      |
 2418    |     5391      |
 2419    |     4573      |
 2420    |     3665      |
 2421    |     1928      |
 2422    |      623      |
 2423    |     5718      |
 2424    |     3945      |
 2425    |     4313      |
 2426    |     5878      |
 2427    |     2224      |
 2428    |     5019      |
 2429    |     5697      |
 2430    |     3311      |
 2431    |     6053      |
 2432    |     2093      |
 2433    |     2667      |
 2434    |      270      |
 2435    |     2400      |
 2436    |     5739      |
 2437    |     2099      |
 2438    |     1320      |
 2439    |     4120      |
 2440    |      433      |
 2441    |     2322      |
 2442    |     3100      |
 2443    |     1909      |
 2444    |     2511      |
 2445    |     5067      |
 2446    |     1314      |
 2447    |     4506      |
 2448    |     1613      |
 2449    |     6416      |
 2450    |     1615      |
 2451    |      531      |
 2452    |     5578      |
 2453    |     4664      |
 2454    |      264      |
 2455    |      464      |
 2456    |     5531      |
 2457    |     5501      |
 2458    |      783      |
 2459    |     2754      |
 2460    |     3961      |
 2461    |     4538      |
 2462    |     6085      |
 2463    |     3373      |
 2464    |     5269      |
 2465    |      478      |
 2466    |      177      |
 2467    |     4388      |
 2468    |      572      |
 2469    |     3532      |
 2470    |     2971      |
 2471    |     1289      |
 2472    |      588      |
 2473    |     2748      |
 2474    |     5470      |
 2475    |     3589      |
 2476    |     3731      |
 2477    |     4942      |
 2478    |     4839      |
 2479    |     1174      |
 2480    |     4703      |
 2481    |      910      |
 2482    |      589      |
 2483    |     1067      |
 2484    |     1638      |
 2485    |      401      |
 2486    |     4672      |
 2487    |     3002      |
 2488    |      846      |
 2489    |     4388      |
 2490    |      664      |
 2491    |      648      |
 2492    |     5945      |
 2493    |     4542      |
 2494    |     5126      |
 2495    |      181      |
 2496    |     1682      |
 2497    |     2972      |
 2498    |     5820      |
 2499    |     6071      |
 2500    |     1416      |
 2501    |     2418      |
 2502    |     2074      |
 2503    |     5015      |
 2504    |     5467      |
 2505    |     1718      |
 2506    |      167      |
 2507    |     5325      |
 2508    |     6361      |
 2509    |     3445      |
 2510    |     5199      |
 2511    |     3585      |
 2512    |     1265      |
 2513    |     2800      |
 2514    |     1137      |
 2515    |     5810      |
 2516    |     1008      |
 2517    |     4024      |
 2518    |      790      |
 2519    |      483      |
 2520    |     5572      |
 2521    |     1859      |
 2522    |      246      |
 2523    |     5321      |
 2524    |     4589      |
 2525    |     4107      |
 2526    |     3769      |
 2527    |     4378      |
 2528    |     6387      |
 2529    |     5177      |
 2530    |     1329      |
 2531    |     2175      |
 2532    |     6114      |
 2533    |       33      |
 2534    |     2914      |
 2535    |     3866      |
 2536    |     1607      |
 2537    |     3029      |
 2538    |     1480      |
 2539    |     4588      |
 2540    |      977      |
 2541    |     4877      |
 2542    |     2386      |
 2543    |      462      |
 2544    |      214      |
 2545    |      237      |
 2546    |     1632      |
 2547    |     2305      |
 2548    |     3925      |
 2549    |     3890      |
 2550    |      381      |
 2551    |     1503      |
 2552    |     3249      |
 2553    |     1997      |
 2554    |     3383      |
 2555    |     3426      |
 2556    |     4301      |
 2557    |     6530      |
 2558    |     1872      |
 2559    |      245      |
 2560    |     5929      |
 2561    |     3583      |
 2562    |     3357      |
 2563    |     2221      |
 2564    |     1457      |
 2565    |      296      |
 2566    |     5368      |
 2567    |     3133      |
 2568    |     2068      |
 2569    |      225      |
 2570    |     5500      |
 2571    |     4991      |
 2572    |     5636      |
 2573    |     5192      |
 2574    |      952      |
 2575    |     4087      |
 2576    |     6487      |
 2577    |     6202      |
 2578    |     3410      |
 2579    |     3449      |
 2580    |     2057      |
 2581    |     3422      |
 2582    |     4195      |
 2583    |     3815      |
 2584    |     4373      |
 2585    |     1924      |
 2586    |     5142      |
 2587    |     3832      |
 2588    |     4355      |
 2589    |     5562      |
 2590    |      195      |
 2591    |     3119      |
 2592    |     5664      |
 2593    |      892      |
 2594    |     3446      |
 2595    |     3555      |
 2596    |     1538      |
 2597    |     5749      |
 2598    |      880      |
 2599    |     2069      |
 2600    |     3074      |
 2601    |     5815      |
 2602    |     3586      |
 2603    |     1170      |
 2604    |     6252      |
 2605    |     1026      |
 2606    |     1918      |
 2607    |     1878      |
 2608    |     3309      |
 2609    |     6313      |
 2610    |      610      |
 2611    |     3720      |
 2612    |     1468      |
 2613    |     5796      |
 2614    |      132      |
 2615    |     3300      |
 2616    |     3808      |
 2617    |     3355      |
 2618    |     4984      |
 2619    |     4360      |
 2620    |     1522      |
 2621    |      250      |
 2622    |     5009      |
 2623    |     1331      |
 2624    |     5645      |
 2625    |     1651      |
 2626    |     3398      |
 2627    |     5146      |
 2628    |       35      |
 2629    |     3379      |
 2630    |       69      |
 2631    |     6167      |
 2632    |     5881      |
 2633    |     2150      |
 2634    |     4710      |
 2635    |     1797      |
 2636    |     5530      |
 2637    |     6543      |
 2638    |     1237      |
 2639    |     2949      |
 2640    |     6304      |
 2641    |       46      |
 2642    |     1727      |
 2643    |      474      |
 2644    |      761      |
 2645    |     4796      |
 2646    |      311      |
 2647    |     5064      |
 2648    |     4824      |
 2649    |     2263      |
 2650    |     5212      |
 2651    |     4462      |
 2652    |     2380      |
 2653    |      333      |
 2654    |     3308      |
 2655    |     5482      |
 2656    |     4726      |
 2657    |     1646      |
 2658    |     4646      |
 2659    |     2438      |
 2660    |     4985      |
 2661    |     1017      |
 2662    |     3355      |
 2663    |     2687      |
 2664    |     6499      |
 2665    |     5554      |
 2666    |      912      |
 2667    |     2617      |
 2668    |        6      |
 2669    |     1808      |
 2670    |     6017      |
 2671    |     2561      |
 2672    |     2212      |
 2673    |     3091      |
 2674    |     5990      |
 2675    |     5013      |
 2676    |       39      |
 2677    |     3417      |
 2678    |     1975      |
 2679    |     6549      |
 2680    |     3896      |
 2681    |     3714      |
 2682    |     5423      |
 2683    |      303      |
 2684    |      291      |
 2685    |      457      |
 2686    |     6507      |
 2687    |      289      |
 2688    |     5420      |
 2689    |     1404      |
 2690    |     1912      |
 2691    |     3950      |
 2692    |     3182      |
 2693    |     4065      |
 2694    |     3501      |
 2695    |     1304      |
 2696    |     1561      |
 2697    |     3314      |
 2698    |     4670      |
 2699    |       79      |
 2700    |     6339      |
 2701    |     1181      |
 2702    |     4647      |
 2703    |     2106      |
 2704    |     1376      |
 2705    |     2878      |
 2706    |     6020      |
 2707    |     6047      |
 2708    |     5541      |
 2709    |     3465      |
 2710    |     5380      |
 2711    |     3742      |
 2712    |     3491      |
 2713    |     5814      |
 2714    |     2610      |
 2715    |       74      |
 2716    |     4122      |
 2717    |     2102      |
 2718    |      458      |
 2719    |      408      |
 2720    |     1774      |
 2721    |      389      |
 2722    |     1952      |
 2723    |      849      |
 2724    |     3268      |
 2725    |     4418      |
 2726    |      895      |
 2727    |     5899      |
 2728    |     2488      |
 2729    |     2457      |
 2730    |     3086      |
 2731    |      398      |
 2732    |      177      |
 2733    |     5901      |
 2734    |     5425      |
 2735    |     5547      |
 2736    |     1953      |
 2737    |     5876      |
 2738    |     5687      |
 2739    |     2546      |
 2740    |     4550      |
 2741    |      471      |
 2742    |     5654      |
 2743    |     4257      |
 2744    |     2576      |
 2745    |     5949      |
 2746    |     1951      |
 2747    |     4452      |
 2748    |      808      |
 2749    |     5550      |
 2750    |     6344      |
 2751    |     1465      |
 2752    |     2395      |
 2753    |     4180      |
 2754    |     6528      |
 2755    |     4610      |
 2756    |     2972      |
 2757    |     3665      |
 2758    |     5174      |
 2759    |     5294      |
 2760    |     1468      |
 2761    |     2986      |
 2762    |      452      |
 2763    |     5090      |
 2764    |       14      |
 2765    |      458      |
 2766    |     4956      |
 2767    |     5566      |
 2768    |     2121      |
 2769    |      451      |
 2770    |     3267      |
 2771    |     4622      |
 2772    |     2096      |
 2773    |     3752      |
 2774    |     1035      |
 2775    |     1775      |
 2776    |     6474      |
 2777    |     4174      |
 2778    |     5481      |
 2779    |     1106      |
 2780    |     4051      |
 2781    |     3995      |
 2782    |     4969      |
 2783    |     1378      |
 2784    |       67      |
 2785    |     1202      |
 2786    |     1921      |
 2787    |     6555      |
 2788    |     4876      |
 2789    |     2984      |
 2790    |     1860      |
 2791    |     6473      |
 2792    |     4413      |
 2793    |     1119      |
 2794    |     4406      |
 2795    |     5188      |
 2796    |     1436      |
 2797    |     2919      |
 2798    |     1896      |
 2799    |     2806      |
 2800    |       70      |
 2801    |     5270      |
 2802    |      577      |
 2803    |     2518      |
 2804    |     4519      |
 2805    |     4512      |
 2806    |      187      |
 2807    |     3096      |
 2808    |     5467      |
 2809    |     1580      |
 2810    |     2976      |
 2811    |     5049      |
 2812    |     5410      |
 2813    |     1077      |
 2814    |     4947      |
 2815    |     4287      |
 2816    |     5317      |
 2817    |     3726      |
 2818    |     3908      |
 2819    |     4468      |
 2820    |     1878      |
 2821    |     3180      |
 2822    |     4412      |
 2823    |     5164      |
 2824    |      246      |
 2825    |     1318      |
 2826    |     3143      |
 2827    |     5860      |
 2828    |     3937      |
 2829    |     4776      |
 2830    |     5975      |
 2831    |      148      |
 2832    |     5482      |
 2833    |     4270      |
 2834    |     2687      |
 2835    |     3246      |
 2836    |     2180      |
 2837    |     2616      |
 2838    |      312      |
 2839    |      337      |
 2840    |     3966      |
 2841    |     5498      |
 2842    |     1863      |
 2843    |     4515      |
 2844    |     2576      |
 2845    |     1220      |
 2846    |     2927      |
 2847    |      676      |
 2848    |     2915      |
 2849    |     2053      |
 2850    |     5620      |
 2851    |     6047      |
 2852    |     5887      |
 2853    |     3963      |
 2854    |     2321      |
 2855    |     4077      |
 2856    |     1713      |
 2857    |     6070      |
 2858    |     4773      |
 2859    |     1085      |
 2860    |     4830      |
 2861    |     3803      |
 2862    |     5791      |
 2863    |     3445      |
 2864    |     4768      |
 2865    |     4156      |
 2866    |     4896      |
 2867    |     4206      |
 2868    |     6019      |
 2869    |     4145      |
 2870    |     6478      |
 2871    |     5267      |
 2872    |     1333      |
 2873    |     4566      |
 2874    |     2699      |
 2875    |     2359      |
 2876    |     1283      |
 2877    |     6112      |
 2878    |     1536      |
 2879    |     5443      |
 2880    |     5721      |
 2881    |     3497      |
 2882    |     1599      |
 2883    |     1556      |
 2884    |     3009      |
 2885    |     3985      |
 2886    |     6443      |
 2887    |     1691      |
 2888    |     3223      |
 2889    |     1551      |
 2890    |      871      |
 2891    |     4370      |
 2892    |     2712      |
 2893    |     4791      |
 2894    |     5329      |
 2895    |      401      |
 2896    |     4655      |
 2897    |     3935      |
 2898    |     2492      |
 2899    |     4622      |
 2900    |     1321      |
 2901    |     5375      |
 2902    |     4516      |
 2903    |     2223      |
 2904    |     3872      |
 2905    |     1573      |
 2906    |     3638      |
 2907    |     5448      |
 2908    |     6049      |
 2909    |     6057      |
 2910    |     4304      |
 2911    |     3214      |
 2912    |      218      |
 2913    |     4145      |
 2914    |     6272      |
 2915    |     4348      |
 2916    |     4225      |
 2917    |     1524      |
 2918    |     6335      |
 2919    |     5884      |
 2920    |     5502      |
 2921    |     1604      |
 2922    |     4835      |
 2923    |     5230      |
 2924    |     4351      |
 2925    |     4307      |
 2926    |     5759      |
 2927    |     4468      |
 2928    |     5100      |
 2929    |      810      |
 2930    |     3334      |
 2931    |     4302      |
 2932    |      645      |
 2933    |      778      |
 2934    |       27      |
 2935    |     2872      |
 2936    |     4274      |
 2937    |      897      |
 2938    |     3904      |
 2939    |     6501      |
 2940    |      465      |
 2941    |     3052      |
 2942    |     4953      |
 2943    |     5611      |
 2944    |     2052      |
 2945    |     3450      |
 2946    |     1351      |
 2947    |      112      |
 2948    |     1405      |
 2949    |     5699      |
 2950    |     4160      |
 2951    |     1705      |
 2952    |     5904      |
 2953    |     3474      |
 2954    |     1071      |
 2955    |     5216      |
 2956    |     1717      |
 2957    |      438      |
 2958    |      542      |
 2959    |     6532      |
 2960    |     1777      |
 2961    |      597      |
 2962    |     6155      |
 2963    |     2450      |
 2964    |     1024      |
 2965    |     6506      |
 2966    |     3646      |
 2967    |     2156      |
 2968    |     6217      |
 2969    |     5428      |
 2970    |     6458      |
 2971    |     3494      |
 2972    |     4734      |
 2973    |     5527      |
 2974    |     4927      |
 2975    |     5987      |
 2976    |        7      |
 2977    |     6060      |
 2978    |     3436      |
 2979    |      291      |
 2980    |     4139      |
 2981    |     5919      |
 2982    |     4447      |
 2983    |     4743      |
 2984    |     6519      |
 2985    |     1587      |
 2986    |     3535      |
 2987    |     4021      |
 2988    |        8      |
 2989    |     1490      |
 2990    |     5688      |
 2991    |      239      |
 2992    |     3702      |
 2993    |     5144      |
 2994    |     6326      |
 2995    |     6077      |
 2996    |     4923      |
 2997    |     4887      |
 2998    |     4106      |
 2999    |     5347      |
 3000    |     5998      |
 3001    |     1058      |
 3002    |     6342      |
 3003    |     5586      |
 3004    |     2091      |
 3005    |     5300      |
 3006    |     5349      |
 3007    |     1798      |
 3008    |     3738      |
 3009    |     3752      |
 3010    |     4177      |
 3011    |      944      |
 3012    |     4233      |
 3013    |     3787      |
 3014    |     1096      |
 3015    |     5569      |
 3016    |     3907      |
 3017    |     3898      |
 3018    |     4932      |
 3019    |     6544      |
 3020    |     2565      |
 3021    |      550      |
 3022    |     5611      |
 3023    |      426      |
 3024    |     2244      |
 3025    |     1301      |
 3026    |     3904      |
 3027    |     1413      |
 3028    |     5529      |
 3029    |     2532      |
 3030    |     2684      |
 3031    |      584      |
 3032    |     1110      |
 3033    |     1208      |
 3034    |     3457      |
 3035    |     4055      |
 3036    |     2230      |
 3037    |     6093      |
 3038    |      964      |
 3039    |     2039      |
 3040    |      782      |
 3041    |      501      |
 3042    |     2067      |
 3043    |     3424      |
 3044    |      996      |
 3045    |      542      |
 3046    |     4124      |
 3047    |     3929      |
 3048    |     2572      |
 3049    |      703      |
 3050    |     1448      |
 3051    |     4166      |
 3052    |     5444      |
 3053    |     2271      |
 3054    |     4315      |
 3055    |     3430      |
 3056    |     3406      |
 3057    |      462      |
 3058    |     2773      |
 3059    |     1056      |
 3060    |     2500      |
 3061    |     4238      |
 3062    |     4012      |
 3063    |     3363      |
 3064    |      183      |
 3065    |     1201      |
 3066    |     1301      |
 3067    |     3570      |
 3068    |     6460      |
 3069    |     1679      |
 3070    |     4917      |
 3071    |     3043      |
 3072    |     4463      |
 3073    |     4760      |
 3074    |     2763      |
 3075    |      833      |
 3076    |     1943      |
 3077    |     4696      |
 3078    |     3171      |
 3079    |     2114      |
 3080    |      205      |
 3081    |     4451      |
 3082    |      405      |
 3083    |     6346      |
 3084    |     3253      |
 3085    |     2551      |
 3086    |     6168      |
 3087    |     2180      |
 3088    |     4881      |
 3089    |     1477      |
 3090    |      893      |
 3091    |     2833      |
 3092    |     3083      |
 3093    |     4514      |
 3094    |     2477      |
 3095    |     5121      |
 3096    |     3898      |
 3097    |     3774      |
 3098    |     3745      |
 3099    |     6230      |
 3100    |     4609      |
 3101    |     1293      |
 3102    |     5269      |
 3103    |      469      |
 3104    |     5501      |
 3105    |     3535      |
 3106    |      967      |
 3107    |     2522      |
 3108    |     4813      |
 3109    |     3482      |
 3110    |     2633      |
 3111    |     1279      |
 3112    |     5289      |
 3113    |     4373      |
 3114    |      928      |
 3115    |     1583      |
 3116    |     2350      |
 3117    |     1580      |
 3118    |     4705      |
 3119    |     2944      |
 3120    |     1293      |
 3121    |     5977      |
 3122    |     3387      |
 3123    |     4009      |
 3124    |      470      |
 3125    |      829      |
 3126    |     6306      |
 3127    |     1432      |
 3128    |     1921      |
 3129    |      173      |
 3130    |     3999      |
 3131    |     5318      |
 3132    |     1317      |
 3133    |      145      |
 3134    |     3943      |
 3135    |     5289      |
 3136    |     5637      |
 3137    |     4618      |
 3138    |     2395      |
 3139    |     5608      |
 3140    |     3494      |
 3141    |     3812      |
 3142    |     1554      |
 3143    |     3499      |
 3144    |     4066      |
 3145    |     3553      |
 3146    |     2425      |
 3147    |      651      |
 3148    |     4873      |
 3149    |      262      |
 3150    |     1283      |
 3151    |     3909      |
 3152    |     3417      |
 3153    |     5084      |
 3154    |     6009      |
 3155    |     3298      |
 3156    |      261      |
 3157    |     4327      |
 3158    |     4837      |
 3159    |     3124      |
 3160    |     6104      |
 3161    |     1340      |
 3162    |     6259      |
 3163    |     6130      |
 3164    |     1866      |
 3165    |     3847      |
 3166    |      204      |
 3167    |      898      |
 3168    |      725      |
 3169    |     4705      |
 3170    |     4333      |
 3171    |     3653      |
 3172    |     2148      |
 3173    |     4430      |
 3174    |     5757      |
 3175    |     5529      |
 3176    |       35      |
 3177    |     3724      |
 3178    |     4035      |
 3179    |     2771      |
 3180    |     6034      |
 3181    |     1037      |
 3182    |     3520      |
 3183    |     4800      |
 3184    |     2968      |
 3185    |     2218      |
 3186    |     6333      |
 3187    |     2088      |
 3188    |     2205      |
 3189    |      727      |
 3190    |     5344      |
 3191    |     5801      |
 3192    |     1931      |
 3193    |     5710      |
 3194    |     5340      |
 3195    |     5308      |
 3196    |     5945      |
 3197    |     3859      |
 3198    |     4452      |
 3199    |      505      |
 3200    |     4044      |
 3201    |     1420      |
 3202    |     1487      |
 3203    |     5257      |
 3204    |     6512      |
 3205    |     1873      |
 3206    |     1018      |
 3207    |     1610      |
 3208    |     3736      |
 3209    |     2158      |
 3210    |     1152      |
 3211    |     5777      |
 3212    |      252      |
 3213    |     2903      |
 3214    |     4926      |
 3215    |     2709      |
 3216    |     1570      |
 3217    |     1537      |
 3218    |     3522      |
 3219    |     3840      |
 3220    |     4279      |
 3221    |     5817      |
 3222    |     4513      |
 3223    |     1012      |
 3224    |     3453      |
 3225    |     2962      |
 3226    |      229      |
 3227    |      513      |
 3228    |     3585      |
 3229    |     6225      |
 3230    |     5487      |
 3231    |     5818      |
 3232    |     3924      |
 3233    |     1076      |
 3234    |     2239      |
 3235    |     6184      |
 3236    |     6168      |
 3237    |     3811      |
 3238    |     2806      |
 3239    |     5409      |
 3240    |     3244      |
 3241    |     2704      |
 3242    |     6121      |
 3243    |      747      |
 3244    |     1350      |
 3245    |     4915      |
 3246    |     1602      |
 3247    |     4170      |
 3248    |     5157      |
 3249    |     4491      |
 3250    |     4342      |
 3251    |     3344      |
 3252    |     3717      |
 3253    |     5480      |
 3254    |     2733      |
 3255    |     6348      |
 3256    |     4256      |
 3257    |      128      |
 3258    |     4406      |
 3259    |     1646      |
 3260    |     1371      |
 3261    |     5430      |
 3262    |     1380      |
 3263    |     2937      |
 3264    |     3931      |
 3265    |     6491      |
 3266    |      943      |
 3267    |     2030      |
 3268    |     4098      |
 3269    |      943      |
 3270    |     2612      |
 3271    |     1717      |
 3272    |     4894      |
 3273    |     4411      |
 3274    |     1285      |
 3275    |      322      |
 3276    |     1110      |
 3277    |     2156      |
 3278    |     4526      |
 3279    |     1151      |
 3280    |     2189      |
 3281    |     5761      |
 3282    |     4771      |
 3283    |     3503      |
 3284    |      209      |
 3285    |     5076      |
 3286    |     3414      |
 3287    |     5854      |
 3288    |      489      |
 3289    |     1894      |
 3290    |     3442      |
 3291    |     3941      |
 3292    |     2027      |
 3293    |     1273      |
 3294    |     2999      |
 3295    |     3363      |
 3296    |     2427      |
 3297    |     5148      |
 3298    |       88      |
 3299    |     4253      |
 3300    |     5554      |
 3301    |     1153      |
 3302    |     2350      |
 3303    |       23      |
 3304    |     6482      |
 3305    |     1064      |
 3306    |     2430      |
 3307    |     1732      |
 3308    |     2818      |
 3309    |     4417      |
 3310    |     2615      |
 3311    |     1820      |
 3312    |     1920      |
 3313    |     6065      |
 3314    |     2182      |
 3315    |     1594      |
 3316    |      232      |
 3317    |     4668      |
 3318    |      592      |
 3319    |     5577      |
 3320    |      946      |
 3321    |      211      |
 3322    |     1702      |
 3323    |     1635      |
 3324    |     3484      |
 3325    |     1070      |
 3326    |     6428      |
 3327    |     3767      |
 3328    |     6394      |
 3329    |     6523      |
 3330    |      635      |
 3331    |     5727      |
 3332    |     1289      |
 3333    |     6336      |
 3334    |     2191      |
 3335    |     3188      |
 3336    |     5834      |
 3337    |     2855      |
 3338    |     4777      |
 3339    |     6026      |
 3340    |      642      |
 3341    |     4027      |
 3342    |     5463      |
 3343    |     4169      |
 3344    |     5209      |
 3345    |     1542      |
 3346    |     3053      |
 3347    |      977      |
 3348    |     2895      |
 3349    |     5927      |
 3350    |     6315      |
 3351    |     2061      |
 3352    |     1412      |
 3353    |      183      |
 3354    |     1790      |
 3355    |     3786      |
 3356    |     3498      |
 3357    |     2464      |
 3358    |      110      |
 3359    |     5426      |
 3360    |     3946      |
 3361    |      614      |
 3362    |     2101      |
 3363    |     2288      |
 3364    |     5088      |
 3365    |     1821      |
 3366    |     1154      |
 3367    |     6023      |
 3368    |     6507      |
 3369    |     6164      |
 3370    |     1695      |
 3371    |     1288      |
 3372    |      315      |
 3373    |     4521      |
 3374    |     2567      |
 3375    |     2672      |
 3376    |     5409      |
 3377    |     4543      |
 3378    |      479      |
 3379    |     5045      |
 3380    |     3545      |
 3381    |     1919      |
 3382    |     3317      |
 3383    |     5889      |
 3384    |     2747      |
 3385    |     3227      |
 3386    |      405      |
 3387    |     1308      |
 3388    |      395      |
 3389    |     3541      |
 3390    |     6382      |
 3391    |      400      |
 3392    |     1380      |
 3393    |     1008      |
 3394    |     3725      |
 3395    |     1155      |
 3396    |     3762      |
 3397    |     3773      |
 3398    |     1729      |
 3399    |     4813      |
 3400    |      172      |
 3401    |     2252      |
 3402    |     4042      |
 3403    |     6136      |
 3404    |     4346      |
 3405    |       78      |
 3406    |     2738      |
 3407    |     6497      |
 3408    |       31      |
 3409    |     2806      |
 3410    |     5926      |
 3411    |     3322      |
 3412    |      971      |
 3413    |     3368      |
 3414    |     5232      |
 3415    |     3222      |
 3416    |     4329      |
 3417    |     4367      |
 3418    |     3567      |
 3419    |     2301      |
 3420    |     5682      |
 3421    |     4133      |
 3422    |     2240      |
 3423    |     3568      |
 3424    |     4463      |
 3425    |     1383      |
 3426    |      957      |
 3427    |     6309      |
 3428    |      543      |
 3429    |     2054      |
 3430    |     3032      |
 3431    |     5243      |
 3432    |     2079      |
 3433    |      351      |
 3434    |     5782      |
 3435    |     6253      |
 3436    |     3438      |
 3437    |     2659      |
 3438    |     6506      |
 3439    |     6135      |
 3440    |     2322      |
 3441    |     2903      |
 3442    |     3999      |
 3443    |     4907      |
 3444    |     5075      |
 3445    |      146      |
 3446    |     2029      |
 3447    |      747      |
 3448    |     2350      |
 3449    |     4119      |
 3450    |     1563      |
 3451    |      557      |
 3452    |     1214      |
 3453    |     4602      |
 3454    |     6434      |
 3455    |      701      |
 3456    |     1898      |
 3457    |     3760      |
 3458    |     3897      |
 3459    |      997      |
 3460    |     6160      |
 3461    |      556      |
 3462    |     2988      |
 3463    |     6348      |
 3464    |     5100      |
 3465    |      962      |
 3466    |     2375      |
 3467    |     5615      |
 3468    |     5331      |
 3469    |      102      |
 3470    |     6068      |
 3471    |     1237      |
 3472    |     1351      |
 3473    |     4601      |
 3474    |      593      |
 3475    |     2005      |
 3476    |     3527      |
 3477    |     3452      |
 3478    |     2275      |
 3479    |     5244      |
 3480    |     5252      |
 3481    |     5302      |
 3482    |      493      |
 3483    |     1947      |
 3484    |     4634      |
 3485    |     2705      |
 3486    |     3953      |
 3487    |      163      |
 3488    |     6322      |
 3489    |     1420      |
 3490    |     2095      |
 3491    |     5165      |
 3492    |      227      |
 3493    |     2098      |
 3494    |     5865      |
 3495    |     3095      |
 3496    |     1476      |
 3497    |     3780      |
 3498    |     1169      |
 3499    |      462      |
 3500    |     3173      |
 3501    |     6467      |
 3502    |      102      |
 3503    |     4397      |
 3504    |      135      |
 3505    |     6112      |
 3506    |     5453      |
 3507    |     5669      |
 3508    |     3154      |
 3509    |     4882      |
 3510    |     5889      |
 3511    |     3239      |
 3512    |     6528      |
 3513    |     5718      |
 3514    |     4896      |
 3515    |      358      |
 3516    |     4821      |
 3517    |      490      |
 3518    |     5791      |
 3519    |     2653      |
 3520    |     4887      |
 3521    |     4686      |
 3522    |        3      |
 3523    |      914      |
 3524    |     5323      |
 3525    |       80      |
 3526    |     2281      |
 3527    |     1897      |
 3528    |     3928      |
 3529    |     6209      |
 3530    |     2838      |
 3531    |     4551      |
 3532    |     4468      |
 3533    |     1303      |
 3534    |      215      |
 3535    |     1710      |
 3536    |     3355      |
 3537    |     3371      |
 3538    |     4355      |
 3539    |      645      |
 3540    |     5852      |
 3541    |     4356      |
 3542    |     3738      |
 3543    |     1015      |
 3544    |     1664      |
 3545    |     4404      |
 3546    |     3646      |
 3547    |     4870      |
 3548    |     5602      |
 3549    |     3240      |
 3550    |     4557      |
 3551    |     1919      |
 3552    |       64      |
 3553    |     1095      |
 3554    |     1834      |
 3555    |     1396      |
 3556    |     6297      |
 3557    |     4397      |
 3558    |     1030      |
 3559    |     1405      |
 3560    |     4191      |
 3561    |     5749      |
 3562    |     1859      |
 3563    |     3757      |
 3564    |     5376      |
 3565    |     3823      |
 3566    |     3140      |
 3567    |     6266      |
 3568    |     1644      |
 3569    |     3844      |
 3570    |     1146      |
 3571    |      815      |
 3572    |      410      |
 3573    |      479      |
 3574    |      735      |
 3575    |     5713      |
 3576    |     2369      |
 3577    |     2355      |
 3578    |     4372      |
 3579    |     2151      |
 3580    |     4576      |
 3581    |     2380      |
 3582    |     4677      |
 3583    |     5377      |
 3584    |     2230      |
 3585    |     3937      |
 3586    |     5519      |
 3587    |     5833      |
 3588    |     4553      |
 3589    |     6168      |
 3590    |     1241      |
 3591    |     3609      |
 3592    |      124      |
 3593    |     2964      |
 3594    |     4600      |
 3595    |     1162      |
 3596    |      259      |
 3597    |     5973      |
 3598    |     6434      |
 3599    |     4846      |
 3600    |     5367      |
 3601    |     4798      |
 3602    |     2700      |
 3603    |     6337      |
 3604    |       10      |
 3605    |     5614      |
 3606    |     3529      |
 3607    |     2346      |
 3608    |      335      |
 3609    |     6425      |
 3610    |     5562      |
 3611    |     5197      |
 3612    |     6040      |
 3613    |     2269      |
 3614    |     3865      |
 3615    |     2218      |
 3616    |     1694      |
 3617    |     1338      |
 3618    |     1070      |
 3619    |     2730      |
 3620    |     1872      |
 3621    |     3779      |
 3622    |     3817      |
 3623    |     3239      |
 3624    |      965      |
 3625    |     2987      |
 3626    |      407      |
 3627    |     3913      |
 3628    |     3439      |
 3629    |      109      |
 3630    |     4009      |
 3631    |     2769      |
 3632    |     5627      |
 3633    |      407      |
 3634    |     1508      |
 3635    |      330      |
 3636    |     3701      |
 3637    |     1776      |
 3638    |     3236      |
 3639    |     4154      |
 3640    |     6243      |
 3641    |     3232      |
 3642    |     4238      |
 3643    |     4894      |
 3644    |     1321      |
 3645    |     2861      |
 3646    |     3158      |
 3647    |     3812      |
 3648    |     5236      |
 3649    |      457      |
 3650    |     2705      |
 3651    |     4029      |
 3652    |     4576      |
 3653    |     2064      |
 3654    |     2920      |
 3655    |      611      |
 3656    |     2219      |
 3657    |     2030      |
 3658    |     3971      |
 3659    |      448      |
 3660    |     3612      |
 3661    |     3874      |
 3662    |      403      |
 3663    |     5925      |
 3664    |     1976      |
 3665    |     4890      |
 3666    |      264      |
 3667    |     2067      |
 3668    |     3827      |
 3669    |     3200      |
 3670    |     4744      |
 3671    |     4243      |
 3672    |     2635      |
 3673    |      909      |
 3674    |     4549      |
 3675    |     1781      |
 3676    |     6545      |
 3677    |     1224      |
 3678    |     1592      |
 3679    |     6380      |
 3680    |     5221      |
 3681    |     4474      |
 3682    |     2535      |
 3683    |     4652      |
 3684    |     1399      |
 3685    |     1978      |
 3686    |     2280      |
 3687    |     1850      |
 3688    |     3489      |
 3689    |     1709      |
 3690    |     6503      |
 3691    |     1047      |
 3692    |     4730      |
 3693    |     6167      |
 3694    |     5379      |
 3695    |     3938      |
 3696    |     3973      |
 3697    |     1841      |
 3698    |     4224      |
 3699    |      580      |
 3700    |     3965      |
 3701    |     1251      |
 3702    |     4961      |
 3703    |     2384      |
 3704    |     3041      |
 3705    |     5634      |
 3706    |     1925      |
 3707    |     6344      |
 3708    |      247      |
 3709    |     5401      |
 3710    |     5246      |
 3711    |     3688      |
 3712    |     3856      |
 3713    |     3291      |
 3714    |     3463      |
 3715    |      649      |
 3716    |     6505      |
 3717    |     1004      |
 3718    |     4320      |
 3719    |     5334      |
 3720    |     2766      |
 3721    |     3285      |
 3722    |     3472      |
 3723    |     3232      |
 3724    |     2837      |
 3725    |      202      |
 3726    |     3696      |
 3727    |      840      |
 3728    |      889      |
 3729    |     1938      |
 3730    |     6508      |
 3731    |     2353      |
 3732    |     1982      |
 3733    |     3505      |
 3734    |     4323      |
 3735    |     5006      |
 3736    |      308      |
 3737    |     2289      |
 3738    |     4607      |
 3739    |     2144      |
 3740    |     3948      |
 3741    |     2997      |
 3742    |     6486      |
 3743    |     4993      |
 3744    |      820      |
 3745    |      376      |
 3746    |     4079      |
 3747    |      794      |
 3748    |     6152      |
 3749    |     6091      |
 3750    |       25      |
 3751    |     2527      |
 3752    |      452      |
 3753    |     5081      |
 3754    |     1781      |
 3755    |      697      |
 3756    |      756      |
 3757    |     5934      |
 3758    |     2306      |
 3759    |     4424      |
 3760    |     4898      |
 3761    |      692      |
 3762    |     1499      |
 3763    |     4353      |
 3764    |     1653      |
 3765    |     1580      |
 3766    |     6224      |
 3767    |     2107      |
 3768    |     2309      |
 3769    |     1141      |
 3770    |     4364      |
 3771    |     1203      |
 3772    |     6064      |
 3773    |     3730      |
 3774    |     2071      |
 3775    |     5768      |
 3776    |     2569      |
 3777    |      213      |
 3778    |     4150      |
 3779    |     1300      |
 3780    |     4963      |
 3781    |      496      |
 3782    |     3473      |
 3783    |     3447      |
 3784    |     6224      |
 3785    |      743      |
 3786    |     5155      |
 3787    |     6452      |
 3788    |      754      |
 3789    |     5495      |
 3790    |     4378      |
 3791    |      508      |
 3792    |     5735      |
 3793    |       90      |
 3794    |     1396      |
 3795    |     1048      |
 3796    |     4117      |
 3797    |     2721      |
 3798    |     1652      |
 3799    |     5801      |
 3800    |     2113      |
 3801    |     4541      |
 3802    |     3387      |
 3803    |     1491      |
 3804    |     2688      |
 3805    |     1426      |
 3806    |     3162      |
 3807    |     5713      |
 3808    |     5948      |
 3809    |     5821      |
 3810    |     1558      |
 3811    |      911      |
 3812    |      551      |
 3813    |       46      |
 3814    |      450      |
 3815    |      573      |
 3816    |     3635      |
 3817    |     1200      |
 3818    |     1343      |
 3819    |     1964      |
 3820    |     5326      |
 3821    |     4585      |
 3822    |     6070      |
 3823    |      999      |
 3824    |     3442      |
 3825    |     3626      |
 3826    |     1629      |
 3827    |     6465      |
 3828    |     2940      |
 3829    |     3145      |
 3830    |     2781      |
 3831    |     2739      |
 3832    |      325      |
 3833    |     1095      |
 3834    |     1128      |
 3835    |      676      |
 3836    |     2186      |
 3837    |     3417      |
 3838    |      693      |
 3839    |     1565      |
 3840    |     6316      |
 3841    |     2076      |
 3842    |     5430      |
 3843    |     1612      |
 3844    |     3324      |
 3845    |     3402      |
 3846    |     5841      |
 3847    |     2694      |
 3848    |      720      |
 3849    |     5201      |
 3850    |     5380      |
 3851    |     5170      |
 3852    |     2698      |
 3853    |     4422      |
 3854    |     2065      |
 3855    |     5887      |
 3856    |     2893      |
 3857    |     6086      |
 3858    |      107      |
 3859    |      233      |
 3860    |     3938      |
 3861    |     2199      |
 3862    |     1874      |
 3863    |     5657      |
 3864    |     3659      |
 3865    |     4764      |
 3866    |     6531      |
 3867    |     2642      |
 3868    |     4655      |
 3869    |     3042      |
 3870    |     2471      |
 3871    |     6261      |
 3872    |     1965      |
 3873    |     5460      |
 3874    |     2761      |
 3875    |      391      |
 3876    |     3696      |
 3877    |      809      |
 3878    |     4995      |
 3879    |     4794      |
 3880    |     1841      |
 3881    |     3141      |
 3882    |     5792      |
 3883    |     1884      |
 3884    |     1610      |
 3885    |     1132      |
 3886    |     3229      |
 3887    |     5932      |
 3888    |      674      |
 3889    |      510      |
 3890    |     3032      |
 3891    |     1281      |
 3892    |     5253      |
 3893    |     3889      |
 3894    |     5636      |
 3895    |     1616      |
 3896    |     3353      |
 3897    |     5278      |
 3898    |      120      |
 3899    |     3764      |
 3900    |     5333      |
 3901    |      404      |
 3902    |     4020      |
 3903    |     6052      |
 3904    |     4882      |
 3905    |     2323      |
 3906    |     3537      |
 3907    |     3188      |
 3908    |     3656      |
 3909    |     3902      |
 3910    |     3741      |
 3911    |     2401      |
 3912    |      593      |
 3913    |     4008      |
 3914    |     1657      |
 3915    |      956      |
 3916    |     4624      |
 3917    |     3311      |
 3918    |     3872      |
 3919    |     1757      |
 3920    |     6510      |
 3921    |     5761      |
 3922    |     1826      |
 3923    |     5084      |
 3924    |      623      |
 3925    |     5499      |
 3926    |     4742      |
 3927    |     2103      |
 3928    |     5048      |
 3929    |     5359      |
 3930    |     2759      |
 3931    |     6262      |
 3932    |     2258      |
 3933    |     5854      |
 3934    |     5451      |
 3935    |     4018      |
 3936    |     1499      |
 3937    |     6295      |
 3938    |     5395      |
 3939    |     5743      |
 3940    |     4865      |
 3941    |     1275      |
 3942    |     5246      |
 3943    |     2826      |
 3944    |      593      |
 3945    |     6119      |
 3946    |     2415      |
 3947    |     5741      |
 3948    |     4491      |
 3949    |     2438      |
 3950    |     5961      |
 3951    |     3513      |
 3952    |     2339      |
 3953    |     3024      |
 3954    |     2411      |
 3955    |       38      |
 3956    |     3539      |
 3957    |      735      |
 3958    |     4814      |
 3959    |      222      |
 3960    |     3662      |
 3961    |     1646      |
 3962    |     6117      |
 3963    |     6297      |
 3964    |     5031      |
 3965    |     4554      |
 3966    |     6013      |
 3967    |      441      |
 3968    |     6033      |
 3969    |     3721      |
 3970    |     3876      |
 3971    |     6116      |
 3972    |     3529      |
 3973    |     1858      |
 3974    |     4830      |
 3975    |     5450      |
 3976    |     5777      |
 3977    |     2106      |
 3978    |     1312      |
 3979    |     2926      |
 3980    |     4023      |
 3981    |     1147      |
 3982    |     1962      |
 3983    |     1894      |
 3984    |     4327      |
 3985    |     4169      |
 3986    |       77      |
 3987    |     1560      |
 3988    |     2286      |
 3989    |     4066      |
 3990    |     2222      |
 3991    |      561      |
 3992    |     3336      |
 3993    |     3713      |
 3994    |     1029      |
 3995    |     5955      |
 3996    |     3593      |
 3997    |     4690      |
 3998    |     1173      |
 3999    |     4045      |
 4000    |     1068      |
 4001    |     6540      |
 4002    |     2500      |
 4003    |     5347      |
 4004    |     4364      |
 4005    |     6279      |
 4006    |     1984      |
 4007    |     6332      |
 4008    |     2485      |
 4009    |     1419      |
 4010    |     3566      |
 4011    |     6322      |
 4012    |     5808      |
 4013    |     3354      |
 4014    |     3606      |
 4015    |      751      |
 4016    |      396      |
 4017    |      616      |
 4018    |     3095      |
 4019    |     2164      |
 4020    |     5649      |
 4021    |      390      |
 4022    |      964      |
 4023    |     6252      |
 4024    |     1702      |
 4025    |     3428      |
 4026    |     5547      |
 4027    |     2417      |
 4028    |     1941      |
 4029    |      654      |
 4030    |     3327      |
 4031    |     3784      |
 4032    |     5529      |
 4033    |       53      |
 4034    |     2951      |
 4035    |     2420      |
 4036    |     5621      |
 4037    |     6106      |
 4038    |     1510      |
 4039    |     2689      |
 4040    |     1866      |
 4041    |     3049      |
 4042    |     3976      |
 4043    |     1583      |
 4044    |      132      |
 4045    |     1180      |
 4046    |     4294      |
 4047    |     6320      |
 4048    |      517      |
 4049    |     4110      |
 4050    |     1996      |
 4051    |     5831      |
 4052    |     1432      |
 4053    |     3879      |
 4054    |     5449      |
 4055    |     4693      |
 4056    |     5792      |
 4057    |     2975      |
 4058    |     3449      |
 4059    |     4326      |
 4060    |     5186      |
 4061    |     3061      |
 4062    |     2124      |
 4063    |     2922      |
 4064    |     1349      |
 4065    |     5158      |
 4066    |     4521      |
 4067    |     4651      |
 4068    |      574      |
 4069    |     3177      |
 4070    |     2707      |
 4071    |     5100      |
 4072    |     2645      |
 4073    |      579      |
 4074    |      346      |
 4075    |     5984      |
 4076    |     2823      |
 4077    |     3026      |
 4078    |     6516      |
 4079    |     3269      |
 4080    |     2842      |
 4081    |     5586      |
 4082    |     5774      |
 4083    |     6223      |
 4084    |     1945      |
 4085    |     2628      |
 4086    |     6337      |
 4087    |     5087      |
 4088    |     2386      |
 4089    |     1371      |
 4090    |     1243      |
 4091    |     1139      |
 4092    |     1090      |
 4093    |     1650      |
 4094    |     1036      |
 4095    |     5078      |
 4096    |     3902      |
 4097    |     5476      |
 4098    |     5866      |
 4099    |     3230      |
 4100    |     5652      |
 4101    |     6015      |
 4102    |     2855      |
 4103    |       57      |
 4104    |     2399      |
 4105    |     4994      |
 4106    |     6395      |
 4107    |     3158      |
 4108    |     3705      |
 4109    |     6271      |
 4110    |     2059      |
 4111    |     1003      |
 4112    |     1809      |
 4113    |     2595      |
 4114    |     5869      |
 4115    |      822      |
 4116    |     3226      |
 4117    |     4405      |
 4118    |     1354      |
 4119    |     2247      |
 4120    |      505      |
 4121    |     5433      |
 4122    |     1297      |
 4123    |     1038      |
 4124    |     1604      |
 4125    |     3763      |
 4126    |     4263      |
 4127    |     1600      |
 4128    |     2047      |
 4129    |      188      |
 4130    |     2510      |
 4131    |     3564      |
 4132    |     1311      |
 4133    |     5429      |
 4134    |     1903      |
 4135    |      830      |
 4136    |      537      |
 4137    |     5353      |
 4138    |     5108      |
 4139    |     5504      |
 4140    |     3903      |
 4141    |     1859      |
 4142    |     5569      |
 4143    |     2327      |
 4144    |      482      |
 4145    |     4342      |
 4146    |     5476      |
 4147    |     4513      |
 4148    |     3018      |
 4149    |     2695      |
 4150    |     1104      |
 4151    |     5187      |
 4152    |     5829      |
 4153    |     1008      |
 4154    |     2695      |
 4155    |     5403      |
 4156    |     5659      |
 4157    |     1778      |
 4158    |     3254      |
 4159    |     3654      |
 4160    |     5839      |
 4161    |      501      |
 4162    |     3854      |
 4163    |     2345      |
 4164    |     6216      |
 4165    |     6219      |
 4166    |     4775      |
 4167    |     1513      |
 4168    |     5223      |
 4169    |     6201      |
 4170    |     2069      |
 4171    |     6389      |
 4172    |     6260      |
 4173    |     1840      |
 4174    |     4600      |
 4175    |     3615      |
 4176    |     5039      |
 4177    |     2591      |
 4178    |     4837      |
 4179    |     3593      |
 4180    |     1996      |
 4181    |     4996      |
 4182    |     3900      |
 4183    |     1461      |
 4184    |       90      |
 4185    |     1629      |
 4186    |      200      |
 4187    |      692      |
 4188    |      737      |
 4189    |     5294      |
 4190    |     3941      |
 4191    |     3347      |
 4192    |     6505      |
 4193    |     5217      |
 4194    |       98      |
 4195    |     3390      |
 4196    |     5351      |
 4197    |      957      |
 4198    |     6311      |
 4199    |     2552      |
 4200    |     1569      |
 4201    |     4024      |
 4202    |     1330      |
 4203    |     2190      |
 4204    |     6015      |
 4205    |     5241      |
 4206    |     2693      |
 4207    |     3363      |
 4208    |     3722      |
 4209    |      165      |
 4210    |     5356      |
 4211    |     2227      |
 4212    |     1250      |
 4213    |     5197      |
 4214    |     5645      |
 4215    |     3242      |
 4216    |      215      |
 4217    |     2112      |
 4218    |     3587      |
 4219    |     1419      |
 4220    |     5652      |
 4221    |     6367      |
 4222    |     2264      |
 4223    |     5682      |
 4224    |     2435      |
 4225    |     4413      |
 4226    |     1014      |
 4227    |     1882      |
 4228    |     4429      |
 4229    |     1444      |
 4230    |     3358      |
 4231    |     3745      |
 4232    |      702      |
 4233    |     6107      |
 4234    |     3650      |
 4235    |     5942      |
 4236    |      910      |
 4237    |     2736      |
 4238    |     5975      |
 4239    |     4546      |
 4240    |     5052      |
 4241    |     6315      |
 4242    |     1651      |
 4243    |     4984      |
 4244    |     6185      |
 4245    |     5803      |
 4246    |     3585      |
 4247    |     6467      |
 4248    |     5876      |
 4249    |     4004      |
 4250    |     4382      |
 4251    |     4489      |
 4252    |      168      |
 4253    |     2518      |
 4254    |      951      |
 4255    |     4275      |
 4256    |     1997      |
 4257    |     2379      |
 4258    |     4311      |
 4259    |     5873      |
 4260    |      480      |
 4261    |     1644      |
 4262    |     4511      |
 4263    |     4639      |
 4264    |     4161      |
 4265    |     6445      |
 4266    |     4615      |
 4267    |      227      |
 4268    |     1585      |
 4269    |     4453      |
 4270    |     5645      |
 4271    |     1605      |
 4272    |     6526      |
 4273    |     2745      |
 4274    |     3270      |
 4275    |     3256      |
 4276    |     2760      |
 4277    |      816      |
 4278    |     4491      |
 4279    |     3926      |
 4280    |     1737      |
 4281    |     6374      |
 4282    |     2800      |
 4283    |     3355      |
 4284    |     3966      |
 4285    |      794      |
 4286    |     5911      |
 4287    |     6076      |
 4288    |     4012      |
 4289    |     4963      |
 4290    |     2434      |
 4291    |      672      |
 4292    |      668      |
 4293    |     3575      |
 4294    |     3785      |
 4295    |     1081      |
 4296    |     4895      |
 4297    |     3775      |
 4298    |      919      |
 4299    |     3336      |
 4300    |     2690      |
 4301    |     3787      |
 4302    |      667      |
 4303    |      251      |
 4304    |     3228      |
 4305    |     3240      |
 4306    |      110      |
 4307    |      594      |
 4308    |     3645      |
 4309    |     1580      |
 4310    |     3637      |
 4311    |      555      |
 4312    |     2811      |
 4313    |     4743      |
 4314    |     2434      |
 4315    |     6202      |
 4316    |     6509      |
 4317    |     6282      |
 4318    |     3443      |
 4319    |      787      |
 4320    |     3999      |
 4321    |     1200      |
 4322    |     1465      |
 4323    |      125      |
 4324    |     2828      |
 4325    |     1140      |
 4326    |     5412      |
 4327    |      612      |
 4328    |      118      |
 4329    |      685      |
 4330    |     3970      |
 4331    |     3529      |
 4332    |     5289      |
 4333    |     4905      |
 4334    |     4218      |
 4335    |     5028      |
 4336    |     5665      |
 4337    |     1691      |
 4338    |     6511      |
 4339    |     1997      |
 4340    |     5267      |
 4341    |     3319      |
 4342    |     3445      |
 4343    |     3851      |
 4344    |     1285      |
 4345    |      498      |
 4346    |     5513      |
 4347    |     3481      |
 4348    |     4992      |
 4349    |      610      |
 4350    |       38      |
 4351    |     6115      |
 4352    |     5180      |
 4353    |     3352      |
 4354    |     3145      |
 4355    |     3712      |
 4356    |     1102      |
 4357    |     3787      |
 4358    |     1008      |
 4359    |     3031      |
 4360    |     3979      |
 4361    |     1637      |
 4362    |      829      |
 4363    |     2393      |
 4364    |     2562      |
 4365    |     6419      |
 4366    |      449      |
 4367    |     4612      |
 4368    |     1395      |
 4369    |     4284      |
 4370    |     4517      |
 4371    |     1816      |
 4372    |      827      |
 4373    |      890      |
 4374    |     4826      |
 4375    |     1613      |
 4376    |     2863      |
 4377    |     1885      |
 4378    |     4639      |
 4379    |     5641      |
 4380    |     5004      |
 4381    |     3527      |
 4382    |     1120      |
 4383    |      363      |
 4384    |     4717      |
 4385    |     2393      |
 4386    |     3321      |
 4387    |      260      |
 4388    |     5067      |
 4389    |     2556      |
 4390    |      317      |
 4391    |     2874      |
 4392    |     2893      |
 4393    |     2105      |
 4394    |      581      |
 4395    |     4571      |
 4396    |     6122      |
 4397    |     5222      |
 4398    |     2069      |
 4399    |      177      |
 4400    |     2986      |
 4401    |      571      |
 4402    |     6503      |
 4403    |     2332      |
 4404    |     1013      |
 4405    |     5176      |
 4406    |     5735      |
 4407    |     4895      |
 4408    |     6119      |
 4409    |     1472      |
 4410    |     5513      |
 4411    |     3109      |
 4412    |      368      |
 4413    |     3694      |
 4414    |     1749      |
 4415    |     4596      |
 4416    |     1508      |
 4417    |     6111      |
 4418    |     4835      |
 4419    |     5316      |
 4420    |     3325      |
 4421    |     3095      |
 4422    |     3170      |
 4423    |     1782      |
 4424    |     3558      |
 4425    |     5260      |
 4426    |      665      |
 4427    |     4620      |
 4428    |     5676      |
 4429    |     5231      |
 4430    |     4762      |
 4431    |     4253      |
 4432    |     5216      |
 4433    |     4850      |
 4434    |      491      |
 4435    |     1173      |
 4436    |     3523      |
 4437    |     4921      |
 4438    |     4379      |
 4439    |     5041      |
 4440    |     6254      |
 4441    |     2592      |
 4442    |     3893      |
 4443    |      525      |
 4444    |      602      |
 4445    |     2596      |
 4446    |     4852      |
 4447    |     3206      |
 4448    |     3495      |
 4449    |     5829      |
 4450    |     3843      |
 4451    |     4832      |
 4452    |     5237      |
 4453    |     3946      |
 4454    |     2301      |
 4455    |      912      |
 4456    |     3500      |
 4457    |     1375      |
 4458    |     2535      |
 4459    |     6234      |
 4460    |     3715      |
 4461    |      462      |
 4462    |      387      |
 4463    |     1817      |
 4464    |     1104      |
 4465    |     4740      |
 4466    |     3315      |
 4467    |     4106      |
 4468    |     2520      |
 4469    |     2429      |
 4470    |     5167      |
 4471    |      577      |
 4472    |     3988      |
 4473    |     3062      |
 4474    |     5575      |
 4475    |     5832      |
 4476    |     5268      |
 4477    |     3900      |
 4478    |     2726      |
 4479    |     3096      |
 4480    |     2663      |
 4481    |     4383      |
 4482    |     3301      |
 4483    |     1355      |
 4484    |     1964      |
 4485    |     4462      |
 4486    |     2431      |
 4487    |     5680      |
 4488    |     2028      |
 4489    |      965      |
 4490    |     3282      |
 4491    |     3859      |
 4492    |     1862      |
 4493    |       28      |
 4494    |     5177      |
 4495    |     4850      |
 4496    |     3948      |
 4497    |     3104      |
 4498    |     2125      |
 4499    |     5645      |
 4500    |     5730      |
 4501    |     5737      |
 4502    |     5119      |
 4503    |     1390      |
 4504    |     4938      |
 4505    |     6557      |
 4506    |      343      |
 4507    |     1145      |
 4508    |     1455      |
 4509    |     5023      |
 4510    |     2348      |
 4511    |     3911      |
 4512    |     3087      |
 4513    |     1657      |
 4514    |     5762      |
 4515    |     5953      |
 4516    |     3949      |
 4517    |     5663      |
 4518    |     3949      |
 4519    |     2481      |
 4520    |     2395      |
 4521    |     6447      |
 4522    |     3033      |
 4523    |     1106      |
 4524    |     3143      |
 4525    |     1129      |
 4526    |     2139      |
 4527    |     1020      |
 4528    |      296      |
 4529    |      948      |
 4530    |     1232      |
 4531    |     6295      |
 4532    |     1596      |
 4533    |     5859      |
 4534    |     1421      |
 4535    |     6297      |
 4536    |     4044      |
 4537    |     5993      |
 4538    |     1097      |
 4539    |     4077      |
 4540    |     3726      |
 4541    |     1405      |
 4542    |     6136      |
 4543    |     4270      |
 4544    |     1338      |
 4545    |     4474      |
 4546    |     5231      |
 4547    |     2186      |
 4548    |       64      |
 4549    |     3763      |
 4550    |     5143      |
 4551    |     3878      |
 4552    |     1084      |
 4553    |     3743      |
 4554    |     1766      |
 4555    |     3093      |
 4556    |      426      |
 4557    |     5406      |
 4558    |     6236      |
 4559    |     5531      |
 4560    |     3690      |
 4561    |     2776      |
 4562    |     5445      |
 4563    |     6180      |
 4564    |     3421      |
 4565    |     4891      |
 4566    |     4359      |
 4567    |     5691      |
 4568    |     3157      |
 4569    |      656      |
 4570    |     3815      |
 4571    |      124      |
 4572    |     1601      |
 4573    |     5215      |
 4574    |     2892      |
 4575    |     2959      |
 4576    |     1141      |
 4577    |     4491      |
 4578    |     2417      |
 4579    |     3012      |
 4580    |     4445      |
 4581    |     1758      |
 4582    |     1557      |
 4583    |     4221      |
 4584    |     1168      |
 4585    |     5809      |
 4586    |     2579      |
 4587    |     3624      |
 4588    |     5830      |
 4589    |     6168      |
 4590    |     4725      |
 4591    |     1425      |
 4592    |     1173      |
 4593    |     4938      |
 4594    |     6017      |
 4595    |     5040      |
 4596    |      561      |
 4597    |     2541      |
 4598    |     3927      |
 4599    |     1222      |
 4600    |     2192      |
 4601    |      262      |
 4602    |     2951      |
 4603    |     5238      |
 4604    |     5759      |
 4605    |     4100      |
 4606    |     1589      |
 4607    |     5921      |
 4608    |     3616      |
 4609    |      984      |
 4610    |     4939      |
 4611    |     5609      |
 4612    |     5815      |
 4613    |     5340      |
 4614    |     4378      |
 4615    |     5312      |
 4616    |       53      |
 4617    |     4239      |
 4618    |      661      |
 4619    |     1351      |
 4620    |     2412      |
 4621    |     2223      |
 4622    |     4563      |
 4623    |     3319      |
 4624    |     6110      |
 4625    |     1533      |
 4626    |     2796      |
 4627    |     4795      |
 4628    |     2814      |
 4629    |      777      |
 4630    |     3719      |
 4631    |     1509      |
 4632    |     4003      |
 4633    |     3760      |
 4634    |     1700      |
 4635    |     4604      |
 4636    |     5329      |
 4637    |     6088      |
 4638    |     2280      |
 4639    |     5272      |
 4640    |      764      |
 4641    |     3756      |
 4642    |     5478      |
 4643    |     4830      |
 4644    |     4083      |
 4645    |     4255      |
 4646    |     6495      |
 4647    |     4249      |
 4648    |     1636      |
 4649    |     6127      |
 4650    |     5316      |
 4651    |     6417      |
 4652    |     1859      |
 4653    |     1870      |
 4654    |     1145      |
 4655    |     5345      |
 4656    |     1116      |
 4657    |     5217      |
 4658    |     3969      |
 4659    |      649      |
 4660    |     5164      |
 4661    |     4953      |
 4662    |     6179      |
 4663    |     1785      |
 4664    |      777      |
 4665    |     4198      |
 4666    |     2745      |
 4667    |     4376      |
 4668    |     1191      |
 4669    |     1557      |
 4670    |     4774      |
 4671    |     2793      |
 4672    |     1257      |
 4673    |     5216      |
 4674    |     4578      |
 4675    |     5811      |
 4676    |     2306      |
 4677    |     1725      |
 4678    |     6084      |
 4679    |     3212      |
 4680    |     4798      |
 4681    |     1713      |
 4682    |      324      |
 4683    |      303      |
 4684    |      438      |
 4685    |     2551      |
 4686    |      526      |
 4687    |     2100      |
 4688    |     5346      |
 4689    |     4967      |
 4690    |     1890      |
 4691    |     4420      |
 4692    |     4440      |
 4693    |     4679      |
 4694    |     2321      |
 4695    |     4890      |
 4696    |     2267      |
 4697    |     2947      |
 4698    |     5288      |
 4699    |     3070      |
 4700    |     3796      |
 4701    |     1089      |
 4702    |     2674      |
 4703    |     4295      |
 4704    |     1556      |
 4705    |     3255      |
 4706    |     3151      |
 4707    |     3657      |
 4708    |      250      |
 4709    |     1031      |
 4710    |     5014      |
 4711    |     2502      |
 4712    |      151      |
 4713    |     4982      |
 4714    |     3035      |
 4715    |     5583      |
 4716    |     1531      |
 4717    |     1504      |
 4718    |      887      |
 4719    |      610      |
 4720    |      174      |
 4721    |     2972      |
 4722    |      572      |
 4723    |     1822      |
 4724    |     2180      |
 4725    |     2177      |
 4726    |     6268      |
 4727    |     2672      |
 4728    |     3229      |
 4729    |     4598      |
 4730    |     1641      |
 4731    |     5948      |
 4732    |     3201      |
 4733    |     1595      |
 4734    |      253      |
 4735    |     4541      |
 4736    |      421      |
 4737    |     1812      |
 4738    |     5302      |
 4739    |     3786      |
 4740    |     3684      |
 4741    |     2372      |
 4742    |     1814      |
 4743    |     5172      |
 4744    |     3210      |
 4745    |     1947      |
 4746    |     2623      |
 4747    |     4408      |
 4748    |     2746      |
 4749    |     3711      |
 4750    |     4083      |
 4751    |     5998      |
 4752    |     4358      |
 4753    |     5627      |
 4754    |     1720      |
 4755    |      133      |
 4756    |     2758      |
 4757    |     5359      |
 4758    |     1204      |
 4759    |     4039      |
 4760    |     2559      |
 4761    |     1206      |
 4762    |     5832      |
 4763    |     1506      |
 4764    |     2661      |
 4765    |     6465      |
 4766    |      310      |
 4767    |     3573      |
 4768    |     2838      |
 4769    |     3700      |
 4770    |     4551      |
 4771    |     4405      |
 4772    |     6459      |
 4773    |     4719      |
 4774    |      960      |
 4775    |     1726      |
 4776    |     6031      |
 4777    |     6246      |
 4778    |     5659      |
 4779    |     2885      |
 4780    |     2522      |
 4781    |     3466      |
 4782    |     6233      |
 4783    |      998      |
 4784    |     3958      |
 4785    |     3100      |
 4786    |     2761      |
 4787    |     3693      |
 4788    |     5354      |
 4789    |     1126      |
 4790    |     5999      |
 4791    |     6095      |
 4792    |     1153      |
 4793    |     3344      |
 4794    |      152      |
 4795    |     2781      |
 4796    |     2858      |
 4797    |     4479      |
 4798    |     4823      |
 4799    |     6489      |
 4800    |     2925      |
 4801    |     2435      |
 4802    |     6478      |
 4803    |     1339      |
 4804    |     5557      |
 4805    |     1760      |
 4806    |      223      |
 4807    |     5859      |
 4808    |     3819      |
 4809    |     3449      |
 4810    |     4092      |
 4811    |     2184      |
 4812    |     3803      |
 4813    |     4408      |
 4814    |     1543      |
 4815    |     1438      |
 4816    |      331      |
 4817    |      199      |
 4818    |     4426      |
 4819    |     1720      |
 4820    |     6280      |
 4821    |     6069      |
 4822    |     4952      |
 4823    |     5231      |
 4824    |     5845      |
 4825    |     4026      |
 4826    |     1249      |
 4827    |     1091      |
 4828    |     6424      |
 4829    |     2598      |
 4830    |      327      |
 4831    |     6163      |
 4832    |     5238      |
 4833    |       60      |
 4834    |     2053      |
 4835    |     2230      |
 4836    |     3403      |
 4837    |      473      |
 4838    |      751      |
 4839    |     2746      |
 4840    |     1253      |
 4841    |      984      |
 4842    |     2093      |
 4843    |     5194      |
 4844    |     5191      |
 4845    |     1352      |
 4846    |     1339      |
 4847    |     2813      |
 4848    |     2608      |
 4849    |     5516      |
 4850    |      245      |
 4851    |     3918      |
 4852    |     2446      |
 4853    |     3825      |
 4854    |     6435      |
 4855    |     1036      |
 4856    |     1645      |
 4857    |     1885      |
 4858    |     6178      |
 4859    |     4873      |
 4860    |     3731      |
 4861    |     4730      |
 4862    |     5176      |
 4863    |     6432      |
 4864    |      730      |
 4865    |      178      |
 4866    |     5651      |
 4867    |     1172      |
 4868    |     4302      |
 4869    |     2321      |
 4870    |     5305      |
 4871    |      536      |
 4872    |     6477      |
 4873    |     2925      |
 4874    |      248      |
 4875    |     1388      |
 4876    |     5256      |
 4877    |      600      |
 4878    |     5020      |
 4879    |     3726      |
 4880    |     1738      |
 4881    |      701      |
 4882    |      155      |
 4883    |     3756      |
 4884    |     1968      |
 4885    |     2182      |
 4886    |     5157      |
 4887    |     2981      |
 4888    |     3767      |
 4889    |      244      |
 4890    |     2251      |
 4891    |     2247      |
 4892    |     5205      |
 4893    |     5446      |
 4894    |     5008      |
 4895    |     1610      |
 4896    |     1584      |
 4897    |     6517      |
 4898    |     4799      |
 4899    |     4529      |
 4900    |     1689      |
 4901    |     3715      |
 4902    |     2776      |
 4903    |     2348      |
 4904    |     1494      |
 4905    |     2493      |
 4906    |     1604      |
 4907    |     6429      |
 4908    |     5019      |
 4909    |     3204      |
 4910    |     3703      |
 4911    |      983      |
 4912    |      817      |
 4913    |     3549      |
 4914    |     1470      |
 4915    |     1757      |
 4916    |     2341      |
 4917    |     5951      |
 4918    |     1813      |
 4919    |     3459      |
 4920    |     4217      |
 4921    |     2431      |
 4922    |     1298      |
 4923    |     6362      |
 4924    |     2318      |
 4925    |       44      |
 4926    |     6274      |
 4927    |     4193      |
 4928    |      234      |
 4929    |     5990      |
 4930    |     2848      |
 4931    |     4240      |
 4932    |     5846      |
 4933    |     5370      |
 4934    |     5452      |
 4935    |     4225      |
 4936    |     1429      |
 4937    |      328      |
 4938    |     6471      |
 4939    |     5477      |
 4940    |     3848      |
 4941    |      772      |
 4942    |      569      |
 4943    |     4219      |
 4944    |     1000      |
 4945    |     5152      |
 4946    |     3303      |
 4947    |     3165      |
 4948    |     2809      |
 4949    |     4411      |
 4950    |     5332      |
 4951    |     4433      |
 4952    |      803      |
 4953    |     1574      |
 4954    |     3182      |
 4955    |     1752      |
 4956    |        0      |
 4957    |     1244      |
 4958    |      366      |
 4959    |     5344      |
 4960    |     6218      |
 4961    |     3417      |
 4962    |     2097      |
 4963    |     5042      |
 4964    |     2504      |
 4965    |     2451      |
 4966    |      861      |
 4967    |     4202      |
 4968    |     1693      |
 4969    |     6448      |
 4970    |     4739      |
 4971    |     4510      |
 4972    |     3230      |
 4973    |      783      |
 4974    |     5090      |
 4975    |     6505      |
 4976    |      786      |
 4977    |     2171      |
 4978    |     5372      |
 4979    |     3276      |
 4980    |     5889      |
 4981    |     5453      |
 4982    |     1749      |
 4983    |     5997      |
 4984    |     5538      |
 4985    |     4361      |
 4986    |     5153      |
 4987    |     3332      |
 4988    |     6359      |
 4989    |        5      |
 4990    |     3357      |
 4991    |     4431      |
 4992    |     6291      |
 4993    |      884      |
 4994    |     2694      |
 4995    |     2319      |
 4996    |     2546      |
 4997    |     5875      |
 4998    |     2893      |
 4999    |     5431      |
 5000    |     3990      |
 5001    |     2973      |
 5002    |     5550      |
 5003    |     4101      |
 5004    |      636      |
 5005    |      476      |
 5006    |     3378      |
 5007    |     2723      |
 5008    |     1816      |
 5009    |     6290      |
 5010    |     5718      |
 5011    |     6155      |
 5012    |     3613      |
 5013    |     1705      |
 5014    |     5185      |
 5015    |     3769      |
 5016    |      209      |
 5017    |      115      |
 5018    |     3909      |
 5019    |     2232      |
 5020    |     6390      |
 5021    |      350      |
 5022    |     4096      |
 5023    |     4425      |
 5024    |     1073      |
 5025    |     2905      |
 5026    |      588      |
 5027    |     4801      |
 5028    |      135      |
 5029    |     4955      |
 5030    |     1323      |
 5031    |     1263      |
 5032    |     1907      |
 5033    |      354      |
 5034    |     4104      |
 5035    |     1619      |
 5036    |     1972      |
 5037    |     1852      |
 5038    |     1523      |
 5039    |     1101      |
 5040    |     5650      |
 5041    |     6029      |
 5042    |     5336      |
 5043    |     1943      |
 5044    |     3640      |
 5045    |     4238      |
 5046    |     3127      |
 5047    |     3445      |
 5048    |     3842      |
 5049    |     3532      |
 5050    |      127      |
 5051    |     2536      |
 5052    |     5387      |
 5053    |      115      |
 5054    |     5776      |
 5055    |      762      |
 5056    |     1783      |
 5057    |     3946      |
 5058    |     2855      |
 5059    |     2521      |
 5060    |      941      |
 5061    |      436      |
 5062    |     6443      |
 5063    |     1272      |
 5064    |      156      |
 5065    |     3933      |
 5066    |     3036      |
 5067    |     6381      |
 5068    |     4728      |
 5069    |     1198      |
 5070    |     1751      |
 5071    |     6297      |
 5072    |     5124      |
 5073    |     4086      |
 5074    |      493      |
 5075    |     2695      |
 5076    |     2334      |
 5077    |      461      |
 5078    |      338      |
 5079    |     4143      |
 5080    |     2923      |
 5081    |     1873      |
 5082    |       75      |
 5083    |     1776      |
 5084    |     2271      |
 5085    |     3363      |
 5086    |     2128      |
 5087    |     5737      |
 5088    |     2906      |
 5089    |     1375      |
 5090    |      368      |
 5091    |     1797      |
 5092    |     6269      |
 5093    |     4709      |
 5094    |     5034      |
 5095    |     3041      |
 5096    |     6019      |
 5097    |     4366      |
 5098    |      926      |
 5099    |     2344      |
 5100    |     6167      |
 5101    |      860      |
 5102    |       99      |
 5103    |     3149      |
 5104    |     6020      |
 5105    |     6280      |
 5106    |     4556      |
 5107    |     1150      |
 5108    |     4118      |
 5109    |      485      |
 5110    |      635      |
 5111    |     2746      |
 5112    |      215      |
 5113    |     4212      |
 5114    |     6240      |
 5115    |       80      |
 5116    |      135      |
 5117    |     2885      |
 5118    |     4009      |
 5119    |      824      |
 5120    |     6557      |
 5121    |     3854      |
 5122    |     5345      |
 5123    |     6518      |
 5124    |     4567      |
 5125    |     5383      |
 5126    |     3425      |
 5127    |     5445      |
 5128    |     1487      |
 5129    |     4479      |
 5130    |     3980      |
 5131    |     5395      |
 5132    |     2649      |
 5133    |     6292      |
 5134    |      760      |
 5135    |     3028      |
 5136    |     1059      |
 5137    |     1613      |
 5138    |     4709      |
 5139    |     1213      |
 5140    |     5798      |
 5141    |     4408      |
 5142    |     2043      |
 5143    |     4096      |
 5144    |     5599      |
 5145    |     4637      |
 5146    |     4019      |
 5147    |     1870      |
 5148    |     1967      |
 5149    |     5255      |
 5150    |     2176      |
 5151    |     3545      |
 5152    |     3799      |
 5153    |     3190      |
 5154    |     1017      |
 5155    |     3480      |
 5156    |     2689      |
 5157    |     3327      |
 5158    |     1674      |
 5159    |      246      |
 5160    |     2916      |
 5161    |     5900      |
 5162    |     4260      |
 5163    |      187      |
 5164    |     3460      |
 5165    |     1509      |
 5166    |     5184      |
 5167    |      704      |
 5168    |     4549      |
 5169    |     1388      |
 5170    |     3610      |
 5171    |     3167      |
 5172    |      883      |
 5173    |     2875      |
 5174    |     5249      |
 5175    |     3966      |
 5176    |     2274      |
 5177    |     3941      |
 5178    |     3141      |
 5179    |     4541      |
 5180    |     3455      |
 5181    |     4899      |
 5182    |      545      |
 5183    |     1885      |
 5184    |     2121      |
 5185    |     4221      |
 5186    |     2945      |
 5187    |     6081      |
 5188    |     4994      |
 5189    |     2518      |
 5190    |     1887      |
 5191    |     2358      |
 5192    |     1007      |
 5193    |     4271      |
 5194    |     1949      |
 5195    |     5566      |
 5196    |     6119      |
 5197    |     1046      |
 5198    |     3177      |
 5199    |      160      |
 5200    |     1271      |
 5201    |     5425      |
 5202    |     2982      |
 5203    |     2234      |
 5204    |     3069      |
 5205    |     1467      |
 5206    |     5191      |
 5207    |     1496      |
 5208    |     3611      |
 5209    |     2091      |
 5210    |     5123      |
 5211    |     1448      |
 5212    |      792      |
 5213    |     3701      |
 5214    |     2027      |
 5215    |     4132      |
 5216    |      641      |
 5217    |     5470      |
 5218    |      498      |
 5219    |      835      |
 5220    |     5097      |
 5221    |      749      |
 5222    |     3293      |
 5223    |       78      |
 5224    |     5021      |
 5225    |      693      |
 5226    |     2323      |
 5227    |     6312      |
 5228    |     2336      |
 5229    |     1395      |
 5230    |     3918      |
 5231    |     5566      |
 5232    |     4002      |
 5233    |     1389      |
 5234    |     5919      |
 5235    |     3578      |
 5236    |     5794      |
 5237    |      650      |
 5238    |      720      |
 5239    |     5781      |
 5240    |     1954      |
 5241    |     2282      |
 5242    |     3092      |
 5243    |     3365      |
 5244    |     1958      |
 5245    |     4602      |
 5246    |      823      |
 5247    |     3709      |
 5248    |     3863      |
 5249    |     4778      |
 5250    |     4220      |
 5251    |     1779      |
 5252    |     3559      |
 5253    |     2523      |
 5254    |     5074      |
 5255    |      655      |
 5256    |     5867      |
 5257    |     3785      |
 5258    |     4604      |
 5259    |     3633      |
 5260    |     4169      |
 5261    |     5802      |
 5262    |     4526      |
 5263    |     5103      |
 5264    |     5268      |
 5265    |      632      |
 5266    |     6220      |
 5267    |     3909      |
 5268    |      431      |
 5269    |     5631      |
 5270    |     4727      |
 5271    |     2298      |
 5272    |     1452      |
 5273    |      831      |
 5274    |     3386      |
 5275    |     3267      |
 5276    |     5824      |
 5277    |      982      |
 5278    |     3163      |
 5279    |     4804      |
 5280    |     1687      |
 5281    |      561      |
 5282    |      942      |
 5283    |     4548      |
 5284    |     5857      |
 5285    |     2574      |
 5286    |     5016      |
 5287    |      589      |
 5288    |     3373      |
 5289    |     1026      |
 5290    |     1029      |
 5291    |      771      |
 5292    |      363      |
 5293    |      820      |
 5294    |     2095      |
 5295    |     4964      |
 5296    |      615      |
 5297    |      427      |
 5298    |     5884      |
 5299    |     5426      |
 5300    |     1803      |
 5301    |      263      |
 5302    |     6469      |
 5303    |     3113      |
 5304    |      460      |
 5305    |     2730      |
 5306    |      506      |
 5307    |     2440      |
 5308    |     5819      |
 5309    |       94      |
 5310    |      195      |
 5311    |     4950      |
 5312    |     2566      |
 5313    |     5473      |
 5314    |     1764      |
 5315    |     3771      |
 5316    |     2074      |
 5317    |     4398      |
 5318    |     5656      |
 5319    |     1687      |
 5320    |     1091      |
 5321    |      171      |
 5322    |      775      |
 5323    |     6206      |
 5324    |       30      |
 5325    |     3155      |
 5326    |       93      |
 5327    |     3205      |
 5328    |     1833      |
 5329    |     4821      |
 5330    |     2070      |
 5331    |      140      |
 5332    |     5961      |
 5333    |     3111      |
 5334    |     3241      |
 5335    |      366      |
 5336    |     1155      |
 5337    |     3706      |
 5338    |     3226      |
 5339    |     5325      |
 5340    |     1074      |
 5341    |     1739      |
 5342    |     3064      |
 5343    |     2601      |
 5344    |     4962      |
 5345    |     5872      |
 5346    |     6100      |
 5347    |      536      |
 5348    |     5756      |
 5349    |     5876      |
 5350    |     5640      |
 5351    |      295      |
 5352    |     5839      |
 5353    |     5061      |
 5354    |      903      |
 5355    |     3144      |
 5356    |     2882      |
 5357    |      667      |
 5358    |     3824      |
 5359    |     5182      |
 5360    |     6391      |
 5361    |     6097      |
 5362    |     2111      |
 5363    |     5718      |
 5364    |     4946      |
 5365    |     5842      |
 5366    |     2372      |
 5367    |     1924      |
 5368    |     4221      |
 5369    |     4259      |
 5370    |     1111      |
 5371    |     6055      |
 5372    |     1585      |
 5373    |     5914      |
 5374    |       49      |
 5375    |     4015      |
 5376    |     2192      |
 5377    |     4007      |
 5378    |     3697      |
 5379    |     5933      |
 5380    |     4811      |
 5381    |     5984      |
 5382    |     2664      |
 5383    |     1323      |
 5384    |     5472      |
 5385    |     5278      |
 5386    |     5228      |
 5387    |       12      |
 5388    |      415      |
 5389    |     4140      |
 5390    |     3667      |
 5391    |     6248      |
 5392    |     1402      |
 5393    |     6039      |
 5394    |     2494      |
 5395    |     1015      |
 5396    |     4044      |
 5397    |     5376      |
 5398    |      677      |
 5399    |     1939      |
 5400    |      572      |
 5401    |     2956      |
 5402    |     6343      |
 5403    |     1703      |
 5404    |     4700      |
 5405    |     6357      |
 5406    |     4772      |
 5407    |     2683      |
 5408    |     5083      |
 5409    |     5238      |
 5410    |     5363      |
 5411    |     6401      |
 5412    |     6182      |
 5413    |      549      |
 5414    |     2157      |
 5415    |     1140      |
 5416    |     5917      |
 5417    |     2994      |
 5418    |     5912      |
 5419    |     3657      |
 5420    |     5585      |
 5421    |     5536      |
 5422    |      846      |
 5423    |     4355      |
 5424    |     1231      |
 5425    |      883      |
 5426    |     5455      |
 5427    |     3566      |
 5428    |      844      |
 5429    |     6071      |
 5430    |     1925      |
 5431    |     2021      |
 5432    |      653      |
 5433    |      160      |
 5434    |     2646      |
 5435    |     4433      |
 5436    |     5226      |
 5437    |     5728      |
 5438    |     5352      |
 5439    |     5029      |
 5440    |      684      |
 5441    |     5925      |
 5442    |     4647      |
 5443    |     1711      |
 5444    |      404      |
 5445    |     6404      |
 5446    |      353      |
 5447    |     2239      |
 5448    |     4958      |
 5449    |     6249      |
 5450    |     3540      |
 5451    |      587      |
 5452    |     1769      |
 5453    |     2569      |
 5454    |      193      |
 5455    |     4906      |
 5456    |     2415      |
 5457    |     2992      |
 5458    |     3643      |
 5459    |     4067      |
 5460    |     4309      |
 5461    |     2395      |
 5462    |      862      |
 5463    |     3102      |
 5464    |     4764      |
 5465    |     1601      |
 5466    |     2554      |
 5467    |     5983      |
 5468    |     2874      |
 5469    |     5878      |
 5470    |     5457      |
 5471    |       80      |
 5472    |     5550      |
 5473    |     3530      |
 5474    |     4836      |
 5475    |     3319      |
 5476    |     6304      |
 5477    |     2062      |
 5478    |     2409      |
 5479    |     2994      |
 5480    |     3342      |
 5481    |     4167      |
 5482    |     5738      |
 5483    |     3616      |
 5484    |     2353      |
 5485    |     1042      |
 5486    |     4259      |
 5487    |     3000      |
 5488    |     4517      |
 5489    |     6477      |
 5490    |     6368      |
 5491    |     3254      |
 5492    |     1455      |
 5493    |     4750      |
 5494    |     4932      |
 5495    |     6500      |
 5496    |     4278      |
 5497    |     5760      |
 5498    |     5919      |
 5499    |     2577      |
 5500    |      133      |
 5501    |      240      |
 5502    |     5961      |
 5503    |      871      |
 5504    |     3720      |
 5505    |     2399      |
 5506    |     6295      |
 5507    |     6192      |
 5508    |     5404      |
 5509    |     6071      |
 5510    |      219      |
 5511    |     2267      |
 5512    |     3019      |
 5513    |     2609      |
 5514    |     3533      |
 5515    |     6356      |
 5516    |     6437      |
 5517    |     6549      |
 5518    |     6474      |
 5519    |     3648      |
 5520    |     5835      |
 5521    |     6157      |
 5522    |     5298      |
 5523    |     2317      |
 5524    |      907      |
 5525    |     4722      |
 5526    |     5019      |
 5527    |     3861      |
 5528    |     2719      |
 5529    |     2702      |
 5530    |     5396      |
 5531    |       76      |
 5532    |     2876      |
 5533    |     3845      |
 5534    |     1020      |
 5535    |      737      |
 5536    |     2083      |
 5537    |     2279      |
 5538    |      684      |
 5539    |     6505      |
 5540    |      563      |
 5541    |     4370      |
 5542    |     6200      |
 5543    |     4290      |
 5544    |     5928      |
 5545    |     1110      |
 5546    |      581      |
 5547    |     5694      |
 5548    |      419      |
 5549    |      434      |
 5550    |     5779      |
 5551    |     3306      |
 5552    |     3606      |
 5553    |      633      |
 5554    |     6511      |
 5555    |     3051      |
 5556    |     5071      |
 5557    |     1842      |
 5558    |     6532      |
 5559    |     4032      |
 5560    |     3385      |
 5561    |     4742      |
 5562    |     2466      |
 5563    |      204      |
 5564    |     1302      |
 5565    |     3039      |
 5566    |     5550      |
 5567    |     5934      |
 5568    |     3405      |
 5569    |     3902      |
 5570    |     3044      |
 5571    |     5728      |
 5572    |     2870      |
 5573    |     4445      |
 5574    |     6441      |
 5575    |     4533      |
 5576    |     5898      |
 5577    |     3027      |
 5578    |     6388      |
 5579    |     2263      |
 5580    |     2405      |
 5581    |     5513      |
 5582    |     4723      |
 5583    |     4527      |
 5584    |      330      |
 5585    |     2626      |
 5586    |     3922      |
 5587    |     1507      |
 5588    |     4777      |
 5589    |     4517      |
 5590    |     2706      |
 5591    |      822      |
 5592    |      933      |
 5593    |     3452      |
 5594    |     4402      |
 5595    |     4907      |
 5596    |      573      |
 5597    |     2723      |
 5598    |     1654      |
 5599    |     1256      |
 5600    |     5221      |
 5601    |     3280      |
 5602    |     5736      |
 5603    |     4233      |
 5604    |     5080      |
 5605    |     5756      |
 5606    |     1357      |
 5607    |     4459      |
 5608    |      133      |
 5609    |     5404      |
 5610    |     3474      |
 5611    |     4149      |
 5612    |     1304      |
 5613    |     6288      |
 5614    |     1490      |
 5615    |      494      |
 5616    |     3899      |
 5617    |     6319      |
 5618    |     4503      |
 5619    |     2828      |
 5620    |     1875      |
 5621    |     3348      |
 5622    |     1202      |
 5623    |     4056      |
 5624    |     5701      |
 5625    |     2664      |
 5626    |     3619      |
 5627    |     5661      |
 5628    |     5855      |
 5629    |     1055      |
 5630    |     1390      |
 5631    |     3452      |
 5632    |     5617      |
 5633    |     6296      |
 5634    |      380      |
 5635    |     4193      |
 5636    |      852      |
 5637    |     3735      |
 5638    |     1359      |
 5639    |     3820      |
 5640    |      702      |
 5641    |      827      |
 5642    |     1087      |
 5643    |     3174      |
 5644    |       19      |
 5645    |     1951      |
 5646    |     2274      |
 5647    |     4244      |
 5648    |     6157      |
 5649    |     4196      |
 5650    |     2105      |
 5651    |     4997      |
 5652    |     3559      |
 5653    |     5691      |
 5654    |     2288      |
 5655    |     6501      |
 5656    |     1875      |
 5657    |     4882      |
 5658    |     1880      |
 5659    |     6234      |
 5660    |     3774      |
 5661    |      645      |
 5662    |     4124      |
 5663    |     1781      |
 5664    |     3776      |
 5665    |     5492      |
 5666    |     6372      |
 5667    |     3479      |
 5668    |     4367      |
 5669    |     4273      |
 5670    |     3661      |
 5671    |     3465      |
 5672    |     2512      |
 5673    |      885      |
 5674    |      280      |
 5675    |     2029      |
 5676    |     3194      |
 5677    |     5211      |
 5678    |     5267      |
 5679    |     4327      |
 5680    |     1887      |
 5681    |     1139      |
 5682    |     2468      |
 5683    |     4281      |
 5684    |     2674      |
 5685    |     3205      |
 5686    |     4940      |
 5687    |     2657      |
 5688    |     2765      |
 5689    |     4699      |
 5690    |     1344      |
 5691    |     2323      |
 5692    |     4433      |
 5693    |     4925      |
 5694    |      733      |
 5695    |     4817      |
 5696    |     2832      |
 5697    |     6524      |
 5698    |     3699      |
 5699    |     2968      |
 5700    |     4726      |
 5701    |     2745      |
 5702    |     1892      |
 5703    |      360      |
 5704    |     4482      |
 5705    |     3479      |
 5706    |     3541      |
 5707    |       22      |
 5708    |     3804      |
 5709    |     3855      |
 5710    |     4795      |
 5711    |     2930      |
 5712    |       97      |
 5713    |     6029      |
 5714    |     4975      |
 5715    |     3781      |
 5716    |     6056      |
 5717    |     2182      |
 5718    |     3558      |
 5719    |     3934      |
 5720    |     5859      |
 5721    |     5639      |
 5722    |      830      |
 5723    |     5208      |
 5724    |     2017      |
 5725    |     5574      |
 5726    |     5513      |
 5727    |     3602      |
 5728    |     4760      |
 5729    |     2258      |
 5730    |     3328      |
 5731    |     4697      |
 5732    |      159      |
 5733    |     3747      |
 5734    |     5339      |
 5735    |     3687      |
 5736    |     3870      |
 5737    |     3898      |
 5738    |     4405      |
 5739    |     2143      |
 5740    |     4808      |
 5741    |     4247      |
 5742    |     3633      |
 5743    |     3570      |
 5744    |      713      |
 5745    |     5351      |
 5746    |     3428      |
 5747    |     2302      |
 5748    |     3710      |
 5749    |     2643      |
 5750    |     4805      |
 5751    |     1204      |
 5752    |     1762      |
 5753    |     5635      |
 5754    |     5960      |
 5755    |     1560      |
 5756    |      544      |
 5757    |     4038      |
 5758    |     1588      |
 5759    |     3077      |
 5760    |     3629      |
 5761    |     6438      |
 5762    |     4912      |
 5763    |     4422      |
 5764    |      891      |
 5765    |     5758      |
 5766    |     1331      |
 5767    |     3376      |
 5768    |     5037      |
 5769    |     6324      |
 5770    |      236      |
 5771    |     6416      |
 5772    |      329      |
 5773    |     4605      |
 5774    |     1281      |
 5775    |     3082      |
 5776    |     4984      |
 5777    |     1792      |
 5778    |     3097      |
 5779    |     2964      |
 5780    |     2968      |
 5781    |     3328      |
 5782    |     3032      |
 5783    |     1086      |
 5784    |     4599      |
 5785    |     4267      |
 5786    |      726      |
 5787    |     3607      |
 5788    |     4501      |
 5789    |     1624      |
 5790    |     5801      |
 5791    |      965      |
 5792    |     4666      |
 5793    |      254      |
 5794    |     1717      |
 5795    |     1599      |
 5796    |     6350      |
 5797    |     1643      |
 5798    |      391      |
 5799    |     2679      |
 5800    |      818      |
 5801    |      930      |
 5802    |     1826      |
 5803    |     6033      |
 5804    |      385      |
 5805    |     1214      |
 5806    |     5625      |
 5807    |     5208      |
 5808    |     4954      |
 5809    |     6346      |
 5810    |     5417      |
 5811    |     3941      |
 5812    |     5472      |
 5813    |     1257      |
 5814    |     3963      |
 5815    |     4153      |
 5816    |     1589      |
 5817    |      170      |
 5818    |     5622      |
 5819    |     5514      |
 5820    |     5769      |
 5821    |     2325      |
 5822    |     5977      |
 5823    |     1223      |
 5824    |     4952      |
 5825    |     5775      |
 5826    |     1479      |
 5827    |     1632      |
 5828    |     1206      |
 5829    |     2796      |
 5830    |     5435      |
 5831    |     5587      |
 5832    |     1404      |
 5833    |     3825      |
 5834    |     2711      |
 5835    |     2363      |
 5836    |      666      |
 5837    |     2830      |
 5838    |      861      |
 5839    |     2884      |
 5840    |     4185      |
 5841    |     6282      |
 5842    |     3427      |
 5843    |     1876      |
 5844    |     6384      |
 5845    |     6226      |
 5846    |      409      |
 5847    |     2138      |
 5848    |     3681      |
 5849    |     2999      |
 5850    |     4056      |
 5851    |     4955      |
 5852    |     4241      |
 5853    |     4170      |
 5854    |     2571      |
 5855    |      936      |
 5856    |     2672      |
 5857    |     5122      |
 5858    |     2879      |
 5859    |     2405      |
 5860    |     6148      |
 5861    |     2041      |
 5862    |     5378      |
 5863    |     2046      |
 5864    |     2033      |
 5865    |     2901      |
 5866    |     3393      |
 5867    |     3162      |
 5868    |     1243      |
 5869    |     3724      |
 5870    |      144      |
 5871    |     3153      |
 5872    |     5428      |
 5873    |     5982      |
 5874    |      234      |
 5875    |     3232      |
 5876    |     2652      |
 5877    |     4487      |
 5878    |     2690      |
 5879    |      707      |
 5880    |     4713      |
 5881    |     4574      |
 5882    |     1353      |
 5883    |     2515      |
 5884    |     1273      |
 5885    |     4259      |
 5886    |     5143      |
 5887    |     2149      |
 5888    |     2791      |
 5889    |     5508      |
 5890    |     3929      |
 5891    |     2844      |
 5892    |     2308      |
 5893    |     3942      |
 5894    |     5743      |
 5895    |     2727      |
 5896    |     3643      |
 5897    |     2377      |
 5898    |     2070      |
 5899    |     2265      |
 5900    |     5576      |
 5901    |     1723      |
 5902    |     4393      |
 5903    |      228      |
 5904    |     2383      |
 5905    |     2657      |
 5906    |     4619      |
 5907    |     3178      |
 5908    |     1421      |
 5909    |     2474      |
 5910    |     3351      |
 5911    |      291      |
 5912    |     3739      |
 5913    |     4940      |
 5914    |     1231      |
 5915    |     4293      |
 5916    |     1877      |
 5917    |     2156      |
 5918    |     6491      |
 5919    |     4000      |
 5920    |     5597      |
 5921    |     1137      |
 5922    |     3518      |
 5923    |     3800      |
 5924    |     1106      |
 5925    |     3025      |
 5926    |     6374      |
 5927    |     4696      |
 5928    |     2806      |
 5929    |     4616      |
 5930    |     3725      |
 5931    |     1881      |
 5932    |     1739      |
 5933    |        8      |
 5934    |     5559      |
 5935    |     1298      |
 5936    |      954      |
 5937    |     2560      |
 5938    |     1205      |
 5939    |      270      |
 5940    |     3253      |
 5941    |     5235      |
 5942    |     3450      |
 5943    |     3780      |
 5944    |     2312      |
 5945    |     2362      |
 5946    |      776      |
 5947    |     6104      |
 5948    |     2543      |
 5949    |     5106      |
 5950    |     6206      |
 5951    |     4163      |
 5952    |     2660      |
 5953    |     3833      |
 5954    |     2110      |
 5955    |     3141      |
 5956    |      130      |
 5957    |     4949      |
 5958    |     2319      |
 5959    |     5959      |
 5960    |     5161      |
 5961    |     1553      |
 5962    |      313      |
 5963    |      849      |
 5964    |     4343      |
 5965    |     1715      |
 5966    |     5686      |
 5967    |     5906      |
 5968    |     3001      |
 5969    |     6179      |
 5970    |     5342      |
 5971    |     3088      |
 5972    |     1398      |
 5973    |     3554      |
 5974    |     1479      |
 5975    |     1828      |
 5976    |     1144      |
 5977    |     5775      |
 5978    |       52      |
 5979    |     2497      |
 5980    |     2316      |
 5981    |     6051      |
 5982    |     6025      |
 5983    |      670      |
 5984    |     4159      |
 5985    |     3210      |
 5986    |     6079      |
 5987    |     1902      |
 5988    |     2777      |
 5989    |     2961      |
 5990    |      771      |
 5991    |     5970      |
 5992    |     4147      |
 5993    |     2306      |
 5994    |     1539      |
 5995    |     1876      |
 5996    |     4458      |
 5997    |     1925      |
 5998    |     3941      |
 5999    |     4659      |
 6000    |     2020      |
 6001    |     5169      |
 6002    |     2583      |
 6003    |     4060      |
 6004    |      203      |
 6005    |     6528      |
 6006    |     1852      |
 6007    |      669      |
 6008    |     4539      |
 6009    |     1779      |
 6010    |     4886      |
 6011    |      128      |
 6012    |     5160      |
 6013    |     5214      |
 6014    |     4038      |
 6015    |     3093      |
 6016    |     5084      |
 6017    |       82      |
 6018    |     3586      |
 6019    |     4981      |
 6020    |     4907      |
 6021    |     3486      |
 6022    |     6522      |
 6023    |     6190      |
 6024    |     6477      |
 6025    |     4544      |
 6026    |     4282      |
 6027    |     5062      |
 6028    |     1702      |
 6029    |     1072      |
 6030    |     1440      |
 6031    |     2098      |
 6032    |     5756      |
 6033    |     4609      |
 6034    |     1128      |
 6035    |     5385      |
 6036    |     5364      |
 6037    |     1149      |
 6038    |     2141      |
 6039    |     5895      |
 6040    |     2909      |
 6041    |     1497      |
 6042    |     3164      |
 6043    |       65      |
 6044    |     2297      |
 6045    |      749      |
 6046    |     3089      |
 6047    |     6524      |
 6048    |     2398      |
 6049    |     3630      |
 6050    |     2148      |
 6051    |     1263      |
 6052    |     5081      |
 6053    |     3156      |
 6054    |     2906      |
 6055    |     4204      |
 6056    |     3236      |
 6057    |     2723      |
 6058    |     3724      |
 6059    |     5183      |
 6060    |     5946      |
 6061    |     5390      |
 6062    |     5669      |
 6063    |     2812      |
 6064    |     4434      |
 6065    |     2840      |
 6066    |      161      |
 6067    |      481      |
 6068    |     3294      |
 6069    |     4233      |
 6070    |     2494      |
 6071    |     3852      |
 6072    |     4391      |
 6073    |     1093      |
 6074    |     3400      |
 6075    |     5961      |
 6076    |     2021      |
 6077    |      196      |
 6078    |     3719      |
 6079    |     3368      |
 6080    |     3554      |
 6081    |     1427      |
 6082    |     2404      |
 6083    |     3814      |
 6084    |     5669      |
 6085    |     1256      |
 6086    |      842      |
 6087    |     4240      |
 6088    |     5952      |
 6089    |     4912      |
 6090    |     4342      |
 6091    |     5482      |
 6092    |     6243      |
 6093    |      408      |
 6094    |     4635      |
 6095    |     2349      |
 6096    |     1493      |
 6097    |     6033      |
 6098    |     3786      |
 6099    |     6534      |
 6100    |     2015      |
 6101    |     4205      |
 6102    |     5592      |
 6103    |     6557      |
 6104    |     5825      |
 6105    |     6149      |
 6106    |     3917      |
 6107    |     1282      |
 6108    |     1910      |
 6109    |     5448      |
 6110    |     2763      |
 6111    |      242      |
 6112    |      808      |
 6113    |     4132      |
 6114    |     1472      |
 6115    |     2767      |
 6116    |     3143      |
 6117    |     1724      |
 6118    |     2855      |
 6119    |     3590      |
 6120    |     1371      |
 6121    |     1001      |
 6122    |     2262      |
 6123    |     5952      |
 6124    |     5496      |
 6125    |     5789      |
 6126    |     5029      |
 6127    |     1005      |
 6128    |     3822      |
 6129    |     2248      |
 6130    |       19      |
 6131    |      926      |
 6132    |     2257      |
 6133    |     3718      |
 6134    |     5248      |
 6135    |     4272      |
 6136    |     3018      |
 6137    |     4140      |
 6138    |      213      |
 6139    |     1491      |
 6140    |      791      |
 6141    |      315      |
 6142    |     5641      |
 6143    |     1894      |
 6144    |     1897      |
 6145    |     1676      |
 6146    |      209      |
 6147    |     6533      |
 6148    |     5791      |
 6149    |     1072      |
 6150    |      341      |
 6151    |     6455      |
 6152    |     1225      |
 6153    |     1180      |
 6154    |     3373      |
 6155    |     5113      |
 6156    |     3412      |
 6157    |     6115      |
 6158    |     2334      |
 6159    |     1082      |
 6160    |     1840      |
 6161    |     2172      |
 6162    |     5605      |
 6163    |     5084      |
 6164    |      466      |
 6165    |     2039      |
 6166    |     1765      |
 6167    |     4602      |
 6168    |     1682      |
 6169    |     5068      |
 6170    |     5478      |
 6171    |     5012      |
 6172    |     4183      |
 6173    |      314      |
 6174    |       54      |
 6175    |     4323      |
 6176    |      839      |
 6177    |      885      |
 6178    |     4287      |
 6179    |     3928      |
 6180    |     2966      |
 6181    |     4120      |
 6182    |     3767      |
 6183    |     3284      |
 6184    |     2592      |
 6185    |     4415      |
 6186    |     4277      |
 6187    |     2460      |
 6188    |     4462      |
 6189    |     6153      |
 6190    |      117      |
 6191    |     5681      |
 6192    |     4645      |
 6193    |     1586      |
 6194    |     1122      |
 6195    |     3743      |
 6196    |     6448      |
 6197    |     5133      |
 6198    |     3906      |
 6199    |     1752      |
 6200    |     4465      |
 6201    |      662      |
 6202    |     2180      |
 6203    |     2085      |
 6204    |     6360      |
 6205    |      961      |
 6206    |       99      |
 6207    |     2304      |
 6208    |     3480      |
 6209    |     6330      |
 6210    |     3843      |
 6211    |     5334      |
 6212    |      803      |
 6213    |     3073      |
 6214    |     3813      |
 6215    |     3966      |
 6216    |     3795      |
 6217    |     5231      |
 6218    |     5432      |
 6219    |     4021      |
 6220    |     1641      |
 6221    |      346      |
 6222    |     3855      |
 6223    |     5915      |
 6224    |     5294      |
 6225    |     2418      |
 6226    |      864      |
 6227    |      126      |
 6228    |     1627      |
 6229    |     1999      |
 6230    |     4922      |
 6231    |     1832      |
 6232    |     1813      |
 6233    |     1741      |
 6234    |     3417      |
 6235    |      611      |
 6236    |     2301      |
 6237    |     4762      |
 6238    |     5516      |
 6239    |     6270      |
 6240    |     2640      |
 6241    |     1253      |
 6242    |     6219      |
 6243    |     4620      |
 6244    |     4928      |
 6245    |     1625      |
 6246    |     1282      |
 6247    |     3495      |
 6248    |     3055      |
 6249    |     1486      |
 6250    |     2968      |
 6251    |     5617      |
 6252    |     1242      |
 6253    |     6248      |
 6254    |     6345      |
 6255    |     5133      |
 6256    |     5887      |
 6257    |     5087      |
 6258    |     5541      |
 6259    |     4320      |
 6260    |     3262      |
 6261    |     4529      |
 6262    |     3159      |
 6263    |     2450      |
 6264    |     4715      |
 6265    |     4107      |
 6266    |     2472      |
 6267    |     1736      |
 6268    |      411      |
 6269    |      179      |
 6270    |     2477      |
 6271    |     5770      |
 6272    |     2358      |
 6273    |     5376      |
 6274    |     6395      |
 6275    |     6212      |
 6276    |     5731      |
 6277    |     5130      |
 6278    |     5725      |
 6279    |     2369      |
 6280    |     6470      |
 6281    |     1375      |
 6282    |     3102      |
 6283    |     3200      |
 6284    |     5338      |
 6285    |      690      |
 6286    |     3152      |
 6287    |     1811      |
 6288    |     4862      |
 6289    |     1305      |
 6290    |     4503      |
 6291    |     4510      |
 6292    |     6413      |
 6293    |     3481      |
 6294    |     5717      |
 6295    |      437      |
 6296    |     1835      |
 6297    |     5405      |
 6298    |     4394      |
 6299    |     5083      |
 6300    |     2811      |
 6301    |     1911      |
 6302    |     2352      |
 6303    |     4151      |
 6304    |     2156      |
 6305    |     5886      |
 6306    |     4704      |
 6307    |     2939      |
 6308    |     6425      |
 6309    |     6213      |
 6310    |     1296      |
 6311    |     2660      |
 6312    |     3764      |
 6313    |     1771      |
 6314    |     5072      |
 6315    |     6325      |
 6316    |      102      |
 6317    |     6306      |
 6318    |     5552      |
 6319    |     2544      |
 6320    |     5464      |
 6321    |     3070      |
 6322    |     4919      |
 6323    |     1740      |
 6324    |     1974      |
 6325    |      593      |
 6326    |     3637      |
 6327    |     5001      |
 6328    |     2441      |
 6329    |     1543      |
 6330    |     5730      |
 6331    |     5130      |
 6332    |     2124      |
 6333    |      311      |
 6334    |     1764      |
 6335    |     3811      |
 6336    |     6390      |
 6337    |     1369      |
 6338    |     4306      |
 6339    |     5526      |
 6340    |     2028      |
 6341    |     4686      |
 6342    |     6037      |
 6343    |     2423      |
 6344    |     1318      |
 6345    |      611      |
 6346    |      907      |
 6347    |      615      |
 6348    |     6472      |
 6349    |     3089      |
 6350    |      489      |
 6351    |     1160      |
 6352    |     5463      |
 6353    |     1948      |
 6354    |     3084      |
 6355    |     2900      |
 6356    |     4006      |
 6357    |     1668      |
 6358    |     5287      |
 6359    |     5212      |
 6360    |     3670      |
 6361    |     5696      |
 6362    |      297      |
 6363    |      453      |
 6364    |     2053      |
 6365    |     2966      |
 6366    |     4317      |
 6367    |     3027      |
 6368    |     1402      |
 6369    |      960      |
 6370    |      897      |
 6371    |     6479      |
 6372    |     4066      |
 6373    |     5240      |
 6374    |     5320      |
 6375    |     3769      |
 6376    |     1687      |
 6377    |     5237      |
 6378    |     4600      |
 6379    |     3076      |
 6380    |     5149      |
 6381    |      137      |
 6382    |     4665      |
 6383    |     1967      |
 6384    |     5458      |
 6385    |     4978      |
 6386    |     6421      |
 6387    |     2496      |
 6388    |     5832      |
 6389    |      504      |
 6390    |     6431      |
 6391    |      265      |
 6392    |     6406      |
 6393    |     4978      |
 6394    |     5819      |
 6395    |     4269      |
 6396    |      821      |
 6397    |     4820      |
 6398    |     4097      |
 6399    |     6127      |
 6400    |     4619      |
 6401    |     5041      |
 6402    |     1729      |
 6403    |      771      |
 6404    |     5303      |
 6405    |      393      |
 6406    |       20      |
 6407    |      227      |
 6408    |      352      |
 6409    |      486      |
 6410    |     2681      |
 6411    |     5135      |
 6412    |     4630      |
 6413    |     6559      |
 6414    |      826      |
 6415    |     2022      |
 6416    |     5146      |
 6417    |     5349      |
 6418    |     2886      |
 6419    |     6260      |
 6420    |     3490      |
 6421    |     5948      |
 6422    |     5037      |
 6423    |     1256      |
 6424    |     5325      |
 6425    |     2803      |
 6426    |     5521      |
 6427    |     4862      |
 6428    |     3476      |
 6429    |     1601      |
 6430    |     2617      |
 6431    |     6434      |
 6432    |     4655      |
 6433    |     5259      |
 6434    |     2724      |
 6435    |      324      |
 6436    |     3675      |
 6437    |     2710      |
 6438    |     3169      |
 6439    |     3178      |
 6440    |     6209      |
 6441    |     1717      |
 6442    |     2928      |
 6443    |     1949      |
 6444    |     4402      |
 6445    |     6223      |
 6446    |     2267      |
 6447    |     4643      |
 6448    |     1522      |
 6449    |     5586      |
 6450    |      724      |
 6451    |     3294      |
 6452    |     1705      |
 6453    |     2854      |
 6454    |     1941      |
 6455    |     5442      |
 6456    |     6026      |
 6457    |     4914      |
 6458    |     5089      |
 6459    |     3130      |
 6460    |      864      |
 6461    |      465      |
 6462    |     5047      |
 6463    |     2101      |
 6464    |     6163      |
 6465    |     5468      |
 6466    |     1122      |
 6467    |     5004      |
 6468    |     4195      |
 6469    |     5303      |
 6470    |     2362      |
 6471    |      632      |
 6472    |     2731      |
 6473    |     1545      |
 6474    |     4622      |
 6475    |     2613      |
 6476    |     5302      |
 6477    |     4153      |
 6478    |     2227      |
 6479    |     1977      |
 6480    |     1179      |
 6481    |     3226      |
 6482    |     4700      |
 6483    |     2781      |
 6484    |     1930      |
 6485    |     1886      |
 6486    |     5597      |
 6487    |     4123      |
 6488    |     5648      |
 6489    |     5006      |
 6490    |     5450      |
 6491    |     1428      |
 6492    |     2374      |
 6493    |     3188      |
 6494    |     4200      |
 6495    |     5429      |
 6496    |       87      |
 6497    |     3442      |
 6498    |     4594      |
 6499    |     1573      |
 6500    |     4930      |
 6501    |     2150      |
 6502    |     1897      |
 6503    |     2972      |
 6504    |     5679      |
 6505    |     4246      |
 6506    |     5378      |
 6507    |      184      |
 6508    |     2877      |
 6509    |     2172      |
 6510    |     4158      |
 6511    |     3782      |
 6512    |     4225      |
 6513    |     2889      |
 6514    |     2860      |
 6515    |     4654      |
 6516    |     6534      |
 6517    |     5719      |
 6518    |      102      |
 6519    |     5296      |
 6520    |     5659      |
 6521    |     2490      |
 6522    |     1973      |
 6523    |     3336      |
 6524    |     2720      |
 6525    |     5327      |
 6526    |     1314      |
 6527    |     4879      |
 6528    |       28      |
 6529    |     2727      |
 6530    |     5670      |
 6531    |     2488      |
 6532    |      701      |
 6533    |     1030      |
 6534    |     1797      |
 6535    |     1628      |
 6536    |     2082      |
 6537    |     1980      |
 6538    |     3487      |
 6539    |     2231      |
 6540    |     2653      |
 6541    |      380      |
 6542    |     5809      |
 6543    |     2127      |
 6544    |     3333      |
 6545    |     3335      |
 6546    |     3297      |
 6547    |     4977      |
 6548    |     1732      |
 6549    |      255      |
 6550    |     5004      |
 6551    |     1522      |
 6552    |     4163      |
 6553    |     3399      |
 6554    |     3588      |
 6555    |      118      |
 6556    |     2443      |
 6557    |     3030      |
 6558    |     6279      |
 6559    |     1541      |
 6560    |     5383      |
