**************************
  ADDR  ***   Value    ***
**************************
    0    |        0      |
    1    |    16384      |
    2    |    32768      |
    3    |     4096      |
    4    |    20480      |
    5    |    36864      |
    6    |     8192      |
    7    |    24576      |
    8    |    40960      |
    9    |     1024      |
   10    |    17408      |
   11    |    33792      |
   12    |     5120      |
   13    |    21504      |
   14    |    37888      |
   15    |     9216      |
   16    |    25600      |
   17    |    41984      |
   18    |     2048      |
   19    |    18432      |
   20    |    34816      |
   21    |     6144      |
   22    |    22528      |
   23    |    38912      |
   24    |    10240      |
   25    |    26624      |
   26    |    43008      |
   27    |      256      |
   28    |    16640      |
   29    |    33024      |
   30    |     4352      |
   31    |    20736      |
   32    |    37120      |
   33    |     8448      |
   34    |    24832      |
   35    |    41216      |
   36    |     1280      |
   37    |    17664      |
   38    |    34048      |
   39    |     5376      |
   40    |    21760      |
   41    |    38144      |
   42    |     9472      |
   43    |    25856      |
   44    |    42240      |
   45    |     2304      |
   46    |    18688      |
   47    |    35072      |
   48    |     6400      |
   49    |    22784      |
   50    |    39168      |
   51    |    10496      |
   52    |    26880      |
   53    |    43264      |
   54    |      512      |
   55    |    16896      |
   56    |    33280      |
   57    |     4608      |
   58    |    20992      |
   59    |    37376      |
   60    |     8704      |
   61    |    25088      |
   62    |    41472      |
   63    |     1536      |
   64    |    17920      |
   65    |    34304      |
   66    |     5632      |
   67    |    22016      |
   68    |    38400      |
   69    |     9728      |
   70    |    26112      |
   71    |    42496      |
   72    |     2560      |
   73    |    18944      |
   74    |    35328      |
   75    |     6656      |
   76    |    23040      |
   77    |    39424      |
   78    |    10752      |
   79    |    27136      |
   80    |    43520      |
   81    |       64      |
   82    |    16448      |
   83    |    32832      |
   84    |     4160      |
   85    |    20544      |
   86    |    36928      |
   87    |     8256      |
   88    |    24640      |
   89    |    41024      |
   90    |     1088      |
   91    |    17472      |
   92    |    33856      |
   93    |     5184      |
   94    |    21568      |
   95    |    37952      |
   96    |     9280      |
   97    |    25664      |
   98    |    42048      |
   99    |     2112      |
  100    |    18496      |
  101    |    34880      |
  102    |     6208      |
  103    |    22592      |
  104    |    38976      |
  105    |    10304      |
  106    |    26688      |
  107    |    43072      |
  108    |      320      |
  109    |    16704      |
  110    |    33088      |
  111    |     4416      |
  112    |    20800      |
  113    |    37184      |
  114    |     8512      |
  115    |    24896      |
  116    |    41280      |
  117    |     1344      |
  118    |    17728      |
  119    |    34112      |
  120    |     5440      |
  121    |    21824      |
  122    |    38208      |
  123    |     9536      |
  124    |    25920      |
  125    |    42304      |
  126    |     2368      |
  127    |    18752      |
  128    |    35136      |
  129    |     6464      |
  130    |    22848      |
  131    |    39232      |
  132    |    10560      |
  133    |    26944      |
  134    |    43328      |
  135    |      576      |
  136    |    16960      |
  137    |    33344      |
  138    |     4672      |
  139    |    21056      |
  140    |    37440      |
  141    |     8768      |
  142    |    25152      |
  143    |    41536      |
  144    |     1600      |
  145    |    17984      |
  146    |    34368      |
  147    |     5696      |
  148    |    22080      |
  149    |    38464      |
  150    |     9792      |
  151    |    26176      |
  152    |    42560      |
  153    |     2624      |
  154    |    19008      |
  155    |    35392      |
  156    |     6720      |
  157    |    23104      |
  158    |    39488      |
  159    |    10816      |
  160    |    27200      |
  161    |    43584      |
  162    |      128      |
  163    |    16512      |
  164    |    32896      |
  165    |     4224      |
  166    |    20608      |
  167    |    36992      |
  168    |     8320      |
  169    |    24704      |
  170    |    41088      |
  171    |     1152      |
  172    |    17536      |
  173    |    33920      |
  174    |     5248      |
  175    |    21632      |
  176    |    38016      |
  177    |     9344      |
  178    |    25728      |
  179    |    42112      |
  180    |     2176      |
  181    |    18560      |
  182    |    34944      |
  183    |     6272      |
  184    |    22656      |
  185    |    39040      |
  186    |    10368      |
  187    |    26752      |
  188    |    43136      |
  189    |      384      |
  190    |    16768      |
  191    |    33152      |
  192    |     4480      |
  193    |    20864      |
  194    |    37248      |
  195    |     8576      |
  196    |    24960      |
  197    |    41344      |
  198    |     1408      |
  199    |    17792      |
  200    |    34176      |
  201    |     5504      |
  202    |    21888      |
  203    |    38272      |
  204    |     9600      |
  205    |    25984      |
  206    |    42368      |
  207    |     2432      |
  208    |    18816      |
  209    |    35200      |
  210    |     6528      |
  211    |    22912      |
  212    |    39296      |
  213    |    10624      |
  214    |    27008      |
  215    |    43392      |
  216    |      640      |
  217    |    17024      |
  218    |    33408      |
  219    |     4736      |
  220    |    21120      |
  221    |    37504      |
  222    |     8832      |
  223    |    25216      |
  224    |    41600      |
  225    |     1664      |
  226    |    18048      |
  227    |    34432      |
  228    |     5760      |
  229    |    22144      |
  230    |    38528      |
  231    |     9856      |
  232    |    26240      |
  233    |    42624      |
  234    |     2688      |
  235    |    19072      |
  236    |    35456      |
  237    |     6784      |
  238    |    23168      |
  239    |    39552      |
  240    |    10880      |
  241    |    27264      |
  242    |    43648      |
  243    |       16      |
  244    |    16400      |
  245    |    32784      |
  246    |     4112      |
  247    |    20496      |
  248    |    36880      |
  249    |     8208      |
  250    |    24592      |
  251    |    40976      |
  252    |     1040      |
  253    |    17424      |
  254    |    33808      |
  255    |     5136      |
  256    |    21520      |
  257    |    37904      |
  258    |     9232      |
  259    |    25616      |
  260    |    42000      |
  261    |     2064      |
  262    |    18448      |
  263    |    34832      |
  264    |     6160      |
  265    |    22544      |
  266    |    38928      |
  267    |    10256      |
  268    |    26640      |
  269    |    43024      |
  270    |      272      |
  271    |    16656      |
  272    |    33040      |
  273    |     4368      |
  274    |    20752      |
  275    |    37136      |
  276    |     8464      |
  277    |    24848      |
  278    |    41232      |
  279    |     1296      |
  280    |    17680      |
  281    |    34064      |
  282    |     5392      |
  283    |    21776      |
  284    |    38160      |
  285    |     9488      |
  286    |    25872      |
  287    |    42256      |
  288    |     2320      |
  289    |    18704      |
  290    |    35088      |
  291    |     6416      |
  292    |    22800      |
  293    |    39184      |
  294    |    10512      |
  295    |    26896      |
  296    |    43280      |
  297    |      528      |
  298    |    16912      |
  299    |    33296      |
  300    |     4624      |
  301    |    21008      |
  302    |    37392      |
  303    |     8720      |
  304    |    25104      |
  305    |    41488      |
  306    |     1552      |
  307    |    17936      |
  308    |    34320      |
  309    |     5648      |
  310    |    22032      |
  311    |    38416      |
  312    |     9744      |
  313    |    26128      |
  314    |    42512      |
  315    |     2576      |
  316    |    18960      |
  317    |    35344      |
  318    |     6672      |
  319    |    23056      |
  320    |    39440      |
  321    |    10768      |
  322    |    27152      |
  323    |    43536      |
  324    |       80      |
  325    |    16464      |
  326    |    32848      |
  327    |     4176      |
  328    |    20560      |
  329    |    36944      |
  330    |     8272      |
  331    |    24656      |
  332    |    41040      |
  333    |     1104      |
  334    |    17488      |
  335    |    33872      |
  336    |     5200      |
  337    |    21584      |
  338    |    37968      |
  339    |     9296      |
  340    |    25680      |
  341    |    42064      |
  342    |     2128      |
  343    |    18512      |
  344    |    34896      |
  345    |     6224      |
  346    |    22608      |
  347    |    38992      |
  348    |    10320      |
  349    |    26704      |
  350    |    43088      |
  351    |      336      |
  352    |    16720      |
  353    |    33104      |
  354    |     4432      |
  355    |    20816      |
  356    |    37200      |
  357    |     8528      |
  358    |    24912      |
  359    |    41296      |
  360    |     1360      |
  361    |    17744      |
  362    |    34128      |
  363    |     5456      |
  364    |    21840      |
  365    |    38224      |
  366    |     9552      |
  367    |    25936      |
  368    |    42320      |
  369    |     2384      |
  370    |    18768      |
  371    |    35152      |
  372    |     6480      |
  373    |    22864      |
  374    |    39248      |
  375    |    10576      |
  376    |    26960      |
  377    |    43344      |
  378    |      592      |
  379    |    16976      |
  380    |    33360      |
  381    |     4688      |
  382    |    21072      |
  383    |    37456      |
  384    |     8784      |
  385    |    25168      |
  386    |    41552      |
  387    |     1616      |
  388    |    18000      |
  389    |    34384      |
  390    |     5712      |
  391    |    22096      |
  392    |    38480      |
  393    |     9808      |
  394    |    26192      |
  395    |    42576      |
  396    |     2640      |
  397    |    19024      |
  398    |    35408      |
  399    |     6736      |
  400    |    23120      |
  401    |    39504      |
  402    |    10832      |
  403    |    27216      |
  404    |    43600      |
  405    |      144      |
  406    |    16528      |
  407    |    32912      |
  408    |     4240      |
  409    |    20624      |
  410    |    37008      |
  411    |     8336      |
  412    |    24720      |
  413    |    41104      |
  414    |     1168      |
  415    |    17552      |
  416    |    33936      |
  417    |     5264      |
  418    |    21648      |
  419    |    38032      |
  420    |     9360      |
  421    |    25744      |
  422    |    42128      |
  423    |     2192      |
  424    |    18576      |
  425    |    34960      |
  426    |     6288      |
  427    |    22672      |
  428    |    39056      |
  429    |    10384      |
  430    |    26768      |
  431    |    43152      |
  432    |      400      |
  433    |    16784      |
  434    |    33168      |
  435    |     4496      |
  436    |    20880      |
  437    |    37264      |
  438    |     8592      |
  439    |    24976      |
  440    |    41360      |
  441    |     1424      |
  442    |    17808      |
  443    |    34192      |
  444    |     5520      |
  445    |    21904      |
  446    |    38288      |
  447    |     9616      |
  448    |    26000      |
  449    |    42384      |
  450    |     2448      |
  451    |    18832      |
  452    |    35216      |
  453    |     6544      |
  454    |    22928      |
  455    |    39312      |
  456    |    10640      |
  457    |    27024      |
  458    |    43408      |
  459    |      656      |
  460    |    17040      |
  461    |    33424      |
  462    |     4752      |
  463    |    21136      |
  464    |    37520      |
  465    |     8848      |
  466    |    25232      |
  467    |    41616      |
  468    |     1680      |
  469    |    18064      |
  470    |    34448      |
  471    |     5776      |
  472    |    22160      |
  473    |    38544      |
  474    |     9872      |
  475    |    26256      |
  476    |    42640      |
  477    |     2704      |
  478    |    19088      |
  479    |    35472      |
  480    |     6800      |
  481    |    23184      |
  482    |    39568      |
  483    |    10896      |
  484    |    27280      |
  485    |    43664      |
  486    |       32      |
  487    |    16416      |
  488    |    32800      |
  489    |     4128      |
  490    |    20512      |
  491    |    36896      |
  492    |     8224      |
  493    |    24608      |
  494    |    40992      |
  495    |     1056      |
  496    |    17440      |
  497    |    33824      |
  498    |     5152      |
  499    |    21536      |
  500    |    37920      |
  501    |     9248      |
  502    |    25632      |
  503    |    42016      |
  504    |     2080      |
  505    |    18464      |
  506    |    34848      |
  507    |     6176      |
  508    |    22560      |
  509    |    38944      |
  510    |    10272      |
  511    |    26656      |
  512    |    43040      |
  513    |      288      |
  514    |    16672      |
  515    |    33056      |
  516    |     4384      |
  517    |    20768      |
  518    |    37152      |
  519    |     8480      |
  520    |    24864      |
  521    |    41248      |
  522    |     1312      |
  523    |    17696      |
  524    |    34080      |
  525    |     5408      |
  526    |    21792      |
  527    |    38176      |
  528    |     9504      |
  529    |    25888      |
  530    |    42272      |
  531    |     2336      |
  532    |    18720      |
  533    |    35104      |
  534    |     6432      |
  535    |    22816      |
  536    |    39200      |
  537    |    10528      |
  538    |    26912      |
  539    |    43296      |
  540    |      544      |
  541    |    16928      |
  542    |    33312      |
  543    |     4640      |
  544    |    21024      |
  545    |    37408      |
  546    |     8736      |
  547    |    25120      |
  548    |    41504      |
  549    |     1568      |
  550    |    17952      |
  551    |    34336      |
  552    |     5664      |
  553    |    22048      |
  554    |    38432      |
  555    |     9760      |
  556    |    26144      |
  557    |    42528      |
  558    |     2592      |
  559    |    18976      |
  560    |    35360      |
  561    |     6688      |
  562    |    23072      |
  563    |    39456      |
  564    |    10784      |
  565    |    27168      |
  566    |    43552      |
  567    |       96      |
  568    |    16480      |
  569    |    32864      |
  570    |     4192      |
  571    |    20576      |
  572    |    36960      |
  573    |     8288      |
  574    |    24672      |
  575    |    41056      |
  576    |     1120      |
  577    |    17504      |
  578    |    33888      |
  579    |     5216      |
  580    |    21600      |
  581    |    37984      |
  582    |     9312      |
  583    |    25696      |
  584    |    42080      |
  585    |     2144      |
  586    |    18528      |
  587    |    34912      |
  588    |     6240      |
  589    |    22624      |
  590    |    39008      |
  591    |    10336      |
  592    |    26720      |
  593    |    43104      |
  594    |      352      |
  595    |    16736      |
  596    |    33120      |
  597    |     4448      |
  598    |    20832      |
  599    |    37216      |
  600    |     8544      |
  601    |    24928      |
  602    |    41312      |
  603    |     1376      |
  604    |    17760      |
  605    |    34144      |
  606    |     5472      |
  607    |    21856      |
  608    |    38240      |
  609    |     9568      |
  610    |    25952      |
  611    |    42336      |
  612    |     2400      |
  613    |    18784      |
  614    |    35168      |
  615    |     6496      |
  616    |    22880      |
  617    |    39264      |
  618    |    10592      |
  619    |    26976      |
  620    |    43360      |
  621    |      608      |
  622    |    16992      |
  623    |    33376      |
  624    |     4704      |
  625    |    21088      |
  626    |    37472      |
  627    |     8800      |
  628    |    25184      |
  629    |    41568      |
  630    |     1632      |
  631    |    18016      |
  632    |    34400      |
  633    |     5728      |
  634    |    22112      |
  635    |    38496      |
  636    |     9824      |
  637    |    26208      |
  638    |    42592      |
  639    |     2656      |
  640    |    19040      |
  641    |    35424      |
  642    |     6752      |
  643    |    23136      |
  644    |    39520      |
  645    |    10848      |
  646    |    27232      |
  647    |    43616      |
  648    |      160      |
  649    |    16544      |
  650    |    32928      |
  651    |     4256      |
  652    |    20640      |
  653    |    37024      |
  654    |     8352      |
  655    |    24736      |
  656    |    41120      |
  657    |     1184      |
  658    |    17568      |
  659    |    33952      |
  660    |     5280      |
  661    |    21664      |
  662    |    38048      |
  663    |     9376      |
  664    |    25760      |
  665    |    42144      |
  666    |     2208      |
  667    |    18592      |
  668    |    34976      |
  669    |     6304      |
  670    |    22688      |
  671    |    39072      |
  672    |    10400      |
  673    |    26784      |
  674    |    43168      |
  675    |      416      |
  676    |    16800      |
  677    |    33184      |
  678    |     4512      |
  679    |    20896      |
  680    |    37280      |
  681    |     8608      |
  682    |    24992      |
  683    |    41376      |
  684    |     1440      |
  685    |    17824      |
  686    |    34208      |
  687    |     5536      |
  688    |    21920      |
  689    |    38304      |
  690    |     9632      |
  691    |    26016      |
  692    |    42400      |
  693    |     2464      |
  694    |    18848      |
  695    |    35232      |
  696    |     6560      |
  697    |    22944      |
  698    |    39328      |
  699    |    10656      |
  700    |    27040      |
  701    |    43424      |
  702    |      672      |
  703    |    17056      |
  704    |    33440      |
  705    |     4768      |
  706    |    21152      |
  707    |    37536      |
  708    |     8864      |
  709    |    25248      |
  710    |    41632      |
  711    |     1696      |
  712    |    18080      |
  713    |    34464      |
  714    |     5792      |
  715    |    22176      |
  716    |    38560      |
  717    |     9888      |
  718    |    26272      |
  719    |    42656      |
  720    |     2720      |
  721    |    19104      |
  722    |    35488      |
  723    |     6816      |
  724    |    23200      |
  725    |    39584      |
  726    |    10912      |
  727    |    27296      |
  728    |    43680      |
  729    |        4      |
  730    |    16388      |
  731    |    32772      |
  732    |     4100      |
  733    |    20484      |
  734    |    36868      |
  735    |     8196      |
  736    |    24580      |
  737    |    40964      |
  738    |     1028      |
  739    |    17412      |
  740    |    33796      |
  741    |     5124      |
  742    |    21508      |
  743    |    37892      |
  744    |     9220      |
  745    |    25604      |
  746    |    41988      |
  747    |     2052      |
  748    |    18436      |
  749    |    34820      |
  750    |     6148      |
  751    |    22532      |
  752    |    38916      |
  753    |    10244      |
  754    |    26628      |
  755    |    43012      |
  756    |      260      |
  757    |    16644      |
  758    |    33028      |
  759    |     4356      |
  760    |    20740      |
  761    |    37124      |
  762    |     8452      |
  763    |    24836      |
  764    |    41220      |
  765    |     1284      |
  766    |    17668      |
  767    |    34052      |
  768    |     5380      |
  769    |    21764      |
  770    |    38148      |
  771    |     9476      |
  772    |    25860      |
  773    |    42244      |
  774    |     2308      |
  775    |    18692      |
  776    |    35076      |
  777    |     6404      |
  778    |    22788      |
  779    |    39172      |
  780    |    10500      |
  781    |    26884      |
  782    |    43268      |
  783    |      516      |
  784    |    16900      |
  785    |    33284      |
  786    |     4612      |
  787    |    20996      |
  788    |    37380      |
  789    |     8708      |
  790    |    25092      |
  791    |    41476      |
  792    |     1540      |
  793    |    17924      |
  794    |    34308      |
  795    |     5636      |
  796    |    22020      |
  797    |    38404      |
  798    |     9732      |
  799    |    26116      |
  800    |    42500      |
  801    |     2564      |
  802    |    18948      |
  803    |    35332      |
  804    |     6660      |
  805    |    23044      |
  806    |    39428      |
  807    |    10756      |
  808    |    27140      |
  809    |    43524      |
  810    |       68      |
  811    |    16452      |
  812    |    32836      |
  813    |     4164      |
  814    |    20548      |
  815    |    36932      |
  816    |     8260      |
  817    |    24644      |
  818    |    41028      |
  819    |     1092      |
  820    |    17476      |
  821    |    33860      |
  822    |     5188      |
  823    |    21572      |
  824    |    37956      |
  825    |     9284      |
  826    |    25668      |
  827    |    42052      |
  828    |     2116      |
  829    |    18500      |
  830    |    34884      |
  831    |     6212      |
  832    |    22596      |
  833    |    38980      |
  834    |    10308      |
  835    |    26692      |
  836    |    43076      |
  837    |      324      |
  838    |    16708      |
  839    |    33092      |
  840    |     4420      |
  841    |    20804      |
  842    |    37188      |
  843    |     8516      |
  844    |    24900      |
  845    |    41284      |
  846    |     1348      |
  847    |    17732      |
  848    |    34116      |
  849    |     5444      |
  850    |    21828      |
  851    |    38212      |
  852    |     9540      |
  853    |    25924      |
  854    |    42308      |
  855    |     2372      |
  856    |    18756      |
  857    |    35140      |
  858    |     6468      |
  859    |    22852      |
  860    |    39236      |
  861    |    10564      |
  862    |    26948      |
  863    |    43332      |
  864    |      580      |
  865    |    16964      |
  866    |    33348      |
  867    |     4676      |
  868    |    21060      |
  869    |    37444      |
  870    |     8772      |
  871    |    25156      |
  872    |    41540      |
  873    |     1604      |
  874    |    17988      |
  875    |    34372      |
  876    |     5700      |
  877    |    22084      |
  878    |    38468      |
  879    |     9796      |
  880    |    26180      |
  881    |    42564      |
  882    |     2628      |
  883    |    19012      |
  884    |    35396      |
  885    |     6724      |
  886    |    23108      |
  887    |    39492      |
  888    |    10820      |
  889    |    27204      |
  890    |    43588      |
  891    |      132      |
  892    |    16516      |
  893    |    32900      |
  894    |     4228      |
  895    |    20612      |
  896    |    36996      |
  897    |     8324      |
  898    |    24708      |
  899    |    41092      |
  900    |     1156      |
  901    |    17540      |
  902    |    33924      |
  903    |     5252      |
  904    |    21636      |
  905    |    38020      |
  906    |     9348      |
  907    |    25732      |
  908    |    42116      |
  909    |     2180      |
  910    |    18564      |
  911    |    34948      |
  912    |     6276      |
  913    |    22660      |
  914    |    39044      |
  915    |    10372      |
  916    |    26756      |
  917    |    43140      |
  918    |      388      |
  919    |    16772      |
  920    |    33156      |
  921    |     4484      |
  922    |    20868      |
  923    |    37252      |
  924    |     8580      |
  925    |    24964      |
  926    |    41348      |
  927    |     1412      |
  928    |    17796      |
  929    |    34180      |
  930    |     5508      |
  931    |    21892      |
  932    |    38276      |
  933    |     9604      |
  934    |    25988      |
  935    |    42372      |
  936    |     2436      |
  937    |    18820      |
  938    |    35204      |
  939    |     6532      |
  940    |    22916      |
  941    |    39300      |
  942    |    10628      |
  943    |    27012      |
  944    |    43396      |
  945    |      644      |
  946    |    17028      |
  947    |    33412      |
  948    |     4740      |
  949    |    21124      |
  950    |    37508      |
  951    |     8836      |
  952    |    25220      |
  953    |    41604      |
  954    |     1668      |
  955    |    18052      |
  956    |    34436      |
  957    |     5764      |
  958    |    22148      |
  959    |    38532      |
  960    |     9860      |
  961    |    26244      |
  962    |    42628      |
  963    |     2692      |
  964    |    19076      |
  965    |    35460      |
  966    |     6788      |
  967    |    23172      |
  968    |    39556      |
  969    |    10884      |
  970    |    27268      |
  971    |    43652      |
  972    |       20      |
  973    |    16404      |
  974    |    32788      |
  975    |     4116      |
  976    |    20500      |
  977    |    36884      |
  978    |     8212      |
  979    |    24596      |
  980    |    40980      |
  981    |     1044      |
  982    |    17428      |
  983    |    33812      |
  984    |     5140      |
  985    |    21524      |
  986    |    37908      |
  987    |     9236      |
  988    |    25620      |
  989    |    42004      |
  990    |     2068      |
  991    |    18452      |
  992    |    34836      |
  993    |     6164      |
  994    |    22548      |
  995    |    38932      |
  996    |    10260      |
  997    |    26644      |
  998    |    43028      |
  999    |      276      |
 1000    |    16660      |
 1001    |    33044      |
 1002    |     4372      |
 1003    |    20756      |
 1004    |    37140      |
 1005    |     8468      |
 1006    |    24852      |
 1007    |    41236      |
 1008    |     1300      |
 1009    |    17684      |
 1010    |    34068      |
 1011    |     5396      |
 1012    |    21780      |
 1013    |    38164      |
 1014    |     9492      |
 1015    |    25876      |
 1016    |    42260      |
 1017    |     2324      |
 1018    |    18708      |
 1019    |    35092      |
 1020    |     6420      |
 1021    |    22804      |
 1022    |    39188      |
 1023    |    10516      |
 1024    |    26900      |
 1025    |    43284      |
 1026    |      532      |
 1027    |    16916      |
 1028    |    33300      |
 1029    |     4628      |
 1030    |    21012      |
 1031    |    37396      |
 1032    |     8724      |
 1033    |    25108      |
 1034    |    41492      |
 1035    |     1556      |
 1036    |    17940      |
 1037    |    34324      |
 1038    |     5652      |
 1039    |    22036      |
 1040    |    38420      |
 1041    |     9748      |
 1042    |    26132      |
 1043    |    42516      |
 1044    |     2580      |
 1045    |    18964      |
 1046    |    35348      |
 1047    |     6676      |
 1048    |    23060      |
 1049    |    39444      |
 1050    |    10772      |
 1051    |    27156      |
 1052    |    43540      |
 1053    |       84      |
 1054    |    16468      |
 1055    |    32852      |
 1056    |     4180      |
 1057    |    20564      |
 1058    |    36948      |
 1059    |     8276      |
 1060    |    24660      |
 1061    |    41044      |
 1062    |     1108      |
 1063    |    17492      |
 1064    |    33876      |
 1065    |     5204      |
 1066    |    21588      |
 1067    |    37972      |
 1068    |     9300      |
 1069    |    25684      |
 1070    |    42068      |
 1071    |     2132      |
 1072    |    18516      |
 1073    |    34900      |
 1074    |     6228      |
 1075    |    22612      |
 1076    |    38996      |
 1077    |    10324      |
 1078    |    26708      |
 1079    |    43092      |
 1080    |      340      |
 1081    |    16724      |
 1082    |    33108      |
 1083    |     4436      |
 1084    |    20820      |
 1085    |    37204      |
 1086    |     8532      |
 1087    |    24916      |
 1088    |    41300      |
 1089    |     1364      |
 1090    |    17748      |
 1091    |    34132      |
 1092    |     5460      |
 1093    |    21844      |
 1094    |    38228      |
 1095    |     9556      |
 1096    |    25940      |
 1097    |    42324      |
 1098    |     2388      |
 1099    |    18772      |
 1100    |    35156      |
 1101    |     6484      |
 1102    |    22868      |
 1103    |    39252      |
 1104    |    10580      |
 1105    |    26964      |
 1106    |    43348      |
 1107    |      596      |
 1108    |    16980      |
 1109    |    33364      |
 1110    |     4692      |
 1111    |    21076      |
 1112    |    37460      |
 1113    |     8788      |
 1114    |    25172      |
 1115    |    41556      |
 1116    |     1620      |
 1117    |    18004      |
 1118    |    34388      |
 1119    |     5716      |
 1120    |    22100      |
 1121    |    38484      |
 1122    |     9812      |
 1123    |    26196      |
 1124    |    42580      |
 1125    |     2644      |
 1126    |    19028      |
 1127    |    35412      |
 1128    |     6740      |
 1129    |    23124      |
 1130    |    39508      |
 1131    |    10836      |
 1132    |    27220      |
 1133    |    43604      |
 1134    |      148      |
 1135    |    16532      |
 1136    |    32916      |
 1137    |     4244      |
 1138    |    20628      |
 1139    |    37012      |
 1140    |     8340      |
 1141    |    24724      |
 1142    |    41108      |
 1143    |     1172      |
 1144    |    17556      |
 1145    |    33940      |
 1146    |     5268      |
 1147    |    21652      |
 1148    |    38036      |
 1149    |     9364      |
 1150    |    25748      |
 1151    |    42132      |
 1152    |     2196      |
 1153    |    18580      |
 1154    |    34964      |
 1155    |     6292      |
 1156    |    22676      |
 1157    |    39060      |
 1158    |    10388      |
 1159    |    26772      |
 1160    |    43156      |
 1161    |      404      |
 1162    |    16788      |
 1163    |    33172      |
 1164    |     4500      |
 1165    |    20884      |
 1166    |    37268      |
 1167    |     8596      |
 1168    |    24980      |
 1169    |    41364      |
 1170    |     1428      |
 1171    |    17812      |
 1172    |    34196      |
 1173    |     5524      |
 1174    |    21908      |
 1175    |    38292      |
 1176    |     9620      |
 1177    |    26004      |
 1178    |    42388      |
 1179    |     2452      |
 1180    |    18836      |
 1181    |    35220      |
 1182    |     6548      |
 1183    |    22932      |
 1184    |    39316      |
 1185    |    10644      |
 1186    |    27028      |
 1187    |    43412      |
 1188    |      660      |
 1189    |    17044      |
 1190    |    33428      |
 1191    |     4756      |
 1192    |    21140      |
 1193    |    37524      |
 1194    |     8852      |
 1195    |    25236      |
 1196    |    41620      |
 1197    |     1684      |
 1198    |    18068      |
 1199    |    34452      |
 1200    |     5780      |
 1201    |    22164      |
 1202    |    38548      |
 1203    |     9876      |
 1204    |    26260      |
 1205    |    42644      |
 1206    |     2708      |
 1207    |    19092      |
 1208    |    35476      |
 1209    |     6804      |
 1210    |    23188      |
 1211    |    39572      |
 1212    |    10900      |
 1213    |    27284      |
 1214    |    43668      |
 1215    |       36      |
 1216    |    16420      |
 1217    |    32804      |
 1218    |     4132      |
 1219    |    20516      |
 1220    |    36900      |
 1221    |     8228      |
 1222    |    24612      |
 1223    |    40996      |
 1224    |     1060      |
 1225    |    17444      |
 1226    |    33828      |
 1227    |     5156      |
 1228    |    21540      |
 1229    |    37924      |
 1230    |     9252      |
 1231    |    25636      |
 1232    |    42020      |
 1233    |     2084      |
 1234    |    18468      |
 1235    |    34852      |
 1236    |     6180      |
 1237    |    22564      |
 1238    |    38948      |
 1239    |    10276      |
 1240    |    26660      |
 1241    |    43044      |
 1242    |      292      |
 1243    |    16676      |
 1244    |    33060      |
 1245    |     4388      |
 1246    |    20772      |
 1247    |    37156      |
 1248    |     8484      |
 1249    |    24868      |
 1250    |    41252      |
 1251    |     1316      |
 1252    |    17700      |
 1253    |    34084      |
 1254    |     5412      |
 1255    |    21796      |
 1256    |    38180      |
 1257    |     9508      |
 1258    |    25892      |
 1259    |    42276      |
 1260    |     2340      |
 1261    |    18724      |
 1262    |    35108      |
 1263    |     6436      |
 1264    |    22820      |
 1265    |    39204      |
 1266    |    10532      |
 1267    |    26916      |
 1268    |    43300      |
 1269    |      548      |
 1270    |    16932      |
 1271    |    33316      |
 1272    |     4644      |
 1273    |    21028      |
 1274    |    37412      |
 1275    |     8740      |
 1276    |    25124      |
 1277    |    41508      |
 1278    |     1572      |
 1279    |    17956      |
 1280    |    34340      |
 1281    |     5668      |
 1282    |    22052      |
 1283    |    38436      |
 1284    |     9764      |
 1285    |    26148      |
 1286    |    42532      |
 1287    |     2596      |
 1288    |    18980      |
 1289    |    35364      |
 1290    |     6692      |
 1291    |    23076      |
 1292    |    39460      |
 1293    |    10788      |
 1294    |    27172      |
 1295    |    43556      |
 1296    |      100      |
 1297    |    16484      |
 1298    |    32868      |
 1299    |     4196      |
 1300    |    20580      |
 1301    |    36964      |
 1302    |     8292      |
 1303    |    24676      |
 1304    |    41060      |
 1305    |     1124      |
 1306    |    17508      |
 1307    |    33892      |
 1308    |     5220      |
 1309    |    21604      |
 1310    |    37988      |
 1311    |     9316      |
 1312    |    25700      |
 1313    |    42084      |
 1314    |     2148      |
 1315    |    18532      |
 1316    |    34916      |
 1317    |     6244      |
 1318    |    22628      |
 1319    |    39012      |
 1320    |    10340      |
 1321    |    26724      |
 1322    |    43108      |
 1323    |      356      |
 1324    |    16740      |
 1325    |    33124      |
 1326    |     4452      |
 1327    |    20836      |
 1328    |    37220      |
 1329    |     8548      |
 1330    |    24932      |
 1331    |    41316      |
 1332    |     1380      |
 1333    |    17764      |
 1334    |    34148      |
 1335    |     5476      |
 1336    |    21860      |
 1337    |    38244      |
 1338    |     9572      |
 1339    |    25956      |
 1340    |    42340      |
 1341    |     2404      |
 1342    |    18788      |
 1343    |    35172      |
 1344    |     6500      |
 1345    |    22884      |
 1346    |    39268      |
 1347    |    10596      |
 1348    |    26980      |
 1349    |    43364      |
 1350    |      612      |
 1351    |    16996      |
 1352    |    33380      |
 1353    |     4708      |
 1354    |    21092      |
 1355    |    37476      |
 1356    |     8804      |
 1357    |    25188      |
 1358    |    41572      |
 1359    |     1636      |
 1360    |    18020      |
 1361    |    34404      |
 1362    |     5732      |
 1363    |    22116      |
 1364    |    38500      |
 1365    |     9828      |
 1366    |    26212      |
 1367    |    42596      |
 1368    |     2660      |
 1369    |    19044      |
 1370    |    35428      |
 1371    |     6756      |
 1372    |    23140      |
 1373    |    39524      |
 1374    |    10852      |
 1375    |    27236      |
 1376    |    43620      |
 1377    |      164      |
 1378    |    16548      |
 1379    |    32932      |
 1380    |     4260      |
 1381    |    20644      |
 1382    |    37028      |
 1383    |     8356      |
 1384    |    24740      |
 1385    |    41124      |
 1386    |     1188      |
 1387    |    17572      |
 1388    |    33956      |
 1389    |     5284      |
 1390    |    21668      |
 1391    |    38052      |
 1392    |     9380      |
 1393    |    25764      |
 1394    |    42148      |
 1395    |     2212      |
 1396    |    18596      |
 1397    |    34980      |
 1398    |     6308      |
 1399    |    22692      |
 1400    |    39076      |
 1401    |    10404      |
 1402    |    26788      |
 1403    |    43172      |
 1404    |      420      |
 1405    |    16804      |
 1406    |    33188      |
 1407    |     4516      |
 1408    |    20900      |
 1409    |    37284      |
 1410    |     8612      |
 1411    |    24996      |
 1412    |    41380      |
 1413    |     1444      |
 1414    |    17828      |
 1415    |    34212      |
 1416    |     5540      |
 1417    |    21924      |
 1418    |    38308      |
 1419    |     9636      |
 1420    |    26020      |
 1421    |    42404      |
 1422    |     2468      |
 1423    |    18852      |
 1424    |    35236      |
 1425    |     6564      |
 1426    |    22948      |
 1427    |    39332      |
 1428    |    10660      |
 1429    |    27044      |
 1430    |    43428      |
 1431    |      676      |
 1432    |    17060      |
 1433    |    33444      |
 1434    |     4772      |
 1435    |    21156      |
 1436    |    37540      |
 1437    |     8868      |
 1438    |    25252      |
 1439    |    41636      |
 1440    |     1700      |
 1441    |    18084      |
 1442    |    34468      |
 1443    |     5796      |
 1444    |    22180      |
 1445    |    38564      |
 1446    |     9892      |
 1447    |    26276      |
 1448    |    42660      |
 1449    |     2724      |
 1450    |    19108      |
 1451    |    35492      |
 1452    |     6820      |
 1453    |    23204      |
 1454    |    39588      |
 1455    |    10916      |
 1456    |    27300      |
 1457    |    43684      |
 1458    |        8      |
 1459    |    16392      |
 1460    |    32776      |
 1461    |     4104      |
 1462    |    20488      |
 1463    |    36872      |
 1464    |     8200      |
 1465    |    24584      |
 1466    |    40968      |
 1467    |     1032      |
 1468    |    17416      |
 1469    |    33800      |
 1470    |     5128      |
 1471    |    21512      |
 1472    |    37896      |
 1473    |     9224      |
 1474    |    25608      |
 1475    |    41992      |
 1476    |     2056      |
 1477    |    18440      |
 1478    |    34824      |
 1479    |     6152      |
 1480    |    22536      |
 1481    |    38920      |
 1482    |    10248      |
 1483    |    26632      |
 1484    |    43016      |
 1485    |      264      |
 1486    |    16648      |
 1487    |    33032      |
 1488    |     4360      |
 1489    |    20744      |
 1490    |    37128      |
 1491    |     8456      |
 1492    |    24840      |
 1493    |    41224      |
 1494    |     1288      |
 1495    |    17672      |
 1496    |    34056      |
 1497    |     5384      |
 1498    |    21768      |
 1499    |    38152      |
 1500    |     9480      |
 1501    |    25864      |
 1502    |    42248      |
 1503    |     2312      |
 1504    |    18696      |
 1505    |    35080      |
 1506    |     6408      |
 1507    |    22792      |
 1508    |    39176      |
 1509    |    10504      |
 1510    |    26888      |
 1511    |    43272      |
 1512    |      520      |
 1513    |    16904      |
 1514    |    33288      |
 1515    |     4616      |
 1516    |    21000      |
 1517    |    37384      |
 1518    |     8712      |
 1519    |    25096      |
 1520    |    41480      |
 1521    |     1544      |
 1522    |    17928      |
 1523    |    34312      |
 1524    |     5640      |
 1525    |    22024      |
 1526    |    38408      |
 1527    |     9736      |
 1528    |    26120      |
 1529    |    42504      |
 1530    |     2568      |
 1531    |    18952      |
 1532    |    35336      |
 1533    |     6664      |
 1534    |    23048      |
 1535    |    39432      |
 1536    |    10760      |
 1537    |    27144      |
 1538    |    43528      |
 1539    |       72      |
 1540    |    16456      |
 1541    |    32840      |
 1542    |     4168      |
 1543    |    20552      |
 1544    |    36936      |
 1545    |     8264      |
 1546    |    24648      |
 1547    |    41032      |
 1548    |     1096      |
 1549    |    17480      |
 1550    |    33864      |
 1551    |     5192      |
 1552    |    21576      |
 1553    |    37960      |
 1554    |     9288      |
 1555    |    25672      |
 1556    |    42056      |
 1557    |     2120      |
 1558    |    18504      |
 1559    |    34888      |
 1560    |     6216      |
 1561    |    22600      |
 1562    |    38984      |
 1563    |    10312      |
 1564    |    26696      |
 1565    |    43080      |
 1566    |      328      |
 1567    |    16712      |
 1568    |    33096      |
 1569    |     4424      |
 1570    |    20808      |
 1571    |    37192      |
 1572    |     8520      |
 1573    |    24904      |
 1574    |    41288      |
 1575    |     1352      |
 1576    |    17736      |
 1577    |    34120      |
 1578    |     5448      |
 1579    |    21832      |
 1580    |    38216      |
 1581    |     9544      |
 1582    |    25928      |
 1583    |    42312      |
 1584    |     2376      |
 1585    |    18760      |
 1586    |    35144      |
 1587    |     6472      |
 1588    |    22856      |
 1589    |    39240      |
 1590    |    10568      |
 1591    |    26952      |
 1592    |    43336      |
 1593    |      584      |
 1594    |    16968      |
 1595    |    33352      |
 1596    |     4680      |
 1597    |    21064      |
 1598    |    37448      |
 1599    |     8776      |
 1600    |    25160      |
 1601    |    41544      |
 1602    |     1608      |
 1603    |    17992      |
 1604    |    34376      |
 1605    |     5704      |
 1606    |    22088      |
 1607    |    38472      |
 1608    |     9800      |
 1609    |    26184      |
 1610    |    42568      |
 1611    |     2632      |
 1612    |    19016      |
 1613    |    35400      |
 1614    |     6728      |
 1615    |    23112      |
 1616    |    39496      |
 1617    |    10824      |
 1618    |    27208      |
 1619    |    43592      |
 1620    |      136      |
 1621    |    16520      |
 1622    |    32904      |
 1623    |     4232      |
 1624    |    20616      |
 1625    |    37000      |
 1626    |     8328      |
 1627    |    24712      |
 1628    |    41096      |
 1629    |     1160      |
 1630    |    17544      |
 1631    |    33928      |
 1632    |     5256      |
 1633    |    21640      |
 1634    |    38024      |
 1635    |     9352      |
 1636    |    25736      |
 1637    |    42120      |
 1638    |     2184      |
 1639    |    18568      |
 1640    |    34952      |
 1641    |     6280      |
 1642    |    22664      |
 1643    |    39048      |
 1644    |    10376      |
 1645    |    26760      |
 1646    |    43144      |
 1647    |      392      |
 1648    |    16776      |
 1649    |    33160      |
 1650    |     4488      |
 1651    |    20872      |
 1652    |    37256      |
 1653    |     8584      |
 1654    |    24968      |
 1655    |    41352      |
 1656    |     1416      |
 1657    |    17800      |
 1658    |    34184      |
 1659    |     5512      |
 1660    |    21896      |
 1661    |    38280      |
 1662    |     9608      |
 1663    |    25992      |
 1664    |    42376      |
 1665    |     2440      |
 1666    |    18824      |
 1667    |    35208      |
 1668    |     6536      |
 1669    |    22920      |
 1670    |    39304      |
 1671    |    10632      |
 1672    |    27016      |
 1673    |    43400      |
 1674    |      648      |
 1675    |    17032      |
 1676    |    33416      |
 1677    |     4744      |
 1678    |    21128      |
 1679    |    37512      |
 1680    |     8840      |
 1681    |    25224      |
 1682    |    41608      |
 1683    |     1672      |
 1684    |    18056      |
 1685    |    34440      |
 1686    |     5768      |
 1687    |    22152      |
 1688    |    38536      |
 1689    |     9864      |
 1690    |    26248      |
 1691    |    42632      |
 1692    |     2696      |
 1693    |    19080      |
 1694    |    35464      |
 1695    |     6792      |
 1696    |    23176      |
 1697    |    39560      |
 1698    |    10888      |
 1699    |    27272      |
 1700    |    43656      |
 1701    |       24      |
 1702    |    16408      |
 1703    |    32792      |
 1704    |     4120      |
 1705    |    20504      |
 1706    |    36888      |
 1707    |     8216      |
 1708    |    24600      |
 1709    |    40984      |
 1710    |     1048      |
 1711    |    17432      |
 1712    |    33816      |
 1713    |     5144      |
 1714    |    21528      |
 1715    |    37912      |
 1716    |     9240      |
 1717    |    25624      |
 1718    |    42008      |
 1719    |     2072      |
 1720    |    18456      |
 1721    |    34840      |
 1722    |     6168      |
 1723    |    22552      |
 1724    |    38936      |
 1725    |    10264      |
 1726    |    26648      |
 1727    |    43032      |
 1728    |      280      |
 1729    |    16664      |
 1730    |    33048      |
 1731    |     4376      |
 1732    |    20760      |
 1733    |    37144      |
 1734    |     8472      |
 1735    |    24856      |
 1736    |    41240      |
 1737    |     1304      |
 1738    |    17688      |
 1739    |    34072      |
 1740    |     5400      |
 1741    |    21784      |
 1742    |    38168      |
 1743    |     9496      |
 1744    |    25880      |
 1745    |    42264      |
 1746    |     2328      |
 1747    |    18712      |
 1748    |    35096      |
 1749    |     6424      |
 1750    |    22808      |
 1751    |    39192      |
 1752    |    10520      |
 1753    |    26904      |
 1754    |    43288      |
 1755    |      536      |
 1756    |    16920      |
 1757    |    33304      |
 1758    |     4632      |
 1759    |    21016      |
 1760    |    37400      |
 1761    |     8728      |
 1762    |    25112      |
 1763    |    41496      |
 1764    |     1560      |
 1765    |    17944      |
 1766    |    34328      |
 1767    |     5656      |
 1768    |    22040      |
 1769    |    38424      |
 1770    |     9752      |
 1771    |    26136      |
 1772    |    42520      |
 1773    |     2584      |
 1774    |    18968      |
 1775    |    35352      |
 1776    |     6680      |
 1777    |    23064      |
 1778    |    39448      |
 1779    |    10776      |
 1780    |    27160      |
 1781    |    43544      |
 1782    |       88      |
 1783    |    16472      |
 1784    |    32856      |
 1785    |     4184      |
 1786    |    20568      |
 1787    |    36952      |
 1788    |     8280      |
 1789    |    24664      |
 1790    |    41048      |
 1791    |     1112      |
 1792    |    17496      |
 1793    |    33880      |
 1794    |     5208      |
 1795    |    21592      |
 1796    |    37976      |
 1797    |     9304      |
 1798    |    25688      |
 1799    |    42072      |
 1800    |     2136      |
 1801    |    18520      |
 1802    |    34904      |
 1803    |     6232      |
 1804    |    22616      |
 1805    |    39000      |
 1806    |    10328      |
 1807    |    26712      |
 1808    |    43096      |
 1809    |      344      |
 1810    |    16728      |
 1811    |    33112      |
 1812    |     4440      |
 1813    |    20824      |
 1814    |    37208      |
 1815    |     8536      |
 1816    |    24920      |
 1817    |    41304      |
 1818    |     1368      |
 1819    |    17752      |
 1820    |    34136      |
 1821    |     5464      |
 1822    |    21848      |
 1823    |    38232      |
 1824    |     9560      |
 1825    |    25944      |
 1826    |    42328      |
 1827    |     2392      |
 1828    |    18776      |
 1829    |    35160      |
 1830    |     6488      |
 1831    |    22872      |
 1832    |    39256      |
 1833    |    10584      |
 1834    |    26968      |
 1835    |    43352      |
 1836    |      600      |
 1837    |    16984      |
 1838    |    33368      |
 1839    |     4696      |
 1840    |    21080      |
 1841    |    37464      |
 1842    |     8792      |
 1843    |    25176      |
 1844    |    41560      |
 1845    |     1624      |
 1846    |    18008      |
 1847    |    34392      |
 1848    |     5720      |
 1849    |    22104      |
 1850    |    38488      |
 1851    |     9816      |
 1852    |    26200      |
 1853    |    42584      |
 1854    |     2648      |
 1855    |    19032      |
 1856    |    35416      |
 1857    |     6744      |
 1858    |    23128      |
 1859    |    39512      |
 1860    |    10840      |
 1861    |    27224      |
 1862    |    43608      |
 1863    |      152      |
 1864    |    16536      |
 1865    |    32920      |
 1866    |     4248      |
 1867    |    20632      |
 1868    |    37016      |
 1869    |     8344      |
 1870    |    24728      |
 1871    |    41112      |
 1872    |     1176      |
 1873    |    17560      |
 1874    |    33944      |
 1875    |     5272      |
 1876    |    21656      |
 1877    |    38040      |
 1878    |     9368      |
 1879    |    25752      |
 1880    |    42136      |
 1881    |     2200      |
 1882    |    18584      |
 1883    |    34968      |
 1884    |     6296      |
 1885    |    22680      |
 1886    |    39064      |
 1887    |    10392      |
 1888    |    26776      |
 1889    |    43160      |
 1890    |      408      |
 1891    |    16792      |
 1892    |    33176      |
 1893    |     4504      |
 1894    |    20888      |
 1895    |    37272      |
 1896    |     8600      |
 1897    |    24984      |
 1898    |    41368      |
 1899    |     1432      |
 1900    |    17816      |
 1901    |    34200      |
 1902    |     5528      |
 1903    |    21912      |
 1904    |    38296      |
 1905    |     9624      |
 1906    |    26008      |
 1907    |    42392      |
 1908    |     2456      |
 1909    |    18840      |
 1910    |    35224      |
 1911    |     6552      |
 1912    |    22936      |
 1913    |    39320      |
 1914    |    10648      |
 1915    |    27032      |
 1916    |    43416      |
 1917    |      664      |
 1918    |    17048      |
 1919    |    33432      |
 1920    |     4760      |
 1921    |    21144      |
 1922    |    37528      |
 1923    |     8856      |
 1924    |    25240      |
 1925    |    41624      |
 1926    |     1688      |
 1927    |    18072      |
 1928    |    34456      |
 1929    |     5784      |
 1930    |    22168      |
 1931    |    38552      |
 1932    |     9880      |
 1933    |    26264      |
 1934    |    42648      |
 1935    |     2712      |
 1936    |    19096      |
 1937    |    35480      |
 1938    |     6808      |
 1939    |    23192      |
 1940    |    39576      |
 1941    |    10904      |
 1942    |    27288      |
 1943    |    43672      |
 1944    |       40      |
 1945    |    16424      |
 1946    |    32808      |
 1947    |     4136      |
 1948    |    20520      |
 1949    |    36904      |
 1950    |     8232      |
 1951    |    24616      |
 1952    |    41000      |
 1953    |     1064      |
 1954    |    17448      |
 1955    |    33832      |
 1956    |     5160      |
 1957    |    21544      |
 1958    |    37928      |
 1959    |     9256      |
 1960    |    25640      |
 1961    |    42024      |
 1962    |     2088      |
 1963    |    18472      |
 1964    |    34856      |
 1965    |     6184      |
 1966    |    22568      |
 1967    |    38952      |
 1968    |    10280      |
 1969    |    26664      |
 1970    |    43048      |
 1971    |      296      |
 1972    |    16680      |
 1973    |    33064      |
 1974    |     4392      |
 1975    |    20776      |
 1976    |    37160      |
 1977    |     8488      |
 1978    |    24872      |
 1979    |    41256      |
 1980    |     1320      |
 1981    |    17704      |
 1982    |    34088      |
 1983    |     5416      |
 1984    |    21800      |
 1985    |    38184      |
 1986    |     9512      |
 1987    |    25896      |
 1988    |    42280      |
 1989    |     2344      |
 1990    |    18728      |
 1991    |    35112      |
 1992    |     6440      |
 1993    |    22824      |
 1994    |    39208      |
 1995    |    10536      |
 1996    |    26920      |
 1997    |    43304      |
 1998    |      552      |
 1999    |    16936      |
 2000    |    33320      |
 2001    |     4648      |
 2002    |    21032      |
 2003    |    37416      |
 2004    |     8744      |
 2005    |    25128      |
 2006    |    41512      |
 2007    |     1576      |
 2008    |    17960      |
 2009    |    34344      |
 2010    |     5672      |
 2011    |    22056      |
 2012    |    38440      |
 2013    |     9768      |
 2014    |    26152      |
 2015    |    42536      |
 2016    |     2600      |
 2017    |    18984      |
 2018    |    35368      |
 2019    |     6696      |
 2020    |    23080      |
 2021    |    39464      |
 2022    |    10792      |
 2023    |    27176      |
 2024    |    43560      |
 2025    |      104      |
 2026    |    16488      |
 2027    |    32872      |
 2028    |     4200      |
 2029    |    20584      |
 2030    |    36968      |
 2031    |     8296      |
 2032    |    24680      |
 2033    |    41064      |
 2034    |     1128      |
 2035    |    17512      |
 2036    |    33896      |
 2037    |     5224      |
 2038    |    21608      |
 2039    |    37992      |
 2040    |     9320      |
 2041    |    25704      |
 2042    |    42088      |
 2043    |     2152      |
 2044    |    18536      |
 2045    |    34920      |
 2046    |     6248      |
 2047    |    22632      |
 2048    |    39016      |
 2049    |    10344      |
 2050    |    26728      |
 2051    |    43112      |
 2052    |      360      |
 2053    |    16744      |
 2054    |    33128      |
 2055    |     4456      |
 2056    |    20840      |
 2057    |    37224      |
 2058    |     8552      |
 2059    |    24936      |
 2060    |    41320      |
 2061    |     1384      |
 2062    |    17768      |
 2063    |    34152      |
 2064    |     5480      |
 2065    |    21864      |
 2066    |    38248      |
 2067    |     9576      |
 2068    |    25960      |
 2069    |    42344      |
 2070    |     2408      |
 2071    |    18792      |
 2072    |    35176      |
 2073    |     6504      |
 2074    |    22888      |
 2075    |    39272      |
 2076    |    10600      |
 2077    |    26984      |
 2078    |    43368      |
 2079    |      616      |
 2080    |    17000      |
 2081    |    33384      |
 2082    |     4712      |
 2083    |    21096      |
 2084    |    37480      |
 2085    |     8808      |
 2086    |    25192      |
 2087    |    41576      |
 2088    |     1640      |
 2089    |    18024      |
 2090    |    34408      |
 2091    |     5736      |
 2092    |    22120      |
 2093    |    38504      |
 2094    |     9832      |
 2095    |    26216      |
 2096    |    42600      |
 2097    |     2664      |
 2098    |    19048      |
 2099    |    35432      |
 2100    |     6760      |
 2101    |    23144      |
 2102    |    39528      |
 2103    |    10856      |
 2104    |    27240      |
 2105    |    43624      |
 2106    |      168      |
 2107    |    16552      |
 2108    |    32936      |
 2109    |     4264      |
 2110    |    20648      |
 2111    |    37032      |
 2112    |     8360      |
 2113    |    24744      |
 2114    |    41128      |
 2115    |     1192      |
 2116    |    17576      |
 2117    |    33960      |
 2118    |     5288      |
 2119    |    21672      |
 2120    |    38056      |
 2121    |     9384      |
 2122    |    25768      |
 2123    |    42152      |
 2124    |     2216      |
 2125    |    18600      |
 2126    |    34984      |
 2127    |     6312      |
 2128    |    22696      |
 2129    |    39080      |
 2130    |    10408      |
 2131    |    26792      |
 2132    |    43176      |
 2133    |      424      |
 2134    |    16808      |
 2135    |    33192      |
 2136    |     4520      |
 2137    |    20904      |
 2138    |    37288      |
 2139    |     8616      |
 2140    |    25000      |
 2141    |    41384      |
 2142    |     1448      |
 2143    |    17832      |
 2144    |    34216      |
 2145    |     5544      |
 2146    |    21928      |
 2147    |    38312      |
 2148    |     9640      |
 2149    |    26024      |
 2150    |    42408      |
 2151    |     2472      |
 2152    |    18856      |
 2153    |    35240      |
 2154    |     6568      |
 2155    |    22952      |
 2156    |    39336      |
 2157    |    10664      |
 2158    |    27048      |
 2159    |    43432      |
 2160    |      680      |
 2161    |    17064      |
 2162    |    33448      |
 2163    |     4776      |
 2164    |    21160      |
 2165    |    37544      |
 2166    |     8872      |
 2167    |    25256      |
 2168    |    41640      |
 2169    |     1704      |
 2170    |    18088      |
 2171    |    34472      |
 2172    |     5800      |
 2173    |    22184      |
 2174    |    38568      |
 2175    |     9896      |
 2176    |    26280      |
 2177    |    42664      |
 2178    |     2728      |
 2179    |    19112      |
 2180    |    35496      |
 2181    |     6824      |
 2182    |    23208      |
 2183    |    39592      |
 2184    |    10920      |
 2185    |    27304      |
 2186    |    43688      |
 2187    |        1      |
 2188    |    16385      |
 2189    |    32769      |
 2190    |     4097      |
 2191    |    20481      |
 2192    |    36865      |
 2193    |     8193      |
 2194    |    24577      |
 2195    |    40961      |
 2196    |     1025      |
 2197    |    17409      |
 2198    |    33793      |
 2199    |     5121      |
 2200    |    21505      |
 2201    |    37889      |
 2202    |     9217      |
 2203    |    25601      |
 2204    |    41985      |
 2205    |     2049      |
 2206    |    18433      |
 2207    |    34817      |
 2208    |     6145      |
 2209    |    22529      |
 2210    |    38913      |
 2211    |    10241      |
 2212    |    26625      |
 2213    |    43009      |
 2214    |      257      |
 2215    |    16641      |
 2216    |    33025      |
 2217    |     4353      |
 2218    |    20737      |
 2219    |    37121      |
 2220    |     8449      |
 2221    |    24833      |
 2222    |    41217      |
 2223    |     1281      |
 2224    |    17665      |
 2225    |    34049      |
 2226    |     5377      |
 2227    |    21761      |
 2228    |    38145      |
 2229    |     9473      |
 2230    |    25857      |
 2231    |    42241      |
 2232    |     2305      |
 2233    |    18689      |
 2234    |    35073      |
 2235    |     6401      |
 2236    |    22785      |
 2237    |    39169      |
 2238    |    10497      |
 2239    |    26881      |
 2240    |    43265      |
 2241    |      513      |
 2242    |    16897      |
 2243    |    33281      |
 2244    |     4609      |
 2245    |    20993      |
 2246    |    37377      |
 2247    |     8705      |
 2248    |    25089      |
 2249    |    41473      |
 2250    |     1537      |
 2251    |    17921      |
 2252    |    34305      |
 2253    |     5633      |
 2254    |    22017      |
 2255    |    38401      |
 2256    |     9729      |
 2257    |    26113      |
 2258    |    42497      |
 2259    |     2561      |
 2260    |    18945      |
 2261    |    35329      |
 2262    |     6657      |
 2263    |    23041      |
 2264    |    39425      |
 2265    |    10753      |
 2266    |    27137      |
 2267    |    43521      |
 2268    |       65      |
 2269    |    16449      |
 2270    |    32833      |
 2271    |     4161      |
 2272    |    20545      |
 2273    |    36929      |
 2274    |     8257      |
 2275    |    24641      |
 2276    |    41025      |
 2277    |     1089      |
 2278    |    17473      |
 2279    |    33857      |
 2280    |     5185      |
 2281    |    21569      |
 2282    |    37953      |
 2283    |     9281      |
 2284    |    25665      |
 2285    |    42049      |
 2286    |     2113      |
 2287    |    18497      |
 2288    |    34881      |
 2289    |     6209      |
 2290    |    22593      |
 2291    |    38977      |
 2292    |    10305      |
 2293    |    26689      |
 2294    |    43073      |
 2295    |      321      |
 2296    |    16705      |
 2297    |    33089      |
 2298    |     4417      |
 2299    |    20801      |
 2300    |    37185      |
 2301    |     8513      |
 2302    |    24897      |
 2303    |    41281      |
 2304    |     1345      |
 2305    |    17729      |
 2306    |    34113      |
 2307    |     5441      |
 2308    |    21825      |
 2309    |    38209      |
 2310    |     9537      |
 2311    |    25921      |
 2312    |    42305      |
 2313    |     2369      |
 2314    |    18753      |
 2315    |    35137      |
 2316    |     6465      |
 2317    |    22849      |
 2318    |    39233      |
 2319    |    10561      |
 2320    |    26945      |
 2321    |    43329      |
 2322    |      577      |
 2323    |    16961      |
 2324    |    33345      |
 2325    |     4673      |
 2326    |    21057      |
 2327    |    37441      |
 2328    |     8769      |
 2329    |    25153      |
 2330    |    41537      |
 2331    |     1601      |
 2332    |    17985      |
 2333    |    34369      |
 2334    |     5697      |
 2335    |    22081      |
 2336    |    38465      |
 2337    |     9793      |
 2338    |    26177      |
 2339    |    42561      |
 2340    |     2625      |
 2341    |    19009      |
 2342    |    35393      |
 2343    |     6721      |
 2344    |    23105      |
 2345    |    39489      |
 2346    |    10817      |
 2347    |    27201      |
 2348    |    43585      |
 2349    |      129      |
 2350    |    16513      |
 2351    |    32897      |
 2352    |     4225      |
 2353    |    20609      |
 2354    |    36993      |
 2355    |     8321      |
 2356    |    24705      |
 2357    |    41089      |
 2358    |     1153      |
 2359    |    17537      |
 2360    |    33921      |
 2361    |     5249      |
 2362    |    21633      |
 2363    |    38017      |
 2364    |     9345      |
 2365    |    25729      |
 2366    |    42113      |
 2367    |     2177      |
 2368    |    18561      |
 2369    |    34945      |
 2370    |     6273      |
 2371    |    22657      |
 2372    |    39041      |
 2373    |    10369      |
 2374    |    26753      |
 2375    |    43137      |
 2376    |      385      |
 2377    |    16769      |
 2378    |    33153      |
 2379    |     4481      |
 2380    |    20865      |
 2381    |    37249      |
 2382    |     8577      |
 2383    |    24961      |
 2384    |    41345      |
 2385    |     1409      |
 2386    |    17793      |
 2387    |    34177      |
 2388    |     5505      |
 2389    |    21889      |
 2390    |    38273      |
 2391    |     9601      |
 2392    |    25985      |
 2393    |    42369      |
 2394    |     2433      |
 2395    |    18817      |
 2396    |    35201      |
 2397    |     6529      |
 2398    |    22913      |
 2399    |    39297      |
 2400    |    10625      |
 2401    |    27009      |
 2402    |    43393      |
 2403    |      641      |
 2404    |    17025      |
 2405    |    33409      |
 2406    |     4737      |
 2407    |    21121      |
 2408    |    37505      |
 2409    |     8833      |
 2410    |    25217      |
 2411    |    41601      |
 2412    |     1665      |
 2413    |    18049      |
 2414    |    34433      |
 2415    |     5761      |
 2416    |    22145      |
 2417    |    38529      |
 2418    |     9857      |
 2419    |    26241      |
 2420    |    42625      |
 2421    |     2689      |
 2422    |    19073      |
 2423    |    35457      |
 2424    |     6785      |
 2425    |    23169      |
 2426    |    39553      |
 2427    |    10881      |
 2428    |    27265      |
 2429    |    43649      |
 2430    |       17      |
 2431    |    16401      |
 2432    |    32785      |
 2433    |     4113      |
 2434    |    20497      |
 2435    |    36881      |
 2436    |     8209      |
 2437    |    24593      |
 2438    |    40977      |
 2439    |     1041      |
 2440    |    17425      |
 2441    |    33809      |
 2442    |     5137      |
 2443    |    21521      |
 2444    |    37905      |
 2445    |     9233      |
 2446    |    25617      |
 2447    |    42001      |
 2448    |     2065      |
 2449    |    18449      |
 2450    |    34833      |
 2451    |     6161      |
 2452    |    22545      |
 2453    |    38929      |
 2454    |    10257      |
 2455    |    26641      |
 2456    |    43025      |
 2457    |      273      |
 2458    |    16657      |
 2459    |    33041      |
 2460    |     4369      |
 2461    |    20753      |
 2462    |    37137      |
 2463    |     8465      |
 2464    |    24849      |
 2465    |    41233      |
 2466    |     1297      |
 2467    |    17681      |
 2468    |    34065      |
 2469    |     5393      |
 2470    |    21777      |
 2471    |    38161      |
 2472    |     9489      |
 2473    |    25873      |
 2474    |    42257      |
 2475    |     2321      |
 2476    |    18705      |
 2477    |    35089      |
 2478    |     6417      |
 2479    |    22801      |
 2480    |    39185      |
 2481    |    10513      |
 2482    |    26897      |
 2483    |    43281      |
 2484    |      529      |
 2485    |    16913      |
 2486    |    33297      |
 2487    |     4625      |
 2488    |    21009      |
 2489    |    37393      |
 2490    |     8721      |
 2491    |    25105      |
 2492    |    41489      |
 2493    |     1553      |
 2494    |    17937      |
 2495    |    34321      |
 2496    |     5649      |
 2497    |    22033      |
 2498    |    38417      |
 2499    |     9745      |
 2500    |    26129      |
 2501    |    42513      |
 2502    |     2577      |
 2503    |    18961      |
 2504    |    35345      |
 2505    |     6673      |
 2506    |    23057      |
 2507    |    39441      |
 2508    |    10769      |
 2509    |    27153      |
 2510    |    43537      |
 2511    |       81      |
 2512    |    16465      |
 2513    |    32849      |
 2514    |     4177      |
 2515    |    20561      |
 2516    |    36945      |
 2517    |     8273      |
 2518    |    24657      |
 2519    |    41041      |
 2520    |     1105      |
 2521    |    17489      |
 2522    |    33873      |
 2523    |     5201      |
 2524    |    21585      |
 2525    |    37969      |
 2526    |     9297      |
 2527    |    25681      |
 2528    |    42065      |
 2529    |     2129      |
 2530    |    18513      |
 2531    |    34897      |
 2532    |     6225      |
 2533    |    22609      |
 2534    |    38993      |
 2535    |    10321      |
 2536    |    26705      |
 2537    |    43089      |
 2538    |      337      |
 2539    |    16721      |
 2540    |    33105      |
 2541    |     4433      |
 2542    |    20817      |
 2543    |    37201      |
 2544    |     8529      |
 2545    |    24913      |
 2546    |    41297      |
 2547    |     1361      |
 2548    |    17745      |
 2549    |    34129      |
 2550    |     5457      |
 2551    |    21841      |
 2552    |    38225      |
 2553    |     9553      |
 2554    |    25937      |
 2555    |    42321      |
 2556    |     2385      |
 2557    |    18769      |
 2558    |    35153      |
 2559    |     6481      |
 2560    |    22865      |
 2561    |    39249      |
 2562    |    10577      |
 2563    |    26961      |
 2564    |    43345      |
 2565    |      593      |
 2566    |    16977      |
 2567    |    33361      |
 2568    |     4689      |
 2569    |    21073      |
 2570    |    37457      |
 2571    |     8785      |
 2572    |    25169      |
 2573    |    41553      |
 2574    |     1617      |
 2575    |    18001      |
 2576    |    34385      |
 2577    |     5713      |
 2578    |    22097      |
 2579    |    38481      |
 2580    |     9809      |
 2581    |    26193      |
 2582    |    42577      |
 2583    |     2641      |
 2584    |    19025      |
 2585    |    35409      |
 2586    |     6737      |
 2587    |    23121      |
 2588    |    39505      |
 2589    |    10833      |
 2590    |    27217      |
 2591    |    43601      |
 2592    |      145      |
 2593    |    16529      |
 2594    |    32913      |
 2595    |     4241      |
 2596    |    20625      |
 2597    |    37009      |
 2598    |     8337      |
 2599    |    24721      |
 2600    |    41105      |
 2601    |     1169      |
 2602    |    17553      |
 2603    |    33937      |
 2604    |     5265      |
 2605    |    21649      |
 2606    |    38033      |
 2607    |     9361      |
 2608    |    25745      |
 2609    |    42129      |
 2610    |     2193      |
 2611    |    18577      |
 2612    |    34961      |
 2613    |     6289      |
 2614    |    22673      |
 2615    |    39057      |
 2616    |    10385      |
 2617    |    26769      |
 2618    |    43153      |
 2619    |      401      |
 2620    |    16785      |
 2621    |    33169      |
 2622    |     4497      |
 2623    |    20881      |
 2624    |    37265      |
 2625    |     8593      |
 2626    |    24977      |
 2627    |    41361      |
 2628    |     1425      |
 2629    |    17809      |
 2630    |    34193      |
 2631    |     5521      |
 2632    |    21905      |
 2633    |    38289      |
 2634    |     9617      |
 2635    |    26001      |
 2636    |    42385      |
 2637    |     2449      |
 2638    |    18833      |
 2639    |    35217      |
 2640    |     6545      |
 2641    |    22929      |
 2642    |    39313      |
 2643    |    10641      |
 2644    |    27025      |
 2645    |    43409      |
 2646    |      657      |
 2647    |    17041      |
 2648    |    33425      |
 2649    |     4753      |
 2650    |    21137      |
 2651    |    37521      |
 2652    |     8849      |
 2653    |    25233      |
 2654    |    41617      |
 2655    |     1681      |
 2656    |    18065      |
 2657    |    34449      |
 2658    |     5777      |
 2659    |    22161      |
 2660    |    38545      |
 2661    |     9873      |
 2662    |    26257      |
 2663    |    42641      |
 2664    |     2705      |
 2665    |    19089      |
 2666    |    35473      |
 2667    |     6801      |
 2668    |    23185      |
 2669    |    39569      |
 2670    |    10897      |
 2671    |    27281      |
 2672    |    43665      |
 2673    |       33      |
 2674    |    16417      |
 2675    |    32801      |
 2676    |     4129      |
 2677    |    20513      |
 2678    |    36897      |
 2679    |     8225      |
 2680    |    24609      |
 2681    |    40993      |
 2682    |     1057      |
 2683    |    17441      |
 2684    |    33825      |
 2685    |     5153      |
 2686    |    21537      |
 2687    |    37921      |
 2688    |     9249      |
 2689    |    25633      |
 2690    |    42017      |
 2691    |     2081      |
 2692    |    18465      |
 2693    |    34849      |
 2694    |     6177      |
 2695    |    22561      |
 2696    |    38945      |
 2697    |    10273      |
 2698    |    26657      |
 2699    |    43041      |
 2700    |      289      |
 2701    |    16673      |
 2702    |    33057      |
 2703    |     4385      |
 2704    |    20769      |
 2705    |    37153      |
 2706    |     8481      |
 2707    |    24865      |
 2708    |    41249      |
 2709    |     1313      |
 2710    |    17697      |
 2711    |    34081      |
 2712    |     5409      |
 2713    |    21793      |
 2714    |    38177      |
 2715    |     9505      |
 2716    |    25889      |
 2717    |    42273      |
 2718    |     2337      |
 2719    |    18721      |
 2720    |    35105      |
 2721    |     6433      |
 2722    |    22817      |
 2723    |    39201      |
 2724    |    10529      |
 2725    |    26913      |
 2726    |    43297      |
 2727    |      545      |
 2728    |    16929      |
 2729    |    33313      |
 2730    |     4641      |
 2731    |    21025      |
 2732    |    37409      |
 2733    |     8737      |
 2734    |    25121      |
 2735    |    41505      |
 2736    |     1569      |
 2737    |    17953      |
 2738    |    34337      |
 2739    |     5665      |
 2740    |    22049      |
 2741    |    38433      |
 2742    |     9761      |
 2743    |    26145      |
 2744    |    42529      |
 2745    |     2593      |
 2746    |    18977      |
 2747    |    35361      |
 2748    |     6689      |
 2749    |    23073      |
 2750    |    39457      |
 2751    |    10785      |
 2752    |    27169      |
 2753    |    43553      |
 2754    |       97      |
 2755    |    16481      |
 2756    |    32865      |
 2757    |     4193      |
 2758    |    20577      |
 2759    |    36961      |
 2760    |     8289      |
 2761    |    24673      |
 2762    |    41057      |
 2763    |     1121      |
 2764    |    17505      |
 2765    |    33889      |
 2766    |     5217      |
 2767    |    21601      |
 2768    |    37985      |
 2769    |     9313      |
 2770    |    25697      |
 2771    |    42081      |
 2772    |     2145      |
 2773    |    18529      |
 2774    |    34913      |
 2775    |     6241      |
 2776    |    22625      |
 2777    |    39009      |
 2778    |    10337      |
 2779    |    26721      |
 2780    |    43105      |
 2781    |      353      |
 2782    |    16737      |
 2783    |    33121      |
 2784    |     4449      |
 2785    |    20833      |
 2786    |    37217      |
 2787    |     8545      |
 2788    |    24929      |
 2789    |    41313      |
 2790    |     1377      |
 2791    |    17761      |
 2792    |    34145      |
 2793    |     5473      |
 2794    |    21857      |
 2795    |    38241      |
 2796    |     9569      |
 2797    |    25953      |
 2798    |    42337      |
 2799    |     2401      |
 2800    |    18785      |
 2801    |    35169      |
 2802    |     6497      |
 2803    |    22881      |
 2804    |    39265      |
 2805    |    10593      |
 2806    |    26977      |
 2807    |    43361      |
 2808    |      609      |
 2809    |    16993      |
 2810    |    33377      |
 2811    |     4705      |
 2812    |    21089      |
 2813    |    37473      |
 2814    |     8801      |
 2815    |    25185      |
 2816    |    41569      |
 2817    |     1633      |
 2818    |    18017      |
 2819    |    34401      |
 2820    |     5729      |
 2821    |    22113      |
 2822    |    38497      |
 2823    |     9825      |
 2824    |    26209      |
 2825    |    42593      |
 2826    |     2657      |
 2827    |    19041      |
 2828    |    35425      |
 2829    |     6753      |
 2830    |    23137      |
 2831    |    39521      |
 2832    |    10849      |
 2833    |    27233      |
 2834    |    43617      |
 2835    |      161      |
 2836    |    16545      |
 2837    |    32929      |
 2838    |     4257      |
 2839    |    20641      |
 2840    |    37025      |
 2841    |     8353      |
 2842    |    24737      |
 2843    |    41121      |
 2844    |     1185      |
 2845    |    17569      |
 2846    |    33953      |
 2847    |     5281      |
 2848    |    21665      |
 2849    |    38049      |
 2850    |     9377      |
 2851    |    25761      |
 2852    |    42145      |
 2853    |     2209      |
 2854    |    18593      |
 2855    |    34977      |
 2856    |     6305      |
 2857    |    22689      |
 2858    |    39073      |
 2859    |    10401      |
 2860    |    26785      |
 2861    |    43169      |
 2862    |      417      |
 2863    |    16801      |
 2864    |    33185      |
 2865    |     4513      |
 2866    |    20897      |
 2867    |    37281      |
 2868    |     8609      |
 2869    |    24993      |
 2870    |    41377      |
 2871    |     1441      |
 2872    |    17825      |
 2873    |    34209      |
 2874    |     5537      |
 2875    |    21921      |
 2876    |    38305      |
 2877    |     9633      |
 2878    |    26017      |
 2879    |    42401      |
 2880    |     2465      |
 2881    |    18849      |
 2882    |    35233      |
 2883    |     6561      |
 2884    |    22945      |
 2885    |    39329      |
 2886    |    10657      |
 2887    |    27041      |
 2888    |    43425      |
 2889    |      673      |
 2890    |    17057      |
 2891    |    33441      |
 2892    |     4769      |
 2893    |    21153      |
 2894    |    37537      |
 2895    |     8865      |
 2896    |    25249      |
 2897    |    41633      |
 2898    |     1697      |
 2899    |    18081      |
 2900    |    34465      |
 2901    |     5793      |
 2902    |    22177      |
 2903    |    38561      |
 2904    |     9889      |
 2905    |    26273      |
 2906    |    42657      |
 2907    |     2721      |
 2908    |    19105      |
 2909    |    35489      |
 2910    |     6817      |
 2911    |    23201      |
 2912    |    39585      |
 2913    |    10913      |
 2914    |    27297      |
 2915    |    43681      |
 2916    |        5      |
 2917    |    16389      |
 2918    |    32773      |
 2919    |     4101      |
 2920    |    20485      |
 2921    |    36869      |
 2922    |     8197      |
 2923    |    24581      |
 2924    |    40965      |
 2925    |     1029      |
 2926    |    17413      |
 2927    |    33797      |
 2928    |     5125      |
 2929    |    21509      |
 2930    |    37893      |
 2931    |     9221      |
 2932    |    25605      |
 2933    |    41989      |
 2934    |     2053      |
 2935    |    18437      |
 2936    |    34821      |
 2937    |     6149      |
 2938    |    22533      |
 2939    |    38917      |
 2940    |    10245      |
 2941    |    26629      |
 2942    |    43013      |
 2943    |      261      |
 2944    |    16645      |
 2945    |    33029      |
 2946    |     4357      |
 2947    |    20741      |
 2948    |    37125      |
 2949    |     8453      |
 2950    |    24837      |
 2951    |    41221      |
 2952    |     1285      |
 2953    |    17669      |
 2954    |    34053      |
 2955    |     5381      |
 2956    |    21765      |
 2957    |    38149      |
 2958    |     9477      |
 2959    |    25861      |
 2960    |    42245      |
 2961    |     2309      |
 2962    |    18693      |
 2963    |    35077      |
 2964    |     6405      |
 2965    |    22789      |
 2966    |    39173      |
 2967    |    10501      |
 2968    |    26885      |
 2969    |    43269      |
 2970    |      517      |
 2971    |    16901      |
 2972    |    33285      |
 2973    |     4613      |
 2974    |    20997      |
 2975    |    37381      |
 2976    |     8709      |
 2977    |    25093      |
 2978    |    41477      |
 2979    |     1541      |
 2980    |    17925      |
 2981    |    34309      |
 2982    |     5637      |
 2983    |    22021      |
 2984    |    38405      |
 2985    |     9733      |
 2986    |    26117      |
 2987    |    42501      |
 2988    |     2565      |
 2989    |    18949      |
 2990    |    35333      |
 2991    |     6661      |
 2992    |    23045      |
 2993    |    39429      |
 2994    |    10757      |
 2995    |    27141      |
 2996    |    43525      |
 2997    |       69      |
 2998    |    16453      |
 2999    |    32837      |
 3000    |     4165      |
 3001    |    20549      |
 3002    |    36933      |
 3003    |     8261      |
 3004    |    24645      |
 3005    |    41029      |
 3006    |     1093      |
 3007    |    17477      |
 3008    |    33861      |
 3009    |     5189      |
 3010    |    21573      |
 3011    |    37957      |
 3012    |     9285      |
 3013    |    25669      |
 3014    |    42053      |
 3015    |     2117      |
 3016    |    18501      |
 3017    |    34885      |
 3018    |     6213      |
 3019    |    22597      |
 3020    |    38981      |
 3021    |    10309      |
 3022    |    26693      |
 3023    |    43077      |
 3024    |      325      |
 3025    |    16709      |
 3026    |    33093      |
 3027    |     4421      |
 3028    |    20805      |
 3029    |    37189      |
 3030    |     8517      |
 3031    |    24901      |
 3032    |    41285      |
 3033    |     1349      |
 3034    |    17733      |
 3035    |    34117      |
 3036    |     5445      |
 3037    |    21829      |
 3038    |    38213      |
 3039    |     9541      |
 3040    |    25925      |
 3041    |    42309      |
 3042    |     2373      |
 3043    |    18757      |
 3044    |    35141      |
 3045    |     6469      |
 3046    |    22853      |
 3047    |    39237      |
 3048    |    10565      |
 3049    |    26949      |
 3050    |    43333      |
 3051    |      581      |
 3052    |    16965      |
 3053    |    33349      |
 3054    |     4677      |
 3055    |    21061      |
 3056    |    37445      |
 3057    |     8773      |
 3058    |    25157      |
 3059    |    41541      |
 3060    |     1605      |
 3061    |    17989      |
 3062    |    34373      |
 3063    |     5701      |
 3064    |    22085      |
 3065    |    38469      |
 3066    |     9797      |
 3067    |    26181      |
 3068    |    42565      |
 3069    |     2629      |
 3070    |    19013      |
 3071    |    35397      |
 3072    |     6725      |
 3073    |    23109      |
 3074    |    39493      |
 3075    |    10821      |
 3076    |    27205      |
 3077    |    43589      |
 3078    |      133      |
 3079    |    16517      |
 3080    |    32901      |
 3081    |     4229      |
 3082    |    20613      |
 3083    |    36997      |
 3084    |     8325      |
 3085    |    24709      |
 3086    |    41093      |
 3087    |     1157      |
 3088    |    17541      |
 3089    |    33925      |
 3090    |     5253      |
 3091    |    21637      |
 3092    |    38021      |
 3093    |     9349      |
 3094    |    25733      |
 3095    |    42117      |
 3096    |     2181      |
 3097    |    18565      |
 3098    |    34949      |
 3099    |     6277      |
 3100    |    22661      |
 3101    |    39045      |
 3102    |    10373      |
 3103    |    26757      |
 3104    |    43141      |
 3105    |      389      |
 3106    |    16773      |
 3107    |    33157      |
 3108    |     4485      |
 3109    |    20869      |
 3110    |    37253      |
 3111    |     8581      |
 3112    |    24965      |
 3113    |    41349      |
 3114    |     1413      |
 3115    |    17797      |
 3116    |    34181      |
 3117    |     5509      |
 3118    |    21893      |
 3119    |    38277      |
 3120    |     9605      |
 3121    |    25989      |
 3122    |    42373      |
 3123    |     2437      |
 3124    |    18821      |
 3125    |    35205      |
 3126    |     6533      |
 3127    |    22917      |
 3128    |    39301      |
 3129    |    10629      |
 3130    |    27013      |
 3131    |    43397      |
 3132    |      645      |
 3133    |    17029      |
 3134    |    33413      |
 3135    |     4741      |
 3136    |    21125      |
 3137    |    37509      |
 3138    |     8837      |
 3139    |    25221      |
 3140    |    41605      |
 3141    |     1669      |
 3142    |    18053      |
 3143    |    34437      |
 3144    |     5765      |
 3145    |    22149      |
 3146    |    38533      |
 3147    |     9861      |
 3148    |    26245      |
 3149    |    42629      |
 3150    |     2693      |
 3151    |    19077      |
 3152    |    35461      |
 3153    |     6789      |
 3154    |    23173      |
 3155    |    39557      |
 3156    |    10885      |
 3157    |    27269      |
 3158    |    43653      |
 3159    |       21      |
 3160    |    16405      |
 3161    |    32789      |
 3162    |     4117      |
 3163    |    20501      |
 3164    |    36885      |
 3165    |     8213      |
 3166    |    24597      |
 3167    |    40981      |
 3168    |     1045      |
 3169    |    17429      |
 3170    |    33813      |
 3171    |     5141      |
 3172    |    21525      |
 3173    |    37909      |
 3174    |     9237      |
 3175    |    25621      |
 3176    |    42005      |
 3177    |     2069      |
 3178    |    18453      |
 3179    |    34837      |
 3180    |     6165      |
 3181    |    22549      |
 3182    |    38933      |
 3183    |    10261      |
 3184    |    26645      |
 3185    |    43029      |
 3186    |      277      |
 3187    |    16661      |
 3188    |    33045      |
 3189    |     4373      |
 3190    |    20757      |
 3191    |    37141      |
 3192    |     8469      |
 3193    |    24853      |
 3194    |    41237      |
 3195    |     1301      |
 3196    |    17685      |
 3197    |    34069      |
 3198    |     5397      |
 3199    |    21781      |
 3200    |    38165      |
 3201    |     9493      |
 3202    |    25877      |
 3203    |    42261      |
 3204    |     2325      |
 3205    |    18709      |
 3206    |    35093      |
 3207    |     6421      |
 3208    |    22805      |
 3209    |    39189      |
 3210    |    10517      |
 3211    |    26901      |
 3212    |    43285      |
 3213    |      533      |
 3214    |    16917      |
 3215    |    33301      |
 3216    |     4629      |
 3217    |    21013      |
 3218    |    37397      |
 3219    |     8725      |
 3220    |    25109      |
 3221    |    41493      |
 3222    |     1557      |
 3223    |    17941      |
 3224    |    34325      |
 3225    |     5653      |
 3226    |    22037      |
 3227    |    38421      |
 3228    |     9749      |
 3229    |    26133      |
 3230    |    42517      |
 3231    |     2581      |
 3232    |    18965      |
 3233    |    35349      |
 3234    |     6677      |
 3235    |    23061      |
 3236    |    39445      |
 3237    |    10773      |
 3238    |    27157      |
 3239    |    43541      |
 3240    |       85      |
 3241    |    16469      |
 3242    |    32853      |
 3243    |     4181      |
 3244    |    20565      |
 3245    |    36949      |
 3246    |     8277      |
 3247    |    24661      |
 3248    |    41045      |
 3249    |     1109      |
 3250    |    17493      |
 3251    |    33877      |
 3252    |     5205      |
 3253    |    21589      |
 3254    |    37973      |
 3255    |     9301      |
 3256    |    25685      |
 3257    |    42069      |
 3258    |     2133      |
 3259    |    18517      |
 3260    |    34901      |
 3261    |     6229      |
 3262    |    22613      |
 3263    |    38997      |
 3264    |    10325      |
 3265    |    26709      |
 3266    |    43093      |
 3267    |      341      |
 3268    |    16725      |
 3269    |    33109      |
 3270    |     4437      |
 3271    |    20821      |
 3272    |    37205      |
 3273    |     8533      |
 3274    |    24917      |
 3275    |    41301      |
 3276    |     1365      |
 3277    |    17749      |
 3278    |    34133      |
 3279    |     5461      |
 3280    |    21845      |
 3281    |    38229      |
 3282    |     9557      |
 3283    |    25941      |
 3284    |    42325      |
 3285    |     2389      |
 3286    |    18773      |
 3287    |    35157      |
 3288    |     6485      |
 3289    |    22869      |
 3290    |    39253      |
 3291    |    10581      |
 3292    |    26965      |
 3293    |    43349      |
 3294    |      597      |
 3295    |    16981      |
 3296    |    33365      |
 3297    |     4693      |
 3298    |    21077      |
 3299    |    37461      |
 3300    |     8789      |
 3301    |    25173      |
 3302    |    41557      |
 3303    |     1621      |
 3304    |    18005      |
 3305    |    34389      |
 3306    |     5717      |
 3307    |    22101      |
 3308    |    38485      |
 3309    |     9813      |
 3310    |    26197      |
 3311    |    42581      |
 3312    |     2645      |
 3313    |    19029      |
 3314    |    35413      |
 3315    |     6741      |
 3316    |    23125      |
 3317    |    39509      |
 3318    |    10837      |
 3319    |    27221      |
 3320    |    43605      |
 3321    |      149      |
 3322    |    16533      |
 3323    |    32917      |
 3324    |     4245      |
 3325    |    20629      |
 3326    |    37013      |
 3327    |     8341      |
 3328    |    24725      |
 3329    |    41109      |
 3330    |     1173      |
 3331    |    17557      |
 3332    |    33941      |
 3333    |     5269      |
 3334    |    21653      |
 3335    |    38037      |
 3336    |     9365      |
 3337    |    25749      |
 3338    |    42133      |
 3339    |     2197      |
 3340    |    18581      |
 3341    |    34965      |
 3342    |     6293      |
 3343    |    22677      |
 3344    |    39061      |
 3345    |    10389      |
 3346    |    26773      |
 3347    |    43157      |
 3348    |      405      |
 3349    |    16789      |
 3350    |    33173      |
 3351    |     4501      |
 3352    |    20885      |
 3353    |    37269      |
 3354    |     8597      |
 3355    |    24981      |
 3356    |    41365      |
 3357    |     1429      |
 3358    |    17813      |
 3359    |    34197      |
 3360    |     5525      |
 3361    |    21909      |
 3362    |    38293      |
 3363    |     9621      |
 3364    |    26005      |
 3365    |    42389      |
 3366    |     2453      |
 3367    |    18837      |
 3368    |    35221      |
 3369    |     6549      |
 3370    |    22933      |
 3371    |    39317      |
 3372    |    10645      |
 3373    |    27029      |
 3374    |    43413      |
 3375    |      661      |
 3376    |    17045      |
 3377    |    33429      |
 3378    |     4757      |
 3379    |    21141      |
 3380    |    37525      |
 3381    |     8853      |
 3382    |    25237      |
 3383    |    41621      |
 3384    |     1685      |
 3385    |    18069      |
 3386    |    34453      |
 3387    |     5781      |
 3388    |    22165      |
 3389    |    38549      |
 3390    |     9877      |
 3391    |    26261      |
 3392    |    42645      |
 3393    |     2709      |
 3394    |    19093      |
 3395    |    35477      |
 3396    |     6805      |
 3397    |    23189      |
 3398    |    39573      |
 3399    |    10901      |
 3400    |    27285      |
 3401    |    43669      |
 3402    |       37      |
 3403    |    16421      |
 3404    |    32805      |
 3405    |     4133      |
 3406    |    20517      |
 3407    |    36901      |
 3408    |     8229      |
 3409    |    24613      |
 3410    |    40997      |
 3411    |     1061      |
 3412    |    17445      |
 3413    |    33829      |
 3414    |     5157      |
 3415    |    21541      |
 3416    |    37925      |
 3417    |     9253      |
 3418    |    25637      |
 3419    |    42021      |
 3420    |     2085      |
 3421    |    18469      |
 3422    |    34853      |
 3423    |     6181      |
 3424    |    22565      |
 3425    |    38949      |
 3426    |    10277      |
 3427    |    26661      |
 3428    |    43045      |
 3429    |      293      |
 3430    |    16677      |
 3431    |    33061      |
 3432    |     4389      |
 3433    |    20773      |
 3434    |    37157      |
 3435    |     8485      |
 3436    |    24869      |
 3437    |    41253      |
 3438    |     1317      |
 3439    |    17701      |
 3440    |    34085      |
 3441    |     5413      |
 3442    |    21797      |
 3443    |    38181      |
 3444    |     9509      |
 3445    |    25893      |
 3446    |    42277      |
 3447    |     2341      |
 3448    |    18725      |
 3449    |    35109      |
 3450    |     6437      |
 3451    |    22821      |
 3452    |    39205      |
 3453    |    10533      |
 3454    |    26917      |
 3455    |    43301      |
 3456    |      549      |
 3457    |    16933      |
 3458    |    33317      |
 3459    |     4645      |
 3460    |    21029      |
 3461    |    37413      |
 3462    |     8741      |
 3463    |    25125      |
 3464    |    41509      |
 3465    |     1573      |
 3466    |    17957      |
 3467    |    34341      |
 3468    |     5669      |
 3469    |    22053      |
 3470    |    38437      |
 3471    |     9765      |
 3472    |    26149      |
 3473    |    42533      |
 3474    |     2597      |
 3475    |    18981      |
 3476    |    35365      |
 3477    |     6693      |
 3478    |    23077      |
 3479    |    39461      |
 3480    |    10789      |
 3481    |    27173      |
 3482    |    43557      |
 3483    |      101      |
 3484    |    16485      |
 3485    |    32869      |
 3486    |     4197      |
 3487    |    20581      |
 3488    |    36965      |
 3489    |     8293      |
 3490    |    24677      |
 3491    |    41061      |
 3492    |     1125      |
 3493    |    17509      |
 3494    |    33893      |
 3495    |     5221      |
 3496    |    21605      |
 3497    |    37989      |
 3498    |     9317      |
 3499    |    25701      |
 3500    |    42085      |
 3501    |     2149      |
 3502    |    18533      |
 3503    |    34917      |
 3504    |     6245      |
 3505    |    22629      |
 3506    |    39013      |
 3507    |    10341      |
 3508    |    26725      |
 3509    |    43109      |
 3510    |      357      |
 3511    |    16741      |
 3512    |    33125      |
 3513    |     4453      |
 3514    |    20837      |
 3515    |    37221      |
 3516    |     8549      |
 3517    |    24933      |
 3518    |    41317      |
 3519    |     1381      |
 3520    |    17765      |
 3521    |    34149      |
 3522    |     5477      |
 3523    |    21861      |
 3524    |    38245      |
 3525    |     9573      |
 3526    |    25957      |
 3527    |    42341      |
 3528    |     2405      |
 3529    |    18789      |
 3530    |    35173      |
 3531    |     6501      |
 3532    |    22885      |
 3533    |    39269      |
 3534    |    10597      |
 3535    |    26981      |
 3536    |    43365      |
 3537    |      613      |
 3538    |    16997      |
 3539    |    33381      |
 3540    |     4709      |
 3541    |    21093      |
 3542    |    37477      |
 3543    |     8805      |
 3544    |    25189      |
 3545    |    41573      |
 3546    |     1637      |
 3547    |    18021      |
 3548    |    34405      |
 3549    |     5733      |
 3550    |    22117      |
 3551    |    38501      |
 3552    |     9829      |
 3553    |    26213      |
 3554    |    42597      |
 3555    |     2661      |
 3556    |    19045      |
 3557    |    35429      |
 3558    |     6757      |
 3559    |    23141      |
 3560    |    39525      |
 3561    |    10853      |
 3562    |    27237      |
 3563    |    43621      |
 3564    |      165      |
 3565    |    16549      |
 3566    |    32933      |
 3567    |     4261      |
 3568    |    20645      |
 3569    |    37029      |
 3570    |     8357      |
 3571    |    24741      |
 3572    |    41125      |
 3573    |     1189      |
 3574    |    17573      |
 3575    |    33957      |
 3576    |     5285      |
 3577    |    21669      |
 3578    |    38053      |
 3579    |     9381      |
 3580    |    25765      |
 3581    |    42149      |
 3582    |     2213      |
 3583    |    18597      |
 3584    |    34981      |
 3585    |     6309      |
 3586    |    22693      |
 3587    |    39077      |
 3588    |    10405      |
 3589    |    26789      |
 3590    |    43173      |
 3591    |      421      |
 3592    |    16805      |
 3593    |    33189      |
 3594    |     4517      |
 3595    |    20901      |
 3596    |    37285      |
 3597    |     8613      |
 3598    |    24997      |
 3599    |    41381      |
 3600    |     1445      |
 3601    |    17829      |
 3602    |    34213      |
 3603    |     5541      |
 3604    |    21925      |
 3605    |    38309      |
 3606    |     9637      |
 3607    |    26021      |
 3608    |    42405      |
 3609    |     2469      |
 3610    |    18853      |
 3611    |    35237      |
 3612    |     6565      |
 3613    |    22949      |
 3614    |    39333      |
 3615    |    10661      |
 3616    |    27045      |
 3617    |    43429      |
 3618    |      677      |
 3619    |    17061      |
 3620    |    33445      |
 3621    |     4773      |
 3622    |    21157      |
 3623    |    37541      |
 3624    |     8869      |
 3625    |    25253      |
 3626    |    41637      |
 3627    |     1701      |
 3628    |    18085      |
 3629    |    34469      |
 3630    |     5797      |
 3631    |    22181      |
 3632    |    38565      |
 3633    |     9893      |
 3634    |    26277      |
 3635    |    42661      |
 3636    |     2725      |
 3637    |    19109      |
 3638    |    35493      |
 3639    |     6821      |
 3640    |    23205      |
 3641    |    39589      |
 3642    |    10917      |
 3643    |    27301      |
 3644    |    43685      |
 3645    |        9      |
 3646    |    16393      |
 3647    |    32777      |
 3648    |     4105      |
 3649    |    20489      |
 3650    |    36873      |
 3651    |     8201      |
 3652    |    24585      |
 3653    |    40969      |
 3654    |     1033      |
 3655    |    17417      |
 3656    |    33801      |
 3657    |     5129      |
 3658    |    21513      |
 3659    |    37897      |
 3660    |     9225      |
 3661    |    25609      |
 3662    |    41993      |
 3663    |     2057      |
 3664    |    18441      |
 3665    |    34825      |
 3666    |     6153      |
 3667    |    22537      |
 3668    |    38921      |
 3669    |    10249      |
 3670    |    26633      |
 3671    |    43017      |
 3672    |      265      |
 3673    |    16649      |
 3674    |    33033      |
 3675    |     4361      |
 3676    |    20745      |
 3677    |    37129      |
 3678    |     8457      |
 3679    |    24841      |
 3680    |    41225      |
 3681    |     1289      |
 3682    |    17673      |
 3683    |    34057      |
 3684    |     5385      |
 3685    |    21769      |
 3686    |    38153      |
 3687    |     9481      |
 3688    |    25865      |
 3689    |    42249      |
 3690    |     2313      |
 3691    |    18697      |
 3692    |    35081      |
 3693    |     6409      |
 3694    |    22793      |
 3695    |    39177      |
 3696    |    10505      |
 3697    |    26889      |
 3698    |    43273      |
 3699    |      521      |
 3700    |    16905      |
 3701    |    33289      |
 3702    |     4617      |
 3703    |    21001      |
 3704    |    37385      |
 3705    |     8713      |
 3706    |    25097      |
 3707    |    41481      |
 3708    |     1545      |
 3709    |    17929      |
 3710    |    34313      |
 3711    |     5641      |
 3712    |    22025      |
 3713    |    38409      |
 3714    |     9737      |
 3715    |    26121      |
 3716    |    42505      |
 3717    |     2569      |
 3718    |    18953      |
 3719    |    35337      |
 3720    |     6665      |
 3721    |    23049      |
 3722    |    39433      |
 3723    |    10761      |
 3724    |    27145      |
 3725    |    43529      |
 3726    |       73      |
 3727    |    16457      |
 3728    |    32841      |
 3729    |     4169      |
 3730    |    20553      |
 3731    |    36937      |
 3732    |     8265      |
 3733    |    24649      |
 3734    |    41033      |
 3735    |     1097      |
 3736    |    17481      |
 3737    |    33865      |
 3738    |     5193      |
 3739    |    21577      |
 3740    |    37961      |
 3741    |     9289      |
 3742    |    25673      |
 3743    |    42057      |
 3744    |     2121      |
 3745    |    18505      |
 3746    |    34889      |
 3747    |     6217      |
 3748    |    22601      |
 3749    |    38985      |
 3750    |    10313      |
 3751    |    26697      |
 3752    |    43081      |
 3753    |      329      |
 3754    |    16713      |
 3755    |    33097      |
 3756    |     4425      |
 3757    |    20809      |
 3758    |    37193      |
 3759    |     8521      |
 3760    |    24905      |
 3761    |    41289      |
 3762    |     1353      |
 3763    |    17737      |
 3764    |    34121      |
 3765    |     5449      |
 3766    |    21833      |
 3767    |    38217      |
 3768    |     9545      |
 3769    |    25929      |
 3770    |    42313      |
 3771    |     2377      |
 3772    |    18761      |
 3773    |    35145      |
 3774    |     6473      |
 3775    |    22857      |
 3776    |    39241      |
 3777    |    10569      |
 3778    |    26953      |
 3779    |    43337      |
 3780    |      585      |
 3781    |    16969      |
 3782    |    33353      |
 3783    |     4681      |
 3784    |    21065      |
 3785    |    37449      |
 3786    |     8777      |
 3787    |    25161      |
 3788    |    41545      |
 3789    |     1609      |
 3790    |    17993      |
 3791    |    34377      |
 3792    |     5705      |
 3793    |    22089      |
 3794    |    38473      |
 3795    |     9801      |
 3796    |    26185      |
 3797    |    42569      |
 3798    |     2633      |
 3799    |    19017      |
 3800    |    35401      |
 3801    |     6729      |
 3802    |    23113      |
 3803    |    39497      |
 3804    |    10825      |
 3805    |    27209      |
 3806    |    43593      |
 3807    |      137      |
 3808    |    16521      |
 3809    |    32905      |
 3810    |     4233      |
 3811    |    20617      |
 3812    |    37001      |
 3813    |     8329      |
 3814    |    24713      |
 3815    |    41097      |
 3816    |     1161      |
 3817    |    17545      |
 3818    |    33929      |
 3819    |     5257      |
 3820    |    21641      |
 3821    |    38025      |
 3822    |     9353      |
 3823    |    25737      |
 3824    |    42121      |
 3825    |     2185      |
 3826    |    18569      |
 3827    |    34953      |
 3828    |     6281      |
 3829    |    22665      |
 3830    |    39049      |
 3831    |    10377      |
 3832    |    26761      |
 3833    |    43145      |
 3834    |      393      |
 3835    |    16777      |
 3836    |    33161      |
 3837    |     4489      |
 3838    |    20873      |
 3839    |    37257      |
 3840    |     8585      |
 3841    |    24969      |
 3842    |    41353      |
 3843    |     1417      |
 3844    |    17801      |
 3845    |    34185      |
 3846    |     5513      |
 3847    |    21897      |
 3848    |    38281      |
 3849    |     9609      |
 3850    |    25993      |
 3851    |    42377      |
 3852    |     2441      |
 3853    |    18825      |
 3854    |    35209      |
 3855    |     6537      |
 3856    |    22921      |
 3857    |    39305      |
 3858    |    10633      |
 3859    |    27017      |
 3860    |    43401      |
 3861    |      649      |
 3862    |    17033      |
 3863    |    33417      |
 3864    |     4745      |
 3865    |    21129      |
 3866    |    37513      |
 3867    |     8841      |
 3868    |    25225      |
 3869    |    41609      |
 3870    |     1673      |
 3871    |    18057      |
 3872    |    34441      |
 3873    |     5769      |
 3874    |    22153      |
 3875    |    38537      |
 3876    |     9865      |
 3877    |    26249      |
 3878    |    42633      |
 3879    |     2697      |
 3880    |    19081      |
 3881    |    35465      |
 3882    |     6793      |
 3883    |    23177      |
 3884    |    39561      |
 3885    |    10889      |
 3886    |    27273      |
 3887    |    43657      |
 3888    |       25      |
 3889    |    16409      |
 3890    |    32793      |
 3891    |     4121      |
 3892    |    20505      |
 3893    |    36889      |
 3894    |     8217      |
 3895    |    24601      |
 3896    |    40985      |
 3897    |     1049      |
 3898    |    17433      |
 3899    |    33817      |
 3900    |     5145      |
 3901    |    21529      |
 3902    |    37913      |
 3903    |     9241      |
 3904    |    25625      |
 3905    |    42009      |
 3906    |     2073      |
 3907    |    18457      |
 3908    |    34841      |
 3909    |     6169      |
 3910    |    22553      |
 3911    |    38937      |
 3912    |    10265      |
 3913    |    26649      |
 3914    |    43033      |
 3915    |      281      |
 3916    |    16665      |
 3917    |    33049      |
 3918    |     4377      |
 3919    |    20761      |
 3920    |    37145      |
 3921    |     8473      |
 3922    |    24857      |
 3923    |    41241      |
 3924    |     1305      |
 3925    |    17689      |
 3926    |    34073      |
 3927    |     5401      |
 3928    |    21785      |
 3929    |    38169      |
 3930    |     9497      |
 3931    |    25881      |
 3932    |    42265      |
 3933    |     2329      |
 3934    |    18713      |
 3935    |    35097      |
 3936    |     6425      |
 3937    |    22809      |
 3938    |    39193      |
 3939    |    10521      |
 3940    |    26905      |
 3941    |    43289      |
 3942    |      537      |
 3943    |    16921      |
 3944    |    33305      |
 3945    |     4633      |
 3946    |    21017      |
 3947    |    37401      |
 3948    |     8729      |
 3949    |    25113      |
 3950    |    41497      |
 3951    |     1561      |
 3952    |    17945      |
 3953    |    34329      |
 3954    |     5657      |
 3955    |    22041      |
 3956    |    38425      |
 3957    |     9753      |
 3958    |    26137      |
 3959    |    42521      |
 3960    |     2585      |
 3961    |    18969      |
 3962    |    35353      |
 3963    |     6681      |
 3964    |    23065      |
 3965    |    39449      |
 3966    |    10777      |
 3967    |    27161      |
 3968    |    43545      |
 3969    |       89      |
 3970    |    16473      |
 3971    |    32857      |
 3972    |     4185      |
 3973    |    20569      |
 3974    |    36953      |
 3975    |     8281      |
 3976    |    24665      |
 3977    |    41049      |
 3978    |     1113      |
 3979    |    17497      |
 3980    |    33881      |
 3981    |     5209      |
 3982    |    21593      |
 3983    |    37977      |
 3984    |     9305      |
 3985    |    25689      |
 3986    |    42073      |
 3987    |     2137      |
 3988    |    18521      |
 3989    |    34905      |
 3990    |     6233      |
 3991    |    22617      |
 3992    |    39001      |
 3993    |    10329      |
 3994    |    26713      |
 3995    |    43097      |
 3996    |      345      |
 3997    |    16729      |
 3998    |    33113      |
 3999    |     4441      |
 4000    |    20825      |
 4001    |    37209      |
 4002    |     8537      |
 4003    |    24921      |
 4004    |    41305      |
 4005    |     1369      |
 4006    |    17753      |
 4007    |    34137      |
 4008    |     5465      |
 4009    |    21849      |
 4010    |    38233      |
 4011    |     9561      |
 4012    |    25945      |
 4013    |    42329      |
 4014    |     2393      |
 4015    |    18777      |
 4016    |    35161      |
 4017    |     6489      |
 4018    |    22873      |
 4019    |    39257      |
 4020    |    10585      |
 4021    |    26969      |
 4022    |    43353      |
 4023    |      601      |
 4024    |    16985      |
 4025    |    33369      |
 4026    |     4697      |
 4027    |    21081      |
 4028    |    37465      |
 4029    |     8793      |
 4030    |    25177      |
 4031    |    41561      |
 4032    |     1625      |
 4033    |    18009      |
 4034    |    34393      |
 4035    |     5721      |
 4036    |    22105      |
 4037    |    38489      |
 4038    |     9817      |
 4039    |    26201      |
 4040    |    42585      |
 4041    |     2649      |
 4042    |    19033      |
 4043    |    35417      |
 4044    |     6745      |
 4045    |    23129      |
 4046    |    39513      |
 4047    |    10841      |
 4048    |    27225      |
 4049    |    43609      |
 4050    |      153      |
 4051    |    16537      |
 4052    |    32921      |
 4053    |     4249      |
 4054    |    20633      |
 4055    |    37017      |
 4056    |     8345      |
 4057    |    24729      |
 4058    |    41113      |
 4059    |     1177      |
 4060    |    17561      |
 4061    |    33945      |
 4062    |     5273      |
 4063    |    21657      |
 4064    |    38041      |
 4065    |     9369      |
 4066    |    25753      |
 4067    |    42137      |
 4068    |     2201      |
 4069    |    18585      |
 4070    |    34969      |
 4071    |     6297      |
 4072    |    22681      |
 4073    |    39065      |
 4074    |    10393      |
 4075    |    26777      |
 4076    |    43161      |
 4077    |      409      |
 4078    |    16793      |
 4079    |    33177      |
 4080    |     4505      |
 4081    |    20889      |
 4082    |    37273      |
 4083    |     8601      |
 4084    |    24985      |
 4085    |    41369      |
 4086    |     1433      |
 4087    |    17817      |
 4088    |    34201      |
 4089    |     5529      |
 4090    |    21913      |
 4091    |    38297      |
 4092    |     9625      |
 4093    |    26009      |
 4094    |    42393      |
 4095    |     2457      |
 4096    |    18841      |
 4097    |    35225      |
 4098    |     6553      |
 4099    |    22937      |
 4100    |    39321      |
 4101    |    10649      |
 4102    |    27033      |
 4103    |    43417      |
 4104    |      665      |
 4105    |    17049      |
 4106    |    33433      |
 4107    |     4761      |
 4108    |    21145      |
 4109    |    37529      |
 4110    |     8857      |
 4111    |    25241      |
 4112    |    41625      |
 4113    |     1689      |
 4114    |    18073      |
 4115    |    34457      |
 4116    |     5785      |
 4117    |    22169      |
 4118    |    38553      |
 4119    |     9881      |
 4120    |    26265      |
 4121    |    42649      |
 4122    |     2713      |
 4123    |    19097      |
 4124    |    35481      |
 4125    |     6809      |
 4126    |    23193      |
 4127    |    39577      |
 4128    |    10905      |
 4129    |    27289      |
 4130    |    43673      |
 4131    |       41      |
 4132    |    16425      |
 4133    |    32809      |
 4134    |     4137      |
 4135    |    20521      |
 4136    |    36905      |
 4137    |     8233      |
 4138    |    24617      |
 4139    |    41001      |
 4140    |     1065      |
 4141    |    17449      |
 4142    |    33833      |
 4143    |     5161      |
 4144    |    21545      |
 4145    |    37929      |
 4146    |     9257      |
 4147    |    25641      |
 4148    |    42025      |
 4149    |     2089      |
 4150    |    18473      |
 4151    |    34857      |
 4152    |     6185      |
 4153    |    22569      |
 4154    |    38953      |
 4155    |    10281      |
 4156    |    26665      |
 4157    |    43049      |
 4158    |      297      |
 4159    |    16681      |
 4160    |    33065      |
 4161    |     4393      |
 4162    |    20777      |
 4163    |    37161      |
 4164    |     8489      |
 4165    |    24873      |
 4166    |    41257      |
 4167    |     1321      |
 4168    |    17705      |
 4169    |    34089      |
 4170    |     5417      |
 4171    |    21801      |
 4172    |    38185      |
 4173    |     9513      |
 4174    |    25897      |
 4175    |    42281      |
 4176    |     2345      |
 4177    |    18729      |
 4178    |    35113      |
 4179    |     6441      |
 4180    |    22825      |
 4181    |    39209      |
 4182    |    10537      |
 4183    |    26921      |
 4184    |    43305      |
 4185    |      553      |
 4186    |    16937      |
 4187    |    33321      |
 4188    |     4649      |
 4189    |    21033      |
 4190    |    37417      |
 4191    |     8745      |
 4192    |    25129      |
 4193    |    41513      |
 4194    |     1577      |
 4195    |    17961      |
 4196    |    34345      |
 4197    |     5673      |
 4198    |    22057      |
 4199    |    38441      |
 4200    |     9769      |
 4201    |    26153      |
 4202    |    42537      |
 4203    |     2601      |
 4204    |    18985      |
 4205    |    35369      |
 4206    |     6697      |
 4207    |    23081      |
 4208    |    39465      |
 4209    |    10793      |
 4210    |    27177      |
 4211    |    43561      |
 4212    |      105      |
 4213    |    16489      |
 4214    |    32873      |
 4215    |     4201      |
 4216    |    20585      |
 4217    |    36969      |
 4218    |     8297      |
 4219    |    24681      |
 4220    |    41065      |
 4221    |     1129      |
 4222    |    17513      |
 4223    |    33897      |
 4224    |     5225      |
 4225    |    21609      |
 4226    |    37993      |
 4227    |     9321      |
 4228    |    25705      |
 4229    |    42089      |
 4230    |     2153      |
 4231    |    18537      |
 4232    |    34921      |
 4233    |     6249      |
 4234    |    22633      |
 4235    |    39017      |
 4236    |    10345      |
 4237    |    26729      |
 4238    |    43113      |
 4239    |      361      |
 4240    |    16745      |
 4241    |    33129      |
 4242    |     4457      |
 4243    |    20841      |
 4244    |    37225      |
 4245    |     8553      |
 4246    |    24937      |
 4247    |    41321      |
 4248    |     1385      |
 4249    |    17769      |
 4250    |    34153      |
 4251    |     5481      |
 4252    |    21865      |
 4253    |    38249      |
 4254    |     9577      |
 4255    |    25961      |
 4256    |    42345      |
 4257    |     2409      |
 4258    |    18793      |
 4259    |    35177      |
 4260    |     6505      |
 4261    |    22889      |
 4262    |    39273      |
 4263    |    10601      |
 4264    |    26985      |
 4265    |    43369      |
 4266    |      617      |
 4267    |    17001      |
 4268    |    33385      |
 4269    |     4713      |
 4270    |    21097      |
 4271    |    37481      |
 4272    |     8809      |
 4273    |    25193      |
 4274    |    41577      |
 4275    |     1641      |
 4276    |    18025      |
 4277    |    34409      |
 4278    |     5737      |
 4279    |    22121      |
 4280    |    38505      |
 4281    |     9833      |
 4282    |    26217      |
 4283    |    42601      |
 4284    |     2665      |
 4285    |    19049      |
 4286    |    35433      |
 4287    |     6761      |
 4288    |    23145      |
 4289    |    39529      |
 4290    |    10857      |
 4291    |    27241      |
 4292    |    43625      |
 4293    |      169      |
 4294    |    16553      |
 4295    |    32937      |
 4296    |     4265      |
 4297    |    20649      |
 4298    |    37033      |
 4299    |     8361      |
 4300    |    24745      |
 4301    |    41129      |
 4302    |     1193      |
 4303    |    17577      |
 4304    |    33961      |
 4305    |     5289      |
 4306    |    21673      |
 4307    |    38057      |
 4308    |     9385      |
 4309    |    25769      |
 4310    |    42153      |
 4311    |     2217      |
 4312    |    18601      |
 4313    |    34985      |
 4314    |     6313      |
 4315    |    22697      |
 4316    |    39081      |
 4317    |    10409      |
 4318    |    26793      |
 4319    |    43177      |
 4320    |      425      |
 4321    |    16809      |
 4322    |    33193      |
 4323    |     4521      |
 4324    |    20905      |
 4325    |    37289      |
 4326    |     8617      |
 4327    |    25001      |
 4328    |    41385      |
 4329    |     1449      |
 4330    |    17833      |
 4331    |    34217      |
 4332    |     5545      |
 4333    |    21929      |
 4334    |    38313      |
 4335    |     9641      |
 4336    |    26025      |
 4337    |    42409      |
 4338    |     2473      |
 4339    |    18857      |
 4340    |    35241      |
 4341    |     6569      |
 4342    |    22953      |
 4343    |    39337      |
 4344    |    10665      |
 4345    |    27049      |
 4346    |    43433      |
 4347    |      681      |
 4348    |    17065      |
 4349    |    33449      |
 4350    |     4777      |
 4351    |    21161      |
 4352    |    37545      |
 4353    |     8873      |
 4354    |    25257      |
 4355    |    41641      |
 4356    |     1705      |
 4357    |    18089      |
 4358    |    34473      |
 4359    |     5801      |
 4360    |    22185      |
 4361    |    38569      |
 4362    |     9897      |
 4363    |    26281      |
 4364    |    42665      |
 4365    |     2729      |
 4366    |    19113      |
 4367    |    35497      |
 4368    |     6825      |
 4369    |    23209      |
 4370    |    39593      |
 4371    |    10921      |
 4372    |    27305      |
 4373    |    43689      |
 4374    |        2      |
 4375    |    16386      |
 4376    |    32770      |
 4377    |     4098      |
 4378    |    20482      |
 4379    |    36866      |
 4380    |     8194      |
 4381    |    24578      |
 4382    |    40962      |
 4383    |     1026      |
 4384    |    17410      |
 4385    |    33794      |
 4386    |     5122      |
 4387    |    21506      |
 4388    |    37890      |
 4389    |     9218      |
 4390    |    25602      |
 4391    |    41986      |
 4392    |     2050      |
 4393    |    18434      |
 4394    |    34818      |
 4395    |     6146      |
 4396    |    22530      |
 4397    |    38914      |
 4398    |    10242      |
 4399    |    26626      |
 4400    |    43010      |
 4401    |      258      |
 4402    |    16642      |
 4403    |    33026      |
 4404    |     4354      |
 4405    |    20738      |
 4406    |    37122      |
 4407    |     8450      |
 4408    |    24834      |
 4409    |    41218      |
 4410    |     1282      |
 4411    |    17666      |
 4412    |    34050      |
 4413    |     5378      |
 4414    |    21762      |
 4415    |    38146      |
 4416    |     9474      |
 4417    |    25858      |
 4418    |    42242      |
 4419    |     2306      |
 4420    |    18690      |
 4421    |    35074      |
 4422    |     6402      |
 4423    |    22786      |
 4424    |    39170      |
 4425    |    10498      |
 4426    |    26882      |
 4427    |    43266      |
 4428    |      514      |
 4429    |    16898      |
 4430    |    33282      |
 4431    |     4610      |
 4432    |    20994      |
 4433    |    37378      |
 4434    |     8706      |
 4435    |    25090      |
 4436    |    41474      |
 4437    |     1538      |
 4438    |    17922      |
 4439    |    34306      |
 4440    |     5634      |
 4441    |    22018      |
 4442    |    38402      |
 4443    |     9730      |
 4444    |    26114      |
 4445    |    42498      |
 4446    |     2562      |
 4447    |    18946      |
 4448    |    35330      |
 4449    |     6658      |
 4450    |    23042      |
 4451    |    39426      |
 4452    |    10754      |
 4453    |    27138      |
 4454    |    43522      |
 4455    |       66      |
 4456    |    16450      |
 4457    |    32834      |
 4458    |     4162      |
 4459    |    20546      |
 4460    |    36930      |
 4461    |     8258      |
 4462    |    24642      |
 4463    |    41026      |
 4464    |     1090      |
 4465    |    17474      |
 4466    |    33858      |
 4467    |     5186      |
 4468    |    21570      |
 4469    |    37954      |
 4470    |     9282      |
 4471    |    25666      |
 4472    |    42050      |
 4473    |     2114      |
 4474    |    18498      |
 4475    |    34882      |
 4476    |     6210      |
 4477    |    22594      |
 4478    |    38978      |
 4479    |    10306      |
 4480    |    26690      |
 4481    |    43074      |
 4482    |      322      |
 4483    |    16706      |
 4484    |    33090      |
 4485    |     4418      |
 4486    |    20802      |
 4487    |    37186      |
 4488    |     8514      |
 4489    |    24898      |
 4490    |    41282      |
 4491    |     1346      |
 4492    |    17730      |
 4493    |    34114      |
 4494    |     5442      |
 4495    |    21826      |
 4496    |    38210      |
 4497    |     9538      |
 4498    |    25922      |
 4499    |    42306      |
 4500    |     2370      |
 4501    |    18754      |
 4502    |    35138      |
 4503    |     6466      |
 4504    |    22850      |
 4505    |    39234      |
 4506    |    10562      |
 4507    |    26946      |
 4508    |    43330      |
 4509    |      578      |
 4510    |    16962      |
 4511    |    33346      |
 4512    |     4674      |
 4513    |    21058      |
 4514    |    37442      |
 4515    |     8770      |
 4516    |    25154      |
 4517    |    41538      |
 4518    |     1602      |
 4519    |    17986      |
 4520    |    34370      |
 4521    |     5698      |
 4522    |    22082      |
 4523    |    38466      |
 4524    |     9794      |
 4525    |    26178      |
 4526    |    42562      |
 4527    |     2626      |
 4528    |    19010      |
 4529    |    35394      |
 4530    |     6722      |
 4531    |    23106      |
 4532    |    39490      |
 4533    |    10818      |
 4534    |    27202      |
 4535    |    43586      |
 4536    |      130      |
 4537    |    16514      |
 4538    |    32898      |
 4539    |     4226      |
 4540    |    20610      |
 4541    |    36994      |
 4542    |     8322      |
 4543    |    24706      |
 4544    |    41090      |
 4545    |     1154      |
 4546    |    17538      |
 4547    |    33922      |
 4548    |     5250      |
 4549    |    21634      |
 4550    |    38018      |
 4551    |     9346      |
 4552    |    25730      |
 4553    |    42114      |
 4554    |     2178      |
 4555    |    18562      |
 4556    |    34946      |
 4557    |     6274      |
 4558    |    22658      |
 4559    |    39042      |
 4560    |    10370      |
 4561    |    26754      |
 4562    |    43138      |
 4563    |      386      |
 4564    |    16770      |
 4565    |    33154      |
 4566    |     4482      |
 4567    |    20866      |
 4568    |    37250      |
 4569    |     8578      |
 4570    |    24962      |
 4571    |    41346      |
 4572    |     1410      |
 4573    |    17794      |
 4574    |    34178      |
 4575    |     5506      |
 4576    |    21890      |
 4577    |    38274      |
 4578    |     9602      |
 4579    |    25986      |
 4580    |    42370      |
 4581    |     2434      |
 4582    |    18818      |
 4583    |    35202      |
 4584    |     6530      |
 4585    |    22914      |
 4586    |    39298      |
 4587    |    10626      |
 4588    |    27010      |
 4589    |    43394      |
 4590    |      642      |
 4591    |    17026      |
 4592    |    33410      |
 4593    |     4738      |
 4594    |    21122      |
 4595    |    37506      |
 4596    |     8834      |
 4597    |    25218      |
 4598    |    41602      |
 4599    |     1666      |
 4600    |    18050      |
 4601    |    34434      |
 4602    |     5762      |
 4603    |    22146      |
 4604    |    38530      |
 4605    |     9858      |
 4606    |    26242      |
 4607    |    42626      |
 4608    |     2690      |
 4609    |    19074      |
 4610    |    35458      |
 4611    |     6786      |
 4612    |    23170      |
 4613    |    39554      |
 4614    |    10882      |
 4615    |    27266      |
 4616    |    43650      |
 4617    |       18      |
 4618    |    16402      |
 4619    |    32786      |
 4620    |     4114      |
 4621    |    20498      |
 4622    |    36882      |
 4623    |     8210      |
 4624    |    24594      |
 4625    |    40978      |
 4626    |     1042      |
 4627    |    17426      |
 4628    |    33810      |
 4629    |     5138      |
 4630    |    21522      |
 4631    |    37906      |
 4632    |     9234      |
 4633    |    25618      |
 4634    |    42002      |
 4635    |     2066      |
 4636    |    18450      |
 4637    |    34834      |
 4638    |     6162      |
 4639    |    22546      |
 4640    |    38930      |
 4641    |    10258      |
 4642    |    26642      |
 4643    |    43026      |
 4644    |      274      |
 4645    |    16658      |
 4646    |    33042      |
 4647    |     4370      |
 4648    |    20754      |
 4649    |    37138      |
 4650    |     8466      |
 4651    |    24850      |
 4652    |    41234      |
 4653    |     1298      |
 4654    |    17682      |
 4655    |    34066      |
 4656    |     5394      |
 4657    |    21778      |
 4658    |    38162      |
 4659    |     9490      |
 4660    |    25874      |
 4661    |    42258      |
 4662    |     2322      |
 4663    |    18706      |
 4664    |    35090      |
 4665    |     6418      |
 4666    |    22802      |
 4667    |    39186      |
 4668    |    10514      |
 4669    |    26898      |
 4670    |    43282      |
 4671    |      530      |
 4672    |    16914      |
 4673    |    33298      |
 4674    |     4626      |
 4675    |    21010      |
 4676    |    37394      |
 4677    |     8722      |
 4678    |    25106      |
 4679    |    41490      |
 4680    |     1554      |
 4681    |    17938      |
 4682    |    34322      |
 4683    |     5650      |
 4684    |    22034      |
 4685    |    38418      |
 4686    |     9746      |
 4687    |    26130      |
 4688    |    42514      |
 4689    |     2578      |
 4690    |    18962      |
 4691    |    35346      |
 4692    |     6674      |
 4693    |    23058      |
 4694    |    39442      |
 4695    |    10770      |
 4696    |    27154      |
 4697    |    43538      |
 4698    |       82      |
 4699    |    16466      |
 4700    |    32850      |
 4701    |     4178      |
 4702    |    20562      |
 4703    |    36946      |
 4704    |     8274      |
 4705    |    24658      |
 4706    |    41042      |
 4707    |     1106      |
 4708    |    17490      |
 4709    |    33874      |
 4710    |     5202      |
 4711    |    21586      |
 4712    |    37970      |
 4713    |     9298      |
 4714    |    25682      |
 4715    |    42066      |
 4716    |     2130      |
 4717    |    18514      |
 4718    |    34898      |
 4719    |     6226      |
 4720    |    22610      |
 4721    |    38994      |
 4722    |    10322      |
 4723    |    26706      |
 4724    |    43090      |
 4725    |      338      |
 4726    |    16722      |
 4727    |    33106      |
 4728    |     4434      |
 4729    |    20818      |
 4730    |    37202      |
 4731    |     8530      |
 4732    |    24914      |
 4733    |    41298      |
 4734    |     1362      |
 4735    |    17746      |
 4736    |    34130      |
 4737    |     5458      |
 4738    |    21842      |
 4739    |    38226      |
 4740    |     9554      |
 4741    |    25938      |
 4742    |    42322      |
 4743    |     2386      |
 4744    |    18770      |
 4745    |    35154      |
 4746    |     6482      |
 4747    |    22866      |
 4748    |    39250      |
 4749    |    10578      |
 4750    |    26962      |
 4751    |    43346      |
 4752    |      594      |
 4753    |    16978      |
 4754    |    33362      |
 4755    |     4690      |
 4756    |    21074      |
 4757    |    37458      |
 4758    |     8786      |
 4759    |    25170      |
 4760    |    41554      |
 4761    |     1618      |
 4762    |    18002      |
 4763    |    34386      |
 4764    |     5714      |
 4765    |    22098      |
 4766    |    38482      |
 4767    |     9810      |
 4768    |    26194      |
 4769    |    42578      |
 4770    |     2642      |
 4771    |    19026      |
 4772    |    35410      |
 4773    |     6738      |
 4774    |    23122      |
 4775    |    39506      |
 4776    |    10834      |
 4777    |    27218      |
 4778    |    43602      |
 4779    |      146      |
 4780    |    16530      |
 4781    |    32914      |
 4782    |     4242      |
 4783    |    20626      |
 4784    |    37010      |
 4785    |     8338      |
 4786    |    24722      |
 4787    |    41106      |
 4788    |     1170      |
 4789    |    17554      |
 4790    |    33938      |
 4791    |     5266      |
 4792    |    21650      |
 4793    |    38034      |
 4794    |     9362      |
 4795    |    25746      |
 4796    |    42130      |
 4797    |     2194      |
 4798    |    18578      |
 4799    |    34962      |
 4800    |     6290      |
 4801    |    22674      |
 4802    |    39058      |
 4803    |    10386      |
 4804    |    26770      |
 4805    |    43154      |
 4806    |      402      |
 4807    |    16786      |
 4808    |    33170      |
 4809    |     4498      |
 4810    |    20882      |
 4811    |    37266      |
 4812    |     8594      |
 4813    |    24978      |
 4814    |    41362      |
 4815    |     1426      |
 4816    |    17810      |
 4817    |    34194      |
 4818    |     5522      |
 4819    |    21906      |
 4820    |    38290      |
 4821    |     9618      |
 4822    |    26002      |
 4823    |    42386      |
 4824    |     2450      |
 4825    |    18834      |
 4826    |    35218      |
 4827    |     6546      |
 4828    |    22930      |
 4829    |    39314      |
 4830    |    10642      |
 4831    |    27026      |
 4832    |    43410      |
 4833    |      658      |
 4834    |    17042      |
 4835    |    33426      |
 4836    |     4754      |
 4837    |    21138      |
 4838    |    37522      |
 4839    |     8850      |
 4840    |    25234      |
 4841    |    41618      |
 4842    |     1682      |
 4843    |    18066      |
 4844    |    34450      |
 4845    |     5778      |
 4846    |    22162      |
 4847    |    38546      |
 4848    |     9874      |
 4849    |    26258      |
 4850    |    42642      |
 4851    |     2706      |
 4852    |    19090      |
 4853    |    35474      |
 4854    |     6802      |
 4855    |    23186      |
 4856    |    39570      |
 4857    |    10898      |
 4858    |    27282      |
 4859    |    43666      |
 4860    |       34      |
 4861    |    16418      |
 4862    |    32802      |
 4863    |     4130      |
 4864    |    20514      |
 4865    |    36898      |
 4866    |     8226      |
 4867    |    24610      |
 4868    |    40994      |
 4869    |     1058      |
 4870    |    17442      |
 4871    |    33826      |
 4872    |     5154      |
 4873    |    21538      |
 4874    |    37922      |
 4875    |     9250      |
 4876    |    25634      |
 4877    |    42018      |
 4878    |     2082      |
 4879    |    18466      |
 4880    |    34850      |
 4881    |     6178      |
 4882    |    22562      |
 4883    |    38946      |
 4884    |    10274      |
 4885    |    26658      |
 4886    |    43042      |
 4887    |      290      |
 4888    |    16674      |
 4889    |    33058      |
 4890    |     4386      |
 4891    |    20770      |
 4892    |    37154      |
 4893    |     8482      |
 4894    |    24866      |
 4895    |    41250      |
 4896    |     1314      |
 4897    |    17698      |
 4898    |    34082      |
 4899    |     5410      |
 4900    |    21794      |
 4901    |    38178      |
 4902    |     9506      |
 4903    |    25890      |
 4904    |    42274      |
 4905    |     2338      |
 4906    |    18722      |
 4907    |    35106      |
 4908    |     6434      |
 4909    |    22818      |
 4910    |    39202      |
 4911    |    10530      |
 4912    |    26914      |
 4913    |    43298      |
 4914    |      546      |
 4915    |    16930      |
 4916    |    33314      |
 4917    |     4642      |
 4918    |    21026      |
 4919    |    37410      |
 4920    |     8738      |
 4921    |    25122      |
 4922    |    41506      |
 4923    |     1570      |
 4924    |    17954      |
 4925    |    34338      |
 4926    |     5666      |
 4927    |    22050      |
 4928    |    38434      |
 4929    |     9762      |
 4930    |    26146      |
 4931    |    42530      |
 4932    |     2594      |
 4933    |    18978      |
 4934    |    35362      |
 4935    |     6690      |
 4936    |    23074      |
 4937    |    39458      |
 4938    |    10786      |
 4939    |    27170      |
 4940    |    43554      |
 4941    |       98      |
 4942    |    16482      |
 4943    |    32866      |
 4944    |     4194      |
 4945    |    20578      |
 4946    |    36962      |
 4947    |     8290      |
 4948    |    24674      |
 4949    |    41058      |
 4950    |     1122      |
 4951    |    17506      |
 4952    |    33890      |
 4953    |     5218      |
 4954    |    21602      |
 4955    |    37986      |
 4956    |     9314      |
 4957    |    25698      |
 4958    |    42082      |
 4959    |     2146      |
 4960    |    18530      |
 4961    |    34914      |
 4962    |     6242      |
 4963    |    22626      |
 4964    |    39010      |
 4965    |    10338      |
 4966    |    26722      |
 4967    |    43106      |
 4968    |      354      |
 4969    |    16738      |
 4970    |    33122      |
 4971    |     4450      |
 4972    |    20834      |
 4973    |    37218      |
 4974    |     8546      |
 4975    |    24930      |
 4976    |    41314      |
 4977    |     1378      |
 4978    |    17762      |
 4979    |    34146      |
 4980    |     5474      |
 4981    |    21858      |
 4982    |    38242      |
 4983    |     9570      |
 4984    |    25954      |
 4985    |    42338      |
 4986    |     2402      |
 4987    |    18786      |
 4988    |    35170      |
 4989    |     6498      |
 4990    |    22882      |
 4991    |    39266      |
 4992    |    10594      |
 4993    |    26978      |
 4994    |    43362      |
 4995    |      610      |
 4996    |    16994      |
 4997    |    33378      |
 4998    |     4706      |
 4999    |    21090      |
 5000    |    37474      |
 5001    |     8802      |
 5002    |    25186      |
 5003    |    41570      |
 5004    |     1634      |
 5005    |    18018      |
 5006    |    34402      |
 5007    |     5730      |
 5008    |    22114      |
 5009    |    38498      |
 5010    |     9826      |
 5011    |    26210      |
 5012    |    42594      |
 5013    |     2658      |
 5014    |    19042      |
 5015    |    35426      |
 5016    |     6754      |
 5017    |    23138      |
 5018    |    39522      |
 5019    |    10850      |
 5020    |    27234      |
 5021    |    43618      |
 5022    |      162      |
 5023    |    16546      |
 5024    |    32930      |
 5025    |     4258      |
 5026    |    20642      |
 5027    |    37026      |
 5028    |     8354      |
 5029    |    24738      |
 5030    |    41122      |
 5031    |     1186      |
 5032    |    17570      |
 5033    |    33954      |
 5034    |     5282      |
 5035    |    21666      |
 5036    |    38050      |
 5037    |     9378      |
 5038    |    25762      |
 5039    |    42146      |
 5040    |     2210      |
 5041    |    18594      |
 5042    |    34978      |
 5043    |     6306      |
 5044    |    22690      |
 5045    |    39074      |
 5046    |    10402      |
 5047    |    26786      |
 5048    |    43170      |
 5049    |      418      |
 5050    |    16802      |
 5051    |    33186      |
 5052    |     4514      |
 5053    |    20898      |
 5054    |    37282      |
 5055    |     8610      |
 5056    |    24994      |
 5057    |    41378      |
 5058    |     1442      |
 5059    |    17826      |
 5060    |    34210      |
 5061    |     5538      |
 5062    |    21922      |
 5063    |    38306      |
 5064    |     9634      |
 5065    |    26018      |
 5066    |    42402      |
 5067    |     2466      |
 5068    |    18850      |
 5069    |    35234      |
 5070    |     6562      |
 5071    |    22946      |
 5072    |    39330      |
 5073    |    10658      |
 5074    |    27042      |
 5075    |    43426      |
 5076    |      674      |
 5077    |    17058      |
 5078    |    33442      |
 5079    |     4770      |
 5080    |    21154      |
 5081    |    37538      |
 5082    |     8866      |
 5083    |    25250      |
 5084    |    41634      |
 5085    |     1698      |
 5086    |    18082      |
 5087    |    34466      |
 5088    |     5794      |
 5089    |    22178      |
 5090    |    38562      |
 5091    |     9890      |
 5092    |    26274      |
 5093    |    42658      |
 5094    |     2722      |
 5095    |    19106      |
 5096    |    35490      |
 5097    |     6818      |
 5098    |    23202      |
 5099    |    39586      |
 5100    |    10914      |
 5101    |    27298      |
 5102    |    43682      |
 5103    |        6      |
 5104    |    16390      |
 5105    |    32774      |
 5106    |     4102      |
 5107    |    20486      |
 5108    |    36870      |
 5109    |     8198      |
 5110    |    24582      |
 5111    |    40966      |
 5112    |     1030      |
 5113    |    17414      |
 5114    |    33798      |
 5115    |     5126      |
 5116    |    21510      |
 5117    |    37894      |
 5118    |     9222      |
 5119    |    25606      |
 5120    |    41990      |
 5121    |     2054      |
 5122    |    18438      |
 5123    |    34822      |
 5124    |     6150      |
 5125    |    22534      |
 5126    |    38918      |
 5127    |    10246      |
 5128    |    26630      |
 5129    |    43014      |
 5130    |      262      |
 5131    |    16646      |
 5132    |    33030      |
 5133    |     4358      |
 5134    |    20742      |
 5135    |    37126      |
 5136    |     8454      |
 5137    |    24838      |
 5138    |    41222      |
 5139    |     1286      |
 5140    |    17670      |
 5141    |    34054      |
 5142    |     5382      |
 5143    |    21766      |
 5144    |    38150      |
 5145    |     9478      |
 5146    |    25862      |
 5147    |    42246      |
 5148    |     2310      |
 5149    |    18694      |
 5150    |    35078      |
 5151    |     6406      |
 5152    |    22790      |
 5153    |    39174      |
 5154    |    10502      |
 5155    |    26886      |
 5156    |    43270      |
 5157    |      518      |
 5158    |    16902      |
 5159    |    33286      |
 5160    |     4614      |
 5161    |    20998      |
 5162    |    37382      |
 5163    |     8710      |
 5164    |    25094      |
 5165    |    41478      |
 5166    |     1542      |
 5167    |    17926      |
 5168    |    34310      |
 5169    |     5638      |
 5170    |    22022      |
 5171    |    38406      |
 5172    |     9734      |
 5173    |    26118      |
 5174    |    42502      |
 5175    |     2566      |
 5176    |    18950      |
 5177    |    35334      |
 5178    |     6662      |
 5179    |    23046      |
 5180    |    39430      |
 5181    |    10758      |
 5182    |    27142      |
 5183    |    43526      |
 5184    |       70      |
 5185    |    16454      |
 5186    |    32838      |
 5187    |     4166      |
 5188    |    20550      |
 5189    |    36934      |
 5190    |     8262      |
 5191    |    24646      |
 5192    |    41030      |
 5193    |     1094      |
 5194    |    17478      |
 5195    |    33862      |
 5196    |     5190      |
 5197    |    21574      |
 5198    |    37958      |
 5199    |     9286      |
 5200    |    25670      |
 5201    |    42054      |
 5202    |     2118      |
 5203    |    18502      |
 5204    |    34886      |
 5205    |     6214      |
 5206    |    22598      |
 5207    |    38982      |
 5208    |    10310      |
 5209    |    26694      |
 5210    |    43078      |
 5211    |      326      |
 5212    |    16710      |
 5213    |    33094      |
 5214    |     4422      |
 5215    |    20806      |
 5216    |    37190      |
 5217    |     8518      |
 5218    |    24902      |
 5219    |    41286      |
 5220    |     1350      |
 5221    |    17734      |
 5222    |    34118      |
 5223    |     5446      |
 5224    |    21830      |
 5225    |    38214      |
 5226    |     9542      |
 5227    |    25926      |
 5228    |    42310      |
 5229    |     2374      |
 5230    |    18758      |
 5231    |    35142      |
 5232    |     6470      |
 5233    |    22854      |
 5234    |    39238      |
 5235    |    10566      |
 5236    |    26950      |
 5237    |    43334      |
 5238    |      582      |
 5239    |    16966      |
 5240    |    33350      |
 5241    |     4678      |
 5242    |    21062      |
 5243    |    37446      |
 5244    |     8774      |
 5245    |    25158      |
 5246    |    41542      |
 5247    |     1606      |
 5248    |    17990      |
 5249    |    34374      |
 5250    |     5702      |
 5251    |    22086      |
 5252    |    38470      |
 5253    |     9798      |
 5254    |    26182      |
 5255    |    42566      |
 5256    |     2630      |
 5257    |    19014      |
 5258    |    35398      |
 5259    |     6726      |
 5260    |    23110      |
 5261    |    39494      |
 5262    |    10822      |
 5263    |    27206      |
 5264    |    43590      |
 5265    |      134      |
 5266    |    16518      |
 5267    |    32902      |
 5268    |     4230      |
 5269    |    20614      |
 5270    |    36998      |
 5271    |     8326      |
 5272    |    24710      |
 5273    |    41094      |
 5274    |     1158      |
 5275    |    17542      |
 5276    |    33926      |
 5277    |     5254      |
 5278    |    21638      |
 5279    |    38022      |
 5280    |     9350      |
 5281    |    25734      |
 5282    |    42118      |
 5283    |     2182      |
 5284    |    18566      |
 5285    |    34950      |
 5286    |     6278      |
 5287    |    22662      |
 5288    |    39046      |
 5289    |    10374      |
 5290    |    26758      |
 5291    |    43142      |
 5292    |      390      |
 5293    |    16774      |
 5294    |    33158      |
 5295    |     4486      |
 5296    |    20870      |
 5297    |    37254      |
 5298    |     8582      |
 5299    |    24966      |
 5300    |    41350      |
 5301    |     1414      |
 5302    |    17798      |
 5303    |    34182      |
 5304    |     5510      |
 5305    |    21894      |
 5306    |    38278      |
 5307    |     9606      |
 5308    |    25990      |
 5309    |    42374      |
 5310    |     2438      |
 5311    |    18822      |
 5312    |    35206      |
 5313    |     6534      |
 5314    |    22918      |
 5315    |    39302      |
 5316    |    10630      |
 5317    |    27014      |
 5318    |    43398      |
 5319    |      646      |
 5320    |    17030      |
 5321    |    33414      |
 5322    |     4742      |
 5323    |    21126      |
 5324    |    37510      |
 5325    |     8838      |
 5326    |    25222      |
 5327    |    41606      |
 5328    |     1670      |
 5329    |    18054      |
 5330    |    34438      |
 5331    |     5766      |
 5332    |    22150      |
 5333    |    38534      |
 5334    |     9862      |
 5335    |    26246      |
 5336    |    42630      |
 5337    |     2694      |
 5338    |    19078      |
 5339    |    35462      |
 5340    |     6790      |
 5341    |    23174      |
 5342    |    39558      |
 5343    |    10886      |
 5344    |    27270      |
 5345    |    43654      |
 5346    |       22      |
 5347    |    16406      |
 5348    |    32790      |
 5349    |     4118      |
 5350    |    20502      |
 5351    |    36886      |
 5352    |     8214      |
 5353    |    24598      |
 5354    |    40982      |
 5355    |     1046      |
 5356    |    17430      |
 5357    |    33814      |
 5358    |     5142      |
 5359    |    21526      |
 5360    |    37910      |
 5361    |     9238      |
 5362    |    25622      |
 5363    |    42006      |
 5364    |     2070      |
 5365    |    18454      |
 5366    |    34838      |
 5367    |     6166      |
 5368    |    22550      |
 5369    |    38934      |
 5370    |    10262      |
 5371    |    26646      |
 5372    |    43030      |
 5373    |      278      |
 5374    |    16662      |
 5375    |    33046      |
 5376    |     4374      |
 5377    |    20758      |
 5378    |    37142      |
 5379    |     8470      |
 5380    |    24854      |
 5381    |    41238      |
 5382    |     1302      |
 5383    |    17686      |
 5384    |    34070      |
 5385    |     5398      |
 5386    |    21782      |
 5387    |    38166      |
 5388    |     9494      |
 5389    |    25878      |
 5390    |    42262      |
 5391    |     2326      |
 5392    |    18710      |
 5393    |    35094      |
 5394    |     6422      |
 5395    |    22806      |
 5396    |    39190      |
 5397    |    10518      |
 5398    |    26902      |
 5399    |    43286      |
 5400    |      534      |
 5401    |    16918      |
 5402    |    33302      |
 5403    |     4630      |
 5404    |    21014      |
 5405    |    37398      |
 5406    |     8726      |
 5407    |    25110      |
 5408    |    41494      |
 5409    |     1558      |
 5410    |    17942      |
 5411    |    34326      |
 5412    |     5654      |
 5413    |    22038      |
 5414    |    38422      |
 5415    |     9750      |
 5416    |    26134      |
 5417    |    42518      |
 5418    |     2582      |
 5419    |    18966      |
 5420    |    35350      |
 5421    |     6678      |
 5422    |    23062      |
 5423    |    39446      |
 5424    |    10774      |
 5425    |    27158      |
 5426    |    43542      |
 5427    |       86      |
 5428    |    16470      |
 5429    |    32854      |
 5430    |     4182      |
 5431    |    20566      |
 5432    |    36950      |
 5433    |     8278      |
 5434    |    24662      |
 5435    |    41046      |
 5436    |     1110      |
 5437    |    17494      |
 5438    |    33878      |
 5439    |     5206      |
 5440    |    21590      |
 5441    |    37974      |
 5442    |     9302      |
 5443    |    25686      |
 5444    |    42070      |
 5445    |     2134      |
 5446    |    18518      |
 5447    |    34902      |
 5448    |     6230      |
 5449    |    22614      |
 5450    |    38998      |
 5451    |    10326      |
 5452    |    26710      |
 5453    |    43094      |
 5454    |      342      |
 5455    |    16726      |
 5456    |    33110      |
 5457    |     4438      |
 5458    |    20822      |
 5459    |    37206      |
 5460    |     8534      |
 5461    |    24918      |
 5462    |    41302      |
 5463    |     1366      |
 5464    |    17750      |
 5465    |    34134      |
 5466    |     5462      |
 5467    |    21846      |
 5468    |    38230      |
 5469    |     9558      |
 5470    |    25942      |
 5471    |    42326      |
 5472    |     2390      |
 5473    |    18774      |
 5474    |    35158      |
 5475    |     6486      |
 5476    |    22870      |
 5477    |    39254      |
 5478    |    10582      |
 5479    |    26966      |
 5480    |    43350      |
 5481    |      598      |
 5482    |    16982      |
 5483    |    33366      |
 5484    |     4694      |
 5485    |    21078      |
 5486    |    37462      |
 5487    |     8790      |
 5488    |    25174      |
 5489    |    41558      |
 5490    |     1622      |
 5491    |    18006      |
 5492    |    34390      |
 5493    |     5718      |
 5494    |    22102      |
 5495    |    38486      |
 5496    |     9814      |
 5497    |    26198      |
 5498    |    42582      |
 5499    |     2646      |
 5500    |    19030      |
 5501    |    35414      |
 5502    |     6742      |
 5503    |    23126      |
 5504    |    39510      |
 5505    |    10838      |
 5506    |    27222      |
 5507    |    43606      |
 5508    |      150      |
 5509    |    16534      |
 5510    |    32918      |
 5511    |     4246      |
 5512    |    20630      |
 5513    |    37014      |
 5514    |     8342      |
 5515    |    24726      |
 5516    |    41110      |
 5517    |     1174      |
 5518    |    17558      |
 5519    |    33942      |
 5520    |     5270      |
 5521    |    21654      |
 5522    |    38038      |
 5523    |     9366      |
 5524    |    25750      |
 5525    |    42134      |
 5526    |     2198      |
 5527    |    18582      |
 5528    |    34966      |
 5529    |     6294      |
 5530    |    22678      |
 5531    |    39062      |
 5532    |    10390      |
 5533    |    26774      |
 5534    |    43158      |
 5535    |      406      |
 5536    |    16790      |
 5537    |    33174      |
 5538    |     4502      |
 5539    |    20886      |
 5540    |    37270      |
 5541    |     8598      |
 5542    |    24982      |
 5543    |    41366      |
 5544    |     1430      |
 5545    |    17814      |
 5546    |    34198      |
 5547    |     5526      |
 5548    |    21910      |
 5549    |    38294      |
 5550    |     9622      |
 5551    |    26006      |
 5552    |    42390      |
 5553    |     2454      |
 5554    |    18838      |
 5555    |    35222      |
 5556    |     6550      |
 5557    |    22934      |
 5558    |    39318      |
 5559    |    10646      |
 5560    |    27030      |
 5561    |    43414      |
 5562    |      662      |
 5563    |    17046      |
 5564    |    33430      |
 5565    |     4758      |
 5566    |    21142      |
 5567    |    37526      |
 5568    |     8854      |
 5569    |    25238      |
 5570    |    41622      |
 5571    |     1686      |
 5572    |    18070      |
 5573    |    34454      |
 5574    |     5782      |
 5575    |    22166      |
 5576    |    38550      |
 5577    |     9878      |
 5578    |    26262      |
 5579    |    42646      |
 5580    |     2710      |
 5581    |    19094      |
 5582    |    35478      |
 5583    |     6806      |
 5584    |    23190      |
 5585    |    39574      |
 5586    |    10902      |
 5587    |    27286      |
 5588    |    43670      |
 5589    |       38      |
 5590    |    16422      |
 5591    |    32806      |
 5592    |     4134      |
 5593    |    20518      |
 5594    |    36902      |
 5595    |     8230      |
 5596    |    24614      |
 5597    |    40998      |
 5598    |     1062      |
 5599    |    17446      |
 5600    |    33830      |
 5601    |     5158      |
 5602    |    21542      |
 5603    |    37926      |
 5604    |     9254      |
 5605    |    25638      |
 5606    |    42022      |
 5607    |     2086      |
 5608    |    18470      |
 5609    |    34854      |
 5610    |     6182      |
 5611    |    22566      |
 5612    |    38950      |
 5613    |    10278      |
 5614    |    26662      |
 5615    |    43046      |
 5616    |      294      |
 5617    |    16678      |
 5618    |    33062      |
 5619    |     4390      |
 5620    |    20774      |
 5621    |    37158      |
 5622    |     8486      |
 5623    |    24870      |
 5624    |    41254      |
 5625    |     1318      |
 5626    |    17702      |
 5627    |    34086      |
 5628    |     5414      |
 5629    |    21798      |
 5630    |    38182      |
 5631    |     9510      |
 5632    |    25894      |
 5633    |    42278      |
 5634    |     2342      |
 5635    |    18726      |
 5636    |    35110      |
 5637    |     6438      |
 5638    |    22822      |
 5639    |    39206      |
 5640    |    10534      |
 5641    |    26918      |
 5642    |    43302      |
 5643    |      550      |
 5644    |    16934      |
 5645    |    33318      |
 5646    |     4646      |
 5647    |    21030      |
 5648    |    37414      |
 5649    |     8742      |
 5650    |    25126      |
 5651    |    41510      |
 5652    |     1574      |
 5653    |    17958      |
 5654    |    34342      |
 5655    |     5670      |
 5656    |    22054      |
 5657    |    38438      |
 5658    |     9766      |
 5659    |    26150      |
 5660    |    42534      |
 5661    |     2598      |
 5662    |    18982      |
 5663    |    35366      |
 5664    |     6694      |
 5665    |    23078      |
 5666    |    39462      |
 5667    |    10790      |
 5668    |    27174      |
 5669    |    43558      |
 5670    |      102      |
 5671    |    16486      |
 5672    |    32870      |
 5673    |     4198      |
 5674    |    20582      |
 5675    |    36966      |
 5676    |     8294      |
 5677    |    24678      |
 5678    |    41062      |
 5679    |     1126      |
 5680    |    17510      |
 5681    |    33894      |
 5682    |     5222      |
 5683    |    21606      |
 5684    |    37990      |
 5685    |     9318      |
 5686    |    25702      |
 5687    |    42086      |
 5688    |     2150      |
 5689    |    18534      |
 5690    |    34918      |
 5691    |     6246      |
 5692    |    22630      |
 5693    |    39014      |
 5694    |    10342      |
 5695    |    26726      |
 5696    |    43110      |
 5697    |      358      |
 5698    |    16742      |
 5699    |    33126      |
 5700    |     4454      |
 5701    |    20838      |
 5702    |    37222      |
 5703    |     8550      |
 5704    |    24934      |
 5705    |    41318      |
 5706    |     1382      |
 5707    |    17766      |
 5708    |    34150      |
 5709    |     5478      |
 5710    |    21862      |
 5711    |    38246      |
 5712    |     9574      |
 5713    |    25958      |
 5714    |    42342      |
 5715    |     2406      |
 5716    |    18790      |
 5717    |    35174      |
 5718    |     6502      |
 5719    |    22886      |
 5720    |    39270      |
 5721    |    10598      |
 5722    |    26982      |
 5723    |    43366      |
 5724    |      614      |
 5725    |    16998      |
 5726    |    33382      |
 5727    |     4710      |
 5728    |    21094      |
 5729    |    37478      |
 5730    |     8806      |
 5731    |    25190      |
 5732    |    41574      |
 5733    |     1638      |
 5734    |    18022      |
 5735    |    34406      |
 5736    |     5734      |
 5737    |    22118      |
 5738    |    38502      |
 5739    |     9830      |
 5740    |    26214      |
 5741    |    42598      |
 5742    |     2662      |
 5743    |    19046      |
 5744    |    35430      |
 5745    |     6758      |
 5746    |    23142      |
 5747    |    39526      |
 5748    |    10854      |
 5749    |    27238      |
 5750    |    43622      |
 5751    |      166      |
 5752    |    16550      |
 5753    |    32934      |
 5754    |     4262      |
 5755    |    20646      |
 5756    |    37030      |
 5757    |     8358      |
 5758    |    24742      |
 5759    |    41126      |
 5760    |     1190      |
 5761    |    17574      |
 5762    |    33958      |
 5763    |     5286      |
 5764    |    21670      |
 5765    |    38054      |
 5766    |     9382      |
 5767    |    25766      |
 5768    |    42150      |
 5769    |     2214      |
 5770    |    18598      |
 5771    |    34982      |
 5772    |     6310      |
 5773    |    22694      |
 5774    |    39078      |
 5775    |    10406      |
 5776    |    26790      |
 5777    |    43174      |
 5778    |      422      |
 5779    |    16806      |
 5780    |    33190      |
 5781    |     4518      |
 5782    |    20902      |
 5783    |    37286      |
 5784    |     8614      |
 5785    |    24998      |
 5786    |    41382      |
 5787    |     1446      |
 5788    |    17830      |
 5789    |    34214      |
 5790    |     5542      |
 5791    |    21926      |
 5792    |    38310      |
 5793    |     9638      |
 5794    |    26022      |
 5795    |    42406      |
 5796    |     2470      |
 5797    |    18854      |
 5798    |    35238      |
 5799    |     6566      |
 5800    |    22950      |
 5801    |    39334      |
 5802    |    10662      |
 5803    |    27046      |
 5804    |    43430      |
 5805    |      678      |
 5806    |    17062      |
 5807    |    33446      |
 5808    |     4774      |
 5809    |    21158      |
 5810    |    37542      |
 5811    |     8870      |
 5812    |    25254      |
 5813    |    41638      |
 5814    |     1702      |
 5815    |    18086      |
 5816    |    34470      |
 5817    |     5798      |
 5818    |    22182      |
 5819    |    38566      |
 5820    |     9894      |
 5821    |    26278      |
 5822    |    42662      |
 5823    |     2726      |
 5824    |    19110      |
 5825    |    35494      |
 5826    |     6822      |
 5827    |    23206      |
 5828    |    39590      |
 5829    |    10918      |
 5830    |    27302      |
 5831    |    43686      |
 5832    |       10      |
 5833    |    16394      |
 5834    |    32778      |
 5835    |     4106      |
 5836    |    20490      |
 5837    |    36874      |
 5838    |     8202      |
 5839    |    24586      |
 5840    |    40970      |
 5841    |     1034      |
 5842    |    17418      |
 5843    |    33802      |
 5844    |     5130      |
 5845    |    21514      |
 5846    |    37898      |
 5847    |     9226      |
 5848    |    25610      |
 5849    |    41994      |
 5850    |     2058      |
 5851    |    18442      |
 5852    |    34826      |
 5853    |     6154      |
 5854    |    22538      |
 5855    |    38922      |
 5856    |    10250      |
 5857    |    26634      |
 5858    |    43018      |
 5859    |      266      |
 5860    |    16650      |
 5861    |    33034      |
 5862    |     4362      |
 5863    |    20746      |
 5864    |    37130      |
 5865    |     8458      |
 5866    |    24842      |
 5867    |    41226      |
 5868    |     1290      |
 5869    |    17674      |
 5870    |    34058      |
 5871    |     5386      |
 5872    |    21770      |
 5873    |    38154      |
 5874    |     9482      |
 5875    |    25866      |
 5876    |    42250      |
 5877    |     2314      |
 5878    |    18698      |
 5879    |    35082      |
 5880    |     6410      |
 5881    |    22794      |
 5882    |    39178      |
 5883    |    10506      |
 5884    |    26890      |
 5885    |    43274      |
 5886    |      522      |
 5887    |    16906      |
 5888    |    33290      |
 5889    |     4618      |
 5890    |    21002      |
 5891    |    37386      |
 5892    |     8714      |
 5893    |    25098      |
 5894    |    41482      |
 5895    |     1546      |
 5896    |    17930      |
 5897    |    34314      |
 5898    |     5642      |
 5899    |    22026      |
 5900    |    38410      |
 5901    |     9738      |
 5902    |    26122      |
 5903    |    42506      |
 5904    |     2570      |
 5905    |    18954      |
 5906    |    35338      |
 5907    |     6666      |
 5908    |    23050      |
 5909    |    39434      |
 5910    |    10762      |
 5911    |    27146      |
 5912    |    43530      |
 5913    |       74      |
 5914    |    16458      |
 5915    |    32842      |
 5916    |     4170      |
 5917    |    20554      |
 5918    |    36938      |
 5919    |     8266      |
 5920    |    24650      |
 5921    |    41034      |
 5922    |     1098      |
 5923    |    17482      |
 5924    |    33866      |
 5925    |     5194      |
 5926    |    21578      |
 5927    |    37962      |
 5928    |     9290      |
 5929    |    25674      |
 5930    |    42058      |
 5931    |     2122      |
 5932    |    18506      |
 5933    |    34890      |
 5934    |     6218      |
 5935    |    22602      |
 5936    |    38986      |
 5937    |    10314      |
 5938    |    26698      |
 5939    |    43082      |
 5940    |      330      |
 5941    |    16714      |
 5942    |    33098      |
 5943    |     4426      |
 5944    |    20810      |
 5945    |    37194      |
 5946    |     8522      |
 5947    |    24906      |
 5948    |    41290      |
 5949    |     1354      |
 5950    |    17738      |
 5951    |    34122      |
 5952    |     5450      |
 5953    |    21834      |
 5954    |    38218      |
 5955    |     9546      |
 5956    |    25930      |
 5957    |    42314      |
 5958    |     2378      |
 5959    |    18762      |
 5960    |    35146      |
 5961    |     6474      |
 5962    |    22858      |
 5963    |    39242      |
 5964    |    10570      |
 5965    |    26954      |
 5966    |    43338      |
 5967    |      586      |
 5968    |    16970      |
 5969    |    33354      |
 5970    |     4682      |
 5971    |    21066      |
 5972    |    37450      |
 5973    |     8778      |
 5974    |    25162      |
 5975    |    41546      |
 5976    |     1610      |
 5977    |    17994      |
 5978    |    34378      |
 5979    |     5706      |
 5980    |    22090      |
 5981    |    38474      |
 5982    |     9802      |
 5983    |    26186      |
 5984    |    42570      |
 5985    |     2634      |
 5986    |    19018      |
 5987    |    35402      |
 5988    |     6730      |
 5989    |    23114      |
 5990    |    39498      |
 5991    |    10826      |
 5992    |    27210      |
 5993    |    43594      |
 5994    |      138      |
 5995    |    16522      |
 5996    |    32906      |
 5997    |     4234      |
 5998    |    20618      |
 5999    |    37002      |
 6000    |     8330      |
 6001    |    24714      |
 6002    |    41098      |
 6003    |     1162      |
 6004    |    17546      |
 6005    |    33930      |
 6006    |     5258      |
 6007    |    21642      |
 6008    |    38026      |
 6009    |     9354      |
 6010    |    25738      |
 6011    |    42122      |
 6012    |     2186      |
 6013    |    18570      |
 6014    |    34954      |
 6015    |     6282      |
 6016    |    22666      |
 6017    |    39050      |
 6018    |    10378      |
 6019    |    26762      |
 6020    |    43146      |
 6021    |      394      |
 6022    |    16778      |
 6023    |    33162      |
 6024    |     4490      |
 6025    |    20874      |
 6026    |    37258      |
 6027    |     8586      |
 6028    |    24970      |
 6029    |    41354      |
 6030    |     1418      |
 6031    |    17802      |
 6032    |    34186      |
 6033    |     5514      |
 6034    |    21898      |
 6035    |    38282      |
 6036    |     9610      |
 6037    |    25994      |
 6038    |    42378      |
 6039    |     2442      |
 6040    |    18826      |
 6041    |    35210      |
 6042    |     6538      |
 6043    |    22922      |
 6044    |    39306      |
 6045    |    10634      |
 6046    |    27018      |
 6047    |    43402      |
 6048    |      650      |
 6049    |    17034      |
 6050    |    33418      |
 6051    |     4746      |
 6052    |    21130      |
 6053    |    37514      |
 6054    |     8842      |
 6055    |    25226      |
 6056    |    41610      |
 6057    |     1674      |
 6058    |    18058      |
 6059    |    34442      |
 6060    |     5770      |
 6061    |    22154      |
 6062    |    38538      |
 6063    |     9866      |
 6064    |    26250      |
 6065    |    42634      |
 6066    |     2698      |
 6067    |    19082      |
 6068    |    35466      |
 6069    |     6794      |
 6070    |    23178      |
 6071    |    39562      |
 6072    |    10890      |
 6073    |    27274      |
 6074    |    43658      |
 6075    |       26      |
 6076    |    16410      |
 6077    |    32794      |
 6078    |     4122      |
 6079    |    20506      |
 6080    |    36890      |
 6081    |     8218      |
 6082    |    24602      |
 6083    |    40986      |
 6084    |     1050      |
 6085    |    17434      |
 6086    |    33818      |
 6087    |     5146      |
 6088    |    21530      |
 6089    |    37914      |
 6090    |     9242      |
 6091    |    25626      |
 6092    |    42010      |
 6093    |     2074      |
 6094    |    18458      |
 6095    |    34842      |
 6096    |     6170      |
 6097    |    22554      |
 6098    |    38938      |
 6099    |    10266      |
 6100    |    26650      |
 6101    |    43034      |
 6102    |      282      |
 6103    |    16666      |
 6104    |    33050      |
 6105    |     4378      |
 6106    |    20762      |
 6107    |    37146      |
 6108    |     8474      |
 6109    |    24858      |
 6110    |    41242      |
 6111    |     1306      |
 6112    |    17690      |
 6113    |    34074      |
 6114    |     5402      |
 6115    |    21786      |
 6116    |    38170      |
 6117    |     9498      |
 6118    |    25882      |
 6119    |    42266      |
 6120    |     2330      |
 6121    |    18714      |
 6122    |    35098      |
 6123    |     6426      |
 6124    |    22810      |
 6125    |    39194      |
 6126    |    10522      |
 6127    |    26906      |
 6128    |    43290      |
 6129    |      538      |
 6130    |    16922      |
 6131    |    33306      |
 6132    |     4634      |
 6133    |    21018      |
 6134    |    37402      |
 6135    |     8730      |
 6136    |    25114      |
 6137    |    41498      |
 6138    |     1562      |
 6139    |    17946      |
 6140    |    34330      |
 6141    |     5658      |
 6142    |    22042      |
 6143    |    38426      |
 6144    |     9754      |
 6145    |    26138      |
 6146    |    42522      |
 6147    |     2586      |
 6148    |    18970      |
 6149    |    35354      |
 6150    |     6682      |
 6151    |    23066      |
 6152    |    39450      |
 6153    |    10778      |
 6154    |    27162      |
 6155    |    43546      |
 6156    |       90      |
 6157    |    16474      |
 6158    |    32858      |
 6159    |     4186      |
 6160    |    20570      |
 6161    |    36954      |
 6162    |     8282      |
 6163    |    24666      |
 6164    |    41050      |
 6165    |     1114      |
 6166    |    17498      |
 6167    |    33882      |
 6168    |     5210      |
 6169    |    21594      |
 6170    |    37978      |
 6171    |     9306      |
 6172    |    25690      |
 6173    |    42074      |
 6174    |     2138      |
 6175    |    18522      |
 6176    |    34906      |
 6177    |     6234      |
 6178    |    22618      |
 6179    |    39002      |
 6180    |    10330      |
 6181    |    26714      |
 6182    |    43098      |
 6183    |      346      |
 6184    |    16730      |
 6185    |    33114      |
 6186    |     4442      |
 6187    |    20826      |
 6188    |    37210      |
 6189    |     8538      |
 6190    |    24922      |
 6191    |    41306      |
 6192    |     1370      |
 6193    |    17754      |
 6194    |    34138      |
 6195    |     5466      |
 6196    |    21850      |
 6197    |    38234      |
 6198    |     9562      |
 6199    |    25946      |
 6200    |    42330      |
 6201    |     2394      |
 6202    |    18778      |
 6203    |    35162      |
 6204    |     6490      |
 6205    |    22874      |
 6206    |    39258      |
 6207    |    10586      |
 6208    |    26970      |
 6209    |    43354      |
 6210    |      602      |
 6211    |    16986      |
 6212    |    33370      |
 6213    |     4698      |
 6214    |    21082      |
 6215    |    37466      |
 6216    |     8794      |
 6217    |    25178      |
 6218    |    41562      |
 6219    |     1626      |
 6220    |    18010      |
 6221    |    34394      |
 6222    |     5722      |
 6223    |    22106      |
 6224    |    38490      |
 6225    |     9818      |
 6226    |    26202      |
 6227    |    42586      |
 6228    |     2650      |
 6229    |    19034      |
 6230    |    35418      |
 6231    |     6746      |
 6232    |    23130      |
 6233    |    39514      |
 6234    |    10842      |
 6235    |    27226      |
 6236    |    43610      |
 6237    |      154      |
 6238    |    16538      |
 6239    |    32922      |
 6240    |     4250      |
 6241    |    20634      |
 6242    |    37018      |
 6243    |     8346      |
 6244    |    24730      |
 6245    |    41114      |
 6246    |     1178      |
 6247    |    17562      |
 6248    |    33946      |
 6249    |     5274      |
 6250    |    21658      |
 6251    |    38042      |
 6252    |     9370      |
 6253    |    25754      |
 6254    |    42138      |
 6255    |     2202      |
 6256    |    18586      |
 6257    |    34970      |
 6258    |     6298      |
 6259    |    22682      |
 6260    |    39066      |
 6261    |    10394      |
 6262    |    26778      |
 6263    |    43162      |
 6264    |      410      |
 6265    |    16794      |
 6266    |    33178      |
 6267    |     4506      |
 6268    |    20890      |
 6269    |    37274      |
 6270    |     8602      |
 6271    |    24986      |
 6272    |    41370      |
 6273    |     1434      |
 6274    |    17818      |
 6275    |    34202      |
 6276    |     5530      |
 6277    |    21914      |
 6278    |    38298      |
 6279    |     9626      |
 6280    |    26010      |
 6281    |    42394      |
 6282    |     2458      |
 6283    |    18842      |
 6284    |    35226      |
 6285    |     6554      |
 6286    |    22938      |
 6287    |    39322      |
 6288    |    10650      |
 6289    |    27034      |
 6290    |    43418      |
 6291    |      666      |
 6292    |    17050      |
 6293    |    33434      |
 6294    |     4762      |
 6295    |    21146      |
 6296    |    37530      |
 6297    |     8858      |
 6298    |    25242      |
 6299    |    41626      |
 6300    |     1690      |
 6301    |    18074      |
 6302    |    34458      |
 6303    |     5786      |
 6304    |    22170      |
 6305    |    38554      |
 6306    |     9882      |
 6307    |    26266      |
 6308    |    42650      |
 6309    |     2714      |
 6310    |    19098      |
 6311    |    35482      |
 6312    |     6810      |
 6313    |    23194      |
 6314    |    39578      |
 6315    |    10906      |
 6316    |    27290      |
 6317    |    43674      |
 6318    |       42      |
 6319    |    16426      |
 6320    |    32810      |
 6321    |     4138      |
 6322    |    20522      |
 6323    |    36906      |
 6324    |     8234      |
 6325    |    24618      |
 6326    |    41002      |
 6327    |     1066      |
 6328    |    17450      |
 6329    |    33834      |
 6330    |     5162      |
 6331    |    21546      |
 6332    |    37930      |
 6333    |     9258      |
 6334    |    25642      |
 6335    |    42026      |
 6336    |     2090      |
 6337    |    18474      |
 6338    |    34858      |
 6339    |     6186      |
 6340    |    22570      |
 6341    |    38954      |
 6342    |    10282      |
 6343    |    26666      |
 6344    |    43050      |
 6345    |      298      |
 6346    |    16682      |
 6347    |    33066      |
 6348    |     4394      |
 6349    |    20778      |
 6350    |    37162      |
 6351    |     8490      |
 6352    |    24874      |
 6353    |    41258      |
 6354    |     1322      |
 6355    |    17706      |
 6356    |    34090      |
 6357    |     5418      |
 6358    |    21802      |
 6359    |    38186      |
 6360    |     9514      |
 6361    |    25898      |
 6362    |    42282      |
 6363    |     2346      |
 6364    |    18730      |
 6365    |    35114      |
 6366    |     6442      |
 6367    |    22826      |
 6368    |    39210      |
 6369    |    10538      |
 6370    |    26922      |
 6371    |    43306      |
 6372    |      554      |
 6373    |    16938      |
 6374    |    33322      |
 6375    |     4650      |
 6376    |    21034      |
 6377    |    37418      |
 6378    |     8746      |
 6379    |    25130      |
 6380    |    41514      |
 6381    |     1578      |
 6382    |    17962      |
 6383    |    34346      |
 6384    |     5674      |
 6385    |    22058      |
 6386    |    38442      |
 6387    |     9770      |
 6388    |    26154      |
 6389    |    42538      |
 6390    |     2602      |
 6391    |    18986      |
 6392    |    35370      |
 6393    |     6698      |
 6394    |    23082      |
 6395    |    39466      |
 6396    |    10794      |
 6397    |    27178      |
 6398    |    43562      |
 6399    |      106      |
 6400    |    16490      |
 6401    |    32874      |
 6402    |     4202      |
 6403    |    20586      |
 6404    |    36970      |
 6405    |     8298      |
 6406    |    24682      |
 6407    |    41066      |
 6408    |     1130      |
 6409    |    17514      |
 6410    |    33898      |
 6411    |     5226      |
 6412    |    21610      |
 6413    |    37994      |
 6414    |     9322      |
 6415    |    25706      |
 6416    |    42090      |
 6417    |     2154      |
 6418    |    18538      |
 6419    |    34922      |
 6420    |     6250      |
 6421    |    22634      |
 6422    |    39018      |
 6423    |    10346      |
 6424    |    26730      |
 6425    |    43114      |
 6426    |      362      |
 6427    |    16746      |
 6428    |    33130      |
 6429    |     4458      |
 6430    |    20842      |
 6431    |    37226      |
 6432    |     8554      |
 6433    |    24938      |
 6434    |    41322      |
 6435    |     1386      |
 6436    |    17770      |
 6437    |    34154      |
 6438    |     5482      |
 6439    |    21866      |
 6440    |    38250      |
 6441    |     9578      |
 6442    |    25962      |
 6443    |    42346      |
 6444    |     2410      |
 6445    |    18794      |
 6446    |    35178      |
 6447    |     6506      |
 6448    |    22890      |
 6449    |    39274      |
 6450    |    10602      |
 6451    |    26986      |
 6452    |    43370      |
 6453    |      618      |
 6454    |    17002      |
 6455    |    33386      |
 6456    |     4714      |
 6457    |    21098      |
 6458    |    37482      |
 6459    |     8810      |
 6460    |    25194      |
 6461    |    41578      |
 6462    |     1642      |
 6463    |    18026      |
 6464    |    34410      |
 6465    |     5738      |
 6466    |    22122      |
 6467    |    38506      |
 6468    |     9834      |
 6469    |    26218      |
 6470    |    42602      |
 6471    |     2666      |
 6472    |    19050      |
 6473    |    35434      |
 6474    |     6762      |
 6475    |    23146      |
 6476    |    39530      |
 6477    |    10858      |
 6478    |    27242      |
 6479    |    43626      |
 6480    |      170      |
 6481    |    16554      |
 6482    |    32938      |
 6483    |     4266      |
 6484    |    20650      |
 6485    |    37034      |
 6486    |     8362      |
 6487    |    24746      |
 6488    |    41130      |
 6489    |     1194      |
 6490    |    17578      |
 6491    |    33962      |
 6492    |     5290      |
 6493    |    21674      |
 6494    |    38058      |
 6495    |     9386      |
 6496    |    25770      |
 6497    |    42154      |
 6498    |     2218      |
 6499    |    18602      |
 6500    |    34986      |
 6501    |     6314      |
 6502    |    22698      |
 6503    |    39082      |
 6504    |    10410      |
 6505    |    26794      |
 6506    |    43178      |
 6507    |      426      |
 6508    |    16810      |
 6509    |    33194      |
 6510    |     4522      |
 6511    |    20906      |
 6512    |    37290      |
 6513    |     8618      |
 6514    |    25002      |
 6515    |    41386      |
 6516    |     1450      |
 6517    |    17834      |
 6518    |    34218      |
 6519    |     5546      |
 6520    |    21930      |
 6521    |    38314      |
 6522    |     9642      |
 6523    |    26026      |
 6524    |    42410      |
 6525    |     2474      |
 6526    |    18858      |
 6527    |    35242      |
 6528    |     6570      |
 6529    |    22954      |
 6530    |    39338      |
 6531    |    10666      |
 6532    |    27050      |
 6533    |    43434      |
 6534    |      682      |
 6535    |    17066      |
 6536    |    33450      |
 6537    |     4778      |
 6538    |    21162      |
 6539    |    37546      |
 6540    |     8874      |
 6541    |    25258      |
 6542    |    41642      |
 6543    |     1706      |
 6544    |    18090      |
 6545    |    34474      |
 6546    |     5802      |
 6547    |    22186      |
 6548    |    38570      |
 6549    |     9898      |
 6550    |    26282      |
 6551    |    42666      |
 6552    |     2730      |
 6553    |    19114      |
 6554    |    35498      |
 6555    |     6826      |
 6556    |    23210      |
 6557    |    39594      |
 6558    |    10922      |
 6559    |    27306      |
 6560    |    43690      |
 6561    |        0      |
 6562    |        0      |
 6563    |        0      |
 6564    |        0      |
 6565    |        0      |
 6566    |        0      |
 6567    |        0      |
 6568    |        0      |
 6569    |        0      |
 6570    |        0      |
 6571    |        0      |
 6572    |        0      |
 6573    |        0      |
 6574    |        0      |
 6575    |        0      |
 6576    |        0      |
 6577    |        0      |
 6578    |        0      |
 6579    |        0      |
 6580    |        0      |
 6581    |        0      |
 6582    |        0      |
 6583    |        0      |
 6584    |        0      |
 6585    |        0      |
 6586    |        0      |
 6587    |        0      |
 6588    |        0      |
 6589    |        0      |
 6590    |        0      |
 6591    |        0      |
 6592    |        0      |
 6593    |        0      |
 6594    |        0      |
 6595    |        0      |
 6596    |        0      |
 6597    |        0      |
 6598    |        0      |
 6599    |        0      |
 6600    |        0      |
 6601    |        0      |
 6602    |        0      |
 6603    |        0      |
 6604    |        0      |
 6605    |        0      |
 6606    |        0      |
 6607    |        0      |
 6608    |        0      |
 6609    |        0      |
 6610    |        0      |
 6611    |        0      |
 6612    |        0      |
 6613    |        0      |
 6614    |        0      |
 6615    |        0      |
 6616    |        0      |
 6617    |        0      |
 6618    |        0      |
 6619    |        0      |
 6620    |        0      |
 6621    |        0      |
 6622    |        0      |
 6623    |        0      |
 6624    |        0      |
 6625    |        0      |
 6626    |        0      |
 6627    |        0      |
 6628    |        0      |
 6629    |        0      |
 6630    |        0      |
 6631    |        0      |
 6632    |        0      |
 6633    |        0      |
 6634    |        0      |
 6635    |        0      |
 6636    |        0      |
 6637    |        0      |
 6638    |        0      |
 6639    |        0      |
 6640    |        0      |
 6641    |        0      |
 6642    |        0      |
 6643    |        0      |
 6644    |        0      |
 6645    |        0      |
 6646    |        0      |
 6647    |        0      |
 6648    |        0      |
 6649    |        0      |
 6650    |        0      |
 6651    |        0      |
 6652    |        0      |
 6653    |        0      |
 6654    |        0      |
 6655    |        0      |
 6656    |        0      |
 6657    |        0      |
 6658    |        0      |
 6659    |        0      |
 6660    |        0      |
 6661    |        0      |
 6662    |        0      |
 6663    |        0      |
 6664    |        0      |
 6665    |        0      |
 6666    |        0      |
 6667    |        0      |
 6668    |        0      |
 6669    |        0      |
 6670    |        0      |
 6671    |        0      |
 6672    |        0      |
 6673    |        0      |
 6674    |        0      |
 6675    |        0      |
 6676    |        0      |
 6677    |        0      |
 6678    |        0      |
 6679    |        0      |
 6680    |        0      |
 6681    |        0      |
 6682    |        0      |
 6683    |        0      |
 6684    |        0      |
 6685    |        0      |
 6686    |        0      |
 6687    |        0      |
 6688    |        0      |
 6689    |        0      |
 6690    |        0      |
 6691    |        0      |
 6692    |        0      |
 6693    |        0      |
 6694    |        0      |
 6695    |        0      |
 6696    |        0      |
 6697    |        0      |
 6698    |        0      |
 6699    |        0      |
 6700    |        0      |
 6701    |        0      |
 6702    |        0      |
 6703    |        0      |
 6704    |        0      |
 6705    |        0      |
 6706    |        0      |
 6707    |        0      |
 6708    |        0      |
 6709    |        0      |
 6710    |        0      |
 6711    |        0      |
 6712    |        0      |
 6713    |        0      |
 6714    |        0      |
 6715    |        0      |
 6716    |        0      |
 6717    |        0      |
 6718    |        0      |
 6719    |        0      |
 6720    |        0      |
 6721    |        0      |
 6722    |        0      |
 6723    |        0      |
 6724    |        0      |
 6725    |        0      |
 6726    |        0      |
 6727    |        0      |
 6728    |        0      |
 6729    |        0      |
 6730    |        0      |
 6731    |        0      |
 6732    |        0      |
 6733    |        0      |
 6734    |        0      |
 6735    |        0      |
 6736    |        0      |
 6737    |        0      |
 6738    |        0      |
 6739    |        0      |
 6740    |        0      |
 6741    |        0      |
 6742    |        0      |
 6743    |        0      |
 6744    |        0      |
 6745    |        0      |
 6746    |        0      |
 6747    |        0      |
 6748    |        0      |
 6749    |        0      |
 6750    |        0      |
 6751    |        0      |
 6752    |        0      |
 6753    |        0      |
 6754    |        0      |
 6755    |        0      |
 6756    |        0      |
 6757    |        0      |
 6758    |        0      |
 6759    |        0      |
 6760    |        0      |
 6761    |        0      |
 6762    |        0      |
 6763    |        0      |
 6764    |        0      |
 6765    |        0      |
 6766    |        0      |
 6767    |        0      |
 6768    |        0      |
 6769    |        0      |
 6770    |        0      |
 6771    |        0      |
 6772    |        0      |
 6773    |        0      |
 6774    |        0      |
 6775    |        0      |
 6776    |        0      |
 6777    |        0      |
 6778    |        0      |
 6779    |        0      |
 6780    |        0      |
 6781    |        0      |
 6782    |        0      |
 6783    |        0      |
 6784    |        0      |
 6785    |        0      |
 6786    |        0      |
 6787    |        0      |
 6788    |        0      |
 6789    |        0      |
 6790    |        0      |
 6791    |        0      |
 6792    |        0      |
 6793    |        0      |
 6794    |        0      |
 6795    |        0      |
 6796    |        0      |
 6797    |        0      |
 6798    |        0      |
 6799    |        0      |
 6800    |        0      |
 6801    |        0      |
 6802    |        0      |
 6803    |        0      |
 6804    |        0      |
 6805    |        0      |
 6806    |        0      |
 6807    |        0      |
 6808    |        0      |
 6809    |        0      |
 6810    |        0      |
 6811    |        0      |
 6812    |        0      |
 6813    |        0      |
 6814    |        0      |
 6815    |        0      |
 6816    |        0      |
 6817    |        0      |
 6818    |        0      |
 6819    |        0      |
 6820    |        0      |
 6821    |        0      |
 6822    |        0      |
 6823    |        0      |
 6824    |        0      |
 6825    |        0      |
 6826    |        0      |
 6827    |        0      |
 6828    |        0      |
 6829    |        0      |
 6830    |        0      |
 6831    |        0      |
 6832    |        0      |
 6833    |        0      |
 6834    |        0      |
 6835    |        0      |
 6836    |        0      |
 6837    |        0      |
 6838    |        0      |
 6839    |        0      |
 6840    |        0      |
 6841    |        0      |
 6842    |        0      |
 6843    |        0      |
 6844    |        0      |
 6845    |        0      |
 6846    |        0      |
 6847    |        0      |
 6848    |        0      |
 6849    |        0      |
 6850    |        0      |
 6851    |        0      |
 6852    |        0      |
 6853    |        0      |
 6854    |        0      |
 6855    |        0      |
 6856    |        0      |
 6857    |        0      |
 6858    |        0      |
 6859    |        0      |
 6860    |        0      |
 6861    |        0      |
 6862    |        0      |
 6863    |        0      |
 6864    |        0      |
 6865    |        0      |
 6866    |        0      |
 6867    |        0      |
 6868    |        0      |
 6869    |        0      |
 6870    |        0      |
 6871    |        0      |
 6872    |        0      |
 6873    |        0      |
 6874    |        0      |
 6875    |        0      |
 6876    |        0      |
 6877    |        0      |
 6878    |        0      |
 6879    |        0      |
 6880    |        0      |
 6881    |        0      |
 6882    |        0      |
 6883    |        0      |
 6884    |        0      |
 6885    |        0      |
 6886    |        0      |
 6887    |        0      |
 6888    |        0      |
 6889    |        0      |
 6890    |        0      |
 6891    |        0      |
 6892    |        0      |
 6893    |        0      |
 6894    |        0      |
 6895    |        0      |
 6896    |        0      |
 6897    |        0      |
 6898    |        0      |
 6899    |        0      |
 6900    |        0      |
 6901    |        0      |
 6902    |        0      |
 6903    |        0      |
 6904    |        0      |
 6905    |        0      |
 6906    |        0      |
 6907    |        0      |
 6908    |        0      |
 6909    |        0      |
 6910    |        0      |
 6911    |        0      |
 6912    |        0      |
 6913    |        0      |
 6914    |        0      |
 6915    |        0      |
 6916    |        0      |
 6917    |        0      |
 6918    |        0      |
 6919    |        0      |
 6920    |        0      |
 6921    |        0      |
 6922    |        0      |
 6923    |        0      |
 6924    |        0      |
 6925    |        0      |
 6926    |        0      |
 6927    |        0      |
 6928    |        0      |
 6929    |        0      |
 6930    |        0      |
 6931    |        0      |
 6932    |        0      |
 6933    |        0      |
 6934    |        0      |
 6935    |        0      |
 6936    |        0      |
 6937    |        0      |
 6938    |        0      |
 6939    |        0      |
 6940    |        0      |
 6941    |        0      |
 6942    |        0      |
 6943    |        0      |
 6944    |        0      |
 6945    |        0      |
 6946    |        0      |
 6947    |        0      |
 6948    |        0      |
 6949    |        0      |
 6950    |        0      |
 6951    |        0      |
 6952    |        0      |
 6953    |        0      |
 6954    |        0      |
 6955    |        0      |
 6956    |        0      |
 6957    |        0      |
 6958    |        0      |
 6959    |        0      |
 6960    |        0      |
 6961    |        0      |
 6962    |        0      |
 6963    |        0      |
 6964    |        0      |
 6965    |        0      |
 6966    |        0      |
 6967    |        0      |
 6968    |        0      |
 6969    |        0      |
 6970    |        0      |
 6971    |        0      |
 6972    |        0      |
 6973    |        0      |
 6974    |        0      |
 6975    |        0      |
 6976    |        0      |
 6977    |        0      |
 6978    |        0      |
 6979    |        0      |
 6980    |        0      |
 6981    |        0      |
 6982    |        0      |
 6983    |        0      |
 6984    |        0      |
 6985    |        0      |
 6986    |        0      |
 6987    |        0      |
 6988    |        0      |
 6989    |        0      |
 6990    |        0      |
 6991    |        0      |
 6992    |        0      |
 6993    |        0      |
 6994    |        0      |
 6995    |        0      |
 6996    |        0      |
 6997    |        0      |
 6998    |        0      |
 6999    |        0      |
 7000    |        0      |
 7001    |        0      |
 7002    |        0      |
 7003    |        0      |
 7004    |        0      |
 7005    |        0      |
 7006    |        0      |
 7007    |        0      |
 7008    |        0      |
 7009    |        0      |
 7010    |        0      |
 7011    |        0      |
 7012    |        0      |
 7013    |        0      |
 7014    |        0      |
 7015    |        0      |
 7016    |        0      |
 7017    |        0      |
 7018    |        0      |
 7019    |        0      |
 7020    |        0      |
 7021    |        0      |
 7022    |        0      |
 7023    |        0      |
 7024    |        0      |
 7025    |        0      |
 7026    |        0      |
 7027    |        0      |
 7028    |        0      |
 7029    |        0      |
 7030    |        0      |
 7031    |        0      |
 7032    |        0      |
 7033    |        0      |
 7034    |        0      |
 7035    |        0      |
 7036    |        0      |
 7037    |        0      |
 7038    |        0      |
 7039    |        0      |
 7040    |        0      |
 7041    |        0      |
 7042    |        0      |
 7043    |        0      |
 7044    |        0      |
 7045    |        0      |
 7046    |        0      |
 7047    |        0      |
 7048    |        0      |
 7049    |        0      |
 7050    |        0      |
 7051    |        0      |
 7052    |        0      |
 7053    |        0      |
 7054    |        0      |
 7055    |        0      |
 7056    |        0      |
 7057    |        0      |
 7058    |        0      |
 7059    |        0      |
 7060    |        0      |
 7061    |        0      |
 7062    |        0      |
 7063    |        0      |
 7064    |        0      |
 7065    |        0      |
 7066    |        0      |
 7067    |        0      |
 7068    |        0      |
 7069    |        0      |
 7070    |        0      |
 7071    |        0      |
 7072    |        0      |
 7073    |        0      |
 7074    |        0      |
 7075    |        0      |
 7076    |        0      |
 7077    |        0      |
 7078    |        0      |
 7079    |        0      |
 7080    |        0      |
 7081    |        0      |
 7082    |        0      |
 7083    |        0      |
 7084    |        0      |
 7085    |        0      |
 7086    |        0      |
 7087    |        0      |
 7088    |        0      |
 7089    |        0      |
 7090    |        0      |
 7091    |        0      |
 7092    |        0      |
 7093    |        0      |
 7094    |        0      |
 7095    |        0      |
 7096    |        0      |
 7097    |        0      |
 7098    |        0      |
 7099    |        0      |
 7100    |        0      |
 7101    |        0      |
 7102    |        0      |
 7103    |        0      |
 7104    |        0      |
 7105    |        0      |
 7106    |        0      |
 7107    |        0      |
 7108    |        0      |
 7109    |        0      |
 7110    |        0      |
 7111    |        0      |
 7112    |        0      |
 7113    |        0      |
 7114    |        0      |
 7115    |        0      |
 7116    |        0      |
 7117    |        0      |
 7118    |        0      |
 7119    |        0      |
 7120    |        0      |
 7121    |        0      |
 7122    |        0      |
 7123    |        0      |
 7124    |        0      |
 7125    |        0      |
 7126    |        0      |
 7127    |        0      |
 7128    |        0      |
 7129    |        0      |
 7130    |        0      |
 7131    |        0      |
 7132    |        0      |
 7133    |        0      |
 7134    |        0      |
 7135    |        0      |
 7136    |        0      |
 7137    |        0      |
 7138    |        0      |
 7139    |        0      |
 7140    |        0      |
 7141    |        0      |
 7142    |        0      |
 7143    |        0      |
 7144    |        0      |
 7145    |        0      |
 7146    |        0      |
 7147    |        0      |
 7148    |        0      |
 7149    |        0      |
 7150    |        0      |
 7151    |        0      |
 7152    |        0      |
 7153    |        0      |
 7154    |        0      |
 7155    |        0      |
 7156    |        0      |
 7157    |        0      |
 7158    |        0      |
 7159    |        0      |
 7160    |        0      |
 7161    |        0      |
 7162    |        0      |
 7163    |        0      |
 7164    |        0      |
 7165    |        0      |
 7166    |        0      |
 7167    |        0      |
 7168    |        0      |
 7169    |        0      |
 7170    |        0      |
 7171    |        0      |
 7172    |        0      |
 7173    |        0      |
 7174    |        0      |
 7175    |        0      |
 7176    |        0      |
 7177    |        0      |
 7178    |        0      |
 7179    |        0      |
 7180    |        0      |
 7181    |        0      |
 7182    |        0      |
 7183    |        0      |
 7184    |        0      |
 7185    |        0      |
 7186    |        0      |
 7187    |        0      |
 7188    |        0      |
 7189    |        0      |
 7190    |        0      |
 7191    |        0      |
 7192    |        0      |
 7193    |        0      |
 7194    |        0      |
 7195    |        0      |
 7196    |        0      |
 7197    |        0      |
 7198    |        0      |
 7199    |        0      |
 7200    |        0      |
 7201    |        0      |
 7202    |        0      |
 7203    |        0      |
 7204    |        0      |
 7205    |        0      |
 7206    |        0      |
 7207    |        0      |
 7208    |        0      |
 7209    |        0      |
 7210    |        0      |
 7211    |        0      |
 7212    |        0      |
 7213    |        0      |
 7214    |        0      |
 7215    |        0      |
 7216    |        0      |
 7217    |        0      |
 7218    |        0      |
 7219    |        0      |
 7220    |        0      |
 7221    |        0      |
 7222    |        0      |
 7223    |        0      |
 7224    |        0      |
 7225    |        0      |
 7226    |        0      |
 7227    |        0      |
 7228    |        0      |
 7229    |        0      |
 7230    |        0      |
 7231    |        0      |
 7232    |        0      |
 7233    |        0      |
 7234    |        0      |
 7235    |        0      |
 7236    |        0      |
 7237    |        0      |
 7238    |        0      |
 7239    |        0      |
 7240    |        0      |
 7241    |        0      |
 7242    |        0      |
 7243    |        0      |
 7244    |        0      |
 7245    |        0      |
 7246    |        0      |
 7247    |        0      |
 7248    |        0      |
 7249    |        0      |
 7250    |        0      |
 7251    |        0      |
 7252    |        0      |
 7253    |        0      |
 7254    |        0      |
 7255    |        0      |
 7256    |        0      |
 7257    |        0      |
 7258    |        0      |
 7259    |        0      |
 7260    |        0      |
 7261    |        0      |
 7262    |        0      |
 7263    |        0      |
 7264    |        0      |
 7265    |        0      |
 7266    |        0      |
 7267    |        0      |
 7268    |        0      |
 7269    |        0      |
 7270    |        0      |
 7271    |        0      |
 7272    |        0      |
 7273    |        0      |
 7274    |        0      |
 7275    |        0      |
 7276    |        0      |
 7277    |        0      |
 7278    |        0      |
 7279    |        0      |
 7280    |        0      |
 7281    |        0      |
 7282    |        0      |
 7283    |        0      |
 7284    |        0      |
 7285    |        0      |
 7286    |        0      |
 7287    |        0      |
 7288    |        0      |
 7289    |        0      |
 7290    |        0      |
 7291    |        0      |
 7292    |        0      |
 7293    |        0      |
 7294    |        0      |
 7295    |        0      |
 7296    |        0      |
 7297    |        0      |
 7298    |        0      |
 7299    |        0      |
 7300    |        0      |
 7301    |        0      |
 7302    |        0      |
 7303    |        0      |
 7304    |        0      |
 7305    |        0      |
 7306    |        0      |
 7307    |        0      |
 7308    |        0      |
 7309    |        0      |
 7310    |        0      |
 7311    |        0      |
 7312    |        0      |
 7313    |        0      |
 7314    |        0      |
 7315    |        0      |
 7316    |        0      |
 7317    |        0      |
 7318    |        0      |
 7319    |        0      |
 7320    |        0      |
 7321    |        0      |
 7322    |        0      |
 7323    |        0      |
 7324    |        0      |
 7325    |        0      |
 7326    |        0      |
 7327    |        0      |
 7328    |        0      |
 7329    |        0      |
 7330    |        0      |
 7331    |        0      |
 7332    |        0      |
 7333    |        0      |
 7334    |        0      |
 7335    |        0      |
 7336    |        0      |
 7337    |        0      |
 7338    |        0      |
 7339    |        0      |
 7340    |        0      |
 7341    |        0      |
 7342    |        0      |
 7343    |        0      |
 7344    |        0      |
 7345    |        0      |
 7346    |        0      |
 7347    |        0      |
 7348    |        0      |
 7349    |        0      |
 7350    |        0      |
 7351    |        0      |
 7352    |        0      |
 7353    |        0      |
 7354    |        0      |
 7355    |        0      |
 7356    |        0      |
 7357    |        0      |
 7358    |        0      |
 7359    |        0      |
 7360    |        0      |
 7361    |        0      |
 7362    |        0      |
 7363    |        0      |
 7364    |        0      |
 7365    |        0      |
 7366    |        0      |
 7367    |        0      |
 7368    |        0      |
 7369    |        0      |
 7370    |        0      |
 7371    |        0      |
 7372    |        0      |
 7373    |        0      |
 7374    |        0      |
 7375    |        0      |
 7376    |        0      |
 7377    |        0      |
 7378    |        0      |
 7379    |        0      |
 7380    |        0      |
 7381    |        0      |
 7382    |        0      |
 7383    |        0      |
 7384    |        0      |
 7385    |        0      |
 7386    |        0      |
 7387    |        0      |
 7388    |        0      |
 7389    |        0      |
 7390    |        0      |
 7391    |        0      |
 7392    |        0      |
 7393    |        0      |
 7394    |        0      |
 7395    |        0      |
 7396    |        0      |
 7397    |        0      |
 7398    |        0      |
 7399    |        0      |
 7400    |        0      |
 7401    |        0      |
 7402    |        0      |
 7403    |        0      |
 7404    |        0      |
 7405    |        0      |
 7406    |        0      |
 7407    |        0      |
 7408    |        0      |
 7409    |        0      |
 7410    |        0      |
 7411    |        0      |
 7412    |        0      |
 7413    |        0      |
 7414    |        0      |
 7415    |        0      |
 7416    |        0      |
 7417    |        0      |
 7418    |        0      |
 7419    |        0      |
 7420    |        0      |
 7421    |        0      |
 7422    |        0      |
 7423    |        0      |
 7424    |        0      |
 7425    |        0      |
 7426    |        0      |
 7427    |        0      |
 7428    |        0      |
 7429    |        0      |
 7430    |        0      |
 7431    |        0      |
 7432    |        0      |
 7433    |        0      |
 7434    |        0      |
 7435    |        0      |
 7436    |        0      |
 7437    |        0      |
 7438    |        0      |
 7439    |        0      |
 7440    |        0      |
 7441    |        0      |
 7442    |        0      |
 7443    |        0      |
 7444    |        0      |
 7445    |        0      |
 7446    |        0      |
 7447    |        0      |
 7448    |        0      |
 7449    |        0      |
 7450    |        0      |
 7451    |        0      |
 7452    |        0      |
 7453    |        0      |
 7454    |        0      |
 7455    |        0      |
 7456    |        0      |
 7457    |        0      |
 7458    |        0      |
 7459    |        0      |
 7460    |        0      |
 7461    |        0      |
 7462    |        0      |
 7463    |        0      |
 7464    |        0      |
 7465    |        0      |
 7466    |        0      |
 7467    |        0      |
 7468    |        0      |
 7469    |        0      |
 7470    |        0      |
 7471    |        0      |
 7472    |        0      |
 7473    |        0      |
 7474    |        0      |
 7475    |        0      |
 7476    |        0      |
 7477    |        0      |
 7478    |        0      |
 7479    |        0      |
 7480    |        0      |
 7481    |        0      |
 7482    |        0      |
 7483    |        0      |
 7484    |        0      |
 7485    |        0      |
 7486    |        0      |
 7487    |        0      |
 7488    |        0      |
 7489    |        0      |
 7490    |        0      |
 7491    |        0      |
 7492    |        0      |
 7493    |        0      |
 7494    |        0      |
 7495    |        0      |
 7496    |        0      |
 7497    |        0      |
 7498    |        0      |
 7499    |        0      |
 7500    |        0      |
 7501    |        0      |
 7502    |        0      |
 7503    |        0      |
 7504    |        0      |
 7505    |        0      |
 7506    |        0      |
 7507    |        0      |
 7508    |        0      |
 7509    |        0      |
 7510    |        0      |
 7511    |        0      |
 7512    |        0      |
 7513    |        0      |
 7514    |        0      |
 7515    |        0      |
 7516    |        0      |
 7517    |        0      |
 7518    |        0      |
 7519    |        0      |
 7520    |        0      |
 7521    |        0      |
 7522    |        0      |
 7523    |        0      |
 7524    |        0      |
 7525    |        0      |
 7526    |        0      |
 7527    |        0      |
 7528    |        0      |
 7529    |        0      |
 7530    |        0      |
 7531    |        0      |
 7532    |        0      |
 7533    |        0      |
 7534    |        0      |
 7535    |        0      |
 7536    |        0      |
 7537    |        0      |
 7538    |        0      |
 7539    |        0      |
 7540    |        0      |
 7541    |        0      |
 7542    |        0      |
 7543    |        0      |
 7544    |        0      |
 7545    |        0      |
 7546    |        0      |
 7547    |        0      |
 7548    |        0      |
 7549    |        0      |
 7550    |        0      |
 7551    |        0      |
 7552    |        0      |
 7553    |        0      |
 7554    |        0      |
 7555    |        0      |
 7556    |        0      |
 7557    |        0      |
 7558    |        0      |
 7559    |        0      |
 7560    |        0      |
 7561    |        0      |
 7562    |        0      |
 7563    |        0      |
 7564    |        0      |
 7565    |        0      |
 7566    |        0      |
 7567    |        0      |
 7568    |        0      |
 7569    |        0      |
 7570    |        0      |
 7571    |        0      |
 7572    |        0      |
 7573    |        0      |
 7574    |        0      |
 7575    |        0      |
 7576    |        0      |
 7577    |        0      |
 7578    |        0      |
 7579    |        0      |
 7580    |        0      |
 7581    |        0      |
 7582    |        0      |
 7583    |        0      |
 7584    |        0      |
 7585    |        0      |
 7586    |        0      |
 7587    |        0      |
 7588    |        0      |
 7589    |        0      |
 7590    |        0      |
 7591    |        0      |
 7592    |        0      |
 7593    |        0      |
 7594    |        0      |
 7595    |        0      |
 7596    |        0      |
 7597    |        0      |
 7598    |        0      |
 7599    |        0      |
 7600    |        0      |
 7601    |        0      |
 7602    |        0      |
 7603    |        0      |
 7604    |        0      |
 7605    |        0      |
 7606    |        0      |
 7607    |        0      |
 7608    |        0      |
 7609    |        0      |
 7610    |        0      |
 7611    |        0      |
 7612    |        0      |
 7613    |        0      |
 7614    |        0      |
 7615    |        0      |
 7616    |        0      |
 7617    |        0      |
 7618    |        0      |
 7619    |        0      |
 7620    |        0      |
 7621    |        0      |
 7622    |        0      |
 7623    |        0      |
 7624    |        0      |
 7625    |        0      |
 7626    |        0      |
 7627    |        0      |
 7628    |        0      |
 7629    |        0      |
 7630    |        0      |
 7631    |        0      |
 7632    |        0      |
 7633    |        0      |
 7634    |        0      |
 7635    |        0      |
 7636    |        0      |
 7637    |        0      |
 7638    |        0      |
 7639    |        0      |
 7640    |        0      |
 7641    |        0      |
 7642    |        0      |
 7643    |        0      |
 7644    |        0      |
 7645    |        0      |
 7646    |        0      |
 7647    |        0      |
 7648    |        0      |
 7649    |        0      |
 7650    |        0      |
 7651    |        0      |
 7652    |        0      |
 7653    |        0      |
 7654    |        0      |
 7655    |        0      |
 7656    |        0      |
 7657    |        0      |
 7658    |        0      |
 7659    |        0      |
 7660    |        0      |
 7661    |        0      |
 7662    |        0      |
 7663    |        0      |
 7664    |        0      |
 7665    |        0      |
 7666    |        0      |
 7667    |        0      |
 7668    |        0      |
 7669    |        0      |
 7670    |        0      |
 7671    |        0      |
 7672    |        0      |
 7673    |        0      |
 7674    |        0      |
 7675    |        0      |
 7676    |        0      |
 7677    |        0      |
 7678    |        0      |
 7679    |        0      |
 7680    |        0      |
 7681    |        0      |
 7682    |        0      |
 7683    |        0      |
 7684    |        0      |
 7685    |        0      |
 7686    |        0      |
 7687    |        0      |
 7688    |        0      |
 7689    |        0      |
 7690    |        0      |
 7691    |        0      |
 7692    |        0      |
 7693    |        0      |
 7694    |        0      |
 7695    |        0      |
 7696    |        0      |
 7697    |        0      |
 7698    |        0      |
 7699    |        0      |
 7700    |        0      |
 7701    |        0      |
 7702    |        0      |
 7703    |        0      |
 7704    |        0      |
 7705    |        0      |
 7706    |        0      |
 7707    |        0      |
 7708    |        0      |
 7709    |        0      |
 7710    |        0      |
 7711    |        0      |
 7712    |        0      |
 7713    |        0      |
 7714    |        0      |
 7715    |        0      |
 7716    |        0      |
 7717    |        0      |
 7718    |        0      |
 7719    |        0      |
 7720    |        0      |
 7721    |        0      |
 7722    |        0      |
 7723    |        0      |
 7724    |        0      |
 7725    |        0      |
 7726    |        0      |
 7727    |        0      |
 7728    |        0      |
 7729    |        0      |
 7730    |        0      |
 7731    |        0      |
 7732    |        0      |
 7733    |        0      |
 7734    |        0      |
 7735    |        0      |
 7736    |        0      |
 7737    |        0      |
 7738    |        0      |
 7739    |        0      |
 7740    |        0      |
 7741    |        0      |
 7742    |        0      |
 7743    |        0      |
 7744    |        0      |
 7745    |        0      |
 7746    |        0      |
 7747    |        0      |
 7748    |        0      |
 7749    |        0      |
 7750    |        0      |
 7751    |        0      |
 7752    |        0      |
 7753    |        0      |
 7754    |        0      |
 7755    |        0      |
 7756    |        0      |
 7757    |        0      |
 7758    |        0      |
 7759    |        0      |
 7760    |        0      |
 7761    |        0      |
 7762    |        0      |
 7763    |        0      |
 7764    |        0      |
 7765    |        0      |
 7766    |        0      |
 7767    |        0      |
 7768    |        0      |
 7769    |        0      |
 7770    |        0      |
 7771    |        0      |
 7772    |        0      |
 7773    |        0      |
 7774    |        0      |
 7775    |        0      |
 7776    |        0      |
 7777    |        0      |
 7778    |        0      |
 7779    |        0      |
 7780    |        0      |
 7781    |        0      |
 7782    |        0      |
 7783    |        0      |
 7784    |        0      |
 7785    |        0      |
 7786    |        0      |
 7787    |        0      |
 7788    |        0      |
 7789    |        0      |
 7790    |        0      |
 7791    |        0      |
 7792    |        0      |
 7793    |        0      |
 7794    |        0      |
 7795    |        0      |
 7796    |        0      |
 7797    |        0      |
 7798    |        0      |
 7799    |        0      |
 7800    |        0      |
 7801    |        0      |
 7802    |        0      |
 7803    |        0      |
 7804    |        0      |
 7805    |        0      |
 7806    |        0      |
 7807    |        0      |
 7808    |        0      |
 7809    |        0      |
 7810    |        0      |
 7811    |        0      |
 7812    |        0      |
 7813    |        0      |
 7814    |        0      |
 7815    |        0      |
 7816    |        0      |
 7817    |        0      |
 7818    |        0      |
 7819    |        0      |
 7820    |        0      |
 7821    |        0      |
 7822    |        0      |
 7823    |        0      |
 7824    |        0      |
 7825    |        0      |
 7826    |        0      |
 7827    |        0      |
 7828    |        0      |
 7829    |        0      |
 7830    |        0      |
 7831    |        0      |
 7832    |        0      |
 7833    |        0      |
 7834    |        0      |
 7835    |        0      |
 7836    |        0      |
 7837    |        0      |
 7838    |        0      |
 7839    |        0      |
 7840    |        0      |
 7841    |        0      |
 7842    |        0      |
 7843    |        0      |
 7844    |        0      |
 7845    |        0      |
 7846    |        0      |
 7847    |        0      |
 7848    |        0      |
 7849    |        0      |
 7850    |        0      |
 7851    |        0      |
 7852    |        0      |
 7853    |        0      |
 7854    |        0      |
 7855    |        0      |
 7856    |        0      |
 7857    |        0      |
 7858    |        0      |
 7859    |        0      |
 7860    |        0      |
 7861    |        0      |
 7862    |        0      |
 7863    |        0      |
 7864    |        0      |
 7865    |        0      |
 7866    |        0      |
 7867    |        0      |
 7868    |        0      |
 7869    |        0      |
 7870    |        0      |
 7871    |        0      |
 7872    |        0      |
 7873    |        0      |
 7874    |        0      |
 7875    |        0      |
 7876    |        0      |
 7877    |        0      |
 7878    |        0      |
 7879    |        0      |
 7880    |        0      |
 7881    |        0      |
 7882    |        0      |
 7883    |        0      |
 7884    |        0      |
 7885    |        0      |
 7886    |        0      |
 7887    |        0      |
 7888    |        0      |
 7889    |        0      |
 7890    |        0      |
 7891    |        0      |
 7892    |        0      |
 7893    |        0      |
 7894    |        0      |
 7895    |        0      |
 7896    |        0      |
 7897    |        0      |
 7898    |        0      |
 7899    |        0      |
 7900    |        0      |
 7901    |        0      |
 7902    |        0      |
 7903    |        0      |
 7904    |        0      |
 7905    |        0      |
 7906    |        0      |
 7907    |        0      |
 7908    |        0      |
 7909    |        0      |
 7910    |        0      |
 7911    |        0      |
 7912    |        0      |
 7913    |        0      |
 7914    |        0      |
 7915    |        0      |
 7916    |        0      |
 7917    |        0      |
 7918    |        0      |
 7919    |        0      |
 7920    |        0      |
 7921    |        0      |
 7922    |        0      |
 7923    |        0      |
 7924    |        0      |
 7925    |        0      |
 7926    |        0      |
 7927    |        0      |
 7928    |        0      |
 7929    |        0      |
 7930    |        0      |
 7931    |        0      |
 7932    |        0      |
 7933    |        0      |
 7934    |        0      |
 7935    |        0      |
 7936    |        0      |
 7937    |        0      |
 7938    |        0      |
 7939    |        0      |
 7940    |        0      |
 7941    |        0      |
 7942    |        0      |
 7943    |        0      |
 7944    |        0      |
 7945    |        0      |
 7946    |        0      |
 7947    |        0      |
 7948    |        0      |
 7949    |        0      |
 7950    |        0      |
 7951    |        0      |
 7952    |        0      |
 7953    |        0      |
 7954    |        0      |
 7955    |        0      |
 7956    |        0      |
 7957    |        0      |
 7958    |        0      |
 7959    |        0      |
 7960    |        0      |
 7961    |        0      |
 7962    |        0      |
 7963    |        0      |
 7964    |        0      |
 7965    |        0      |
 7966    |        0      |
 7967    |        0      |
 7968    |        0      |
 7969    |        0      |
 7970    |        0      |
 7971    |        0      |
 7972    |        0      |
 7973    |        0      |
 7974    |        0      |
 7975    |        0      |
 7976    |        0      |
 7977    |        0      |
 7978    |        0      |
 7979    |        0      |
 7980    |        0      |
 7981    |        0      |
 7982    |        0      |
 7983    |        0      |
 7984    |        0      |
 7985    |        0      |
 7986    |        0      |
 7987    |        0      |
 7988    |        0      |
 7989    |        0      |
 7990    |        0      |
 7991    |        0      |
 7992    |        0      |
 7993    |        0      |
 7994    |        0      |
 7995    |        0      |
 7996    |        0      |
 7997    |        0      |
 7998    |        0      |
 7999    |        0      |
 8000    |        0      |
 8001    |        0      |
 8002    |        0      |
 8003    |        0      |
 8004    |        0      |
 8005    |        0      |
 8006    |        0      |
 8007    |        0      |
 8008    |        0      |
 8009    |        0      |
 8010    |        0      |
 8011    |        0      |
 8012    |        0      |
 8013    |        0      |
 8014    |        0      |
 8015    |        0      |
 8016    |        0      |
 8017    |        0      |
 8018    |        0      |
 8019    |        0      |
 8020    |        0      |
 8021    |        0      |
 8022    |        0      |
 8023    |        0      |
 8024    |        0      |
 8025    |        0      |
 8026    |        0      |
 8027    |        0      |
 8028    |        0      |
 8029    |        0      |
 8030    |        0      |
 8031    |        0      |
 8032    |        0      |
 8033    |        0      |
 8034    |        0      |
 8035    |        0      |
 8036    |        0      |
 8037    |        0      |
 8038    |        0      |
 8039    |        0      |
 8040    |        0      |
 8041    |        0      |
 8042    |        0      |
 8043    |        0      |
 8044    |        0      |
 8045    |        0      |
 8046    |        0      |
 8047    |        0      |
 8048    |        0      |
 8049    |        0      |
 8050    |        0      |
 8051    |        0      |
 8052    |        0      |
 8053    |        0      |
 8054    |        0      |
 8055    |        0      |
 8056    |        0      |
 8057    |        0      |
 8058    |        0      |
 8059    |        0      |
 8060    |        0      |
 8061    |        0      |
 8062    |        0      |
 8063    |        0      |
 8064    |        0      |
 8065    |        0      |
 8066    |        0      |
 8067    |        0      |
 8068    |        0      |
 8069    |        0      |
 8070    |        0      |
 8071    |        0      |
 8072    |        0      |
 8073    |        0      |
 8074    |        0      |
 8075    |        0      |
 8076    |        0      |
 8077    |        0      |
 8078    |        0      |
 8079    |        0      |
 8080    |        0      |
 8081    |        0      |
 8082    |        0      |
 8083    |        0      |
 8084    |        0      |
 8085    |        0      |
 8086    |        0      |
 8087    |        0      |
 8088    |        0      |
 8089    |        0      |
 8090    |        0      |
 8091    |        0      |
 8092    |        0      |
 8093    |        0      |
 8094    |        0      |
 8095    |        0      |
 8096    |        0      |
 8097    |        0      |
 8098    |        0      |
 8099    |        0      |
 8100    |        0      |
 8101    |        0      |
 8102    |        0      |
 8103    |        0      |
 8104    |        0      |
 8105    |        0      |
 8106    |        0      |
 8107    |        0      |
 8108    |        0      |
 8109    |        0      |
 8110    |        0      |
 8111    |        0      |
 8112    |        0      |
 8113    |        0      |
 8114    |        0      |
 8115    |        0      |
 8116    |        0      |
 8117    |        0      |
 8118    |        0      |
 8119    |        0      |
 8120    |        0      |
 8121    |        0      |
 8122    |        0      |
 8123    |        0      |
 8124    |        0      |
 8125    |        0      |
 8126    |        0      |
 8127    |        0      |
 8128    |        0      |
 8129    |        0      |
 8130    |        0      |
 8131    |        0      |
 8132    |        0      |
 8133    |        0      |
 8134    |        0      |
 8135    |        0      |
 8136    |        0      |
 8137    |        0      |
 8138    |        0      |
 8139    |        0      |
 8140    |        0      |
 8141    |        0      |
 8142    |        0      |
 8143    |        0      |
 8144    |        0      |
 8145    |        0      |
 8146    |        0      |
 8147    |        0      |
 8148    |        0      |
 8149    |        0      |
 8150    |        0      |
 8151    |        0      |
 8152    |        0      |
 8153    |        0      |
 8154    |        0      |
 8155    |        0      |
 8156    |        0      |
 8157    |        0      |
 8158    |        0      |
 8159    |        0      |
 8160    |        0      |
 8161    |        0      |
 8162    |        0      |
 8163    |        0      |
 8164    |        0      |
 8165    |        0      |
 8166    |        0      |
 8167    |        0      |
 8168    |        0      |
 8169    |        0      |
 8170    |        0      |
 8171    |        0      |
 8172    |        0      |
 8173    |        0      |
 8174    |        0      |
 8175    |        0      |
 8176    |        0      |
 8177    |        0      |
 8178    |        0      |
 8179    |        0      |
 8180    |        0      |
 8181    |        0      |
 8182    |        0      |
 8183    |        0      |
 8184    |        0      |
 8185    |        0      |
 8186    |        0      |
 8187    |        0      |
 8188    |        0      |
 8189    |        0      |
 8190    |        0      |
 8191    |        0      |
