PEAK,0,1,2,3,4,5,6,7,8,9,10,11,12,13,14,15,16,17,18,19,20,21,22,23,24,25,26,27,28,29,30,31,32,33,34,35,36,37,38,39,40,41,42,43,44,45,46,47,48,49,50,51,52,53,54,55,56,57,58,59,60,61,62,63
0,17,47,75,-121,32,40,-73,46,73,-24,-45,51,12,-15,7,-46,82,100,113,-145,62,-120,87,58,-118,44,-194,-77,74,9,-21,-28,40,47,102,-48,-89,-142,2,51,64,-174,-70,-112,2,-56,173,-126,-123,-52,0,-16,-86,-53,-138,-60,42,-218,148,100,-16,-38,-69,48
1,81,-22,64,238,28,33,-84,46,11,83,-7,27,-37,-47,-35,0,-64,-53,-52,-2,62,-33,-32,84,47,-78,-55,-7,-81,32,-17,77,13,4,25,-59,-15,-63,2,-7,-8,-68,-3,44,108,-82,-18,-78,166,-170,-9,104,6,77,88,22,1,179,-50,34,10,-15,-61,23
2,-117,2,-57,-50,-54,40,14,-14,-44,9,26,-8,25,-42,49,-67,-15,-8,-78,2,13,-82,-14,16,80,38,-119,53,-33,14,7,2,32,-69,10,-62,8,0,-12,65,-73,-27,-65,175,-1,11,43,76,24,122,16,-88,15,-20,-22,-47,8,-28,121,24,57,10,-30,124
3,-1,-43,-59,-69,-78,102,-32,-24,40,-45,24,25,-16,24,6,1,-29,-21,144,72,50,-2,24,-18,0,26,-99,205,32,35,52,22,122,73,37,-124,16,-82,-4,14,34,-75,4,-121,42,-12,-24,57,-156,82,-85,6,154,28,-340,-4,10,90,162,63,31,2,162,-50
4,132,6,-30,-3,-14,38,-91,197,7,-9,2,-8,50,67,-26,62,-22,33,78,-35,-34,0,10,-83,-44,128,-94,-33,20,-70,-85,5,112,132,-50,-53,-89,-73,-1,5,-6,155,53,17,-23,-40,12,-122,68,80,-60,8,-55,11,-87,-9,53,-89,193,25,-54,-21,110,-9
5,-10,20,39,121,-2,32,-8,111,115,66,-66,50,-37,-2,16,-47,72,84,23,-21,-22,-19,-65,64,134,-81,-139,35,58,3,-21,13,111,30,-30,-9,4,-103,58,40,25,-170,-88,1,4,-6,-91,-1,68,104,-8,-88,58,61,-87,5,-39,8,102,20,-103,-18,131,38
6,-17,40,1,56,-8,86,3,-151,-102,-58,25,-101,-76,-48,28,32,-10,4,-76,18,-11,-14,-92,64,19,-82,-12,60,-4,-20,14,67,208,-47,3,-47,33,19,-93,-74,22,18,36,13,1,-50,39,52,-53,-12,54,15,-8,51,-7,-102,50,158,3,16,-6,-26,34,-20
7,-137,43,38,-12,-52,-88,27,-26,18,-51,55,73,55,109,26,26,-15,-12,106,25,132,5,44,0,47,-118,-25,-86,19,-38,14,32,-67,-57,-36,11,93,8,14,-1,7,47,11,4,-74,-26,143,8,62,-7,144,-62,-77,-22,254,136,-27,-15,41,15,83,28,-70,-16
8,72,21,-5,65,42,63,-130,-114,8,89,-76,-36,8,34,-25,11,94,30,83,-154,108,-63,95,-3,-116,22,-61,21,-54,-6,5,39,68,96,38,-84,-72,-82,-31,11,-62,147,19,-23,-34,-48,-6,-26,-97,-228,-18,79,-35,37,-62,-72,18,-14,-57,134,73,57,-52,24
9,33,99,-57,-1,-44,37,-15,19,42,44,-149,3,-76,-30,-49,-119,69,54,133,36,-96,33,45,-25,76,-66,108,-66,-130,-78,-92,-96,31,96,10,19,-9,-60,-41,-116,-75,-33,0,19,-12,54,-150,57,175,116,-23,18,-70,1,200,78,-52,-96,-68,6,-72,-20,-81,22
10,99,32,-17,50,27,7,12,-68,5,-41,14,49,-39,-34,-75,-130,-80,44,-76,-43,58,-68,-50,8,-33,-121,-86,9,-48,25,2,-22,-90,77,78,59,93,-72,32,-20,-45,-170,-84,112,71,58,-71,-80,-89,-88,7,-52,-89,-15,-3,24,10,96,45,80,63,4,-146,44
11,32,-61,78,-48,-27,68,16,29,-58,37,-67,-37,38,-31,-25,96,-24,-52,-50,53,75,69,-18,66,21,66,12,100,66,14,71,75,-63,109,-92,18,-94,20,12,7,-31,-25,-55,-102,57,45,14,-30,87,23,1,-144,14,83,-35,-106,73,39,-104,-44,4,71,49,-80
12,8,39,95,32,94,-36,70,67,-41,-21,14,111,-48,-1,58,82,192,-80,20,114,73,28,-12,50,68,-37,36,-78,-100,56,40,62,68,-41,26,-60,22,78,34,-102,37,-57,19,46,-41,28,0,-12,120,-76,1,62,-7,-35,44,-50,-104,84,18,-67,-22,4,-90,-80
13,-35,-44,21,-108,-34,-11,29,142,-46,-50,20,31,28,16,-84,115,134,-109,-74,88,-95,-44,21,26,-42,82,85,-13,36,-25,20,17,65,-126,94,-119,-76,36,-102,-44,-20,-49,55,-146,46,-50,37,84,-106,-110,-37,42,79,37,-76,42,2,168,-27,-27,118,-25,-51,-20
14,-73,34,69,-113,-4,-119,62,46,11,-147,-84,100,55,18,98,108,157,22,74,-1,129,50,-107,-83,-12,-12,-15,39,71,43,77,-43,-16,-76,63,-124,-74,25,98,-66,103,-7,17,-231,0,-26,-40,-46,-31,64,-17,73,52,-18,94,-5,-24,-1,97,-14,-166,64,1,11
15,64,-26,-26,-43,79,-16,52,-94,92,22,-67,41,9,-54,32,26,92,-28,178,-12,-19,-15,55,47,-7,56,41,-107,30,-137,26,-8,-91,0,-60,-66,111,109,12,-42,20,32,42,52,-24,86,46,108,-10,92,21,-15,85,2,82,22,-31,-78,-98,-29,-24,-16,-1,104
16,-19,-26,16,92,-40,-57,46,-72,-28,70,48,24,99,72,46,-94,80,40,-106,-105,-81,106,-3,-31,8,-52,18,-128,76,-14,-32,18,-126,-21,-16,39,17,-8,-51,140,20,-105,-13,28,25,60,-28,-150,-108,54,-40,122,-27,-25,-52,124,-98,-274,-85,15,45,-55,-36,102
17,-16,-40,12,-94,-6,-6,17,-96,-147,-70,86,13,51,49,29,134,-68,40,-44,60,-15,21,-44,37,-30,-2,5,4,41,-61,-31,81,65,28,70,74,7,53,-56,13,-46,140,9,81,-58,98,31,-4,-108,-62,12,129,16,120,-172,-190,-54,116,12,-18,146,-19,-98,68
18,-32,34,23,-24,70,-111,-74,-203,-105,-21,33,-11,7,1,30,79,-52,22,-182,-140,-101,-58,16,-72,-73,-122,36,-131,116,59,-37,20,-25,71,-11,15,-33,-79,8,-74,-25,-18,32,64,-27,42,75,6,136,-17,21,32,-82,-19,116,-165,-19,-120,-33,77,112,111,-128,57
19,-13,4,34,118,-14,-39,11,189,-28,-60,14,-116,10,66,-59,28,-95,78,-93,69,0,90,-2,-21,-24,7,-70,17,-72,60,-20,-74,-66,28,30,62,-140,-56,5,-50,-12,34,26,-84,-23,1,-8,-44,37,-12,23,-10,-85,-20,-150,135,13,136,-25,46,-66,26,-32,-44
20,-49,-4,93,-3,-134,-12,-9,112,133,17,98,-31,32,-64,57,-59,-191,-76,-172,-12,-99,-69,-4,-86,-10,28,-18,11,30,63,33,53,-30,1,-63,89,-116,-5,115,-31,-63,-31,-19,-62,-10,-24,-30,11,75,-76,16,-82,-107,-56,137,-58,28,79,-131,-60,-128,73,-135,-36
21,-68,68,-6,-104,12,-15,-51,23,-3,-72,-18,-46,7,-47,11,37,48,99,-218,64,-147,1,-45,-51,50,58,-30,44,-8,-78,16,46,2,0,10,7,23,-23,77,-23,-4,-126,-6,134,42,-2,71,9,276,38,-89,34,84,-25,4,-146,47,106,130,20,64,22,111,16
22,-43,18,-29,-24,4,-88,20,-64,-27,-12,7,16,16,30,-59,-48,102,19,-64,-28,-130,-13,-32,-14,26,-72,75,-7,-13,5,6,-87,10,-46,22,48,84,-102,-9,8,-34,-130,-8,12,94,-4,-55,52,160,-49,-62,116,-8,28,154,199,-36,-134,-30,-64,55,48,-178,16
23,0,31,-25,12,56,73,-119,-149,-51,-97,-35,-131,26,-46,-3,-35,-10,8,42,70,84,-204,-2,-26,-8,106,-114,141,26,43,64,-110,-25,28,82,-22,-43,-164,8,48,-90,63,-43,-113,-70,49,31,-96,-73,14,26,24,-44,-35,-66,9,82,34,32,-20,26,124,19,96
24,13,94,24,6,37,46,42,-126,-28,55,-12,-46,11,-4,-21,-34,-9,-54,-66,9,-141,91,2,-14,103,1,50,38,-14,-48,-25,2,38,2,-103,69,79,-94,-15,-77,-39,-152,34,-60,56,-12,-137,-32,73,164,16,30,-71,-11,83,-45,-79,-15,38,-75,-10,-74,11,-56
25,-5,-48,-51,-7,-60,30,-1,-34,-62,97,-136,15,11,10,47,-26,-11,90,2,-2,14,57,1,-77,28,19,140,4,74,-31,35,-28,-106,73,43,139,-71,-62,-26,117,-59,-3,-44,-36,-92,54,10,-32,-20,46,-41,132,-44,44,12,-40,8,-210,-25,-11,-96,88,-25,138
26,48,-44,16,-26,-18,-4,-19,18,-15,42,-19,28,-37,-6,-24,-28,-24,46,-104,-8,-46,-6,68,-11,-104,26,-53,5,-40,15,-78,64,75,100,17,40,-100,3,-23,2,14,72,-6,-9,-6,-82,-110,52,-93,-59,-84,112,22,108,-186,-170,-26,18,119,-8,-38,-81,32,-84
27,-57,10,-9,168,32,66,14,-186,-56,-30,105,-11,-30,78,35,4,-24,35,-100,-42,45,38,-1,-6,58,-48,32,-80,38,22,38,-11,-111,23,4,12,142,-15,-19,7,-31,-165,-107,100,26,6,68,62,-128,148,111,-42,18,-43,-110,-93,-54,-10,78,19,58,35,105,-130
28,110,2,-33,30,66,56,-76,33,-67,108,-38,-76,-55,-20,-71,94,85,94,-9,42,-17,62,54,90,-36,42,-36,-50,-40,68,-16,-43,152,-27,100,36,-36,-49,20,-44,-8,-22,-55,11,-97,48,8,46,-5,2,-24,-34,-56,-7,-162,20,2,-10,47,91,-103,-109,-39,24
29,-43,-12,-107,-64,-92,124,52,-52,118,-55,41,110,22,-54,40,-11,-48,58,105,48,184,39,21,27,-64,40,34,-46,-20,-17,72,32,79,-173,91,-94,2,78,-44,49,56,-12,8,-74,19,-52,-25,30,-252,-183,-9,-152,-54,-22,14,35,-23,73,20,65,14,22,20,4
30,-47,-8,22,54,-50,37,-6,-92,-45,19,-85,73,-44,2,-27,21,-21,-8,-34,22,-29,42,66,-110,-44,-22,69,-58,0,-22,17,2,91,11,2,-28,58,-10,5,-18,11,-16,-84,25,-60,2,107,-36,3,-55,-55,156,-83,-85,-63,-118,36,-68,202,37,-110,-27,46,-22
31,-149,24,126,-74,32,30,13,-61,-31,31,25,10,25,82,141,-16,-56,-27,-74,-39,-148,57,76,2,-2,-22,-130,30,87,-35,-28,-13,-66,128,25,2,18,-80,-22,-45,7,-93,-31,-71,29,136,84,35,42,220,21,41,-14,47,-23,-119,-11,-214,-1,-3,77,-9,-99,78
32,-80,-34,8,26,-119,18,1,0,24,9,153,30,54,155,49,37,-20,30,-57,21,20,67,-65,-65,-20,36,76,104,-34,26,50,-39,4,49,3,73,-105,-1,15,51,-16,80,-74,-193,55,-61,-38,-105,-68,-104,21,36,17,96,47,76,16,22,82,-19,23,62,32,-88
33,170,-58,-46,-3,37,-78,-83,138,-42,-4,23,-66,-17,-52,-50,-24,0,1,101,63,75,-80,-43,58,18,-44,-125,143,-6,47,-80,16,-85,-13,-48,-22,42,-51,52,29,-57,49,160,-51,36,-32,-26,-19,154,-190,-79,60,31,25,9,229,-27,137,-280,-38,88,39,34,56
34,15,60,31,-48,-8,51,18,76,52,32,-63,-68,66,7,-45,-54,76,-125,-4,-89,1,-22,-13,-29,-84,108,78,-35,-74,-68,94,48,-10,-19,-79,6,24,-22,-64,-86,76,-40,-77,16,34,-22,66,-13,-47,-150,78,64,-56,-50,68,-81,74,-214,119,-14,-52,0,-60,-37
35,-2,-10,9,18,-4,-36,-25,-48,-41,30,65,27,1,100,33,-43,-102,20,-36,11,-65,-2,-30,-77,-31,-76,32,144,-4,65,1,-25,-3,-42,-77,60,16,-106,25,32,-85,106,-65,10,14,-2,-44,-140,-152,-116,17,68,-28,70,-66,55,3,-152,76,60,-16,3,-162,32
36,-33,43,-24,-162,53,-10,-11,82,2,42,-86,48,-21,-27,-17,-65,12,-17,-20,15,-200,-29,60,-3,68,14,60,85,30,-12,-104,57,-74,-57,-116,-44,43,-36,18,-4,51,40,54,-10,-58,-3,0,-70,57,56,-37,22,102,-37,44,-103,-25,-64,118,-50,-1,-90,49,-13
37,-78,4,-27,52,-40,-67,22,-94,138,-49,5,-18,-59,-22,94,-37,-110,33,-42,61,-100,50,79,-72,15,-80,-68,-151,64,43,-44,2,-67,-15,47,4,-84,71,-61,6,12,-117,-27,-42,-75,70,58,48,233,238,-21,-100,-32,-58,88,165,52,-46,-14,-56,14,-13,-7,81
38,11,-20,-69,-14,-62,23,-8,41,100,18,17,0,-56,-40,-103,-21,-76,-27,10,16,-194,-17,38,-60,50,55,132,105,32,-51,-22,-65,-14,-76,-90,-26,24,-113,-41,-34,-26,6,-12,9,34,-4,-137,58,-31,-70,-100,46,52,8,-135,66,44,146,163,-25,-32,-14,106,-44
39,-7,-83,9,-28,82,-35,91,4,-118,-19,-48,1,93,4,-94,146,102,-84,194,-44,136,0,-30,117,16,92,98,-58,14,-56,48,-59,6,33,14,-43,-79,56,22,-61,116,75,27,-168,-22,102,23,-90,-150,31,32,18,72,58,5,62,-46,102,-86,-36,22,80,92,-38
40,59,-14,-22,49,67,-58,-32,-112,-2,40,51,15,72,46,-24,33,-10,-5,-98,-64,102,79,37,-31,-57,62,44,-33,-14,147,53,-15,-22,174,0,26,-44,-31,-16,-7,-35,23,-49,-44,-44,50,-71,97,140,146,-42,-12,-23,36,46,-7,-10,-148,-3,-42,-56,14,-6,-90
41,-32,10,17,-71,-62,60,-1,25,-42,51,-74,-15,-34,-82,-34,-8,135,0,-4,14,35,-25,-32,36,83,6,-83,-30,106,2,-37,116,78,-88,-16,18,-20,10,-72,42,-66,-18,-54,14,6,-22,-44,91,-55,-65,-56,-110,28,102,-47,-96,51,-74,-86,28,-104,-70,30,12
42,226,-3,21,55,170,-1,-17,59,-53,28,-42,-39,1,-112,29,74,159,-62,134,-48,68,-48,4,61,-63,102,-84,42,1,3,-24,56,77,-66,56,-83,-31,30,-14,4,46,105,2,-32,-2,9,-32,-141,-57,134,-10,-14,41,24,-74,68,68,124,70,-40,-56,-66,83,114
43,29,18,-35,-56,-115,64,32,118,34,55,-119,46,4,-103,-6,-124,64,32,147,46,-144,-26,16,27,187,-8,85,31,-84,-30,-45,-100,-4,14,-67,54,-16,-60,73,-51,-65,-72,-22,-93,46,-8,-10,102,116,334,59,-125,-7,20,17,10,-10,-77,-179,-74,-315,25,-12,-20
44,27,49,108,-107,46,-28,-17,120,-52,27,70,9,-25,116,-35,91,-8,20,-85,-60,30,117,-98,-123,-69,20,-66,61,74,78,41,-72,-25,40,12,89,-42,-64,42,-17,19,-14,-2,-107,44,-66,12,20,-38,-84,12,-9,-2,-20,-168,-149,52,-171,69,59,-28,-75,30,-26
45,-90,29,-21,-64,55,0,7,-83,-33,-17,24,-44,24,75,-12,-29,-3,1,-25,26,-30,-64,-52,-47,-9,116,-50,53,-48,44,-13,-24,-60,130,71,72,-18,-12,-30,41,-50,28,-69,178,12,79,-16,10,133,176,-18,-76,76,35,-98,-104,62,-46,186,13,14,20,-79,106
46,-7,-26,-80,-183,-42,154,-61,-20,-1,23,32,-46,8,-37,4,-33,-92,-126,60,42,-106,-152,45,9,36,44,-80,69,-114,-53,-2,-8,90,-63,2,-30,-6,-24,36,-45,-35,-2,-54,146,111,14,2,14,82,68,-24,-40,50,17,-89,-34,-24,-92,31,-30,161,9,-94,31
47,5,-10,-24,-108,-78,-56,-66,-84,-17,34,3,-56,-70,82,62,39,80,15,-58,19,-36,-9,18,-81,-42,24,29,-99,10,9,10,4,-11,83,-24,16,-134,-57,43,-10,-71,-67,-13,74,13,-42,19,4,69,22,-28,16,59,-39,-148,43,58,-275,110,93,-50,25,11,-34
48,1,14,-81,85,-64,48,-24,-156,33,20,54,34,-89,88,-10,24,-298,-40,-34,63,-36,-36,7,-62,-22,-34,-13,14,-72,21,-27,-53,-24,-69,-59,-45,109,-58,-12,-95,-82,64,-14,55,4,-24,-70,40,-86,-162,36,-35,-140,-121,187,127,-11,92,144,-18,42,-13,-80,-128
49,25,22,49,16,90,-39,-8,-58,40,-81,-44,-2,36,60,53,38,-41,31,55,-45,-30,67,-5,-18,-95,126,39,77,12,-24,11,-89,-61,142,-65,-26,62,-33,-9,77,-25,-46,-54,16,119,-69,-47,-175,-55,151,24,68,58,-37,-36,25,-26,-46,256,-29,3,38,72,-71
50,-44,-16,-33,-116,-32,-23,-65,43,133,73,10,25,-5,62,52,78,-30,40,34,55,-129,63,34,-65,-65,108,18,13,2,-108,-72,-6,-71,0,2,32,12,-46,65,9,-5,-5,32,-5,45,-56,-56,84,-65,22,-9,-118,37,-52,-12,46,52,64,51,88,-48,32,93,20
51,54,42,-70,-31,112,41,8,-93,-42,54,-77,-40,-95,-14,-93,14,-104,15,51,60,6,42,8,18,-4,6,-10,-150,-112,9,-8,-108,-75,-15,-31,89,82,56,11,-31,-42,-99,62,50,28,-20,33,18,138,18,34,-104,-28,-48,121,148,-50,-179,-136,29,20,-83,-20,-39
52,14,-27,47,-154,1,-54,39,133,-21,40,11,-27,-32,-30,35,-2,3,-86,82,-41,-25,28,-26,2,9,18,-115,-25,88,3,-47,-14,107,-39,-66,21,9,104,33,10,57,111,4,26,-67,28,-27,44,144,34,-49,-30,22,-4,-102,119,30,-279,26,-56,-40,-21,-34,70
53,46,4,-54,138,-26,29,-64,42,-34,-63,-39,-21,-23,5,22,30,171,135,50,35,-44,17,-120,-52,-60,-30,18,33,21,-1,20,-69,22,-44,124,-80,6,-26,47,30,42,-29,-3,-19,57,-4,16,-40,-122,20,-6,120,116,37,1,216,50,102,-68,19,-142,10,143,94
54,44,19,-13,20,-32,23,29,-35,-138,-87,57,-48,34,-88,-52,54,79,62,-56,-30,126,21,-118,-3,25,-64,-2,-120,-36,-48,-45,92,33,66,-24,-22,9,130,-24,-28,34,-5,70,191,38,-46,-51,24,-8,14,10,8,11,-13,42,-72,-102,128,-34,39,37,47,33,-52
55,-9,31,-20,-97,20,-115,-6,-208,-77,-79,-57,-67,-32,-14,-27,90,219,19,-72,-123,-46,24,14,25,-26,-68,112,-124,110,-4,-30,-93,8,-62,-34,-14,-60,31,-79,-4,4,-4,57,26,84,45,-35,0,138,142,56,-35,-71,9,128,-14,-61,-132,-14,-2,121,-31,-90,-58
56,-4,40,-32,-40,48,48,-2,-104,-73,-80,-23,-122,28,62,-55,53,104,58,44,-83,73,-10,19,36,-89,8,116,-111,-102,-80,-4,-31,40,13,56,19,-18,14,-64,-75,6,69,-38,61,-111,112,16,-49,-88,46,116,121,-23,20,68,-163,-20,-38,36,-16,126,54,-134,-34
57,-76,-59,-28,-130,-126,86,-24,26,-64,5,37,-11,13,-20,72,11,48,111,-76,11,-58,-19,10,133,15,-30,-138,76,143,-54,-40,112,97,104,70,-46,36,-5,59,42,81,-143,25,-33,-58,36,121,87,-42,63,-33,98,115,79,-136,-97,35,-105,106,-7,100,4,74,124
58,19,-44,83,-178,-3,-75,73,47,-42,-121,-21,-31,-6,32,27,58,-124,38,-82,-48,5,52,-93,-12,-7,-126,-28,-57,161,-29,33,-28,10,206,-3,130,9,22,51,-61,58,-67,38,-44,18,-58,49,52,127,-56,-83,72,102,-17,-214,-230,-45,-72,-13,-14,4,129,21,-41
59,34,0,-74,82,56,90,-42,-114,15,142,-18,-43,-61,59,-64,-28,73,-100,99,-6,63,-43,65,-2,-54,82,-66,-26,-22,-10,42,54,53,14,-16,0,47,-57,-12,18,0,-4,-58,42,-86,50,-34,-26,-52,-98,-12,-48,-18,27,-1,216,60,-126,39,29,103,-17,61,3
60,59,-17,-2,86,-25,-56,-50,64,122,-60,97,-47,-22,44,93,-43,-193,55,32,-19,27,-33,-7,-4,-60,-66,-196,16,32,98,-15,36,56,-46,27,10,96,12,46,13,-4,73,0,-5,28,-69,4,20,-24,8,-9,-48,52,16,-16,114,2,138,-17,21,-92,-10,-26,-42
61,81,-26,9,116,80,-52,-76,43,82,-3,106,-43,44,118,89,-11,66,-66,16,-41,20,30,112,-92,-191,46,-22,-8,-58,-47,-9,88,32,-17,46,45,48,-43,-42,77,-24,43,-4,21,-33,-12,47,-124,-139,-58,0,188,-97,-48,-129,65,-28,42,4,28,94,-67,29,22
62,5,17,34,45,-92,29,75,35,-5,6,25,-63,96,15,-29,-61,112,44,-12,-114,20,34,-24,-57,14,-26,84,-80,-1,-82,3,78,59,-129,-15,48,-72,-8,-45,43,17,10,-18,-26,-16,64,-17,-138,-30,26,-36,-26,-116,58,22,-64,0,-36,-79,25,-16,2,-1,-10
63,-3,-20,70,2,-49,-53,4,136,-68,45,80,6,48,0,20,79,-84,164,-90,-29,66,41,80,-15,-35,0,-100,61,12,47,-8,32,91,15,51,-50,-259,-81,-1,12,41,222,58,-70,-26,83,126,42,43,-56,-79,35,-55,48,-84,-82,34,-75,-3,-22,122,-104,-88,28
64,0,0,1,0,0,1,0,1,0,-1,0,-1,0,-1,0,0,1,0,0,0,0,0,1,1,0,0,1,0,0,0,1,-1,0,0,1,1,0,1,0,0,0,0,0,0,0,0,0,-1,0,1,-1,0,0,0,0,0,0,1,0,0,0,0,0,0
65,0,0,-1,0,0,1,0,0,0,0,0,0,1,0,-1,0,1,1,-1,0,0,-1,0,1,-1,0,0,0,0,0,0,0,0,0,-1,-1,0,0,0,0,0,0,0,1,1,1,0,0,0,0,0,0,0,0,-1,0,0,0,0,1,0,0,0,0
66,0,1,0,0,0,1,0,0,0,1,0,-1,0,0,-1,-1,-1,-1,0,0,0,1,-1,1,0,-1,0,0,0,0,0,0,-1,-1,0,0,0,0,0,-1,-1,0,-1,0,0,1,0,-1,1,0,-1,1,0,0,0,0,0,1,1,-1,0,0,0,-1
67,0,0,0,0,1,0,0,-1,0,-1,1,-1,0,1,0,-1,-1,1,0,0,0,0,0,-1,0,0,0,0,0,0,0,0,1,0,0,1,-1,0,0,0,0,0,0,0,0,-1,-1,0,0,0,0,0,0,0,-1,0,1,0,-1,0,1,-1,1,0
68,0,0,-1,-1,0,1,0,0,0,0,0,0,0,1,-1,0,1,0,1,0,-1,-1,-1,0,0,1,0,1,0,0,-1,0,0,0,0,0,0,-1,-1,0,0,0,0,1,-1,-1,0,-1,0,1,0,0,0,-1,0,0,0,0,1,1,0,-1,1,0
69,0,0,0,0,0,0,1,0,-1,0,0,1,0,0,1,0,-1,0,0,0,1,0,0,0,-1,0,0,0,1,0,1,-1,0,0,0,0,-1,1,0,1,0,1,-1,0,0,1,0,0,0,0,1,0,0,1,0,0,1,0,1,1,0,1,0,0
70,0,-1,0,0,0,0,0,0,0,0,0,0,1,0,0,0,-1,-1,0,-1,-1,0,1,1,0,0,0,0,0,0,0,-1,0,0,-1,0,1,-1,1,0,0,0,0,-1,1,1,0,0,0,0,0,1,-1,0,1,0,0,0,0,0,1,0,0,0
71,0,0,-1,0,1,0,0,0,-1,0,0,0,1,0,-1,0,-1,0,0,0,0,0,0,0,0,0,0,0,-1,1,-1,1,0,0,-1,0,0,0,0,0,1,-1,1,0,0,0,-1,0,0,1,0,0,-1,0,0,1,-1,0,-1,0,1,0,0,0
72,0,0,0,0,1,-1,-1,-1,0,0,1,1,1,1,0,0,0,0,0,-1,0,1,0,0,0,0,0,0,-1,0,0,-1,-1,-1,0,-1,-1,0,0,0,0,1,0,1,0,0,0,0,0,0,0,0,1,1,0,0,-1,0,0,-1,0,1,0,0
73,0,0,0,0,0,1,0,0,0,0,-1,0,0,0,0,0,-1,-1,0,0,0,0,-1,0,0,0,0,0,1,0,0,-1,1,0,0,0,0,1,0,0,0,0,0,-1,-1,0,0,0,0,1,1,0,-1,0,0,0,1,0,1,-1,1,1,1,0
74,-1,1,0,1,1,-1,0,-1,0,0,1,0,0,0,0,0,0,0,0,0,0,0,0,0,0,0,0,0,-1,-1,0,1,1,0,0,-1,0,0,0,0,0,0,1,0,0,0,-1,0,1,-1,0,0,-1,0,0,0,1,1,1,0,1,0,1,0
75,0,0,0,0,0,1,0,0,0,1,-1,0,0,0,0,0,0,0,0,0,0,-1,0,1,0,-1,-1,0,-1,0,0,1,0,0,0,0,0,-1,0,-1,1,0,0,0,1,0,0,-1,0,0,-1,0,1,0,0,1,1,0,0,0,0,0,0,-1
76,0,0,0,1,0,0,0,0,1,1,0,-1,0,0,0,-1,0,-1,0,0,0,0,0,-1,-1,0,1,0,0,0,0,0,0,-1,-1,0,-1,0,0,1,0,0,0,0,0,0,0,0,0,0,0,-1,1,0,0,0,-1,0,0,0,0,0,0,0
77,0,0,-1,0,0,0,0,0,1,0,0,1,0,-1,0,1,-1,1,-1,1,0,-1,0,1,-1,1,0,0,0,1,0,0,1,0,1,0,0,0,0,1,1,1,0,0,0,0,-1,0,-1,0,1,0,0,0,-1,1,-1,-1,0,-1,1,0,1,1
78,1,0,0,1,0,0,0,1,0,0,0,0,-1,0,-1,-1,1,0,0,0,0,0,0,0,-1,0,-1,0,-1,0,0,-1,0,0,0,0,0,-1,0,1,0,0,0,-1,0,0,0,0,-1,1,-1,-1,0,1,1,0,0,0,-1,0,0,0,1,-1
79,0,-1,1,0,0,1,0,0,0,0,0,0,0,0,0,0,0,0,0,0,1,0,0,0,0,1,0,0,0,0,1,0,0,0,-1,0,0,0,1,0,0,-1,0,0,0,0,-1,0,0,0,1,0,0,-1,0,0,0,-1,-1,0,0,1,0,-1
80,1,0,1,0,0,0,0,1,0,-1,-1,0,-1,0,0,0,0,0,-1,0,1,0,0,0,0,0,0,0,0,0,0,0,-1,0,0,-1,0,-1,0,-1,0,0,0,1,1,0,0,-1,0,1,1,0,0,0,0,0,0,0,0,0,0,0,0,0
81,0,1,0,0,-1,0,0,-1,1,1,0,-1,0,0,0,0,1,0,-1,1,0,0,0,0,0,1,0,0,0,0,0,0,0,-1,-1,-1,0,0,0,-1,0,0,0,1,0,0,0,0,0,0,0,1,0,-1,0,1,0,0,1,-1,0,0,0,0
82,0,0,0,0,1,0,0,0,0,0,1,1,0,1,0,0,0,0,0,1,0,0,0,0,1,0,0,0,-1,0,0,0,1,-1,-1,0,0,1,1,1,0,-1,0,0,1,0,0,-1,-1,1,0,-1,0,0,-1,0,1,0,0,0,0,0,0,0
83,-1,0,0,0,1,0,0,0,0,0,0,0,0,0,0,1,1,0,1,-1,-1,0,0,0,0,0,0,1,0,0,0,0,0,0,1,0,0,0,0,-1,-1,0,-1,-1,0,0,-1,0,0,-1,0,0,0,0,-1,-1,0,1,-1,1,-1,0,1,0
84,0,1,-1,-1,1,-1,0,0,0,0,0,0,0,0,0,0,0,0,1,0,1,0,0,0,-1,0,0,0,1,-1,0,0,1,0,1,-1,-1,0,1,0,0,0,-1,-1,1,0,-1,0,1,0,0,1,0,0,0,0,0,-1,0,1,1,0,-1,0
85,0,1,1,0,0,0,0,0,0,0,0,0,1,-1,0,-1,0,0,0,-1,0,0,0,0,0,0,1,0,1,0,0,1,0,0,0,0,0,0,1,0,0,-1,0,-1,-1,0,0,0,-1,0,0,0,-1,1,-1,0,1,0,1,1,0,0,0,0
86,1,0,-1,0,0,1,1,0,0,0,0,-1,0,0,1,0,-1,0,0,1,-1,0,0,-1,1,0,0,1,0,0,0,0,1,0,0,1,0,0,-1,0,0,1,0,0,0,0,0,0,1,-1,1,0,-1,0,0,0,0,0,0,0,1,0,0,0
87,-1,1,-1,0,-1,0,0,0,-1,-1,0,1,0,0,-1,0,1,-1,-1,0,0,-1,0,0,0,0,-1,0,0,0,0,0,0,1,0,1,1,0,0,1,0,1,0,0,0,1,0,0,0,0,1,0,0,-1,0,-1,0,-1,-1,-1,0,0,-1,0
88,1,0,0,1,-1,0,1,1,-1,0,-1,1,0,0,0,1,-1,0,1,0,0,-1,1,0,1,0,0,0,0,0,-1,0,0,0,0,0,0,1,0,1,0,1,0,0,0,0,0,0,1,0,-1,0,0,0,0,0,-1,1,0,0,0,0,0,-1
89,1,-1,-1,0,1,0,0,-1,0,0,0,1,-1,1,0,1,-1,0,0,0,0,0,0,0,0,-1,0,0,0,0,0,0,0,0,0,0,1,0,0,0,0,0,1,0,-1,0,0,0,0,0,-1,-1,0,0,0,-1,1,0,-1,0,0,0,-1,0
90,0,0,0,0,0,0,0,0,-1,0,0,0,0,-1,0,1,0,1,1,-1,0,0,0,0,0,0,0,0,0,0,0,0,0,0,0,0,-1,1,1,0,-1,1,-1,1,0,0,0,0,0,0,-1,0,1,0,0,0,0,0,-1,0,0,0,1,0
91,0,0,0,0,0,-1,0,1,0,1,1,1,0,0,0,0,-1,-1,-1,1,1,0,1,0,0,0,0,0,-1,0,0,0,0,0,-1,0,-1,-1,0,0,0,-1,-1,0,1,0,1,1,0,0,-1,-1,0,1,0,0,0,-1,-1,0,-1,-1,0,0
92,0,0,-1,0,0,0,-1,0,0,0,0,0,0,0,1,0,0,0,0,0,-1,0,0,0,0,0,-1,-1,0,1,0,0,0,0,0,1,1,0,0,-1,1,-1,0,0,0,0,-1,1,1,0,1,-1,0,0,1,1,0,0,1,1,0,0,0,-1
93,1,-1,0,0,0,0,1,0,0,0,1,0,0,0,0,1,0,0,-1,0,0,0,0,0,0,-1,0,0,0,1,0,0,0,0,0,0,1,1,1,0,-1,0,0,0,0,0,0,0,0,0,0,1,0,0,1,0,1,0,1,0,0,0,0,0
94,1,0,0,0,1,1,0,0,-1,0,0,0,0,0,0,-1,1,1,0,0,1,0,-1,-1,0,0,1,0,0,0,0,1,1,0,0,0,0,0,0,0,0,0,0,0,0,1,0,1,0,0,0,0,0,0,0,0,0,0,0,0,1,1,0,1
95,-1,0,0,0,0,-1,0,1,0,1,0,0,0,0,1,0,0,0,0,0,0,0,1,0,0,-1,0,-1,0,0,-1,0,1,0,0,1,0,-1,0,0,0,1,0,-1,0,1,0,1,0,-1,0,0,0,0,0,1,1,1,0,0,0,0,1,0
96,-1,0,0,1,0,0,1,-1,0,0,-1,-1,1,0,1,1,0,1,0,0,0,0,0,0,0,0,1,-1,0,1,0,1,0,0,0,1,0,-1,0,0,0,-1,-1,0,0,0,0,0,0,0,0,0,0,0,-1,0,-1,0,0,1,0,0,0,0
97,1,0,0,1,0,-1,0,1,0,0,0,-1,0,0,-1,0,1,-1,0,0,0,0,0,0,0,-1,0,0,0,0,0,0,0,0,0,-1,-1,0,0,-1,0,1,0,0,1,0,0,0,0,1,1,0,0,0,0,0,0,0,0,0,0,-1,0,0
98,1,0,1,0,0,0,0,-1,-1,0,1,-1,0,0,0,0,-1,1,0,0,0,1,0,0,0,0,1,0,0,0,0,0,1,1,-1,0,0,1,-1,0,0,-1,0,0,0,0,0,0,-1,0,0,-1,0,0,0,0,1,0,0,0,-1,0,-1,0
99,-1,1,0,0,0,0,-1,0,1,0,-1,0,-1,0,0,0,0,-1,1,0,0,0,0,0,0,0,0,0,1,1,0,0,0,0,-1,0,0,0,0,-1,1,0,1,-1,1,-1,1,0,0,0,0,0,0,0,0,1,0,1,1,0,0,0,0,1
100,1,0,0,0,0,1,-1,1,0,0,-1,0,0,-1,0,0,0,0,-1,0,1,0,1,0,-1,0,-1,1,0,1,1,0,-1,0,0,0,-1,-1,0,1,-1,0,0,0,0,0,0,1,-1,-1,-1,0,0,0,1,0,0,0,-1,-1,1,1,-1,-1
101,0,0,0,0,0,-1,0,0,0,-1,0,1,0,-1,1,-1,-1,0,1,1,0,1,0,0,0,0,0,0,0,0,0,0,0,0,-1,0,0,-1,0,0,-1,0,0,1,0,1,0,0,0,0,0,0,0,0,-1,0,0,0,0,-1,0,0,-1,0
102,0,-1,1,0,0,0,0,0,0,0,0,0,0,1,0,0,1,0,0,0,0,0,0,-1,1,-1,0,-1,0,1,-1,0,-1,0,0,-1,0,1,0,-1,-1,0,0,0,0,-1,1,-1,1,0,-1,-1,0,1,0,0,0,1,0,1,1,0,0,0
103,0,0,0,1,0,-1,0,0,0,1,0,0,0,0,0,0,0,0,0,-1,0,0,0,0,0,1,-1,0,0,0,0,-1,1,1,0,0,-1,0,0,1,1,0,0,1,0,-1,1,0,-1,0,0,0,-1,-1,0,0,0,0,-1,0,0,0,0,0
104,0,0,0,-1,0,0,0,-1,1,0,0,0,0,0,-1,-1,0,0,0,-1,0,-1,0,0,0,0,0,0,0,0,0,1,0,0,-1,0,-1,0,-1,0,0,0,1,0,0,0,0,1,0,0,0,0,1,0,0,0,0,0,0,0,0,0,1,0
105,0,-1,0,1,-1,0,0,0,1,0,0,1,0,0,0,0,-1,0,1,-1,0,0,1,0,0,-1,-1,0,0,1,0,1,0,1,0,1,0,0,0,0,0,0,0,0,0,0,0,0,0,0,0,0,0,0,0,-1,0,0,0,0,0,0,0,0
106,0,0,-1,0,0,0,0,0,-1,0,0,-1,-1,0,0,0,-1,-1,0,0,-1,0,0,1,1,1,-1,0,0,1,0,-1,1,-1,0,0,-1,-1,0,0,0,0,0,1,-1,0,0,0,0,0,-1,-1,1,0,0,-1,0,0,0,0,0,0,0,0
107,-1,0,0,0,0,0,0,0,0,0,1,0,0,-1,0,0,0,0,0,1,0,0,1,-1,-1,0,0,1,-1,0,0,-1,-1,-1,0,1,0,1,0,0,0,0,-1,0,0,0,1,0,0,0,0,1,0,0,0,0,0,-1,0,0,0,-1,0,1
108,0,0,0,1,-1,0,1,1,0,1,0,-1,0,0,1,0,0,0,0,0,0,0,1,1,-1,0,1,0,0,0,0,0,0,0,1,1,0,0,0,0,0,0,0,0,0,0,-1,0,0,0,1,1,1,0,1,0,0,0,0,1,0,0,0,0
109,0,0,0,1,1,0,0,-1,0,-1,0,-1,-1,0,0,0,0,0,-1,0,1,0,0,0,-1,0,0,0,0,0,0,-1,0,0,1,-1,0,0,1,0,-1,0,0,0,0,0,0,0,1,0,-1,-1,-1,0,0,0,-1,0,0,0,0,0,0,-1
110,0,0,1,-1,-1,-1,-1,1,1,0,0,-1,0,0,0,-1,0,0,0,0,1,0,-1,1,0,0,0,0,-1,1,-1,0,0,0,-1,0,1,0,0,0,1,0,0,1,0,0,1,0,1,0,-1,1,0,1,0,0,0,-1,-1,1,1,1,0,-1
111,0,1,0,-1,0,0,0,0,0,-1,0,1,0,0,1,-1,0,0,0,0,-1,0,-1,0,0,0,0,0,0,0,0,-1,0,1,0,-1,-1,0,-1,0,0,-1,1,1,0,1,0,0,0,1,0,1,1,0,0,1,0,0,0,0,0,0,0,0
112,0,-1,0,0,0,1,-1,0,-1,0,0,0,-1,0,0,0,1,1,0,0,0,0,0,0,0,1,1,-1,0,0,0,0,-1,1,0,0,0,-1,0,0,-1,0,0,0,0,0,1,-1,0,0,0,1,-1,-1,0,0,0,0,0,0,0,0,0,0
113,0,0,0,-1,0,0,0,0,0,0,0,0,-1,0,0,1,0,1,0,-1,0,0,0,0,0,0,1,1,0,0,-1,0,-1,0,0,0,-1,0,0,0,0,0,1,0,0,0,-1,-1,0,0,0,1,0,-1,0,0,1,0,0,0,0,0,0,0
114,-1,0,1,0,1,-1,0,0,0,0,0,0,0,-1,0,0,0,0,0,0,-1,0,0,0,1,-1,0,0,-1,0,-1,0,0,0,-1,0,0,1,1,0,1,0,0,1,0,0,0,-1,-1,0,-1,0,0,0,0,0,-1,0,1,1,1,0,-1,-1
115,0,-1,0,0,0,0,0,0,0,0,0,0,0,0,0,1,-1,0,0,0,0,-1,0,0,0,0,0,0,1,0,0,0,0,-1,0,0,0,0,0,1,1,0,0,-1,1,0,0,0,0,0,0,0,0,0,0,0,0,-1,-1,1,1,-1,0,-1
116,0,0,-1,0,0,-1,-1,1,0,0,0,0,0,0,0,0,0,0,0,0,0,0,0,0,-1,0,1,0,0,0,-1,0,0,0,0,0,1,1,-1,0,0,-1,0,0,1,0,-1,0,0,0,-1,0,0,-1,0,0,1,0,1,-1,-1,0,0,0
117,0,-1,1,0,0,-1,1,0,0,0,0,0,0,-1,0,0,0,0,-1,1,0,0,0,0,0,-1,0,0,-1,-1,0,-1,1,0,1,0,0,0,0,0,1,0,0,-1,1,1,0,0,0,0,0,0,1,1,0,0,0,0,-1,1,0,1,0,0
118,0,-1,0,0,-1,0,0,-1,0,-1,0,0,0,-1,-1,0,0,0,0,0,0,-1,-1,0,0,0,0,0,-1,0,-1,0,0,1,-1,1,-1,1,-1,-1,0,-1,-1,0,-1,1,0,1,-1,-1,0,0,0,0,-1,0,0,1,-1,0,0,1,1,0
119,-1,0,0,0,0,0,-1,-1,0,0,0,1,0,-1,0,1,0,0,-1,1,0,0,-1,-1,-1,0,0,-1,0,-1,0,1,-1,0,-1,1,0,0,-1,1,0,-1,1,0,0,-1,0,0,-1,0,0,1,0,0,0,0,-1,0,0,0,-1,0,1,0
120,0,0,0,0,0,0,0,0,1,0,-1,0,1,-1,-1,0,1,1,0,0,0,0,0,1,0,0,1,0,0,-1,0,-1,0,0,0,0,1,0,0,0,1,-1,0,0,0,0,0,-1,0,-1,0,0,0,0,0,1,0,0,0,0,1,0,0,0
121,0,0,0,0,0,0,1,0,1,-1,0,1,0,-1,0,-1,1,0,1,0,-1,-1,0,0,0,0,-1,0,1,0,0,0,-1,0,0,1,0,0,-1,0,1,0,0,-1,-1,0,0,0,0,-1,0,-1,0,1,0,0,0,0,0,1,0,0,0,0
122,-1,0,0,-1,0,1,1,0,0,0,-1,0,-1,0,0,0,1,0,1,0,0,0,-1,0,0,0,0,-1,0,-1,0,0,0,1,1,0,0,0,1,0,-1,0,0,0,0,0,0,0,0,1,0,1,0,0,-1,0,0,0,0,0,0,1,0,0
123,0,0,0,0,0,0,0,1,0,0,0,0,0,1,0,1,0,-1,-1,0,1,-1,0,-1,0,0,-1,0,0,0,1,0,0,0,-1,0,0,0,0,0,1,0,0,-1,1,0,0,-1,1,1,0,1,0,-1,0,0,-1,0,0,0,0,1,1,0
124,0,0,-1,0,0,0,0,0,0,-1,0,0,0,0,0,0,0,-1,-1,1,1,0,0,0,0,1,0,-1,1,1,0,0,0,-1,0,0,0,0,0,1,1,0,1,0,0,1,0,0,0,1,-1,0,0,-1,0,1,-1,0,1,0,0,0,-1,0
125,0,0,1,1,1,-1,0,0,-1,0,0,0,0,0,1,-1,-1,0,1,0,1,1,0,-1,0,-1,0,-1,0,1,1,0,1,0,-1,0,0,0,0,0,-1,0,0,0,0,0,1,0,0,0,-1,-1,0,0,0,0,0,1,0,0,0,0,0,0
126,0,1,0,0,0,1,-1,0,0,1,1,0,0,0,1,0,0,0,0,0,0,0,-1,0,0,1,0,0,0,-1,0,-1,0,0,-1,0,-1,0,1,0,0,0,1,-1,0,0,0,1,0,-1,0,-1,-1,1,0,0,0,0,-1,0,-1,-1,1,0
127,1,0,-1,0,1,0,0,0,0,0,0,-1,0,0,0,0,-1,0,0,1,0,0,0,0,0,0,0,1,0,0,0,0,1,0,1,0,-1,0,1,-1,0,0,0,0,0,-1,0,0,0,0,1,0,0,1,1,0,0,0,0,0,0,-1,-1,0
128,0,0,0,0,-1,0,0,0,-1,0,0,0,0,0,1,0,0,0,0,0,0,0,0,0,0,0,0,0,1,0,0,-1,0,0,0,-1,0,0,0,1,-1,0,0,-1,1,0,0,-1,-1,0,0,0,1,0,0,0,-1,0,0,-1,0,0,-1,-1
129,0,-1,-1,0,0,0,-1,0,0,1,-1,-1,0,0,0,0,0,0,0,1,-1,-1,0,1,1,-1,0,0,-1,0,0,1,0,-1,0,0,0,0,1,0,0,0,0,1,0,-1,0,0,0,-1,0,0,0,0,0,0,0,1,0,1,-1,0,0,0
130,1,-1,1,0,0,0,-1,0,0,0,0,0,0,0,1,0,0,1,0,-1,0,0,-1,-1,0,1,-1,1,0,0,0,0,1,0,0,0,0,0,0,0,0,0,1,1,0,0,0,0,1,0,0,0,1,0,-1,0,-1,-1,0,0,0,1,0,-1
131,1,-1,0,0,1,1,0,1,-1,0,1,0,0,0,1,1,0,0,0,0,-1,-1,0,0,0,0,0,0,-1,0,-1,0,-1,0,1,0,0,1,0,0,-1,0,0,0,0,0,0,0,-1,0,0,1,0,1,1,0,0,1,0,0,0,1,0,0
132,0,1,1,-1,0,0,0,0,0,0,0,0,-1,0,0,0,0,0,0,0,0,0,-1,0,0,0,0,0,0,0,-1,0,0,1,1,-1,-1,0,0,0,0,0,-1,1,1,0,0,-1,1,0,0,0,1,1,0,0,-1,-1,0,1,-1,0,0,0
133,-1,0,0,1,-1,0,0,0,-1,0,0,-1,0,0,0,1,1,0,1,-1,-1,-1,0,0,0,0,-1,0,0,0,0,1,0,1,0,0,0,0,1,0,0,0,-1,0,0,0,0,0,0,1,0,0,0,0,0,-1,-1,0,0,0,1,1,0,1
134,-1,0,0,1,0,0,0,0,0,0,-1,0,0,-1,0,-1,-1,0,0,0,0,0,0,0,0,-1,0,-1,1,0,0,0,1,0,1,0,0,0,0,0,0,0,0,0,1,0,0,0,0,0,0,0,0,0,0,-1,1,0,0,0,1,0,0,-1
135,0,1,-1,0,-1,0,-1,0,0,-1,0,-1,1,-1,0,0,-1,-1,0,0,0,0,0,1,0,0,0,1,0,1,1,0,0,0,0,0,0,0,0,0,0,1,0,1,0,0,0,0,0,-1,0,-1,0,0,0,0,0,-1,1,-1,0,0,0,-1
136,0,0,1,0,0,0,1,0,0,0,0,-1,0,1,-1,0,-1,0,0,0,0,-1,-1,0,0,-1,1,0,0,-1,0,0,-1,0,1,0,-1,0,0,0,0,0,-1,1,0,0,-1,0,0,0,0,0,0,1,0,0,0,-1,0,0,0,-1,0,0
137,-1,0,1,0,1,0,0,0,1,0,0,0,-1,0,0,0,0,0,0,-1,-1,0,0,0,0,0,-1,0,0,1,0,0,0,0,-1,0,0,1,0,0,0,0,0,1,0,0,0,0,0,0,1,0,0,-1,1,0,1,0,0,0,0,-1,0,0
138,0,0,1,0,1,0,0,-1,1,0,0,-1,0,0,0,-1,1,1,-1,0,1,0,0,0,-1,0,0,-1,1,0,1,-1,0,-1,0,0,-1,0,0,0,0,-1,0,0,0,0,0,0,0,0,0,0,0,1,0,0,0,0,0,0,0,0,0,0
139,0,0,1,0,0,0,0,1,1,1,0,0,0,-1,0,1,1,0,0,0,-1,0,1,0,1,0,0,0,0,0,0,1,0,0,0,0,0,0,0,-1,0,-1,0,-1,0,1,0,0,0,0,0,0,0,1,1,0,0,0,0,0,0,0,0,1
140,0,0,-1,0,1,0,0,0,-1,0,-1,-1,0,0,0,0,0,0,0,-1,-1,0,0,0,-1,0,1,0,0,1,0,1,-1,-1,0,0,-1,0,0,1,0,0,0,0,0,0,0,0,0,0,0,1,-1,0,0,0,-1,0,0,1,0,0,-1,0
141,0,0,0,0,0,0,0,0,0,1,0,1,0,0,0,0,0,0,0,1,0,0,0,0,0,-1,0,0,0,-1,0,0,0,0,1,0,0,0,-1,0,-1,0,0,1,0,-1,0,-1,1,-1,0,-1,-1,0,0,0,-1,0,1,1,0,0,-1,1
142,0,-1,1,1,0,1,0,0,0,0,-1,0,-1,0,0,0,0,0,1,0,-1,0,0,-1,0,0,0,1,0,0,0,0,0,0,0,0,0,0,1,-1,-1,0,0,0,0,0,1,1,0,0,0,-1,0,-1,0,0,1,0,0,0,-1,1,-1,1
143,1,0,0,-1,0,0,0,0,0,0,0,0,1,-1,-1,0,0,0,-1,1,-1,0,0,1,0,0,0,1,0,0,0,1,0,0,0,0,0,-1,0,1,0,0,0,1,0,0,0,-1,1,0,0,0,0,1,0,-1,0,0,0,0,0,0,0,0
144,1,0,-1,-1,-1,-1,0,0,0,0,0,0,0,1,0,1,0,0,1,0,-1,0,0,-1,-1,0,0,-1,0,0,0,0,-1,0,0,0,-1,0,-1,0,1,0,1,1,0,0,1,0,0,-1,1,0,0,0,-1,0,-1,0,-1,-1,0,0,0,0
145,0,0,0,1,0,0,0,0,0,0,0,0,0,0,0,0,0,0,0,-1,0,0,-1,1,0,0,0,0,0,0,-1,0,0,0,0,0,-1,0,0,0,-1,0,0,0,0,0,0,1,0,0,0,0,0,-1,1,0,1,0,0,0,1,0,0,0
146,0,1,0,0,0,1,0,1,0,0,1,0,1,0,0,-1,1,0,-1,0,0,0,0,-1,0,0,-1,-1,0,-1,-1,0,0,0,0,0,1,1,0,0,0,1,0,0,-1,0,0,0,1,-1,1,1,0,-1,1,1,0,0,0,0,0,0,0,0
147,0,0,-1,-1,0,-1,0,0,0,0,-1,0,0,0,0,0,-1,0,0,0,1,0,0,0,0,0,0,0,0,0,0,0,-1,0,0,0,1,1,0,0,0,-1,0,0,0,0,0,0,0,0,-1,-1,0,-1,1,0,0,-1,1,0,1,1,0,-1
148,0,0,0,0,0,0,0,0,1,0,0,0,-1,0,1,0,0,0,0,0,0,0,1,0,1,-1,0,0,0,0,0,1,0,-1,0,0,0,0,0,0,0,0,0,1,-1,-1,0,0,0,0,1,1,-1,0,0,1,-1,0,-1,0,1,0,1,0
149,0,0,0,0,1,0,1,0,0,0,0,-1,1,0,-1,0,0,-1,0,1,0,0,-1,-1,0,0,0,-1,1,0,0,1,0,0,0,1,1,-1,-1,1,0,0,0,0,0,0,0,1,0,0,0,0,1,0,0,0,0,1,1,0,0,-1,0,-1
150,0,0,1,0,0,0,0,0,-1,0,0,1,-1,0,0,0,1,0,0,0,1,0,1,0,1,-1,-1,-1,0,0,0,0,1,0,1,0,1,0,0,0,0,0,0,0,-1,0,0,0,-1,1,-1,0,1,-1,1,0,0,0,0,0,1,0,0,0
151,0,-1,0,1,0,0,0,0,0,0,-1,0,-1,1,0,-1,-1,0,0,-1,0,0,0,0,0,0,-1,0,0,-1,0,-1,0,1,-1,0,0,0,1,-1,1,1,1,0,0,0,0,0,0,0,0,0,1,0,0,0,0,1,0,0,0,0,0,0
152,1,0,0,0,0,0,0,0,1,0,1,0,0,0,-1,0,0,0,0,0,0,0,-1,0,-1,0,0,0,1,0,0,0,-1,1,0,-1,0,0,0,0,0,0,1,0,0,1,-1,0,1,-1,0,-1,0,0,1,0,-1,1,0,0,-1,0,0,-1
153,1,0,-1,0,0,1,0,-1,0,0,0,0,-1,1,0,-1,0,1,0,0,0,0,0,0,-1,-1,0,0,0,0,0,1,0,1,0,0,0,0,0,0,0,0,-1,0,0,0,0,0,0,0,0,-1,0,0,0,0,0,1,0,0,0,1,0,0
154,0,0,0,1,0,0,0,0,0,0,1,0,0,0,0,0,-1,0,0,0,0,0,-1,1,0,0,0,0,1,1,0,0,0,-1,0,0,0,0,0,0,0,0,0,0,1,0,0,0,-1,0,1,1,-1,0,-1,0,0,0,0,0,-1,0,1,1
155,1,0,0,0,0,0,1,1,-1,0,0,0,0,0,0,0,0,0,1,0,-1,0,0,0,0,0,-1,0,0,0,0,-1,0,0,0,0,0,-1,0,-1,1,1,1,-1,1,0,-1,0,1,0,0,0,-1,-1,1,1,0,1,0,1,0,1,-1,0
156,0,0,0,0,-1,-1,1,1,-1,0,0,0,0,-1,0,0,0,0,0,-1,0,0,1,-1,1,1,0,0,0,0,1,0,-1,0,-1,-1,0,-1,1,0,0,0,1,0,-1,0,1,-1,0,1,0,0,0,1,1,1,0,0,0,0,0,0,0,0
157,0,0,-1,0,-1,1,0,0,0,1,-1,0,0,1,0,0,0,0,0,0,0,0,0,0,0,0,0,0,0,0,0,0,1,0,0,0,1,0,0,0,1,-1,1,-1,0,-1,-1,1,-1,1,0,0,0,0,0,0,0,-1,0,0,0,0,0,0
158,0,-1,0,0,0,0,0,0,0,0,0,0,-1,1,-1,0,1,1,0,-1,0,0,0,0,1,0,0,0,0,0,0,0,0,0,0,0,1,0,0,1,0,0,0,0,-1,0,0,0,0,0,0,-1,0,0,0,0,0,0,0,0,0,-1,-1,0
159,0,0,0,0,0,-1,0,1,-1,0,1,0,0,-1,0,0,0,1,1,0,0,-1,-1,0,0,0,0,-1,0,0,0,-1,0,0,1,0,-1,1,0,-1,0,0,1,0,0,0,0,0,1,0,-1,-1,0,-1,0,0,1,0,0,0,0,-1,0,0
160,0,0,0,0,0,1,-1,0,0,0,0,0,0,1,0,0,0,0,0,0,-1,0,1,0,0,-1,0,0,0,0,1,0,-1,-1,0,1,0,0,0,0,0,0,1,0,0,-1,0,0,0,0,0,0,0,0,0,0,0,1,1,-1,1,0,0,0
161,0,0,0,0,0,0,-1,-1,0,-1,0,-1,1,0,0,0,0,0,0,0,0,0,0,0,0,1,0,0,0,0,0,0,-1,0,0,1,0,0,0,-1,1,0,0,0,0,-1,0,0,0,0,0,0,1,0,0,-1,0,1,0,0,0,0,1,0
162,0,0,0,0,0,0,0,0,0,0,0,1,0,1,0,0,0,0,0,0,0,0,-1,-1,-1,0,-1,0,0,0,0,0,-1,-1,0,0,0,-1,0,0,1,1,0,0,0,0,1,0,0,-1,0,0,1,0,0,0,0,-1,0,0,1,-1,0,1
163,0,0,0,1,0,0,0,0,-1,-1,0,1,0,0,0,0,0,-1,0,0,-1,0,-1,0,-1,0,-1,-1,0,0,0,0,0,0,0,0,1,-1,0,0,0,0,0,1,-1,-1,0,1,0,1,0,0,-1,-1,0,0,-1,-1,0,0,0,0,1,0
164,0,0,1,0,0,-1,0,0,-1,1,-1,1,0,1,1,0,1,0,1,1,0,0,0,0,0,0,0,1,0,0,0,0,-1,0,0,0,0,0,0,0,0,0,-1,1,0,1,-1,0,0,0,1,1,0,0,1,1,0,1,1,-1,-1,0,0,0
165,0,0,0,-1,0,0,1,0,0,0,0,-1,-1,0,1,0,0,0,0,1,0,-1,0,0,0,0,0,0,0,0,0,-1,0,0,0,-1,0,-1,0,0,-1,0,0,0,-1,-1,-1,1,0,-1,0,0,1,0,0,1,0,0,0,0,0,0,-1,0
166,0,0,-1,0,-1,0,-1,0,0,0,0,1,0,0,0,0,0,0,1,0,0,0,0,0,-1,0,1,0,0,0,0,0,0,0,0,0,0,-1,0,0,0,0,0,-1,1,0,1,0,-1,-1,0,-1,0,1,1,0,1,0,0,0,1,0,1,0
167,0,0,0,0,1,0,1,0,0,-1,0,0,-1,0,0,0,0,-1,-1,0,0,0,0,0,0,0,0,-1,0,0,0,0,-1,0,0,1,1,1,0,-1,1,0,0,0,0,0,0,-1,1,0,0,0,-1,0,0,-1,0,1,-1,0,0,0,0,0
168,0,1,0,-1,0,1,0,0,0,-1,0,0,0,1,-1,0,0,1,1,1,-1,-1,0,0,-1,-1,-1,-1,0,0,0,1,0,0,-1,0,0,-1,0,0,0,0,0,0,-1,0,0,0,0,-1,-1,0,1,1,-1,0,1,0,-1,1,0,0,1,0
169,0,1,1,-1,0,1,0,0,-1,0,0,-1,0,1,0,0,0,0,0,0,1,0,-1,-1,1,0,0,-1,0,0,0,-1,0,0,0,1,0,0,0,0,0,1,0,0,0,1,0,1,0,0,0,0,0,0,0,0,0,0,1,1,0,1,0,0
170,0,-1,0,0,0,0,0,1,0,0,-1,1,0,0,-1,1,0,1,0,0,1,0,0,0,0,1,-1,1,0,-1,0,0,0,0,1,0,0,0,-1,1,0,0,-1,0,1,0,0,1,0,0,1,0,0,0,1,1,0,-1,-1,0,-1,-1,-1,0
171,0,0,0,0,1,-1,0,0,-1,0,1,-1,-1,0,0,0,0,-1,-1,0,0,0,0,0,-1,1,-1,-1,-1,0,1,0,-1,0,0,0,0,1,1,0,0,-1,0,-1,0,0,0,0,0,0,0,0,0,0,-1,0,0,0,0,0,0,-1,0,0
172,1,0,-1,1,0,0,0,0,-1,1,0,0,-1,0,0,0,0,0,0,0,0,0,-1,0,1,0,0,-1,0,-1,0,-1,0,0,-1,0,0,0,0,1,0,0,0,0,0,0,0,0,0,1,-1,0,0,0,0,1,0,0,0,1,0,0,0,0
173,0,0,0,0,0,-1,0,0,0,1,0,-1,0,0,0,0,0,0,0,-1,1,-1,0,0,1,0,1,-1,0,0,0,0,-1,0,0,0,-1,0,-1,1,0,0,0,0,0,1,0,0,0,0,0,-1,0,0,0,0,1,0,0,0,0,-1,0,0
174,0,0,0,0,1,0,0,-1,0,0,1,1,0,0,-1,0,0,-1,0,1,0,0,0,0,-1,-1,0,0,-1,0,0,0,0,1,0,0,0,0,1,0,0,0,0,0,-1,1,1,1,-1,0,0,0,0,1,1,0,0,-1,1,0,-1,1,0,1
175,1,1,-1,0,0,-1,0,1,0,0,0,0,-1,0,0,0,-1,0,0,-1,0,-1,0,0,0,-1,0,0,1,0,0,0,0,0,0,0,0,0,1,0,0,0,0,0,1,0,0,1,0,0,0,0,0,0,0,-1,0,1,0,0,0,0,0,0
176,0,0,-1,-1,0,-1,0,1,0,0,0,-1,0,0,0,1,-1,0,0,1,1,0,0,0,1,-1,0,0,0,0,0,0,-1,0,1,0,1,0,0,1,0,0,1,0,1,0,0,0,-1,0,0,1,0,-1,0,-1,1,0,1,0,1,0,0,0
177,0,1,0,1,0,0,-1,0,0,1,1,0,0,0,0,0,0,0,1,0,1,0,1,1,0,-1,0,0,-1,0,0,0,0,0,0,1,1,0,0,0,0,-1,0,-1,1,0,0,0,1,-1,0,0,0,1,0,-1,1,0,0,-1,0,-1,1,0
178,1,0,-1,0,1,0,0,0,0,0,-1,0,0,1,1,-1,0,0,1,0,0,1,0,0,0,0,0,0,-1,1,1,0,0,0,1,0,0,-1,0,0,1,0,0,1,0,0,1,0,0,0,0,1,1,-1,0,1,0,0,0,0,0,0,0,1
179,0,0,0,1,1,1,0,0,0,0,0,0,0,-1,0,0,0,0,0,0,0,-1,0,0,0,0,0,0,-1,1,1,0,0,0,-1,0,0,0,0,1,-1,0,-1,0,0,0,-1,0,-1,0,0,0,0,-1,0,0,0,0,0,0,0,0,0,1
180,0,0,1,0,0,1,1,0,0,0,1,0,0,1,-1,0,0,0,0,-1,0,-1,0,1,0,0,0,-1,0,0,-1,0,-1,-1,0,-1,0,0,0,0,0,0,0,0,0,-1,0,1,0,0,0,1,0,1,0,0,1,-1,-1,0,1,0,1,0
181,-1,0,-1,1,0,0,0,-1,-1,-1,-1,0,0,1,0,1,0,0,-1,0,0,0,-1,0,1,0,0,0,-1,0,1,1,0,0,0,1,0,0,0,0,0,-1,0,0,0,-1,0,0,0,0,0,0,1,-1,1,0,0,1,0,1,0,1,0,-1
182,0,0,0,0,-1,1,0,0,-1,0,-1,-1,0,0,0,-1,-1,0,0,0,0,0,0,-1,0,0,1,0,0,0,0,-1,0,0,0,1,0,0,0,1,0,0,0,1,-1,0,0,0,0,-1,1,-1,-1,0,1,1,0,0,0,0,0,0,0,0
183,0,0,1,-1,1,0,0,0,0,0,0,-1,1,0,1,0,-1,0,0,0,0,0,0,0,0,0,1,0,0,0,1,0,1,-1,0,0,1,-1,0,0,0,0,0,0,0,0,1,-1,1,1,1,-1,0,0,0,0,0,-1,0,-1,0,0,0,0
184,1,0,0,1,0,1,-1,1,1,0,0,0,1,0,1,1,0,0,0,-1,-1,0,0,1,0,0,-1,1,0,0,0,0,0,1,0,1,0,0,-1,1,-1,0,0,0,-1,0,0,1,1,0,0,0,-1,0,0,-1,0,0,-1,1,1,0,1,1
185,0,0,-1,-1,0,0,0,-1,0,0,1,0,-1,0,0,0,1,0,0,0,0,0,0,1,0,0,-1,0,1,0,0,0,1,0,-1,1,0,0,0,-1,1,-1,-1,1,-1,1,0,-1,1,0,0,0,-1,0,0,0,0,-1,-1,0,0,0,0,1
186,0,0,0,-1,0,0,0,0,0,0,0,1,0,1,0,0,0,0,0,0,1,0,-1,0,0,-1,0,1,0,-1,1,0,0,0,0,0,0,-1,1,-1,-1,-1,-1,0,0,0,-1,0,1,1,1,1,0,0,1,1,0,-1,1,0,0,0,0,0
187,0,1,-1,1,1,1,1,0,1,0,0,0,-1,0,0,1,0,0,0,0,0,0,0,0,0,0,-1,-1,1,0,1,0,-1,-1,1,0,0,-1,-1,-1,0,0,0,0,0,0,0,0,0,-1,0,0,1,1,0,-1,0,0,0,0,0,0,1,0
188,0,0,0,0,0,1,0,0,0,-1,0,0,0,0,0,1,0,0,0,0,-1,0,-1,1,-1,0,0,0,0,0,0,1,0,0,0,0,1,0,0,0,0,0,0,1,1,1,1,0,0,1,0,-1,-1,-1,0,1,0,0,0,0,-1,0,0,0
189,0,1,-1,0,1,-1,-1,1,-1,0,0,0,0,0,0,0,-1,0,-1,0,0,0,0,1,0,0,0,-1,0,0,0,-1,-1,0,0,0,0,1,-1,0,0,0,0,0,0,1,-1,0,0,0,0,0,0,0,-1,0,0,0,-1,-1,-1,1,0,1
190,0,0,0,-1,0,1,1,1,0,0,1,0,0,0,0,0,0,0,1,-1,-1,1,0,0,0,0,0,1,0,0,0,-1,0,1,1,0,0,0,0,0,0,0,0,0,0,0,0,0,0,0,0,0,0,0,0,1,0,1,-1,-1,0,0,1,0
191,-1,0,0,0,0,-1,0,1,-1,0,0,0,-1,0,0,0,0,0,0,0,0,0,0,1,-1,-1,1,1,0,0,1,0,-1,0,1,-1,0,-1,0,-1,0,0,0,1,0,0,1,0,0,1,0,0,0,0,0,0,0,0,0,-1,-1,0,0,1
192,0,1,-1,0,-1,0,0,1,0,0,0,0,0,-1,-1,-1,0,0,-1,1,1,0,0,1,0,0,0,0,0,0,0,0,0,0,0,-1,-1,0,-1,0,0,0,1,0,0,-1,0,-1,-1,0,0,0,0,0,1,1,0,0,0,0,0,0,0,-1
193,0,0,0,0,0,0,0,-1,-1,1,0,0,1,0,0,1,0,0,0,0,0,0,0,-1,0,-1,1,0,-1,0,0,0,0,1,0,0,0,0,0,0,-1,0,0,0,1,1,1,0,1,0,0,1,1,0,-1,0,1,0,0,0,-1,-1,1,0
194,1,0,0,0,0,1,-1,1,0,0,0,-1,-1,-1,-1,-1,0,0,0,0,-1,1,0,-1,-1,0,0,-1,-1,0,-1,1,0,0,0,-1,0,1,0,0,-1,0,0,0,0,-1,0,0,-1,0,0,-1,0,0,-1,0,0,0,0,0,0,0,0,-1
195,0,0,-1,0,0,0,0,1,0,0,0,0,0,0,0,0,0,-1,0,1,1,-1,-1,1,-1,-1,0,0,-1,0,0,0,-1,0,1,1,0,-1,0,0,0,1,1,0,0,0,0,0,0,0,1,0,0,0,1,0,0,1,0,0,0,1,0,1
196,-1,0,0,-1,-1,0,1,0,0,1,1,-1,0,0,0,0,0,0,0,1,-1,0,0,0,0,0,0,1,0,0,0,1,0,0,0,0,1,1,0,0,0,0,0,-1,-1,0,0,0,0,0,0,0,0,-1,0,0,0,0,0,0,0,0,0,0
197,0,0,-1,0,0,0,1,0,0,0,0,0,1,0,0,-1,0,0,0,-1,0,-1,0,0,0,0,0,0,0,0,1,0,1,0,0,-1,0,0,0,0,0,0,-1,0,0,0,0,0,-1,0,1,0,-1,0,1,0,0,-1,0,0,0,-1,0,1
198,0,0,1,0,0,0,0,1,0,0,0,0,1,0,0,0,0,1,1,0,0,0,0,0,-1,1,0,0,-1,0,0,0,1,0,0,-1,1,1,0,1,0,0,-1,0,0,0,0,0,0,-1,1,0,1,0,0,0,0,-1,1,0,1,0,-1,0
199,0,0,0,0,0,0,0,0,0,0,0,0,0,1,-1,0,0,0,0,0,-1,-1,0,0,-1,0,-1,0,1,-1,-1,-1,-1,-1,0,-1,-1,0,0,-1,0,0,1,-1,0,0,1,1,-1,0,-1,0,0,1,0,0,0,-1,0,0,0,0,0,0
200,0,0,0,0,0,0,0,-1,0,0,0,0,1,1,0,0,0,0,0,0,-1,-1,0,0,0,1,-1,1,0,0,1,0,0,1,0,0,0,0,0,0,0,-1,-1,0,0,0,1,0,1,1,0,-1,1,1,1,-1,1,1,1,0,0,0,1,0
201,0,0,1,0,0,0,0,-1,0,-1,0,0,0,-1,0,0,0,1,0,0,0,-1,0,0,0,-1,1,0,1,0,0,0,0,1,1,0,1,0,0,0,1,0,0,0,1,0,0,-1,0,0,0,0,0,0,0,0,0,0,-1,0,0,0,0,1
202,0,0,0,0,1,0,-1,0,0,0,-1,0,0,1,0,0,0,0,1,-1,0,1,0,0,0,0,-1,0,0,0,1,0,0,0,0,1,0,-1,0,0,-1,0,0,0,0,1,0,0,1,0,0,0,0,1,0,0,0,-1,1,0,0,1,0,0
203,1,0,0,-1,0,1,0,0,0,0,-1,0,-1,1,0,0,0,1,0,0,1,0,0,1,0,0,0,0,-1,1,0,0,0,0,0,0,1,0,0,0,0,-1,-1,0,0,1,0,0,0,0,0,1,0,0,0,-1,0,-1,-1,0,0,0,-1,1
204,0,-1,0,0,1,1,0,0,0,0,0,0,0,0,0,0,0,0,1,0,0,0,0,-1,0,0,0,0,0,1,0,1,0,0,0,0,1,-1,1,-1,0,1,0,1,0,0,0,-1,0,-1,-1,1,-1,-1,0,0,-1,0,0,0,0,0,0,1
205,0,0,0,0,0,-1,0,-1,0,-1,0,1,0,0,0,1,0,0,0,0,-1,0,0,-1,1,0,0,-1,0,0,1,1,0,0,0,0,0,0,1,0,1,0,0,0,0,0,-1,-1,0,0,0,0,1,-1,0,0,0,0,1,-1,1,0,0,1
206,-1,0,1,0,0,0,0,0,0,0,0,1,0,0,0,-1,-1,0,0,0,0,1,0,1,0,0,0,0,0,-1,0,0,-1,0,0,0,0,0,0,0,1,1,0,0,0,0,0,0,0,-1,0,0,0,0,0,0,-1,-1,0,1,1,0,0,-1
207,0,1,-1,-1,0,-1,0,-1,0,-1,0,0,-1,0,0,0,0,0,0,0,0,-1,0,-1,0,0,1,0,1,0,0,1,0,0,0,1,-1,0,0,1,-1,-1,0,-1,0,0,0,0,0,0,0,0,-1,-1,0,1,0,0,1,1,0,-1,0,0
208,-1,0,0,1,1,0,1,0,0,0,0,-1,1,0,0,0,0,0,-1,-1,0,0,-1,0,0,0,-1,-1,0,0,0,0,0,-1,1,0,0,1,0,0,0,0,0,0,0,1,0,-1,0,0,-1,0,0,-1,0,0,1,0,0,0,0,0,0,0
209,0,-1,0,1,0,0,0,0,0,0,1,0,0,-1,0,0,0,0,0,0,0,0,-1,0,-1,-1,1,1,0,0,0,-1,0,0,0,-1,0,0,0,1,1,1,0,0,0,0,0,1,0,1,0,0,1,-1,0,0,0,1,1,0,0,0,0,0
210,1,0,0,-1,0,1,0,0,-1,0,0,0,0,-1,-1,-1,0,-1,-1,0,0,0,1,0,1,-1,0,0,0,0,0,1,0,-1,0,0,0,0,0,0,0,-1,0,1,0,0,1,1,1,0,0,1,0,0,0,1,0,0,0,0,0,0,0,0
211,-1,0,0,0,0,0,0,0,1,0,-1,0,0,0,0,0,0,-1,1,1,0,1,1,0,-1,0,0,0,-1,0,1,-1,1,0,0,0,0,1,-1,-1,1,-1,0,0,0,0,0,1,0,0,1,-1,0,0,0,0,0,-1,0,0,-1,-1,0,-1
212,0,0,0,0,0,0,-1,-1,0,0,0,0,0,0,1,1,-1,0,-1,1,0,0,1,1,1,0,0,1,1,0,0,0,0,0,0,0,0,0,1,-1,0,0,0,0,1,0,0,0,0,-1,1,0,-1,0,-1,1,0,0,0,1,1,1,0,0
213,0,0,0,0,1,0,0,0,1,0,1,0,0,0,-1,1,0,-1,0,0,1,1,0,1,0,0,0,1,0,0,0,0,0,0,-1,0,0,-1,0,0,1,1,0,0,1,-1,-1,0,0,0,1,-1,0,1,0,0,0,-1,1,1,0,-1,1,1
214,0,1,-1,0,0,1,1,0,-1,1,0,0,0,0,0,0,0,0,1,0,0,0,0,1,0,0,0,0,0,0,-1,1,1,1,1,0,0,0,0,-1,1,1,1,0,1,-1,1,0,0,1,-1,0,0,0,0,0,0,0,0,0,1,1,0,-1
215,0,-1,0,0,0,0,0,0,0,0,1,1,-1,0,0,0,0,1,0,0,1,0,0,0,0,0,0,-1,0,0,0,0,-1,1,0,-1,0,0,0,0,0,1,0,0,0,0,1,0,0,1,0,-1,0,-1,0,0,0,1,0,0,0,0,-1,-1
216,0,0,0,-1,0,0,0,1,0,0,-1,1,-1,0,1,0,0,0,1,0,1,0,-1,1,0,0,0,-1,0,-1,0,1,-1,0,0,0,0,-1,0,0,0,-1,0,-1,0,-1,1,0,0,-1,1,0,0,1,-1,0,-1,0,-1,0,0,0,-1,1
217,0,0,0,0,-1,0,1,0,0,0,0,0,1,-1,1,1,0,0,0,0,0,-1,1,1,0,1,1,0,-1,1,0,0,-1,0,0,0,0,0,1,0,0,0,0,0,1,0,1,0,-1,-1,0,0,0,1,0,0,0,1,0,1,0,0,0,0
218,0,0,-1,0,0,0,0,0,0,1,0,0,1,0,0,0,1,0,0,-1,0,0,0,0,0,0,0,0,0,0,1,1,0,0,1,0,0,-1,0,-1,0,0,1,1,1,0,-1,0,0,-1,0,0,-1,0,-1,0,0,-1,0,1,0,0,0,0
219,0,0,-1,-1,1,1,0,-1,-1,0,1,-1,0,0,0,1,0,1,0,0,0,0,-1,0,-1,-1,0,0,0,0,0,0,0,-1,0,0,-1,-1,0,-1,1,0,0,0,-1,1,0,0,0,1,1,0,0,0,0,1,-1,1,0,0,-1,-1,-1,0
220,1,0,1,1,-1,-1,0,-1,-1,-1,0,0,-1,0,0,0,1,0,-1,1,0,1,-1,-1,1,-1,0,-1,0,0,0,0,0,-1,1,0,1,0,0,0,1,1,-1,-1,-1,-1,0,0,0,0,0,-1,0,0,-1,0,-1,-1,0,-1,0,0,0,1
221,1,0,0,-1,1,0,0,0,0,0,0,0,0,-1,0,0,0,-1,0,0,1,0,1,0,0,0,-1,1,0,0,0,-1,0,0,0,1,0,-1,0,0,-1,0,1,0,1,0,0,0,0,1,0,0,1,-1,-1,-1,0,0,0,0,0,0,-1,-1
222,0,0,0,0,0,1,-1,1,0,-1,0,-1,0,0,0,0,0,1,1,1,-1,1,0,1,0,0,0,0,0,-1,0,0,0,0,0,0,0,-1,0,0,0,0,-1,0,0,0,0,0,0,0,0,0,0,0,0,1,1,-1,1,0,1,-1,0,0
223,-1,0,0,0,0,0,-1,0,-1,0,0,0,0,0,0,0,1,1,1,0,-1,0,-1,0,-1,0,0,0,1,0,0,0,-1,1,1,0,0,1,1,1,0,1,0,0,0,0,-1,1,0,0,0,0,0,0,0,0,1,-1,-1,0,0,1,0,1
224,-1,1,0,0,0,0,0,-1,1,0,0,-1,0,0,-1,0,-1,-1,0,0,-1,0,0,0,-1,1,1,-1,0,0,0,0,0,0,0,1,-1,0,-1,0,0,0,-1,0,-1,1,0,0,-1,0,0,0,0,0,0,-1,0,0,0,-1,1,0,0,0
225,0,0,0,0,-1,0,-1,-1,0,0,0,-1,0,0,0,0,0,0,0,0,1,1,0,0,0,0,0,0,-1,0,1,0,0,-1,0,0,1,0,0,0,0,1,1,0,0,0,1,-1,1,0,-1,0,0,0,0,0,1,0,0,-1,0,-1,-1,-1
226,-1,0,-1,0,1,1,0,0,0,0,-1,1,-1,1,0,0,1,-1,0,0,0,0,0,0,0,0,1,0,0,1,0,0,-1,-1,-1,1,-1,-1,0,0,1,-1,1,0,1,0,0,0,0,0,0,0,-1,0,0,0,0,0,0,0,0,1,0,0
227,0,0,0,0,-1,0,0,-1,-1,0,-1,-1,0,0,1,-1,0,0,0,0,0,0,0,0,-1,0,0,0,0,0,0,1,0,0,1,0,0,0,1,-1,-1,1,0,0,0,0,0,0,0,1,0,1,0,0,0,0,0,0,0,0,1,0,-1,0
228,-1,0,0,0,1,0,0,-1,-1,-1,0,0,0,0,-1,-1,0,-1,0,0,-1,-1,1,0,-1,-1,-1,-1,-1,0,0,0,0,0,1,0,-1,0,-1,-1,0,1,0,0,0,0,-1,-1,0,0,0,0,1,0,0,1,-1,0,1,0,-1,1,-1,-1
229,0,0,0,0,0,0,1,0,0,1,0,0,0,0,-1,0,1,0,0,1,0,-1,0,0,0,0,0,0,0,0,0,0,0,1,0,0,0,0,0,-1,-1,0,0,-1,-1,-1,0,0,1,-1,0,0,0,0,-1,-1,1,0,0,-1,0,1,0,0
230,0,-1,0,0,0,1,0,0,0,0,0,1,0,-1,0,0,0,0,0,0,-1,-1,0,-1,1,0,-1,0,1,0,0,0,0,-1,0,0,-1,0,1,0,1,0,-1,1,0,0,0,-1,0,1,1,0,0,0,1,-1,0,0,0,0,1,0,0,0
231,0,0,0,0,0,0,0,0,0,0,-1,0,0,0,0,0,0,1,0,0,0,1,1,1,0,1,1,0,0,0,0,1,0,0,-1,0,0,1,0,0,0,0,0,0,-1,0,0,-1,0,0,0,0,1,0,-1,-1,0,0,0,0,0,1,1,0
232,0,1,1,0,0,0,-1,0,0,1,0,0,0,0,1,-1,1,0,0,1,1,1,0,1,0,0,0,0,0,0,1,0,0,0,0,0,1,1,-1,0,-1,0,1,0,0,1,1,1,0,0,-1,0,0,0,0,1,0,0,0,0,0,-1,0,0
233,0,0,0,0,0,0,-1,-1,0,0,0,1,-1,0,0,0,0,0,0,0,1,0,0,-1,0,0,1,0,-1,0,-1,0,0,0,0,0,1,0,0,-1,-1,0,0,1,1,0,0,0,-1,0,0,-1,0,0,0,1,-1,-1,0,0,-1,0,0,0
234,1,1,0,0,-1,-1,0,0,0,0,0,0,1,0,-1,0,-1,0,-1,-1,1,0,0,0,1,0,0,1,1,1,1,1,0,0,1,0,1,0,0,0,-1,0,0,0,0,1,1,0,-1,0,-1,-1,0,1,-1,1,0,-1,0,-1,0,0,0,0
235,0,1,0,0,0,0,-1,0,0,1,0,0,0,0,1,1,0,0,0,0,-1,0,0,0,0,0,0,0,1,0,-1,0,0,0,0,0,0,0,0,0,1,0,-1,1,0,0,-1,0,1,0,-1,0,0,-1,0,1,1,0,1,-1,0,1,0,1
236,0,1,0,0,0,-1,0,0,0,1,0,-1,0,0,0,0,0,0,0,-1,0,0,0,0,-1,1,0,0,0,0,1,0,1,1,0,1,-1,0,-1,0,0,0,0,0,0,1,0,1,0,0,1,-1,0,1,-1,1,0,-1,-1,0,-1,0,-1,0
237,-1,0,0,-1,1,0,-1,0,0,-1,0,-1,0,0,-1,0,0,0,0,0,-1,0,1,1,0,0,1,-1,0,0,-1,1,0,-1,0,0,0,0,0,1,0,0,0,0,0,0,0,0,0,0,0,0,0,-1,1,-1,0,0,0,0,0,0,0,0
238,0,0,0,1,0,-1,0,0,0,0,0,0,-1,0,0,0,1,-1,1,0,0,1,0,0,0,0,0,0,0,1,-1,0,1,1,0,-1,0,0,0,-1,-1,0,0,0,-1,0,0,0,0,0,0,0,0,-1,0,0,0,0,1,-1,0,0,0,0
239,-1,0,0,0,1,0,1,-1,0,0,0,0,-1,0,0,0,0,-1,0,0,-1,0,0,1,0,1,0,0,0,0,0,0,1,0,1,0,0,-1,1,1,0,0,-1,1,0,0,1,-1,0,-1,1,0,0,1,0,0,0,-1,1,0,-1,-1,-1,0
240,1,0,0,-1,0,-1,-1,0,0,-1,0,0,-1,1,0,0,-1,0,1,1,1,0,1,0,0,-1,-1,0,1,0,-1,0,0,0,-1,0,0,0,0,0,0,0,0,0,1,1,0,0,0,0,1,1,1,1,0,1,-1,0,0,0,0,0,0,0
241,0,-1,0,0,1,1,0,1,1,1,0,0,0,-1,-1,0,0,0,0,0,1,0,0,-1,0,0,0,0,1,0,1,-1,0,1,0,0,0,0,0,1,0,0,0,0,1,0,0,0,0,0,0,1,0,0,0,-1,0,0,-1,0,0,0,0,0
242,0,-1,-1,0,0,1,0,1,0,0,0,0,0,0,-1,0,0,0,1,0,0,0,-1,0,0,0,0,0,-1,0,1,0,-1,0,0,1,-1,0,0,0,-1,1,0,0,0,-1,0,-1,-1,0,0,1,0,0,0,-1,0,1,0,0,0,-1,0,0
243,0,0,1,0,0,1,0,0,0,-1,1,-1,0,-1,-1,0,0,1,0,0,0,0,0,0,-1,0,1,0,-1,-1,-1,0,0,1,0,1,0,0,-1,0,-1,0,0,0,-1,0,0,0,0,1,1,-1,0,0,-1,0,1,0,1,0,1,1,0,0
244,0,0,0,1,0,0,0,0,0,0,0,0,0,0,0,0,1,0,0,1,0,0,0,0,-1,0,0,0,0,0,0,0,0,-1,0,0,-1,0,1,0,0,0,0,0,1,0,0,0,0,0,-1,0,0,0,0,1,-1,1,0,-1,0,0,0,0
245,0,1,0,-1,0,0,0,1,0,1,0,0,0,0,0,1,-1,1,1,0,0,0,0,0,0,-1,0,1,0,0,-1,1,0,0,0,0,0,0,0,-1,0,-1,0,1,1,0,0,0,0,0,1,0,-1,0,0,-1,1,0,-1,0,0,0,-1,0
246,0,0,0,0,-1,1,1,-1,0,1,0,0,1,0,0,-1,0,0,0,-1,1,0,0,-1,1,-1,0,0,1,0,0,0,0,0,0,0,0,0,0,0,0,0,1,0,0,0,0,0,0,0,0,0,0,0,-1,0,0,0,-1,0,0,0,0,0
247,0,1,0,0,-1,0,0,0,0,0,0,0,0,0,0,0,0,1,0,1,1,-1,0,0,0,1,-1,-1,0,0,0,0,-1,0,0,0,-1,0,0,0,0,0,-1,0,0,0,-1,0,0,-1,0,0,0,0,1,0,1,0,0,0,0,-1,1,0
248,1,-1,-1,0,0,0,1,0,0,0,-1,1,-1,1,1,0,0,0,0,0,-1,0,1,0,0,0,0,0,-1,1,0,0,0,1,1,-1,0,0,0,0,1,0,-1,-1,1,-1,0,0,0,-1,0,-1,1,0,-1,0,0,0,0,0,-1,-1,0,0
249,0,0,-1,0,0,0,1,0,0,0,0,0,0,0,0,1,0,-1,0,0,1,0,-1,0,0,-1,0,0,0,0,0,0,0,0,1,0,-1,-1,0,0,0,0,0,0,0,0,1,0,0,1,0,0,0,1,1,1,-1,0,0,0,1,0,0,0
250,1,0,0,0,0,0,0,0,-1,-1,0,0,1,0,0,0,0,-1,0,0,0,0,1,0,-1,-1,-1,0,0,0,0,-1,1,0,1,0,0,0,1,0,-1,0,0,0,-1,-1,0,0,0,-1,0,-1,-1,0,1,0,0,0,0,0,0,1,0,0
251,0,0,-1,0,1,1,1,0,0,1,1,0,-1,0,0,1,0,0,1,1,0,0,0,1,0,0,1,-1,0,0,0,-1,-1,1,0,0,0,-1,0,0,0,-1,1,1,-1,-1,0,1,0,0,0,-1,1,1,0,0,0,0,-1,0,0,0,0,1
252,-1,-1,0,0,1,0,-1,0,0,0,0,-1,-1,0,1,0,0,0,0,0,0,1,-1,1,0,1,0,1,0,0,0,0,0,0,0,-1,0,0,1,1,0,0,-1,0,-1,-1,0,1,0,0,0,0,0,0,1,0,1,0,0,0,0,1,0,-1
253,1,0,0,0,0,0,1,0,0,0,-1,-1,-1,0,0,0,0,0,1,0,1,1,0,1,0,0,0,0,0,0,0,-1,0,-1,1,0,0,0,0,-1,0,0,0,-1,0,-1,-1,-1,0,1,0,-1,-1,1,0,-1,0,0,0,-1,0,0,0,0
254,0,0,1,1,1,1,1,0,0,-1,0,0,1,0,0,1,1,1,0,0,0,0,0,0,0,0,0,0,1,0,0,-1,0,0,0,1,1,0,0,0,-1,0,-1,0,0,0,1,0,0,0,0,0,0,-1,0,-1,0,0,0,0,-1,0,0,1
255,1,1,0,0,0,0,0,0,0,0,0,1,0,0,0,0,-1,1,0,0,0,0,0,-1,0,0,0,0,-1,0,0,-1,-1,-1,0,0,-1,-1,1,0,0,0,1,0,-1,0,0,0,0,0,-1,0,0,1,-1,0,0,0,0,-1,-1,0,1,0
256,0,0,0,0,0,1,1,-1,1,1,0,0,0,0,-1,-1,1,0,0,0,0,1,-1,0,1,0,0,0,-1,0,0,-1,0,0,0,-1,-1,1,1,0,0,0,1,0,1,0,0,0,0,1,0,0,1,0,-1,0,0,0,0,-1,0,0,0,1
257,0,-1,0,0,-1,0,0,-1,0,1,-1,0,-1,0,0,0,0,0,-1,1,-1,0,0,0,-1,0,-1,0,0,0,0,0,1,0,-1,-1,0,0,1,0,1,0,-1,0,0,0,0,0,0,0,0,0,0,-1,1,0,0,1,0,0,0,0,0,0
258,0,-1,0,0,1,0,0,0,0,0,-1,0,0,0,0,0,0,0,0,0,0,0,0,0,0,1,0,1,0,0,0,-1,0,1,0,-1,0,0,-1,0,0,-1,-1,1,0,-1,0,0,0,0,0,0,0,1,0,0,0,1,1,1,-1,0,0,0
259,-1,0,0,0,0,0,0,0,0,1,0,0,0,0,0,-1,0,1,-1,0,0,0,0,0,0,-1,0,1,-1,0,0,1,0,0,1,0,1,0,0,0,-1,0,0,-1,0,-1,-1,0,0,0,0,0,1,-1,0,-1,0,0,1,0,-1,0,-1,0
260,0,-1,0,0,0,0,0,0,0,0,1,0,0,0,-1,0,0,0,0,0,-1,-1,0,0,0,-1,0,0,0,-1,1,0,1,0,0,1,0,0,0,0,0,1,0,1,0,0,0,0,0,0,0,0,-1,-1,0,0,0,1,0,0,-1,1,1,0
261,0,-1,-1,0,-1,0,-1,0,-1,1,0,0,0,-1,-1,-1,1,0,0,0,0,0,-1,0,0,0,0,1,0,1,1,0,1,0,0,-1,1,0,-1,0,0,0,0,1,0,0,0,0,1,0,1,0,-1,0,-1,-1,-1,1,-1,-1,0,0,0,1
262,1,0,0,0,-1,1,0,0,-1,-1,0,0,0,0,1,0,-1,1,0,-1,1,0,0,0,1,0,0,0,1,-1,0,0,0,1,0,0,0,0,0,1,1,0,0,-1,-1,0,-1,0,1,0,1,0,0,0,0,0,0,0,0,0,0,0,0,0
263,-1,0,1,1,0,1,0,0,-1,1,0,0,-1,-1,0,0,0,0,-1,0,0,0,0,0,0,-1,0,0,1,0,0,0,-1,0,0,1,0,1,0,-1,1,0,1,-1,0,-1,0,1,1,0,-1,1,-1,0,1,0,0,0,0,0,0,-1,0,1
264,1,0,0,-1,0,0,1,1,0,0,0,1,0,1,0,-1,0,1,1,0,0,0,0,0,0,0,0,1,-1,0,0,-1,-1,0,1,0,1,-1,-1,1,1,0,0,0,0,0,0,0,0,0,0,1,0,1,0,1,0,0,0,0,0,-1,0,0
265,0,0,1,0,0,0,1,0,0,0,0,0,0,-1,0,0,-1,0,0,0,0,-1,1,0,-1,0,0,0,0,-1,0,0,0,0,0,-1,0,0,-1,0,0,0,0,0,0,0,-1,1,1,0,1,0,0,0,0,0,0,0,0,-1,0,0,1,0
266,0,0,0,0,0,1,0,1,0,0,-1,0,1,0,0,0,-1,0,-1,0,0,0,0,0,0,0,1,0,1,0,0,0,0,0,-1,0,0,1,0,0,1,1,0,0,0,0,0,-1,-1,0,0,0,-1,0,1,0,0,0,0,0,-1,1,0,1
267,0,0,0,1,0,0,-1,0,0,0,1,0,-1,0,0,0,0,0,0,-1,0,0,-1,0,-1,0,0,0,0,0,1,0,0,0,0,0,0,-1,0,-1,0,-1,0,1,0,0,-1,0,0,0,0,0,1,0,1,0,0,0,-1,0,0,0,-1,0
268,0,0,0,1,0,0,0,0,0,0,0,1,0,0,0,1,-1,-1,1,0,0,0,0,-1,0,-1,0,0,1,1,1,0,0,0,-1,0,1,-1,-1,-1,0,0,0,1,0,0,0,0,0,0,0,0,0,1,0,1,0,0,1,0,0,0,0,-1
269,0,1,1,0,0,0,1,0,0,0,0,0,0,0,0,0,0,0,1,0,1,0,0,0,0,0,0,1,-1,0,0,0,0,0,0,0,1,0,0,-1,-1,0,0,0,0,-1,0,1,0,0,0,0,0,0,-1,0,0,0,-1,0,1,0,0,1
270,0,1,1,-1,0,0,0,0,-1,1,0,1,0,1,0,0,0,1,1,1,1,0,0,1,0,-1,1,-1,0,1,-1,0,0,0,1,-1,0,1,1,0,0,0,0,0,0,-1,0,0,0,-1,0,1,1,0,0,1,1,1,-1,0,1,0,-1,0
271,0,0,1,0,0,0,0,0,0,1,0,0,0,0,0,-1,-1,0,0,0,0,-1,0,0,-1,1,1,-1,0,-1,0,0,0,0,0,0,0,1,0,0,-1,1,0,0,0,0,-1,0,0,0,1,0,0,0,0,0,0,0,-1,1,0,0,0,0
272,1,0,1,0,1,-1,0,0,-1,-1,0,0,1,0,0,-1,0,0,-1,0,-1,-1,1,1,1,0,1,0,0,0,0,0,0,0,0,0,0,1,0,1,1,1,-1,0,-1,0,-1,0,0,0,0,0,0,0,1,0,0,0,0,0,0,0,0,0
273,0,-1,0,0,-1,0,0,1,0,-1,0,-1,1,-1,1,0,0,0,0,1,0,0,0,0,0,-1,-1,0,1,0,0,1,0,-1,0,0,0,-1,1,1,0,0,0,0,0,-1,0,-1,0,1,0,-1,0,1,1,0,0,0,0,0,1,0,0,-1
274,0,-1,0,0,-1,0,0,0,0,0,0,0,0,0,0,-1,1,0,0,0,-1,-1,0,0,0,-1,0,1,0,-1,0,-1,0,0,0,-1,-1,0,0,0,0,1,1,-1,0,1,0,0,0,0,-1,-1,1,0,-1,0,0,0,1,0,1,-1,0,1
275,1,0,-1,1,1,0,-1,0,0,0,0,0,-1,0,-1,0,-1,0,0,0,0,0,-1,0,0,0,-1,0,1,-1,-1,0,0,-1,0,0,-1,0,0,0,0,0,-1,0,0,0,-1,0,1,0,0,1,1,0,0,0,0,-1,-1,0,1,0,0,0
276,0,0,0,1,0,0,-1,0,1,1,1,0,0,0,0,0,0,0,0,1,0,0,0,0,0,0,0,-1,0,1,-1,1,0,0,0,-1,0,-1,0,0,0,0,0,0,0,-1,0,0,0,0,0,0,-1,0,-1,0,1,0,0,-1,0,0,1,-1
277,-1,0,0,0,0,0,1,0,0,0,0,0,0,0,-1,0,1,0,-1,1,1,0,1,0,1,0,-1,0,0,-1,0,0,0,1,0,-1,0,1,-1,1,0,0,1,0,0,0,0,-1,0,0,0,-1,0,0,-1,-1,0,0,0,0,0,0,1,0
278,0,0,0,1,0,-1,0,-1,0,0,0,0,1,1,0,1,1,1,0,0,0,0,0,-1,1,1,0,-1,0,-1,0,0,-1,0,0,0,0,0,-1,-1,0,-1,0,0,1,1,0,0,0,0,0,0,0,1,0,0,0,-1,0,-1,0,0,0,0
279,0,0,0,0,0,1,0,1,-1,0,1,0,0,0,0,0,0,0,0,0,0,0,1,-1,0,0,1,1,0,1,0,-1,1,0,-1,-1,1,0,-1,0,0,1,0,0,0,-1,1,1,1,1,-1,1,0,0,0,0,0,0,1,0,0,0,0,0
280,1,0,1,0,-1,0,1,-1,0,0,1,0,0,-1,1,0,-1,0,-1,0,1,0,0,0,-1,0,0,1,0,0,-1,0,0,-1,0,1,0,0,0,-1,0,1,0,0,1,0,0,-1,0,0,-1,0,-1,1,0,-1,0,-1,0,0,1,0,0,0
281,-1,0,-1,-1,0,1,-1,0,-1,0,1,-1,0,0,0,0,1,-1,0,0,-1,-1,1,0,0,0,0,0,0,0,-1,1,0,0,-1,0,0,1,1,0,0,0,1,0,-1,0,0,0,0,-1,-1,0,0,1,1,0,0,-1,0,0,1,0,0,0
282,-1,0,0,0,0,1,1,0,-1,-1,1,0,-1,0,-1,0,0,-1,-1,0,1,0,-1,0,0,0,0,0,0,-1,0,0,-1,0,1,0,0,0,-1,0,1,-1,0,0,0,0,0,0,0,0,1,0,-1,-1,0,0,1,-1,0,0,0,0,0,0
283,-1,0,0,0,0,0,-1,0,0,0,0,0,0,0,0,-1,0,0,-1,1,0,0,0,1,1,0,0,1,0,0,1,1,0,1,0,0,0,0,0,0,0,-1,-1,0,0,1,0,0,0,-1,0,0,0,0,0,0,-1,0,-1,1,1,0,-1,-1
284,0,0,0,1,-1,0,-1,0,0,1,0,0,1,-1,0,0,0,0,0,-1,0,0,0,0,1,0,0,0,0,-1,-1,0,1,1,1,0,0,0,1,1,0,-1,0,1,0,0,0,0,0,0,-1,0,0,1,1,-1,-1,1,-1,0,-1,0,0,1
285,1,-1,-1,0,0,0,0,1,0,0,0,-1,0,1,-1,0,-1,0,-1,0,0,0,0,0,0,1,0,0,0,0,0,0,0,-1,0,0,0,0,0,0,-1,0,0,0,0,0,1,0,0,0,-1,0,1,0,0,1,0,0,1,-1,0,0,-1,0
286,0,-1,0,0,0,-1,0,1,0,-1,0,0,0,0,-1,0,-1,1,0,0,0,0,0,0,0,0,-1,-1,1,0,0,0,1,0,1,0,0,0,0,0,0,0,0,-1,0,0,0,1,1,0,-1,1,0,-1,0,-1,0,1,0,-1,0,0,0,0
287,-1,0,0,0,0,0,-1,1,1,1,-1,0,0,-1,-1,-1,1,0,1,0,0,-1,0,-1,0,1,0,1,0,1,0,0,1,0,1,-1,1,0,0,-1,0,0,0,0,0,0,1,0,0,1,-1,1,0,0,1,0,0,0,0,0,-1,0,1,0
288,0,-1,0,1,-1,-1,0,1,-1,0,0,0,0,0,1,0,0,0,0,0,0,1,0,1,0,1,0,0,0,0,1,0,0,0,0,1,-1,0,0,0,-1,-1,1,0,1,0,1,0,0,1,1,1,0,0,0,0,0,1,1,0,0,0,0,-1
289,0,0,0,0,1,0,-1,0,-1,0,0,-1,1,0,0,0,1,0,0,-1,0,0,0,0,1,1,1,0,-1,1,1,1,0,0,0,-1,-1,-1,0,0,0,0,1,0,1,0,1,0,0,1,0,0,0,1,0,0,0,1,0,0,0,0,-1,1
290,0,0,0,0,0,1,-1,0,0,0,-1,0,0,-1,0,0,1,0,0,-1,-1,0,0,0,-1,0,-1,0,0,1,0,0,0,0,0,0,1,0,1,0,0,1,0,0,0,-1,0,0,0,1,0,0,0,-1,0,0,0,0,0,0,0,-1,0,1
291,0,1,0,0,1,-1,0,-1,-1,0,0,0,1,0,0,1,1,-1,0,-1,1,0,0,1,0,0,1,-1,0,-1,0,0,-1,0,1,1,0,-1,0,-1,0,0,0,0,1,1,0,0,0,0,1,1,0,-1,0,-1,1,0,0,-1,0,-1,0,0
292,0,0,0,0,-1,0,0,0,0,0,0,1,-1,0,0,-1,0,0,1,0,0,1,0,0,0,0,1,0,0,1,0,-1,0,0,-1,1,0,-1,1,-1,0,0,0,-1,0,0,1,0,-1,0,0,1,1,0,0,0,1,0,0,0,0,-1,0,0
293,-1,-1,1,0,0,0,0,0,1,0,0,-1,-1,1,0,-1,0,0,0,1,-1,0,0,0,0,1,0,0,0,0,0,0,0,0,0,0,0,-1,0,0,-1,0,0,0,0,0,0,0,-1,0,1,0,1,0,0,0,0,0,1,1,0,1,0,-1
294,1,0,0,0,0,-1,0,0,0,0,0,0,1,-1,-1,0,0,0,-1,0,0,1,1,-1,0,0,0,0,-1,0,0,0,1,1,1,-1,1,0,0,0,0,0,0,0,0,0,0,-1,0,-1,0,0,0,1,0,0,0,0,0,0,0,0,0,0
295,0,0,-1,0,-1,1,0,1,-1,0,0,-1,0,0,1,-1,0,0,-1,-1,0,-1,0,0,0,1,0,0,0,-1,0,0,1,0,1,0,-1,0,0,1,1,0,1,0,0,0,0,-1,0,0,0,0,-1,-1,0,0,0,1,0,0,-1,1,0,0
296,0,0,0,0,1,0,0,1,0,0,0,0,0,0,1,1,1,0,1,0,0,0,0,0,-1,-1,1,0,-1,0,0,0,1,0,0,0,0,1,0,0,0,0,0,0,1,0,0,0,0,1,0,-1,0,-1,-1,0,1,0,0,0,-1,0,0,0
297,0,1,0,0,0,0,0,-1,-1,1,0,0,0,-1,0,-1,-1,-1,0,-1,0,0,1,0,0,1,0,1,1,0,-1,0,0,1,-1,1,0,1,0,0,0,0,0,0,0,-1,-1,0,0,0,0,0,1,0,-1,0,0,0,0,1,1,-1,0,0
298,0,0,0,0,0,0,0,-1,0,0,0,0,0,0,0,0,0,-1,0,0,0,0,0,0,0,-1,0,-1,-1,-1,0,0,0,1,0,0,0,-1,1,0,0,0,0,0,0,0,0,-1,0,0,1,0,0,1,0,0,0,0,0,0,0,1,1,0
299,-1,0,0,0,-1,0,0,0,0,-1,1,0,0,0,-1,-1,0,0,-1,0,-1,0,0,0,1,0,0,0,-1,0,-1,0,0,0,1,0,1,-1,-1,0,1,0,0,0,0,0,0,0,0,0,0,-1,0,-1,1,0,0,0,1,1,0,0,0,0
300,0,0,1,0,-1,1,0,1,1,1,-1,0,0,1,-1,0,0,0,-1,-1,0,0,0,1,1,0,0,0,0,0,0,1,0,-1,0,0,0,0,-1,1,0,0,0,-1,0,0,1,0,0,0,-1,-1,0,0,1,-1,0,0,0,0,1,0,0,1
301,0,0,0,-1,0,0,0,0,1,1,0,0,1,0,0,0,0,0,0,0,0,-1,1,0,-1,0,0,0,1,0,0,1,0,0,0,0,1,0,1,-1,0,0,0,0,0,0,0,1,0,0,0,1,1,0,0,-1,0,0,0,0,0,0,-1,0
302,0,0,0,0,-1,0,0,1,0,0,0,-1,1,1,1,0,0,1,-1,0,0,1,-1,-1,-1,0,1,1,0,0,1,0,0,1,0,1,0,1,0,-1,0,0,0,0,0,0,1,0,0,-1,0,-1,0,0,0,1,0,1,0,-1,0,0,1,0
303,0,-1,1,0,-1,-1,0,1,0,-1,0,0,0,1,0,0,0,1,1,-1,0,1,0,0,0,0,-1,0,-1,0,1,0,1,1,0,0,0,0,0,0,0,0,0,0,-1,0,0,0,0,-1,0,0,-1,0,0,0,1,-1,0,0,0,0,0,0
304,0,0,-1,0,0,0,0,0,0,1,0,0,0,0,0,0,0,0,1,0,0,0,0,0,-1,-1,0,0,1,0,0,-1,0,-1,-1,0,0,0,0,1,0,0,0,0,0,0,-1,0,1,-1,-1,0,0,1,0,0,1,1,0,-1,0,0,1,1
305,-1,0,0,0,0,-1,-1,1,0,-1,0,0,0,0,0,0,0,0,0,0,-1,0,1,0,1,-1,0,0,0,-1,0,-1,0,-1,0,0,0,-1,1,0,0,0,1,0,0,1,0,0,0,1,0,0,0,0,0,0,1,0,-1,-1,0,0,0,0
306,1,0,0,0,1,1,1,0,0,1,0,0,-1,0,-1,0,0,0,0,0,0,1,1,1,0,0,-1,0,-1,1,-1,0,0,0,0,1,0,1,1,0,0,0,0,0,0,0,0,0,1,0,1,0,1,0,0,0,0,0,0,0,0,0,-1,0
307,1,0,0,0,0,0,-1,1,0,0,0,0,1,-1,1,0,-1,0,0,0,0,0,0,0,0,1,0,0,0,-1,0,-1,0,1,0,0,0,0,0,0,0,0,1,0,0,1,0,0,-1,-1,-1,0,0,1,-1,-1,0,0,0,0,0,0,-1,1
308,0,0,0,0,1,0,0,-1,0,-1,-1,0,0,-1,-1,0,0,0,0,0,0,0,0,0,0,-1,1,0,1,0,1,0,1,0,1,0,0,0,1,0,-1,0,1,0,1,0,0,-1,0,0,1,1,0,0,0,0,0,0,0,0,0,0,0,0
309,0,0,1,0,0,0,0,0,0,0,1,0,0,0,0,-1,0,1,1,0,0,-1,0,0,0,0,0,0,0,0,0,0,0,0,0,0,0,0,1,-1,0,0,0,1,1,0,-1,0,0,0,1,0,0,1,0,0,0,0,0,0,-1,-1,1,1
310,0,-1,1,0,1,0,1,1,0,0,0,0,0,0,-1,0,0,0,0,1,1,0,-1,0,0,0,0,0,0,0,0,0,0,0,0,1,-1,0,1,0,-1,0,0,0,0,0,0,0,1,0,0,0,0,0,-1,0,0,1,-1,-1,0,0,0,-1
311,0,0,0,0,0,0,0,0,0,1,0,-1,0,1,0,0,0,0,-1,0,0,0,1,1,0,0,0,0,0,0,-1,0,-1,0,-1,0,0,0,0,0,1,0,0,0,0,0,0,0,1,0,0,1,0,0,0,0,-1,0,0,0,0,0,0,0
312,0,1,0,-1,0,0,-1,0,-1,0,0,0,1,1,0,0,-1,1,0,0,0,0,-1,0,0,0,-1,0,0,-1,0,0,0,0,0,1,0,1,0,-1,0,0,-1,0,0,0,0,0,-1,0,-1,0,0,0,0,0,1,1,0,1,0,0,0,-1
313,1,1,1,0,1,1,0,0,0,0,1,-1,0,0,0,0,0,0,0,0,1,0,1,0,0,0,0,-1,1,1,0,-1,-1,0,-1,1,0,-1,-1,0,-1,0,0,0,0,0,0,0,0,-1,0,0,0,-1,-1,0,0,1,0,0,-1,-1,0,1
314,0,1,-1,1,0,0,0,0,1,0,-1,0,0,0,-1,-1,-1,-1,0,0,-1,-1,0,0,0,0,1,0,0,1,0,0,0,-1,0,0,0,0,1,1,-1,-1,0,0,1,0,0,0,1,0,0,0,0,0,0,-1,0,0,1,0,-1,-1,0,0
315,0,0,1,0,-1,0,0,-1,1,0,0,0,1,0,1,0,-1,0,0,0,0,0,1,-1,0,0,0,-1,1,0,-1,-1,-1,-1,0,0,0,0,-1,-1,0,0,-1,1,0,0,0,0,0,1,0,0,0,0,-1,0,-1,0,0,0,0,0,0,0
316,0,1,1,0,0,0,-1,0,0,0,0,0,0,0,1,0,0,1,1,1,0,-1,0,-1,0,1,1,0,0,0,0,0,0,0,-1,-1,0,0,0,0,0,0,0,0,1,0,0,0,0,0,0,0,0,0,1,0,1,0,0,0,0,1,0,0
317,0,0,1,0,0,0,1,0,0,0,1,0,0,0,0,-1,0,0,0,0,-1,0,0,0,-1,0,0,-1,0,1,0,0,0,-1,0,0,1,0,0,0,0,0,0,0,0,0,1,0,0,0,1,0,0,0,0,-1,-1,1,0,0,0,0,1,1
318,0,0,0,1,0,0,0,-1,0,0,0,0,0,0,-1,0,0,0,0,0,0,0,0,0,0,1,0,1,-1,0,-1,1,0,-1,0,1,0,0,1,-1,0,0,-1,0,0,0,0,-1,-1,-1,1,0,0,1,0,0,-1,0,0,0,0,0,1,-1
319,1,1,0,0,0,1,-1,0,-1,0,0,0,0,0,0,1,0,0,0,-1,0,0,0,-1,-1,0,0,0,0,0,0,0,0,0,0,0,0,0,0,-1,0,0,1,0,-1,0,0,0,-1,-1,-1,-1,0,0,0,0,1,0,1,-1,-1,0,-1,0
320,-1,0,1,0,-1,0,0,0,0,0,0,0,0,0,0,0,-1,1,0,0,-1,0,1,0,0,1,0,-1,-1,0,0,-1,1,1,0,1,1,0,1,0,0,0,0,0,1,0,1,0,1,0,1,0,0,0,-1,0,0,1,1,-1,0,1,0,0
321,0,-1,0,0,0,0,0,0,-1,0,0,0,0,-1,0,0,0,0,0,1,0,0,-1,0,0,0,0,0,0,-1,-1,0,0,0,0,-1,0,0,-1,1,0,1,0,0,0,1,0,-1,-1,0,0,1,0,-1,0,1,0,0,0,0,0,0,1,0
322,0,0,0,0,0,0,0,0,0,0,-1,0,0,0,0,0,-1,0,0,0,0,0,0,1,-1,1,0,0,-1,0,0,0,0,0,-1,0,0,0,-1,0,1,1,0,0,0,1,0,0,0,0,0,0,1,0,0,0,0,-1,-1,-1,0,0,-1,0
323,1,0,0,0,0,0,0,-1,0,0,1,0,1,0,-1,0,1,1,-1,0,0,0,0,-1,0,0,0,0,0,0,0,1,0,0,0,-1,0,0,1,-1,0,0,0,0,1,0,0,1,0,-1,0,0,0,0,0,0,-1,0,-1,-1,-1,0,0,0
324,0,0,0,0,0,-1,0,0,0,0,-1,1,0,1,-1,0,0,-1,0,0,0,0,0,-1,0,0,0,0,0,1,0,0,0,1,0,-1,0,0,0,-1,0,-1,1,0,0,0,0,0,0,-1,0,0,0,0,0,0,0,-1,0,0,0,0,1,1
325,-1,0,0,-1,1,0,0,-1,0,-1,1,1,0,0,0,0,1,0,0,0,0,0,1,0,-1,-1,0,0,-1,0,0,1,1,0,-1,0,0,0,1,0,0,1,0,-1,0,0,1,0,0,-1,0,-1,-1,0,0,0,0,0,0,0,0,0,0,0
326,0,0,0,0,1,0,0,0,0,0,0,-1,1,0,-1,0,0,0,0,1,-1,1,0,0,0,-1,1,1,1,-1,-1,0,0,0,0,-1,0,1,0,1,0,-1,1,0,0,-1,0,0,0,0,0,0,0,0,0,-1,0,0,1,-1,0,-1,0,0
327,-1,0,-1,0,1,0,0,0,0,0,-1,0,-1,0,0,0,0,1,0,1,-1,0,-1,-1,0,0,0,1,0,0,-1,0,0,0,0,0,0,0,0,0,1,-1,0,0,-1,0,0,0,0,0,-1,0,0,0,0,-1,0,-1,0,0,-1,0,0,0
328,0,-1,0,0,0,0,-1,1,0,0,1,1,1,-1,-1,1,0,0,0,0,1,0,1,0,0,-1,1,-1,1,0,0,0,0,1,-1,0,-1,-1,0,0,0,-1,0,-1,0,0,0,0,0,0,1,0,-1,1,1,0,0,0,1,0,0,0,0,1
329,-1,0,1,0,-1,-1,-1,1,-1,0,1,-1,0,1,0,0,0,0,0,0,0,0,0,1,0,0,0,-1,1,0,0,0,-1,0,0,0,0,1,0,0,0,0,0,0,-1,0,0,0,-1,0,-1,-1,0,0,0,0,1,0,0,0,-1,1,0,0
330,1,0,1,0,0,-1,0,1,0,0,0,0,0,1,0,0,0,0,0,-1,0,0,0,0,1,0,0,0,0,0,1,0,-1,0,1,0,0,0,1,1,0,0,1,0,-1,0,1,0,0,-1,-1,1,-1,0,0,-1,0,0,0,-1,0,0,0,1
331,0,1,0,0,0,0,0,1,-1,0,0,0,0,0,-1,0,0,0,0,0,0,0,0,0,1,0,-1,0,0,1,-1,-1,0,0,0,0,1,0,0,0,0,1,0,-1,0,0,0,-1,0,0,0,0,0,0,0,0,0,0,0,0,0,-1,0,0
332,0,0,-1,-1,0,0,-1,1,0,0,-1,-1,0,0,0,0,0,0,0,0,0,0,1,0,0,1,0,1,0,0,0,-1,0,0,0,0,1,0,0,0,0,-1,0,0,-1,1,0,-1,0,0,0,0,0,0,0,0,-1,1,-1,-1,-1,1,0,-1
333,0,0,0,0,-1,1,0,-1,-1,0,0,0,-1,0,0,0,-1,0,-1,0,1,0,1,0,0,1,-1,-1,0,0,0,0,0,0,0,1,0,-1,0,0,0,-1,-1,0,0,1,0,0,0,0,0,-1,0,0,1,0,0,0,0,0,1,0,0,0
334,0,1,0,1,-1,0,0,-1,0,0,0,0,1,-1,0,0,1,1,0,0,0,0,0,1,1,0,0,-1,1,0,0,0,0,1,0,0,0,0,-1,0,-1,1,0,1,0,0,0,0,0,1,0,0,0,0,0,-1,0,0,1,0,-1,-1,0,0
335,-1,0,-1,0,0,0,1,0,1,0,0,-1,0,0,0,0,1,0,0,0,1,0,0,0,0,0,0,0,-1,-1,1,0,0,1,0,1,0,0,1,0,0,0,0,0,-1,0,1,0,-1,0,0,0,1,0,0,0,0,0,0,-1,0,1,1,0
336,1,0,0,1,0,0,-1,0,1,0,-1,0,1,0,0,0,0,0,0,0,0,0,-1,-1,-1,0,0,0,0,1,1,0,0,0,0,0,0,1,0,0,0,0,-1,0,0,0,0,0,0,0,0,0,-1,-1,0,0,0,0,0,1,-1,0,-1,0
337,0,1,0,0,0,1,0,0,0,0,1,1,1,0,-1,1,0,0,0,0,1,0,-1,0,0,-1,0,0,0,0,1,0,1,0,0,0,0,0,-1,0,0,1,0,0,-1,0,0,0,1,0,1,0,0,-1,0,1,1,0,1,0,-1,0,0,0
338,0,0,0,0,-1,-1,0,0,-1,0,-1,-1,-1,0,1,0,0,0,0,0,0,0,0,0,-1,0,0,0,0,-1,0,0,0,0,0,1,1,1,0,0,-1,0,-1,-1,0,-1,1,0,0,0,0,0,0,-1,0,-1,-1,1,0,0,0,0,-1,0
339,1,0,0,0,0,-1,0,0,1,0,0,1,1,0,0,-1,0,0,1,0,0,0,-1,0,0,-1,1,0,1,0,1,-1,1,0,0,0,0,0,1,0,1,0,0,-1,0,-1,1,-1,-1,-1,0,0,0,0,0,0,1,-1,0,1,-1,0,1,1
340,1,0,-1,0,0,0,0,0,0,0,1,0,0,0,0,0,1,0,0,1,0,0,0,1,0,0,-1,1,0,0,-1,1,0,0,0,1,-1,0,-1,1,1,-1,-1,0,-1,-1,1,0,0,0,0,0,0,1,-1,0,0,-1,0,-1,-1,0,0,0
341,0,0,0,-1,0,1,0,0,0,0,0,-1,1,0,0,0,0,-1,0,-1,0,0,0,0,0,0,0,0,-1,1,0,1,-1,-1,0,0,0,0,-1,1,0,0,0,-1,0,1,0,1,0,-1,0,1,0,0,-1,1,0,0,0,0,0,0,-1,0
342,0,1,0,0,0,1,0,1,0,0,-1,0,0,0,0,0,0,-1,0,0,0,0,1,1,0,0,0,1,0,0,0,0,0,0,0,0,1,0,0,0,0,1,-1,0,0,-1,0,1,0,0,1,0,0,0,-1,0,0,-1,-1,1,0,-1,0,1
343,0,-1,1,0,0,0,0,-1,-1,0,0,-1,0,0,-1,-1,0,0,0,1,1,0,0,-1,0,0,0,0,0,0,0,-1,0,0,0,1,0,0,-1,-1,0,0,0,0,-1,0,-1,0,0,1,1,-1,0,1,-1,0,0,1,0,0,0,0,0,0
344,-1,0,0,0,0,-1,0,0,0,-1,-1,0,0,0,0,0,0,0,1,-1,1,0,0,-1,0,0,-1,0,0,0,0,0,1,0,1,0,-1,0,0,1,0,0,0,-1,0,0,1,0,0,0,0,0,-1,0,0,0,0,-1,0,0,-1,0,0,0
345,0,0,0,0,-1,1,0,0,1,0,0,1,-1,0,1,0,-1,0,0,0,1,0,0,0,1,0,1,0,0,-1,1,1,0,0,-1,0,0,0,0,0,0,1,0,0,0,0,-1,0,0,-1,1,0,0,0,0,0,-1,1,0,-1,1,-1,-1,0
346,0,0,0,0,0,0,1,0,0,0,0,-1,0,0,1,0,0,0,-1,-1,0,1,0,0,0,0,0,1,0,-1,1,0,-1,1,0,0,0,0,0,0,0,0,-1,0,-1,1,0,0,1,0,1,-1,0,0,0,1,0,0,0,0,0,0,1,-1
347,0,0,0,1,0,0,0,1,-1,0,0,-1,-1,-1,0,0,1,0,-1,-1,1,0,0,1,0,-1,-1,-1,0,0,0,0,0,-1,0,0,0,-1,0,-1,0,-1,0,0,0,0,0,1,1,0,0,1,0,-1,0,0,0,0,0,0,0,0,0,1
348,0,0,0,-1,0,0,0,0,1,0,0,0,-1,1,0,-1,0,0,0,0,0,0,0,0,0,0,0,1,0,-1,0,-1,0,0,0,0,0,0,0,0,1,0,0,1,0,-1,-1,0,-1,0,0,0,0,0,0,0,1,1,1,0,1,0,-1,0
349,-1,0,0,0,0,0,0,-1,0,0,1,0,1,0,0,0,0,0,-1,0,1,-1,1,0,-1,0,0,0,0,0,-1,1,-1,-1,1,0,0,-1,0,-1,0,1,1,0,0,0,0,1,0,0,0,0,0,0,0,0,0,0,-1,0,0,1,0,1
350,0,0,0,0,1,0,-1,-1,0,0,1,0,0,0,0,0,0,0,0,0,0,1,0,0,1,-1,0,0,0,0,-1,0,0,0,0,1,0,-1,-1,0,0,0,-1,0,-1,0,0,0,0,0,0,0,0,0,0,0,0,0,0,0,1,0,0,0
351,1,0,0,0,0,0,0,1,0,0,-1,0,1,-1,0,0,0,1,0,0,1,0,0,0,0,-1,0,0,-1,0,0,0,0,0,0,0,0,0,1,0,0,0,0,0,0,0,-1,1,1,1,0,0,1,1,-1,-1,0,0,0,-1,0,-1,1,0
352,0,0,-1,1,0,1,0,0,1,0,0,0,1,-1,1,0,-1,1,0,0,0,0,0,-1,0,0,0,0,0,0,1,0,0,-1,0,-1,1,0,0,0,-1,0,0,0,0,0,0,1,0,1,0,0,-1,0,0,1,0,-1,0,1,1,0,0,-1
353,1,0,0,0,0,0,0,0,0,1,0,1,0,-1,0,0,0,1,0,0,0,0,0,0,-1,0,1,0,-1,0,0,0,0,0,0,0,1,0,-1,0,1,-1,0,-1,0,0,1,0,0,1,0,0,0,-1,0,0,0,1,1,1,0,-1,0,0
354,-1,0,0,0,-1,0,1,-1,0,0,-1,0,0,0,-1,-1,0,0,0,0,0,-1,1,0,1,0,0,0,0,1,-1,0,0,0,-1,1,0,0,-1,0,0,0,0,0,0,0,-1,0,-1,0,0,0,0,-1,0,0,0,-1,0,-1,1,0,-1,1
355,1,0,0,-1,0,0,0,0,0,0,-1,0,0,0,0,0,0,0,0,1,0,0,0,0,1,-1,0,0,-1,-1,-1,0,0,0,0,1,0,0,0,1,0,0,1,0,0,-1,0,0,0,0,1,0,1,0,0,1,-1,-1,0,0,0,1,0,0
356,1,0,0,0,0,1,0,-1,-1,0,-1,-1,-1,0,0,0,0,0,1,0,1,0,0,0,0,0,0,0,0,0,0,0,-1,1,0,0,0,0,-1,-1,0,0,1,0,0,0,0,1,0,-1,0,0,0,0,0,0,0,0,0,0,-1,0,0,-1
357,0,0,-1,1,0,0,-1,0,0,0,0,0,1,1,0,0,0,1,1,0,0,0,1,0,-1,0,0,-1,-1,0,0,0,0,1,0,0,0,0,0,0,0,0,0,-1,0,0,0,0,0,-1,-1,0,0,-1,0,0,0,0,0,0,0,0,0,0
358,-1,0,0,-1,1,0,0,1,0,0,0,0,0,1,0,1,0,0,-1,0,0,0,-1,-1,0,1,1,0,-1,1,0,-1,1,1,0,-1,0,0,0,1,1,0,0,0,0,0,0,0,0,-1,0,0,0,-1,0,0,0,-1,0,1,0,0,0,1
359,1,-1,0,0,0,0,0,-1,0,1,0,0,0,0,-1,-1,0,0,1,0,1,0,0,0,0,0,0,0,0,0,1,0,0,1,-1,0,1,-1,0,-1,0,-1,-1,1,0,0,0,0,0,0,0,0,0,0,0,0,0,0,0,0,0,0,0,-1
360,0,1,-1,-1,1,0,1,0,0,-1,0,0,0,0,1,0,0,0,-1,1,1,0,1,-1,-1,-1,0,0,0,0,0,0,0,0,0,1,1,0,0,0,1,0,-1,0,0,1,1,0,0,0,1,0,0,1,0,0,0,0,0,-1,0,0,-1,0
361,0,0,0,-1,0,0,0,1,0,-1,0,1,-1,0,0,-1,0,0,0,0,-1,0,0,0,1,-1,0,0,1,0,-1,0,0,0,0,0,0,0,0,0,0,0,0,0,0,1,0,-1,-1,0,1,0,0,0,0,0,0,0,0,0,0,0,0,0
362,1,1,-1,-1,0,0,-1,-1,1,0,0,0,-1,0,-1,0,0,0,-1,0,0,0,1,1,1,0,0,0,0,1,0,-1,0,0,0,1,0,0,0,0,1,1,1,0,1,0,1,0,-1,1,-1,0,0,0,0,-1,-1,0,-1,0,0,1,-1,1
363,0,1,0,0,0,0,1,1,0,0,0,-1,0,0,-1,0,0,0,0,0,0,-1,1,0,0,0,0,1,0,1,0,0,1,0,1,-1,0,0,0,0,0,0,0,-1,0,1,0,0,1,0,1,0,1,0,0,0,0,-1,-1,0,-1,0,1,0
364,0,-1,0,1,0,0,0,0,-1,0,0,0,1,-1,0,0,0,0,0,1,0,0,0,-1,0,0,-1,0,1,1,-1,0,0,0,-1,0,-1,0,0,0,0,0,0,1,1,0,0,1,0,0,0,0,-1,-1,0,0,1,-1,0,0,-1,0,0,0
365,-1,-1,0,0,0,0,0,0,1,0,0,0,0,0,0,-1,1,1,-1,0,0,0,-1,0,1,0,0,0,0,0,0,0,0,0,0,0,-1,0,0,0,-1,0,-1,1,0,0,1,0,0,0,0,0,1,0,0,-1,0,0,-1,0,0,1,1,0
366,0,0,-1,1,0,0,0,0,0,0,0,0,0,0,-1,-1,0,-1,1,1,-1,0,0,0,0,0,0,0,0,0,0,-1,0,0,-1,0,0,0,0,0,-1,0,0,1,0,1,-1,0,0,0,0,1,0,0,1,-1,0,0,0,1,0,0,-1,0
367,1,0,0,0,0,0,0,0,1,-1,0,0,0,-1,1,0,1,1,0,0,-1,0,0,0,0,0,1,0,0,-1,0,0,0,0,0,0,-1,-1,0,0,0,-1,0,0,0,0,1,0,0,1,0,0,0,0,0,0,0,0,0,0,1,0,0,0
368,1,1,0,0,0,0,0,0,0,-1,0,0,-1,0,1,0,1,0,-1,1,-1,0,0,0,0,-1,0,1,1,-1,0,0,0,0,0,-1,0,-1,0,0,-1,0,0,0,0,0,0,0,0,-1,1,0,0,0,0,0,0,1,0,-1,0,0,0,0
369,-1,0,0,0,1,1,0,-1,-1,0,0,-1,1,0,0,0,1,1,-1,0,0,0,0,-1,0,0,0,0,0,0,0,0,0,0,0,-1,0,0,0,1,0,0,-1,0,0,0,1,-1,0,0,0,-1,1,-1,0,-1,1,0,0,0,0,0,1,-1
370,1,0,0,1,0,0,0,1,0,0,0,0,0,0,0,0,0,0,0,0,1,1,0,1,0,-1,1,0,-1,0,0,0,-1,1,0,-1,-1,0,0,0,0,0,1,1,0,-1,0,0,0,0,0,0,0,-1,-1,0,0,0,0,-1,-1,0,0,0
371,-1,0,-1,0,0,1,1,0,-1,0,1,0,0,0,0,1,0,0,1,0,0,0,0,0,0,0,0,1,0,1,1,-1,0,0,0,-1,-1,0,-1,1,1,0,0,0,0,0,1,0,1,1,1,0,1,1,0,0,-1,0,1,0,0,0,0,0
372,0,0,0,-1,0,0,0,0,-1,0,-1,0,1,-1,0,0,-1,0,1,0,0,1,0,0,1,0,0,0,1,0,0,0,0,0,1,1,0,0,0,-1,-1,0,1,0,-1,1,0,0,0,-1,1,0,0,-1,-1,-1,1,0,-1,0,0,0,-1,0
373,0,0,1,0,0,0,1,-1,0,0,0,1,0,-1,0,1,1,1,0,1,0,0,0,0,0,0,-1,0,-1,1,1,0,0,1,0,0,1,0,0,-1,1,-1,-1,0,0,1,0,0,0,1,0,0,1,0,0,0,1,1,1,0,0,0,0,0
374,0,-1,1,0,0,1,0,1,0,0,0,0,0,0,0,0,0,1,0,0,0,0,-1,0,0,0,0,0,0,1,0,0,0,0,0,0,0,-1,0,0,0,0,0,0,0,0,0,0,0,0,0,-1,-1,0,0,-1,0,0,-1,-1,0,0,0,0
375,0,1,0,-1,0,0,-1,0,0,0,0,0,0,0,0,1,-1,0,0,0,0,0,-1,0,1,0,0,0,0,-1,1,1,1,0,0,0,0,1,0,0,0,0,0,-1,1,1,-1,0,0,0,0,0,-1,0,0,0,0,0,0,0,-1,0,0,0
376,-1,0,0,0,1,0,0,0,0,0,0,0,0,0,1,0,0,0,1,0,-1,-1,0,0,-1,0,1,0,1,0,0,0,-1,1,0,1,1,-1,-1,0,0,-1,0,-1,-1,0,0,0,0,0,0,0,-1,0,0,-1,1,-1,0,-1,0,-1,-1,0
377,0,0,0,-1,1,0,-1,0,1,0,0,0,0,1,1,0,0,0,0,0,0,0,0,0,0,0,1,0,1,1,1,1,-1,-1,-1,1,0,0,0,0,1,0,0,1,0,-1,-1,0,1,0,0,0,1,-1,0,1,0,0,1,0,1,-1,-1,0
378,-1,1,0,-1,0,0,0,-1,0,0,0,0,0,0,0,-1,1,0,1,-1,0,0,0,0,0,-1,0,0,1,-1,0,0,-1,1,0,0,0,0,0,0,0,1,0,0,0,1,0,1,-1,0,0,0,0,0,0,0,0,1,0,-1,0,1,1,-1
379,0,0,0,0,0,0,0,0,-1,1,1,0,0,1,0,0,-1,0,0,0,0,0,1,1,0,0,0,0,0,0,0,-1,-1,0,0,1,0,0,0,0,1,0,-1,0,1,0,0,0,0,0,0,0,1,0,0,0,1,0,0,0,1,0,0,1
380,1,1,-1,0,0,0,1,-1,1,-1,1,0,0,1,0,0,0,0,0,0,1,-1,0,1,0,0,1,0,1,0,0,0,0,1,0,0,1,0,1,0,1,0,0,0,0,0,-1,0,1,0,0,0,1,0,-1,0,1,0,0,-1,0,-1,0,1
381,0,-1,1,-1,0,-1,0,1,1,1,-1,0,1,1,0,1,-1,0,-1,-1,1,0,0,0,0,0,0,-1,-1,0,0,0,0,0,1,0,0,-1,-1,-1,1,1,0,0,0,1,0,0,0,0,0,1,-1,0,-1,0,1,0,0,-1,0,-1,0,0
382,0,1,-1,0,0,-1,1,0,0,0,-1,0,-1,0,0,0,1,1,0,1,-1,-1,0,-1,1,0,0,1,1,0,-1,-1,0,-1,0,0,-1,-1,0,0,0,1,1,0,0,0,0,0,0,1,0,0,0,0,-1,0,0,0,0,0,0,0,0,1
383,1,1,-1,0,0,0,0,0,-1,0,0,0,0,0,-1,0,-1,0,0,0,0,1,1,0,0,0,0,0,0,0,0,1,0,0,0,0,0,0,1,0,0,-1,1,0,1,0,0,0,0,0,0,0,0,0,1,0,1,1,0,0,0,0,0,-1
384,0,0,0,0,0,0,-1,0,0,0,-1,0,0,-1,0,0,1,0,0,0,0,0,0,0,0,0,0,-1,0,0,1,-1,0,0,-1,-1,0,0,0,0,-1,0,0,0,0,-1,0,0,0,0,1,0,0,0,0,0,0,0,0,-1,0,0,0,-1
385,0,0,-1,-1,0,0,0,0,0,0,1,0,1,0,0,0,0,0,0,1,0,0,0,0,0,0,0,0,-1,0,-1,0,1,0,0,0,0,0,1,-1,0,0,0,0,1,1,0,-1,1,1,0,1,0,0,0,0,-1,0,0,0,1,1,0,1
386,0,1,0,0,-1,1,-1,0,0,0,1,0,-1,1,0,0,0,-1,1,-1,0,0,-1,1,0,0,1,-1,0,0,0,1,0,-1,0,-1,1,1,-1,0,0,0,0,-1,0,0,0,0,1,0,-1,0,0,0,0,0,0,0,-1,0,0,0,0,1
387,0,1,0,0,-1,1,1,0,0,0,1,0,-1,0,0,1,0,-1,0,1,1,0,0,-1,0,0,0,-1,0,-1,0,0,1,-1,0,0,0,-1,0,0,0,1,-1,0,0,0,-1,0,1,0,1,0,1,0,0,1,1,1,0,-1,-1,0,0,1
388,0,0,-1,-1,0,0,-1,0,-1,0,0,-1,0,1,0,0,0,0,0,0,-1,0,-1,0,0,1,0,1,0,-1,0,0,0,-1,0,0,0,0,0,0,0,0,0,0,0,0,-1,-1,0,0,0,0,-1,0,-1,-1,0,0,-1,0,0,0,1,0
389,0,-1,1,1,-1,-1,0,0,0,0,0,0,-1,0,0,0,1,0,0,0,1,0,0,1,0,0,0,1,0,0,0,0,-1,-1,0,0,0,0,0,0,1,-1,0,0,0,-1,0,0,0,0,1,1,-1,1,0,0,-1,0,0,0,-1,1,0,1
390,0,0,0,1,0,-1,0,-1,0,-1,0,0,1,0,0,0,-1,0,0,0,0,1,-1,1,0,0,-1,-1,0,0,0,0,0,-1,1,0,0,0,-1,0,0,0,0,0,-1,1,1,0,0,0,0,-1,0,-1,0,-1,0,0,1,0,0,0,0,1
391,0,0,0,1,0,-1,0,0,0,0,0,1,0,-1,-1,-1,0,-1,0,1,0,0,0,0,1,0,0,0,0,1,1,-1,0,0,0,0,0,0,0,0,0,0,0,0,0,0,-1,-1,1,0,1,1,-1,-1,0,0,-1,0,-1,-1,0,1,0,0
392,1,0,0,0,-1,0,0,0,0,0,0,0,1,0,0,1,0,0,0,0,-1,0,-1,0,0,0,0,1,0,-1,-1,0,-1,0,1,-1,0,0,0,0,-1,0,0,0,0,-1,0,1,1,0,0,0,-1,0,0,0,0,0,0,0,1,0,1,0
393,1,0,0,0,1,0,0,-1,1,0,0,0,0,-1,0,0,1,0,1,1,1,1,1,-1,0,0,0,0,0,0,0,0,0,0,0,1,0,0,0,0,0,0,0,-1,0,-1,0,0,0,0,0,0,1,0,0,-1,0,0,0,0,0,0,0,0
394,-1,0,0,0,1,0,0,0,0,-1,0,0,0,0,0,0,1,-1,1,0,0,0,0,1,0,0,0,1,0,0,1,1,0,0,0,0,0,0,0,-1,1,0,0,0,0,0,-1,0,0,1,0,0,1,0,1,0,-1,0,0,0,0,0,1,0
395,0,0,0,0,0,0,0,1,0,0,0,0,0,0,0,0,0,-1,-1,0,0,1,-1,0,0,0,1,1,0,1,0,0,-1,0,0,0,0,-1,0,-1,0,0,0,0,0,1,1,-1,1,0,0,-1,0,-1,0,0,0,1,0,0,1,0,-1,0
396,1,0,1,0,-1,0,0,1,-1,0,0,0,0,0,0,0,0,-1,-1,0,0,0,0,-1,0,0,0,1,1,1,0,0,0,0,0,0,0,1,0,0,0,0,0,-1,0,0,1,0,0,0,0,0,1,-1,0,0,1,-1,-1,0,0,0,0,0
397,0,-1,0,1,0,1,1,0,1,0,-1,-1,1,0,0,0,1,-1,0,1,-1,0,0,0,0,1,0,0,0,0,0,-1,0,0,1,0,1,0,1,0,0,0,0,0,-1,0,0,1,0,0,0,1,0,0,-1,0,-1,0,1,-1,1,-1,0,0
398,0,0,0,0,-1,0,0,1,0,0,0,0,0,0,0,0,0,0,0,0,0,1,1,-1,-1,0,0,0,0,-1,1,0,0,0,0,0,0,0,0,0,0,0,0,0,0,0,1,0,-1,1,0,0,0,0,0,0,0,-1,0,0,-1,0,0,-1
399,1,0,1,0,0,0,0,0,1,0,1,0,0,0,0,0,1,0,0,0,0,1,0,0,0,0,0,0,1,-1,-1,0,0,-1,0,1,0,1,0,-1,0,0,0,1,1,0,0,0,0,1,0,0,0,0,-1,1,1,-1,0,-1,0,0,-1,0
400,0,-1,0,0,1,0,0,0,0,0,0,0,0,0,0,0,-1,0,0,1,-1,0,1,-1,0,0,-1,0,0,0,0,0,0,0,0,1,0,1,0,0,0,0,1,-1,0,0,0,-1,0,0,0,1,0,0,0,0,1,1,0,0,-1,-1,0,1
401,0,0,-1,-1,0,-1,0,1,0,0,0,0,-1,0,0,0,0,1,0,0,0,-1,-1,-1,0,0,0,0,0,-1,0,0,1,0,0,0,0,0,0,-1,0,0,0,0,0,0,1,0,1,0,0,0,1,1,0,1,0,1,0,-1,0,-1,0,0
402,0,-1,0,0,0,0,0,0,0,-1,0,1,0,0,0,0,0,1,0,1,0,-1,1,0,1,0,0,0,0,0,-1,0,1,0,1,-1,-1,0,0,0,0,1,-1,0,0,1,0,0,-1,1,0,0,0,0,0,1,-1,-1,0,1,0,1,-1,0
403,0,0,0,0,0,0,-1,0,1,-1,1,1,1,0,-1,0,0,-1,1,1,0,0,0,1,1,1,-1,1,0,-1,1,0,0,0,-1,1,1,0,0,0,0,0,-1,1,-1,-1,0,1,-1,0,0,0,0,1,1,-1,0,0,-1,1,0,0,1,0
404,0,0,0,0,0,0,0,0,0,-1,1,0,0,0,0,0,0,0,0,0,1,1,0,0,-1,0,0,1,0,0,-1,1,-1,0,0,0,-1,0,1,0,-1,0,1,-1,0,1,0,0,1,0,1,1,1,-1,0,-1,0,0,0,0,0,0,0,0
405,0,1,0,-1,0,-1,-1,0,0,1,0,-1,0,0,0,-1,-1,-1,0,1,-1,1,1,0,0,-1,-1,0,0,0,0,0,1,0,0,0,0,1,0,0,-1,0,-1,1,0,0,1,-1,0,0,1,0,0,1,0,0,0,0,-1,0,0,0,0,0
406,0,0,0,0,0,0,0,-1,0,1,0,-1,-1,0,-1,0,1,-1,1,0,-1,1,-1,-1,1,0,0,0,0,-1,0,-1,0,0,0,0,-1,0,-1,0,1,0,0,0,-1,0,0,0,0,0,0,0,0,0,0,-1,-1,0,0,-1,-1,-1,0,0
407,0,0,1,-1,0,0,0,0,0,0,0,0,1,1,0,0,0,0,-1,0,0,0,-1,0,0,0,0,0,0,0,0,0,0,-1,1,-1,1,0,-1,0,-1,0,0,-1,-1,0,-1,0,0,0,-1,0,0,0,0,0,0,0,0,0,0,0,0,0
408,-1,0,0,-1,1,0,-1,-1,0,0,-1,0,0,0,-1,0,0,1,0,0,1,0,0,0,0,0,0,0,0,0,0,-1,1,0,0,1,-1,1,0,0,0,0,0,0,-1,0,0,0,0,1,0,0,-1,0,0,0,0,-1,-1,0,0,0,0,0
409,0,1,-1,-1,1,-1,0,0,0,0,0,1,0,1,0,0,0,0,1,0,0,0,1,0,1,0,0,0,0,-1,0,0,1,0,0,0,0,-1,0,0,0,0,0,0,1,0,0,1,-1,0,1,0,0,1,-1,-1,0,0,-1,1,0,0,-1,0
410,1,-1,-1,1,0,-1,0,0,1,0,0,1,0,0,0,0,-1,0,1,0,0,0,1,0,0,-1,-1,0,0,0,0,1,0,0,-1,0,0,1,0,-1,0,0,-1,0,0,-1,0,0,0,0,0,0,1,0,0,1,1,0,0,0,-1,0,0,0
411,0,0,0,0,0,0,0,1,0,0,0,0,0,0,0,0,-1,0,1,0,0,0,-1,0,0,0,1,1,0,0,0,0,-1,-1,0,0,0,0,0,0,0,0,0,1,1,0,1,1,0,0,0,0,-1,-1,1,-1,-1,0,-1,-1,0,-1,0,1
412,0,0,0,1,0,-1,1,0,0,-1,-1,1,0,0,0,0,0,-1,1,1,0,0,0,0,-1,0,0,-1,0,0,0,0,-1,0,0,-1,0,0,1,0,1,1,0,0,0,0,0,0,1,0,-1,-1,1,0,-1,0,0,0,0,0,1,0,0,0
413,0,-1,1,1,0,-1,0,0,1,-1,0,0,0,1,0,0,0,0,0,1,1,0,0,0,-1,-1,0,0,0,0,1,1,1,0,0,0,0,0,0,-1,-1,0,-1,0,-1,0,0,0,0,0,-1,0,-1,0,0,0,0,0,0,0,0,0,0,0
414,-1,1,0,0,1,0,0,0,0,0,0,0,1,0,0,0,0,0,1,1,0,1,0,0,0,0,1,1,0,0,-1,0,0,0,0,0,1,1,-1,0,0,-1,-1,0,1,0,0,0,0,1,0,-1,1,-1,0,0,0,1,0,0,1,0,1,0
415,0,1,0,1,0,0,0,0,1,-1,-1,0,0,0,-1,0,0,1,-1,0,0,0,0,0,-1,0,0,1,0,-1,0,1,-1,0,0,0,1,-1,-1,0,1,0,0,0,1,-1,1,0,0,0,0,-1,0,0,0,0,0,0,0,0,0,0,0,1
416,-1,0,0,0,1,0,-1,0,1,0,0,0,0,0,0,0,-1,0,0,0,1,-1,0,1,0,1,0,0,0,0,-1,0,1,-1,0,0,1,0,-1,1,0,-1,-1,-1,0,0,0,0,0,0,0,0,-1,-1,0,0,0,0,0,0,-1,0,0,0
417,0,-1,0,0,0,-1,-1,0,0,0,1,1,-1,1,0,1,0,0,0,0,-1,-1,1,0,-1,1,0,-1,1,0,1,-1,0,1,0,-1,0,1,1,0,-1,1,-1,0,0,-1,1,0,0,0,0,0,1,0,0,0,1,0,0,0,0,1,-1,-1
418,0,0,0,1,0,-1,0,1,1,-1,1,-1,0,0,1,-1,0,0,1,0,1,0,0,0,0,-1,0,0,0,1,0,0,-1,0,-1,0,0,0,0,1,0,0,0,0,-1,0,1,-1,0,-1,0,1,0,0,-1,0,0,-1,0,0,0,0,-1,0
419,-1,1,0,0,1,0,0,-1,0,-1,1,0,0,0,0,-1,0,1,0,-1,0,0,0,0,1,-1,0,0,0,0,-1,0,0,-1,0,0,0,0,0,-1,-1,0,1,0,1,0,0,0,0,0,0,0,0,0,0,0,0,0,0,-1,-1,0,0,1
420,0,-1,0,-1,0,1,1,0,0,-1,1,0,0,1,0,-1,0,-1,-1,0,0,0,0,0,0,0,-1,0,0,0,0,0,0,-1,-1,0,0,0,-1,1,1,0,0,0,-1,0,0,0,1,0,0,1,1,1,0,0,0,-1,0,0,-1,-1,1,-1
421,0,0,0,1,0,0,0,0,0,-1,0,0,1,0,0,1,1,0,1,-1,0,0,0,0,0,0,-1,-1,1,0,1,1,0,-1,-1,0,1,-1,1,0,0,-1,1,0,1,0,0,1,1,-1,-1,1,0,0,0,0,0,1,0,1,0,0,0,1
422,0,0,0,0,0,-1,0,0,1,1,0,-1,1,0,1,0,-1,-1,0,0,0,0,-1,0,0,1,0,0,0,0,-1,0,0,0,0,0,1,-1,-1,0,0,1,1,0,0,0,0,0,-1,0,0,0,-1,0,1,1,0,0,0,0,1,0,1,0
423,0,0,0,0,0,-1,0,-1,0,0,0,-1,0,1,-1,0,0,0,0,-1,0,-1,0,0,0,0,1,0,0,0,0,0,0,0,1,0,0,0,-1,0,-1,0,0,1,0,0,-1,0,1,0,0,0,0,-1,0,0,1,-1,0,1,0,0,1,0
424,0,-1,0,-1,1,0,0,0,0,0,-1,0,0,-1,0,0,1,1,-1,-1,0,0,0,0,0,1,0,0,0,0,-1,1,0,0,-1,0,-1,0,0,-1,1,0,0,0,-1,1,-1,0,0,0,1,-1,0,1,0,0,0,0,0,0,0,0,0,0
425,1,0,0,0,0,0,-1,-1,0,0,0,0,0,1,0,0,0,0,0,0,0,0,0,0,0,0,-1,0,1,-1,0,0,1,-1,0,0,0,0,0,0,-1,1,1,1,0,0,-1,0,-1,1,1,0,0,0,0,0,-1,1,0,0,0,0,-1,0
426,0,0,-1,0,-1,0,0,0,0,0,0,0,1,-1,0,1,0,0,0,1,0,1,0,0,-1,0,1,1,-1,1,-1,0,0,0,0,0,1,0,-1,-1,0,0,0,0,0,0,0,0,0,0,0,1,0,0,1,1,-1,0,-1,0,0,1,-1,0
427,1,-1,0,0,1,-1,1,1,-1,0,0,-1,0,0,0,1,0,0,1,0,0,0,0,0,1,0,-1,-1,-1,0,0,-1,0,1,0,0,-1,1,0,1,0,0,0,-1,1,0,0,0,0,1,0,0,1,0,0,0,0,0,0,0,-1,0,1,0
428,0,1,0,0,0,0,0,0,0,0,-1,1,-1,0,0,0,0,0,0,0,-1,0,1,-1,-1,0,0,0,0,1,0,0,0,0,0,-1,-1,0,0,0,0,-1,-1,-1,0,1,-1,1,0,0,0,0,-1,-1,0,1,-1,-1,0,1,0,0,0,0
429,0,0,-1,1,0,0,0,0,0,0,1,0,0,0,0,-1,0,1,0,0,0,0,0,-1,0,0,0,1,0,-1,0,-1,0,0,-1,0,0,1,0,0,0,0,0,0,0,0,0,0,1,0,0,0,0,0,0,0,1,1,0,1,1,0,0,0
430,0,0,0,0,1,1,0,0,0,0,0,-1,0,0,0,-1,-1,-1,0,1,0,-1,1,0,1,0,0,0,1,1,0,-1,1,0,0,0,0,0,-1,-1,0,0,0,1,-1,0,1,-1,-1,0,0,1,1,0,-1,0,0,1,-1,0,0,1,0,0
431,0,0,-1,1,1,0,1,1,0,-1,0,0,0,0,0,0,0,-1,0,-1,0,0,1,0,0,0,-1,0,0,0,0,-1,0,-1,-1,1,0,1,0,0,0,1,0,0,0,0,0,0,0,-1,-1,0,0,-1,0,-1,0,0,0,1,0,1,0,0
432,-1,0,-1,0,0,0,0,-1,-1,0,1,1,0,0,-1,0,0,0,0,0,1,0,0,0,0,0,0,-1,-1,0,-1,0,1,0,0,0,0,1,-1,-1,0,0,0,0,0,1,0,0,0,0,0,0,0,1,-1,-1,-1,0,0,0,0,1,0,0
433,1,1,0,0,0,-1,-1,0,0,0,0,0,0,0,0,1,-1,0,0,1,0,0,0,0,0,0,0,0,1,-1,0,1,-1,1,0,0,0,1,0,0,0,0,-1,1,0,0,0,0,0,0,0,-1,0,0,0,-1,0,0,0,-1,0,1,-1,1
434,0,-1,0,0,-1,0,-1,-1,0,0,0,-1,1,1,1,0,0,-1,1,0,0,0,0,0,0,0,0,1,0,-1,0,0,-1,0,0,0,0,0,0,1,-1,0,0,-1,0,1,0,0,0,0,0,0,0,0,0,0,0,0,1,0,0,0,1,0
435,-1,0,0,0,1,0,0,0,-1,0,1,0,-1,0,0,0,0,0,0,1,1,0,0,0,0,-1,-1,0,-1,0,0,0,0,0,0,0,-1,0,0,0,0,0,0,0,1,0,0,1,0,0,-1,0,-1,-1,0,0,0,0,-1,1,0,0,0,0
436,0,0,-1,0,1,0,0,0,1,0,0,0,0,-1,0,0,-1,0,0,0,1,0,0,-1,0,1,0,1,0,1,0,0,1,0,0,1,-1,1,0,0,-1,0,0,0,1,-1,0,0,0,0,0,0,0,1,0,0,0,1,0,0,0,-1,0,0
437,-1,-1,-1,1,0,0,0,0,0,1,0,0,-1,0,-1,1,0,1,-1,0,1,1,0,1,0,0,0,-1,-1,1,1,0,0,0,0,0,0,0,0,-1,0,0,0,0,-1,1,0,0,0,-1,0,0,0,0,1,0,0,0,0,0,0,-1,0,1
438,0,0,1,0,-1,-1,0,-1,0,0,0,-1,0,-1,0,0,0,0,-1,0,0,0,1,0,0,-1,-1,0,-1,0,0,0,0,0,0,0,1,0,1,0,0,0,-1,0,0,0,-1,0,0,1,0,0,0,0,0,0,0,0,0,0,0,0,0,0
439,0,-1,0,0,1,0,0,0,0,0,0,0,0,0,0,1,-1,0,-1,0,0,0,0,0,0,0,0,0,1,0,0,1,-1,0,0,-1,0,0,0,0,0,0,0,1,0,0,-1,0,0,1,0,0,0,-1,0,0,0,1,1,0,0,0,1,0
440,1,-1,0,0,0,-1,0,1,0,0,1,0,0,0,0,0,-1,-1,0,-1,-1,-1,0,0,0,1,-1,0,0,0,0,0,0,0,-1,0,-1,0,-1,0,0,-1,0,-1,0,1,0,0,0,0,0,0,0,0,0,0,0,0,0,0,0,0,-1,0
441,1,-1,0,0,0,1,-1,-1,-1,-1,0,-1,0,1,0,0,-1,0,0,0,0,0,-1,0,0,0,-1,1,-1,-1,0,1,0,0,0,1,-1,1,0,0,0,0,1,0,0,-1,-1,-1,0,1,0,0,0,0,0,0,0,0,0,0,0,0,0,0
442,0,0,0,-1,0,0,0,1,0,-1,0,-1,0,-1,1,1,-1,0,1,1,0,0,0,0,0,0,0,0,-1,0,0,0,0,0,-1,0,-1,0,-1,1,0,0,1,0,1,1,1,-1,0,1,1,0,0,0,1,0,1,1,1,0,0,1,1,0
443,-1,0,0,-1,0,0,0,-1,0,0,0,-1,-1,0,-1,0,0,-1,0,0,-1,0,0,0,1,0,0,0,0,0,0,-1,0,0,-1,-1,0,0,0,1,0,-1,0,0,0,1,0,-1,0,0,0,1,0,0,0,0,1,0,0,0,1,1,1,0
444,0,0,0,1,0,0,0,1,0,1,0,0,0,0,1,1,0,-1,0,0,1,0,-1,1,-1,0,-1,-1,0,0,0,-1,1,0,-1,0,1,-1,-1,0,1,0,0,0,0,0,0,0,-1,0,0,0,1,0,-1,0,0,0,0,0,0,0,0,0
445,0,0,-1,0,0,1,-1,1,0,0,0,1,0,1,0,0,0,-1,0,0,0,0,1,0,-1,0,1,1,0,0,0,-1,0,-1,1,1,0,0,0,-1,0,0,0,0,1,0,-1,0,0,0,1,-1,0,0,-1,-1,1,0,-1,0,0,-1,0,-1
446,-1,1,0,-1,1,-1,0,0,-1,0,0,0,0,0,0,0,1,0,0,0,0,0,0,0,0,0,0,0,0,0,0,0,-1,-1,0,1,0,0,-1,0,0,0,0,0,-1,0,0,0,0,1,0,0,0,0,1,0,0,0,0,0,0,0,0,-1
447,-1,1,0,0,0,0,0,0,0,0,1,-1,-1,-1,0,0,0,-1,1,0,0,0,0,0,1,0,1,1,1,0,0,-1,0,1,0,0,1,0,0,0,0,0,1,0,-1,0,0,0,0,0,0,-1,0,1,-1,0,-1,0,0,1,-1,0,1,0
448,0,1,1,0,1,0,0,0,0,0,1,-1,-1,0,0,0,0,-1,0,1,1,0,0,0,0,1,0,0,0,0,1,0,-1,0,0,0,1,-1,0,-1,0,0,1,0,1,1,0,0,0,1,0,1,0,0,-1,-1,0,1,0,0,0,-1,-1,0
449,-1,0,0,0,0,0,0,0,0,0,1,0,0,-1,-1,1,0,0,0,-1,1,1,-1,1,-1,0,0,1,-1,0,0,0,-1,0,-1,1,1,0,0,0,0,0,0,-1,-1,1,0,0,0,-1,0,0,0,0,0,0,0,0,0,0,1,0,0,0
450,0,1,1,0,0,0,0,1,0,-1,0,0,-1,0,0,-1,0,0,0,0,0,1,1,0,0,0,0,0,0,1,0,0,-1,1,0,1,0,0,0,0,1,1,-1,0,0,0,-1,0,0,0,0,0,1,0,0,0,1,0,0,0,1,0,-1,0
451,0,0,0,0,0,0,0,0,0,0,0,-1,0,0,0,0,1,0,0,0,-1,0,0,0,-1,1,0,0,0,0,0,0,0,0,0,0,0,0,-1,0,-1,1,0,0,0,-1,0,0,0,0,1,0,0,0,0,1,1,0,1,0,1,0,1,0
452,1,-1,-1,0,0,-1,0,-1,-1,1,0,0,1,0,0,0,0,0,0,-1,0,0,0,0,1,0,0,0,-1,0,1,1,-1,0,0,0,-1,0,-1,0,0,0,1,0,0,0,-1,0,0,0,1,-1,0,0,0,0,0,0,1,0,0,-1,-1,0
453,0,1,0,0,0,-1,0,-1,0,1,0,1,0,1,0,-1,0,-1,-1,0,0,0,0,0,0,1,0,1,-1,0,-1,1,0,0,1,0,-1,0,0,0,0,0,0,0,0,-1,0,-1,-1,-1,0,0,0,0,0,0,0,0,-1,0,1,0,-1,0
454,0,0,1,1,0,-1,-1,-1,0,0,0,0,-1,0,0,0,0,1,-1,1,0,-1,0,0,1,0,1,0,-1,0,1,1,1,-1,0,1,-1,0,0,0,0,-1,1,1,0,0,0,0,0,0,-1,0,0,0,1,0,1,0,0,0,0,0,-1,0
455,1,0,0,0,-1,0,0,0,0,0,0,0,0,0,0,0,0,0,-1,1,0,0,0,0,0,-1,0,0,0,-1,-1,1,0,0,1,0,0,0,1,0,0,1,0,0,0,0,0,-1,0,0,0,-1,0,1,1,0,1,0,0,1,0,0,0,0
456,0,-1,0,0,0,-1,-1,0,0,0,0,0,0,0,1,0,0,0,0,0,0,0,-1,0,0,0,0,0,0,1,1,0,0,1,0,0,0,0,1,0,1,-1,0,1,0,0,0,0,1,0,0,-1,0,0,0,-1,0,0,-1,0,0,0,-1,-1
457,0,0,1,0,-1,0,1,0,0,0,0,0,0,1,0,1,-1,0,0,0,0,0,-1,1,-1,0,1,1,0,-1,0,0,1,0,1,0,-1,-1,0,0,-1,-1,-1,-1,0,1,0,0,0,0,-1,0,1,1,1,0,0,0,1,-1,0,0,-1,1
458,0,0,0,-1,0,1,0,0,0,0,-1,0,0,0,0,0,-1,0,-1,0,-1,0,0,0,0,0,0,0,1,0,0,-1,0,0,0,0,0,1,1,0,0,0,-1,-1,0,0,0,0,-1,-1,0,0,0,0,-1,0,0,0,0,0,0,-1,0,0
459,0,-1,0,0,0,-1,0,0,0,0,0,0,0,1,1,-1,-1,1,1,0,0,0,0,-1,1,0,-1,0,0,0,0,0,0,1,1,0,0,0,0,0,0,-1,0,1,1,0,0,1,0,0,0,1,1,0,0,0,0,0,-1,0,0,0,-1,0
460,0,-1,0,1,1,0,0,0,0,0,-1,0,-1,0,0,1,0,0,0,-1,0,0,0,-1,0,-1,0,-1,0,-1,-1,0,0,-1,-1,1,0,0,0,-1,1,0,0,0,0,-1,0,-1,0,0,-1,-1,-1,-1,0,0,-1,0,-1,1,1,0,0,-1
461,-1,1,-1,0,1,0,-1,-1,0,0,0,0,0,0,0,0,1,0,1,0,0,1,0,0,0,1,1,0,-1,1,0,0,0,1,0,-1,1,0,-1,0,1,-1,0,1,0,0,0,0,0,1,1,1,-1,-1,1,1,0,-1,0,1,0,-1,0,0
462,0,0,0,0,1,0,0,0,0,1,1,1,0,-1,0,1,0,0,1,0,0,0,-1,0,0,0,0,0,0,1,0,-1,0,-1,0,1,0,1,0,0,0,-1,1,0,1,0,0,1,1,1,0,1,1,0,0,0,-1,0,0,0,0,0,0,0
463,1,-1,0,1,1,0,1,0,-1,0,1,1,1,0,-1,0,0,0,0,0,-1,0,0,0,0,0,0,-1,0,1,1,0,-1,0,-1,-1,0,0,1,0,0,0,0,0,0,-1,0,0,1,0,0,0,0,0,0,0,0,0,0,0,0,0,0,1
464,0,0,1,-1,0,1,0,0,-1,0,-1,0,0,-1,1,0,0,0,0,0,0,1,1,0,0,0,0,0,0,0,0,0,-1,0,0,-1,0,0,-1,0,-1,0,0,0,0,0,0,0,0,0,0,0,-1,1,-1,1,0,-1,0,0,0,0,0,0
465,1,0,0,0,0,0,0,1,0,0,0,0,0,-1,-1,0,0,0,0,1,0,0,0,0,0,0,0,0,0,0,1,0,-1,0,1,0,1,0,1,1,0,0,0,0,0,0,0,0,-1,0,-1,0,0,-1,0,0,-1,0,0,0,0,0,0,0
466,0,0,0,0,0,0,-1,0,0,0,-1,-1,0,0,-1,0,0,0,0,-1,0,0,1,-1,0,0,-1,0,1,0,0,1,0,0,0,0,-1,0,1,0,1,-1,-1,-1,0,1,1,0,0,0,0,0,0,-1,0,-1,0,1,0,0,0,0,0,-1
467,0,0,0,0,0,-1,1,0,0,0,0,0,0,0,-1,0,0,0,-1,0,1,1,0,0,0,1,1,0,0,0,0,1,-1,0,-1,0,0,1,0,1,0,0,0,-1,0,-1,0,0,0,0,-1,1,0,0,-1,0,0,0,0,0,-1,-1,-1,-1
468,0,0,-1,1,1,0,0,0,-1,0,1,-1,1,-1,0,0,0,0,-1,-1,1,0,0,0,0,0,0,0,0,-1,0,-1,1,0,0,1,1,1,-1,0,0,0,0,-1,-1,0,1,-1,0,0,0,0,-1,0,0,1,0,1,-1,0,0,0,1,-1
469,-1,0,-1,0,0,0,1,1,0,0,0,1,0,0,0,1,0,-1,-1,0,-1,0,-1,0,0,1,0,0,1,1,0,0,0,1,0,0,0,0,0,0,0,0,0,0,0,0,1,-1,0,0,0,1,-1,1,0,0,0,0,0,1,0,1,0,0
470,-1,1,0,0,0,0,0,0,1,0,0,0,0,1,1,0,0,0,0,0,0,0,-1,0,0,-1,0,-1,0,0,0,1,1,0,0,-1,0,1,-1,0,0,0,0,-1,0,0,-1,0,1,0,0,-1,1,-1,-1,0,1,0,0,-1,0,-1,1,0
471,-1,0,0,0,-1,0,0,0,0,0,-1,0,0,0,0,0,-1,0,-1,0,1,0,-1,0,1,1,0,0,-1,-1,-1,0,-1,0,0,0,1,0,1,0,0,0,0,0,0,0,-1,0,1,0,0,0,0,0,-1,0,1,0,0,0,-1,-1,0,0
472,0,0,-1,1,0,0,0,-1,0,-1,0,0,0,0,0,0,1,0,0,0,0,-1,0,0,-1,-1,0,0,1,0,0,-1,-1,0,0,-1,0,0,0,-1,0,1,0,0,0,0,-1,0,0,0,0,0,-1,-1,1,0,0,0,-1,0,0,1,0,0
473,0,0,0,0,1,0,1,-1,-1,1,0,-1,0,0,0,0,-1,0,0,0,0,0,0,0,-1,0,1,0,0,0,0,-1,0,0,0,-1,0,0,0,-1,0,0,1,0,0,1,0,1,-1,0,1,0,0,0,1,0,0,0,0,0,0,0,-1,-1
474,0,0,-1,-1,0,1,0,0,-1,0,1,0,0,-1,0,0,-1,1,0,1,-1,0,0,1,0,-1,0,0,0,0,0,0,1,-1,0,0,0,1,0,-1,0,0,0,0,0,0,1,0,0,1,-1,0,0,0,0,-1,-1,0,0,0,-1,1,0,0
475,0,0,-1,-1,0,1,0,0,0,1,0,0,-1,-1,0,-1,0,0,1,0,0,1,0,0,-1,0,0,-1,0,0,0,-1,0,0,0,0,-1,0,1,1,0,1,0,1,0,1,0,0,1,-1,0,0,-1,1,0,-1,0,-1,1,0,0,0,0,0
476,-1,1,0,0,0,0,0,0,0,0,0,0,0,0,0,1,0,0,1,0,0,0,0,-1,0,0,0,0,0,1,-1,0,0,0,1,-1,0,0,1,0,0,-1,0,0,0,0,-1,1,0,0,0,0,0,0,0,-1,0,1,1,0,-1,0,0,0
477,-1,0,0,0,-1,0,0,0,1,0,-1,0,1,1,0,-1,-1,0,0,0,0,1,1,0,0,0,-1,-1,1,0,0,1,-1,0,0,0,0,0,0,0,1,1,0,-1,-1,0,0,0,0,0,1,0,0,0,0,0,-1,0,0,1,1,0,-1,0
478,0,0,0,1,0,0,0,0,0,-1,0,0,0,1,-1,0,0,1,0,0,0,0,0,0,0,0,0,0,0,1,-1,0,0,0,0,0,0,-1,1,1,0,0,0,-1,0,0,0,1,0,0,0,-1,1,0,-1,-1,0,0,0,1,0,0,0,1
479,0,0,1,0,0,0,1,0,0,1,1,-1,1,0,1,0,0,0,1,0,0,0,0,0,-1,-1,-1,-1,-1,0,-1,0,0,0,1,0,0,-1,0,0,1,0,0,1,0,0,0,0,-1,0,0,0,0,0,1,1,0,0,-1,0,0,1,0,1
480,0,0,0,0,-1,0,-1,-1,0,0,0,0,0,-1,0,0,1,0,0,1,0,1,1,-1,1,0,1,0,1,0,0,0,-1,-1,0,0,0,0,0,0,0,0,0,-1,0,0,-1,0,0,0,-1,0,0,0,0,0,0,0,0,0,0,0,0,0
481,0,0,0,0,0,1,1,0,1,0,-1,0,-1,0,1,0,-1,0,0,0,-1,0,0,-1,0,0,0,0,0,0,0,0,0,0,0,1,0,0,0,0,0,1,0,0,1,-1,0,0,-1,1,0,0,1,0,0,0,-1,0,1,0,1,0,1,0
482,0,0,0,0,0,-1,0,-1,1,0,0,0,1,0,-1,0,0,1,0,-1,0,1,0,1,0,0,1,-1,0,0,0,0,0,1,0,0,0,0,0,-1,0,0,0,0,0,0,0,0,-1,0,0,0,0,0,0,0,1,1,0,0,0,0,0,0
483,0,1,0,0,0,0,1,1,0,0,0,1,0,1,1,0,1,-1,-1,0,0,0,0,0,1,0,0,0,1,-1,1,0,0,1,-1,0,0,0,0,1,0,1,1,0,0,0,0,0,0,-1,0,0,1,0,1,0,0,0,0,0,0,0,0,0
484,0,-1,0,0,0,0,-1,1,0,0,0,-1,0,0,0,-1,-1,0,0,1,0,0,0,0,0,0,0,1,1,0,0,1,1,-1,-1,0,0,0,1,-1,0,-1,0,0,-1,0,-1,0,0,0,0,-1,-1,-1,-1,1,-1,-1,1,0,0,1,0,0
485,0,-1,0,0,-1,0,0,0,0,0,1,0,-1,-1,-1,0,-1,0,0,1,0,-1,1,0,0,-1,0,0,1,0,0,0,0,0,0,-1,0,-1,0,1,0,1,1,0,0,-1,0,0,0,-1,0,0,0,1,0,1,1,1,-1,0,0,0,0,0
486,0,0,0,0,0,-1,0,-1,0,0,0,0,0,0,0,0,0,0,0,0,-1,1,0,0,0,0,0,0,0,-1,-1,0,0,0,-1,1,-1,-1,0,0,0,0,1,0,0,0,0,0,0,1,-1,0,0,0,0,0,0,0,1,0,-1,0,0,0
487,0,0,0,1,-1,0,1,0,-1,0,1,1,0,1,-1,1,0,0,0,0,0,-1,0,1,1,-1,0,0,0,1,0,0,0,-1,1,0,0,0,0,0,-1,0,0,1,1,-1,0,0,1,0,0,1,0,0,1,1,0,0,0,0,0,-1,0,0
488,0,0,-1,0,1,1,1,0,0,0,0,1,0,0,-1,-1,0,-1,0,0,-1,0,-1,0,1,-1,0,0,1,-1,0,-1,1,0,0,1,-1,1,0,0,0,1,0,1,0,0,0,1,0,0,0,0,0,0,0,0,-1,0,-1,0,0,0,0,0
489,0,0,0,0,0,0,0,0,0,1,-1,0,0,0,1,1,0,0,0,0,1,0,0,0,-1,-1,-1,0,0,0,0,0,1,-1,-1,-1,1,0,1,1,0,0,-1,0,0,0,1,0,0,0,0,-1,0,0,1,0,0,0,-1,0,1,0,1,0
490,0,0,-1,0,0,0,0,1,1,0,1,0,0,0,1,0,1,0,0,0,1,0,0,0,0,-1,0,0,0,0,-1,0,0,0,0,1,-1,0,0,0,0,0,-1,0,0,-1,0,-1,1,1,0,1,-1,0,0,0,0,0,0,0,-1,0,0,1
491,0,0,-1,0,1,0,-1,-1,-1,0,-1,1,0,1,-1,0,1,0,1,-1,0,1,0,-1,1,0,1,1,-1,0,0,0,0,0,0,0,0,0,0,-1,0,0,0,0,1,-1,1,0,0,0,-1,0,0,1,0,0,0,0,-1,0,0,0,0,0
492,-1,0,0,1,1,0,0,0,0,1,0,0,0,0,0,-1,0,1,1,0,1,0,-1,-1,0,-1,0,1,0,1,1,-1,0,1,1,0,-1,0,0,0,0,1,0,0,0,0,0,1,0,1,0,1,1,0,1,0,0,-1,0,0,0,1,0,-1
493,0,0,0,0,0,0,0,0,0,0,0,0,1,-1,0,0,1,0,-1,1,-1,0,0,1,0,0,-1,-1,0,-1,0,-1,0,0,0,-1,1,0,0,0,0,1,0,0,0,1,0,0,0,0,0,1,0,0,0,-1,0,0,0,0,-1,0,0,0
494,1,0,-1,0,0,1,0,-1,1,0,-1,0,0,0,-1,0,0,0,0,0,0,-1,0,-1,0,-1,0,0,0,0,0,0,0,0,0,-1,0,1,1,0,0,0,0,1,1,0,-1,0,0,0,0,0,1,1,0,0,0,1,0,0,0,0,1,0
495,0,-1,-1,0,0,-1,-1,0,0,-1,0,0,0,0,-1,1,1,0,0,0,0,1,0,0,1,0,0,1,0,0,-1,-1,0,0,0,0,0,0,0,1,-1,-1,0,1,0,1,-1,0,0,1,0,1,0,0,-1,0,0,0,1,1,1,0,0,0
496,-1,-1,0,1,0,0,0,0,0,-1,1,0,0,0,0,0,0,0,1,0,0,1,-1,0,0,0,0,0,0,0,0,0,0,0,0,0,-1,0,0,-1,-1,0,0,0,0,0,-1,-1,0,-1,0,0,-1,0,1,0,-1,0,0,0,0,0,0,0
497,0,1,0,0,1,0,0,1,1,-1,0,0,0,-1,-1,-1,0,0,0,0,0,-1,0,0,1,0,0,0,-1,0,0,0,1,0,0,0,-1,0,0,1,-1,0,0,-1,1,1,0,0,-1,0,0,1,0,0,1,-1,0,-1,0,0,0,-1,1,0
498,-1,0,0,0,0,0,0,0,0,1,-1,0,0,0,1,0,0,0,0,0,0,0,1,0,0,0,1,0,-1,1,0,0,1,0,0,-1,0,0,0,0,0,0,1,0,1,1,0,1,0,0,0,0,0,0,1,0,0,-1,0,0,1,0,1,1
499,0,1,-1,-1,0,0,-1,1,0,0,0,1,0,-1,0,-1,0,0,-1,1,0,-1,-1,0,0,0,0,0,0,0,0,0,0,0,1,0,0,0,0,0,1,0,-1,0,1,0,0,0,0,0,-1,1,1,0,-1,0,1,0,0,0,1,0,1,0
500,0,1,-1,0,0,1,0,0,0,0,0,0,0,0,0,-1,0,1,0,0,-1,1,-1,-1,0,0,1,0,0,1,0,0,0,0,0,0,1,0,0,0,1,0,0,0,0,-1,0,0,0,-1,-1,1,-1,0,0,0,1,0,0,-1,-1,0,0,0
501,0,0,0,0,-1,1,0,0,1,1,0,0,-1,0,0,0,0,0,0,0,0,-1,-1,0,0,-1,0,1,0,0,0,0,0,0,0,-1,0,1,-1,0,0,-1,0,0,0,0,0,0,1,-1,1,-1,0,1,0,-1,0,-1,-1,0,0,-1,0,0
502,0,0,0,0,0,0,-1,1,1,1,1,-1,0,0,0,0,0,0,-1,1,1,0,-1,0,0,0,0,-1,1,-1,0,0,0,0,0,0,0,-1,1,0,0,0,0,0,0,0,1,0,0,0,1,0,0,-1,0,0,0,0,-1,0,-1,0,0,0
503,0,0,0,0,0,0,0,0,0,0,0,1,1,0,0,1,0,0,0,-1,0,1,0,1,0,0,0,1,0,0,1,-1,0,0,0,0,0,0,0,0,0,0,0,0,0,0,0,0,0,-1,1,0,0,1,0,0,0,-1,1,-1,1,0,-1,1
504,0,0,-1,-1,0,-1,1,0,1,0,0,0,0,0,0,1,1,0,0,0,0,0,-1,1,0,0,-1,0,0,1,1,0,0,0,-1,1,0,0,0,1,0,0,1,0,0,0,0,0,0,1,0,-1,1,0,0,0,0,0,0,0,0,-1,1,-1
505,0,-1,1,0,0,1,0,0,1,0,1,0,-1,0,-1,0,-1,1,0,-1,1,0,0,1,0,1,0,1,0,0,1,0,0,0,0,0,0,1,0,-1,0,0,0,0,0,0,0,0,-1,-1,0,0,1,0,1,0,-1,0,-1,0,0,0,0,0
506,1,0,0,1,-1,0,0,0,-1,0,0,-1,0,1,0,0,0,0,0,-1,0,0,0,-1,1,0,1,-1,0,0,0,0,0,0,0,0,0,0,-1,0,0,1,0,1,-1,0,0,1,1,0,0,0,1,-1,0,0,0,0,1,0,1,0,0,0
507,0,0,0,0,0,0,0,0,0,0,-1,0,0,1,1,0,0,0,0,0,0,0,0,0,1,0,-1,0,0,-1,-1,1,0,0,0,0,0,0,-1,0,0,0,0,0,0,1,0,1,0,0,0,0,0,0,-1,0,1,0,0,0,0,0,0,1
508,1,1,0,1,0,0,0,0,-1,0,0,0,0,0,0,0,1,0,0,-1,0,1,0,1,-1,-1,0,-1,-1,0,0,1,0,0,-1,1,1,1,0,0,-1,1,0,0,-1,0,0,0,0,1,0,0,0,1,1,-1,0,-1,0,0,0,0,-1,0
509,1,0,1,0,0,-1,-1,0,0,0,1,1,-1,1,0,0,0,-1,0,0,1,-1,0,-1,0,0,0,-1,0,0,0,0,0,1,0,0,0,-1,0,0,1,-1,-1,1,0,-1,0,0,0,1,-1,-1,-1,0,0,0,0,1,0,0,0,0,0,-1
510,0,0,0,-1,-1,1,0,0,1,0,0,0,0,0,0,0,0,0,0,-1,0,0,-1,0,0,0,-1,0,0,0,-1,-1,-1,0,0,0,0,0,1,0,0,0,0,0,1,1,1,-1,0,0,-1,0,1,0,1,0,-1,0,-1,0,0,0,1,-1
511,0,0,0,-1,0,-1,0,0,-1,0,1,0,0,0,0,0,0,-1,-1,0,-1,-1,0,0,1,0,0,1,0,-1,1,0,0,0,0,1,-1,1,0,0,0,0,1,1,0,0,1,0,-1,-1,0,0,0,0,0,-1,0,0,1,0,0,0,-1,0
512,-1,0,-1,-1,0,0,1,0,-1,-1,0,1,-1,-1,0,0,0,0,-1,-1,1,-1,1,0,0,0,1,0,0,0,1,0,-1,0,0,1,0,0,0,0,0,-1,0,-1,-1,1,-1,0,-1,0,0,0,0,0,1,0,0,0,0,-1,0,0,0,1
513,1,1,0,0,0,0,0,1,0,1,0,0,0,0,0,0,-1,0,-1,0,0,0,1,0,1,-1,0,0,0,1,1,0,-1,0,0,-1,0,0,0,0,0,0,1,1,0,0,0,0,0,0,-1,0,1,0,0,0,0,-1,1,-1,0,-1,0,0
514,0,0,0,0,1,0,0,0,-1,-1,0,1,0,1,0,-1,-1,0,-1,0,1,0,0,0,0,0,0,0,0,0,0,0,-1,-1,1,0,0,1,0,0,1,1,0,-1,0,0,0,0,0,0,0,0,0,0,0,0,0,0,0,1,1,-1,0,0
515,-1,-1,0,0,0,0,0,1,0,0,0,0,-1,-1,0,0,0,0,0,0,1,0,-1,0,0,0,0,-1,1,1,1,0,0,0,0,0,1,0,0,-1,0,0,0,1,0,0,-1,-1,0,0,0,0,0,0,1,1,1,0,0,0,-1,0,0,0
516,0,0,-1,1,-1,0,0,-1,0,0,0,1,0,0,0,0,0,0,0,0,-1,0,-1,0,-1,0,-1,0,-1,1,1,0,0,0,0,0,0,0,-1,0,0,0,0,0,0,0,1,-1,0,0,0,1,-1,1,-1,0,1,0,0,0,-1,0,0,-1
517,0,1,0,0,-1,0,0,1,0,0,1,0,0,0,0,0,1,0,-1,0,0,0,0,0,0,1,0,0,0,0,0,0,0,0,0,0,0,0,0,1,0,0,-1,0,0,0,0,0,0,0,-1,-1,0,0,0,1,-1,0,0,0,1,0,-1,1
518,0,1,1,-1,0,0,0,0,0,0,-1,0,-1,0,0,0,0,1,-1,0,0,1,-1,0,-1,0,1,0,0,0,-1,0,0,0,0,0,0,0,0,-1,1,0,-1,0,0,1,-1,-1,0,0,-1,0,1,0,0,-1,1,1,1,0,0,-1,0,1
519,-1,0,1,0,0,-1,0,1,-1,1,0,-1,1,0,-1,-1,0,0,1,1,0,0,0,0,-1,0,0,0,1,1,0,0,0,-1,1,1,0,0,0,1,1,0,0,0,0,1,0,0,-1,-1,1,0,0,0,0,1,0,0,0,0,0,-1,0,0
520,0,0,0,0,-1,0,0,0,0,0,0,-1,0,0,0,0,0,0,-1,0,-1,0,0,-1,0,0,0,-1,0,0,0,0,-1,-1,0,0,0,-1,0,0,0,0,0,1,-1,0,1,0,0,-1,0,1,0,0,0,0,-1,-1,-1,0,-1,-1,0,-1
521,0,0,0,0,1,0,0,1,-1,1,-1,1,-1,1,1,0,0,0,1,0,0,0,-1,0,0,-1,0,0,0,0,0,0,0,0,-1,0,0,0,0,0,0,-1,0,0,0,0,0,1,1,0,0,-1,0,0,0,0,0,1,-1,0,0,0,0,0
522,0,0,0,1,0,0,0,0,0,0,0,0,-1,0,0,0,1,0,0,-1,0,0,0,0,1,0,0,0,0,0,-1,0,0,0,-1,0,-1,1,0,0,0,0,-1,1,0,0,0,0,0,0,-1,0,1,0,0,0,-1,0,0,1,1,0,0,0
523,0,1,-1,0,0,0,0,-1,0,1,0,0,0,0,0,0,0,0,0,0,0,1,-1,1,0,0,0,0,1,1,0,-1,0,0,0,0,-1,0,0,0,0,0,0,0,-1,0,0,0,0,1,0,0,0,0,-1,0,0,-1,1,0,0,0,0,0
524,0,0,1,-1,1,0,0,0,-1,0,0,1,0,1,1,-1,0,1,0,0,-1,0,1,0,0,0,-1,0,0,-1,0,1,-1,1,0,0,0,0,1,0,-1,0,0,0,-1,0,-1,-1,0,0,0,0,0,0,-1,0,0,0,0,1,0,-1,0,0
525,0,0,1,-1,0,1,0,0,-1,-1,0,-1,0,1,0,0,0,0,-1,0,0,-1,0,0,1,0,0,-1,-1,0,0,0,-1,1,0,0,0,-1,0,-1,0,0,0,0,0,0,0,0,0,1,0,0,-1,1,-1,0,0,1,0,0,0,0,0,0
526,0,0,0,0,0,-1,-1,1,0,1,-1,-1,0,0,0,0,0,0,0,0,0,0,0,0,0,0,0,0,-1,-1,0,0,0,0,0,0,0,-1,-1,0,-1,-1,0,1,0,-1,0,0,0,0,1,1,0,0,-1,0,0,0,1,0,-1,0,-1,0
527,0,1,0,0,0,1,0,-1,0,0,0,-1,0,-1,-1,1,0,1,0,0,0,0,0,-1,-1,-1,1,0,0,0,0,0,0,0,0,0,0,0,-1,-1,0,1,0,0,0,0,1,1,1,1,1,-1,0,0,0,0,0,-1,0,1,0,1,0,-1
528,0,0,0,1,0,-1,0,-1,1,0,0,0,-1,0,0,1,-1,0,1,0,0,0,-1,-1,0,0,0,0,0,0,1,0,0,0,0,-1,0,0,0,0,-1,0,-1,0,0,0,0,0,0,0,0,0,0,1,-1,0,0,-1,0,0,-1,0,0,0
529,1,0,0,1,-1,1,0,0,0,0,1,0,1,0,1,0,0,0,0,-1,0,0,0,0,0,0,0,0,-1,0,0,0,0,-1,1,0,0,1,1,0,1,0,1,0,0,-1,0,0,0,1,-1,0,-1,0,0,0,0,0,-1,-1,1,0,0,0
530,0,1,0,0,0,-1,0,0,-1,0,0,0,-1,0,1,1,0,1,-1,-1,1,0,-1,0,-1,0,0,1,-1,0,-1,0,0,0,0,1,0,0,1,0,-1,1,1,0,0,0,0,0,-1,0,0,0,1,0,-1,0,0,-1,0,0,1,-1,0,-1
531,0,1,0,0,0,1,0,1,-1,-1,0,0,0,0,0,0,0,0,-1,0,1,-1,0,0,0,0,0,1,1,0,0,1,0,0,1,-1,0,0,1,0,-1,-1,0,0,0,0,0,0,0,0,0,0,0,-1,-1,1,-1,0,0,0,0,0,0,0
532,-1,0,1,0,1,-1,0,0,0,-1,0,0,0,0,0,1,0,0,0,0,1,0,0,0,-1,1,0,0,0,0,-1,0,0,0,0,0,0,0,0,0,0,0,0,0,0,0,0,0,0,-1,-1,1,0,0,0,-1,0,0,-1,0,0,1,1,0
533,0,0,0,1,1,0,0,0,1,0,-1,0,0,0,-1,-1,-1,0,0,1,0,-1,0,-1,-1,0,0,0,0,0,0,-1,1,0,1,0,0,0,0,1,-1,0,-1,0,-1,0,-1,-1,0,0,0,0,0,-1,0,0,-1,0,0,0,0,0,0,0
534,-1,0,0,1,0,0,0,0,0,0,0,-1,0,-1,-1,0,0,0,-1,1,-1,0,-1,0,0,-1,0,1,0,-1,1,0,0,0,0,0,0,0,-1,0,-1,1,1,0,0,0,-1,0,-1,1,-1,0,0,0,0,1,0,0,-1,0,1,0,-1,1
535,0,-1,0,0,-1,0,-1,0,-1,0,0,-1,0,0,-1,0,0,0,0,0,0,0,0,0,1,0,1,0,0,0,0,0,0,1,0,0,0,0,0,0,-1,0,0,-1,-1,-1,1,1,-1,0,0,1,0,-1,0,0,1,0,1,0,1,0,0,0
536,-1,0,-1,-1,0,0,0,0,1,0,0,0,1,0,0,-1,0,0,0,1,-1,0,1,1,-1,-1,0,0,0,0,-1,0,1,-1,0,0,0,0,-1,0,0,0,0,0,1,0,-1,0,-1,0,0,0,1,0,-1,-1,0,-1,-1,0,0,1,1,0
537,0,-1,0,-1,1,-1,1,0,0,0,0,0,0,0,0,-1,-1,0,1,0,0,0,0,-1,0,0,0,-1,-1,1,1,-1,-1,0,0,0,1,1,0,0,0,1,-1,0,0,1,0,0,0,0,1,-1,0,0,0,0,0,0,0,0,-1,-1,0,1
538,0,0,0,0,0,-1,1,0,1,0,0,0,1,1,0,0,-1,0,0,0,1,0,0,0,0,-1,0,1,-1,-1,0,1,0,0,0,0,1,0,0,0,1,0,0,0,0,0,0,0,1,0,0,0,1,0,0,-1,0,0,0,0,0,0,0,0
539,1,0,0,1,0,1,-1,0,0,0,0,0,0,0,0,0,0,-1,0,-1,0,1,0,0,0,0,1,-1,0,0,0,0,-1,0,1,0,0,0,0,0,0,0,0,0,0,0,0,0,0,0,1,1,0,0,-1,0,0,0,1,0,-1,-1,0,0
540,0,0,0,0,0,0,0,0,0,0,-1,0,0,0,0,0,0,1,1,0,0,0,1,-1,0,0,0,0,0,0,0,0,0,0,0,0,0,-1,0,0,0,0,0,0,1,0,1,1,0,0,-1,0,0,0,0,1,-1,0,1,1,0,0,1,1
541,1,-1,0,1,0,-1,0,0,0,0,1,0,0,0,-1,0,1,0,0,0,-1,0,0,1,-1,0,1,0,0,-1,-1,0,0,0,-1,1,0,0,0,0,0,0,0,1,0,1,0,-1,0,-1,0,1,0,0,0,0,0,-1,1,0,0,0,0,0
542,0,-1,-1,0,0,1,0,0,0,0,0,0,-1,-1,1,0,0,0,0,1,0,1,0,1,0,-1,0,-1,1,0,1,1,0,0,0,1,0,1,0,1,0,-1,0,0,1,1,0,-1,0,0,0,1,1,1,-1,0,-1,0,0,-1,-1,0,0,0
543,0,-1,0,1,0,1,0,0,-1,0,-1,0,0,1,0,0,0,0,-1,-1,-1,0,0,0,0,0,1,-1,0,0,0,0,0,0,0,0,-1,0,-1,0,0,1,0,0,0,1,0,0,1,0,0,0,1,1,0,0,0,0,-1,0,0,0,0,0
544,-1,0,-1,0,0,0,1,1,1,0,0,0,0,0,1,0,0,0,1,0,0,0,0,0,1,0,1,0,1,0,-1,0,0,0,0,0,0,0,0,0,0,0,1,-1,0,0,-1,0,0,-1,0,0,0,1,1,0,0,0,0,1,1,-1,0,0
545,1,1,0,1,0,1,0,0,-1,0,0,0,1,-1,0,0,0,1,0,0,-1,0,1,1,0,0,0,0,1,0,0,1,0,0,-1,0,0,0,0,0,-1,1,0,0,0,-1,0,1,-1,0,1,0,0,-1,0,1,-1,-1,0,-1,0,0,0,0
546,0,1,0,1,0,0,1,0,-1,0,-1,0,0,0,1,1,1,0,0,0,-1,-1,0,1,0,0,0,0,-1,0,-1,-1,1,0,0,-1,0,-1,1,0,1,0,0,0,1,0,0,0,0,0,0,0,0,0,0,-1,0,-1,0,0,-1,-1,0,0
547,0,0,1,0,0,1,1,1,0,1,0,0,0,1,-1,0,1,0,0,0,0,0,0,0,0,0,1,0,1,1,0,0,0,0,1,-1,0,-1,0,0,0,0,0,0,0,0,1,-1,-1,-1,0,-1,0,0,0,1,0,-1,0,1,0,-1,-1,0
548,0,0,0,0,1,0,-1,-1,0,0,0,0,0,0,0,-1,1,1,0,-1,-1,1,-1,0,0,-1,0,0,0,1,0,0,1,-1,1,0,0,1,1,0,0,1,0,0,0,0,-1,-1,0,0,0,0,0,1,0,0,0,0,1,0,0,0,-1,1
549,-1,1,0,0,0,0,1,1,0,0,0,-1,-1,-1,0,0,1,0,0,-1,0,0,0,0,0,0,0,0,0,1,-1,0,0,-1,0,0,1,0,0,0,1,0,0,0,-1,0,-1,0,0,1,0,-1,0,0,-1,-1,1,0,-1,0,0,1,0,1
550,0,0,1,0,0,-1,1,0,0,-1,1,0,0,0,0,1,0,0,0,0,1,0,1,-1,0,1,0,0,-1,0,0,1,1,0,0,0,-1,0,-1,0,0,-1,0,0,-1,0,0,-1,0,1,0,0,0,1,-1,0,1,0,0,0,-1,-1,0,0
551,0,0,0,-1,0,0,0,0,0,1,1,0,1,1,0,0,1,0,-1,-1,1,0,-1,0,0,1,0,-1,0,-1,1,0,1,-1,0,0,0,0,0,0,-1,0,1,0,0,0,-1,1,0,0,0,0,-1,1,-1,0,0,0,1,0,0,0,0,0
552,0,1,0,1,0,-1,-1,0,-1,0,0,1,-1,0,0,0,0,0,0,-1,0,0,0,-1,-1,-1,0,1,1,-1,1,0,0,0,1,0,-1,-1,0,-1,1,1,0,1,0,0,0,0,1,-1,1,1,1,0,0,-1,0,0,0,1,-1,0,0,0
553,0,1,0,-1,-1,0,0,0,0,0,0,0,0,0,0,0,1,0,0,1,0,0,0,0,0,0,0,0,1,1,0,0,-1,-1,0,0,0,-1,-1,0,0,0,0,-1,0,0,-1,0,0,-1,0,0,1,0,0,0,-1,0,-1,1,0,0,0,0
554,1,0,0,0,1,0,0,1,1,0,1,1,-1,0,0,1,0,0,0,0,1,1,0,0,1,-1,0,-1,1,0,0,1,0,0,-1,0,0,0,0,0,0,0,0,0,-1,0,0,0,-1,0,0,0,1,0,0,0,0,0,0,0,0,1,0,0
555,0,0,0,0,0,0,0,1,0,0,0,0,-1,0,0,1,1,-1,0,0,0,1,0,1,-1,0,0,0,1,0,0,0,-1,0,0,1,0,-1,0,-1,0,0,0,0,0,0,0,0,0,0,0,0,-1,0,0,0,0,0,0,1,0,0,0,0
556,0,0,0,-1,0,0,1,0,-1,0,1,-1,0,1,0,-1,0,1,0,0,1,-1,-1,0,-1,-1,0,0,-1,-1,0,0,0,0,0,0,1,0,-1,0,0,0,0,0,0,0,0,0,0,1,0,-1,0,0,0,0,0,0,0,0,1,0,0,0
557,0,0,0,0,1,1,0,-1,0,-1,0,0,-1,0,0,0,0,0,0,0,1,0,-1,1,0,0,0,0,1,0,1,0,0,0,0,-1,1,0,0,0,0,-1,0,1,0,-1,0,0,-1,1,1,0,0,0,0,1,0,-1,0,0,0,-1,0,0
558,0,1,0,0,0,-1,0,0,1,1,0,-1,0,0,0,1,0,1,0,0,1,0,0,1,0,0,1,0,-1,0,-1,0,0,0,0,0,0,0,0,0,0,-1,0,0,0,1,-1,0,0,0,-1,0,-1,-1,0,-1,1,1,-1,0,0,0,1,0
559,0,-1,0,0,0,0,-1,-1,0,0,0,1,0,0,0,1,1,1,-1,0,0,0,0,0,0,0,0,-1,0,0,0,0,0,0,0,1,0,0,0,-1,-1,1,-1,1,0,0,0,0,1,0,0,1,1,0,0,-1,0,-1,-1,1,-1,0,0,0
560,0,0,1,-1,-1,-1,-1,-1,0,-1,0,-1,1,0,0,-1,0,-1,-1,0,1,-1,1,0,-1,0,0,0,0,0,-1,0,0,-1,0,0,-1,0,0,-1,0,0,0,0,0,1,-1,0,0,0,-1,0,0,0,1,-1,-1,0,-1,0,-1,-1,1,0
561,-1,1,0,1,-1,1,0,1,-1,1,0,0,1,1,0,-1,1,0,0,1,0,-1,0,0,1,1,0,1,-1,0,0,1,0,0,0,0,-1,-1,-1,0,0,0,0,0,0,-1,0,1,0,0,0,1,0,-1,0,0,1,0,0,0,0,0,0,0
562,1,0,0,0,1,0,0,0,0,0,1,1,1,0,1,1,0,0,-1,0,0,0,-1,-1,0,0,0,0,1,1,0,-1,1,0,1,0,0,0,0,0,1,0,0,-1,1,-1,0,0,-1,0,0,0,0,0,0,0,0,0,1,0,-1,-1,0,0
563,0,1,-1,0,-1,1,-1,-1,0,0,0,-1,0,0,-1,-1,0,1,0,-1,0,0,0,-1,0,0,0,1,-1,0,0,-1,-1,0,0,0,1,0,0,-1,0,0,0,0,0,0,0,0,0,-1,1,0,0,0,0,0,-1,0,0,1,0,0,0,0
564,0,0,0,0,0,0,0,1,0,0,0,-1,0,0,0,0,-1,0,0,0,0,0,0,0,0,0,0,0,-1,0,0,-1,1,-1,0,0,0,0,1,-1,1,-1,0,0,-1,0,0,0,0,0,-1,0,1,0,0,-1,1,0,1,0,0,-1,0,0
565,0,-1,0,0,1,0,0,-1,0,0,1,0,0,0,-1,0,0,0,1,0,0,0,0,0,0,-1,0,0,-1,0,1,0,0,-1,-1,0,0,-1,0,0,1,0,-1,0,0,0,-1,0,0,0,0,0,0,0,-1,-1,-1,0,0,1,0,0,1,-1
566,0,0,0,0,1,0,-1,-1,-1,0,0,-1,0,0,0,-1,0,-1,1,0,0,0,0,-1,-1,1,0,1,0,-1,0,0,0,-1,0,1,0,1,0,0,0,0,0,0,0,0,0,0,0,0,0,1,1,0,0,-1,0,0,0,-1,0,0,0,-1
567,1,0,0,0,0,0,0,0,0,1,0,0,0,1,0,0,1,-1,0,0,0,0,1,0,-1,0,-1,0,0,0,1,0,0,-1,0,0,0,0,0,0,0,0,1,0,0,-1,1,0,0,0,-1,0,-1,0,0,0,0,0,1,0,0,0,0,0
568,0,-1,0,-1,0,1,0,-1,0,0,0,0,0,0,0,0,0,-1,0,0,-1,-1,-1,0,-1,0,-1,0,0,-1,0,0,0,0,0,0,0,-1,0,0,-1,0,1,1,0,0,1,1,0,0,0,0,0,-1,-1,0,1,0,0,0,0,0,0,1
569,0,0,0,0,0,0,0,0,0,0,-1,-1,0,0,0,-1,1,0,0,0,0,-1,1,-1,1,1,0,0,0,0,0,1,0,0,0,0,0,0,0,0,0,1,-1,0,1,0,0,1,0,1,0,1,-1,0,1,-1,-1,0,-1,0,0,1,-1,-1
570,0,0,0,1,0,0,0,0,0,0,1,0,1,0,0,0,0,-1,0,0,-1,1,0,0,-1,0,1,-1,0,-1,0,1,0,-1,0,0,0,-1,1,-1,1,-1,0,0,0,0,0,0,1,0,1,0,-1,0,0,0,1,1,0,0,0,0,0,1
571,0,0,-1,0,0,1,-1,1,1,0,0,0,1,-1,0,0,0,-1,0,-1,-1,-1,1,1,0,0,1,0,0,0,0,0,1,0,0,0,1,0,-1,0,0,0,1,-1,0,0,0,0,0,0,-1,-1,0,0,0,0,0,0,0,1,0,0,-1,0
572,0,0,-1,0,-1,0,1,0,0,-1,0,1,0,0,0,0,1,0,-1,1,0,0,1,0,0,0,0,0,0,1,0,0,0,-1,0,0,1,0,0,-1,-1,0,0,-1,1,0,1,-1,0,0,0,-1,1,1,1,0,1,-1,0,1,0,-1,0,0
573,0,0,1,0,1,1,1,-1,0,0,0,0,0,0,0,-1,1,0,0,0,-1,0,0,0,-1,0,0,0,0,-1,0,0,1,-1,-1,0,0,0,0,1,0,-1,0,0,0,0,-1,0,0,0,0,0,0,1,0,-1,0,0,0,0,1,0,-1,1
574,0,-1,0,1,0,0,-1,-1,0,0,0,0,0,0,0,0,-1,0,-1,0,-1,0,1,0,-1,0,0,0,0,0,-1,0,-1,0,0,0,0,0,0,-1,0,-1,1,0,0,0,0,0,-1,-1,0,0,1,-1,0,0,0,0,0,-1,0,0,0,0
575,1,-1,0,1,0,0,0,0,-1,0,0,0,-1,0,1,0,0,-1,0,0,0,0,0,-1,0,-1,0,1,1,0,0,0,-1,1,-1,0,0,0,0,1,0,0,0,1,-1,0,0,0,0,-1,0,0,0,0,0,0,0,0,0,1,0,0,1,0
576,0,0,0,0,0,-1,0,-1,0,0,-1,0,1,1,0,0,0,0,1,0,0,0,-1,0,0,1,0,0,0,0,1,0,1,0,0,0,0,0,0,0,0,0,1,0,1,-1,0,0,-1,0,0,0,0,1,0,0,-1,0,0,0,0,0,0,1
577,0,0,0,-1,0,0,0,0,0,0,-1,0,1,1,0,0,-1,-1,0,0,0,0,0,0,0,0,0,0,1,0,1,0,0,0,-1,1,-1,-1,1,0,0,0,-1,1,0,0,0,0,1,1,-1,1,-1,0,-1,0,1,0,-1,0,0,1,0,0
578,0,0,0,-1,0,0,0,0,0,0,0,0,-1,-1,0,0,0,-1,1,0,0,1,0,0,-1,0,0,-1,0,0,0,1,-1,-1,0,0,0,0,0,0,0,1,0,0,0,0,0,1,-1,-1,0,0,-1,1,-1,0,0,0,0,1,-1,-1,1,-1
579,-1,0,0,0,-1,-1,0,1,0,0,1,0,0,0,0,0,1,-1,0,-1,0,0,0,1,0,0,-1,0,0,-1,0,0,-1,0,0,0,1,-1,0,0,-1,0,0,-1,0,0,-1,0,1,1,0,0,0,-1,0,-1,0,0,0,-1,0,-1,0,0
580,0,0,0,1,0,0,0,0,1,-1,0,0,0,0,0,0,0,0,1,0,0,1,1,-1,0,-1,-1,0,0,0,0,1,0,1,0,-1,0,1,1,0,1,0,0,0,0,0,0,0,-1,0,1,1,0,1,1,0,0,0,0,0,0,0,0,1
581,0,-1,0,0,0,0,1,-1,-1,0,0,0,-1,0,0,0,0,0,0,0,0,0,-1,1,0,0,0,0,-1,-1,0,0,0,0,0,1,1,0,-1,0,0,0,-1,0,0,0,-1,0,0,0,0,0,1,0,0,1,0,1,-1,0,0,0,0,0
582,0,0,0,0,1,-1,0,0,0,0,0,-1,0,0,0,0,0,0,-1,0,-1,1,0,0,-1,0,0,1,-1,0,0,1,0,0,0,-1,0,-1,-1,1,-1,0,0,0,0,0,-1,1,1,-1,0,0,0,1,1,-1,0,1,0,1,0,1,0,0
583,0,0,0,1,-1,0,0,1,1,0,1,0,1,0,0,1,0,0,0,1,1,0,0,0,0,-1,0,-1,0,0,0,0,0,0,-1,0,0,0,0,-1,1,-1,-1,0,0,0,0,0,1,1,0,0,1,0,-1,1,-1,0,0,0,0,0,0,0
584,-1,0,0,-1,1,1,0,0,-1,0,1,0,0,0,0,0,0,0,0,-1,1,0,0,1,0,0,-1,1,0,-1,-1,0,0,0,1,0,1,0,1,-1,0,0,0,0,-1,0,0,0,0,0,1,0,0,0,0,1,-1,1,-1,0,0,-1,0,0
585,0,0,1,0,1,1,0,0,0,-1,0,1,0,0,0,1,0,0,0,0,0,-1,0,-1,1,-1,0,0,0,-1,0,1,0,0,0,0,0,-1,1,0,0,0,1,1,1,0,0,1,0,1,0,0,0,1,0,0,-1,0,0,0,0,0,1,-1
586,-1,0,0,0,-1,0,0,0,0,0,0,0,0,0,-1,0,-1,-1,0,0,0,0,0,-1,0,0,0,0,0,1,0,0,0,0,0,-1,0,-1,0,0,0,0,0,0,0,1,0,0,0,-1,1,1,0,0,1,0,-1,-1,0,0,0,0,0,0
587,0,0,-1,0,1,0,0,0,1,-1,-1,1,0,-1,0,0,0,0,0,-1,0,1,-1,0,1,0,0,1,-1,0,0,0,-1,0,-1,1,0,1,-1,1,0,0,-1,0,0,0,1,1,0,0,0,0,0,1,0,0,0,-1,0,0,0,0,0,1
588,0,0,0,0,0,0,0,0,0,0,0,0,0,0,0,0,1,1,-1,0,1,0,0,0,0,0,0,0,-1,0,1,-1,1,0,0,0,1,0,0,0,0,0,-1,0,1,0,-1,-1,1,0,0,0,1,1,-1,0,0,0,0,0,1,1,0,0
589,1,-1,1,0,0,0,-1,0,0,0,0,0,0,0,0,-1,1,0,0,-1,0,0,0,0,0,0,0,1,0,-1,-1,0,1,0,1,0,0,0,1,0,0,0,1,0,0,1,-1,0,0,0,1,0,0,-1,0,-1,0,0,0,0,1,0,0,0
590,0,0,-1,0,-1,1,0,0,0,-1,1,0,-1,0,-1,0,1,-1,0,0,0,-1,0,0,0,0,-1,-1,0,0,0,-1,0,1,0,0,0,-1,0,0,1,0,1,0,0,0,0,0,0,0,0,0,0,0,-1,0,1,0,0,0,1,0,0,0
591,0,1,0,0,0,0,1,0,1,0,0,-1,-1,-1,-1,0,1,0,0,0,0,0,0,1,0,1,0,0,0,0,1,-1,1,1,0,1,0,0,-1,-1,0,0,0,0,0,0,0,1,0,1,0,0,1,1,0,0,-1,0,0,1,1,0,0,1
592,0,1,0,-1,-1,0,1,0,0,0,0,0,0,0,-1,-1,0,0,0,0,0,0,0,1,0,0,1,-1,-1,-1,0,0,0,0,0,1,-1,0,0,0,-1,0,0,0,0,0,0,1,0,-1,0,0,1,0,0,0,0,0,0,0,1,-1,1,-1
593,0,0,0,0,0,0,-1,0,1,0,0,0,1,0,-1,-1,-1,0,0,0,1,0,0,1,0,0,-1,0,0,1,0,-1,0,0,-1,0,0,0,0,0,1,1,1,0,0,0,-1,0,0,0,0,0,0,-1,0,0,-1,0,1,0,0,0,1,0
594,0,0,0,0,0,-1,1,-1,-1,1,0,0,0,0,0,0,0,1,0,-1,0,0,0,0,0,1,0,0,0,0,0,0,0,0,-1,0,0,1,0,-1,0,0,1,0,0,0,1,0,0,0,0,0,1,0,-1,1,0,-1,1,0,0,0,0,0
595,0,-1,0,-1,0,1,-1,0,0,-1,0,0,0,0,0,0,0,1,0,1,0,0,0,0,0,0,0,0,0,-1,1,1,0,0,-1,0,0,1,0,0,0,0,1,0,0,0,1,1,-1,-1,0,1,0,-1,0,0,0,0,-1,0,0,0,-1,0
596,0,-1,0,-1,0,0,0,0,1,1,0,0,1,0,0,-1,0,0,-1,0,0,-1,0,0,0,0,0,0,0,0,-1,0,1,0,0,1,0,0,0,-1,0,0,0,0,0,1,0,0,-1,0,0,0,0,-1,0,0,0,-1,0,0,0,1,0,1
597,0,0,1,0,1,0,0,0,1,1,0,0,0,0,0,0,1,0,0,0,0,0,0,1,0,0,0,0,1,1,1,-1,0,-1,1,1,0,0,0,0,1,0,-1,0,0,0,0,0,1,0,0,0,0,1,0,0,1,0,1,0,0,1,0,0
598,0,-1,0,0,0,-1,1,0,0,-1,1,0,-1,0,0,0,0,0,-1,-1,1,-1,0,1,0,0,0,0,0,0,0,0,0,0,0,0,0,1,-1,0,0,0,0,0,1,0,0,0,0,1,0,-1,0,-1,1,0,-1,0,-1,0,1,-1,0,0
599,0,0,0,-1,0,1,0,-1,0,0,0,1,0,0,1,0,1,0,0,0,0,0,0,0,0,-1,0,0,1,1,0,0,0,-1,0,0,0,0,0,1,1,-1,0,0,1,1,0,0,0,-1,0,0,0,0,-1,0,0,0,1,1,0,0,0,1
600,0,-1,0,1,0,1,0,1,0,1,1,0,0,-1,-1,0,0,1,0,0,0,1,0,0,1,0,0,1,0,0,0,0,0,0,0,0,-1,0,0,0,0,-1,0,0,1,0,1,1,0,0,0,0,0,0,0,-1,0,1,0,0,-1,0,0,0
601,0,0,-1,0,-1,1,1,0,-1,-1,0,0,1,0,0,0,0,0,0,1,-1,-1,0,0,0,0,0,0,1,-1,0,-1,0,1,-1,-1,0,0,0,-1,0,1,1,0,0,1,0,0,0,0,1,0,-1,-1,0,0,1,0,0,0,1,-1,0,0
602,-1,0,1,0,0,0,0,1,0,-1,1,-1,0,0,0,0,0,0,0,0,0,1,0,1,0,0,0,0,0,0,0,0,0,0,1,0,-1,0,-1,0,0,0,0,1,-1,0,1,-1,-1,0,1,0,0,1,0,0,0,0,0,0,0,1,0,-1
603,0,1,-1,0,0,-1,0,1,1,0,-1,0,0,0,0,0,0,0,0,0,0,0,0,0,0,1,-1,0,0,1,0,1,1,0,0,1,0,0,0,-1,0,0,0,1,0,1,0,0,0,0,0,0,0,0,1,-1,-1,0,0,0,0,0,0,0
604,0,0,-1,0,0,0,0,0,0,0,0,0,0,0,0,0,-1,0,-1,0,0,-1,0,0,0,0,0,-1,0,0,-1,0,-1,1,1,-1,1,-1,0,0,1,0,0,1,1,0,-1,1,1,0,0,0,0,0,0,0,0,0,0,0,0,0,1,1
605,-1,1,1,0,0,0,1,0,0,1,-1,0,0,1,1,0,-1,0,0,0,-1,0,0,0,0,0,0,0,0,0,1,0,0,0,0,0,1,0,0,0,0,0,1,0,0,0,0,1,1,1,0,0,0,0,0,-1,0,0,-1,0,0,0,1,1
606,0,0,0,0,0,0,-1,1,0,0,0,0,1,-1,1,0,0,0,1,0,-1,0,0,1,0,1,-1,1,0,0,-1,0,0,0,0,-1,1,0,0,0,0,0,1,0,0,0,0,1,0,0,0,-1,0,0,0,-1,0,0,-1,0,0,0,0,0
607,0,1,0,0,1,0,0,-1,0,0,0,-1,0,0,0,0,0,0,1,0,-1,0,0,0,0,-1,0,0,1,0,0,0,0,0,-1,0,-1,-1,0,0,0,0,1,0,0,-1,-1,0,0,0,0,0,0,1,0,0,0,-1,1,0,0,0,0,0
608,0,-1,1,0,0,0,0,1,0,0,1,0,0,0,0,0,-1,1,0,0,-1,0,0,1,0,-1,-1,0,0,0,-1,0,0,0,0,-1,-1,1,0,0,0,0,-1,-1,0,1,0,0,0,0,1,0,1,1,0,0,1,-1,-1,0,0,0,0,1
609,-1,0,1,-1,0,0,0,1,-1,-1,0,-1,0,0,0,0,0,0,-1,0,0,1,0,-1,-1,1,0,0,0,-1,-1,0,0,1,0,0,0,0,1,0,0,0,0,0,0,-1,0,-1,0,0,0,0,-1,0,1,-1,0,0,0,0,-1,0,-1,0
610,1,0,0,0,1,0,0,0,0,0,-1,1,-1,0,0,-1,1,1,0,0,0,-1,0,0,-1,0,0,-1,0,-1,0,0,0,-1,0,-1,0,-1,1,1,0,0,0,0,0,-1,1,0,1,0,0,-1,0,0,0,1,-1,0,-1,-1,-1,0,0,0
611,0,1,0,0,0,0,0,0,0,0,0,0,0,0,0,0,-1,0,0,0,0,0,1,0,1,0,-1,0,1,1,0,0,-1,0,0,0,0,0,0,0,1,-1,0,-1,0,0,1,0,0,0,0,0,1,-1,0,1,0,0,-1,0,-1,0,0,0
612,1,-1,0,0,-1,0,0,0,0,0,0,1,0,0,0,0,0,0,-1,0,0,0,0,0,0,-1,0,0,0,0,-1,1,1,0,0,0,1,0,0,1,0,0,0,0,0,0,-1,0,-1,1,0,0,-1,0,0,0,0,0,0,-1,0,0,0,-1
613,0,1,0,0,1,0,-1,0,1,0,0,0,0,0,0,0,-1,0,0,1,-1,0,0,1,0,0,0,1,0,1,0,0,0,0,-1,-1,-1,0,-1,0,0,0,0,0,0,0,0,0,0,0,0,0,0,0,1,0,1,0,0,0,-1,0,0,0
614,-1,1,-1,1,0,0,0,1,-1,0,-1,0,-1,1,0,0,0,0,1,0,0,0,0,-1,-1,0,0,-1,0,0,1,0,-1,0,0,0,0,0,1,0,0,0,1,0,-1,0,-1,-1,-1,0,-1,-1,0,0,0,0,0,1,0,1,1,-1,1,1
615,0,0,0,0,0,0,1,0,-1,-1,0,0,0,0,0,0,1,0,0,0,0,0,0,1,0,-1,0,0,0,0,0,0,0,0,0,0,1,0,0,-1,0,1,0,0,1,1,-1,0,0,0,0,0,0,0,0,0,0,0,-1,0,-1,0,0,0
616,-1,1,-1,0,0,0,0,0,0,0,0,0,0,0,-1,0,0,-1,-1,0,-1,1,0,-1,0,-1,0,0,0,0,0,0,-1,1,0,0,0,0,0,-1,0,0,0,1,0,0,0,0,0,0,0,0,-1,0,-1,1,0,0,0,0,-1,0,0,0
617,0,-1,0,1,0,0,0,-1,0,0,0,-1,0,0,0,0,0,1,1,0,0,0,1,-1,0,0,0,0,0,0,0,-1,0,1,1,0,1,-1,0,1,0,0,0,0,0,0,1,0,0,1,0,0,0,0,0,0,-1,1,0,-1,0,1,0,0
618,1,0,0,0,0,0,0,0,0,0,0,0,0,0,-1,0,0,-1,0,-1,0,0,0,1,0,0,1,0,0,0,-1,-1,-1,0,1,0,0,-1,0,0,-1,0,0,0,0,0,1,0,0,1,-1,0,0,0,0,0,0,0,-1,0,0,0,0,0
619,-1,0,0,-1,-1,1,0,0,0,0,1,0,0,0,0,0,0,-1,1,0,0,0,0,0,0,1,0,1,0,-1,0,0,0,1,0,0,0,0,0,1,-1,0,1,1,1,0,0,0,1,-1,0,0,0,0,-1,0,0,-1,1,1,-1,-1,0,0
620,0,0,0,1,0,0,0,0,0,0,1,1,1,0,1,0,0,0,0,0,0,0,1,0,-1,1,-1,0,0,0,-1,0,0,-1,0,0,0,0,-1,0,0,1,0,0,0,0,0,1,0,0,0,1,1,0,-1,0,0,-1,-1,0,-1,0,0,0
621,0,0,0,1,0,0,0,0,1,0,0,0,0,0,0,0,0,0,1,0,1,0,-1,0,0,1,1,0,0,0,0,-1,1,0,0,0,-1,0,0,0,0,0,0,0,1,0,0,0,0,-1,0,0,0,1,-1,1,0,1,-1,0,0,0,0,-1
622,-1,0,1,0,0,1,0,1,-1,0,0,1,0,0,0,0,-1,0,0,0,1,0,-1,0,1,-1,0,1,0,0,-1,0,0,0,0,0,1,0,0,0,0,0,1,0,-1,0,0,0,1,-1,0,-1,0,0,0,0,0,0,0,-1,-1,0,1,1
623,1,-1,-1,1,0,-1,0,-1,0,0,0,0,0,0,0,1,0,0,-1,0,0,0,0,0,0,0,-1,0,0,0,0,-1,0,0,-1,0,1,0,0,0,0,-1,0,0,0,0,0,0,0,0,0,0,-1,1,1,1,0,0,-1,0,0,1,-1,1
624,1,0,0,-1,0,-1,0,1,0,0,0,0,0,-1,0,1,0,0,1,0,0,-1,0,1,0,0,0,0,0,0,1,0,1,0,0,1,-1,0,-1,-1,1,0,0,0,0,0,0,0,-1,0,0,0,1,0,0,0,0,0,0,1,1,1,1,1
625,-1,0,0,-1,0,0,0,-1,0,0,1,0,1,1,0,1,0,0,0,0,0,0,0,0,0,0,0,0,0,0,0,0,0,-1,0,-1,1,1,0,0,0,0,0,0,0,1,-1,0,0,0,-1,0,0,0,-1,0,0,0,0,0,1,1,0,0
626,0,0,0,0,0,0,0,0,0,0,0,0,-1,-1,0,-1,0,0,-1,0,0,0,0,0,0,0,1,0,0,-1,0,1,-1,0,0,1,0,0,-1,0,0,0,0,0,0,0,0,0,0,0,1,0,1,0,0,0,0,0,-1,-1,0,0,0,0
627,0,1,0,-1,0,0,0,1,0,1,0,0,0,0,1,0,0,0,-1,0,1,1,0,1,0,0,-1,0,0,0,0,1,0,-1,-1,-1,1,0,1,0,0,0,0,0,1,-1,0,0,0,0,0,0,0,0,0,0,0,0,0,1,-1,0,0,1
628,0,1,0,0,0,0,0,0,0,0,1,0,-1,0,0,-1,1,0,1,-1,-1,0,0,1,0,1,0,0,0,-1,0,0,0,0,0,1,-1,1,0,-1,0,0,0,0,-1,0,-1,0,-1,0,0,-1,0,0,0,0,0,1,0,1,0,0,-1,0
629,0,0,-1,0,0,1,0,0,0,0,0,-1,0,1,-1,0,0,0,1,-1,0,0,0,0,1,0,-1,-1,0,0,-1,-1,0,1,0,1,-1,0,0,0,0,0,0,0,0,0,0,0,0,1,0,0,1,0,-1,0,0,1,0,0,0,0,0,0
630,1,-1,0,0,0,0,0,1,-1,0,-1,0,1,0,0,0,0,1,0,0,0,0,0,0,0,0,-1,0,0,0,0,0,0,-1,1,0,0,0,0,-1,0,0,-1,1,0,-1,0,0,0,0,1,0,0,-1,1,0,0,-1,1,0,1,0,0,-1
631,0,0,0,0,0,0,0,0,0,0,1,0,0,0,0,0,0,0,0,0,0,-1,0,0,0,0,0,0,-1,0,1,-1,0,0,-1,0,-1,1,0,-1,0,0,0,0,1,1,0,-1,0,0,-1,0,1,1,0,0,0,0,1,1,0,0,0,1
632,-1,0,0,0,0,-1,0,0,0,0,-1,0,0,0,0,-1,1,-1,1,0,0,-1,1,0,1,0,1,0,0,0,0,1,0,0,0,-1,0,0,-1,0,0,0,0,0,0,0,0,1,0,1,0,0,1,0,0,0,0,0,0,1,0,-1,0,0
633,0,0,0,0,-1,1,-1,1,-1,0,0,1,0,0,-1,0,0,0,1,0,0,1,0,0,0,1,-1,-1,0,0,1,0,0,0,0,0,-1,-1,0,-1,0,0,0,1,0,0,0,0,0,0,0,0,1,0,-1,0,0,0,0,0,0,0,0,-1
634,1,0,-1,0,1,0,0,0,1,-1,0,0,1,-1,1,0,1,0,0,1,0,0,0,0,0,0,0,-1,0,1,0,0,0,1,0,-1,1,0,0,0,1,0,0,-1,0,0,0,1,0,1,-1,0,-1,0,0,1,1,0,0,0,0,0,0,0
635,0,0,-1,0,1,0,0,-1,-1,0,-1,1,0,-1,0,0,0,0,-1,0,1,0,-1,0,0,0,1,1,-1,1,0,0,0,0,0,0,0,1,0,0,0,0,1,-1,0,0,0,1,-1,0,0,0,0,0,0,0,0,0,1,0,-1,0,0,-1
636,-1,-1,1,0,0,1,1,-1,0,0,1,0,1,0,0,1,0,-1,0,0,0,1,0,0,0,0,0,1,0,0,0,1,0,0,1,-1,0,-1,0,0,0,0,-1,1,0,0,0,0,0,0,0,-1,0,-1,0,0,-1,0,0,0,0,1,0,0
637,-1,-1,1,0,0,0,0,0,0,0,1,0,1,1,0,-1,-1,0,0,0,1,0,1,0,1,1,0,1,-1,0,-1,0,0,0,0,0,0,1,0,0,0,0,0,1,0,-1,-1,0,0,0,0,0,0,0,0,1,0,1,-1,0,0,1,0,0
638,0,0,0,1,0,0,0,0,-1,0,1,0,-1,0,-1,-1,1,0,0,0,0,0,1,0,0,1,1,0,0,1,0,0,0,0,0,0,0,0,0,1,1,0,1,1,-1,0,0,-1,1,0,-1,1,0,0,0,0,1,0,0,0,0,-1,0,-1
639,0,-1,0,1,0,0,0,0,-1,0,1,0,1,0,0,0,0,0,0,-1,1,0,0,0,0,0,-1,1,-1,1,-1,0,0,0,1,1,0,0,-1,0,0,0,-1,0,1,0,0,0,-1,0,0,0,0,0,0,-1,0,0,0,-1,0,0,1,0
640,0,0,0,1,-1,1,-1,1,0,1,0,0,0,0,1,0,0,0,0,1,1,0,0,1,0,0,0,0,0,-1,0,0,0,0,0,-1,0,1,0,0,-1,1,0,0,0,-1,-1,1,-1,0,-1,0,0,-1,0,-1,0,-1,0,-1,0,-1,-1,-1
641,0,1,0,0,0,0,0,0,1,0,1,-1,0,0,0,0,0,0,0,-1,0,0,0,0,0,1,0,0,0,0,0,-1,1,0,-1,0,-1,0,0,-1,0,0,0,0,-1,0,0,-1,0,0,-1,0,1,1,0,0,-1,0,1,0,0,0,0,1
642,1,0,0,1,0,-1,1,0,0,0,0,0,0,0,0,1,0,0,0,0,0,-1,0,0,0,0,0,-1,1,1,0,-1,0,0,1,0,0,0,0,0,-1,-1,0,-1,0,0,0,-1,0,-1,0,1,-1,0,0,0,0,0,0,0,0,0,1,0
643,0,-1,0,0,0,1,1,0,-1,0,0,0,0,0,0,0,0,1,-1,0,1,-1,0,0,-1,0,1,0,1,0,0,0,-1,1,0,0,-1,1,-1,0,0,0,0,0,-1,1,0,0,0,0,-1,1,0,0,0,0,0,0,0,0,0,0,0,0
644,0,0,0,0,0,0,0,-1,0,0,0,0,0,0,-1,0,-1,0,0,-1,0,1,-1,1,0,-1,0,0,0,-1,0,0,0,0,0,1,0,0,1,0,0,0,0,0,1,0,0,0,1,0,1,1,0,0,-1,0,1,0,0,0,0,-1,1,0
645,-1,0,0,0,0,0,1,0,0,1,0,1,0,0,-1,-1,-1,0,1,0,0,-1,0,1,0,1,0,0,0,-1,0,0,1,0,1,0,0,0,0,1,0,0,0,0,-1,1,1,0,-1,0,0,0,-1,0,1,0,-1,1,1,-1,0,0,-1,1
646,0,0,0,0,0,0,0,0,0,1,1,1,0,-1,0,-1,1,0,0,0,0,0,-1,0,0,0,1,0,1,-1,0,0,0,0,0,0,0,0,0,-1,-1,0,0,0,0,-1,0,0,0,0,0,0,0,0,0,0,0,0,1,0,0,0,1,-1
647,0,1,0,1,1,-1,0,1,0,0,0,0,0,0,-1,0,0,0,0,0,0,0,0,0,-1,0,1,0,0,0,0,0,0,0,1,0,0,1,0,0,0,0,0,0,-1,0,-1,1,0,-1,0,0,0,0,0,0,-1,1,0,0,0,0,-1,0
648,0,0,0,-1,0,0,1,0,-1,0,0,0,1,0,0,0,0,1,1,1,0,-1,-1,0,0,-1,1,0,-1,0,1,0,0,-1,1,0,-1,0,0,0,0,-1,0,0,0,0,0,0,1,0,0,0,0,0,0,1,-1,1,1,0,0,0,-1,-1
649,0,0,0,0,0,1,-1,0,-1,1,1,0,0,-1,0,0,-1,0,1,0,0,1,0,1,0,0,0,0,0,-1,0,0,0,0,0,-1,1,0,-1,0,0,-1,0,0,-1,0,0,1,0,0,0,0,-1,-1,-1,0,0,0,1,0,-1,1,0,0
650,0,1,-1,-1,0,0,-1,0,1,0,1,0,0,0,0,0,1,0,0,0,1,0,0,0,0,1,0,0,0,0,0,0,0,-1,0,0,-1,0,0,0,0,0,0,1,-1,0,1,-1,0,0,0,-1,1,0,0,1,0,0,1,-1,-1,0,0,-1
651,0,1,0,0,0,0,0,-1,1,0,0,1,0,1,0,1,0,0,-1,1,-1,0,1,-1,0,1,0,0,0,-1,0,0,-1,0,0,1,0,-1,1,1,0,1,1,0,0,-1,0,0,0,0,0,-1,0,-1,0,-1,0,1,0,0,0,0,-1,0
652,-1,0,0,0,0,-1,0,0,0,-1,-1,0,1,0,-1,1,0,0,0,0,1,1,0,0,1,1,0,0,-1,0,-1,-1,0,0,0,0,0,1,1,0,-1,1,0,0,0,0,0,1,1,0,0,0,1,0,0,0,0,0,0,0,0,-1,1,0
653,0,0,-1,0,1,0,0,0,0,0,0,0,0,-1,-1,0,0,0,0,1,0,0,0,0,0,1,0,1,0,0,0,-1,0,0,0,1,0,0,0,0,0,0,0,0,0,0,0,0,0,1,0,-1,0,-1,-1,-1,0,0,0,0,1,1,0,0
654,1,0,1,0,0,-1,0,0,0,-1,-1,0,0,0,0,0,1,0,0,0,-1,0,0,0,0,0,0,0,1,-1,1,0,1,0,0,0,1,0,0,0,0,-1,1,1,0,0,0,0,1,-1,1,0,0,0,0,0,0,0,0,0,0,1,0,1
655,0,0,0,0,0,1,0,-1,0,-1,1,-1,1,1,0,-1,-1,1,1,0,0,-1,0,0,0,0,-1,0,0,-1,0,0,1,-1,0,-1,0,-1,0,0,0,0,1,0,0,-1,-1,1,0,0,1,-1,-1,-1,0,0,0,1,-1,0,0,-1,1,-1
656,0,0,0,0,0,0,1,0,0,0,1,0,0,1,0,0,0,0,0,1,-1,0,0,0,0,0,0,0,0,0,1,0,0,-1,1,1,0,0,0,0,1,0,0,0,0,0,0,0,0,0,0,0,-1,-1,-1,0,1,1,0,-1,0,0,0,-1
657,-1,0,0,0,0,0,0,-1,0,1,-1,0,1,-1,0,0,0,0,0,0,0,-1,0,0,0,1,0,0,-1,0,0,0,0,0,1,0,-1,1,-1,-1,0,0,0,1,0,0,0,1,-1,0,1,0,-1,0,1,0,-1,0,1,-1,0,0,0,0
658,0,0,0,-1,0,0,0,0,0,1,1,0,0,0,0,0,0,0,-1,-1,0,0,0,0,1,0,1,1,0,-1,0,0,-1,1,0,1,1,0,1,0,0,1,0,0,0,0,0,0,0,0,0,0,1,0,-1,0,1,0,-1,0,0,-1,0,0
659,1,-1,-1,0,1,0,0,1,0,0,0,0,-1,0,0,1,-1,0,1,-1,-1,-1,0,0,0,0,1,0,0,0,1,-1,-1,0,1,-1,0,-1,0,0,0,0,0,0,0,-1,0,-1,0,0,1,1,0,0,-1,0,1,1,0,0,0,0,0,0
660,0,-1,0,0,-1,0,1,0,0,0,1,-1,1,-1,0,-1,0,-1,0,0,0,0,1,-1,0,-1,0,0,-1,-1,0,0,0,-1,0,0,0,0,-1,0,-1,0,-1,0,-1,0,0,0,-1,0,0,0,0,1,0,-1,0,0,0,0,0,1,1,0
661,-1,0,0,1,0,1,0,0,1,-1,0,0,0,1,0,0,0,1,0,0,0,1,1,0,0,0,0,0,1,1,1,0,0,1,-1,0,0,0,0,0,1,0,0,-1,0,0,-1,0,0,0,0,0,0,-1,0,-1,0,0,0,-1,0,0,0,0
662,0,0,0,1,0,0,1,0,-1,1,1,1,-1,0,0,0,0,0,0,0,1,0,0,1,0,0,1,0,0,0,0,0,0,1,-1,0,-1,-1,0,0,0,0,0,-1,0,-1,0,-1,0,0,0,0,0,0,0,0,0,1,0,0,-1,-1,0,-1
663,0,-1,0,0,0,0,0,0,0,0,-1,0,0,0,0,0,0,0,0,0,0,-1,1,1,0,0,0,0,-1,0,0,0,-1,-1,1,0,0,1,0,0,0,0,1,0,0,0,-1,1,-1,0,0,0,0,1,0,0,0,0,0,-1,0,1,0,0
664,0,0,-1,1,0,0,0,0,0,1,0,0,-1,1,0,0,0,-1,0,0,0,0,0,0,0,0,-1,0,1,0,0,1,0,1,0,-1,0,0,0,0,0,-1,1,0,1,-1,-1,-1,1,0,1,0,-1,1,1,1,-1,-1,0,0,0,-1,0,0
665,0,1,0,0,1,0,0,-1,0,0,1,0,0,0,1,-1,0,0,-1,0,0,0,0,1,-1,0,-1,0,0,-1,-1,0,0,0,0,0,0,0,0,1,-1,0,0,0,1,1,0,0,0,-1,-1,1,1,-1,0,0,-1,0,0,0,0,0,0,0
666,0,-1,0,0,-1,0,0,-1,0,0,0,1,0,1,0,1,-1,0,-1,1,0,0,0,0,0,1,1,0,0,0,0,-1,0,0,0,0,0,-1,0,0,0,-1,1,0,-1,0,0,-1,1,0,0,0,0,0,0,1,0,-1,-1,0,0,-1,0,0
667,0,0,0,1,0,-1,-1,-1,1,0,0,0,1,0,0,0,1,0,0,1,0,0,-1,0,0,0,0,0,0,-1,0,0,0,0,1,0,0,0,-1,0,-1,-1,0,1,-1,0,1,0,0,0,0,0,0,0,-1,0,0,-1,-1,0,0,0,0,-1
668,0,-1,-1,0,1,0,0,0,0,1,0,1,1,1,0,0,0,0,-1,0,0,1,1,0,0,0,0,0,0,0,1,0,-1,0,0,0,-1,0,0,-1,-1,0,-1,0,-1,0,0,0,0,0,0,0,-1,1,0,0,0,0,0,-1,0,1,0,0
669,0,-1,-1,-1,0,-1,1,1,1,0,-1,0,0,1,0,0,1,-1,0,0,0,0,0,0,0,0,1,0,1,0,-1,0,0,-1,0,0,1,0,0,0,0,1,0,0,0,0,0,0,0,-1,1,0,0,0,0,0,0,1,0,0,-1,0,0,0
670,0,0,0,-1,0,0,-1,0,0,0,0,0,0,-1,0,-1,0,1,0,1,0,0,1,0,0,0,1,0,1,0,0,0,-1,0,1,0,0,0,0,0,0,1,0,0,1,0,0,0,-1,0,-1,0,0,0,0,0,0,0,1,0,0,-1,1,0
671,-1,1,0,0,0,0,0,1,0,-1,0,0,0,0,0,0,0,0,-1,0,1,0,-1,-1,1,0,0,-1,0,0,0,0,-1,0,0,0,0,0,0,-1,-1,0,0,1,0,1,0,0,0,0,0,1,1,0,-1,0,0,-1,0,0,0,0,0,0
672,0,0,0,0,0,0,0,-1,0,0,-1,0,0,0,0,0,0,0,0,-1,0,0,0,0,0,1,0,0,0,1,0,0,-1,0,-1,0,0,0,0,0,0,0,0,0,0,0,0,0,0,0,-1,0,0,0,0,-1,0,0,0,0,-1,1,0,1
673,-1,1,0,0,0,0,0,0,0,0,0,1,0,0,-1,0,0,1,1,0,0,0,-1,0,1,0,0,0,0,-1,-1,0,0,-1,0,0,0,0,-1,1,0,0,0,-1,1,0,0,-1,1,1,0,1,1,0,1,-1,1,0,0,0,0,0,0,0
674,0,1,-1,-1,0,0,0,0,1,1,0,0,0,0,0,-1,0,1,0,0,0,0,-1,-1,-1,0,1,1,0,0,0,0,1,0,0,0,0,-1,-1,-1,-1,0,0,0,0,0,1,-1,0,0,0,-1,0,0,0,1,-1,0,-1,0,0,1,-1,1
675,0,0,0,1,0,0,0,0,0,0,1,0,0,0,-1,1,-1,1,0,0,0,0,0,0,0,0,0,-1,-1,0,0,1,-1,0,-1,-1,0,0,-1,0,0,0,0,-1,-1,1,0,0,0,-1,0,0,0,0,0,-1,0,0,0,0,0,-1,0,0
676,0,0,0,1,0,0,0,0,0,0,0,0,0,0,0,1,-1,0,0,0,1,1,1,0,0,0,1,0,0,0,0,0,0,0,0,1,0,0,0,-1,0,1,0,-1,0,0,0,0,1,0,0,0,1,0,0,0,0,0,0,-1,0,0,0,0
677,0,0,-1,0,0,-1,0,-1,0,0,1,-1,0,0,0,0,0,0,0,-1,1,0,0,0,0,0,0,0,1,0,0,0,0,0,0,0,0,1,0,0,-1,1,1,1,1,1,0,0,0,0,-1,1,-1,1,0,0,-1,-1,0,0,0,1,0,0
678,0,1,-1,0,1,-1,0,1,0,0,0,0,0,0,0,0,0,0,0,0,-1,-1,0,0,1,-1,1,0,1,1,-1,0,0,0,-1,-1,0,0,0,1,0,0,0,0,0,0,0,0,1,-1,0,0,0,0,-1,0,0,-1,1,-1,0,0,1,0
679,0,0,1,0,0,0,0,0,0,0,1,1,1,0,0,0,1,1,0,0,1,-1,0,1,0,0,0,-1,0,-1,0,0,0,1,0,0,0,0,-1,0,0,0,0,0,0,0,0,1,1,0,-1,-1,0,-1,1,0,0,0,0,0,-1,0,0,1
680,0,0,1,0,0,0,0,-1,1,0,0,-1,0,0,0,0,0,-1,0,-1,0,0,-1,-1,0,0,1,-1,0,0,0,0,0,0,1,0,-1,0,0,0,-1,1,0,0,0,0,0,0,1,0,0,-1,0,0,0,0,0,0,-1,0,0,1,0,0
681,0,0,0,0,0,0,0,1,1,0,0,0,0,-1,0,0,0,0,0,-1,0,0,0,1,0,1,-1,0,0,0,0,0,-1,-1,-1,0,1,0,0,0,0,0,0,0,1,0,0,0,0,-1,-1,0,0,0,-1,-1,0,0,-1,0,0,0,0,0
682,-1,0,0,-1,1,0,-1,0,0,0,0,0,0,0,-1,1,-1,0,0,0,0,0,0,0,0,-1,1,-1,1,0,-1,0,1,0,0,1,0,0,-1,0,0,-1,0,0,0,1,0,0,-1,1,0,0,0,-1,0,0,0,0,0,0,-1,1,0,-1
683,-1,0,0,0,0,0,-1,-1,0,0,0,0,0,1,0,0,1,0,1,-1,0,0,0,0,0,0,0,0,0,0,0,0,0,0,0,1,0,0,1,0,0,-1,-1,1,0,-1,0,0,0,0,0,0,0,0,0,0,0,0,0,0,0,-1,1,-1
684,0,-1,-1,-1,0,0,-1,0,1,0,0,0,0,1,-1,0,0,1,0,0,0,0,0,0,0,0,0,0,0,0,0,-1,1,0,0,1,1,0,-1,0,0,0,0,0,0,1,0,1,0,0,0,0,0,1,0,-1,-1,1,0,1,0,0,0,0
685,0,0,1,1,0,0,0,0,0,1,0,0,1,-1,0,0,0,0,0,1,1,0,0,0,-1,0,0,0,-1,0,-1,0,0,1,0,-1,0,0,0,0,-1,0,0,0,1,0,1,0,0,-1,0,0,-1,1,0,0,0,-1,1,0,-1,0,-1,0
686,0,1,1,0,0,1,0,0,1,1,0,-1,0,1,0,0,-1,-1,1,-1,1,-1,-1,0,-1,0,0,0,0,0,1,0,0,1,-1,0,-1,1,0,0,1,0,-1,-1,0,-1,0,-1,0,0,0,0,0,1,0,0,1,0,0,0,0,-1,0,0
687,0,0,-1,0,1,0,0,0,0,1,0,-1,0,0,0,0,0,1,0,1,-1,0,0,0,0,0,1,-1,-1,1,0,1,0,-1,-1,0,0,1,0,0,0,-1,0,0,0,0,0,-1,0,0,0,-1,0,0,0,0,0,-1,-1,0,0,0,1,0
688,0,0,0,0,0,1,0,-1,0,0,0,1,0,0,0,1,0,0,0,-1,0,0,0,0,0,0,0,0,1,0,0,0,1,0,0,0,-1,0,0,0,0,0,0,0,0,0,0,0,-1,0,0,1,1,-1,-1,1,1,0,0,0,0,-1,0,0
689,0,0,-1,0,0,1,0,0,1,-1,0,0,0,0,0,0,0,0,1,-1,0,0,1,0,0,1,0,-1,1,1,-1,0,0,0,0,0,0,0,0,0,0,0,0,0,0,0,1,0,1,0,0,0,1,0,0,0,0,-1,-1,1,1,0,0,1
690,0,0,0,0,0,0,-1,0,-1,-1,1,-1,0,0,0,-1,0,1,0,0,1,0,0,0,0,0,-1,0,0,0,1,0,1,0,0,0,0,0,0,0,0,-1,1,-1,0,1,-1,0,-1,0,-1,1,0,0,-1,1,1,0,0,-1,1,0,-1,0
691,1,0,0,1,0,0,0,0,0,0,0,-1,0,0,0,0,-1,0,0,1,0,-1,0,0,0,-1,0,0,0,-1,0,1,1,-1,0,1,0,0,0,0,0,0,0,-1,0,0,0,0,0,-1,1,0,1,1,0,-1,1,0,1,1,1,-1,1,-1
692,0,0,1,0,0,0,-1,-1,1,1,0,0,-1,1,0,0,-1,0,0,0,0,0,0,0,-1,-1,0,0,-1,0,-1,0,0,0,-1,-1,0,0,0,0,-1,0,0,0,0,0,0,1,1,1,1,0,-1,-1,0,0,0,1,0,1,0,0,0,1
693,0,0,0,-1,0,0,0,0,0,1,0,0,0,1,0,-1,0,0,0,-1,0,0,0,0,0,1,0,1,1,1,-1,0,1,0,-1,0,0,-1,-1,0,1,0,0,0,0,1,1,0,0,0,0,0,-1,0,-1,0,0,-1,0,1,1,0,-1,0
694,0,0,-1,0,-1,0,0,1,1,0,0,0,0,0,-1,0,-1,1,0,1,-1,0,0,0,0,0,0,0,0,0,0,1,0,0,0,0,1,0,0,0,0,-1,1,0,-1,-1,1,0,1,0,-1,1,0,0,0,0,0,0,0,-1,1,0,0,0
695,-1,0,0,0,0,0,0,0,0,-1,-1,0,0,1,0,0,0,0,-1,0,0,0,-1,1,0,0,0,1,1,0,0,0,0,-1,1,1,0,0,-1,1,0,-1,1,0,1,0,1,1,0,-1,1,1,-1,0,0,0,0,0,1,0,1,0,-1,1
696,0,-1,1,0,1,0,0,0,-1,0,0,0,0,1,0,-1,0,0,0,0,1,-1,-1,0,0,0,0,-1,-1,0,0,0,0,0,1,-1,-1,0,1,0,0,1,0,0,1,0,-1,0,0,0,0,-1,0,0,0,-1,1,1,-1,1,0,0,0,0
697,0,-1,0,0,1,0,0,-1,1,0,1,1,0,0,0,0,0,1,1,0,0,0,-1,0,1,0,0,0,1,0,0,-1,0,0,0,0,0,0,0,-1,-1,0,0,0,1,0,0,1,1,0,-1,0,0,0,0,0,0,0,0,0,1,0,0,-1
698,-1,0,0,-1,0,0,0,0,0,0,1,0,0,0,1,0,1,0,-1,0,0,1,-1,1,0,0,-1,0,-1,0,-1,-1,-1,1,0,0,1,0,0,1,0,0,0,0,0,0,0,0,1,0,0,-1,0,0,1,-1,1,1,0,0,0,-1,0,0
699,0,0,0,0,0,0,0,0,0,1,0,0,0,0,0,0,0,0,0,0,0,0,0,0,1,1,0,0,-1,0,-1,0,0,0,0,0,0,1,-1,0,1,0,-1,1,0,0,0,-1,-1,0,-1,1,0,0,-1,0,0,-1,0,0,1,0,-1,1
700,-1,0,-1,0,0,0,0,1,-1,0,0,0,-1,1,0,1,1,-1,1,0,-1,0,0,0,0,0,0,0,0,0,0,-1,0,-1,0,0,0,0,1,-1,0,0,-1,-1,-1,1,0,0,1,-1,0,1,0,1,0,0,1,0,0,0,1,-1,0,0
701,-1,0,1,0,0,0,0,0,0,-1,0,0,0,0,1,0,-1,0,-1,0,0,0,1,0,0,0,0,0,0,0,0,0,0,0,0,1,0,0,-1,0,-1,-1,-1,-1,1,0,0,1,0,0,-1,0,0,0,0,0,1,0,0,1,1,0,0,1
702,0,0,0,0,0,0,1,0,0,0,1,0,0,-1,0,0,1,-1,0,0,-1,0,0,0,1,0,1,0,-1,0,1,0,1,0,0,0,0,0,0,1,0,0,1,0,0,0,1,0,0,0,-1,1,0,-1,-1,-1,0,0,1,1,0,0,0,1
703,0,0,0,0,0,0,-1,0,1,0,0,0,0,0,1,-1,0,0,0,0,0,0,0,0,1,0,0,-1,-1,0,0,0,0,0,0,0,-1,0,0,1,0,0,0,1,0,1,0,0,-1,-1,0,0,0,1,0,-1,0,0,1,0,-1,-1,0,0
704,0,0,0,0,-1,0,0,0,1,1,-1,0,0,0,0,-1,0,-1,0,0,-1,1,0,0,1,0,0,1,0,0,0,0,-1,0,0,-1,0,-1,1,-1,1,1,0,0,-1,1,0,1,1,0,0,0,0,1,0,1,0,-1,0,0,0,0,0,0
705,-1,0,0,0,0,0,0,0,1,0,0,1,0,0,0,0,0,0,0,-1,0,1,1,0,0,0,-1,-1,0,-1,0,1,0,1,-1,1,0,0,0,0,-1,1,0,-1,0,0,0,-1,-1,1,0,0,0,-1,0,0,1,0,0,0,1,0,1,-1
706,1,0,-1,1,0,0,0,0,0,0,0,0,0,0,0,0,0,0,0,1,0,0,0,0,0,1,0,0,1,0,0,-1,0,0,-1,0,0,-1,0,0,-1,0,0,0,0,0,0,1,1,-1,0,0,0,-1,0,0,0,0,0,0,1,0,0,0
707,0,0,0,1,0,1,0,0,0,-1,0,0,1,0,0,0,0,-1,0,0,0,0,0,-1,0,-1,1,0,0,1,0,0,0,0,0,0,1,0,0,0,-1,0,0,-1,0,0,1,0,0,0,-1,1,-1,1,0,0,0,-1,-1,1,0,-1,0,-1
708,0,0,0,0,0,0,0,0,-1,1,1,0,0,1,0,0,0,0,0,-1,0,0,0,0,1,0,0,0,1,0,0,0,-1,0,0,0,0,-1,0,0,1,0,0,0,0,1,1,1,1,0,0,0,0,0,0,0,0,0,0,1,1,0,0,1
709,1,-1,0,0,0,0,0,0,0,0,-1,0,0,0,0,-1,-1,0,0,-1,0,0,0,0,0,0,0,0,0,-1,1,0,0,-1,0,1,0,-1,0,0,0,1,0,1,0,0,0,-1,0,-1,0,0,0,-1,-1,0,0,-1,1,-1,1,0,-1,0
710,0,0,0,0,-1,0,-1,0,0,-1,0,0,0,1,0,1,0,0,0,0,0,0,0,-1,1,0,0,0,1,0,0,1,-1,0,0,0,0,0,0,1,0,0,0,0,0,1,0,-1,0,0,1,0,0,0,0,0,1,1,0,-1,0,0,0,0
711,0,-1,1,0,0,-1,1,0,0,1,0,1,0,0,0,0,0,-1,0,-1,0,-1,1,-1,0,0,0,0,-1,0,0,0,0,0,-1,0,0,0,-1,1,0,0,0,0,0,0,-1,0,0,0,0,0,1,0,0,0,1,0,0,1,-1,0,0,0
712,1,1,0,0,0,0,0,-1,-1,0,1,0,1,0,0,1,0,0,0,0,-1,-1,1,-1,-1,-1,0,1,0,-1,1,0,1,0,0,-1,0,0,-1,1,0,0,0,0,0,1,0,0,0,0,0,0,0,0,0,-1,-1,1,0,0,0,0,0,0
713,0,0,0,0,0,0,0,0,-1,0,0,-1,0,0,0,-1,-1,0,1,0,-1,0,0,0,0,0,-1,0,0,0,0,0,1,0,0,0,0,0,0,0,0,0,1,0,1,0,0,0,0,0,1,-1,0,0,1,0,0,1,1,0,0,-1,0,0
714,0,0,0,0,-1,0,0,0,0,-1,0,1,0,-1,0,0,1,0,0,0,0,0,-1,0,0,1,0,0,1,1,0,0,-1,1,-1,0,1,0,0,0,0,-1,0,-1,0,0,0,1,0,1,0,0,0,0,1,0,0,0,-1,0,0,1,1,1
715,0,0,0,0,0,0,0,0,0,-1,1,1,0,-1,0,0,0,0,0,0,0,0,0,1,1,0,0,1,0,0,-1,0,0,1,0,-1,-1,0,-1,-1,0,1,1,0,0,0,0,0,0,1,0,0,1,0,-1,0,0,0,0,0,0,1,0,0
716,0,1,-1,0,1,0,1,0,-1,0,1,0,-1,0,0,0,0,0,0,-1,0,0,0,-1,0,-1,0,0,0,1,0,0,0,0,0,0,1,0,1,0,0,0,0,1,0,0,0,0,0,-1,0,0,-1,0,0,0,-1,0,0,0,0,-1,-1,-1
717,1,-1,0,0,1,0,-1,-1,0,0,0,0,0,1,0,0,-1,0,-1,-1,0,0,1,0,0,0,1,0,1,1,1,0,-1,-1,0,0,0,0,-1,1,0,0,-1,-1,1,0,-1,0,-1,0,0,1,0,-1,1,1,0,0,1,0,0,1,0,-1
718,0,0,0,0,0,0,0,0,0,-1,0,0,0,0,0,0,-1,-1,-1,0,0,0,0,1,0,0,0,0,0,1,1,0,1,0,0,1,-1,0,0,1,-1,0,0,0,0,0,0,0,0,1,-1,-1,0,0,0,-1,1,-1,0,0,0,0,0,0
719,0,0,-1,0,-1,-1,-1,0,0,1,0,0,0,1,0,0,-1,0,1,0,0,1,0,0,0,0,1,1,0,0,0,0,0,0,0,-1,1,-1,1,-1,-1,0,0,0,0,0,0,0,0,0,0,1,-1,1,0,0,0,-1,1,0,-1,0,1,0
720,1,0,-1,1,0,0,-1,0,0,-1,1,1,0,-1,0,0,0,-1,0,-1,0,0,0,0,-1,0,1,1,1,0,-1,0,1,0,0,0,0,0,0,0,0,0,0,0,1,0,0,0,0,0,0,0,-1,0,-1,1,0,0,0,0,0,-1,0,0
721,1,0,0,-1,0,0,1,1,0,1,0,0,0,1,0,1,0,0,0,0,0,0,1,0,0,1,1,0,0,0,1,0,0,0,0,0,0,0,0,-1,0,0,0,-1,0,0,0,0,0,0,0,0,0,0,1,1,1,0,1,1,0,0,0,1
722,1,0,1,0,-1,-1,0,1,0,0,1,1,0,1,-1,-1,0,-1,0,-1,-1,0,0,0,0,0,0,1,1,0,0,-1,0,0,0,0,0,0,0,0,0,-1,-1,0,1,1,0,0,-1,0,0,0,0,1,0,0,0,0,-1,0,0,0,-1,1
723,-1,0,0,0,0,0,0,0,0,-1,0,0,0,-1,-1,0,0,0,0,0,0,0,0,1,0,0,-1,1,0,-1,0,0,0,0,0,-1,0,0,0,1,0,-1,0,0,0,0,-1,0,1,0,-1,0,0,0,0,0,0,-1,0,0,0,0,0,0
724,1,0,0,0,0,0,0,0,0,0,1,0,-1,0,0,1,-1,1,0,1,0,0,0,1,0,0,0,-1,0,0,0,1,0,0,0,0,0,0,0,1,0,-1,0,-1,-1,0,0,0,0,-1,0,0,0,-1,0,0,0,0,0,-1,0,0,0,-1
725,-1,0,0,1,-1,0,0,1,0,0,0,-1,0,0,0,1,1,0,0,0,0,0,0,-1,0,0,0,1,-1,-1,-1,-1,0,-1,-1,0,0,0,0,-1,1,1,1,0,0,-1,0,0,0,0,0,0,0,0,0,0,1,0,0,0,0,0,-1,1
726,-1,0,0,0,0,1,0,1,0,1,-1,0,-1,0,-1,-1,0,0,1,0,0,0,1,0,-1,-1,0,-1,1,0,1,0,1,1,0,0,0,0,1,0,0,0,0,0,-1,1,1,0,-1,1,0,0,0,1,0,0,0,0,0,1,0,-1,0,-1
727,0,0,0,0,0,0,0,0,0,0,0,0,0,-1,0,0,0,0,0,1,-1,0,1,0,0,0,0,0,-1,1,0,0,0,0,-1,0,0,0,0,0,0,0,0,0,0,1,-1,0,-1,0,1,0,-1,0,0,1,-1,-1,-1,0,0,-1,-1,0
728,1,0,0,1,0,0,0,0,0,0,-1,0,0,1,-1,1,1,0,-1,0,0,0,0,0,0,0,1,1,0,0,-1,0,1,0,-1,-1,0,1,-1,0,0,1,0,-1,-1,0,0,0,0,1,0,0,0,0,0,0,-1,0,0,-1,1,0,1,0
729,0,1,1,0,-1,1,0,0,1,0,0,-1,0,0,-1,0,0,0,0,0,0,0,0,0,0,0,-1,0,0,-1,1,0,0,0,1,0,0,-1,0,0,-1,0,-1,1,0,1,0,0,-1,1,0,-1,-1,0,0,0,1,0,0,-1,0,0,0,0
730,1,0,-1,0,0,0,0,-1,0,1,0,0,0,0,0,0,0,0,-1,-1,0,0,0,1,0,0,0,0,0,1,0,-1,-1,-1,0,-1,-1,0,0,1,0,1,1,0,0,0,0,-1,0,0,0,0,0,0,-1,0,0,1,1,-1,0,0,0,0
731,0,0,0,0,0,0,1,0,0,1,0,0,0,0,-1,0,0,0,0,0,0,1,1,0,0,1,0,0,0,1,0,-1,1,0,0,0,0,-1,1,0,-1,0,0,-1,1,0,0,1,-1,0,0,0,0,0,0,0,0,0,0,0,-1,0,0,0
732,0,1,0,0,0,0,0,0,0,0,0,-1,0,0,0,0,0,0,1,0,0,0,0,0,1,-1,0,0,0,0,0,0,0,0,0,-1,0,-1,0,0,0,-1,0,0,-1,0,0,1,0,0,-1,1,0,1,0,0,0,0,1,0,0,0,0,1
733,0,0,0,-1,1,1,-1,0,0,0,0,0,0,0,0,-1,0,0,0,-1,0,0,1,0,0,1,-1,1,0,0,0,-1,1,0,1,0,1,0,0,0,0,0,0,0,0,0,0,0,-1,0,0,1,-1,-1,-1,0,0,0,-1,-1,-1,0,0,0
734,0,-1,-1,0,0,0,1,0,0,0,-1,0,0,0,0,0,1,0,1,0,0,0,0,0,0,0,0,0,1,0,1,-1,0,-1,0,0,1,1,0,0,0,0,-1,0,0,0,-1,0,0,0,-1,0,0,-1,0,0,0,1,0,1,-1,0,1,0
735,1,-1,0,0,0,-1,0,0,-1,0,0,-1,-1,0,0,0,1,0,1,0,0,1,0,0,0,-1,0,0,0,0,-1,1,-1,0,0,-1,0,0,0,-1,0,1,0,0,0,-1,1,0,0,1,0,0,-1,0,0,1,0,1,-1,-1,0,0,1,0
736,1,0,-1,-1,0,1,1,-1,0,0,0,0,-1,0,0,0,1,-1,1,0,0,0,-1,-1,0,0,0,-1,1,0,-1,-1,1,-1,0,0,0,0,-1,0,1,0,-1,1,0,1,1,0,0,0,0,0,0,0,-1,0,0,0,0,0,-1,0,0,0
737,-1,-1,1,1,-1,0,-1,0,0,0,0,0,0,0,0,0,1,0,-1,0,1,0,0,0,1,0,-1,0,0,1,0,0,0,0,1,0,0,0,0,0,0,1,-1,0,0,0,0,0,0,1,-1,0,-1,0,0,1,-1,0,-1,1,-1,-1,1,0
738,0,0,-1,1,0,0,1,0,0,0,1,0,0,0,0,0,0,0,0,0,0,0,0,0,0,1,-1,0,1,0,0,0,-1,0,0,0,-1,0,0,0,-1,1,1,-1,1,0,0,0,0,0,0,0,0,0,0,0,0,1,0,-1,0,0,0,0
739,0,1,-1,0,0,0,1,0,0,0,0,0,-1,0,0,0,0,0,-1,1,0,-1,1,0,0,-1,0,-1,1,0,1,0,1,0,-1,0,0,1,-1,0,1,0,0,1,0,0,-1,1,0,0,0,0,-1,0,0,0,0,-1,0,0,0,0,0,0
740,0,-1,0,0,1,1,0,-1,-1,0,0,0,0,1,0,0,0,0,1,0,0,1,1,-1,0,-1,0,1,0,0,0,1,1,0,0,1,0,0,1,0,0,0,1,1,0,0,1,-1,0,0,0,0,0,0,-1,0,-1,-1,0,1,0,0,0,0
741,0,1,0,0,0,0,0,0,0,0,0,-1,0,0,0,0,0,0,1,0,0,0,0,0,0,0,0,0,0,1,0,0,-1,1,0,1,-1,0,1,-1,0,0,0,1,0,0,-1,1,-1,0,0,-1,0,0,0,0,1,1,0,1,-1,-1,0,-1
742,-1,0,1,1,-1,1,0,0,0,-1,1,-1,0,0,0,1,0,0,0,0,0,1,0,0,0,0,0,0,0,0,0,1,0,1,0,0,1,0,0,0,0,-1,-1,0,0,1,0,0,0,0,-1,0,0,1,-1,0,0,-1,1,0,0,0,1,1
743,1,0,0,0,1,0,0,0,0,0,0,0,0,1,0,-1,-1,-1,0,-1,0,1,-1,-1,1,0,0,0,0,-1,0,0,0,0,-1,0,0,0,0,0,-1,0,0,0,0,0,1,0,0,0,-1,0,0,-1,1,0,0,0,0,0,0,0,1,0
744,0,0,0,1,0,0,-1,0,-1,0,-1,1,0,0,0,1,0,0,0,-1,0,1,0,0,-1,0,0,0,0,0,0,1,0,0,0,0,0,-1,0,0,0,0,0,0,0,0,0,0,0,0,-1,0,0,-1,1,0,1,0,0,0,-1,-1,-1,-1
745,1,0,1,0,1,0,1,-1,0,-1,1,0,0,0,-1,-1,0,0,1,1,0,0,0,-1,0,-1,0,0,0,0,-1,0,0,1,0,0,0,1,0,-1,0,0,-1,-1,0,0,0,0,0,-1,1,0,0,0,-1,1,-1,0,0,0,1,0,0,0
746,0,-1,1,0,1,-1,0,1,0,0,0,0,0,-1,-1,0,0,0,0,-1,0,-1,0,0,-1,0,-1,-1,0,0,0,0,1,0,-1,0,0,0,0,0,1,0,1,0,1,-1,-1,0,0,0,0,-1,0,1,-1,-1,0,-1,0,0,0,0,0,0
747,1,0,1,0,0,-1,0,0,-1,0,0,0,-1,0,-1,0,0,-1,0,0,0,0,0,0,0,-1,0,0,0,0,0,1,0,-1,0,0,0,0,0,1,0,0,1,-1,0,1,0,-1,0,0,0,-1,0,-1,-1,0,0,1,0,0,1,0,1,0
748,1,0,1,-1,1,0,-1,1,0,0,0,1,-1,-1,1,0,0,0,0,-1,0,0,0,0,0,0,0,0,0,0,0,1,0,0,1,-1,0,0,0,0,0,1,1,0,0,0,0,0,0,0,0,0,0,-1,1,0,0,0,1,0,-1,0,-1,0
749,0,1,1,0,1,0,0,0,-1,0,0,0,1,-1,0,0,0,-1,-1,0,0,0,0,0,0,0,-1,0,0,0,0,0,0,0,0,1,0,0,0,0,1,1,0,0,0,0,0,-1,0,0,1,-1,1,0,0,1,0,0,-1,0,1,-1,0,1
750,0,0,0,0,-1,-1,0,-1,0,0,1,0,-1,1,-1,1,0,0,-1,0,0,0,0,0,0,1,0,0,0,0,-1,-1,0,0,0,0,0,0,0,-1,0,1,0,0,0,-1,0,0,-1,-1,-1,0,-1,1,0,0,-1,1,0,0,0,1,-1,0
751,0,-1,0,0,0,0,0,0,0,0,0,-1,0,0,0,1,0,0,0,1,0,0,0,0,0,0,0,0,0,-1,0,0,0,0,0,1,0,0,0,1,1,1,0,0,0,1,0,0,0,1,0,0,0,0,0,0,0,1,1,0,0,0,0,0
752,0,0,0,1,-1,0,0,0,0,1,0,0,0,0,0,1,1,-1,0,0,0,0,0,0,0,0,0,-1,-1,0,-1,0,0,0,-1,0,-1,0,0,0,0,0,0,0,0,1,0,0,-1,0,0,0,0,0,1,0,1,-1,1,0,0,-1,0,0
753,0,1,1,0,1,0,-1,0,0,0,0,0,-1,0,0,0,0,0,0,-1,1,0,-1,1,0,0,1,0,0,0,0,0,-1,0,0,-1,-1,0,-1,0,0,0,0,1,-1,0,0,-1,-1,0,1,-1,0,0,0,0,0,1,0,0,0,0,0,0
754,0,0,1,-1,0,0,0,-1,0,0,1,1,0,-1,-1,0,0,1,0,-1,0,0,1,0,0,0,0,0,1,0,0,-1,0,0,1,1,0,0,1,0,0,0,0,0,0,0,0,0,0,0,0,-1,0,-1,1,0,1,-1,0,0,1,0,0,0
755,0,0,0,1,0,0,0,0,0,-1,1,-1,0,-1,-1,0,0,1,0,0,1,0,0,0,0,-1,1,-1,1,0,1,0,1,0,0,0,0,1,0,0,0,0,1,0,0,0,0,0,0,-1,0,0,0,0,0,0,0,0,-1,1,-1,0,-1,0
756,0,0,-1,0,1,-1,-1,0,-1,0,0,-1,0,0,-1,1,0,-1,0,0,0,1,-1,0,0,0,0,0,0,0,0,0,0,0,1,0,0,-1,0,0,0,0,1,1,-1,-1,-1,0,0,-1,0,1,0,0,0,0,0,-1,0,1,0,0,0,1
757,1,1,1,0,0,0,0,0,0,0,0,1,1,0,0,1,0,0,1,0,0,-1,0,1,0,0,0,-1,0,-1,0,-1,0,-1,-1,1,0,0,0,0,-1,1,-1,1,-1,0,0,0,-1,0,0,0,0,-1,1,0,0,-1,0,0,0,0,0,0
758,0,1,0,1,1,0,0,1,0,1,0,0,0,1,0,0,0,0,0,0,-1,0,0,1,1,0,0,1,0,1,0,1,0,0,1,-1,-1,1,0,0,1,0,0,0,0,0,0,0,0,1,0,1,-1,0,0,1,1,-1,0,0,0,0,0,0
759,0,1,0,-1,0,0,0,1,-1,0,0,1,0,0,0,0,0,0,-1,0,1,0,0,-1,0,-1,0,-1,0,0,0,0,0,0,-1,0,1,0,-1,1,1,-1,0,0,-1,0,0,0,0,0,0,0,0,1,0,0,1,1,0,0,0,0,0,1
760,0,-1,-1,1,1,0,-1,-1,0,1,1,0,-1,-1,1,-1,-1,0,-1,0,0,-1,0,0,0,1,0,0,0,0,0,-1,0,0,-1,0,0,-1,0,-1,0,0,0,0,1,1,0,1,0,0,0,-1,0,0,-1,0,-1,-1,0,0,1,0,-1,1
761,0,0,-1,1,0,0,0,0,0,0,0,-1,0,0,0,-1,1,0,0,0,0,-1,0,1,1,0,0,0,0,0,0,-1,0,0,0,0,0,0,0,0,0,0,0,1,1,0,0,-1,0,0,-1,0,1,1,0,0,0,0,0,0,1,-1,0,1
762,1,0,-1,0,1,1,0,0,-1,0,1,1,0,0,0,0,1,-1,0,0,1,0,-1,0,0,-1,0,0,1,0,0,-1,-1,1,-1,0,-1,0,-1,0,-1,0,0,1,0,0,0,0,0,0,0,0,0,-1,0,0,0,-1,0,0,1,0,0,0
763,-1,1,1,0,0,-1,-1,1,1,0,0,0,0,-1,0,0,0,0,1,0,0,0,-1,0,0,1,0,-1,0,0,0,-1,0,0,0,0,0,0,0,1,-1,1,1,1,1,0,0,0,1,0,1,0,0,0,-1,1,-1,1,1,0,1,0,0,1
764,1,0,-1,0,0,0,0,0,0,0,0,-1,0,-1,1,0,0,-1,0,0,0,-1,0,1,0,-1,0,0,0,0,0,0,-1,0,0,0,0,0,-1,-1,-1,0,-1,0,-1,0,-1,1,-1,0,0,0,0,0,0,1,0,1,-1,0,0,-1,0,0
765,0,0,0,0,0,1,0,0,1,0,-1,-1,-1,0,0,0,0,1,-1,0,1,0,0,0,1,1,0,0,0,0,0,1,-1,0,1,1,1,0,0,-1,0,0,0,0,-1,-1,1,0,1,0,1,-1,-1,1,0,-1,0,0,0,-1,-1,0,1,0
766,0,0,0,0,-1,-1,1,0,0,-1,-1,0,1,0,-1,0,0,0,0,0,0,0,0,-1,0,0,1,0,1,0,-1,0,0,1,1,0,0,-1,0,0,0,1,0,0,0,-1,0,0,0,1,1,1,0,0,-1,0,-1,0,-1,0,1,0,0,1
767,0,1,0,1,0,1,0,0,0,0,0,0,0,-1,-1,1,1,1,0,0,0,0,0,0,-1,0,-1,0,0,0,-1,0,1,0,-1,0,1,0,0,-1,0,0,-1,-1,1,0,0,0,0,-1,0,1,0,0,0,0,0,0,0,1,0,0,0,0
768,0,0,1,0,0,1,0,1,0,0,0,0,1,0,-1,0,0,1,1,1,1,0,1,0,0,1,0,1,0,0,0,0,1,0,0,0,0,0,-1,0,0,1,0,0,0,1,0,0,0,0,0,1,0,0,1,0,0,0,-1,1,0,0,0,1
769,0,1,0,1,1,0,-1,1,1,0,0,0,0,0,-1,0,0,1,0,0,0,0,0,1,0,0,-1,1,1,0,1,0,1,0,1,0,1,0,0,1,-1,0,0,0,0,1,0,0,1,0,1,1,0,0,0,0,1,1,0,0,0,0,0,0
770,-1,0,-1,0,-1,0,1,0,0,0,0,0,0,0,0,1,-1,1,0,0,-1,0,1,0,0,0,0,0,0,0,-1,1,0,0,0,0,-1,1,1,0,0,0,0,0,0,-1,1,-1,1,1,0,-1,-1,0,0,0,-1,0,0,-1,-1,0,-1,0
771,0,1,0,-1,0,-1,1,0,0,0,0,1,0,0,0,0,-1,-1,-1,0,0,0,-1,0,0,1,0,0,0,0,1,-1,-1,-1,0,0,0,0,0,-1,0,0,0,0,-1,0,0,0,0,0,-1,0,1,1,0,1,1,0,-1,-1,0,0,1,0
772,0,0,0,0,0,0,0,0,0,0,0,0,0,0,1,0,0,-1,0,0,-1,0,1,0,1,0,1,1,-1,0,0,0,0,0,0,0,0,0,-1,0,-1,-1,0,-1,-1,0,1,0,0,0,0,1,0,0,0,0,0,-1,0,0,1,0,0,0
773,0,0,0,0,0,0,0,0,0,0,0,0,0,1,0,-1,0,0,0,1,0,0,1,1,0,0,0,0,0,0,0,0,0,-1,0,0,0,1,0,1,0,0,-1,0,-1,0,0,1,0,-1,0,0,-1,0,1,0,1,0,-1,-1,0,0,0,0
774,-1,1,0,0,1,0,1,0,0,0,-1,0,0,0,0,0,1,-1,0,0,1,0,1,0,-1,-1,-1,0,0,0,0,-1,0,-1,0,0,0,0,0,0,1,1,0,1,0,0,0,-1,0,1,0,-1,0,0,0,1,0,0,0,0,0,-1,0,0
775,0,0,0,0,-1,0,0,0,0,1,0,0,1,-1,-1,0,0,0,0,0,0,-1,0,-1,-1,0,0,1,0,0,0,0,0,0,0,0,1,0,-1,0,1,0,0,0,0,0,0,0,0,0,0,1,0,0,0,1,1,1,1,1,0,0,0,1
776,0,0,0,-1,0,0,0,0,0,0,0,0,0,0,0,0,0,0,0,-1,0,0,-1,0,0,0,-1,0,0,0,0,0,0,0,0,0,0,-1,0,1,0,0,-1,0,0,-1,1,0,0,0,1,0,1,0,0,0,0,1,-1,0,0,0,0,0
777,-1,0,0,-1,0,0,-1,0,0,0,1,0,0,0,0,0,0,0,0,0,-1,1,-1,0,-1,0,0,0,0,0,0,0,-1,0,0,-1,0,0,0,1,-1,0,0,0,0,1,0,0,1,0,1,-1,0,0,0,-1,1,0,0,0,1,-1,1,-1
778,0,0,0,0,0,0,0,0,0,0,1,0,0,0,0,0,1,-1,0,-1,1,0,0,0,0,0,0,0,0,0,0,0,0,0,0,0,0,0,0,0,-1,0,-1,0,0,0,0,0,0,1,1,-1,0,0,1,0,0,0,0,0,0,0,1,-1
779,-1,0,-1,0,0,0,0,0,0,0,0,0,1,0,1,0,0,-1,-1,0,-1,1,1,0,0,0,0,-1,0,0,0,0,0,0,0,0,0,0,0,0,0,0,-1,0,0,-1,0,0,0,0,1,0,0,0,1,0,0,0,0,0,1,0,0,0
780,-1,0,-1,0,-1,0,0,0,0,0,-1,0,0,-1,1,0,0,0,1,0,0,-1,1,1,0,0,-1,1,0,-1,-1,0,-1,1,0,0,-1,1,-1,0,0,-1,0,1,0,0,-1,-1,0,0,0,-1,0,-1,0,-1,0,0,0,-1,0,0,0,-1
781,-1,0,-1,0,0,0,0,0,-1,0,-1,0,0,0,0,1,0,1,0,0,0,-1,0,-1,0,0,0,0,1,0,0,0,1,0,-1,0,1,0,1,0,-1,0,0,0,-1,0,0,0,-1,0,0,1,0,0,-1,0,0,1,0,-1,0,0,0,0
782,0,0,-1,0,0,1,0,1,0,-1,0,0,1,0,0,-1,0,0,0,0,1,0,0,1,0,0,0,1,0,1,0,0,0,0,-1,0,-1,1,0,0,0,0,-1,-1,0,1,0,0,0,1,0,0,0,0,0,-1,0,0,-1,0,0,1,0,0
783,0,0,1,0,0,0,1,0,-1,0,0,0,-1,0,-1,1,-1,0,0,-1,1,-1,1,0,0,0,0,0,1,0,0,0,0,-1,0,0,-1,0,1,0,0,0,-1,0,0,0,0,0,0,1,1,-1,0,0,0,-1,0,0,0,0,-1,1,-1,0
784,0,0,0,0,0,0,0,-1,1,0,0,0,0,0,0,0,0,-1,0,0,0,-1,0,0,-1,0,0,0,0,1,0,0,0,0,0,-1,0,1,1,1,-1,0,0,0,-1,0,0,0,0,1,0,0,-1,0,-1,0,0,1,0,0,0,0,-1,0
785,-1,0,0,0,0,0,1,0,0,0,0,0,0,0,-1,-1,-1,0,-1,0,-1,0,0,0,0,0,0,1,0,0,0,-1,1,0,0,0,0,0,1,0,0,-1,0,0,1,1,0,0,0,0,0,0,1,0,0,-1,0,0,0,0,-1,0,0,1
786,0,0,0,0,0,1,0,0,-1,0,0,1,0,-1,0,0,0,-1,0,0,0,-1,0,0,0,1,0,1,0,0,0,0,1,0,-1,-1,0,0,1,1,0,0,0,0,0,0,0,0,0,0,0,0,0,1,0,0,0,0,0,0,0,-1,0,0
787,-1,1,0,0,0,1,1,-1,0,-1,0,0,-1,0,1,1,0,-1,0,0,0,1,0,0,1,0,0,0,-1,0,1,1,0,0,0,0,0,0,1,0,0,0,-1,0,1,0,0,0,0,0,0,0,0,-1,-1,0,0,0,0,0,-1,0,0,0
788,0,0,1,1,0,1,0,1,0,0,0,0,0,0,-1,-1,-1,0,0,-1,0,-1,-1,0,0,0,0,0,0,0,1,0,0,1,0,1,1,1,0,-1,-1,-1,0,0,-1,0,1,0,0,0,0,0,0,0,-1,1,0,0,-1,0,0,0,1,0
789,1,0,0,0,0,1,0,1,0,0,1,0,0,-1,0,-1,0,1,-1,0,0,1,0,0,0,-1,1,0,0,1,1,0,0,1,0,0,1,0,1,0,0,-1,1,0,1,0,0,-1,0,0,-1,-1,0,0,0,1,0,-1,0,0,0,0,0,1
790,1,0,-1,0,0,0,0,0,1,0,-1,1,1,-1,-1,0,0,-1,0,0,0,0,0,0,0,0,0,0,1,0,0,1,0,0,0,0,0,0,0,0,0,-1,-1,0,0,0,0,0,0,0,-1,0,0,1,0,-1,1,0,0,0,-1,0,0,1
791,1,0,0,-1,0,-1,0,1,-1,0,-1,0,0,-1,0,0,0,0,0,0,0,-1,0,1,0,-1,0,0,0,0,1,1,0,0,0,-1,0,0,0,1,0,0,0,0,1,-1,0,0,0,0,0,0,0,0,-1,-1,0,-1,0,0,0,0,1,0
792,0,0,0,0,0,-1,0,1,1,0,0,0,1,0,0,0,-1,0,0,0,0,0,0,0,1,0,0,0,0,0,-1,0,0,0,0,0,0,1,1,0,0,0,0,-1,0,1,0,1,-1,1,0,0,0,0,0,1,1,0,0,0,1,1,-1,0
793,0,1,0,0,0,0,0,-1,0,0,0,0,0,0,0,-1,-1,-1,1,-1,0,-1,0,0,1,1,0,0,0,-1,0,0,0,0,0,0,0,0,0,-1,0,0,0,1,1,-1,0,-1,0,0,0,0,0,0,0,0,0,-1,-1,0,0,0,0,0
794,0,0,-1,0,-1,1,0,0,-1,0,0,0,0,0,0,0,0,-1,0,0,0,1,1,1,0,0,0,0,0,0,1,0,0,0,-1,-1,0,0,0,0,0,0,0,1,0,0,-1,-1,0,1,0,0,1,-1,0,1,0,0,0,1,-1,1,-1,-1
795,-1,-1,0,1,0,1,1,-1,0,0,0,0,0,-1,0,0,0,0,0,0,0,-1,0,0,0,0,0,0,0,0,0,0,1,1,0,1,0,0,0,-1,0,-1,-1,-1,-1,1,0,0,1,0,1,-1,0,-1,1,1,1,0,-1,1,0,-1,1,0
796,1,-1,0,0,-1,1,0,0,1,-1,-1,0,0,0,1,0,-1,-1,0,-1,0,-1,0,0,0,0,0,0,0,0,1,0,0,0,0,-1,0,0,-1,0,0,0,0,0,0,-1,-1,0,-1,0,0,-1,-1,0,0,0,0,-1,0,0,-1,0,-1,1
797,0,1,-1,-1,0,0,0,0,0,1,0,0,-1,0,0,0,0,-1,0,1,0,-1,1,0,0,0,0,0,0,0,0,0,0,0,-1,0,0,0,-1,-1,0,1,0,-1,0,1,0,-1,0,0,0,1,0,0,-1,0,0,0,0,0,0,0,0,1
798,0,0,-1,0,-1,0,0,-1,0,0,0,1,0,0,1,0,-1,1,0,0,0,-1,0,0,0,0,0,0,0,0,1,1,0,0,0,0,0,0,1,0,0,-1,1,1,1,0,0,0,0,0,0,0,1,0,-1,-1,0,0,-1,-1,0,-1,0,0
799,0,1,0,0,1,0,-1,0,0,1,-1,-1,0,0,0,0,0,-1,0,0,0,1,0,0,0,1,-1,0,-1,1,0,1,1,0,1,1,0,0,0,1,0,-1,0,0,1,0,0,1,0,0,0,1,1,0,0,-1,0,0,0,0,0,0,0,0
800,0,1,0,-1,0,1,0,0,0,0,0,0,0,0,0,0,0,0,1,-1,0,-1,0,1,1,0,0,0,1,0,0,0,0,-1,-1,0,1,1,0,0,0,0,-1,1,0,0,0,0,-1,0,0,1,-1,0,0,0,1,0,0,-1,0,0,1,1
801,0,0,0,-1,0,0,0,0,0,1,0,0,0,0,0,-1,0,0,0,0,0,1,0,0,1,0,0,1,0,0,0,0,0,0,-1,1,0,0,0,0,0,0,0,0,0,1,0,-1,0,0,1,0,-1,0,0,0,0,0,0,0,0,-1,0,0
802,1,0,1,0,0,0,0,0,0,0,1,0,0,0,0,0,0,0,0,-1,0,1,0,1,-1,0,0,0,0,0,0,0,0,0,-1,-1,1,-1,0,-1,1,-1,1,0,-1,0,0,0,0,0,0,0,0,0,1,-1,0,1,1,1,0,0,0,1
803,0,0,-1,0,1,1,0,0,0,0,1,0,0,0,-1,0,0,1,-1,0,0,0,-1,0,0,0,-1,0,1,0,1,0,1,0,-1,0,1,0,-1,0,0,-1,0,0,-1,0,-1,0,-1,0,0,0,-1,0,1,0,0,-1,-1,0,-1,0,0,0
804,0,-1,0,0,-1,0,0,1,0,0,0,0,0,0,0,0,0,0,0,0,0,1,1,0,0,0,-1,1,-1,0,0,0,0,0,1,0,0,0,-1,0,0,-1,-1,1,-1,0,1,-1,0,-1,0,1,0,0,-1,0,0,0,0,-1,0,1,0,0
805,-1,0,0,-1,0,0,-1,0,0,0,0,-1,0,0,0,-1,0,1,0,0,1,0,-1,-1,0,0,0,1,-1,0,1,0,0,1,1,0,0,-1,0,0,1,-1,0,0,0,-1,1,0,0,0,0,-1,0,0,0,-1,0,0,0,0,1,1,0,0
806,0,0,0,0,-1,-1,0,0,0,-1,0,0,1,-1,0,1,-1,0,0,0,0,0,0,0,0,0,0,1,0,0,0,0,0,0,0,-1,0,1,1,1,-1,-1,0,0,1,0,0,0,1,-1,0,0,0,0,1,0,0,0,0,1,0,0,0,0
807,0,0,-1,0,1,0,0,0,0,0,-1,1,-1,-1,0,-1,-1,1,1,0,1,0,0,1,1,1,0,1,-1,-1,0,-1,0,-1,0,0,0,0,0,1,0,0,0,0,0,1,-1,0,0,1,0,0,0,0,0,0,-1,0,0,0,0,0,0,0
808,1,0,1,0,-1,0,0,0,0,0,0,1,0,0,0,0,0,-1,0,-1,0,1,-1,0,1,0,0,0,0,-1,0,1,-1,1,0,0,1,0,0,-1,0,0,0,0,0,1,1,1,0,0,0,-1,0,-1,0,0,0,0,1,0,-1,1,0,0
809,0,-1,0,0,1,0,0,-1,1,1,1,0,0,0,1,0,1,0,0,0,1,0,1,0,1,0,-1,0,0,1,-1,-1,0,1,0,0,0,0,0,0,0,0,1,1,-1,0,0,1,0,0,0,1,0,1,0,0,0,0,-1,1,0,0,0,0
810,0,-1,-1,0,-1,0,0,0,0,1,0,0,0,0,0,0,0,0,0,1,1,0,1,0,0,0,0,0,-1,0,-1,0,-1,1,-1,1,-1,1,0,0,1,0,0,0,0,0,0,0,0,0,0,1,0,0,0,-1,0,1,0,1,-1,0,0,0
811,-1,0,1,1,-1,0,0,0,0,0,1,1,0,0,0,1,0,0,0,0,-1,0,1,1,0,1,-1,0,0,0,0,1,0,0,0,0,-1,-1,-1,0,0,0,0,0,0,0,0,0,0,0,0,0,0,0,0,0,0,0,-1,0,0,0,1,0
812,0,0,0,0,0,0,0,-1,0,0,0,0,-1,-1,0,1,-1,0,0,1,0,0,1,0,0,0,0,0,0,-1,0,0,0,-1,0,0,-1,1,-1,0,0,1,0,0,0,0,-1,0,0,0,1,0,0,-1,0,0,0,1,0,0,0,0,0,0
813,0,0,0,0,0,0,0,1,0,0,0,-1,1,0,1,-1,0,0,0,0,0,0,1,1,0,0,1,0,1,0,-1,1,0,-1,0,0,1,0,0,-1,0,0,0,0,0,-1,0,-1,1,1,0,0,0,-1,-1,0,0,0,0,1,0,-1,-1,1
814,0,0,0,0,1,0,0,0,0,0,0,0,0,-1,0,1,0,0,0,0,1,1,0,1,0,0,0,-1,0,0,1,0,0,1,-1,-1,0,-1,0,0,0,-1,0,0,0,0,0,1,0,0,0,0,0,-1,0,0,0,-1,1,0,-1,0,0,1
815,0,0,-1,0,0,0,0,0,0,0,0,0,0,0,-1,0,0,1,0,0,0,0,-1,-1,0,0,1,0,1,0,0,-1,-1,0,0,0,0,0,0,0,-1,1,0,-1,0,0,0,0,0,1,0,0,0,0,0,0,-1,0,0,0,0,-1,0,1
816,0,0,0,0,0,-1,0,-1,1,0,-1,0,0,0,0,0,0,0,1,0,0,0,1,0,0,0,-1,0,0,1,1,1,1,0,0,0,0,0,0,0,0,-1,0,-1,0,1,0,1,0,-1,-1,0,0,-1,-1,-1,0,0,0,-1,-1,-1,-1,0
817,0,0,0,0,0,0,0,0,0,1,-1,0,-1,0,0,-1,0,0,0,0,0,1,1,0,0,0,1,-1,-1,-1,0,0,0,0,0,0,0,0,0,0,1,0,0,-1,0,0,0,0,1,0,0,0,-1,0,0,0,0,0,0,0,1,0,0,0
818,1,0,0,1,0,0,0,1,0,0,0,0,0,0,-1,-1,0,1,0,0,-1,0,0,-1,1,-1,1,0,0,0,-1,0,-1,0,-1,0,0,0,0,0,1,1,0,0,0,0,0,0,1,0,0,0,-1,0,1,1,-1,0,0,-1,-1,1,1,0
819,0,0,0,1,1,0,0,0,1,-1,0,0,0,0,-1,0,0,-1,1,0,0,0,1,1,1,1,-1,0,0,1,-1,0,0,1,-1,0,0,0,0,0,0,0,0,0,0,1,0,0,0,0,0,-1,-1,0,0,-1,0,0,0,0,0,0,0,1
820,0,0,0,0,0,0,1,0,0,0,0,0,-1,1,0,1,-1,0,1,0,0,-1,0,0,0,0,0,1,1,0,-1,0,1,0,0,0,0,0,0,-1,0,0,1,0,0,1,1,0,0,0,1,1,0,0,0,0,0,0,1,-1,1,-1,1,0
821,1,1,0,0,0,-1,0,0,0,0,0,-1,-1,-1,1,-1,0,-1,-1,0,0,0,0,0,-1,0,1,0,0,0,0,1,0,1,1,0,0,0,0,1,0,0,-1,0,0,-1,-1,1,-1,1,0,0,0,-1,1,0,0,0,0,0,0,0,0,0
822,0,0,0,-1,0,0,0,0,0,1,0,1,-1,1,0,0,0,0,0,0,0,0,0,1,0,0,1,0,1,0,-1,0,-1,0,0,-1,0,0,0,1,-1,0,0,0,0,0,-1,0,0,1,0,0,0,0,-1,-1,1,1,0,0,1,1,0,0
823,0,1,0,0,-1,0,-1,0,0,0,0,-1,0,0,-1,0,0,1,0,1,1,0,1,0,0,0,0,0,1,0,0,0,0,0,0,0,0,0,0,-1,1,0,0,1,0,1,1,0,0,0,0,0,0,0,0,1,0,-1,0,0,-1,0,1,0
824,-1,1,1,0,-1,1,0,0,1,0,0,1,0,1,0,0,0,0,0,0,0,-1,-1,0,0,1,0,0,-1,0,0,-1,0,0,1,-1,-1,-1,1,-1,0,0,1,-1,0,0,-1,0,0,0,0,0,0,-1,0,0,0,0,0,0,0,-1,0,1
825,1,0,0,0,0,0,0,0,1,1,-1,0,0,1,-1,0,0,-1,0,0,1,0,0,-1,-1,0,0,0,0,0,-1,0,0,0,-1,0,0,0,-1,0,0,-1,0,0,0,0,0,0,1,1,0,0,0,0,-1,0,0,0,0,0,0,0,0,0
826,0,0,0,0,1,0,0,1,0,0,0,-1,0,-1,0,0,0,-1,0,1,0,0,0,0,1,0,0,1,0,0,0,0,0,0,0,-1,-1,-1,-1,1,1,0,0,0,0,0,0,0,0,-1,1,0,0,1,0,0,0,0,-1,-1,0,0,0,0
827,0,0,0,0,0,0,0,-1,1,0,-1,0,0,0,0,1,0,1,-1,0,0,-1,-1,0,-1,1,0,-1,1,-1,1,-1,-1,1,0,0,0,0,0,0,1,1,0,1,0,0,0,0,0,0,1,-1,0,0,1,0,0,1,0,-1,0,0,0,-1
828,0,-1,0,0,0,1,0,0,1,-1,0,-1,1,0,-1,1,-1,-1,0,0,0,0,0,-1,0,1,0,-1,0,0,0,-1,0,0,0,1,1,1,0,0,1,-1,-1,-1,0,0,0,-1,0,0,0,0,0,1,0,0,0,0,0,0,0,0,1,0
829,1,0,1,0,1,0,1,0,0,0,0,-1,0,0,-1,0,0,-1,0,0,0,-1,1,0,0,0,1,0,-1,0,-1,0,0,0,0,0,-1,0,0,0,0,-1,0,0,0,0,0,0,0,-1,0,-1,1,0,0,0,0,0,1,0,0,0,1,0
830,0,0,0,-1,0,1,0,1,0,0,1,0,-1,0,-1,1,0,0,0,-1,0,0,0,1,0,1,0,0,0,-1,0,1,1,0,0,1,0,0,1,-1,0,1,0,0,0,0,0,1,1,0,0,0,0,1,-1,0,1,1,1,0,0,-1,0,0
831,-1,0,1,0,0,-1,0,0,1,-1,0,1,0,1,0,0,1,0,-1,1,0,0,0,0,0,1,0,0,0,0,1,0,-1,0,0,1,0,0,1,1,1,1,-1,-1,0,0,-1,1,-1,1,0,1,0,1,0,0,-1,0,0,0,-1,0,1,0
832,-1,1,0,0,-1,0,0,0,0,0,-1,-1,1,-1,0,-1,1,0,0,0,0,0,0,0,1,0,1,0,0,1,0,0,-1,0,0,0,0,0,-1,-1,-1,0,1,-1,0,0,-1,-1,-1,-1,1,-1,-1,0,0,0,-1,0,0,-1,-1,0,0,0
833,-1,-1,0,0,0,-1,0,0,-1,0,1,0,0,0,0,-1,0,1,0,0,1,0,0,0,0,0,0,-1,0,1,-1,0,-1,0,-1,1,-1,0,0,-1,0,0,0,0,1,0,0,-1,-1,-1,-1,-1,1,0,0,0,-1,0,-1,1,0,0,0,0
834,0,1,0,0,0,1,0,0,-1,1,1,0,0,0,1,0,0,0,0,0,0,0,-1,0,0,0,0,0,0,0,-1,-1,0,1,0,0,0,0,0,0,0,1,1,1,0,0,0,0,1,0,0,0,0,0,0,1,-1,-1,0,0,1,0,0,0
835,-1,0,1,1,0,-1,0,0,0,-1,0,-1,0,0,1,0,-1,0,0,0,1,0,0,0,0,0,1,0,0,-1,-1,0,0,-1,0,0,1,0,0,0,0,0,-1,0,0,-1,0,0,0,0,0,0,0,-1,0,-1,0,0,-1,0,0,1,0,0
836,0,0,0,0,1,0,-1,0,0,0,0,1,0,0,1,0,0,0,0,0,0,1,0,-1,0,0,0,0,0,1,0,-1,-1,1,1,0,-1,0,0,1,0,0,0,0,0,1,0,0,0,0,0,0,0,-1,0,0,1,-1,-1,-1,1,0,1,0
837,0,1,0,-1,0,-1,0,1,0,0,1,0,0,-1,1,-1,0,0,0,0,0,1,-1,0,1,-1,0,0,-1,0,0,0,0,0,-1,0,0,0,0,0,-1,0,0,0,-1,0,0,-1,1,0,0,1,0,-1,1,-1,1,0,-1,0,1,0,1,-1
838,-1,0,0,1,0,1,-1,0,0,1,1,0,-1,-1,0,0,-1,-1,0,0,0,0,1,-1,0,-1,1,1,0,0,-1,0,0,0,0,0,-1,-1,0,1,0,0,0,-1,0,-1,0,0,1,0,-1,0,0,0,0,-1,-1,0,1,0,-1,0,0,0
839,0,0,0,0,1,0,-1,0,0,1,-1,0,0,-1,0,0,-1,1,0,0,-1,1,0,0,0,1,-1,0,0,1,0,-1,0,-1,0,-1,-1,-1,0,1,0,-1,1,1,0,0,0,-1,0,-1,0,0,0,1,0,0,-1,0,1,-1,0,1,0,0
840,1,1,0,0,0,0,1,0,1,-1,1,0,0,0,0,0,0,0,0,0,-1,0,0,0,0,0,0,0,0,-1,1,0,0,0,0,0,1,0,0,0,-1,0,0,1,1,-1,0,0,0,-1,0,0,0,0,0,0,1,0,0,0,-1,0,0,1
841,0,0,0,1,0,0,0,0,1,1,0,-1,0,0,0,0,-1,0,0,-1,0,1,0,0,0,0,0,0,0,0,0,0,0,0,0,0,-1,0,0,0,-1,0,-1,0,0,0,1,0,0,-1,0,0,0,-1,1,0,0,0,0,0,1,0,0,-1
842,1,0,-1,0,1,1,-1,0,0,-1,0,0,0,-1,1,1,0,0,0,0,0,1,0,-1,0,-1,-1,0,0,1,0,0,0,0,0,-1,0,0,-1,0,0,-1,0,0,0,1,0,0,0,0,0,0,0,0,0,1,0,1,1,1,0,0,0,-1
843,0,0,0,0,0,1,0,0,0,0,1,0,-1,0,0,-1,0,0,0,0,1,1,1,0,0,0,0,0,1,0,1,0,0,1,0,0,0,0,0,0,0,0,0,0,0,0,0,0,0,0,0,0,-1,0,0,0,0,0,-1,0,0,1,-1,1
844,0,-1,0,0,-1,1,-1,-1,0,0,0,0,0,1,1,0,0,0,0,0,0,0,1,0,0,-1,0,-1,0,0,0,0,-1,0,0,1,1,0,0,0,0,0,0,0,0,0,-1,0,0,1,1,-1,0,0,0,0,0,0,1,0,-1,0,0,0
845,-1,0,0,0,0,1,1,1,0,0,0,0,0,0,1,0,0,1,0,0,0,1,1,0,1,1,0,0,0,1,0,0,0,0,-1,-1,0,-1,0,-1,-1,0,0,0,0,0,0,0,1,0,0,1,-1,0,-1,0,0,0,0,0,0,0,1,0
846,0,0,0,0,-1,0,0,0,1,0,0,0,0,0,0,0,0,1,0,-1,0,0,0,0,-1,-1,0,0,1,1,0,-1,0,0,1,0,-1,0,0,0,0,0,0,0,0,0,0,0,1,1,0,0,0,0,1,0,-1,0,-1,-1,0,0,1,-1
847,0,-1,0,0,1,0,0,-1,0,-1,0,-1,0,1,0,0,-1,-1,0,0,0,0,1,-1,0,1,0,0,0,0,0,-1,0,0,-1,0,0,1,0,0,0,1,0,0,0,-1,0,0,0,0,0,1,1,0,0,0,1,0,1,0,1,0,0,1
848,1,0,0,-1,0,0,-1,0,1,0,0,-1,0,-1,0,0,0,0,-1,0,0,0,0,0,0,0,0,0,0,0,0,0,1,0,0,-1,1,-1,0,0,0,0,-1,0,1,-1,0,0,0,0,0,1,0,0,0,1,0,0,0,1,0,1,0,-1
849,0,1,0,0,-1,0,-1,0,1,0,0,1,-1,0,0,0,0,0,0,0,0,-1,0,-1,0,1,0,-1,0,0,0,0,0,-1,0,-1,0,0,0,-1,0,0,1,0,0,0,1,0,0,0,0,0,0,0,0,0,-1,-1,0,0,-1,-1,0,-1
850,-1,0,0,0,0,0,0,0,0,1,0,-1,0,0,-1,0,0,0,-1,1,-1,0,0,0,0,-1,-1,0,1,0,0,0,0,0,-1,1,0,0,0,-1,1,0,1,0,1,-1,0,0,0,0,0,0,0,0,0,0,0,1,0,-1,1,0,0,0
851,0,-1,0,-1,-1,0,0,0,1,0,1,0,0,-1,0,0,0,1,-1,0,0,-1,0,1,-1,0,0,0,0,-1,0,0,0,0,-1,1,-1,0,-1,0,0,1,1,-1,0,-1,1,0,-1,1,0,1,0,-1,0,0,0,0,0,0,1,-1,1,1
852,0,1,0,-1,0,0,-1,1,1,-1,0,0,0,0,0,-1,0,0,0,0,0,0,0,0,-1,0,0,1,0,0,0,0,1,0,1,-1,0,1,0,0,0,1,-1,-1,0,0,0,-1,0,0,1,0,-1,0,0,0,1,0,1,0,-1,0,-1,0
853,1,0,-1,0,0,0,0,0,1,0,0,0,0,1,1,1,0,-1,0,1,1,0,-1,-1,0,0,0,1,0,0,1,-1,0,0,1,0,1,0,0,0,0,0,1,0,0,0,1,0,1,1,0,0,0,0,0,-1,1,0,0,0,1,-1,0,0
854,0,0,-1,0,0,0,0,0,0,-1,0,0,0,1,1,0,1,0,1,0,0,0,1,0,0,1,0,1,0,0,1,0,0,-1,0,0,1,0,0,-1,1,0,0,0,0,0,1,1,0,-1,0,1,0,0,0,0,0,0,0,0,-1,1,0,0
855,0,0,1,-1,0,-1,0,0,0,0,0,1,0,0,-1,1,0,-1,1,-1,0,0,0,0,0,-1,0,-1,-1,1,0,-1,0,0,0,1,-1,0,0,-1,-1,0,1,1,0,0,1,0,0,0,-1,0,0,0,0,0,0,0,0,-1,-1,0,0,0
856,0,0,0,0,0,1,0,0,0,0,-1,1,0,0,0,-1,1,-1,0,-1,1,0,0,0,0,0,1,-1,-1,1,0,0,0,1,0,0,0,1,0,0,1,0,0,0,0,0,0,1,0,0,0,0,1,0,0,0,0,0,1,-1,0,1,0,0
857,0,1,0,0,0,0,0,1,-1,0,1,0,-1,-1,1,0,0,0,0,0,1,0,0,1,-1,-1,1,0,0,0,0,-1,1,-1,0,1,1,0,1,0,-1,0,0,0,-1,1,-1,0,0,0,0,1,0,0,1,1,0,0,0,-1,0,-1,1,0
858,0,0,1,-1,-1,0,-1,-1,0,-1,0,0,-1,-1,1,0,1,0,0,0,0,0,0,0,-1,0,0,-1,0,-1,1,0,0,0,0,0,0,0,0,0,0,0,-1,0,-1,0,0,0,1,0,0,-1,0,0,0,-1,0,0,0,-1,0,0,0,1
859,0,1,1,0,-1,1,1,0,0,-1,0,0,-1,0,0,0,0,0,1,0,0,0,0,0,0,0,0,1,0,0,0,0,0,0,1,0,0,1,1,0,0,0,1,-1,0,-1,0,1,0,0,0,1,0,0,0,0,0,-1,0,0,0,0,1,0
860,-1,0,0,1,0,0,0,1,0,0,1,1,0,0,0,0,0,0,0,0,1,0,0,0,0,0,0,0,0,-1,0,0,-1,0,0,1,0,0,-1,0,0,1,1,0,0,1,-1,0,0,0,0,0,0,0,-1,0,-1,0,0,0,-1,0,0,-1
861,0,0,0,-1,0,0,-1,0,1,0,0,1,0,0,0,0,-1,0,0,-1,0,0,1,0,0,0,-1,-1,-1,0,0,0,0,1,0,0,-1,-1,0,0,1,-1,0,-1,-1,0,0,0,0,0,0,0,0,-1,0,0,-1,0,1,0,-1,0,0,1
862,0,-1,0,0,0,0,0,0,0,1,0,0,0,0,0,0,1,-1,0,0,0,-1,1,0,0,0,0,0,0,0,1,0,-1,0,1,0,0,0,0,0,0,0,0,0,0,0,-1,0,1,0,0,0,0,-1,0,0,-1,0,0,0,0,1,0,0
863,0,0,-1,0,0,1,-1,0,1,-1,0,0,0,1,0,1,0,1,-1,0,-1,0,0,0,-1,1,0,1,0,0,-1,0,0,0,1,-1,0,0,0,0,0,0,0,-1,0,-1,0,-1,0,0,0,0,0,0,0,0,0,1,-1,-1,-1,0,1,0
864,-1,0,0,0,-1,0,0,-1,0,0,0,0,0,1,0,0,0,0,0,-1,1,1,1,0,-1,0,1,0,0,0,1,0,0,0,0,-1,0,1,0,-1,0,0,-1,0,0,-1,1,0,0,0,0,0,0,0,0,0,0,0,0,0,0,0,0,0
865,0,0,0,-1,0,-1,0,0,1,-1,-1,-1,0,0,0,0,0,-1,-1,-1,1,0,1,0,0,1,0,1,0,0,0,0,0,0,0,1,0,0,0,-1,0,0,1,0,0,0,0,1,0,0,0,0,1,0,0,0,1,1,0,-1,-1,0,1,1
866,0,0,0,0,0,0,0,0,-1,-1,0,1,-1,0,0,0,0,0,1,-1,0,1,1,0,0,0,0,0,0,0,0,0,1,-1,-1,0,0,1,0,0,0,1,0,0,1,1,0,0,0,0,0,0,0,0,-1,0,0,0,-1,-1,1,0,0,0
867,0,-1,0,0,0,1,0,0,1,0,0,1,1,-1,0,0,0,0,0,0,0,1,-1,0,0,-1,1,0,0,0,0,0,0,0,-1,0,0,-1,0,0,-1,1,0,-1,0,-1,0,-1,0,0,0,0,1,1,0,1,0,1,-1,0,-1,1,-1,0
868,0,-1,0,0,0,1,-1,-1,0,1,0,0,0,1,0,1,-1,1,0,-1,0,0,0,0,0,1,0,1,0,1,0,0,-1,0,1,0,0,0,0,-1,1,-1,0,-1,1,0,-1,0,1,0,1,0,0,0,0,0,1,1,0,-1,0,0,0,0
869,0,-1,0,1,0,1,0,0,0,-1,0,-1,0,0,0,0,0,0,0,-1,-1,0,0,0,0,1,0,0,0,1,-1,-1,0,0,0,0,-1,0,0,0,0,1,0,0,0,0,0,1,0,0,0,0,1,0,0,0,1,0,0,1,0,0,-1,0
870,0,1,0,0,0,0,0,0,0,-1,0,0,0,0,0,0,1,0,0,-1,-1,1,-1,0,0,1,0,-1,1,0,0,0,0,0,0,0,-1,0,0,0,0,0,-1,0,0,0,1,1,1,1,1,1,0,0,-1,0,0,-1,1,-1,0,0,0,1
871,0,0,-1,0,-1,0,0,-1,0,0,1,0,0,-1,0,1,0,1,0,0,0,0,1,0,0,0,0,0,-1,0,0,0,1,1,0,1,-1,0,0,0,0,0,1,0,0,0,1,0,-1,0,0,-1,0,0,0,0,0,0,0,0,-1,0,1,0
872,-1,-1,0,0,0,0,-1,0,-1,1,0,0,0,0,0,0,0,-1,0,0,0,0,0,-1,-1,0,0,0,0,0,-1,0,1,0,0,0,-1,0,0,0,0,-1,0,0,0,0,-1,0,0,1,0,0,-1,0,0,0,1,0,0,1,0,0,0,0
873,0,0,0,-1,0,0,0,1,0,-1,-1,0,1,0,0,-1,0,0,1,0,0,0,1,0,0,1,0,0,0,0,0,0,-1,1,0,0,0,0,0,1,0,-1,0,0,0,0,0,-1,-1,0,0,0,0,1,0,0,0,0,0,-1,-1,0,1,0
874,-1,-1,-1,0,0,0,0,0,0,0,-1,-1,0,0,1,0,0,0,0,0,0,0,0,0,1,0,1,1,0,0,0,-1,1,-1,0,0,1,1,0,0,0,0,-1,-1,0,0,1,-1,0,-1,0,0,0,-1,0,0,0,0,-1,-1,0,0,0,1
875,-1,0,-1,0,0,1,-1,0,0,1,0,0,-1,-1,-1,0,-1,0,-1,-1,0,0,0,1,0,0,-1,0,0,0,0,0,0,-1,1,0,0,0,0,-1,0,0,0,0,0,0,0,1,0,0,0,0,0,0,-1,0,1,-1,0,0,1,0,0,0
876,0,0,0,1,0,-1,0,0,0,0,-1,0,0,0,0,1,-1,-1,0,0,0,0,0,-1,0,0,0,0,0,0,-1,1,1,0,0,1,1,0,0,0,0,0,1,0,1,0,0,0,1,0,0,-1,1,0,0,0,0,0,1,0,1,1,0,0
877,-1,0,0,0,0,0,0,-1,-1,1,0,1,-1,0,0,0,-1,0,-1,-1,0,1,0,1,0,0,0,1,-1,0,0,-1,1,-1,0,-1,0,0,-1,0,0,1,0,0,1,0,0,0,0,0,1,-1,0,-1,1,0,-1,0,0,0,1,0,0,0
878,1,0,1,-1,0,0,0,-1,1,0,0,0,-1,0,0,1,0,0,0,0,0,0,0,0,0,0,0,-1,-1,0,1,1,-1,0,0,0,-1,-1,0,0,0,0,0,0,0,0,-1,0,0,0,0,-1,0,0,0,0,1,-1,0,0,1,0,-1,0
879,1,-1,0,0,0,0,0,-1,0,0,0,0,0,0,0,-1,1,0,1,0,0,0,1,0,-1,-1,0,-1,0,0,1,0,0,1,1,0,1,-1,0,0,0,0,1,0,-1,0,0,0,-1,-1,0,0,0,-1,0,0,0,0,1,0,0,0,-1,0
880,-1,0,1,0,0,-1,-1,0,0,0,0,0,0,0,0,-1,-1,1,0,0,0,-1,0,0,-1,-1,0,0,0,0,-1,0,0,0,0,-1,0,0,-1,1,0,0,-1,0,0,1,-1,1,0,-1,0,-1,1,-1,0,-1,0,0,0,0,0,0,0,0
881,0,0,0,1,0,0,0,0,0,1,1,-1,0,1,-1,0,0,-1,0,1,1,0,-1,0,-1,-1,-1,0,0,0,0,0,0,0,1,0,0,0,0,0,0,0,0,1,0,0,0,0,0,0,0,-1,1,1,-1,0,0,0,1,0,0,1,1,-1
882,0,0,0,1,-1,0,0,0,-1,-1,-1,1,-1,1,0,0,0,0,0,-1,1,-1,0,-1,0,0,0,0,-1,-1,0,-1,1,-1,0,0,1,0,-1,0,0,-1,0,0,0,-1,0,-1,1,0,0,0,0,0,0,1,0,1,-1,0,-1,0,-1,0
883,-1,1,0,0,0,0,1,0,0,0,0,-1,0,-1,0,-1,0,0,-1,0,0,0,0,-1,0,-1,-1,0,1,0,-1,0,0,0,-1,0,0,1,-1,0,1,0,0,0,1,0,0,0,0,0,0,0,0,1,0,0,0,0,0,1,0,1,0,0
884,0,0,1,0,-1,0,0,0,0,1,0,-1,0,1,1,0,0,0,0,0,0,-1,0,1,0,-1,-1,0,0,0,-1,1,0,0,0,0,0,0,0,0,-1,-1,0,-1,0,1,-1,0,0,-1,1,1,0,0,-1,0,-1,0,0,-1,0,0,-1,0
885,0,1,0,1,0,0,0,0,-1,1,0,-1,1,-1,0,1,0,0,-1,0,0,-1,-1,0,0,-1,0,0,0,0,0,-1,0,0,1,0,-1,0,1,0,0,0,-1,0,0,0,0,1,0,0,0,0,0,1,0,0,-1,0,0,0,1,0,0,0
886,-1,0,0,-1,0,0,-1,1,0,-1,1,0,0,-1,1,1,0,0,0,0,0,0,0,0,0,0,1,1,0,0,1,0,0,0,-1,-1,0,0,0,0,-1,-1,1,0,-1,0,-1,-1,0,-1,-1,0,0,0,1,0,0,1,0,0,0,0,0,0
887,1,0,0,0,0,0,0,0,0,-1,1,0,-1,0,0,1,0,-1,0,0,0,-1,0,-1,0,0,-1,0,0,0,1,0,0,1,0,0,1,-1,0,-1,-1,0,0,0,0,0,0,0,0,0,0,0,0,0,0,1,0,0,0,-1,-1,0,0,0
888,0,0,-1,1,0,0,0,1,0,1,0,1,0,-1,-1,1,0,0,1,0,1,0,0,0,0,0,-1,0,0,0,1,0,0,0,1,1,-1,0,1,0,1,0,0,0,0,0,-1,0,0,-1,-1,0,0,0,0,0,0,1,1,0,0,0,0,0
889,0,0,0,1,1,0,0,1,0,-1,1,0,0,0,0,-1,-1,-1,0,0,0,-1,0,0,0,0,1,0,0,1,0,0,-1,0,0,0,-1,-1,1,0,1,0,0,1,0,0,-1,0,0,0,-1,0,0,0,0,1,-1,-1,0,0,-1,1,-1,0
890,0,0,0,0,0,-1,0,1,0,0,1,-1,0,1,0,0,1,0,0,-1,0,0,-1,1,1,-1,0,0,-1,0,0,0,0,-1,-1,0,0,-1,0,0,1,0,0,0,0,0,0,0,0,0,0,1,0,-1,0,0,0,-1,1,-1,0,0,0,0
891,0,0,1,-1,0,0,-1,1,0,0,0,0,1,0,0,0,0,-1,0,-1,0,-1,0,-1,-1,1,-1,0,-1,0,0,0,0,0,1,0,1,0,0,0,0,0,0,0,0,-1,0,0,0,-1,0,0,1,0,1,0,1,0,1,-1,0,0,0,0
892,1,0,0,0,0,1,1,-1,0,-1,0,0,-1,0,0,0,1,0,1,1,1,-1,1,0,0,-1,1,0,0,0,-1,-1,0,-1,0,0,-1,0,0,0,0,0,1,0,0,0,1,0,-1,0,0,0,-1,0,0,0,0,-1,-1,-1,0,1,0,0
893,1,0,0,0,0,-1,0,1,0,0,-1,-1,0,1,0,-1,0,-1,0,1,0,0,0,0,0,0,0,0,0,0,0,0,-1,0,-1,0,0,-1,1,0,-1,1,0,1,-1,0,0,-1,0,0,1,-1,0,0,0,0,0,1,1,0,0,-1,0,0
894,0,0,0,-1,0,1,0,0,-1,0,1,0,1,0,0,0,0,0,1,0,1,0,0,0,0,0,0,0,1,0,-1,0,0,0,0,0,0,0,0,-1,0,-1,-1,0,0,0,0,-1,1,0,-1,0,-1,0,0,0,0,0,0,1,0,0,1,1
895,0,0,0,-1,1,0,0,0,0,1,1,0,-1,1,0,0,0,0,0,0,1,0,0,-1,0,0,0,0,-1,1,0,0,0,0,0,0,1,0,-1,0,0,0,0,0,0,0,-1,-1,0,0,-1,1,1,0,-1,1,-1,0,-1,0,0,0,0,0
896,-1,0,1,0,0,-1,0,0,-1,-1,0,0,-1,-1,0,0,0,0,-1,-1,0,0,0,0,0,0,-1,0,0,0,0,1,0,0,0,0,0,0,-1,0,0,0,0,0,0,0,-1,0,0,1,0,0,0,0,0,1,0,0,0,-1,0,-1,1,-1
897,0,-1,0,0,-1,0,-1,0,0,0,-1,0,0,0,0,0,1,0,0,0,1,1,0,1,0,1,1,0,0,0,0,0,0,0,0,0,-1,0,0,-1,-1,0,0,0,0,1,0,1,1,0,1,0,0,0,-1,1,0,1,-1,0,0,0,0,-1
898,0,-1,-1,-1,1,0,-1,-1,0,0,0,-1,0,0,1,0,0,0,-1,0,0,-1,0,0,-1,0,1,-1,0,0,1,0,0,0,0,0,1,0,1,-1,0,-1,-1,0,0,0,0,0,-1,0,0,0,0,0,0,0,0,0,0,0,0,0,0,-1
899,0,0,0,0,0,0,1,0,0,0,1,0,0,0,0,-1,1,0,0,0,-1,0,-1,0,0,0,0,0,0,-1,1,0,0,1,-1,0,0,0,0,0,0,0,0,-1,0,1,-1,0,0,0,1,0,1,0,0,1,0,0,1,0,0,0,-1,0
900,0,0,0,0,0,0,-1,0,1,0,0,0,1,0,-1,1,-1,1,0,-1,0,0,0,0,0,1,1,0,-1,0,1,0,1,0,0,0,0,1,0,1,1,1,0,0,0,0,0,1,0,0,1,0,0,0,0,-1,1,1,0,1,1,0,0,0
901,-1,0,0,0,1,0,0,1,0,0,0,0,1,0,1,0,0,0,0,0,1,0,1,0,0,0,-1,0,0,1,-1,0,0,0,0,0,0,1,0,-1,0,0,0,0,-1,1,0,0,0,0,0,-1,0,0,0,-1,0,0,0,0,0,0,1,0
902,0,0,0,-1,-1,0,0,0,-1,0,0,0,0,1,0,0,0,0,0,0,0,0,-1,0,0,0,0,-1,0,0,0,0,0,0,-1,0,0,-1,0,-1,0,0,0,1,0,0,0,0,0,0,-1,1,0,-1,0,0,-1,0,0,0,1,0,1,1
903,-1,-1,1,0,0,0,0,-1,0,0,0,0,0,0,0,0,0,0,0,0,0,0,0,0,1,-1,0,0,0,0,1,0,0,0,-1,0,0,0,-1,0,0,0,-1,0,1,0,0,0,-1,0,1,-1,0,0,1,1,0,0,0,0,0,0,0,1
904,0,-1,0,0,0,0,0,0,0,0,0,-1,0,0,0,0,0,-1,-1,0,1,1,-1,0,-1,0,0,1,1,-1,0,0,1,1,0,0,-1,-1,0,0,0,0,0,0,1,0,0,1,1,0,0,0,0,0,0,1,0,0,1,0,0,0,1,-1
905,0,0,0,0,-1,0,0,0,0,0,0,0,0,0,0,0,0,1,0,0,0,1,1,0,1,0,1,0,1,0,-1,0,1,0,0,0,0,0,0,0,1,0,0,1,0,0,0,0,0,0,1,1,0,0,0,0,0,0,-1,0,0,0,0,0
906,1,0,0,0,1,-1,1,0,-1,1,1,0,-1,0,0,1,1,0,0,1,0,0,-1,0,-1,1,0,-1,1,0,0,-1,-1,0,0,0,0,0,0,0,1,-1,0,0,0,0,0,0,-1,-1,0,0,0,1,1,1,1,-1,1,0,0,0,-1,0
907,0,1,1,0,1,0,0,0,0,0,-1,-1,0,1,0,0,-1,0,1,0,-1,0,-1,0,1,0,-1,1,0,0,1,0,0,0,1,-1,0,-1,0,-1,1,-1,-1,-1,0,-1,-1,0,1,-1,0,0,0,1,1,0,0,1,-1,1,0,0,0,0
908,1,0,0,0,0,1,-1,-1,0,-1,0,0,-1,0,0,0,0,0,0,0,0,0,1,0,0,0,0,-1,0,0,0,0,0,0,-1,0,0,0,0,0,1,0,-1,0,0,0,0,0,-1,0,0,0,-1,0,1,1,0,0,1,0,0,0,0,0
909,-1,0,0,0,-1,0,0,1,-1,-1,1,1,0,0,0,1,1,0,0,0,0,0,0,0,0,1,-1,0,0,0,0,1,1,0,0,0,0,0,-1,-1,-1,0,0,0,0,-1,1,1,0,0,0,0,0,0,0,0,0,0,0,0,0,1,0,0
910,0,0,0,-1,-1,0,0,-1,1,-1,0,0,1,0,0,0,1,0,0,0,0,1,0,0,1,0,0,0,1,0,1,1,1,-1,0,0,0,0,0,-1,-1,-1,0,1,1,0,0,0,0,0,0,0,-1,0,-1,0,0,0,-1,0,0,1,0,0
911,0,-1,0,0,0,0,0,1,0,0,-1,0,1,-1,0,0,0,1,0,0,0,-1,1,0,0,0,0,0,0,0,0,0,0,1,1,-1,0,-1,1,0,-1,-1,-1,0,-1,0,-1,0,0,-1,-1,1,-1,0,-1,-1,0,0,0,0,0,0,-1,0
912,0,0,-1,-1,0,0,0,-1,0,0,0,1,-1,0,-1,0,1,0,0,0,-1,1,0,1,-1,1,0,1,0,0,-1,-1,0,0,-1,1,0,0,0,1,0,0,0,-1,0,0,-1,0,-1,-1,0,0,0,0,0,0,1,0,0,-1,1,0,1,0
913,1,-1,0,0,-1,-1,1,0,0,0,0,-1,0,0,0,0,0,0,0,1,0,0,1,0,0,0,-1,0,1,-1,0,0,0,0,0,-1,1,-1,-1,0,0,0,0,-1,0,0,-1,0,0,-1,0,0,1,0,0,0,0,0,0,0,0,0,0,0
914,0,0,-1,0,-1,0,-1,1,0,0,0,0,0,0,1,0,0,0,0,0,-1,-1,0,1,0,0,0,0,0,0,0,1,0,0,0,0,0,0,0,0,-1,0,0,0,-1,0,1,-1,0,0,0,0,0,1,-1,0,0,0,0,0,0,0,-1,1
915,0,0,-1,1,-1,1,0,0,-1,-1,0,-1,0,1,0,0,1,-1,0,0,0,0,1,1,-1,0,-1,0,0,0,-1,0,0,1,1,-1,0,1,0,1,0,0,1,1,0,0,0,1,0,0,1,0,1,-1,0,-1,1,1,0,0,0,-1,0,0
916,0,0,-1,0,0,1,1,0,1,0,0,-1,0,0,-1,0,0,0,1,0,0,0,0,0,0,0,1,0,1,0,1,0,0,0,-1,0,0,0,0,0,1,0,-1,-1,-1,0,0,0,-1,0,1,0,0,0,0,-1,0,1,1,0,1,1,0,0
917,0,0,-1,1,-1,-1,0,0,-1,0,0,0,1,1,0,0,1,0,0,1,0,-1,0,0,0,0,1,1,1,0,0,-1,0,1,0,0,-1,0,-1,0,0,-1,-1,0,1,1,1,0,-1,0,0,1,0,0,0,-1,-1,0,0,1,0,-1,0,0
918,0,1,0,0,1,-1,0,0,0,1,-1,0,-1,0,0,0,0,0,0,-1,0,-1,0,0,1,0,0,0,0,0,0,0,0,0,0,-1,1,1,0,1,0,1,1,0,1,-1,0,0,0,0,-1,1,0,1,1,0,0,0,0,0,0,0,0,-1
919,-1,0,0,0,1,0,0,0,0,-1,0,1,-1,0,0,0,-1,0,1,0,0,0,-1,-1,-1,0,0,0,0,1,0,-1,0,0,0,0,0,0,0,0,0,0,0,1,1,0,0,-1,0,0,0,0,0,0,0,0,0,0,0,0,0,0,0,-1
920,0,1,0,0,0,-1,0,0,1,0,0,1,0,1,0,0,1,0,1,0,0,0,0,-1,0,0,0,0,0,0,0,0,-1,0,0,0,1,0,1,-1,0,0,0,0,0,-1,-1,1,0,1,0,0,1,0,1,1,0,0,0,0,0,0,-1,-1
921,0,1,0,0,-1,0,0,0,1,0,0,1,-1,0,0,-1,0,0,0,1,0,0,0,0,0,0,0,0,0,0,0,0,0,1,0,1,1,0,0,0,0,-1,1,0,-1,0,0,1,1,0,0,-1,0,0,0,1,0,0,0,0,0,0,0,1
922,1,-1,1,0,1,-1,0,-1,-1,0,1,-1,0,0,0,0,0,0,-1,0,0,0,0,-1,0,0,1,-1,-1,0,0,-1,0,0,0,0,0,-1,0,0,0,0,0,0,0,0,1,0,0,-1,0,0,0,-1,0,0,0,0,0,0,0,0,0,0
923,1,0,0,1,-1,0,0,0,0,1,1,-1,0,0,0,0,1,0,0,-1,0,-1,0,-1,0,-1,0,0,0,0,0,0,-1,0,0,0,0,0,0,1,0,0,1,1,0,0,0,0,0,-1,0,-1,0,1,1,0,0,0,-1,-1,-1,0,0,-1
924,0,-1,0,0,0,0,0,0,0,0,0,0,-1,1,0,0,1,1,0,-1,1,0,0,1,1,0,-1,1,1,0,0,1,0,-1,-1,0,0,1,0,0,0,0,0,0,1,1,1,0,0,0,0,0,0,0,-1,1,-1,0,0,0,0,0,0,0
925,0,0,0,1,0,0,0,1,1,0,0,0,1,0,0,0,-1,0,1,-1,-1,-1,0,0,0,-1,0,1,0,-1,-1,0,1,0,-1,-1,0,0,-1,0,-1,0,-1,0,0,-1,0,0,0,0,0,0,0,0,0,0,0,0,1,-1,-1,0,0,0
926,-1,0,0,-1,1,0,0,0,0,0,0,0,0,0,0,1,0,0,0,0,1,0,0,0,0,1,0,0,0,0,0,1,1,1,0,0,1,0,0,1,-1,0,0,-1,1,-1,0,0,1,0,0,1,0,-1,0,0,0,0,0,0,0,0,0,0
927,-1,-1,-1,0,0,-1,0,1,0,0,0,1,-1,0,0,0,0,0,0,0,-1,0,0,0,-1,1,0,-1,0,-1,0,0,-1,0,1,0,-1,-1,0,0,0,0,0,0,0,1,0,0,0,0,0,0,0,-1,-1,0,0,1,1,-1,-1,0,0,0
928,1,1,0,0,0,0,0,-1,0,0,0,0,1,-1,-1,0,0,0,1,-1,0,-1,0,0,0,0,0,0,-1,0,0,1,0,0,1,0,-1,0,0,0,-1,0,0,0,0,0,0,0,0,0,0,0,0,-1,-1,-1,1,-1,0,0,0,0,0,0
929,0,0,0,-1,-1,0,0,1,-1,0,0,0,0,1,0,0,0,0,-1,-1,0,0,-1,0,0,0,-1,0,0,0,-1,0,0,0,0,1,0,0,0,0,0,0,-1,-1,0,1,1,-1,0,0,0,0,0,0,1,-1,0,1,0,1,0,-1,0,0
930,0,1,1,0,1,0,1,0,0,0,1,0,0,0,0,0,0,0,0,0,0,0,0,0,1,1,0,0,0,0,1,0,0,0,0,0,0,0,0,0,0,0,0,1,0,0,-1,-1,0,0,-1,0,0,0,-1,1,0,0,-1,-1,0,0,0,0
931,0,1,1,0,0,0,0,0,0,0,-1,-1,-1,1,0,0,0,0,0,0,0,0,1,0,0,-1,0,0,0,0,0,0,-1,1,0,-1,-1,-1,0,0,0,0,0,0,0,-1,0,1,-1,-1,0,-1,1,-1,0,0,0,1,0,0,0,0,0,0
932,0,0,-1,1,0,0,-1,-1,-1,0,0,1,1,0,0,0,0,0,0,-1,0,1,0,0,0,0,0,0,1,0,1,0,1,0,1,1,0,0,0,0,-1,0,0,0,0,1,1,-1,0,-1,0,0,0,0,-1,0,-1,1,0,0,-1,0,0,1
933,0,0,0,1,-1,-1,0,0,0,0,-1,0,1,1,0,0,0,0,0,0,0,0,1,1,0,0,-1,0,1,0,0,0,1,-1,0,0,1,0,0,0,0,0,0,-1,0,-1,0,0,1,-1,0,0,-1,1,1,-1,0,0,1,0,1,-1,-1,0
934,0,1,0,0,-1,0,0,1,0,0,0,0,0,0,1,0,0,-1,0,1,0,0,0,0,-1,0,0,0,0,0,0,-1,0,0,0,0,0,1,1,0,1,-1,0,0,0,0,0,0,0,1,-1,1,-1,-1,1,-1,0,1,1,0,1,0,0,0
935,1,-1,-1,0,0,1,0,0,0,0,0,1,0,1,0,0,-1,1,-1,1,0,0,1,0,1,0,-1,0,1,0,0,0,0,0,0,0,1,-1,0,-1,1,0,1,0,1,0,0,0,0,0,0,0,0,1,0,0,0,-1,0,0,1,0,-1,1
936,1,0,0,0,0,0,1,0,-1,1,0,0,0,0,1,0,0,0,-1,0,0,1,1,-1,0,0,0,1,0,-1,-1,0,0,-1,1,0,0,0,0,0,0,0,1,-1,0,1,1,0,0,0,-1,0,-1,1,0,0,1,0,1,1,0,0,0,1
937,0,0,1,0,0,0,-1,0,0,-1,0,0,0,-1,0,1,0,0,1,-1,-1,1,1,0,0,0,1,0,-1,0,-1,0,1,-1,-1,0,0,0,0,1,0,0,0,0,0,0,1,0,0,0,0,1,0,0,0,0,0,0,-1,0,-1,1,0,0
938,0,-1,1,0,-1,0,0,0,0,0,0,1,-1,0,-1,0,0,0,0,0,0,0,0,-1,0,1,-1,0,0,0,0,0,0,0,-1,0,0,0,1,0,0,0,-1,0,0,0,0,-1,0,0,0,1,0,0,0,0,0,-1,0,0,1,0,-1,-1
939,1,0,0,-1,0,0,0,1,0,0,0,0,-1,1,0,1,0,1,0,1,1,1,0,1,0,-1,0,-1,-1,-1,0,0,1,0,0,0,1,0,0,0,0,0,0,1,-1,0,1,0,-1,-1,-1,-1,1,0,0,-1,1,-1,0,0,-1,0,0,0
940,0,0,1,0,0,0,0,0,0,0,0,-1,0,-1,0,1,0,0,-1,0,0,-1,0,-1,0,0,1,0,0,1,1,1,0,0,1,0,0,0,0,0,0,1,0,1,1,0,0,0,1,0,1,0,0,0,0,-1,0,0,-1,0,-1,-1,-1,-1
941,0,0,0,-1,0,1,0,1,0,0,0,0,0,-1,0,-1,0,0,0,1,0,0,1,0,0,-1,0,0,1,-1,0,0,-1,0,-1,1,0,1,0,0,-1,1,0,-1,-1,1,0,1,1,0,0,0,1,0,0,0,1,0,0,1,0,0,-1,0
942,0,0,0,0,0,0,0,0,-1,0,0,-1,1,0,0,0,1,1,0,-1,0,0,0,-1,0,0,0,-1,0,0,0,0,-1,-1,1,1,0,0,0,-1,0,1,0,0,1,0,0,0,-1,0,0,0,0,-1,1,1,0,1,0,0,0,-1,1,0
943,0,0,1,0,0,1,0,-1,1,1,-1,0,0,0,0,0,0,0,0,1,0,0,0,0,0,0,0,0,-1,0,0,-1,-1,-1,0,0,0,0,0,1,0,0,-1,1,1,1,0,-1,0,0,0,0,-1,0,0,0,0,0,0,0,0,0,1,0
944,1,0,-1,1,0,1,-1,-1,0,1,0,1,-1,-1,0,0,-1,-1,0,-1,-1,0,0,0,0,-1,0,0,0,0,1,0,1,1,0,1,1,0,0,-1,0,0,-1,0,0,-1,0,0,1,0,0,0,0,0,-1,0,0,0,1,0,0,0,0,1
945,1,1,0,0,0,0,0,-1,0,0,1,0,0,0,0,0,0,0,0,1,1,1,0,0,-1,1,-1,0,-1,0,0,0,1,1,0,-1,-1,1,0,0,0,0,0,1,1,0,0,-1,0,-1,0,0,-1,0,1,0,-1,0,1,0,0,0,0,0
946,0,0,0,0,0,0,1,-1,0,-1,0,1,0,1,0,-1,-1,-1,-1,0,0,0,-1,1,-1,-1,1,0,0,-1,0,0,0,1,0,0,0,0,0,0,1,0,-1,0,1,0,0,0,0,-1,0,0,0,0,-1,1,-1,0,0,0,0,1,0,0
947,0,1,0,0,0,0,0,0,1,0,0,-1,0,0,0,1,0,-1,-1,0,-1,0,0,-1,-1,0,1,0,0,0,1,0,1,0,0,1,0,-1,0,-1,-1,0,0,1,-1,1,0,1,0,0,0,0,0,0,0,0,0,0,-1,-1,0,-1,-1,-1
948,0,0,1,-1,0,0,0,0,1,-1,-1,-1,0,0,-1,0,1,0,0,-1,0,0,0,0,1,1,0,1,0,1,-1,0,0,-1,0,1,0,1,-1,-1,0,0,0,0,-1,-1,0,0,0,1,1,1,-1,0,0,0,0,0,0,-1,0,0,0,0
949,0,0,0,0,0,0,1,0,1,0,0,0,0,0,1,0,1,0,0,1,0,1,0,0,1,1,-1,1,0,-1,-1,0,0,0,-1,1,-1,1,-1,-1,-1,0,1,0,1,0,0,0,0,0,0,-1,0,1,0,0,0,0,1,0,0,0,1,0
950,-1,0,1,0,0,0,0,0,-1,0,0,0,0,0,0,1,-1,0,0,0,0,0,0,0,0,0,0,0,0,0,0,1,0,-1,1,0,-1,1,-1,0,0,0,-1,0,1,0,0,0,0,0,1,0,0,1,0,1,0,0,0,-1,0,0,0,0
951,0,0,-1,0,1,0,1,0,0,1,1,0,1,0,0,0,0,1,0,1,-1,0,0,1,0,0,0,0,0,-1,1,0,-1,0,0,0,-1,0,1,0,-1,0,0,0,0,0,0,-1,0,-1,0,1,0,0,0,0,0,1,0,0,0,0,1,-1
952,0,0,0,0,1,1,1,0,1,0,0,1,0,0,0,0,-1,-1,0,-1,0,0,-1,0,0,0,0,-1,0,0,0,0,-1,-1,1,0,0,1,0,0,0,0,0,1,0,0,0,0,1,-1,0,0,0,0,0,0,-1,0,0,0,0,0,-1,-1
953,1,-1,0,-1,-1,-1,-1,0,-1,0,0,0,0,0,0,0,0,-1,0,0,-1,0,-1,0,0,1,0,0,0,0,0,0,0,1,-1,1,-1,-1,0,0,0,0,0,0,0,0,0,0,0,0,-1,0,0,-1,0,0,0,0,1,0,0,0,0,0
954,1,1,0,1,0,0,1,1,1,0,0,-1,0,0,0,0,0,0,0,1,0,0,0,0,0,0,0,0,0,1,0,0,-1,0,1,0,0,1,0,-1,-1,0,0,0,0,0,0,0,-1,-1,0,1,0,0,0,0,0,0,0,0,-1,0,0,-1
955,0,0,0,0,0,0,0,0,0,0,0,0,0,-1,0,0,0,-1,0,0,1,1,0,1,0,0,-1,0,-1,-1,0,1,0,0,0,0,1,-1,0,0,0,0,0,0,-1,-1,0,0,0,1,0,0,0,1,0,0,0,0,1,0,1,-1,0,0
956,0,0,0,0,1,0,1,0,0,0,1,0,0,0,0,-1,0,-1,-1,-1,0,-1,0,0,0,0,0,1,0,1,0,0,0,0,0,1,0,0,0,-1,1,0,0,0,0,0,1,0,0,0,1,0,0,-1,0,0,0,-1,0,1,0,0,1,1
957,0,0,0,0,0,0,0,1,1,1,-1,0,0,0,-1,1,-1,0,0,1,0,-1,-1,1,0,0,0,0,1,0,0,1,0,0,0,0,1,0,0,0,-1,1,0,0,0,-1,0,-1,1,0,0,0,1,0,0,0,0,1,0,0,0,0,0,0
958,0,-1,0,0,0,0,0,0,0,1,-1,1,0,0,0,1,0,-1,0,0,0,0,0,0,0,1,0,0,0,0,0,0,0,0,0,-1,1,0,1,0,0,0,0,0,0,0,0,0,0,1,1,0,0,-1,1,0,1,-1,0,0,0,0,-1,1
959,0,0,0,0,-1,0,0,0,-1,0,0,-1,0,0,0,0,-1,1,0,-1,0,1,0,0,0,0,-1,-1,0,0,0,-1,0,0,0,1,0,-1,0,-1,1,0,0,-1,0,-1,-1,0,0,0,0,0,0,1,0,0,0,0,0,-1,1,0,0,0
960,0,0,1,-1,0,1,1,0,1,-1,0,1,0,1,0,0,0,-1,0,0,0,-1,0,0,-1,0,0,0,0,1,0,1,0,0,-1,0,0,1,0,0,0,0,0,0,0,0,0,1,0,0,0,-1,0,0,-1,-1,0,1,1,0,0,-1,-1,-1
961,0,-1,0,-1,1,0,1,0,0,0,0,1,0,0,1,0,1,0,0,1,1,0,0,-1,0,1,-1,1,0,0,0,-1,1,1,0,0,0,-1,0,0,0,0,0,0,0,0,1,1,0,1,0,0,1,0,0,0,1,0,0,0,0,0,0,-1
962,0,-1,1,0,0,0,1,0,0,0,0,1,0,0,-1,0,0,0,1,0,0,-1,0,0,0,1,0,-1,0,0,-1,0,0,0,1,0,0,0,0,0,0,0,1,-1,0,1,0,-1,0,0,-1,0,0,1,0,0,-1,0,0,0,0,0,0,0
963,1,0,-1,1,0,0,0,0,0,1,1,0,0,0,0,0,1,0,0,0,0,0,0,0,0,0,1,0,-1,0,0,-1,-1,0,-1,0,0,0,0,0,1,0,1,0,1,-1,0,0,1,0,0,-1,0,0,0,0,0,0,0,0,1,-1,0,0
964,0,-1,0,-1,0,0,0,1,0,-1,0,0,1,0,1,0,0,0,-1,0,0,0,-1,0,1,0,0,0,0,0,-1,0,1,0,0,0,0,0,0,0,1,-1,-1,0,0,0,0,0,1,1,0,0,0,0,1,-1,0,0,0,0,0,-1,0,0
965,0,0,-1,0,-1,0,0,-1,0,0,0,-1,1,0,1,0,1,-1,0,0,0,0,0,0,-1,0,0,1,-1,0,-1,0,0,0,0,0,0,0,1,0,0,-1,0,1,1,0,0,0,0,0,1,1,0,0,1,1,0,-1,0,0,1,-1,0,-1
966,1,1,1,-1,-1,0,0,0,0,-1,0,-1,1,1,0,1,0,0,1,0,-1,0,0,-1,0,0,0,1,0,0,0,-1,1,0,0,-1,1,1,0,0,0,1,0,1,0,0,-1,0,0,0,0,1,0,0,-1,-1,0,0,0,0,0,-1,1,0
967,0,1,0,0,0,-1,1,0,0,0,1,0,0,-1,-1,0,0,0,-1,0,0,0,1,0,-1,0,1,0,0,0,0,0,0,1,0,0,-1,1,0,0,0,0,0,0,0,0,-1,0,0,0,0,-1,-1,0,0,0,0,1,-1,0,-1,0,0,1
968,0,0,0,1,0,-1,0,0,0,0,-1,0,1,0,0,0,1,0,-1,0,-1,0,0,1,0,1,0,1,0,1,0,0,0,0,0,-1,0,0,0,0,0,1,0,0,1,0,0,0,-1,1,0,0,0,-1,0,-1,0,-1,0,0,-1,1,0,1
969,1,0,0,0,0,-1,0,0,-1,1,0,0,0,0,-1,0,1,-1,0,-1,0,0,0,0,0,0,0,0,0,0,0,0,1,0,0,0,0,-1,-1,0,-1,-1,0,0,0,-1,0,0,0,0,0,-1,0,0,0,1,0,0,0,1,1,0,1,0
970,0,0,1,0,0,0,1,1,0,-1,0,0,1,0,-1,0,1,0,-1,1,0,0,0,0,0,0,0,0,0,0,-1,0,0,0,1,0,0,-1,0,0,0,0,0,0,0,-1,0,-1,1,0,-1,0,0,-1,0,1,0,0,0,0,1,0,0,0
971,0,0,-1,1,0,0,0,-1,0,-1,0,0,0,1,0,-1,-1,0,0,-1,0,-1,1,0,-1,0,1,0,0,0,0,-1,0,1,1,1,1,0,0,0,0,0,0,0,-1,-1,0,1,0,0,0,-1,0,0,0,0,-1,0,0,0,0,0,-1,0
972,-1,0,0,1,0,0,0,0,0,1,0,0,-1,0,0,1,0,0,0,-1,0,1,0,1,0,1,0,-1,0,0,0,1,0,0,0,0,0,-1,0,1,0,1,1,0,1,0,0,1,0,1,0,0,0,0,1,0,-1,-1,1,-1,-1,-1,1,0
973,0,0,-1,0,-1,1,0,0,-1,1,-1,0,-1,0,0,0,0,0,-1,0,0,1,0,0,1,0,1,0,0,0,0,1,0,0,-1,0,0,0,-1,0,0,0,1,0,0,1,0,0,0,1,0,0,-1,0,0,-1,0,1,0,1,0,1,-1,0
974,0,0,0,-1,1,0,0,1,0,0,0,0,-1,0,0,0,0,1,0,0,1,0,1,1,0,0,1,1,-1,-1,0,1,1,0,0,-1,0,0,-1,0,0,1,-1,-1,0,-1,0,1,0,-1,1,-1,0,-1,0,0,0,1,0,0,0,0,-1,0
975,1,0,1,0,0,0,0,-1,0,0,0,0,-1,1,0,-1,0,-1,0,-1,0,0,0,0,0,0,1,0,0,0,-1,0,0,-1,0,0,0,0,0,0,0,0,1,0,0,0,0,0,0,0,0,0,-1,0,0,0,1,0,0,0,0,0,1,0
976,0,0,1,0,0,-1,0,-1,0,-1,1,0,-1,0,0,0,0,-1,1,1,0,1,-1,0,0,0,0,1,0,0,1,0,1,-1,-1,1,0,1,0,-1,-1,1,-1,0,1,1,0,0,1,0,1,0,-1,0,-1,0,0,0,0,0,0,1,0,0
977,0,-1,0,0,0,0,0,-1,0,0,1,0,0,0,1,0,0,0,-1,0,1,0,1,0,0,0,-1,0,0,1,0,0,0,-1,0,-1,0,1,0,0,1,0,-1,-1,1,0,0,0,0,1,0,0,1,0,-1,0,0,0,-1,0,1,0,0,0
978,0,-1,-1,0,-1,0,0,0,-1,0,1,0,0,0,0,0,-1,0,0,0,0,0,0,0,1,0,1,0,0,0,0,1,1,0,0,0,1,0,0,0,0,1,0,0,1,0,1,0,0,0,0,0,1,0,0,-1,-1,1,0,-1,0,1,0,0
979,0,-1,0,0,0,0,0,0,1,0,0,0,0,0,0,0,1,0,0,0,0,0,1,0,0,-1,0,0,0,-1,1,0,1,0,0,0,1,0,-1,0,0,-1,0,0,0,0,-1,0,0,0,0,0,0,0,0,0,0,0,0,0,-1,0,0,0
980,1,-1,0,0,0,1,0,0,1,0,-1,0,0,1,0,0,-1,-1,0,0,-1,0,0,-1,1,-1,0,0,1,1,0,0,0,0,0,0,0,0,-1,0,-1,1,-1,0,0,0,0,0,-1,-1,0,0,0,0,0,0,0,0,0,-1,0,0,0,0
981,0,0,1,0,0,0,0,0,0,1,-1,0,0,0,-1,0,1,0,0,1,1,0,0,1,1,0,1,0,0,-1,0,0,0,0,0,1,-1,0,0,0,1,0,-1,0,1,1,-1,-1,-1,1,0,1,1,0,-1,0,0,-1,0,-1,0,0,0,0
982,1,0,0,1,0,0,0,0,0,0,-1,0,0,1,-1,0,-1,0,0,0,0,0,0,0,0,0,0,0,0,0,0,1,0,0,0,0,-1,0,-1,0,0,0,-1,1,-1,0,0,0,0,0,0,0,0,-1,-1,0,0,1,1,0,0,0,0,0
983,0,0,0,0,0,0,0,0,-1,0,0,0,0,0,0,0,-1,0,0,0,1,1,-1,0,1,0,0,0,0,0,0,0,-1,1,0,0,0,-1,-1,0,0,0,0,0,1,-1,0,1,0,-1,0,0,0,0,0,0,0,-1,0,0,0,1,0,0
984,0,0,0,0,-1,0,0,0,0,0,0,-1,-1,0,0,1,0,0,1,-1,1,0,0,0,0,0,1,1,-1,1,-1,0,0,-1,1,0,0,0,1,0,1,-1,0,1,0,0,-1,0,0,0,0,0,0,0,0,0,-1,0,0,0,0,0,1,-1
985,0,0,0,-1,0,1,0,0,0,0,0,1,0,1,0,0,0,0,0,0,0,-1,0,0,1,0,0,0,-1,0,-1,1,0,1,-1,0,0,-1,0,1,-1,0,1,-1,1,1,0,0,1,0,0,1,0,-1,0,1,0,0,1,1,0,1,0,0
986,1,0,0,-1,-1,1,-1,-1,0,1,0,0,0,0,-1,1,-1,0,0,0,1,-1,1,0,-1,0,0,1,0,0,1,1,0,0,0,1,0,0,-1,-1,0,0,-1,0,1,0,0,0,0,0,-1,-1,-1,0,0,-1,0,0,-1,0,0,-1,1,0
987,1,-1,1,0,0,-1,0,0,0,0,0,0,-1,0,0,0,0,0,0,0,-1,0,0,0,-1,0,0,1,0,0,0,0,-1,0,0,0,0,1,0,0,0,0,-1,-1,1,0,0,0,1,0,1,0,0,1,1,0,0,0,1,-1,-1,0,0,0
988,1,0,0,0,0,1,0,0,0,0,-1,1,-1,0,0,-1,-1,1,0,-1,0,-1,-1,0,0,-1,0,0,0,0,0,0,0,0,1,-1,1,0,0,-1,0,0,0,-1,0,0,0,0,-1,0,0,0,0,0,0,1,0,0,0,0,0,0,-1,1
989,1,1,0,1,-1,0,0,0,0,-1,1,-1,0,1,-1,1,1,0,0,0,0,0,0,0,0,1,0,0,0,0,1,0,-1,0,1,-1,0,1,0,0,-1,-1,0,0,0,0,0,-1,0,0,1,0,0,0,1,0,0,0,0,0,-1,0,0,0
990,1,0,0,0,0,0,0,0,0,0,0,0,-1,1,0,1,0,0,-1,-1,-1,0,-1,-1,-1,0,0,0,0,0,0,0,-1,-1,0,0,0,0,0,0,0,1,0,-1,0,0,0,-1,0,1,0,0,0,1,0,0,1,0,0,0,1,0,0,-1
991,1,0,0,0,1,0,0,1,0,0,0,0,0,0,1,-1,0,1,0,0,0,0,0,1,-1,0,0,0,0,-1,0,0,-1,0,0,0,0,0,0,0,-1,0,0,0,0,0,0,0,-1,0,0,-1,1,0,0,0,0,1,0,0,0,0,0,0
992,0,0,0,1,0,1,0,-1,0,-1,1,0,-1,-1,0,0,0,1,-1,-1,-1,0,0,1,0,-1,0,0,0,0,0,0,-1,0,0,0,-1,0,0,0,-1,0,-1,0,0,0,0,0,0,-1,0,0,-1,0,0,0,0,0,0,0,0,1,-1,0
993,0,0,0,-1,0,0,0,0,0,0,0,1,1,0,0,0,0,0,0,1,1,0,0,-1,0,0,1,0,0,0,0,0,1,0,0,-1,0,0,0,0,-1,0,0,0,0,1,1,0,0,0,-1,-1,0,1,-1,0,0,-1,0,0,0,1,0,0
994,0,0,0,0,-1,-1,0,0,1,0,-1,-1,0,0,0,0,0,1,0,0,0,-1,-1,0,-1,0,0,1,0,0,-1,1,0,-1,0,0,0,0,1,-1,0,0,0,0,1,1,-1,0,0,1,0,0,0,0,0,-1,0,0,1,0,0,0,0,0
995,0,1,1,0,1,0,0,1,0,1,0,0,0,0,0,1,0,0,0,0,0,0,0,0,-1,1,0,1,1,0,0,0,0,1,0,1,-1,0,0,0,0,0,1,0,0,-1,1,0,0,1,0,0,0,1,0,0,-1,-1,0,0,0,0,0,0
996,1,0,0,0,0,0,0,-1,1,0,0,0,0,0,-1,0,-1,0,0,0,0,-1,0,0,0,0,0,0,-1,0,0,1,1,0,1,0,0,0,0,-1,1,0,0,0,0,0,0,0,-1,-1,0,1,0,0,0,0,0,-1,0,0,0,-1,0,-1
997,0,0,1,1,0,0,0,0,-1,1,0,0,0,1,-1,0,1,1,-1,0,0,0,-1,0,1,0,0,0,0,1,0,0,0,0,0,-1,0,0,0,0,0,0,0,-1,0,0,0,1,1,0,0,0,0,1,0,-1,1,0,0,0,-1,0,0,0
998,1,0,0,0,-1,0,0,0,0,0,1,-1,0,0,0,-1,1,0,0,0,1,1,-1,0,1,0,0,0,0,-1,0,0,1,1,0,0,0,0,0,0,0,1,0,0,1,0,0,0,1,0,-1,0,1,-1,0,0,0,0,0,1,0,0,0,0
999,-1,1,1,0,0,0,0,0,0,-1,1,0,0,1,1,0,-1,0,0,-1,1,0,0,0,0,0,0,0,1,0,-1,0,0,0,0,0,0,0,0,0,0,1,0,-1,0,0,0,1,1,0,0,1,0,-1,0,0,0,0,0,0,0,0,0,0
1000,0,0,0,0,0,-1,1,0,1,-1,0,1,1,0,0,1,1,0,1,1,0,0,-1,0,-1,1,1,-1,0,0,1,0,1,0,0,0,-1,0,0,0,0,0,0,0,0,0,0,-1,1,0,0,0,0,-1,-1,0,1,0,1,0,0,0,0,1
1001,1,0,-1,0,0,-1,0,1,0,1,0,0,0,1,0,0,0,1,0,0,0,-1,0,0,0,0,0,-1,-1,0,0,0,0,1,0,1,0,-1,0,0,0,0,1,0,-1,0,0,0,-1,0,0,-1,0,1,0,0,0,0,-1,-1,-1,1,0,-1
1002,1,0,-1,0,-1,0,0,1,0,0,0,0,0,1,0,0,0,0,0,0,0,0,0,0,0,0,-1,1,-1,1,-1,0,1,0,0,1,0,0,-1,0,0,0,0,0,0,-1,0,0,-1,-1,0,0,-1,0,0,-1,1,0,1,1,0,0,0,-1
1003,-1,0,0,0,1,0,1,0,0,0,0,-1,0,0,0,0,-1,0,0,-1,0,0,0,0,0,1,0,0,0,0,0,-1,0,0,-1,0,0,0,0,1,0,0,0,0,0,0,0,0,0,0,-1,0,0,0,0,0,1,0,-1,-1,0,1,0,0
1004,0,0,1,-1,1,0,0,0,-1,1,0,0,-1,1,0,-1,0,0,0,0,0,0,0,0,0,-1,1,0,0,1,1,-1,1,0,-1,0,0,1,0,0,0,0,0,1,0,0,0,0,-1,0,0,0,0,0,0,-1,-1,0,0,0,-1,1,-1,0
1005,0,0,-1,1,0,0,0,0,0,0,0,-1,0,0,1,-1,0,-1,1,1,0,0,1,0,0,0,1,0,0,0,-1,1,0,0,0,0,0,-1,0,1,0,0,0,0,0,0,-1,0,1,-1,1,0,0,0,0,0,0,1,1,1,0,0,0,-1
1006,0,1,1,0,0,0,0,0,0,0,-1,-1,-1,-1,0,0,0,0,0,0,1,0,0,0,0,-1,0,0,1,0,1,0,1,0,0,0,0,0,-1,0,1,0,0,-1,0,1,-1,1,1,0,0,0,0,0,0,0,0,0,0,0,-1,0,0,0
1007,-1,0,0,0,0,0,-1,0,0,0,1,-1,0,0,0,0,-1,0,0,0,-1,-1,0,0,0,0,0,0,-1,0,1,0,0,1,1,-1,0,0,0,0,0,1,0,0,0,0,-1,0,0,0,1,-1,1,0,0,0,0,0,0,1,-1,-1,0,0
1008,0,-1,0,0,1,0,0,-1,0,0,0,0,-1,0,0,0,-1,0,0,-1,0,0,-1,0,0,1,1,0,1,0,0,0,0,1,-1,-1,0,0,0,0,0,0,0,0,0,0,0,0,0,-1,0,1,1,0,1,0,-1,-1,-1,0,0,0,0,1
1009,-1,1,0,-1,0,0,0,0,0,0,0,0,0,0,0,1,0,1,0,0,0,1,-1,0,-1,-1,1,0,1,0,-1,1,1,0,0,0,0,0,0,1,0,0,0,0,0,0,0,0,0,0,0,1,0,1,-1,0,-1,-1,0,0,0,1,0,-1
1010,1,-1,0,0,0,-1,0,1,0,0,0,-1,0,0,-1,0,1,0,0,0,0,0,0,-1,0,1,0,0,0,0,0,0,0,1,0,0,0,0,0,-1,0,0,-1,0,1,1,0,0,0,0,1,0,0,1,1,-1,-1,0,0,1,0,1,0,1
1011,0,1,0,0,0,0,0,1,0,-1,0,0,1,0,0,0,0,0,0,0,0,0,1,0,0,0,1,-1,0,0,0,0,0,-1,0,-1,0,1,0,1,-1,-1,0,0,0,0,1,1,1,0,0,0,0,0,-1,0,0,-1,1,0,1,0,0,-1
1012,0,0,0,0,1,0,1,0,0,1,0,0,1,1,1,0,0,1,0,0,0,0,-1,0,0,0,1,1,0,0,0,0,-1,0,-1,0,0,0,0,0,0,0,0,0,0,0,0,0,0,0,-1,0,0,-1,0,0,0,0,0,1,0,-1,0,1
1013,1,0,0,0,0,-1,0,1,0,0,-1,0,-1,1,0,-1,-1,0,0,-1,-1,0,1,0,1,0,-1,1,0,0,0,0,0,0,0,-1,0,0,-1,0,0,0,0,0,0,0,-1,0,0,0,0,0,0,-1,0,-1,1,0,0,0,0,1,0,0
1014,1,1,-1,0,0,-1,0,1,1,0,0,0,0,0,1,0,0,0,0,0,0,0,0,1,0,0,0,0,0,1,0,0,0,0,0,0,0,0,1,-1,0,0,0,0,1,0,0,1,0,0,0,0,0,0,0,-1,0,0,-1,0,0,-1,-1,0
1015,-1,-1,0,0,0,0,0,0,0,0,0,0,0,0,0,0,0,1,-1,0,-1,0,-1,0,0,0,0,-1,0,0,0,0,0,-1,-1,0,0,0,-1,1,0,0,0,0,1,1,1,0,-1,0,0,1,1,0,0,1,0,0,-1,0,0,0,0,0
1016,-1,1,1,0,0,0,0,0,0,-1,1,0,0,0,0,-1,0,-1,1,0,0,1,1,0,0,1,0,0,0,0,0,0,0,0,1,0,-1,0,0,0,0,0,-1,-1,0,1,-1,0,0,0,0,0,0,1,0,0,0,1,0,0,0,1,1,0
1017,0,0,1,0,1,0,0,0,0,0,1,0,-1,1,0,-1,0,-1,0,1,0,1,1,0,0,0,-1,1,0,0,1,0,0,0,0,0,0,0,0,0,0,0,0,0,1,-1,0,0,0,1,0,0,-1,-1,1,0,0,0,0,-1,0,0,0,0
1018,0,1,0,1,0,0,0,1,-1,0,0,1,0,1,0,0,1,0,1,0,-1,0,-1,0,-1,1,-1,1,-1,0,1,0,0,0,0,0,0,0,0,0,0,0,0,0,0,1,-1,0,0,0,1,0,0,0,0,0,0,0,0,0,0,0,0,0
1019,0,0,0,0,0,0,-1,1,0,0,0,1,0,0,0,0,1,1,-1,0,-1,0,0,1,1,1,0,1,-1,0,0,0,0,0,0,0,0,-1,0,0,0,0,0,1,1,1,0,0,0,0,0,1,0,0,1,0,1,0,-1,0,0,1,0,0
1020,0,0,0,0,1,-1,0,0,0,0,-1,0,1,1,1,1,0,0,1,0,0,-1,-1,0,-1,0,0,0,1,0,0,0,-1,0,0,0,0,0,-1,0,1,0,1,0,0,-1,0,0,0,0,0,0,-1,0,0,0,-1,0,0,0,0,0,0,-1
1021,0,-1,0,0,-1,-1,0,0,-1,-1,0,0,0,0,0,0,1,0,-1,1,0,0,0,1,0,0,-1,0,0,0,-1,-1,0,-1,1,0,0,0,0,1,1,0,0,1,-1,-1,0,0,0,0,0,1,0,-1,-1,0,1,0,1,0,0,0,-1,0
1022,-1,0,-1,0,0,1,0,1,0,1,-1,0,0,1,-1,0,1,1,0,0,0,0,0,0,0,0,0,1,0,0,1,0,0,0,0,0,0,0,0,0,0,0,0,-1,1,0,0,0,0,1,-1,0,1,0,0,-1,0,0,1,-1,0,-1,-1,1
1023,1,0,0,0,0,0,1,-1,-1,0,0,0,0,0,1,0,1,0,0,0,0,0,0,0,1,-1,0,0,0,-1,0,0,0,0,0,1,0,0,1,0,0,0,0,1,0,0,-1,0,0,0,-1,1,0,0,0,-1,0,-1,1,1,1,0,0,0
1024,-1,0,-1,0,0,0,1,0,0,0,0,0,0,-1,0,1,0,0,0,1,0,0,-1,0,-1,0,0,0,-1,0,0,0,0,0,0,-1,0,1,0,0,0,1,0,0,0,0,-1,-1,-1,0,1,0,0,-1,1,1,0,0,0,1,0,1,0,0
1025,0,0,1,0,1,0,0,0,1,1,1,0,0,0,0,-1,0,0,1,-1,-1,1,-1,0,0,-1,0,-1,0,0,1,0,-1,0,0,-1,0,0,0,0,0,1,1,1,0,0,0,0,0,0,0,-1,-1,0,0,1,0,0,0,0,0,-1,0,0
1026,1,0,-1,0,0,-1,0,0,0,0,0,0,-1,1,0,0,0,0,-1,0,-1,0,0,-1,0,0,0,1,-1,0,0,0,0,0,-1,0,1,1,1,0,-1,0,0,0,0,0,0,0,-1,0,-1,-1,0,0,0,-1,1,1,-1,0,1,0,-1,0
1027,1,0,-1,-1,1,0,1,1,0,0,0,0,0,1,1,0,0,0,0,-1,0,-1,0,0,-1,0,0,0,0,1,1,-1,0,0,0,0,0,0,-1,1,0,0,1,0,0,1,-1,0,0,-1,1,0,0,0,1,0,0,1,0,0,-1,-1,0,0
1028,0,0,0,0,-1,0,0,0,0,0,0,-1,0,0,-1,0,0,0,1,-1,1,-1,0,-1,-1,0,0,0,0,1,0,1,0,1,1,0,0,-1,0,0,0,-1,0,1,0,0,0,0,0,0,0,0,0,1,-1,0,0,-1,1,0,1,1,0,0
1029,0,0,0,1,-1,1,0,0,1,1,-1,0,0,0,0,-1,0,1,0,0,0,0,1,0,-1,0,0,0,0,0,0,0,0,0,0,0,0,0,0,0,0,1,0,-1,0,0,-1,-1,0,-1,-1,0,0,0,0,-1,-1,0,-1,-1,0,0,-1,0
1030,0,-1,0,1,0,0,-1,0,-1,1,-1,0,0,0,1,0,0,-1,0,0,1,0,0,0,0,0,0,1,1,0,1,-1,0,1,0,0,0,1,0,0,0,0,1,1,0,0,1,0,0,1,1,0,-1,0,0,1,1,-1,0,0,0,0,-1,0
1031,1,0,0,0,0,0,0,0,-1,1,0,0,0,-1,0,0,0,-1,0,1,0,0,1,0,0,-1,0,0,-1,0,0,-1,0,0,0,-1,0,0,1,0,0,1,1,0,0,0,1,0,1,1,0,0,0,0,0,0,-1,0,0,1,1,1,0,-1
1032,0,1,0,0,1,0,0,-1,-1,0,0,0,-1,-1,0,0,0,-1,0,0,0,0,-1,0,0,0,0,-1,1,-1,1,0,0,-1,0,0,0,0,0,0,0,0,0,0,-1,0,-1,0,0,0,1,0,-1,-1,0,0,1,0,1,1,1,0,0,1
1033,-1,0,0,0,1,0,-1,0,0,0,0,-1,-1,-1,0,0,-1,0,0,-1,0,0,0,-1,0,1,0,1,0,1,0,1,0,0,0,-1,-1,0,-1,0,0,-1,0,0,-1,0,0,1,-1,0,0,0,-1,-1,-1,0,0,0,0,0,-1,0,0,0
1034,0,0,0,0,0,0,0,1,0,-1,0,0,0,1,0,0,-1,0,0,0,0,1,0,1,1,0,1,-1,1,0,0,-1,0,0,0,1,1,0,0,0,0,0,0,0,0,-1,0,0,1,-1,1,1,0,1,1,0,0,1,0,0,0,0,-1,0
1035,0,0,0,0,0,0,0,0,0,0,-1,1,0,0,0,0,1,0,1,0,-1,0,-1,0,0,0,0,0,0,-1,0,0,0,0,1,1,0,-1,0,0,0,0,-1,-1,0,1,1,0,0,0,0,0,0,0,0,0,0,0,1,-1,0,0,0,0
1036,-1,0,1,0,0,0,1,-1,0,1,0,0,0,0,1,0,1,0,-1,-1,0,0,1,0,0,0,1,0,1,0,0,0,0,0,0,0,0,0,0,0,0,0,0,0,0,0,0,0,0,0,-1,0,0,0,-1,0,0,0,-1,0,0,-1,0,0
1037,0,0,-1,1,1,0,0,0,0,0,-1,0,0,-1,0,0,0,-1,0,0,0,1,-1,0,1,0,-1,0,0,0,1,-1,0,1,-1,0,0,0,0,0,0,0,0,1,0,0,-1,0,0,0,-1,0,0,0,0,1,0,1,0,0,0,0,0,0
1038,0,-1,0,0,0,0,0,1,0,-1,0,0,-1,1,0,0,0,0,0,0,0,1,0,1,0,0,-1,0,0,0,1,1,0,0,0,1,0,0,0,0,0,-1,1,1,1,0,0,0,0,-1,-1,0,0,0,0,0,0,-1,0,-1,0,-1,0,1
1039,-1,1,0,1,0,0,1,0,0,0,1,0,0,-1,0,1,0,0,0,0,1,0,0,-1,-1,1,-1,0,0,0,0,-1,0,0,0,0,0,0,0,0,0,-1,-1,0,0,0,0,1,0,-1,0,1,0,1,0,0,1,0,0,-1,0,1,1,0
1040,0,0,1,-1,0,0,0,0,-1,1,1,-1,0,0,1,0,0,0,0,-1,0,0,0,0,-1,0,-1,1,1,1,0,-1,1,-1,0,0,0,0,0,0,0,0,0,1,1,0,0,0,0,0,0,0,1,-1,-1,0,-1,0,0,0,-1,1,0,1
1041,1,0,0,0,1,0,0,0,0,1,0,0,0,0,-1,0,0,-1,0,1,1,0,0,0,0,0,0,0,-1,0,1,0,-1,0,-1,0,0,1,0,0,0,0,0,0,0,1,0,0,0,0,-1,-1,0,-1,-1,-1,0,0,0,1,-1,0,0,0
1042,-1,0,0,1,0,0,0,0,0,-1,0,0,1,0,-1,0,0,0,0,-1,0,1,0,0,1,0,0,0,-1,0,-1,0,0,0,1,0,0,1,0,1,1,-1,0,-1,1,0,1,0,-1,0,0,0,1,0,1,1,0,-1,-1,0,1,0,-1,0
1043,0,0,-1,-1,0,-1,0,1,-1,1,-1,0,0,0,0,0,1,1,0,0,0,-1,-1,1,0,-1,0,1,1,-1,-1,1,0,0,0,0,0,0,0,0,0,1,0,1,0,0,0,0,0,0,-1,1,0,1,0,1,0,0,1,1,0,0,0,0
1044,1,-1,0,0,1,0,0,0,0,0,0,0,0,0,1,0,0,0,0,0,-1,0,1,0,0,0,0,-1,1,0,0,1,0,0,-1,0,-1,-1,0,-1,0,0,-1,0,0,1,-1,0,0,1,0,0,0,0,0,0,0,1,0,0,0,0,-1,1
1045,-1,0,1,-1,0,0,0,0,-1,-1,-1,0,0,0,0,0,0,1,-1,1,0,1,0,-1,0,-1,0,0,-1,0,1,0,0,0,-1,0,0,0,-1,0,0,-1,0,1,0,-1,0,-1,0,1,-1,-1,0,0,0,1,1,1,0,0,0,0,0,0
1046,0,1,0,0,1,-1,0,-1,0,0,-1,0,0,0,1,0,0,0,0,1,1,0,0,0,0,0,0,0,1,-1,-1,0,-1,0,0,1,0,0,0,0,0,-1,-1,0,0,0,1,0,-1,0,0,-1,1,0,0,0,0,1,0,1,0,0,0,0
1047,0,-1,0,-1,0,0,0,-1,0,0,-1,-1,-1,0,0,-1,0,0,0,0,0,1,1,-1,1,0,0,0,0,0,0,0,0,0,-1,0,0,0,0,0,0,1,0,0,1,-1,-1,1,1,-1,-1,0,0,-1,-1,0,0,-1,-1,0,1,0,0,0
1048,0,1,0,1,-1,0,-1,0,0,-1,-1,0,0,-1,0,1,0,-1,0,0,0,-1,-1,0,0,0,0,0,0,0,0,-1,0,0,0,0,0,0,0,0,0,0,0,-1,0,0,0,0,0,0,-1,0,-1,0,-1,-1,0,-1,0,0,0,0,0,0
1049,1,0,0,-1,0,0,0,0,0,0,0,0,0,1,0,0,1,1,0,1,0,0,-1,0,0,0,1,0,0,0,0,1,1,1,1,1,-1,0,0,0,0,0,1,1,0,-1,1,-1,-1,0,0,1,0,-1,1,0,0,1,-1,1,0,0,0,0
1050,0,0,0,0,0,0,-1,-1,-1,0,0,-1,-1,0,0,0,0,-1,-1,0,0,0,1,0,0,0,0,0,0,1,0,0,0,1,0,0,0,0,0,-1,0,0,0,0,0,0,-1,0,0,0,0,0,0,0,0,0,0,0,0,0,0,1,0,0
1051,0,1,0,0,0,0,1,0,0,0,0,0,0,0,0,-1,0,-1,-1,0,0,0,0,0,-1,0,0,1,-1,-1,-1,1,-1,-1,0,0,0,0,0,1,-1,0,0,-1,0,-1,0,0,0,0,1,0,0,1,0,1,0,0,0,-1,0,0,0,0
1052,-1,0,0,0,-1,0,0,0,0,0,1,0,0,-1,0,1,0,0,0,0,1,0,0,0,0,0,0,0,-1,0,-1,0,0,0,0,0,0,1,0,0,1,0,0,0,0,0,0,0,0,0,1,0,-1,0,0,0,-1,0,0,0,-1,0,0,0
1053,-1,1,-1,-1,0,0,0,0,0,-1,0,0,1,-1,-1,-1,0,0,0,-1,-1,1,0,0,0,1,1,1,0,-1,0,0,0,1,0,0,-1,-1,0,0,1,1,0,0,-1,0,-1,0,0,0,0,0,0,1,-1,-1,0,-1,-1,0,1,-1,0,0
1054,1,0,0,0,0,0,-1,0,0,0,0,1,0,1,0,0,0,-1,1,0,-1,0,0,0,1,0,0,1,0,0,0,1,0,0,0,0,1,0,1,0,0,0,0,1,0,0,0,0,0,0,0,0,1,1,0,0,0,0,0,0,0,0,0,0
1055,0,0,0,-1,0,-1,0,-1,0,0,0,0,0,-1,0,1,0,0,0,0,0,1,0,0,0,-1,-1,0,0,0,0,0,-1,0,0,0,0,0,0,1,0,0,0,0,0,0,-1,1,1,1,0,0,0,-1,0,0,-1,1,-1,1,0,0,0,0
1056,0,-1,1,1,1,-1,0,0,0,0,0,0,0,0,0,0,0,1,1,0,0,-1,0,-1,1,-1,0,0,0,0,0,0,0,0,0,0,0,0,0,-1,-1,0,0,0,0,1,0,0,0,0,0,-1,0,-1,0,0,0,0,0,-1,0,0,0,0
1057,0,-1,-1,0,0,0,0,0,0,0,-1,-1,1,0,0,0,0,0,0,1,0,0,0,0,0,0,0,0,1,0,0,1,-1,0,0,0,0,-1,0,-1,0,0,0,0,1,0,1,-1,0,0,0,0,0,0,0,0,1,1,-1,-1,1,0,0,0
1058,1,1,0,0,-1,0,1,0,0,0,0,1,0,0,0,-1,1,0,0,-1,0,0,0,1,0,0,0,-1,1,0,0,0,0,0,0,0,0,1,-1,0,0,0,0,0,0,0,0,0,0,1,-1,0,0,0,-1,-1,0,1,-1,0,0,0,0,0
1059,0,0,0,0,0,1,0,1,0,0,0,0,1,1,0,0,0,0,1,1,0,0,-1,-1,0,0,0,0,-1,0,-1,0,0,-1,1,-1,0,0,0,1,0,0,0,-1,0,0,0,-1,0,-1,-1,0,0,0,0,1,0,0,0,0,0,1,-1,-1
1060,0,0,0,0,0,0,0,-1,0,0,0,0,1,-1,0,0,0,0,0,0,0,0,-1,0,-1,1,0,0,0,0,-1,0,1,0,0,0,0,-1,1,0,0,0,1,0,-1,0,0,0,0,0,0,0,0,1,-1,0,-1,0,-1,0,0,0,0,0
1061,0,0,-1,0,0,0,-1,1,1,0,0,1,-1,0,0,0,0,1,0,0,-1,0,1,1,0,0,0,1,0,0,0,0,0,0,0,0,0,0,0,1,1,-1,0,-1,-1,0,-1,0,0,0,1,1,0,1,0,0,0,0,0,0,0,0,0,0
1062,0,0,0,0,0,0,-1,0,0,1,0,-1,0,1,0,-1,0,-1,0,0,0,0,0,0,0,-1,0,1,-1,0,0,-1,-1,0,0,-1,0,0,0,-1,1,0,0,0,0,0,0,0,0,1,0,0,0,0,0,0,1,0,0,0,1,0,0,1
1063,-1,1,1,-1,-1,1,0,1,0,0,-1,0,0,1,0,0,0,0,0,-1,0,-1,0,0,0,0,0,0,0,0,0,0,0,0,0,0,1,1,0,0,-1,0,-1,0,0,0,0,-1,1,0,0,-1,1,0,0,-1,0,0,1,0,-1,0,-1,0
1064,0,0,0,0,1,-1,-1,0,0,0,-1,1,0,-1,-1,0,0,-1,-1,-1,0,0,0,0,1,0,-1,0,0,0,0,0,-1,0,0,0,1,0,1,1,0,0,-1,0,0,1,0,1,0,0,-1,0,0,0,0,0,-1,0,0,0,1,-1,1,0
1065,0,0,0,0,0,-1,0,1,0,0,0,0,1,0,0,1,0,0,0,1,0,0,0,0,0,0,0,0,0,1,0,-1,-1,1,0,0,-1,-1,1,1,0,-1,-1,-1,1,0,0,0,1,0,-1,0,-1,0,-1,1,0,0,-1,1,0,1,0,-1
1066,0,0,0,0,1,0,1,0,1,1,0,0,1,0,1,0,0,1,0,1,0,-1,0,0,0,0,0,0,0,1,1,0,0,0,0,0,-1,1,0,1,-1,-1,1,0,0,0,0,1,1,0,-1,0,0,0,0,-1,0,1,0,0,0,1,-1,0
1067,0,0,0,-1,-1,0,0,-1,0,0,-1,-1,0,1,0,1,0,0,0,0,0,0,-1,1,1,0,0,0,-1,0,0,0,0,1,0,0,0,-1,-1,-1,-1,0,-1,0,0,0,0,1,0,0,-1,0,1,0,0,0,1,-1,0,-1,0,0,0,1
1068,0,0,0,0,0,0,0,-1,0,0,0,0,-1,0,0,0,-1,0,0,-1,0,0,-1,1,0,0,0,-1,0,0,0,0,0,0,0,0,-1,0,1,0,0,-1,0,0,1,0,0,0,0,0,0,0,0,-1,0,0,0,0,0,0,1,1,0,-1
1069,0,1,0,0,1,0,0,0,0,-1,1,0,-1,0,1,0,1,1,1,0,0,1,1,-1,-1,-1,-1,0,0,0,1,-1,1,0,1,0,0,1,-1,0,1,-1,-1,1,0,0,1,0,0,0,0,0,-1,0,0,0,1,-1,0,1,0,0,0,0
1070,1,0,0,0,0,0,0,0,-1,0,0,-1,0,1,0,0,1,0,-1,0,0,0,0,0,0,0,0,0,0,0,0,0,0,0,1,0,-1,0,0,0,0,-1,0,-1,0,0,0,0,0,0,0,0,0,0,0,1,1,0,0,1,0,1,-1,0
1071,-1,-1,0,0,0,0,1,0,0,0,0,1,0,0,0,-1,1,0,-1,-1,-1,0,1,0,0,0,-1,1,0,0,-1,0,0,0,0,-1,1,-1,-1,0,0,0,0,0,0,0,0,0,0,0,0,0,0,0,0,0,0,0,0,0,-1,0,1,0
1072,0,1,0,1,1,-1,-1,0,0,1,-1,0,0,0,1,-1,0,0,0,0,0,0,0,0,0,0,0,0,1,0,0,0,0,0,0,0,-1,1,0,0,0,-1,0,1,0,1,0,0,0,1,-1,0,-1,0,0,0,0,1,-1,0,0,-1,0,-1
1073,1,0,0,-1,0,-1,0,0,-1,1,0,0,-1,1,0,0,1,-1,-1,1,0,0,0,0,0,-1,-1,1,0,-1,0,1,-1,0,-1,-1,0,0,-1,-1,0,-1,0,1,1,0,0,0,0,0,0,0,0,0,0,1,0,0,0,0,0,0,0,0
1074,-1,0,0,-1,0,1,1,0,0,0,0,0,0,0,0,1,0,0,0,-1,0,1,1,0,0,-1,0,0,0,-1,0,1,1,0,0,0,0,0,-1,0,0,0,0,0,0,0,0,1,0,0,0,0,0,0,1,0,1,0,0,1,0,1,0,0
1075,0,0,1,0,-1,0,0,0,1,0,0,0,1,1,0,0,1,0,0,0,1,1,0,0,0,0,0,0,0,1,0,-1,-1,1,0,0,0,0,0,-1,0,1,0,1,1,-1,1,0,0,0,-1,0,0,-1,0,1,0,0,0,0,0,0,0,0
1076,0,0,0,0,0,0,1,0,0,0,-1,0,0,0,0,1,-1,0,0,0,1,-1,1,-1,1,-1,0,0,-1,0,0,-1,1,0,0,0,1,0,-1,0,0,0,0,0,0,0,0,0,0,1,0,0,0,0,0,0,1,1,0,0,0,1,0,0
1077,0,0,0,0,-1,0,1,0,0,0,0,0,0,0,1,0,0,1,0,1,0,0,0,0,0,0,0,-1,0,0,0,0,-1,-1,0,0,1,0,0,0,1,0,0,0,1,-1,0,0,0,1,0,0,-1,-1,0,0,0,0,1,0,0,1,0,0
1078,0,0,0,-1,1,1,0,0,-1,0,1,1,0,1,0,0,-1,0,0,0,0,1,-1,-1,-1,1,1,0,1,0,-1,0,-1,1,1,0,1,0,-1,0,-1,-1,0,0,0,-1,0,0,0,0,1,0,1,1,0,-1,0,0,0,0,-1,-1,0,1
1079,0,-1,0,0,0,0,0,0,0,1,0,0,0,1,0,0,0,0,0,0,0,0,1,0,0,1,1,0,0,1,0,0,1,0,0,0,0,0,0,1,0,1,0,1,0,0,0,-1,-1,-1,1,1,-1,0,0,0,0,-1,0,-1,0,-1,1,-1
1080,0,1,0,0,1,0,0,0,1,-1,-1,1,0,0,1,-1,0,0,1,-1,0,1,0,0,0,0,0,0,0,0,0,0,0,-1,1,0,1,-1,1,0,-1,0,-1,0,0,0,0,0,-1,0,1,0,0,1,0,0,0,0,1,1,0,-1,1,1
1081,-1,0,0,0,0,1,0,0,1,0,0,0,1,0,-1,0,-1,0,-1,1,1,0,0,-1,-1,-1,0,-1,0,0,-1,0,0,0,0,0,0,0,0,0,0,1,0,1,0,0,0,0,1,-1,-1,1,0,-1,0,-1,0,0,0,1,-1,0,0,0
1082,-1,1,0,0,0,-1,-1,0,-1,0,0,0,0,0,0,-1,0,-1,0,-1,0,1,0,0,-1,0,0,0,-1,0,0,0,0,1,0,0,0,0,0,0,-1,0,0,0,1,0,0,1,0,0,0,1,0,0,0,0,-1,1,0,0,0,0,0,0
1083,0,0,0,0,0,0,-1,1,0,0,0,0,0,1,0,0,0,0,0,0,0,0,1,1,-1,1,0,1,-1,-1,0,0,-1,0,0,0,-1,0,0,0,0,0,-1,1,0,0,0,0,1,0,1,1,1,-1,0,0,0,0,1,0,0,0,0,0
1084,0,0,0,-1,1,1,-1,0,0,-1,0,0,0,0,0,0,0,0,0,0,0,0,1,0,-1,0,0,1,0,-1,0,0,0,0,0,0,0,0,0,0,-1,0,1,0,0,0,-1,0,-1,-1,0,0,1,0,0,0,0,1,0,-1,0,0,1,0
1085,-1,0,-1,1,0,0,-1,0,1,-1,1,0,1,-1,0,0,-1,0,0,1,0,0,-1,0,0,0,0,-1,1,-1,0,-1,0,-1,0,0,-1,-1,0,1,1,0,0,-1,0,1,-1,-1,-1,-1,1,0,0,0,0,0,-1,0,0,0,0,0,1,0
1086,1,0,0,0,0,1,1,1,0,-1,0,0,0,0,1,0,0,1,0,0,0,-1,-1,0,1,0,0,0,1,1,0,0,0,0,1,0,-1,0,0,0,1,0,0,0,1,1,0,0,-1,0,0,0,1,0,0,0,0,1,0,0,-1,1,0,0
1087,0,0,0,0,0,-1,-1,0,-1,-1,0,0,0,0,1,0,-1,0,1,0,0,0,0,0,0,0,0,0,1,1,1,1,0,-1,0,0,0,0,0,0,0,0,1,-1,0,-1,0,0,0,0,-1,0,-1,0,0,0,-1,0,0,-1,0,0,-1,0
1088,0,-1,0,0,0,-1,0,-1,0,0,0,-1,0,0,1,0,-1,-1,0,0,-1,0,0,1,0,0,0,-1,-1,0,1,0,1,0,0,0,0,1,1,0,0,-1,0,1,0,-1,0,0,0,-1,0,-1,0,0,0,0,1,0,0,0,0,0,0,0
1089,0,1,-1,1,0,0,0,0,0,0,0,0,0,0,0,0,0,0,0,1,0,0,0,1,0,0,0,0,0,-1,1,1,0,0,0,0,0,0,-1,0,0,0,0,1,0,1,1,0,0,0,-1,0,1,0,-1,0,1,0,1,-1,0,1,-1,0
1090,0,0,0,0,1,0,-1,0,0,-1,-1,0,0,0,0,0,0,0,-1,1,0,1,1,0,-1,0,0,-1,1,1,-1,0,0,-1,-1,0,-1,0,0,0,0,0,0,0,0,0,0,0,0,0,0,0,0,1,1,0,0,0,0,-1,1,0,0,0
1091,0,-1,1,1,0,1,0,0,1,0,0,1,-1,-1,0,1,1,-1,1,1,0,-1,0,0,0,0,0,0,0,0,0,-1,0,0,0,0,1,0,0,0,0,0,-1,-1,0,0,0,-1,0,0,0,0,0,0,0,0,1,0,0,0,-1,1,0,-1
1092,0,1,0,-1,0,0,0,-1,0,0,-1,1,1,0,0,0,-1,1,0,-1,0,-1,1,1,0,0,0,-1,0,0,-1,0,0,1,0,0,0,1,1,-1,-1,-1,-1,0,1,0,0,0,1,1,0,0,1,0,1,-1,1,-1,0,1,0,-1,0,0
1093,0,1,1,1,0,0,0,0,0,0,0,0,0,0,0,0,0,1,0,0,0,0,0,-1,1,0,0,1,0,1,0,0,0,-1,-1,0,0,0,0,0,0,0,0,0,1,-1,1,1,0,0,0,0,0,0,0,1,1,0,0,1,0,0,0,0
1094,0,0,0,-1,-1,-1,0,-1,0,0,0,0,0,0,0,0,-1,1,-1,0,0,-1,1,0,0,0,0,1,-1,0,0,-1,0,0,1,0,0,0,0,1,0,-1,-1,0,-1,-1,-1,0,0,0,1,0,0,0,0,1,0,0,0,1,0,1,1,0
1095,0,-1,0,0,-1,0,0,0,0,0,0,0,0,0,0,1,-1,0,0,1,-1,0,0,0,0,0,1,-1,0,0,0,1,1,1,-1,1,0,0,-1,1,-1,0,0,0,0,1,1,0,0,1,0,0,0,-1,0,1,1,-1,0,0,-1,1,0,0
1096,0,0,0,0,1,-1,-1,0,0,0,0,-1,0,0,0,0,0,0,0,0,1,0,0,1,-1,0,-1,0,-1,-1,-1,1,0,1,0,0,0,1,-1,-1,-1,0,1,0,0,0,0,0,-1,0,1,1,1,0,0,0,0,1,0,0,-1,0,1,-1
1097,0,0,0,-1,0,0,0,1,0,1,-1,0,0,1,0,0,0,0,0,0,0,0,0,1,1,1,0,-1,-1,-1,0,1,1,1,-1,0,0,0,0,0,1,0,1,0,0,0,0,0,0,1,0,0,-1,0,0,-1,0,-1,0,0,0,1,0,0
1098,0,1,0,1,0,0,0,-1,0,0,0,1,0,0,0,0,0,1,0,0,1,1,-1,0,1,0,0,-1,0,0,1,0,1,0,1,0,0,0,1,0,0,-1,0,-1,0,0,0,0,0,0,0,0,1,1,0,0,0,0,0,0,0,-1,0,0
1099,0,1,0,0,0,0,0,0,0,1,0,0,0,0,0,0,0,0,0,0,0,-1,0,0,0,1,0,0,-1,0,0,0,-1,-1,0,1,0,0,0,-1,0,0,1,1,1,0,0,1,1,0,0,0,0,1,1,1,0,1,0,0,1,1,0,0
1100,1,0,-1,0,-1,0,0,0,-1,0,0,0,1,1,0,0,0,0,0,-1,1,0,0,0,0,0,0,0,-1,0,0,0,1,0,0,0,0,0,0,0,0,0,0,-1,0,0,0,-1,-1,0,1,0,0,-1,0,0,-1,0,0,-1,0,0,0,-1
1101,0,0,1,1,0,0,0,0,1,0,1,0,0,1,0,0,0,0,0,-1,0,0,1,0,1,-1,0,0,-1,1,0,0,-1,0,0,1,1,0,0,0,0,0,0,0,0,0,-1,1,-1,0,0,0,0,1,-1,1,1,0,-1,0,0,0,0,1
1102,0,-1,0,0,0,0,0,0,0,0,0,1,0,0,0,0,0,0,0,0,0,0,0,-1,-1,-1,0,1,0,0,1,-1,0,0,0,0,0,0,1,0,-1,1,0,1,0,0,0,0,1,0,-1,0,0,0,0,1,-1,0,0,1,0,0,-1,1
1103,0,0,0,0,0,1,1,0,0,0,0,0,0,0,0,0,0,0,0,0,0,1,0,0,0,-1,1,1,-1,-1,0,0,1,0,-1,0,1,0,-1,0,1,1,0,0,0,-1,0,-1,1,0,0,0,-1,0,1,0,0,0,0,-1,0,-1,1,0
1104,0,0,1,1,0,0,0,0,1,1,0,-1,-1,0,1,0,1,1,0,0,0,1,-1,1,0,-1,0,-1,1,0,-1,0,0,1,0,0,-1,0,-1,0,-1,0,0,0,-1,0,0,1,0,1,-1,0,1,-1,0,0,0,0,0,0,0,0,0,-1
1105,0,0,1,0,0,0,0,0,1,0,1,0,0,0,0,0,0,-1,0,0,0,0,0,0,0,0,0,0,-1,0,0,1,0,0,1,0,-1,-1,0,0,0,0,0,0,0,1,0,1,-1,0,0,0,0,0,0,-1,0,1,0,0,1,-1,0,0
1106,0,0,0,0,1,-1,0,0,0,0,0,0,-1,0,0,-1,0,0,1,0,0,0,0,-1,0,0,0,0,1,0,1,0,0,0,0,0,0,0,-1,-1,0,0,0,0,0,0,0,0,0,0,0,0,0,-1,0,0,1,0,-1,1,0,-1,0,1
1107,0,0,1,-1,0,1,0,0,-1,0,0,0,0,0,0,0,0,0,-1,0,0,0,1,1,0,0,-1,0,1,0,0,0,0,-1,0,1,0,-1,0,0,-1,-1,-1,0,0,-1,1,0,0,1,0,1,0,0,0,0,0,0,1,1,0,0,0,0
1108,0,0,-1,0,0,0,0,-1,1,0,0,0,0,0,-1,-1,0,1,0,-1,-1,1,1,0,0,0,0,-1,1,0,0,0,0,0,1,0,0,1,0,0,-1,-1,0,0,0,0,0,0,1,0,0,0,1,0,0,1,0,0,0,0,1,0,0,0
1109,0,1,0,-1,0,-1,0,0,0,0,0,0,-1,0,0,0,0,1,0,0,1,0,-1,0,0,1,0,0,0,-1,0,0,0,-1,1,0,0,1,0,1,0,0,0,-1,1,1,1,-1,1,0,0,1,0,1,0,0,0,0,0,1,0,0,0,-1
1110,0,0,1,0,0,0,1,0,0,0,1,0,0,0,0,0,0,0,0,0,1,-1,0,0,1,0,0,0,0,0,0,0,0,0,0,-1,-1,0,-1,0,-1,1,0,0,-1,0,0,1,0,0,1,-1,1,0,0,0,0,0,0,0,0,0,-1,0
1111,0,1,0,-1,-1,-1,-1,0,-1,1,1,0,-1,0,0,0,0,0,0,0,1,0,-1,1,0,1,0,0,0,1,0,0,0,0,0,0,0,0,0,0,0,0,0,0,1,1,0,1,0,-1,0,-1,0,-1,0,0,0,1,1,0,-1,-1,-1,-1
1112,1,0,0,1,0,1,0,-1,0,0,0,1,0,0,1,0,0,-1,-1,1,0,0,-1,1,1,0,0,0,0,0,0,0,0,0,0,0,1,0,0,1,1,0,0,0,1,0,0,-1,0,0,1,1,0,0,0,0,-1,-1,0,0,0,0,0,0
1113,1,0,0,-1,0,0,0,0,1,-1,0,0,-1,1,-1,-1,0,0,0,-1,-1,0,1,-1,1,1,1,0,0,0,0,0,-1,1,0,0,0,0,0,0,0,1,1,-1,-1,0,0,0,0,1,1,0,-1,-1,1,0,0,-1,0,0,0,0,1,0
1114,0,-1,0,0,0,0,0,0,0,0,0,0,0,0,0,0,-1,0,0,0,1,-1,0,0,0,0,0,0,0,0,0,1,0,0,0,0,0,0,-1,0,0,0,0,-1,0,-1,1,0,0,0,0,1,0,0,1,0,0,0,0,1,0,0,-1,0
1115,0,-1,0,0,0,0,-1,0,0,0,0,0,0,1,1,-1,0,0,0,0,0,0,0,0,-1,0,0,1,-1,0,0,0,-1,0,-1,0,0,0,0,1,-1,1,1,0,0,0,0,0,0,0,1,-1,1,0,-1,0,-1,0,0,1,0,1,1,0
1116,0,0,0,0,0,0,0,0,1,1,0,0,1,0,0,1,0,1,0,-1,-1,0,-1,0,0,0,0,0,-1,1,-1,0,0,0,0,1,0,1,0,0,-1,0,0,-1,0,0,-1,0,-1,0,0,0,-1,0,0,-1,0,0,0,0,0,0,0,0
1117,0,0,0,0,1,0,-1,0,-1,0,1,-1,0,0,0,0,0,0,0,1,0,0,0,0,0,0,0,0,0,0,-1,0,0,0,0,0,1,0,0,0,-1,0,0,0,0,0,0,-1,1,0,-1,0,0,1,0,1,0,0,0,-1,0,0,0,0
1118,0,0,0,-1,0,1,-1,0,1,1,0,0,-1,0,0,0,0,1,-1,1,0,0,0,0,0,1,1,0,1,0,0,0,1,-1,0,0,1,0,0,0,0,1,0,0,0,0,1,-1,-1,0,0,-1,0,0,1,0,0,-1,-1,0,-1,1,0,0
1119,0,0,0,0,0,0,0,0,0,0,0,0,-1,0,0,0,-1,0,-1,-1,-1,0,0,0,1,0,-1,0,0,0,-1,0,1,0,0,0,1,1,1,-1,0,0,-1,0,0,1,0,0,1,-1,0,0,0,1,0,0,0,1,-1,0,0,1,0,1
1120,0,0,0,0,0,0,0,0,0,0,0,0,-1,0,0,0,0,0,0,0,-1,0,0,-1,0,-1,-1,1,0,0,-1,-1,0,0,0,0,0,0,0,0,-1,0,0,0,1,1,0,0,0,0,-1,0,0,0,0,-1,1,0,0,0,0,0,0,1
1121,0,0,0,0,0,0,1,0,0,0,-1,0,-1,0,0,0,-1,0,0,0,0,1,0,0,-1,0,0,0,0,0,0,1,1,0,0,0,0,-1,1,0,0,0,-1,0,0,0,0,0,1,0,0,0,0,0,1,0,0,0,1,0,0,0,-1,-1
1122,-1,0,0,0,0,0,0,1,0,0,1,0,1,1,0,0,0,0,0,1,-1,1,0,0,-1,0,-1,0,0,0,1,0,0,0,0,0,0,0,0,0,0,0,1,0,-1,0,0,0,0,0,0,0,0,0,0,-1,0,0,0,0,0,0,0,1
1123,0,0,1,0,0,1,0,0,1,-1,-1,0,1,0,-1,-1,1,0,0,0,1,0,0,-1,0,0,0,0,0,0,0,0,0,0,0,0,-1,0,0,0,0,0,-1,0,0,-1,-1,0,0,0,-1,-1,0,0,1,0,0,0,0,1,0,0,-1,-1
1124,-1,0,0,1,1,0,0,0,-1,-1,-1,0,-1,1,0,-1,0,0,1,0,0,0,-1,0,0,-1,1,-1,0,0,0,0,0,0,1,0,0,0,1,0,0,0,1,0,0,0,0,0,0,-1,0,0,1,-1,0,0,0,0,-1,0,0,0,0,0
1125,0,0,1,0,1,0,0,-1,0,1,0,0,0,1,0,0,0,0,0,-1,0,0,0,0,0,0,0,0,0,-1,0,0,1,0,0,1,-1,0,0,0,-1,-1,0,0,0,-1,1,-1,0,0,-1,-1,0,1,-1,0,0,-1,0,0,0,1,0,-1
1126,0,0,0,0,0,0,0,0,1,-1,0,0,0,0,0,0,0,-1,-1,1,0,0,0,0,-1,0,0,0,0,-1,0,0,-1,0,-1,0,0,0,0,0,0,0,-1,-1,0,0,0,0,-1,-1,1,0,1,1,0,0,0,0,0,1,0,0,-1,0
1127,0,-1,-1,-1,0,1,1,-1,0,-1,1,-1,0,1,0,0,1,1,0,0,0,0,0,1,0,0,-1,0,0,0,0,-1,-1,0,0,0,-1,0,0,0,1,0,0,1,0,0,0,0,0,1,1,0,-1,-1,0,1,1,0,0,0,0,-1,0,1
1128,-1,0,0,-1,1,0,0,0,1,-1,0,-1,-1,0,-1,0,0,0,0,0,0,0,-1,0,0,0,0,1,-1,0,-1,0,0,0,1,-1,0,0,0,0,0,0,0,1,-1,1,1,0,-1,-1,-1,0,0,0,0,-1,0,0,0,0,0,1,0,0
1129,0,0,0,0,-1,-1,0,0,0,1,0,0,0,-1,0,-1,1,0,0,0,1,0,0,0,1,1,1,0,0,1,0,0,-1,0,0,0,-1,0,0,1,0,0,0,0,0,0,0,0,0,-1,0,1,1,0,0,-1,0,1,0,-1,0,1,0,1
1130,1,0,0,-1,0,0,0,1,-1,0,0,0,0,0,0,1,-1,-1,0,0,0,1,-1,0,0,0,1,0,0,-1,0,0,-1,0,-1,1,1,-1,0,0,0,0,0,0,1,1,0,0,-1,1,0,1,0,0,0,1,0,1,1,0,1,0,0,0
1131,0,1,0,0,0,0,0,0,1,0,-1,0,0,-1,1,0,1,-1,0,-1,0,0,0,0,0,-1,0,0,-1,0,0,-1,1,1,-1,0,0,0,-1,0,-1,-1,-1,0,0,0,1,1,0,0,1,-1,0,0,0,0,0,-1,0,0,0,-1,0,0
1132,0,0,1,-1,1,0,0,0,0,-1,0,-1,0,-1,0,1,0,1,0,0,-1,0,1,1,0,0,1,-1,1,0,0,1,1,1,-1,0,-1,0,0,1,-1,0,0,-1,-1,0,0,-1,0,0,0,-1,1,0,0,0,0,0,0,1,0,1,-1,0
1133,0,-1,0,0,0,-1,0,-1,0,0,0,0,0,0,0,1,0,-1,-1,0,0,0,1,0,0,0,0,0,1,0,1,0,0,-1,0,0,-1,-1,0,-1,-1,0,0,0,0,1,0,0,0,0,0,0,1,1,0,0,0,0,-1,1,0,0,0,0
1134,-1,0,1,0,-1,0,0,0,0,-1,0,0,0,0,0,0,1,0,0,0,0,0,0,1,0,0,0,0,-1,0,1,0,0,0,0,0,1,0,0,0,0,1,0,0,-1,0,0,0,0,0,0,-1,0,1,0,1,-1,1,0,-1,0,0,0,0
1135,1,1,0,0,0,-1,0,0,1,0,0,-1,-1,0,0,1,0,0,0,1,-1,1,-1,0,1,0,0,0,0,1,1,0,0,0,0,-1,-1,0,-1,0,-1,-1,0,0,0,0,0,-1,0,0,0,1,0,-1,0,0,0,0,0,0,0,0,1,1
1136,0,0,0,-1,1,0,0,-1,0,-1,0,0,0,0,0,-1,0,-1,0,0,-1,-1,0,0,0,0,1,0,1,0,0,-1,-1,0,1,1,0,0,-1,0,0,0,-1,-1,1,1,0,1,0,0,0,0,-1,0,0,0,0,0,0,0,0,0,0,-1
1137,0,1,0,-1,0,1,0,0,0,0,1,0,0,0,1,0,-1,1,0,0,1,0,0,0,0,-1,-1,0,0,0,1,0,-1,-1,1,0,0,-1,0,1,-1,1,1,0,1,0,0,1,0,1,-1,1,0,0,0,0,-1,1,0,-1,-1,1,1,-1
1138,0,0,0,1,-1,0,0,0,-1,-1,1,0,1,0,1,1,0,1,0,0,0,0,1,0,0,0,1,0,0,0,0,0,-1,-1,-1,0,0,-1,0,-1,0,0,0,1,1,0,0,0,0,1,1,-1,0,0,-1,-1,-1,0,-1,0,0,0,-1,0
1139,-1,0,0,0,0,1,0,0,0,-1,0,0,-1,0,0,0,0,0,0,-1,0,0,0,1,1,0,0,1,0,0,0,0,0,0,-1,-1,-1,0,0,0,0,0,1,0,-1,1,0,-1,0,0,0,-1,1,0,0,0,0,1,0,0,0,0,1,0
1140,1,1,0,0,0,-1,-1,0,0,0,-1,-1,0,-1,-1,-1,1,0,-1,0,0,0,1,0,0,0,0,0,0,-1,0,0,0,0,0,0,0,0,1,0,-1,0,0,0,1,1,0,0,0,-1,-1,0,0,0,0,0,-1,0,0,0,0,0,0,0
1141,0,0,0,1,1,-1,0,0,0,1,-1,0,0,0,0,0,-1,0,0,1,0,1,0,-1,1,-1,1,-1,0,0,0,0,1,0,0,0,0,1,1,0,0,0,0,0,0,0,0,0,0,1,0,1,-1,-1,1,0,0,0,-1,0,-1,1,0,1
1142,0,1,0,0,0,-1,0,0,1,0,0,0,-1,0,0,-1,0,-1,0,0,0,1,0,0,0,1,0,0,0,0,0,0,-1,1,0,-1,0,-1,1,1,0,-1,0,0,0,0,1,-1,0,-1,0,0,1,-1,0,1,1,0,0,1,0,0,0,1
1143,-1,1,-1,-1,0,0,0,-1,1,1,0,0,1,0,0,-1,0,0,0,0,0,1,0,1,0,0,-1,0,0,0,1,-1,1,0,0,0,1,0,0,0,-1,0,1,0,1,0,1,0,1,0,-1,0,0,0,0,0,0,0,0,1,0,0,0,0
1144,0,1,0,-1,-1,0,-1,1,1,0,0,1,1,1,0,0,0,0,0,0,0,0,0,0,0,0,0,1,1,0,-1,0,0,1,0,0,-1,0,-1,0,0,1,1,1,1,-1,0,0,0,0,0,0,0,0,1,0,0,0,0,-1,0,0,0,0
1145,0,0,0,1,0,1,-1,0,0,0,-1,1,0,0,0,0,0,-1,0,0,0,0,0,-1,0,1,0,0,-1,1,0,0,0,-1,0,1,0,-1,-1,0,-1,1,0,0,0,0,0,1,0,0,0,0,1,1,0,0,0,1,1,-1,0,0,0,0
1146,0,-1,-1,0,-1,0,0,0,0,0,0,1,0,0,0,0,0,0,0,0,0,0,-1,0,0,0,0,0,0,0,0,0,0,-1,-1,0,0,-1,-1,0,0,-1,1,0,0,0,0,0,-1,0,0,0,0,0,0,0,1,0,0,1,1,0,0,0
1147,1,0,1,0,0,0,0,0,0,0,0,-1,0,-1,1,-1,0,0,-1,0,0,0,0,0,0,-1,0,-1,0,0,0,-1,1,0,0,0,0,0,0,0,0,0,0,0,0,0,-1,0,0,1,1,0,0,0,0,-1,0,0,0,0,0,0,-1,1
1148,0,0,0,-1,0,0,-1,0,1,1,0,0,1,0,0,1,0,0,1,0,0,0,1,0,-1,0,0,0,1,0,-1,0,0,1,-1,0,-1,0,-1,-1,0,1,1,-1,0,0,-1,1,-1,0,0,0,0,1,-1,1,0,0,0,0,1,0,0,0
1149,0,0,0,1,0,0,1,-1,-1,1,0,0,1,0,0,0,0,1,0,0,0,1,-1,0,0,-1,0,0,0,0,0,1,1,0,0,0,0,0,-1,-1,0,0,0,0,0,0,-1,0,0,1,1,0,0,1,0,0,0,1,0,1,1,-1,0,0
1150,0,0,0,0,-1,0,0,0,0,0,1,1,1,0,0,1,0,1,0,0,0,0,-1,-1,0,0,-1,0,0,0,-1,-1,0,0,0,0,-1,1,0,0,1,0,0,-1,0,0,-1,0,-1,-1,0,1,0,0,0,-1,0,0,-1,1,0,0,-1,0
1151,-1,0,1,0,0,1,0,-1,0,1,0,-1,-1,-1,-1,-1,0,-1,-1,0,1,0,0,0,0,-1,0,1,0,0,0,0,0,-1,0,0,0,-1,0,0,0,0,1,0,0,0,0,1,-1,0,0,0,0,0,0,0,0,0,0,1,0,0,0,-1
1152,0,0,0,0,0,0,0,0,1,1,0,0,-1,0,1,0,0,0,0,0,0,0,0,0,1,-1,0,-1,-1,0,0,0,0,0,1,-1,0,0,0,1,0,0,1,0,1,0,1,1,0,0,0,0,1,0,0,0,1,-1,0,0,0,-1,0,0
1153,0,0,0,0,0,1,0,0,0,0,0,0,-1,0,1,0,0,0,0,0,1,-1,-1,0,0,0,0,0,1,0,-1,0,0,0,0,0,0,1,0,1,0,0,0,1,0,0,0,0,-1,0,0,0,0,0,0,1,-1,-1,0,1,1,0,0,0
1154,-1,0,0,0,-1,-1,1,0,0,0,0,0,0,-1,0,-1,1,0,0,-1,0,-1,-1,0,-1,0,0,0,-1,0,0,0,0,1,0,0,0,1,0,-1,0,0,1,0,0,1,-1,-1,0,0,-1,0,0,0,0,-1,-1,-1,0,0,-1,0,-1,0
1155,0,0,0,-1,-1,0,0,0,0,0,0,0,0,-1,0,0,0,1,0,0,0,1,1,0,0,0,1,0,-1,0,-1,1,0,0,0,0,0,0,-1,-1,0,-1,-1,0,0,1,0,0,0,0,0,0,0,0,0,0,0,-1,0,0,0,0,0,-1
1156,0,0,0,0,0,0,0,1,0,0,-1,-1,0,0,0,0,0,1,1,0,0,0,0,0,0,-1,0,1,0,0,0,-1,-1,0,-1,0,0,0,-1,1,0,1,0,0,0,0,0,-1,0,0,0,-1,0,0,0,0,0,0,1,0,1,1,-1,0
1157,0,1,0,-1,0,1,0,0,0,0,1,-1,1,0,0,0,0,0,0,0,0,1,0,1,-1,0,1,0,-1,0,0,0,-1,0,0,0,1,-1,0,-1,1,0,-1,0,0,0,0,0,0,0,0,0,0,0,0,0,1,0,0,1,0,-1,0,0
1158,1,0,1,1,0,0,0,0,-1,0,-1,0,0,0,0,-1,-1,0,0,1,0,0,0,0,1,1,0,1,0,-1,0,0,0,0,1,0,0,-1,0,0,0,-1,1,0,-1,0,0,0,0,1,0,0,0,-1,0,0,0,-1,0,0,-1,-1,-1,0
1159,0,-1,0,0,-1,0,0,0,-1,0,0,0,0,1,0,0,0,0,-1,0,0,0,0,0,0,0,0,0,-1,-1,1,0,0,0,0,0,0,0,0,0,0,-1,-1,-1,0,0,0,0,0,1,0,0,1,0,-1,-1,0,0,0,0,0,0,0,-1
1160,0,1,-1,0,0,0,0,0,0,0,0,1,0,0,1,1,-1,1,0,0,0,0,0,0,-1,1,0,0,0,-1,-1,0,-1,-1,0,-1,1,1,0,0,0,0,1,1,-1,0,1,0,0,0,0,0,-1,0,0,-1,0,0,-1,0,0,0,0,0
1161,1,0,0,0,0,0,1,0,0,0,-1,0,0,-1,0,0,-1,0,0,0,0,0,0,1,0,0,0,0,1,0,-1,0,0,0,0,0,0,-1,0,0,0,1,1,0,0,0,-1,0,0,1,0,0,0,0,-1,0,0,0,0,0,1,0,-1,0
1162,0,-1,0,1,0,0,0,0,1,1,-1,0,0,1,0,1,0,0,0,0,0,0,0,0,0,-1,-1,-1,-1,0,0,0,1,1,-1,0,0,1,0,0,0,0,0,0,0,1,0,1,0,0,0,-1,-1,-1,0,0,1,0,0,0,1,0,0,-1
1163,1,0,0,-1,1,0,1,0,0,0,1,0,0,0,0,1,0,0,0,-1,-1,1,1,-1,1,0,1,0,-1,-1,0,-1,0,0,0,0,0,0,0,0,0,0,0,0,-1,0,0,0,0,0,0,0,0,0,-1,0,0,1,0,0,-1,0,0,0
1164,0,0,-1,0,0,-1,0,0,-1,0,1,1,0,0,0,0,0,-1,0,1,0,-1,1,0,0,0,0,-1,0,0,0,0,1,0,0,0,1,0,0,1,0,0,0,1,1,0,-1,0,0,0,0,1,-1,-1,1,1,1,1,0,0,1,0,0,0
1165,0,0,0,0,0,-1,0,0,0,0,-1,0,0,-1,0,0,0,-1,0,0,0,0,1,0,0,-1,0,1,-1,-1,0,0,0,0,0,0,0,1,0,0,0,0,0,0,0,-1,0,1,0,-1,0,0,0,0,0,0,0,0,0,0,1,-1,0,1
1166,0,0,0,0,0,0,0,-1,0,-1,-1,1,-1,0,1,0,-1,0,0,1,-1,0,0,0,-1,0,-1,0,0,1,0,0,-1,0,0,1,-1,0,0,0,0,0,0,0,0,0,0,0,0,0,0,0,0,0,0,0,1,0,0,1,0,0,0,0
1167,-1,0,0,0,0,1,0,0,0,1,1,0,-1,0,0,-1,0,-1,0,1,0,0,0,0,0,0,0,-1,1,0,0,0,0,0,0,0,1,1,0,1,0,1,1,0,-1,0,0,0,0,0,0,0,0,-1,0,0,0,0,0,0,0,0,-1,0
1168,0,0,0,0,0,-1,-1,0,-1,-1,-1,0,0,1,1,1,0,-1,0,0,1,0,0,0,0,1,1,-1,1,0,0,0,0,-1,0,0,0,0,0,0,0,0,0,0,0,0,0,0,0,0,0,0,-1,0,0,0,1,0,0,-1,0,1,1,0
1169,1,0,0,-1,0,0,-1,0,0,1,-1,0,1,0,-1,0,-1,0,-1,1,0,0,0,0,-1,0,0,0,0,1,0,0,1,0,0,-1,1,1,0,0,1,-1,0,0,0,0,0,1,0,0,0,0,-1,0,-1,0,0,-1,1,0,0,0,0,0
1170,0,0,0,1,0,1,0,0,-1,0,1,1,0,0,0,-1,-1,0,1,0,0,0,1,0,1,1,0,0,0,0,0,0,-1,0,1,0,-1,0,0,0,0,0,1,1,-1,0,1,0,-1,-1,0,0,0,0,0,0,-1,0,-1,-1,1,0,0,0
1171,0,0,-1,0,0,0,-1,0,0,-1,0,0,0,0,-1,0,0,0,0,1,0,0,0,0,0,1,-1,0,-1,1,0,0,0,0,0,0,0,0,0,0,0,0,1,-1,1,0,0,0,-1,0,1,0,1,1,1,0,1,0,0,-1,0,-1,0,0
1172,0,-1,0,0,0,1,0,0,0,0,0,0,0,0,-1,0,1,1,0,1,1,0,0,-1,-1,0,0,0,1,0,-1,0,0,0,0,0,0,0,-1,0,0,0,1,-1,0,-1,0,0,0,0,1,0,-1,-1,0,-1,0,0,1,0,0,0,0,1
1173,1,0,0,-1,0,0,0,-1,1,1,0,0,0,1,0,1,1,0,-1,-1,0,0,0,1,0,0,0,0,-1,0,0,0,0,0,0,0,-1,0,0,0,0,0,0,0,1,0,0,0,0,0,0,0,0,0,0,0,1,0,1,0,0,-1,0,0
1174,0,0,0,0,0,0,0,0,0,0,0,0,0,-1,-1,0,0,0,0,0,0,0,0,0,0,0,0,0,0,-1,1,1,0,0,0,1,0,0,0,0,0,0,0,0,1,0,0,1,0,1,0,0,0,0,1,1,1,1,0,-1,1,0,0,0
1175,0,0,-1,0,0,0,0,0,0,0,-1,0,0,0,0,0,0,0,0,0,1,-1,0,1,0,0,-1,0,1,0,0,-1,-1,-1,0,0,0,1,0,0,0,-1,1,0,0,0,0,1,0,0,0,-1,1,0,0,0,0,0,-1,0,0,0,-1,0
1176,0,0,0,1,0,0,0,1,0,0,1,1,0,0,-1,1,0,-1,0,0,-1,0,0,0,1,0,-1,0,0,0,0,0,1,0,1,-1,0,1,0,0,0,1,0,1,1,-1,1,0,0,1,1,-1,0,0,0,0,-1,1,-1,-1,0,1,0,1
1177,0,1,1,0,0,0,1,0,0,0,0,0,0,0,0,0,0,0,0,0,0,0,0,0,0,1,0,0,0,1,0,-1,-1,1,0,0,0,0,0,1,0,0,0,0,0,0,-1,0,1,0,0,-1,-1,0,0,0,0,1,0,0,1,0,0,-1
1178,-1,0,0,0,0,1,1,1,0,0,0,0,-1,1,-1,0,-1,0,1,1,0,1,1,1,0,1,0,0,0,0,1,0,0,0,0,-1,0,0,-1,0,1,0,0,0,1,1,1,0,0,0,-1,-1,0,0,0,0,0,1,1,-1,1,0,0,1
1179,0,0,0,0,0,1,0,-1,-1,0,0,-1,-1,0,1,1,0,0,0,0,0,-1,0,-1,0,0,0,0,0,0,0,-1,0,-1,0,0,0,0,0,0,-1,1,1,1,0,-1,0,0,1,-1,0,-1,0,0,0,0,0,1,0,0,0,0,0,0
1180,1,0,0,1,0,0,0,0,0,0,1,1,1,0,0,-1,-1,0,0,0,0,0,-1,0,0,0,0,1,0,0,-1,1,-1,-1,0,0,-1,1,0,0,0,-1,0,-1,0,-1,0,0,-1,1,-1,-1,-1,0,0,0,1,0,-1,1,0,-1,1,0
1181,0,0,1,0,0,0,0,-1,0,-1,0,1,0,-1,0,-1,0,0,0,0,-1,0,0,0,0,1,1,0,0,-1,0,-1,1,0,1,-1,0,0,0,-1,0,0,-1,-1,0,0,-1,0,0,0,0,0,0,-1,-1,-1,0,-1,-1,1,-1,1,1,1
1182,0,0,0,0,-1,1,1,-1,1,0,0,1,0,1,-1,0,-1,0,1,-1,0,0,0,0,1,0,-1,-1,0,0,0,0,0,-1,0,1,0,0,0,0,0,-1,0,0,1,0,1,0,0,-1,0,0,-1,0,0,0,0,0,0,0,-1,-1,1,0
1183,-1,0,1,0,0,0,0,0,1,-1,0,-1,0,1,1,0,0,1,0,-1,1,1,1,0,0,0,0,0,0,-1,-1,0,1,1,0,0,-1,0,1,0,0,-1,0,0,1,0,0,-1,1,0,0,1,0,0,-1,-1,0,0,0,-1,0,0,1,0
1184,1,0,0,0,-1,0,0,0,0,0,1,0,0,0,0,0,-1,0,0,1,-1,1,1,1,0,-1,1,-1,0,-1,0,0,0,0,0,0,-1,0,0,0,1,1,-1,0,0,0,0,0,0,-1,0,0,0,1,0,0,0,0,0,0,0,-1,0,0
1185,-1,0,0,1,0,-1,1,1,0,-1,1,-1,-1,0,1,1,1,1,-1,0,0,0,-1,-1,0,1,-1,0,0,0,0,1,0,1,1,0,0,0,-1,0,0,1,0,1,0,0,0,0,0,-1,-1,0,0,0,0,1,0,-1,0,0,0,-1,1,0
1186,0,0,0,0,0,0,-1,1,0,-1,0,1,0,0,0,-1,0,0,0,0,-1,0,0,0,0,-1,0,0,0,0,0,-1,1,-1,1,0,0,0,0,0,0,0,0,0,1,0,1,-1,0,0,0,0,0,0,-1,0,-1,0,0,0,1,0,-1,0
1187,0,-1,0,0,-1,0,0,0,0,0,0,0,-1,1,0,-1,0,0,0,-1,0,1,0,0,0,-1,-1,1,0,0,-1,-1,0,-1,0,1,1,-1,-1,-1,0,0,-1,0,-1,0,0,0,-1,0,-1,1,0,-1,1,0,0,1,-1,0,-1,0,0,1
1188,0,0,0,-1,0,-1,1,0,0,1,1,-1,0,-1,0,1,0,1,0,0,0,0,-1,0,-1,0,1,1,0,0,0,0,0,0,0,0,0,0,0,1,-1,0,0,0,0,0,0,0,1,0,-1,-1,0,0,1,0,-1,1,0,0,0,-1,0,-1
1189,0,0,0,1,0,-1,0,1,0,1,1,0,0,0,0,0,0,-1,1,0,0,0,0,0,0,0,0,0,-1,0,1,0,0,-1,0,0,1,1,0,0,-1,1,0,0,0,0,0,0,1,0,0,-1,-1,0,0,0,0,1,0,0,-1,0,0,1
1190,0,0,1,-1,-1,-1,1,0,0,1,0,0,0,0,0,0,1,0,0,-1,0,1,0,0,-1,0,0,0,0,0,-1,0,-1,0,0,0,0,1,0,1,0,0,0,0,0,-1,-1,0,1,-1,0,0,0,0,0,0,0,-1,0,0,-1,1,0,0
1191,0,0,0,1,-1,0,0,0,-1,0,0,-1,-1,0,0,0,0,1,0,1,-1,0,0,0,-1,0,0,-1,0,0,0,0,1,0,-1,1,0,0,0,0,0,0,0,1,0,0,0,0,1,0,-1,1,0,0,-1,-1,0,1,1,0,0,1,0,0
1192,-1,0,0,0,1,0,0,1,1,0,-1,1,-1,1,-1,1,1,0,0,0,0,0,0,-1,0,0,1,0,0,0,1,-1,0,0,0,0,0,0,-1,0,0,-1,0,0,0,0,0,0,0,1,0,0,0,1,0,0,0,0,1,0,0,0,0,-1
1193,0,1,-1,1,0,0,-1,0,1,0,0,0,0,0,-1,-1,-1,0,0,-1,-1,1,0,0,0,0,0,0,0,0,-1,0,0,0,1,0,0,0,1,1,0,0,0,0,-1,0,0,1,0,0,0,1,1,0,0,-1,0,0,0,1,0,0,-1,0
1194,0,0,0,1,1,0,0,0,-1,0,0,0,0,1,0,0,0,0,0,0,0,0,-1,0,0,-1,1,0,0,0,0,0,-1,1,1,0,-1,-1,0,0,-1,-1,0,0,0,0,-1,-1,-1,-1,-1,0,0,-1,-1,-1,0,0,1,-1,0,0,1,1
1195,0,0,1,0,0,0,-1,0,-1,0,1,0,0,0,0,0,-1,1,0,0,1,0,0,0,1,-1,-1,-1,0,0,0,0,0,0,0,1,-1,-1,0,0,-1,-1,-1,0,0,0,0,0,0,-1,1,0,0,0,0,0,0,1,0,1,0,-1,0,0
1196,0,0,0,0,0,-1,1,-1,0,0,1,-1,1,0,0,0,0,1,0,1,0,0,0,0,0,-1,0,0,0,0,0,0,0,0,0,0,0,-1,-1,0,0,0,0,0,1,0,-1,1,0,0,0,0,1,1,0,0,-1,0,1,-1,1,0,-1,0
1197,0,0,-1,-1,1,-1,1,1,1,0,-1,1,0,0,0,0,0,1,0,0,-1,1,1,-1,0,-1,0,1,0,0,1,0,0,0,0,1,-1,-1,0,0,0,1,-1,0,0,0,0,0,0,0,1,0,0,0,0,0,0,0,0,0,0,1,1,0
1198,0,0,0,0,0,-1,-1,-1,0,0,0,-1,0,0,0,0,0,0,-1,0,1,0,0,0,0,0,-1,-1,1,0,0,0,0,0,0,0,0,1,-1,0,0,-1,0,1,-1,0,0,0,0,0,1,1,-1,0,0,0,0,0,0,0,1,0,1,0
1199,1,0,0,0,0,0,-1,-1,1,0,0,1,1,-1,1,1,-1,-1,0,0,0,0,0,1,-1,0,-1,1,0,0,1,0,0,0,-1,0,0,0,0,0,1,0,0,0,1,0,0,-1,1,0,1,1,-1,0,0,0,0,0,0,0,0,-1,0,0
1200,0,-1,0,1,0,-1,0,0,1,0,0,0,0,0,0,0,0,-1,0,0,0,0,1,1,0,0,-1,0,0,0,-1,0,1,0,0,0,0,-1,0,0,0,0,0,0,0,-1,0,1,1,0,0,1,0,0,0,0,0,0,0,-1,0,0,0,-1
1201,1,1,-1,0,0,0,0,0,1,0,0,0,0,0,0,0,0,0,1,0,-1,-1,-1,0,0,-1,-1,0,0,0,0,0,1,1,1,-1,1,1,0,0,0,0,0,0,0,-1,0,0,-1,0,1,0,0,0,0,0,0,0,1,0,1,0,0,1
1202,0,0,1,0,0,0,1,0,1,-1,0,0,0,1,0,0,0,0,-1,0,-1,-1,0,0,0,0,1,0,0,0,0,0,1,-1,-1,0,0,0,0,0,1,0,0,0,0,1,-1,0,1,0,0,0,0,0,-1,0,1,0,1,1,1,-1,-1,-1
1203,-1,0,0,0,-1,1,0,0,0,0,0,0,0,0,1,-1,0,0,0,0,0,0,0,1,-1,0,1,-1,0,0,1,0,0,0,0,0,-1,0,0,1,0,0,1,1,1,0,0,0,-1,1,0,1,0,1,0,0,-1,-1,1,0,1,-1,-1,0
1204,1,0,1,-1,0,0,-1,0,-1,-1,0,-1,0,-1,0,0,0,0,1,0,0,0,0,0,0,-1,0,0,0,1,-1,1,0,1,0,1,0,0,1,0,0,-1,0,0,1,1,0,1,0,0,0,0,0,0,0,0,0,1,0,0,0,0,0,1
1205,0,0,-1,0,0,0,0,-1,-1,0,1,1,-1,0,0,0,0,0,0,0,-1,1,0,1,0,1,0,0,0,0,1,0,0,0,0,0,-1,0,0,-1,1,1,0,0,-1,-1,0,-1,0,1,1,0,0,1,0,0,-1,-1,0,0,0,0,1,0
1206,1,0,1,0,0,0,1,0,0,0,0,0,0,1,1,0,0,0,0,0,-1,1,0,0,0,0,0,1,0,1,0,0,-1,0,-1,1,0,-1,1,0,0,1,0,0,0,0,0,1,-1,0,0,1,0,-1,1,1,0,0,0,1,-1,0,-1,-1
1207,0,0,1,0,1,0,0,0,0,0,-1,0,1,-1,-1,0,0,0,0,1,0,1,0,-1,0,-1,0,0,0,0,0,0,0,-1,-1,0,0,1,0,0,0,-1,0,0,-1,0,0,1,0,-1,0,0,0,0,0,0,0,0,0,1,0,1,0,0
1208,0,0,0,1,1,-1,1,0,0,0,0,0,-1,-1,0,1,-1,0,0,1,0,1,0,1,0,0,1,1,0,0,0,0,1,1,0,1,-1,0,-1,0,1,0,0,-1,0,0,0,1,-1,0,0,1,0,1,1,0,0,0,1,1,-1,0,0,0
1209,0,0,-1,0,0,0,0,0,0,0,-1,-1,0,0,0,0,0,0,-1,1,1,0,-1,0,0,0,0,0,0,0,-1,0,1,0,-1,0,0,-1,0,1,0,0,0,0,0,0,0,0,0,0,0,0,0,0,0,0,0,0,-1,0,0,0,0,0
1210,0,0,-1,0,0,0,1,-1,-1,1,0,-1,0,0,1,0,-1,0,0,0,0,-1,0,0,0,0,0,1,0,0,0,0,1,0,0,1,1,0,0,1,-1,1,0,0,0,0,0,-1,-1,0,0,0,-1,0,-1,0,1,1,1,0,0,0,-1,0
1211,1,0,-1,1,0,-1,0,0,0,-1,0,0,0,1,0,0,0,0,0,0,-1,1,0,0,0,0,0,0,0,-1,0,0,0,0,0,-1,0,0,1,0,0,0,0,-1,-1,0,0,0,0,0,-1,0,0,1,1,1,0,0,0,0,-1,1,-1,0
1212,0,0,0,0,0,0,0,0,-1,0,0,0,1,1,1,0,0,1,0,1,-1,0,0,0,0,0,0,0,0,-1,1,0,0,0,1,0,0,0,-1,0,1,0,1,-1,0,0,0,0,1,0,-1,0,0,0,0,0,0,1,0,0,-1,0,0,1
1213,0,-1,1,0,0,0,1,0,-1,-1,-1,0,0,0,0,0,0,0,0,0,-1,0,0,0,0,1,0,0,0,1,0,0,-1,-1,0,0,-1,0,0,0,0,0,-1,0,0,0,0,0,0,0,0,-1,-1,0,-1,0,0,0,0,1,0,1,0,-1
1214,-1,0,0,1,-1,0,1,0,0,0,-1,0,1,0,1,0,0,0,0,0,-1,-1,-1,0,1,0,0,0,0,0,0,0,-1,0,1,0,1,0,0,1,0,-1,0,1,0,0,-1,0,0,0,0,0,0,-1,0,1,1,-1,-1,1,-1,0,-1,0
1215,0,0,-1,-1,0,0,0,0,0,0,0,0,0,0,0,0,0,0,0,1,0,1,0,0,0,1,1,-1,0,0,0,0,0,-1,0,-1,0,0,0,-1,0,0,1,0,0,0,0,0,-1,0,0,0,0,-1,0,1,0,0,0,0,0,0,-1,-1
1216,0,0,0,0,0,-1,0,0,0,0,0,0,0,0,0,1,-1,0,0,-1,0,0,1,0,0,0,0,0,0,0,-1,0,0,0,0,0,0,0,1,1,0,0,1,0,-1,0,1,0,1,1,-1,0,1,-1,0,-1,0,1,0,-1,0,-1,0,1
1217,1,0,0,0,0,1,0,0,1,0,1,0,0,-1,1,0,0,0,0,0,0,0,0,0,0,0,-1,0,0,0,-1,-1,1,0,0,0,1,0,0,0,-1,-1,0,0,0,-1,-1,0,-1,1,0,0,0,0,0,-1,0,-1,0,0,0,1,0,0
1218,1,0,0,0,-1,0,0,-1,-1,0,0,-1,1,-1,0,-1,1,0,0,0,-1,-1,0,1,0,0,0,1,0,1,-1,-1,-1,0,1,0,1,-1,0,0,1,-1,0,0,0,1,-1,0,0,0,0,0,0,0,0,0,-1,0,-1,0,0,-1,0,1
1219,1,0,0,0,1,0,0,0,0,0,0,-1,-1,0,0,0,0,0,0,1,0,0,0,-1,1,1,0,0,0,-1,0,-1,0,1,0,0,0,0,0,0,0,-1,0,0,-1,0,0,0,0,-1,0,0,0,0,0,-1,-1,-1,0,-1,0,-1,0,0
1220,0,-1,0,0,0,-1,0,-1,0,0,0,0,0,0,1,0,-1,0,0,0,0,-1,0,0,0,-1,0,0,0,0,1,0,0,0,0,0,0,-1,1,0,1,1,0,-1,0,0,1,1,0,0,-1,-1,0,0,0,0,0,0,0,0,0,1,0,0
1221,1,0,0,1,0,1,0,0,0,0,0,0,0,0,0,0,-1,1,0,-1,-1,0,-1,0,0,1,0,0,1,-1,-1,0,0,0,0,0,0,0,0,0,0,0,1,0,-1,0,0,0,1,-1,-1,1,0,0,0,1,1,0,1,1,0,0,0,0
1222,0,0,-1,1,-1,1,0,-1,-1,0,1,0,0,0,0,0,0,0,0,0,-1,0,0,1,0,0,1,0,0,0,0,-1,-1,-1,1,0,0,0,0,0,1,-1,0,0,1,0,0,1,0,0,1,-1,0,0,-1,-1,0,-1,0,1,0,1,0,0
1223,0,-1,0,0,0,0,0,0,0,-1,0,0,0,0,1,-1,0,0,0,0,0,1,0,0,-1,0,0,-1,0,0,0,-1,0,1,0,0,0,0,0,0,0,0,0,0,-1,0,1,0,1,-1,0,-1,-1,0,1,0,0,0,0,0,1,-1,0,0
1224,-1,0,-1,1,1,0,0,0,0,-1,-1,0,1,0,0,1,0,-1,0,0,0,0,0,0,0,0,-1,0,1,-1,0,1,0,0,0,0,0,1,0,0,0,0,1,1,0,0,-1,-1,0,0,0,1,-1,-1,0,1,0,-1,0,-1,0,0,1,1
1225,1,0,0,1,-1,0,-1,0,0,0,0,0,0,0,-1,0,0,0,0,0,0,1,0,-1,0,0,0,1,0,-1,1,0,1,1,1,0,0,0,0,-1,0,0,0,-1,1,0,0,-1,0,0,0,-1,0,0,0,0,0,0,1,0,0,1,0,0
1226,0,0,-1,0,0,-1,0,1,0,0,0,0,0,0,0,-1,0,0,0,0,1,0,0,1,0,0,1,0,0,-1,0,0,0,0,0,-1,-1,0,-1,0,-1,0,0,0,0,0,0,-1,0,0,1,0,0,-1,0,0,0,0,-1,-1,0,-1,0,0
1227,1,0,0,1,0,0,1,0,0,0,0,0,-1,1,1,0,1,0,0,0,0,0,0,0,1,0,0,1,1,0,0,0,1,0,-1,-1,0,0,1,-1,0,0,0,0,0,0,0,1,1,1,1,1,0,0,0,1,1,-1,0,0,0,0,0,1
1228,0,0,0,0,0,-1,0,0,-1,0,0,1,1,0,0,0,0,0,1,1,1,0,-1,0,0,-1,0,0,-1,1,1,1,0,0,0,0,0,1,1,0,0,0,0,0,0,-1,0,0,1,-1,0,0,0,-1,0,1,-1,1,0,0,0,0,0,-1
1229,0,1,0,0,0,0,0,-1,0,1,0,0,0,1,0,0,0,0,-1,-1,0,0,0,-1,1,0,0,0,0,1,0,1,0,0,-1,1,0,0,0,0,0,0,0,0,0,0,1,0,0,0,1,0,-1,0,0,1,-1,1,1,0,1,0,0,0
1230,0,-1,1,0,-1,1,0,-1,1,1,-1,0,0,0,0,0,-1,0,0,-1,0,0,1,0,0,0,-1,0,0,1,0,-1,0,0,0,0,0,0,-1,0,0,1,1,0,0,0,0,1,0,0,0,0,0,-1,1,-1,-1,0,0,0,0,0,0,0
1231,1,0,0,0,1,-1,-1,0,1,0,1,0,0,0,0,0,1,-1,0,0,1,-1,-1,-1,0,0,0,0,1,0,0,-1,1,1,-1,0,0,-1,-1,0,0,0,0,0,0,0,0,0,0,0,0,-1,-1,-1,-1,1,1,1,0,0,-1,0,0,0
1232,-1,0,1,-1,0,-1,1,1,1,-1,0,0,0,0,0,0,0,0,0,0,0,0,-1,1,-1,0,0,0,-1,0,0,0,0,1,0,0,0,0,0,0,0,-1,1,0,0,1,0,0,0,-1,0,0,1,0,0,0,1,0,0,-1,-1,-1,0,0
1233,1,0,-1,1,0,0,0,-1,1,-1,0,0,-1,-1,0,0,0,0,0,-1,0,1,0,0,-1,0,0,-1,-1,1,0,0,1,1,-1,-1,-1,-1,0,0,0,-1,-1,0,0,0,0,1,0,0,-1,-1,-1,0,0,1,0,0,0,0,1,0,0,0
1234,0,0,0,-1,0,0,1,0,1,1,0,1,0,1,0,0,0,-1,0,1,-1,0,1,0,0,0,0,0,0,0,0,-1,-1,1,1,0,0,1,0,-1,-1,-1,0,-1,0,1,0,1,1,0,0,0,0,0,0,0,0,0,0,-1,0,0,0,0
1235,-1,0,0,-1,0,-1,1,0,0,0,0,0,-1,0,0,-1,1,0,1,1,1,0,-1,0,0,0,0,0,1,1,0,0,-1,0,0,0,0,0,0,1,0,0,-1,0,0,0,0,0,0,0,0,1,0,0,0,-1,0,0,0,0,0,0,0,-1
1236,-1,0,0,0,0,0,0,0,-1,0,1,0,-1,0,1,0,0,0,0,0,0,-1,-1,0,0,-1,0,-1,0,0,-1,1,0,0,0,0,0,-1,0,-1,0,0,1,0,-1,-1,0,0,0,0,1,0,0,-1,0,0,0,0,-1,0,1,0,1,0
1237,-1,1,0,0,0,0,0,-1,0,0,-1,-1,1,0,0,1,-1,0,0,0,0,-1,-1,-1,-1,0,0,0,-1,1,0,0,0,1,0,1,0,0,0,1,0,0,-1,0,0,1,0,1,0,1,0,0,0,0,1,0,0,1,0,0,0,0,0,0
1238,1,-1,0,0,0,-1,0,1,-1,-1,0,-1,0,-1,-1,0,0,0,0,0,0,0,-1,1,0,0,1,0,1,0,1,0,0,1,0,0,0,0,0,0,0,0,0,0,0,-1,1,0,0,1,0,0,0,0,1,0,0,0,0,-1,-1,-1,-1,1
1239,0,0,1,0,0,0,1,0,1,-1,0,0,0,0,0,1,0,1,0,0,0,1,1,0,0,0,-1,-1,-1,0,0,0,0,0,-1,0,0,1,0,0,-1,0,1,0,0,0,0,0,0,0,0,0,0,0,0,-1,0,0,-1,-1,0,0,0,0
1240,0,0,0,0,0,-1,0,0,0,0,0,0,1,1,0,0,0,0,0,0,0,0,0,0,0,0,0,-1,0,0,0,-1,0,0,0,0,1,0,0,1,-1,1,-1,0,-1,0,0,0,0,0,0,0,0,0,-1,0,-1,0,0,0,0,0,0,1
1241,-1,0,0,0,1,0,0,1,0,0,-1,1,0,0,1,1,0,0,0,0,-1,0,0,1,1,0,1,0,-1,0,1,0,0,0,0,-1,0,0,1,1,0,0,0,0,0,0,1,-1,1,0,0,0,-1,-1,0,0,0,0,0,0,-1,0,0,-1
1242,-1,0,1,0,0,0,1,-1,0,-1,0,-1,1,-1,0,1,-1,1,1,0,0,0,-1,0,1,0,0,0,0,1,0,0,1,1,0,0,0,0,0,0,0,0,0,-1,0,0,0,0,-1,0,0,-1,-1,1,0,0,0,1,0,0,0,-1,0,0
1243,1,0,-1,0,1,-1,0,0,0,-1,-1,0,-1,0,0,1,0,1,0,0,0,1,0,1,0,-1,0,1,0,0,1,0,-1,0,-1,0,0,0,1,0,0,0,0,0,1,0,1,1,0,0,0,0,0,0,0,0,-1,0,0,0,-1,-1,0,0
1244,0,-1,0,0,0,0,-1,0,1,0,0,0,-1,1,1,0,0,1,1,0,0,0,0,0,-1,0,0,0,0,0,0,0,0,1,0,0,0,1,-1,0,1,0,0,1,0,1,0,0,0,0,0,0,0,0,1,0,0,1,-1,1,1,1,0,1
1245,0,1,0,1,0,-1,1,0,0,-1,1,0,-1,-1,0,0,0,0,0,0,0,0,0,-1,0,0,1,0,0,1,1,0,1,0,1,0,1,0,0,-1,0,0,0,0,-1,0,0,0,0,0,0,0,0,0,0,-1,1,0,0,0,0,0,0,0
1246,0,0,0,-1,0,0,0,0,1,0,0,0,0,1,1,0,0,1,1,1,0,0,1,0,1,0,0,0,0,0,0,0,1,1,0,0,0,0,0,0,0,0,0,0,0,0,0,0,0,0,0,-1,1,0,0,0,0,0,0,0,0,0,0,0
1247,0,1,0,0,1,0,1,0,0,0,0,0,1,-1,1,0,0,1,0,1,0,0,0,0,0,0,0,0,0,1,0,-1,0,0,0,0,0,-1,0,1,-1,-1,-1,1,0,0,1,1,0,0,-1,0,0,0,0,0,0,0,0,0,0,0,0,0
1248,-1,0,0,-1,0,0,0,0,0,1,0,0,0,0,0,0,0,0,1,0,0,-1,1,0,-1,0,0,0,-1,0,0,0,0,0,0,-1,-1,0,1,-1,0,0,0,0,0,-1,0,0,0,-1,0,1,0,1,-1,0,1,1,0,0,1,0,0,0
1249,0,1,0,-1,0,-1,1,-1,1,0,0,0,-1,-1,0,0,1,0,0,0,1,0,0,0,0,0,-1,0,0,0,0,0,0,0,0,0,-1,0,1,-1,0,0,0,0,0,0,1,0,1,0,0,-1,0,0,0,0,0,0,0,0,1,1,0,0
1250,-1,0,0,-1,1,0,0,0,0,0,1,0,0,1,1,0,0,1,-1,0,0,0,0,0,-1,0,0,0,1,0,-1,0,0,-1,0,0,0,1,1,0,0,1,0,-1,0,-1,1,0,0,0,-1,0,0,0,0,-1,0,0,-1,0,0,-1,0,0
1251,0,-1,-1,0,1,0,1,0,0,0,0,0,0,0,-1,0,0,0,1,0,0,0,0,0,0,0,0,0,0,0,0,0,0,1,0,-1,0,-1,0,0,0,0,-1,0,0,0,0,0,0,1,0,0,1,-1,-1,1,0,1,0,-1,0,1,0,0
1252,1,0,0,0,0,0,-1,1,0,0,0,1,0,1,0,0,0,0,0,1,-1,0,1,1,0,0,0,1,0,0,1,0,1,0,0,0,-1,0,0,0,0,0,0,0,0,0,0,1,0,0,0,-1,-1,-1,0,0,0,0,-1,0,0,0,0,0
1253,0,-1,-1,0,0,0,0,-1,1,1,0,1,-1,0,0,0,-1,0,0,0,0,0,1,0,0,0,0,0,0,0,0,0,0,0,0,0,0,0,1,1,0,0,0,0,0,0,-1,1,0,-1,0,0,1,0,-1,0,0,0,0,0,0,0,0,0
1254,1,0,-1,0,0,-1,-1,0,0,0,0,0,0,-1,1,0,0,0,-1,0,0,0,0,0,0,1,-1,0,0,0,0,0,0,0,0,-1,0,0,0,0,0,0,0,0,0,0,-1,0,0,-1,0,1,0,0,-1,0,0,-1,0,0,0,0,-1,0
1255,-1,-1,1,0,0,0,1,0,0,0,-1,1,0,1,0,0,0,0,0,0,1,1,0,0,1,0,1,0,-1,0,0,0,0,0,0,-1,1,0,0,0,1,0,0,1,-1,0,0,0,0,0,0,0,0,-1,-1,0,-1,0,0,0,-1,0,-1,-1
1256,0,0,-1,0,-1,0,0,0,-1,0,0,0,0,0,0,1,1,0,0,1,-1,-1,0,0,0,1,0,0,1,0,1,0,0,0,0,1,0,0,1,0,0,0,0,0,1,0,-1,0,0,-1,0,0,1,0,0,1,1,1,0,0,0,0,1,-1
1257,0,0,0,1,0,-1,0,1,0,0,0,0,0,0,0,-1,0,0,0,0,-1,0,0,-1,-1,0,0,0,-1,-1,0,1,0,-1,1,-1,0,0,0,1,0,0,0,0,0,0,0,0,0,-1,-1,0,-1,0,0,0,0,1,1,-1,-1,0,0,-1
1258,0,-1,0,0,0,1,0,0,0,-1,0,0,0,0,0,0,1,0,0,0,-1,0,1,-1,1,0,1,-1,0,1,0,0,0,0,0,0,0,0,0,0,-1,0,1,0,1,0,0,0,0,-1,0,1,1,0,1,1,0,0,1,0,0,0,0,1
1259,0,0,0,0,0,0,-1,0,0,0,-1,0,0,-1,0,-1,0,0,0,0,1,0,0,0,0,0,0,0,-1,1,0,0,-1,0,0,0,0,0,0,0,0,0,-1,0,0,0,1,-1,0,0,0,1,-1,0,0,0,0,0,0,-1,-1,0,1,0
1260,0,0,-1,0,0,0,0,1,0,0,0,0,1,1,1,-1,0,0,0,-1,0,1,0,0,1,0,0,0,1,1,0,0,0,1,-1,0,0,-1,1,0,-1,0,-1,0,0,0,0,0,-1,0,-1,0,0,0,0,0,1,-1,1,0,1,0,-1,0
1261,-1,0,0,-1,0,0,0,1,1,0,0,0,0,0,0,0,0,1,0,0,0,0,0,0,1,-1,-1,-1,0,0,0,0,0,-1,0,-1,-1,0,1,0,1,0,0,0,0,0,0,0,0,-1,0,0,0,0,1,1,0,1,0,0,0,0,1,0
1262,0,1,-1,0,0,0,0,0,0,0,1,0,-1,0,1,1,1,1,0,0,-1,1,1,1,0,-1,1,1,0,0,0,0,0,0,0,-1,0,1,0,0,0,0,0,0,0,0,0,1,0,0,0,1,0,0,-1,1,-1,0,0,1,0,0,0,0
1263,-1,0,-1,0,0,-1,0,1,0,0,0,0,0,0,0,-1,0,0,-1,-1,0,0,0,1,0,0,0,0,0,1,0,0,0,0,-1,1,0,0,-1,1,0,0,0,0,0,-1,0,-1,0,1,0,0,-1,0,0,1,0,0,0,1,0,-1,0,0
1264,0,0,0,0,-1,0,1,1,0,-1,0,-1,1,1,0,1,0,1,-1,1,0,0,0,0,-1,0,0,0,0,0,0,-1,-1,0,-1,0,0,0,1,0,0,-1,-1,0,0,-1,0,0,-1,0,0,-1,1,0,0,0,0,1,0,-1,0,-1,0,0
1265,0,0,1,0,0,0,0,0,-1,0,0,0,1,0,0,-1,1,0,0,0,-1,0,0,0,0,0,-1,0,0,-1,1,0,0,0,-1,1,-1,-1,0,1,-1,-1,-1,1,-1,-1,0,0,0,0,0,0,0,0,0,0,0,0,0,0,0,-1,0,-1
1266,1,0,0,0,-1,-1,-1,0,0,1,0,0,0,0,1,0,0,1,0,-1,0,0,0,0,0,-1,1,-1,0,0,0,0,0,0,-1,0,0,0,1,1,0,0,0,0,1,1,0,0,0,1,0,0,-1,1,0,0,-1,0,0,1,0,1,0,0
1267,-1,-1,0,0,0,0,0,0,-1,1,-1,0,-1,-1,-1,0,0,1,1,1,0,0,-1,0,0,0,0,0,-1,0,0,0,0,0,0,0,0,0,-1,1,-1,-1,0,0,0,0,0,0,1,-1,0,0,0,0,0,0,0,1,0,1,0,0,-1,0
1268,0,-1,-1,0,1,1,1,1,0,1,1,0,0,0,1,-1,0,0,0,0,0,-1,1,0,1,-1,0,1,-1,-1,-1,0,1,0,0,0,0,-1,-1,0,0,0,-1,1,0,0,0,0,0,0,-1,0,0,1,-1,-1,1,0,1,0,1,0,0,-1
1269,1,0,0,0,0,0,-1,-1,0,-1,0,-1,0,0,-1,1,0,-1,1,0,0,-1,1,0,0,0,1,0,0,0,0,-1,0,0,0,-1,0,-1,-1,0,0,0,-1,-1,0,-1,-1,0,1,-1,0,0,0,0,0,0,-1,0,-1,0,0,0,0,0
1270,0,0,0,0,-1,-1,-1,0,0,-1,0,-1,-1,0,0,1,0,0,1,0,0,1,0,1,0,-1,-1,0,0,0,0,0,1,0,0,0,0,0,-1,1,-1,-1,0,-1,1,0,1,-1,0,0,0,0,-1,0,-1,0,0,-1,0,0,0,-1,0,-1
1271,1,0,0,1,0,0,0,0,0,0,-1,0,-1,0,-1,1,1,0,-1,0,1,0,0,1,0,0,1,0,1,0,0,0,0,0,0,-1,0,0,-1,0,1,0,-1,-1,-1,1,0,0,0,0,0,1,0,0,0,0,0,1,1,0,0,0,-1,1
1272,0,0,0,0,0,-1,0,0,0,0,0,-1,0,0,-1,-1,0,0,1,-1,0,0,0,0,0,0,0,0,0,0,0,0,0,0,0,1,-1,-1,0,1,1,-1,0,0,-1,1,0,0,0,0,0,0,1,0,0,0,0,0,0,0,-1,0,1,0
1273,-1,0,0,0,0,0,0,0,1,0,-1,-1,0,0,0,0,1,0,0,1,-1,0,0,1,0,0,0,0,0,0,-1,1,0,-1,0,-1,0,0,0,0,0,0,0,-1,1,0,0,-1,-1,1,1,-1,0,0,0,0,0,-1,0,1,-1,0,0,0
1274,1,1,0,0,0,0,-1,0,0,1,0,0,1,0,1,0,-1,0,0,-1,1,1,0,0,0,-1,1,0,-1,0,1,1,0,-1,0,1,-1,0,-1,1,0,0,0,0,-1,0,-1,0,-1,0,-1,0,0,0,0,-1,0,0,0,0,0,0,0,0
1275,-1,0,0,0,0,-1,1,-1,-1,0,-1,-1,0,0,-1,0,0,0,0,0,1,-1,-1,0,0,0,-1,0,1,1,0,0,1,0,1,-1,0,0,0,-1,1,0,1,-1,0,0,-1,0,0,-1,0,0,0,0,0,-1,0,0,-1,0,0,-1,1,-1
1276,0,-1,1,1,0,0,0,-1,0,0,0,0,0,-1,0,0,-1,1,1,-1,1,0,0,1,0,0,0,0,0,1,0,1,0,0,0,1,-1,0,0,0,0,-1,0,0,-1,0,0,0,-1,0,0,0,0,0,0,0,0,0,-1,0,0,0,0,0
1277,0,0,0,1,0,1,0,0,0,0,0,-1,0,0,1,0,0,0,0,-1,0,1,0,0,0,0,0,0,1,0,0,0,0,1,-1,0,1,1,0,0,0,0,0,1,1,-1,0,-1,0,1,0,-1,1,1,0,0,1,0,-1,1,0,0,0,0
1278,-1,0,0,0,0,1,0,0,0,-1,0,0,0,0,0,0,-1,0,-1,1,1,-1,1,1,0,-1,0,1,-1,0,0,0,0,0,0,-1,-1,1,0,0,0,0,0,-1,0,0,1,0,0,0,0,0,0,1,-1,0,1,0,-1,0,0,1,-1,0
1279,-1,0,0,0,-1,0,0,1,0,0,0,0,0,0,0,0,0,1,1,0,0,0,0,0,0,0,0,-1,0,-1,1,0,1,-1,-1,0,0,0,1,-1,0,1,0,0,1,0,0,0,-1,0,-1,0,0,1,0,1,-1,0,0,0,0,0,0,0
1280,0,-1,0,-1,0,1,1,0,0,0,1,0,0,0,0,0,0,0,0,0,0,0,0,0,0,1,1,0,-1,-1,0,-1,0,0,-1,0,0,0,0,1,1,0,0,0,1,0,0,-1,0,1,0,0,0,-1,0,0,1,-1,0,0,0,-1,0,0
1281,0,-1,0,-1,-1,0,0,0,0,0,0,0,1,0,1,-1,1,0,1,-1,0,-1,0,1,0,-1,0,0,-1,0,1,1,0,0,1,-1,-1,0,-1,0,0,1,0,-1,0,1,0,0,0,0,0,0,1,1,1,0,1,0,0,-1,-1,0,0,0
1282,0,1,0,0,0,-1,0,0,0,1,1,-1,0,1,0,0,0,0,0,0,0,0,0,0,0,-1,0,1,-1,0,1,-1,0,0,0,0,0,0,0,0,0,0,0,0,0,0,0,-1,0,-1,-1,-1,0,1,-1,0,1,0,0,1,0,0,1,0
1283,0,0,0,0,0,0,1,1,0,0,0,0,-1,-1,0,-1,0,0,-1,0,1,-1,0,0,0,0,1,0,0,1,1,0,0,-1,0,0,1,0,1,0,0,-1,1,1,-1,0,0,0,0,0,-1,0,0,0,0,-1,0,1,0,0,-1,-1,0,0
1284,0,-1,0,1,0,0,0,0,0,0,0,1,0,0,1,0,0,1,-1,-1,0,0,0,1,1,0,-1,0,1,0,0,0,-1,0,1,0,-1,-1,-1,0,0,-1,-1,-1,1,1,0,-1,1,-1,-1,0,0,0,0,0,0,0,-1,-1,0,-1,0,0
1285,1,0,0,0,1,-1,0,1,-1,0,0,0,0,0,0,1,1,0,-1,-1,-1,-1,0,0,0,-1,-1,1,0,0,1,1,0,0,1,0,0,0,-1,1,-1,0,-1,0,1,-1,0,0,0,0,0,0,0,0,0,0,0,0,0,0,0,0,-1,1
1286,0,0,1,-1,0,-1,1,0,0,0,0,0,-1,0,0,1,1,1,0,-1,-1,0,0,0,0,0,0,0,0,-1,0,-1,1,0,0,0,0,-1,0,0,1,0,1,0,-1,0,0,1,-1,0,0,0,0,0,-1,-1,0,0,0,0,0,0,0,1
1287,-1,1,0,0,0,-1,-1,0,0,0,1,0,0,-1,0,0,0,-1,0,0,-1,0,1,0,0,-1,-1,0,0,1,0,0,0,0,1,0,0,0,1,0,0,-1,1,-1,1,-1,1,0,0,0,0,-1,0,0,0,-1,0,0,0,0,-1,-1,0,0
1288,0,-1,-1,0,0,0,-1,0,1,0,0,-1,0,0,0,-1,0,0,0,1,0,0,0,0,0,0,0,0,0,0,0,1,0,-1,0,0,1,0,0,0,0,0,1,0,0,0,1,0,0,0,0,0,1,-1,1,0,-1,0,0,0,0,0,0,-1
1289,0,0,-1,-1,0,0,1,1,1,0,0,0,0,-1,0,-1,1,0,0,0,0,-1,0,0,0,-1,1,0,-1,0,0,0,0,0,0,0,0,0,0,0,0,0,0,0,0,0,0,0,0,1,1,0,-1,0,-1,0,0,0,0,0,-1,0,1,0
1290,0,0,0,0,1,0,0,-1,-1,-1,0,1,0,0,1,0,0,-1,0,0,0,0,0,0,1,0,0,0,0,0,0,0,-1,1,0,0,0,-1,-1,1,0,1,0,0,-1,0,1,0,-1,1,1,0,0,0,0,1,0,0,0,0,1,0,1,0
1291,0,0,0,0,0,0,0,0,0,1,0,0,0,0,-1,0,-1,1,0,0,0,0,0,0,0,0,1,0,0,0,0,0,0,0,0,0,0,1,0,0,0,-1,-1,0,0,0,0,0,0,0,0,1,0,-1,0,0,0,0,0,1,0,0,0,0
1292,0,1,0,-1,0,1,0,0,1,0,-1,0,-1,-1,-1,0,0,0,0,1,1,0,0,0,-1,0,0,0,0,0,-1,1,0,0,1,1,-1,0,0,0,-1,-1,0,1,-1,0,-1,0,1,0,1,0,0,0,0,0,0,0,0,0,0,-1,0,0
1293,0,0,0,0,0,0,0,0,0,1,-1,0,0,1,0,0,0,-1,0,0,0,-1,1,0,-1,0,0,0,0,0,0,1,1,0,0,0,0,1,1,0,-1,0,-1,0,0,0,0,-1,0,0,0,0,-1,0,0,0,-1,1,1,-1,1,0,-1,0
1294,0,-1,0,0,0,0,0,0,0,0,0,0,-1,1,0,0,0,0,0,0,0,0,-1,-1,0,0,0,1,0,1,0,1,0,0,1,0,0,0,-1,0,1,-1,0,1,0,1,0,0,1,0,1,0,1,1,1,0,0,0,0,0,0,-1,-1,0
1295,0,0,0,-1,0,-1,0,1,0,0,1,0,0,0,0,0,0,0,0,0,0,0,0,0,-1,-1,0,0,1,0,-1,1,0,0,0,0,0,0,0,1,0,1,0,1,0,0,-1,0,0,-1,0,0,0,0,1,0,0,0,1,0,1,0,0,0
1296,0,-1,1,0,1,0,0,0,0,0,0,1,0,0,0,-1,0,0,0,0,0,0,1,1,1,1,0,0,-1,1,1,1,0,-1,0,0,0,0,0,0,-1,1,0,-1,-1,1,0,0,0,0,0,1,1,0,1,0,1,0,0,0,-1,-1,0,0
1297,1,0,0,0,0,1,0,-1,0,-1,1,0,0,-1,0,0,0,0,-1,0,0,-1,0,-1,-1,0,1,0,0,0,0,0,-1,0,0,-1,1,0,-1,0,0,0,0,-1,0,1,0,-1,0,0,0,0,0,-1,0,0,0,1,0,-1,-1,0,0,0
1298,-1,0,0,1,0,0,0,0,0,0,-1,0,1,0,1,-1,0,0,0,0,0,1,0,1,-1,-1,0,0,1,0,0,0,0,0,0,0,-1,0,0,-1,0,0,0,1,0,0,0,1,0,0,0,-1,0,0,0,0,1,0,0,0,0,0,0,1
1299,1,0,0,0,1,1,1,0,0,-1,0,0,0,0,0,0,0,0,-1,0,-1,0,0,0,1,0,1,0,0,1,0,0,1,1,0,1,0,-1,1,-1,0,0,0,0,0,1,0,1,-1,0,0,-1,-1,-1,0,0,0,0,-1,-1,0,0,0,-1
1300,0,0,0,1,0,0,0,0,0,-1,0,1,1,0,1,0,0,-1,0,-1,1,1,0,0,0,-1,0,1,1,1,0,-1,0,0,0,-1,0,0,0,1,1,0,0,0,0,0,0,1,0,0,-1,-1,0,-1,0,0,1,1,-1,-1,0,0,0,0
1301,0,0,1,0,0,0,0,0,0,1,0,0,0,1,-1,0,-1,0,0,0,0,0,0,1,1,-1,0,0,0,0,0,0,0,-1,-1,0,1,-1,1,0,0,0,-1,0,0,0,0,0,0,1,0,0,0,1,0,0,0,-1,-1,0,1,-1,0,0
1302,0,0,0,1,0,0,-1,0,-1,1,0,0,0,-1,0,0,-1,-1,1,1,-1,1,-1,0,0,0,0,1,0,0,1,-1,0,-1,0,0,0,0,-1,0,0,0,0,0,0,1,-1,1,0,1,0,0,0,0,0,-1,0,0,0,0,0,-1,-1,0
1303,0,0,0,0,1,0,0,0,0,0,0,1,-1,0,1,0,1,0,1,0,0,1,0,-1,0,0,0,0,0,0,0,1,0,0,0,0,-1,0,0,0,1,0,0,0,0,1,0,-1,1,0,0,1,-1,0,-1,0,1,1,1,1,0,-1,0,-1
1304,0,0,0,-1,-1,0,1,0,0,1,0,0,0,0,0,0,0,0,0,0,0,0,-1,1,-1,0,0,0,1,0,0,1,1,0,1,0,0,0,0,0,0,0,-1,-1,1,-1,-1,1,0,0,0,1,0,0,0,-1,0,1,0,1,0,0,0,1
1305,0,0,0,0,1,1,0,1,0,1,0,0,0,0,0,0,0,1,0,0,1,0,1,0,0,1,-1,1,1,0,0,-1,0,0,0,0,0,1,0,1,-1,-1,-1,-1,0,0,-1,0,0,0,-1,0,-1,0,1,1,0,0,0,0,1,0,1,0
1306,0,0,1,0,0,0,0,0,0,1,0,0,0,-1,-1,0,0,-1,1,0,0,0,1,-1,0,0,0,-1,0,0,1,0,0,0,0,-1,0,0,1,0,0,0,0,0,0,0,0,0,0,1,0,-1,-1,0,0,-1,0,0,0,-1,0,-1,0,1
1307,0,0,0,0,0,1,-1,0,0,0,0,1,0,1,1,-1,0,0,0,0,0,-1,1,0,0,0,0,-1,0,1,0,0,-1,0,-1,-1,0,0,0,0,0,0,1,-1,-1,0,-1,1,0,1,0,1,1,1,0,-1,0,0,0,0,-1,-1,0,0
1308,0,0,0,0,1,0,-1,0,0,0,1,1,0,-1,0,-1,1,0,1,0,0,0,0,0,0,0,0,0,-1,0,0,0,1,0,0,-1,-1,-1,0,0,-1,0,1,0,0,0,0,0,1,0,0,0,-1,0,-1,0,0,0,0,0,0,1,0,-1
1309,-1,0,-1,1,0,0,0,0,-1,1,-1,0,0,0,0,-1,1,0,1,0,-1,0,0,0,1,0,0,0,1,0,0,0,1,-1,-1,-1,0,0,0,0,0,-1,-1,-1,0,0,0,1,0,0,0,0,-1,-1,1,0,1,0,0,0,0,0,-1,0
1310,0,-1,-1,0,0,-1,0,-1,0,-1,-1,1,-1,-1,0,0,1,0,0,1,1,0,0,0,1,0,1,-1,0,0,0,0,-1,0,1,-1,0,0,0,0,0,0,-1,-1,0,0,-1,0,0,-1,-1,0,0,0,0,0,0,1,1,-1,1,0,0,1
1311,0,0,0,0,0,0,0,1,1,0,0,0,0,-1,0,0,1,0,1,0,1,1,-1,0,1,0,1,-1,1,0,0,1,0,1,0,0,0,0,0,0,-1,0,1,0,0,0,0,-1,0,0,0,0,0,0,0,0,0,0,0,0,0,-1,0,1
1312,0,0,0,1,0,1,0,-1,-1,0,0,0,-1,0,0,0,0,0,0,-1,-1,0,-1,0,0,1,1,0,0,0,0,0,0,1,1,0,0,-1,0,0,0,0,-1,0,0,0,0,0,0,0,1,1,0,0,0,-1,0,0,1,0,0,0,1,-1
1313,0,-1,0,-1,-1,0,0,0,-1,1,1,0,-1,0,0,1,1,-1,0,-1,0,0,0,-1,0,0,1,0,1,1,-1,0,0,1,0,0,0,1,0,0,0,0,0,1,-1,0,1,0,1,0,0,-1,0,0,1,0,-1,0,1,-1,0,-1,0,0
1314,0,0,0,0,0,-1,-1,1,-1,0,1,1,0,-1,-1,1,-1,0,0,0,0,-1,0,0,0,0,0,-1,0,1,0,0,0,0,1,-1,0,1,0,0,0,0,0,0,1,0,0,-1,0,0,0,-1,0,0,0,0,0,0,-1,-1,-1,0,0,0
1315,-1,-1,0,-1,0,1,0,0,0,0,0,1,0,0,0,1,0,-1,0,0,0,0,0,0,0,1,0,0,0,0,1,-1,0,-1,-1,0,1,0,0,1,0,1,-1,-1,0,1,0,1,0,-1,0,1,0,1,-1,0,0,1,0,1,0,0,0,1
1316,0,-1,0,-1,0,0,0,0,-1,0,0,0,0,1,0,1,1,-1,-1,1,0,0,0,1,0,0,1,1,0,0,-1,0,-1,0,0,0,-1,0,-1,0,0,0,0,0,0,1,0,0,0,0,0,0,1,-1,0,0,0,-1,1,0,0,0,-1,1
1317,0,0,0,0,0,0,1,0,-1,-1,0,0,0,0,0,-1,0,0,0,1,-1,0,0,0,0,-1,-1,1,1,0,0,0,0,1,0,0,-1,-1,-1,1,1,-1,1,0,0,0,0,-1,-1,0,1,0,0,0,1,1,1,-1,0,0,0,1,0,-1
1318,0,0,0,-1,0,0,0,1,0,0,0,-1,0,0,0,0,1,1,-1,0,1,0,0,-1,-1,0,1,1,0,0,1,0,1,0,1,0,1,0,-1,0,0,0,0,0,0,0,-1,1,0,1,1,0,0,0,0,1,0,0,-1,0,1,1,0,0
1319,0,0,0,-1,1,0,0,0,0,0,0,0,0,0,-1,0,0,0,0,0,0,1,0,1,1,1,0,1,0,0,0,0,0,0,0,-1,0,0,0,0,-1,0,-1,0,-1,0,0,0,1,-1,0,0,1,0,0,0,1,0,0,1,1,0,0,1
1320,-1,0,0,0,1,0,0,0,0,0,0,0,-1,0,0,-1,0,-1,0,0,1,0,0,0,0,0,0,-1,-1,0,0,-1,0,0,-1,0,0,1,0,1,0,0,0,1,0,0,1,1,-1,1,-1,0,0,0,-1,0,-1,0,0,0,0,0,0,0
1321,1,0,-1,-1,1,1,-1,1,0,0,0,0,0,0,0,0,0,1,0,-1,0,1,0,0,0,0,1,0,-1,0,0,0,1,0,0,0,0,0,1,0,0,0,0,0,0,0,1,0,1,-1,-1,0,-1,0,0,-1,0,0,0,-1,0,-1,0,0
1322,1,-1,0,1,0,0,0,0,0,0,0,0,0,0,-1,0,0,0,-1,0,0,0,1,0,1,1,0,0,0,0,0,0,0,0,0,0,1,0,0,-1,0,0,0,0,0,-1,0,0,0,0,1,0,0,0,0,0,0,-1,0,0,1,0,1,0
1323,1,0,0,0,0,0,0,0,0,0,0,0,0,-1,0,0,-1,0,0,0,0,-1,0,0,0,0,0,1,0,0,0,0,0,0,1,0,-1,0,0,-1,0,-1,-1,0,1,0,1,-1,0,-1,0,-1,0,1,0,0,0,0,0,-1,1,0,-1,0
1324,0,0,-1,0,0,0,0,1,0,0,0,1,-1,0,1,0,0,0,1,1,1,0,1,0,0,-1,1,0,0,0,-1,0,0,0,0,0,1,0,1,0,0,1,0,-1,0,0,0,0,0,1,0,1,1,0,0,-1,0,0,1,0,0,1,0,0
1325,1,1,0,0,0,0,1,0,0,-1,0,0,0,-1,-1,-1,0,0,-1,0,1,0,0,1,0,1,1,1,1,0,-1,0,-1,0,0,-1,0,0,1,0,0,0,1,1,1,0,1,0,1,0,0,1,0,0,0,1,0,0,0,0,0,0,1,-1
1326,-1,0,0,0,0,0,0,0,0,0,0,0,-1,0,0,0,-1,1,0,0,0,0,0,0,0,0,0,1,0,1,0,-1,0,1,0,0,0,0,0,0,0,0,0,0,0,0,0,0,0,-1,0,1,0,0,0,0,0,0,0,0,0,0,0,0
1327,-1,0,1,1,-1,-1,0,-1,0,1,0,0,0,0,1,0,0,0,0,0,0,1,0,1,1,0,0,0,0,-1,0,0,1,0,0,-1,0,0,0,0,0,0,0,0,0,0,-1,0,1,1,0,0,-1,1,0,0,1,0,-1,1,-1,1,0,0
1328,-1,1,0,1,0,-1,-1,0,0,1,0,0,0,0,1,0,0,0,1,0,0,0,1,0,1,1,0,0,0,1,0,0,0,0,-1,-1,1,0,0,0,1,1,0,0,0,0,0,0,0,1,0,0,1,1,-1,0,0,0,0,0,-1,0,-1,-1
1329,0,0,0,0,1,-1,0,0,0,0,-1,0,0,0,0,1,1,0,0,-1,1,0,0,1,-1,0,1,0,0,1,1,0,0,1,0,0,1,0,-1,0,0,0,0,0,0,0,0,0,0,0,-1,0,0,0,0,1,0,0,0,-1,0,-1,-1,0
1330,-1,-1,0,0,0,-1,0,1,1,-1,0,0,0,0,-1,0,1,1,0,-1,0,0,0,0,-1,0,0,0,0,0,0,0,-1,1,0,0,1,1,0,-1,0,0,0,-1,-1,0,0,0,1,0,-1,0,0,0,0,0,0,0,0,0,1,0,0,-1
1331,-1,0,0,0,0,0,0,0,0,-1,0,-1,0,0,0,0,0,0,0,0,0,0,-1,-1,0,0,0,0,0,0,0,0,1,0,1,-1,1,0,0,1,1,-1,-1,0,-1,1,0,-1,0,0,1,-1,-1,-1,0,0,0,0,0,0,1,1,0,0
1332,-1,0,-1,0,-1,0,0,-1,0,-1,0,0,0,0,0,0,0,0,1,0,0,1,0,1,1,0,1,1,0,0,0,1,-1,0,0,1,0,1,-1,0,0,0,1,-1,0,0,1,1,1,-1,-1,0,0,0,-1,-1,0,0,1,1,0,0,1,0
1333,1,1,-1,0,0,0,0,0,0,0,0,0,0,1,0,0,0,1,1,1,0,0,1,-1,-1,0,0,0,0,0,0,0,-1,0,-1,1,0,-1,0,-1,0,0,0,0,1,-1,0,0,0,0,-1,-1,0,0,1,0,0,0,0,1,0,0,0,0
1334,0,0,0,0,0,0,0,-1,0,-1,0,0,-1,-1,1,0,0,0,0,0,0,-1,1,0,1,0,-1,1,-1,0,-1,1,0,-1,0,0,1,0,-1,0,-1,-1,0,1,0,-1,-1,0,0,-1,0,0,1,0,0,0,0,-1,-1,0,-1,1,1,0
1335,-1,-1,0,-1,0,-1,0,0,0,-1,0,0,-1,-1,1,1,-1,0,0,-1,0,0,0,0,0,0,-1,1,0,0,0,-1,-1,0,0,0,-1,0,1,0,0,0,-1,0,0,0,0,-1,0,0,0,0,0,0,0,0,0,0,0,0,0,0,0,0
1336,0,0,0,-1,0,-1,0,0,0,1,0,0,0,-1,0,0,0,0,0,0,0,-1,0,0,0,0,0,0,-1,0,-1,0,-1,0,-1,0,1,0,0,1,0,1,1,-1,0,1,0,0,0,0,1,-1,0,0,0,-1,0,0,0,0,0,0,0,0
1337,0,0,0,0,1,0,-1,-1,1,0,1,-1,0,-1,0,-1,0,1,0,0,0,0,0,0,0,0,0,0,0,0,0,0,0,0,0,0,0,0,1,1,0,0,0,0,0,0,0,0,-1,1,0,0,0,0,0,0,0,0,1,0,0,1,0,0
1338,0,1,-1,0,1,0,0,-1,0,-1,0,-1,-1,0,0,0,0,0,0,0,1,0,0,1,0,0,0,0,0,0,0,1,0,0,0,0,0,0,-1,-1,-1,-1,-1,0,0,0,0,0,0,-1,0,-1,0,0,0,0,1,0,0,0,-1,-1,1,-1
1339,-1,0,0,0,-1,1,0,0,1,1,1,0,-1,0,-1,0,0,0,0,1,0,0,1,1,0,0,-1,0,-1,0,0,0,0,-1,-1,0,-1,1,-1,1,0,1,-1,0,0,1,1,-1,0,0,1,0,0,0,0,0,0,-1,0,0,0,1,-1,1
1340,0,0,0,1,1,0,0,1,0,0,1,0,0,0,1,0,0,0,0,0,0,0,0,1,0,0,-1,1,0,1,0,0,0,0,1,0,-1,0,1,0,0,0,0,0,0,0,0,0,0,-1,0,0,0,0,1,-1,0,-1,0,0,0,1,0,0
1341,-1,0,1,0,-1,0,0,0,1,0,-1,0,0,0,-1,0,0,0,-1,0,0,0,0,-1,0,0,0,0,-1,1,0,-1,0,0,0,-1,0,0,0,0,0,0,0,0,0,0,0,0,0,0,-1,0,0,1,1,-1,0,0,-1,0,0,0,0,-1
1342,0,0,0,0,0,1,-1,0,0,0,0,1,0,1,0,0,-1,0,0,-1,0,0,-1,-1,0,0,0,0,-1,0,0,0,0,0,0,-1,0,0,0,-1,-1,0,1,-1,0,1,1,-1,1,0,-1,0,0,0,1,0,-1,0,0,-1,1,0,0,0
1343,0,0,-1,0,0,0,0,0,0,0,0,0,0,1,0,0,0,0,0,0,0,0,0,0,1,0,0,0,0,0,0,0,0,0,1,1,0,-1,0,0,-1,1,0,0,0,0,-1,1,0,-1,0,0,0,1,0,-1,0,0,0,-1,1,0,0,0
1344,0,-1,1,1,0,0,-1,0,0,0,-1,0,1,1,0,-1,0,0,0,-1,1,1,0,0,0,1,0,0,-1,0,1,0,-1,1,-1,0,0,1,0,1,0,0,0,1,0,0,-1,-1,1,1,0,1,0,0,0,0,0,1,0,0,0,-1,0,0
1345,0,0,0,-1,0,-1,0,1,-1,1,-1,0,1,0,1,0,0,0,-1,1,1,1,1,-1,1,0,1,1,1,-1,0,0,0,-1,0,0,0,0,0,1,1,1,0,1,1,-1,0,-1,0,0,1,0,1,-1,0,0,0,0,-1,1,0,0,0,0
1346,-1,0,0,0,0,0,-1,0,0,-1,0,1,0,0,1,0,0,0,0,-1,0,-1,1,0,0,0,0,0,0,0,0,0,1,-1,-1,0,1,0,-1,-1,-1,0,1,0,0,1,0,-1,0,0,-1,0,1,0,0,0,0,0,0,0,-1,0,0,0
1347,0,0,0,0,0,0,-1,1,-1,0,0,1,0,0,0,-1,0,0,1,0,0,-1,0,0,0,0,0,1,0,0,0,-1,0,1,-1,1,1,0,0,-1,0,0,0,0,0,0,0,0,1,0,-1,0,0,-1,1,0,-1,-1,0,0,-1,0,0,0
1348,0,0,0,1,-1,-1,0,0,-1,-1,0,-1,-1,0,0,0,0,-1,0,0,-1,1,0,0,-1,0,1,0,0,-1,0,0,0,1,0,0,1,0,0,0,0,0,-1,0,0,1,0,0,1,-1,1,0,0,0,0,0,-1,0,0,0,0,-1,0,0
1349,0,0,0,0,0,0,-1,0,0,1,1,0,0,1,-1,0,0,0,0,1,0,0,0,-1,-1,0,0,1,0,1,-1,0,0,0,0,0,-1,0,-1,0,-1,1,-1,0,-1,0,0,0,0,0,1,0,0,0,0,0,0,0,0,0,1,0,1,0
1350,0,-1,-1,0,1,0,1,0,0,1,1,0,-1,0,-1,1,-1,0,0,0,0,0,1,-1,0,0,0,0,0,0,0,0,1,0,0,1,0,0,-1,0,1,1,0,0,0,0,0,1,1,0,1,0,0,0,0,1,-1,0,0,0,1,1,1,0
1351,0,0,1,0,0,-1,0,0,0,0,0,0,0,0,0,0,0,0,0,0,0,0,-1,-1,0,0,1,0,1,0,1,1,-1,1,1,0,1,0,0,0,0,0,-1,0,-1,0,0,0,-1,0,0,0,-1,0,0,1,-1,0,0,0,0,0,0,0
1352,0,0,-1,0,0,-1,0,0,0,0,-1,-1,1,0,1,0,0,0,1,0,-1,0,0,0,1,1,1,1,1,-1,0,1,0,0,1,0,0,1,-1,1,0,-1,0,0,0,1,0,0,0,-1,1,1,1,1,0,0,0,0,0,0,0,0,-1,0
1353,0,0,0,0,0,0,0,0,0,0,0,0,0,0,-1,0,0,0,0,0,0,0,0,0,0,-1,0,-1,0,1,-1,0,0,0,1,0,0,-1,-1,0,1,0,0,0,1,0,0,0,0,1,0,0,1,0,-1,0,0,0,0,0,1,1,0,0
1354,0,1,0,-1,0,0,0,0,1,0,0,0,-1,0,0,0,1,1,-1,0,1,0,0,0,0,-1,0,0,0,0,0,0,0,0,0,0,0,0,0,0,0,-1,1,0,0,0,0,-1,0,0,0,0,0,1,0,0,1,0,1,0,0,0,0,0
1355,0,0,0,0,1,0,0,0,1,0,1,0,0,-1,0,0,-1,1,0,0,-1,0,0,0,0,-1,-1,0,0,0,0,0,0,1,0,0,0,-1,0,-1,-1,1,1,0,1,0,1,1,-1,-1,1,0,0,0,0,1,1,0,0,0,0,0,0,1
1356,0,0,0,0,0,-1,0,1,-1,0,1,0,-1,0,0,1,0,-1,1,-1,0,-1,-1,0,0,1,0,-1,0,0,0,1,0,0,0,0,1,0,1,0,0,0,1,1,0,1,0,0,-1,0,0,0,-1,1,0,-1,-1,1,-1,-1,-1,0,0,0
1357,1,1,0,1,1,0,1,0,-1,-1,0,0,0,0,-1,0,1,0,1,-1,0,0,0,0,0,1,0,0,-1,0,0,-1,0,0,1,0,1,0,0,0,-1,0,1,0,0,-1,-1,0,0,0,-1,0,-1,0,0,0,1,0,0,-1,0,-1,1,0
1358,0,1,0,0,1,-1,0,0,-1,-1,0,0,0,0,0,0,-1,0,0,0,0,0,0,0,-1,-1,-1,0,1,0,0,0,0,0,0,-1,0,0,0,1,0,0,-1,0,0,0,0,0,0,0,0,0,0,1,0,0,0,-1,0,0,1,1,-1,1
1359,0,1,1,0,1,1,0,0,0,-1,0,0,-1,0,-1,0,0,0,0,0,1,0,0,0,0,0,-1,0,-1,0,-1,0,-1,0,0,0,0,0,1,1,1,0,1,0,0,0,-1,0,0,0,0,0,0,1,0,-1,0,-1,0,-1,0,1,0,0
1360,-1,1,0,1,-1,0,0,0,0,-1,-1,-1,0,0,-1,0,1,1,0,1,0,-1,0,0,0,0,0,-1,0,0,0,1,-1,-1,0,0,-1,0,-1,0,0,0,0,1,0,0,1,0,0,0,0,0,-1,0,0,0,-1,0,0,-1,0,0,-1,-1
1361,0,1,0,0,0,1,-1,1,0,-1,0,-1,0,-1,0,0,-1,0,0,0,0,0,0,-1,0,1,0,0,0,0,0,0,0,0,1,0,0,0,0,0,1,0,0,1,1,0,0,0,0,0,0,0,-1,0,0,0,0,0,-1,1,0,0,0,0
1362,0,0,0,1,0,1,0,0,0,0,0,0,0,0,0,0,-1,1,0,0,0,0,-1,0,0,1,0,0,0,0,0,0,-1,0,0,1,0,0,0,1,-1,1,0,0,0,0,0,0,0,0,-1,0,0,0,0,-1,1,0,0,0,-1,0,0,1
1363,0,0,1,0,0,0,0,1,1,0,0,0,0,0,0,0,0,0,0,0,0,-1,-1,0,-1,1,0,0,0,0,0,1,0,0,1,0,0,0,-1,0,0,1,0,1,0,1,1,1,0,-1,-1,-1,0,1,0,0,0,0,0,0,0,0,1,1
1364,0,1,0,0,1,1,0,0,-1,0,1,0,0,0,-1,0,0,0,1,-1,-1,-1,1,1,1,0,0,0,1,-1,-1,1,0,0,0,0,0,0,-1,-1,1,0,0,0,1,0,0,0,0,0,0,1,0,1,1,0,0,0,0,-1,0,0,0,-1
1365,0,0,0,0,0,0,0,0,0,0,0,1,0,0,-1,0,0,0,0,0,0,0,0,0,-1,0,1,0,0,0,0,1,0,1,-1,0,0,1,0,-1,0,0,0,0,-1,-1,1,1,0,0,0,0,1,0,-1,0,0,-1,0,1,-1,0,0,0
1366,0,0,1,-1,0,-1,1,0,0,1,0,0,1,0,0,0,0,0,0,0,0,-1,0,0,0,0,1,0,0,0,1,0,-1,0,0,-1,-1,-1,0,0,1,0,0,0,0,0,0,1,0,1,0,0,0,1,0,-1,-1,1,0,0,0,1,0,1
1367,0,1,0,0,1,-1,1,0,0,0,0,0,-1,0,1,0,-1,0,0,-1,0,0,0,0,0,0,0,0,0,0,-1,0,1,1,0,0,-1,0,1,0,0,1,1,-1,0,0,0,0,1,0,0,0,0,0,0,-1,1,0,-1,0,0,0,0,-1
1368,1,-1,1,0,0,-1,-1,-1,0,0,0,0,0,0,0,0,1,1,0,0,1,0,0,-1,1,0,0,-1,-1,0,0,-1,1,1,1,0,0,-1,0,1,0,1,0,0,1,-1,0,0,1,1,0,-1,0,0,0,0,-1,0,-1,0,0,-1,0,0
1369,0,0,1,0,1,1,0,-1,0,0,0,-1,0,1,0,0,0,0,0,0,1,-1,0,0,1,0,0,0,0,-1,-1,0,1,-1,0,0,-1,0,0,0,-1,0,-1,0,0,0,0,-1,0,0,1,0,0,1,-1,0,0,1,1,0,0,0,0,0
1370,1,0,0,0,-1,-1,0,-1,-1,0,1,0,0,1,0,0,0,0,0,0,1,0,0,0,0,-1,0,-1,0,-1,0,0,0,0,-1,0,1,0,-1,0,-1,0,0,-1,1,1,-1,1,-1,-1,-1,0,0,1,0,0,0,0,0,0,1,0,-1,0
1371,0,1,-1,0,0,0,1,0,0,0,0,0,0,0,0,0,1,0,-1,1,1,-1,0,0,0,0,0,0,0,0,0,0,0,1,-1,-1,0,0,0,0,0,-1,0,-1,-1,1,0,0,0,0,0,0,-1,0,0,1,1,0,1,0,0,0,1,0
1372,1,-1,0,0,-1,0,0,0,1,-1,0,0,0,-1,0,0,0,-1,0,-1,0,0,0,0,1,0,0,-1,-1,0,0,0,0,0,1,-1,0,0,0,0,0,0,0,0,1,1,0,0,0,1,-1,0,0,0,0,0,1,0,1,0,0,0,0,1
1373,0,0,-1,0,-1,0,-1,1,0,1,-1,0,0,0,1,0,0,1,1,0,0,-1,0,-1,0,1,1,1,0,0,0,0,1,0,0,0,0,0,0,0,0,-1,0,0,0,-1,0,0,0,1,0,0,-1,0,0,0,0,0,0,0,0,0,0,0
1374,0,0,0,0,0,0,0,0,-1,1,0,1,0,-1,0,0,0,0,0,0,0,0,0,-1,-1,0,0,0,0,0,0,0,-1,-1,1,0,0,0,0,0,0,0,0,1,0,0,0,0,0,-1,1,0,0,1,-1,0,-1,0,-1,1,0,-1,0,0
1375,0,0,1,0,-1,-1,0,-1,0,0,0,-1,0,-1,-1,0,0,0,0,0,0,0,0,0,0,0,0,1,0,-1,1,0,0,-1,0,1,0,1,0,0,0,0,-1,0,-1,0,0,1,-1,0,1,0,-1,0,0,-1,0,-1,1,1,0,0,-1,1
1376,-1,0,0,1,0,0,1,-1,0,0,-1,0,1,1,1,-1,0,0,0,0,1,0,-1,0,-1,-1,0,1,1,0,-1,0,0,-1,0,0,0,0,-1,1,0,-1,-1,0,-1,1,0,0,1,1,0,0,0,0,0,1,0,-1,0,0,0,0,0,0
1377,0,0,0,1,0,0,1,0,1,0,0,0,0,0,0,0,-1,0,1,0,-1,0,0,1,1,0,0,0,0,0,-1,1,1,-1,0,0,0,-1,0,-1,0,0,1,0,0,0,0,0,1,-1,0,0,1,0,1,-1,0,0,0,-1,1,0,0,0
1378,-1,0,-1,0,0,-1,0,1,0,1,0,1,0,0,1,0,0,-1,0,-1,1,0,0,1,0,0,0,0,0,0,1,0,0,-1,0,-1,-1,0,0,0,0,-1,-1,0,0,-1,-1,0,-1,0,0,0,0,0,0,0,0,-1,1,0,0,0,-1,1
1379,0,0,0,0,0,0,0,0,-1,0,-1,0,0,0,0,1,0,0,-1,-1,0,0,0,0,0,0,0,0,0,0,0,1,0,1,-1,0,-1,-1,1,0,0,0,0,-1,0,0,0,0,0,0,0,0,-1,0,0,0,0,0,0,0,0,0,0,0
1380,-1,0,0,0,0,0,0,-1,0,0,-1,0,1,0,0,0,-1,0,0,0,-1,0,0,0,0,0,-1,-1,1,-1,0,0,1,0,0,1,1,0,0,0,0,-1,0,0,0,-1,1,0,0,0,0,0,0,-1,1,0,0,-1,0,0,0,1,0,-1
1381,-1,0,0,-1,0,0,0,0,0,0,0,0,0,0,1,0,-1,-1,-1,0,-1,1,0,0,0,0,-1,0,0,0,1,0,0,0,-1,0,-1,0,0,0,0,0,0,-1,0,1,0,1,-1,0,0,0,0,1,0,0,0,-1,0,0,0,-1,1,0
1382,0,-1,1,0,0,-1,0,0,1,0,-1,0,0,-1,0,1,1,1,1,0,0,0,1,0,1,0,0,1,0,0,0,0,0,0,0,1,0,0,1,0,0,0,1,0,1,0,0,0,0,0,0,1,-1,0,0,0,1,-1,1,1,-1,0,-1,0
1383,0,0,0,0,0,0,1,1,0,1,0,-1,1,1,0,0,1,0,1,0,0,0,0,1,0,-1,0,0,0,1,-1,-1,0,1,0,0,0,0,0,0,0,-1,-1,-1,0,0,0,0,0,0,0,0,0,0,0,1,1,0,1,0,0,-1,0,0
1384,0,0,0,-1,1,0,0,0,1,0,0,0,-1,-1,0,0,0,0,0,0,0,1,0,0,0,0,0,-1,0,1,1,0,0,0,1,0,1,0,1,0,1,0,0,0,0,0,1,0,0,0,0,-1,0,0,1,0,0,0,0,0,0,0,0,-1
1385,0,0,1,0,-1,0,-1,0,0,1,0,0,0,0,0,0,0,0,0,0,0,0,0,-1,0,0,0,1,0,1,0,0,0,0,0,1,1,-1,0,-1,-1,0,0,0,1,-1,0,0,0,-1,0,0,1,0,-1,0,0,-1,1,1,0,0,1,1
1386,0,0,1,0,0,1,0,1,0,0,0,0,0,0,1,0,0,0,-1,-1,1,0,0,0,0,1,0,0,0,1,0,0,0,0,-1,0,0,-1,0,0,1,0,0,-1,0,0,0,0,0,1,1,0,0,0,1,0,-1,1,0,-1,0,1,-1,0
1387,0,-1,0,0,0,0,0,0,0,0,0,0,1,1,0,0,-1,-1,0,0,0,0,0,0,0,0,0,-1,1,0,1,0,-1,0,-1,0,0,0,1,0,0,0,0,0,0,0,0,0,-1,0,0,1,0,-1,0,-1,0,0,-1,0,-1,-1,0,0
1388,0,-1,0,1,0,-1,1,0,0,0,0,0,0,1,0,-1,0,0,1,0,0,0,1,0,0,0,0,0,0,0,0,0,-1,0,0,0,-1,0,0,0,-1,0,0,0,0,0,0,1,0,0,-1,0,0,0,0,0,0,0,0,1,-1,1,0,0
1389,0,0,0,0,1,0,0,0,-1,0,0,0,0,-1,0,0,0,-1,0,-1,1,-1,0,0,0,1,-1,1,1,0,1,0,0,-1,-1,0,0,0,0,0,0,-1,0,0,0,0,1,0,-1,0,0,1,-1,0,0,0,0,0,0,0,0,-1,0,0
1390,0,1,0,-1,0,0,0,-1,0,0,1,0,0,0,0,0,0,-1,1,0,1,-1,0,1,-1,0,0,0,0,0,0,0,-1,1,0,0,1,1,0,0,1,1,0,0,0,0,-1,0,0,0,0,-1,-1,0,1,-1,0,0,0,-1,0,0,0,0
1391,0,0,0,0,0,0,0,-1,0,0,0,1,0,1,0,0,0,0,0,-1,0,-1,-1,0,0,0,0,0,0,1,1,0,0,1,1,0,0,0,0,0,-1,0,1,0,1,0,1,0,0,0,0,0,0,-1,1,0,0,0,0,0,0,0,0,1
1392,0,0,0,1,0,0,0,1,0,-1,0,0,-1,1,0,0,0,0,0,0,-1,0,-1,0,0,0,-1,1,0,-1,0,1,0,0,1,0,0,-1,1,0,0,0,0,0,0,0,0,0,0,0,-1,0,0,0,-1,0,0,0,0,0,1,-1,0,1
1393,0,0,1,-1,-1,1,0,0,1,0,0,0,0,0,0,-1,0,0,1,-1,-1,1,0,0,0,0,0,1,-1,0,0,0,0,0,0,0,0,-1,0,0,0,1,1,-1,0,0,0,1,1,1,0,0,1,1,-1,0,0,0,0,0,0,0,0,-1
1394,-1,0,0,0,0,0,0,0,0,0,0,0,0,0,-1,0,0,-1,0,1,-1,0,0,0,1,0,0,1,0,0,1,0,0,-1,0,0,1,0,0,0,0,0,0,0,0,0,0,0,1,0,0,0,0,0,0,1,0,0,0,1,0,0,0,0
1395,-1,1,0,0,0,0,-1,1,0,-1,-1,-1,0,-1,0,0,0,0,0,-1,0,0,0,0,0,0,0,0,0,-1,0,1,0,0,0,0,-1,0,0,1,1,0,1,0,-1,0,-1,0,0,0,0,0,0,0,0,0,1,0,0,0,0,0,1,0
1396,0,0,0,0,0,1,0,0,0,1,0,0,0,0,0,0,0,0,0,-1,0,1,-1,0,0,0,0,-1,-1,0,0,0,-1,0,0,1,0,0,0,0,0,1,0,0,0,0,-1,0,0,1,0,0,0,1,0,0,1,0,0,0,0,0,0,-1
1397,1,0,-1,0,0,0,0,0,1,0,0,1,0,0,0,-1,1,-1,0,0,-1,1,0,-1,0,0,0,0,0,0,0,0,0,0,-1,0,0,0,1,0,0,-1,0,1,-1,1,-1,0,0,0,0,-1,1,0,0,0,-1,0,0,0,0,0,0,0
1398,1,0,1,0,1,-1,0,0,1,0,0,0,-1,0,0,0,1,0,-1,1,0,1,0,0,0,-1,1,0,0,0,1,0,1,0,0,0,-1,0,0,0,1,0,0,0,-1,1,0,0,0,0,1,0,0,0,0,0,-1,0,-1,0,0,0,0,0
1399,0,-1,0,0,0,0,0,0,0,-1,0,-1,1,0,0,-1,0,0,0,0,0,1,1,0,0,0,0,1,0,0,0,0,0,0,-1,0,0,0,0,1,0,0,0,0,0,-1,-1,0,1,0,0,0,1,0,0,0,1,0,1,0,1,0,0,0
1400,0,-1,0,0,0,0,1,0,0,1,1,0,0,1,-1,0,0,1,0,0,1,0,0,-1,0,0,0,0,1,0,0,0,-1,0,0,-1,-1,0,0,0,0,0,1,0,1,-1,1,0,0,0,0,0,1,-1,-1,0,-1,0,0,0,0,0,1,0
1401,1,0,0,0,1,1,0,1,0,1,0,0,-1,-1,-1,0,-1,-1,0,0,0,-1,0,0,0,0,0,0,0,0,0,0,1,0,-1,0,0,0,0,0,0,0,0,0,-1,-1,0,-1,1,0,0,0,0,0,1,0,0,0,0,-1,0,0,0,0
1402,1,0,-1,1,0,1,0,-1,1,1,0,0,0,0,0,0,0,0,0,0,0,1,0,-1,1,0,1,0,0,0,-1,0,0,-1,-1,0,0,1,0,0,-1,-1,0,0,1,1,0,-1,0,-1,0,1,0,0,-1,0,0,0,0,1,0,0,-1,1
1403,0,0,0,1,0,0,0,0,0,1,0,0,-1,0,1,0,-1,0,0,0,0,0,-1,-1,0,0,0,1,0,0,0,0,1,0,0,1,0,0,0,0,0,0,-1,0,0,0,0,0,0,0,0,1,1,0,0,0,0,-1,0,0,0,1,0,0
1404,0,-1,0,1,-1,0,1,1,0,-1,0,0,0,1,-1,-1,0,0,0,1,1,0,0,-1,0,-1,0,0,0,0,1,0,1,1,1,-1,-1,1,0,0,0,0,0,-1,-1,0,-1,1,-1,0,1,0,1,0,0,0,0,-1,0,0,0,0,-1,1
1405,-1,0,0,0,0,0,0,0,1,0,1,1,-1,0,0,-1,0,0,0,1,-1,0,-1,0,0,0,0,-1,0,1,0,1,1,0,-1,0,-1,-1,0,-1,0,0,0,0,0,0,0,0,0,1,1,1,0,-1,-1,0,0,0,0,0,-1,0,0,1
1406,1,-1,0,0,1,0,1,0,1,-1,1,0,0,0,0,0,-1,0,0,-1,0,0,0,0,1,0,0,0,-1,0,0,0,0,-1,-1,0,0,0,0,0,1,0,-1,0,1,0,0,1,0,1,0,-1,0,0,0,1,0,0,0,-1,-1,0,0,0
1407,0,0,0,0,0,0,-1,0,-1,0,0,0,0,0,0,-1,0,0,1,0,0,0,0,1,1,0,0,0,0,0,0,0,0,0,0,0,1,-1,0,0,0,-1,0,0,1,0,0,-1,0,0,-1,0,0,0,1,1,-1,-1,0,0,0,0,0,0
1408,0,1,0,1,1,0,1,0,0,0,0,0,0,0,0,0,0,0,0,0,-1,0,0,1,1,0,0,1,0,0,-1,1,0,0,0,1,1,0,1,0,0,1,0,0,0,-1,0,-1,1,-1,-1,1,0,-1,1,0,1,0,-1,0,-1,0,1,0
1409,0,0,0,1,0,0,1,0,0,1,0,0,0,0,1,0,0,-1,0,0,1,-1,0,1,0,-1,1,1,0,0,-1,0,1,-1,0,0,0,-1,0,0,0,0,0,1,0,0,0,0,0,0,0,0,-1,0,0,0,0,0,0,0,0,-1,0,0
1410,-1,-1,0,0,0,0,0,-1,0,0,0,1,0,0,-1,1,1,0,0,-1,0,1,0,0,0,0,1,0,0,0,0,-1,0,0,0,0,1,1,0,-1,-1,0,0,1,0,1,0,0,-1,0,0,0,1,1,0,0,0,0,1,1,0,-1,0,-1
1411,0,0,0,1,0,-1,0,0,0,0,0,-1,0,1,-1,1,-1,-1,0,0,1,1,0,0,0,0,1,1,-1,0,0,0,0,0,0,0,0,0,0,1,1,1,0,0,-1,1,1,0,-1,0,0,0,-1,-1,0,0,0,0,0,1,0,0,0,-1
1412,0,0,0,0,0,0,0,0,0,0,-1,0,0,0,-1,0,-1,0,1,0,0,0,0,0,0,0,0,0,1,1,0,0,-1,1,1,0,0,1,0,-1,0,0,0,1,0,-1,1,0,0,1,0,0,0,-1,-1,0,0,1,0,1,0,-1,0,0
1413,0,0,0,0,0,-1,0,0,-1,1,-1,0,0,0,0,1,1,0,1,1,0,0,-1,0,0,1,0,-1,0,-1,0,0,0,0,0,-1,0,0,0,0,0,0,0,0,1,1,0,0,-1,0,0,0,-1,-1,0,0,0,0,0,-1,0,1,0,0
1414,0,-1,0,0,0,0,0,0,0,1,-1,0,0,0,0,0,-1,0,0,1,-1,1,0,0,0,1,0,0,1,0,-1,0,-1,1,1,0,-1,0,-1,0,0,0,1,-1,1,0,0,1,0,1,-1,-1,0,1,1,0,-1,1,0,0,0,0,0,0
1415,-1,0,0,0,1,1,0,1,0,0,0,0,0,1,0,-1,-1,1,0,-1,0,0,0,0,-1,1,-1,-1,1,1,1,0,1,0,0,0,0,1,0,0,0,0,0,-1,0,0,1,0,-1,0,1,0,1,0,1,0,1,1,0,-1,-1,0,0,0
1416,0,-1,0,0,0,0,0,0,0,0,0,0,0,0,-1,0,0,0,0,0,1,0,1,0,-1,0,0,1,0,0,0,0,0,0,-1,0,0,0,0,-1,0,0,0,0,0,0,0,0,-1,1,-1,-1,-1,0,0,0,0,0,0,0,0,0,1,0
1417,0,-1,1,1,0,0,-1,0,0,1,0,-1,0,0,0,1,0,1,0,-1,0,0,1,0,0,0,0,1,0,0,0,0,0,0,1,1,0,-1,0,0,0,0,0,1,0,1,0,0,0,-1,0,0,0,0,0,0,0,0,1,-1,1,0,-1,0
1418,1,0,-1,0,0,0,0,-1,-1,0,0,0,-1,0,1,0,0,1,0,-1,0,0,1,-1,-1,0,0,0,0,-1,0,0,0,0,0,0,1,0,0,0,1,0,0,-1,0,0,-1,0,0,0,0,0,-1,0,0,-1,1,0,0,0,0,0,0,0
1419,0,1,0,0,0,0,0,0,-1,0,-1,1,0,-1,0,0,0,1,-1,0,-1,0,0,0,-1,0,0,0,0,-1,0,-1,-1,-1,0,0,0,0,0,1,1,0,-1,1,1,-1,0,0,0,-1,0,0,0,1,-1,0,0,1,1,0,0,1,0,-1
1420,0,-1,0,0,1,0,0,0,0,0,1,0,0,0,0,0,0,1,0,0,0,1,0,0,0,0,0,0,0,0,0,0,1,0,0,-1,0,0,1,1,0,0,1,0,0,0,0,1,0,-1,1,0,1,0,0,-1,0,0,1,0,0,0,0,-1
1421,0,0,0,0,0,0,0,0,0,0,1,-1,0,-1,-1,1,0,-1,0,0,0,0,0,0,-1,0,-1,0,0,0,-1,-1,0,0,0,0,0,-1,0,0,0,1,-1,0,0,-1,1,0,0,0,1,-1,0,0,0,0,0,0,1,0,0,0,0,0
1422,0,0,0,0,0,0,0,1,0,0,0,1,0,0,-1,0,0,-1,0,1,0,0,0,0,0,0,0,0,1,0,1,0,1,-1,1,-1,0,0,0,0,0,0,1,0,0,0,-1,0,1,0,1,0,0,-1,0,1,0,1,-1,0,0,0,-1,1
1423,1,0,0,0,0,0,0,0,0,1,0,1,0,0,0,0,0,1,0,0,1,0,1,0,0,-1,0,0,0,1,1,0,0,0,-1,0,-1,0,0,0,0,0,-1,0,0,0,-1,0,0,0,0,0,-1,1,0,0,-1,0,0,0,0,0,0,0
1424,0,1,0,0,0,-1,0,-1,0,0,-1,0,0,0,0,0,1,1,0,0,0,1,0,0,0,0,1,-1,-1,0,0,0,0,0,-1,1,0,0,0,-1,0,0,0,0,0,-1,1,0,0,1,0,0,0,1,0,0,0,0,1,0,0,0,-1,1
1425,0,0,0,-1,-1,1,0,1,0,0,1,0,0,0,0,0,0,0,0,-1,-1,1,0,0,1,1,0,0,0,0,0,0,0,0,-1,0,-1,0,0,0,0,-1,0,1,1,0,0,-1,-1,0,0,1,1,0,0,0,0,-1,0,0,0,0,0,0
1426,0,0,0,0,0,-1,0,0,-1,1,-1,-1,0,0,1,-1,0,1,0,0,0,0,0,1,0,-1,1,0,-1,0,1,-1,0,0,0,0,-1,1,-1,0,0,-1,0,0,0,0,0,0,-1,0,0,0,1,0,0,-1,0,1,0,-1,0,0,0,0
1427,0,0,0,0,1,1,1,0,0,0,1,0,0,0,0,0,-1,1,0,0,0,0,0,1,1,0,-1,-1,-1,1,0,0,-1,-1,0,1,0,0,0,0,0,-1,0,0,0,0,-1,0,0,0,0,0,0,0,0,0,0,0,0,1,0,-1,1,0
1428,0,-1,0,0,0,0,0,1,0,0,0,0,0,1,0,0,0,1,0,0,1,1,1,0,0,0,0,-1,-1,0,1,1,0,0,0,0,0,0,0,0,0,-1,0,0,-1,1,1,0,-1,0,1,-1,0,0,0,0,0,0,0,0,0,0,0,0
1429,1,0,0,-1,-1,-1,1,0,0,0,0,0,0,1,-1,0,0,-1,1,0,0,0,0,0,0,0,0,0,0,0,0,0,1,1,1,0,0,0,0,-1,1,0,0,0,0,0,0,-1,0,0,0,1,0,0,0,0,0,0,0,-1,0,0,-1,0
1430,1,0,0,0,0,0,0,-1,0,0,1,0,0,0,0,1,0,0,-1,-1,0,1,-1,0,0,1,0,1,0,0,0,0,0,0,0,1,0,0,-1,0,0,0,0,0,-1,1,0,0,-1,1,-1,-1,-1,0,0,0,0,0,0,0,0,0,0,0
1431,0,-1,0,-1,0,1,0,0,0,-1,0,0,0,0,-1,0,0,0,-1,0,1,-1,0,0,0,0,0,0,-1,0,0,0,1,0,-1,0,0,0,0,1,0,0,-1,0,-1,0,0,-1,0,-1,0,0,0,0,0,0,0,1,0,1,1,-1,0,0
1432,0,0,0,0,-1,0,1,0,1,0,-1,0,-1,0,0,1,0,0,1,-1,0,0,0,0,0,0,0,0,-1,0,0,-1,0,0,1,0,0,-1,0,1,0,0,0,0,1,-1,0,0,-1,0,0,0,-1,1,0,-1,0,1,0,0,-1,0,0,0
1433,0,1,0,-1,0,0,0,1,0,0,0,1,0,0,0,0,0,-1,-1,0,1,0,0,-1,-1,0,0,-1,1,0,0,0,-1,-1,-1,0,0,1,0,0,0,1,0,0,0,1,0,1,1,0,1,-1,1,0,0,-1,0,0,0,0,0,1,-1,0
1434,0,0,-1,1,0,0,0,1,-1,1,0,-1,0,0,0,0,0,0,-1,1,1,1,1,0,-1,0,0,-1,0,-1,-1,0,0,-1,0,0,0,-1,0,-1,0,0,0,0,-1,0,0,-1,0,-1,0,0,0,0,0,-1,-1,0,0,0,0,0,-1,0
1435,-1,-1,0,1,0,0,0,0,-1,0,0,0,0,-1,0,-1,0,0,0,0,0,0,0,0,0,-1,-1,0,0,0,0,0,0,0,0,0,0,0,1,0,0,0,0,1,0,0,0,0,1,0,-1,-1,1,-1,1,0,1,-1,0,0,0,1,-1,0
1436,0,0,0,-1,1,-1,0,1,0,0,0,0,0,0,0,0,0,-1,-1,0,0,0,0,0,-1,0,0,0,0,0,0,-1,0,0,0,0,-1,0,0,0,1,1,1,0,0,0,1,-1,0,0,0,-1,0,0,1,0,0,-1,1,0,-1,1,1,0
1437,0,0,1,0,0,-1,-1,0,0,0,0,-1,0,0,0,-1,0,-1,1,1,0,0,0,-1,0,-1,0,0,0,0,1,0,0,0,0,0,0,0,0,0,0,1,0,0,-1,0,0,0,-1,-1,0,1,-1,-1,0,0,-1,1,0,1,0,0,1,0
1438,0,0,-1,0,0,0,0,0,-1,0,0,-1,0,1,0,1,0,0,0,1,0,-1,0,0,-1,0,-1,0,1,0,1,0,0,0,0,0,0,0,-1,-1,0,0,0,0,-1,-1,-1,0,-1,1,-1,0,0,0,0,1,0,0,1,-1,1,0,0,0
1439,1,0,0,0,0,0,0,1,0,0,0,-1,0,1,0,-1,0,0,0,-1,0,-1,0,0,1,0,0,0,0,-1,-1,0,0,0,1,-1,0,1,0,0,0,1,0,0,1,-1,0,0,1,0,1,1,0,-1,0,0,1,0,0,0,0,0,-1,1
1440,0,0,0,1,0,-1,0,0,0,0,0,0,0,0,0,1,1,1,0,0,0,0,0,0,-1,0,0,0,0,0,1,0,0,0,0,0,0,0,0,-1,0,0,0,0,0,0,0,-1,0,-1,0,1,0,0,1,0,0,0,0,0,0,0,0,-1
1441,0,-1,0,0,-1,0,1,-1,0,1,0,0,0,0,0,0,1,1,0,0,0,0,1,0,0,0,0,-1,0,0,0,0,0,0,1,0,1,-1,-1,1,0,0,-1,0,0,0,0,0,0,0,0,0,0,1,1,0,1,0,0,0,0,-1,0,-1
1442,-1,0,-1,0,0,0,0,0,0,0,0,0,1,0,0,0,1,0,0,0,0,-1,0,-1,-1,1,0,0,0,0,0,0,1,0,0,0,0,0,1,-1,0,0,0,0,0,-1,-1,1,0,-1,0,0,0,0,0,-1,-1,-1,0,1,0,0,0,0
1443,1,0,1,0,0,0,1,-1,1,1,1,0,-1,0,-1,0,0,0,0,0,0,-1,1,1,0,0,-1,0,0,0,0,1,0,-1,0,0,0,0,0,0,-1,0,-1,0,1,0,0,-1,0,1,0,0,1,0,1,0,0,1,0,0,0,0,0,0
1444,1,1,1,0,0,-1,0,0,0,0,0,0,0,0,0,0,0,0,0,0,-1,1,1,-1,0,0,0,0,0,-1,0,0,-1,0,0,0,0,0,0,0,0,1,0,1,0,-1,0,0,-1,1,0,-1,-1,0,0,0,0,0,0,0,0,0,0,0
1445,0,0,0,1,-1,1,0,-1,0,0,0,0,0,0,0,0,0,0,-1,0,0,0,-1,-1,-1,-1,0,0,0,0,-1,0,0,1,0,0,0,0,0,0,0,0,-1,0,-1,0,0,1,0,0,1,1,1,0,0,-1,0,0,-1,0,1,-1,0,0
1446,0,0,0,0,1,0,0,-1,0,0,0,0,1,0,0,0,-1,0,0,-1,0,0,1,1,0,-1,0,1,-1,1,1,0,0,-1,0,0,0,0,0,-1,1,0,0,-1,0,0,0,0,0,1,-1,-1,0,0,1,0,0,0,1,0,-1,0,-1,0
1447,0,0,0,0,-1,0,1,0,1,0,-1,0,0,0,0,0,0,-1,-1,0,-1,1,1,0,0,0,0,0,-1,0,-1,1,0,0,-1,0,-1,0,0,0,0,0,1,0,0,0,-1,0,1,1,0,0,0,-1,0,0,0,-1,1,0,1,-1,-1,0
1448,0,0,0,1,0,0,1,0,0,0,1,-1,1,1,-1,1,-1,0,0,0,0,0,0,-1,0,1,-1,0,-1,-1,0,0,0,0,0,0,0,0,0,0,1,0,0,0,0,0,0,1,1,0,-1,0,1,0,0,-1,0,0,0,1,1,0,-1,1
1449,-1,0,0,0,0,0,-1,1,0,0,-1,0,0,1,0,-1,0,0,-1,0,0,0,0,0,0,0,0,1,0,0,0,-1,0,1,0,0,0,-1,-1,0,0,1,1,0,0,0,1,0,0,-1,1,1,0,0,0,-1,0,0,1,0,0,0,0,0
1450,1,0,-1,0,-1,0,-1,1,0,-1,0,0,-1,0,0,1,0,0,0,1,0,0,0,-1,0,-1,0,0,0,0,0,0,0,0,0,0,1,0,0,0,-1,1,0,0,0,0,0,0,0,0,1,0,1,0,1,0,1,0,-1,-1,0,0,0,0
1451,0,1,0,0,1,0,0,0,0,1,-1,-1,-1,0,0,1,-1,0,1,0,-1,0,0,-1,0,0,0,0,0,1,0,1,0,0,-1,1,0,0,1,0,0,0,1,1,0,0,1,1,0,0,0,0,0,0,1,1,-1,0,0,0,0,-1,0,0
1452,-1,0,0,1,1,0,0,0,1,0,0,0,1,0,0,1,0,0,-1,0,0,0,0,-1,0,-1,0,0,0,-1,-1,0,0,0,1,-1,0,0,0,0,-1,0,0,0,0,0,0,0,-1,0,0,0,0,0,0,1,-1,0,-1,0,0,0,1,0
1453,0,0,0,0,0,0,0,-1,0,0,0,0,0,0,0,0,0,-1,1,0,-1,0,0,1,-1,-1,0,-1,-1,0,1,0,0,0,1,-1,1,-1,0,1,0,0,1,0,1,0,0,0,-1,-1,0,1,1,0,0,0,0,0,1,0,0,1,0,0
1454,-1,0,0,-1,1,0,-1,0,0,0,-1,0,0,0,0,0,0,0,-1,0,0,0,-1,0,-1,1,0,0,0,0,-1,-1,0,1,0,0,0,1,0,0,-1,-1,0,-1,-1,1,-1,0,0,-1,0,0,0,1,1,0,0,0,1,1,0,0,0,1
1455,-1,-1,1,1,0,0,0,-1,0,0,1,0,0,0,0,0,0,0,0,1,1,0,0,0,0,0,1,-1,-1,0,0,0,1,-1,1,0,1,1,1,0,-1,0,0,0,0,1,-1,0,0,0,0,0,0,-1,0,0,-1,-1,0,0,0,0,0,-1
1456,0,-1,1,1,0,1,0,0,1,0,0,0,0,0,1,0,1,0,0,0,0,1,0,0,0,0,0,0,1,0,0,0,0,1,0,0,0,-1,-1,0,1,1,0,1,0,0,0,-1,0,0,0,0,0,0,1,1,0,0,0,0,0,0,1,0
1457,0,0,-1,0,0,-1,-1,0,0,-1,0,1,0,0,0,-1,1,0,-1,1,0,0,0,0,1,-1,0,0,1,0,0,0,0,0,1,0,0,0,0,0,1,-1,0,1,1,0,0,0,0,0,1,-1,1,-1,0,0,0,0,0,0,0,1,0,1
1458,-1,0,1,1,0,1,1,0,-1,0,-1,-1,0,1,0,0,0,0,1,0,0,-1,1,-1,-1,0,1,1,0,0,0,0,0,1,-1,0,0,0,0,0,0,0,-1,1,1,1,0,0,1,0,0,0,1,1,1,0,0,0,-1,0,0,1,0,0
1459,0,0,0,1,1,1,0,0,0,0,0,1,0,-1,-1,0,0,0,0,0,-1,0,1,0,1,-1,0,1,0,0,0,1,0,0,0,0,-1,0,0,0,0,0,1,-1,-1,0,0,0,0,0,0,0,0,-1,0,0,0,0,1,0,0,1,0,0
1460,0,0,0,1,1,0,-1,1,-1,0,1,-1,0,1,-1,1,0,0,0,0,0,-1,0,0,1,-1,-1,0,0,0,1,0,1,-1,0,0,1,0,0,1,0,0,-1,0,-1,0,0,1,0,0,0,0,0,0,1,1,-1,0,0,1,0,0,1,0
1461,0,0,1,0,-1,0,0,0,0,-1,0,-1,0,0,-1,0,0,0,0,-1,0,0,0,0,0,0,1,0,0,-1,0,0,0,0,-1,0,0,0,0,0,-1,0,0,-1,-1,0,0,0,0,0,0,0,0,-1,1,1,1,0,-1,-1,0,0,0,-1
1462,0,0,0,0,-1,0,0,0,1,0,0,-1,0,0,0,-1,0,1,1,0,-1,0,0,1,0,0,-1,1,0,-1,0,0,0,0,0,0,0,1,0,-1,1,0,0,-1,-1,0,-1,0,1,1,0,0,0,0,0,0,0,0,0,1,0,1,0,0
1463,-1,0,0,-1,0,1,0,0,1,0,0,0,0,0,-1,1,0,1,1,-1,-1,0,0,-1,0,0,0,0,0,0,-1,-1,-1,0,0,-1,0,1,0,0,0,0,0,0,0,0,0,-1,-1,1,1,0,0,0,-1,-1,1,0,1,-1,0,0,0,1
1464,0,0,-1,-1,0,0,1,0,0,0,-1,0,0,0,1,0,-1,1,0,0,0,-1,0,-1,0,1,0,0,0,-1,1,1,0,0,0,1,0,0,0,0,0,1,1,0,1,0,0,0,0,0,-1,0,0,1,0,0,-1,0,0,0,0,0,-1,1
1465,0,0,0,0,0,0,0,1,0,-1,0,0,0,-1,0,1,0,0,-1,1,0,0,0,0,0,0,0,0,1,0,0,0,0,0,0,0,-1,0,0,-1,0,0,0,0,0,0,0,0,1,1,0,0,0,0,0,0,-1,-1,0,0,-1,-1,1,0
1466,0,-1,0,-1,1,1,-1,1,0,0,-1,-1,0,0,0,-1,1,0,1,1,0,0,0,0,0,0,0,1,0,0,0,0,0,0,-1,1,0,0,0,1,-1,0,1,1,0,0,-1,0,-1,1,0,1,0,0,-1,-1,1,1,0,0,-1,0,0,0
1467,1,0,0,0,0,-1,0,0,0,-1,0,0,0,-1,0,0,0,-1,0,0,0,1,1,-1,-1,1,0,0,0,0,0,0,0,0,0,0,-1,1,1,1,0,-1,0,0,-1,1,0,0,0,0,0,0,-1,0,1,0,1,0,0,0,0,1,0,0
1468,1,0,-1,-1,1,0,1,0,-1,0,0,0,0,0,0,0,1,0,1,0,0,1,0,1,0,1,0,0,1,0,-1,0,0,1,1,1,0,0,0,0,1,1,0,0,0,0,0,0,0,1,0,-1,1,0,0,0,0,1,0,0,0,1,1,0
1469,0,-1,0,-1,1,-1,0,0,0,0,0,1,0,1,1,0,0,0,0,0,-1,1,-1,1,0,0,-1,0,-1,0,0,1,0,0,0,0,0,0,1,0,0,0,0,0,1,0,0,-1,1,0,1,1,0,-1,0,0,-1,-1,-1,1,0,0,-1,0
1470,0,1,-1,1,0,0,0,0,1,0,0,1,0,-1,0,0,0,1,0,0,1,0,-1,1,0,0,-1,0,-1,0,0,0,-1,0,0,1,-1,0,0,0,-1,0,0,1,0,1,0,-1,0,0,-1,0,0,0,-1,0,1,-1,0,1,0,0,0,-1
1471,0,1,0,0,-1,-1,1,-1,-1,-1,0,0,0,0,0,0,0,0,1,1,0,1,0,0,1,-1,0,0,0,1,0,1,-1,1,0,1,0,1,0,0,0,0,0,0,0,0,0,0,-1,0,1,0,0,-1,1,0,0,0,1,0,0,0,0,1
1472,0,0,0,0,0,-1,0,1,0,1,-1,0,0,0,0,0,-1,-1,0,0,0,0,1,0,-1,0,0,0,0,-1,0,-1,0,-1,0,1,0,0,0,0,0,0,-1,0,0,0,0,0,0,0,0,0,0,1,0,0,-1,-1,0,-1,1,0,0,1
1473,-1,0,0,0,-1,0,0,-1,0,0,-1,0,-1,0,0,0,0,0,-1,-1,0,0,0,0,0,0,1,0,0,0,0,0,1,-1,0,1,-1,0,1,0,0,0,0,0,0,0,0,-1,0,0,1,0,0,1,0,0,-1,0,0,0,0,1,-1,-1
1474,1,-1,0,0,0,0,0,1,1,-1,1,1,0,0,1,0,0,-1,0,0,-1,0,0,0,0,0,0,0,0,0,-1,1,-1,1,0,0,-1,0,0,0,1,0,0,1,0,0,0,0,0,0,1,0,0,0,-1,0,-1,0,0,0,1,0,0,0
1475,0,0,-1,0,1,0,0,0,-1,1,1,0,0,-1,0,1,0,0,0,1,0,0,0,0,0,0,0,0,0,0,0,0,0,0,0,0,0,0,0,0,1,1,-1,1,0,-1,0,-1,0,-1,-1,-1,0,-1,0,0,0,-1,0,-1,0,0,0,-1
1476,-1,0,0,-1,0,1,0,0,0,0,-1,1,-1,0,0,-1,1,0,-1,-1,-1,1,0,0,0,0,-1,-1,0,0,0,-1,-1,-1,-1,0,0,0,0,0,0,1,-1,0,0,0,0,0,1,0,1,-1,0,0,0,0,0,0,0,0,-1,0,1,0
1477,0,0,1,0,0,-1,0,0,0,0,0,0,-1,0,0,0,0,-1,1,1,1,-1,0,0,-1,0,-1,-1,0,0,0,0,0,-1,1,0,0,0,-1,1,-1,0,-1,0,-1,0,0,0,0,1,1,0,1,-1,0,1,0,0,1,-1,0,0,0,-1
1478,0,0,0,0,0,1,0,0,0,1,0,-1,0,1,0,0,0,0,0,0,0,0,0,0,-1,0,-1,0,0,-1,0,0,0,0,-1,0,0,0,0,0,0,0,0,0,0,0,0,0,-1,1,0,1,0,0,0,0,-1,0,0,0,-1,0,1,0
1479,0,-1,0,0,0,1,0,0,0,0,-1,0,0,0,0,1,0,-1,0,0,-1,0,1,0,0,1,0,1,1,0,0,0,0,-1,0,0,0,0,0,0,0,0,0,0,0,0,0,0,0,-1,0,1,0,0,0,0,0,0,0,-1,0,-1,0,0
1480,0,0,0,0,0,0,0,0,1,0,-1,0,0,0,0,0,0,0,1,0,0,0,0,1,0,0,0,0,-1,0,0,0,0,-1,1,-1,0,1,1,-1,1,1,0,0,0,0,0,0,0,0,-1,0,1,1,0,1,0,0,0,0,0,0,0,0
1481,0,1,0,0,0,1,0,0,0,-1,0,1,-1,0,-1,0,0,0,0,0,-1,0,0,0,0,0,0,0,0,0,0,0,0,1,0,1,1,-1,1,1,0,0,0,-1,0,-1,-1,1,-1,0,1,0,0,-1,0,1,0,1,-1,1,0,0,0,0
1482,-1,1,0,0,0,0,-1,-1,-1,0,1,1,0,1,-1,0,1,0,-1,1,0,0,1,1,0,-1,0,0,0,0,-1,0,-1,0,0,-1,0,0,1,0,0,0,1,0,-1,1,0,0,1,1,0,0,0,-1,1,0,0,0,1,-1,0,0,0,0
1483,1,0,0,1,-1,0,1,0,0,0,-1,-1,1,0,0,0,0,0,0,0,1,0,0,-1,0,-1,0,0,-1,1,0,0,0,0,0,-1,0,0,0,0,0,0,0,0,0,1,0,0,0,-1,1,0,0,0,0,0,0,0,0,-1,0,0,0,-1
1484,0,0,-1,1,0,0,1,-1,0,-1,0,0,1,-1,0,1,0,0,1,-1,1,0,0,0,0,0,1,1,0,-1,0,0,0,0,0,0,0,0,-1,0,0,-1,-1,-1,0,0,0,0,0,0,0,0,-1,0,0,0,0,0,0,0,-1,-1,0,0
1485,-1,0,0,-1,-1,0,-1,0,0,1,0,0,0,0,0,1,0,-1,0,1,-1,0,0,-1,-1,0,-1,0,0,0,1,1,1,0,0,0,-1,0,0,0,0,0,1,1,-1,0,0,0,0,-1,0,0,0,0,0,0,0,0,0,0,0,0,-1,0
1486,0,1,0,0,0,0,1,0,0,0,0,0,-1,1,1,-1,1,-1,-1,0,-1,0,0,0,0,0,0,0,0,0,0,0,0,0,0,0,0,0,0,0,0,0,1,0,1,1,0,0,0,0,1,0,0,-1,0,0,0,-1,0,0,0,0,0,0
1487,-1,1,0,0,0,1,0,0,0,0,0,1,-1,0,0,0,0,0,1,0,0,0,0,-1,1,-1,0,-1,-1,0,0,1,0,1,-1,1,0,1,1,-1,-1,0,0,0,0,0,1,-1,0,0,0,0,0,0,0,0,0,-1,0,0,0,0,0,-1
1488,1,-1,0,0,0,1,1,1,-1,0,1,0,0,-1,0,-1,0,0,0,0,1,1,1,0,0,0,0,1,0,0,1,0,-1,1,0,0,0,0,0,0,1,0,1,0,0,0,-1,0,0,0,-1,1,0,-1,-1,0,0,0,0,0,0,0,0,0
1489,0,0,0,0,0,0,0,0,0,-1,-1,0,0,0,0,-1,-1,0,-1,0,0,1,-1,-1,0,0,0,0,0,-1,1,-1,0,1,0,-1,0,-1,0,0,0,1,0,1,0,0,1,0,0,1,0,-1,0,0,0,0,0,0,-1,0,0,1,0,0
1490,0,0,0,0,0,1,-1,0,0,0,0,0,0,0,-1,0,0,-1,-1,-1,1,0,0,0,0,1,0,0,0,-1,-1,0,1,0,0,1,-1,1,0,-1,-1,0,1,0,0,0,0,-1,0,0,0,1,-1,0,1,-1,0,-1,1,-1,0,0,0,0
1491,0,1,-1,1,-1,0,-1,0,0,1,0,0,0,0,0,0,0,0,0,0,0,0,0,0,0,0,0,0,0,-1,0,1,0,0,0,0,-1,0,1,0,1,0,1,0,1,1,-1,0,0,-1,0,1,0,-1,1,0,0,-1,0,0,0,0,0,0
1492,0,0,0,0,0,0,0,-1,0,0,1,0,1,1,1,-1,0,1,0,0,0,0,0,0,0,0,0,0,1,0,-1,0,1,0,0,0,-1,-1,0,1,0,0,0,0,0,0,0,0,0,0,0,0,0,0,0,0,0,0,-1,-1,-1,0,0,1
1493,-1,0,1,0,0,0,0,1,0,1,0,1,0,0,-1,0,0,0,-1,1,1,1,0,0,0,0,1,1,0,0,0,0,0,0,0,0,0,1,0,1,0,0,-1,0,0,0,0,0,0,0,0,0,0,0,0,-1,1,0,0,0,1,0,0,-1
1494,0,0,-1,0,0,1,-1,0,0,0,0,0,0,0,0,0,0,-1,0,0,0,1,0,0,0,0,0,0,-1,0,0,0,0,0,0,-1,0,0,0,0,0,0,1,0,0,1,0,1,0,0,0,-1,0,0,0,-1,0,0,0,0,0,1,0,0
1495,1,0,0,0,-1,0,1,-1,0,0,0,0,0,0,0,0,0,0,0,0,0,0,1,1,-1,-1,1,0,0,0,0,0,0,0,0,0,0,0,-1,-1,0,-1,0,-1,-1,1,1,0,0,0,0,0,0,-1,0,-1,0,0,-1,0,0,0,0,0
1496,0,0,-1,0,0,1,0,0,0,0,0,0,-1,0,0,0,0,0,0,0,1,0,0,0,0,-1,0,0,0,0,0,1,1,0,0,0,0,1,0,0,1,1,0,1,0,0,1,0,0,0,-1,0,0,0,-1,0,1,1,0,-1,0,-1,0,0
1497,1,1,1,0,0,0,0,0,1,0,-1,0,1,0,0,0,0,0,-1,0,0,0,1,1,0,0,1,-1,0,0,-1,1,0,1,-1,0,0,-1,0,-1,0,-1,0,0,0,0,1,1,0,0,1,-1,0,0,0,0,0,-1,0,0,1,1,0,0
1498,1,1,0,1,0,0,0,0,0,0,-1,0,0,0,0,-1,1,0,0,0,0,0,-1,0,0,1,0,0,0,0,0,1,0,0,-1,1,-1,0,1,0,1,-1,0,-1,0,0,0,1,0,1,0,-1,0,1,0,0,1,0,1,0,0,0,0,-1
1499,0,0,0,0,1,0,0,0,0,0,0,-1,0,0,0,0,0,0,0,-1,-1,-1,0,0,0,0,0,0,-1,0,0,0,0,0,0,0,0,1,0,0,-1,1,-1,0,1,0,0,0,1,0,1,0,-1,0,1,1,0,-1,-1,0,0,0,0,0
1500,0,0,0,0,0,-1,1,1,0,-1,0,0,-1,1,0,1,1,0,1,0,0,-1,0,1,0,0,-1,0,0,0,0,0,0,0,0,0,-1,1,-1,0,1,0,-1,0,0,1,0,1,-1,0,0,0,0,0,0,1,-1,0,0,-1,-1,0,0,0
1501,0,-1,0,0,0,1,0,-1,0,0,0,0,-1,0,0,0,0,0,1,0,0,-1,0,0,0,-1,1,1,0,0,1,0,0,-1,0,0,0,1,0,0,1,0,0,0,0,0,0,0,-1,-1,0,-1,-1,1,0,0,0,0,0,0,1,-1,0,0
1502,0,1,0,0,0,0,1,0,-1,0,0,0,0,-1,-1,0,0,0,0,0,0,-1,1,0,0,0,1,0,0,0,-1,0,0,0,-1,0,-1,0,0,0,1,0,1,0,-1,0,0,1,0,0,0,0,0,0,0,0,-1,0,0,-1,0,0,0,1
1503,0,0,0,1,0,-1,0,0,0,0,0,-1,0,-1,1,0,1,1,-1,0,-1,0,0,1,0,0,0,0,0,0,1,0,1,1,-1,1,0,0,0,0,0,0,-1,1,0,-1,1,0,1,0,1,0,0,-1,0,1,1,0,-1,1,0,0,-1,0
1504,0,1,0,0,1,0,-1,0,0,-1,0,0,0,0,1,0,0,0,0,-1,1,0,0,0,-1,0,0,0,0,0,-1,-1,1,0,1,0,0,-1,-1,0,0,0,1,-1,0,0,0,0,0,0,-1,1,0,-1,-1,-1,0,-1,-1,0,0,0,0,0
1505,1,1,0,0,0,1,0,-1,-1,1,0,0,0,-1,-1,0,0,0,1,1,0,0,0,-1,-1,0,1,0,0,0,0,-1,0,-1,0,0,0,-1,0,-1,-1,-1,1,1,-1,-1,0,-1,0,0,0,1,0,0,0,0,0,0,1,0,0,1,0,-1
1506,1,0,0,1,0,0,0,-1,1,0,-1,0,0,0,0,-1,-1,-1,-1,0,0,1,-1,0,0,0,0,-1,0,-1,0,1,-1,0,0,0,0,0,1,0,-1,0,0,-1,-1,0,0,0,1,-1,0,-1,0,0,0,0,-1,0,0,0,1,1,1,0
1507,-1,-1,1,0,0,0,0,0,-1,0,0,0,0,1,0,0,1,0,0,1,-1,-1,0,0,0,1,0,-1,0,0,0,0,0,-1,1,1,0,0,-1,1,0,1,0,0,0,0,0,0,-1,-1,0,0,1,-1,0,-1,1,0,0,0,0,-1,1,1
1508,-1,1,1,0,0,0,0,-1,0,0,1,0,0,0,0,1,0,-1,1,1,0,0,0,0,0,1,0,1,0,0,-1,-1,0,0,0,0,0,0,0,0,0,-1,0,-1,0,1,0,0,0,0,0,0,0,1,0,0,0,-1,0,0,0,0,0,1
1509,1,0,-1,0,0,-1,0,0,1,1,0,0,0,-1,0,0,-1,0,0,0,0,0,-1,-1,1,1,1,1,0,1,1,1,0,0,0,-1,1,0,0,1,0,0,0,0,0,0,0,1,0,1,1,0,-1,0,0,-1,0,-1,0,0,0,0,1,1
1510,0,-1,0,0,1,0,-1,0,0,0,0,0,1,0,1,0,1,1,0,0,0,-1,0,0,0,1,0,0,0,1,1,0,0,-1,0,0,0,0,-1,0,0,0,1,0,0,0,-1,0,0,0,0,0,0,0,-1,0,0,0,0,0,1,0,0,0
1511,0,0,1,0,0,1,-1,0,0,0,0,0,0,0,0,0,0,-1,0,0,0,1,-1,0,0,1,0,0,0,-1,0,0,0,0,-1,-1,0,0,1,0,0,0,0,-1,1,-1,0,1,-1,0,0,1,-1,1,1,1,0,0,0,1,0,0,1,0
1512,0,0,0,0,-1,0,0,0,0,0,0,1,0,-1,0,-1,0,0,0,0,1,0,0,0,0,-1,0,0,0,-1,-1,0,0,0,0,0,0,0,-1,0,0,0,0,0,0,1,1,0,-1,-1,0,0,1,0,0,0,0,1,0,0,-1,0,0,0
1513,0,0,0,0,0,0,0,-1,0,1,0,0,0,0,0,0,0,0,-1,0,0,0,0,0,-1,0,0,1,0,0,1,0,-1,1,0,0,0,0,0,-1,0,1,-1,0,0,0,0,1,-1,-1,0,0,0,-1,0,0,0,0,-1,1,0,-1,0,0
1514,-1,0,-1,0,0,0,0,0,0,0,0,0,-1,-1,-1,0,1,0,0,-1,0,0,0,1,0,0,-1,0,0,0,-1,1,1,0,0,1,1,0,1,0,1,1,0,0,0,-1,0,0,1,0,-1,0,0,1,0,1,0,0,-1,0,0,0,1,0
1515,0,-1,0,0,-1,-1,-1,0,1,-1,0,0,0,0,0,1,0,0,0,0,0,0,0,0,0,0,0,-1,-1,0,0,1,0,0,1,1,1,0,0,0,0,1,-1,-1,0,1,0,1,-1,0,0,0,0,0,0,0,0,0,0,0,1,0,0,0
1516,0,0,0,-1,0,1,0,0,0,0,0,-1,1,0,0,0,0,0,0,0,0,0,-1,0,0,0,0,0,0,1,0,0,0,0,0,-1,0,-1,0,0,-1,1,0,0,-1,0,0,0,1,1,0,0,0,0,-1,0,0,1,0,0,-1,1,0,-1
1517,0,-1,0,-1,-1,0,0,0,0,-1,1,0,0,0,0,0,-1,0,1,0,0,0,0,0,1,0,0,0,0,-1,0,0,-1,0,0,0,0,0,0,0,0,0,0,0,-1,-1,1,0,-1,0,-1,0,0,1,0,0,0,-1,0,0,1,-1,1,0
1518,0,-1,0,0,0,0,0,-1,1,0,0,0,1,0,0,0,0,0,0,0,0,0,0,0,-1,0,0,1,1,1,0,-1,-1,0,0,1,0,-1,1,0,0,0,1,1,1,0,0,1,0,0,-1,0,0,0,-1,-1,1,0,0,0,0,1,0,0
1519,0,0,0,0,1,0,0,0,0,0,0,0,0,0,0,1,0,-1,0,0,0,0,1,0,1,0,0,-1,0,0,0,0,0,1,0,-1,0,-1,0,0,0,-1,0,1,1,0,0,0,0,0,0,0,0,0,0,1,0,1,0,0,0,1,1,1
1520,0,0,-1,0,-1,0,0,0,0,-1,0,0,0,0,1,0,0,1,0,0,0,0,-1,0,1,1,0,0,-1,0,0,0,1,0,1,0,0,0,1,0,0,0,1,1,0,-1,0,0,0,0,-1,1,1,0,0,0,0,0,0,0,-1,-1,0,-1
1521,0,0,0,1,0,0,-1,0,0,0,0,1,0,0,0,0,0,0,0,0,0,0,0,1,0,0,0,0,0,0,0,-1,1,0,0,1,0,0,0,-1,0,0,1,-1,1,-1,-1,0,0,0,0,0,0,1,-1,1,0,1,0,0,0,1,1,-1
1522,0,0,-1,1,0,0,1,0,0,0,0,0,1,0,-1,0,1,1,0,1,0,0,0,1,-1,-1,1,0,1,0,1,0,1,1,-1,0,0,0,0,-1,0,0,0,0,0,0,0,0,-1,0,-1,0,0,0,1,0,1,0,0,0,0,0,0,0
1523,0,0,0,-1,0,-1,-1,0,0,0,0,0,0,0,0,0,1,1,0,-1,1,0,0,0,0,-1,-1,0,0,0,0,-1,-1,0,0,-1,0,1,0,0,0,-1,0,0,0,0,0,0,0,0,0,0,0,-1,0,0,0,-1,0,0,0,-1,-1,0
1524,0,0,0,0,0,0,1,0,0,1,0,0,0,0,-1,1,0,0,1,0,0,1,0,0,0,0,-1,0,1,1,1,1,1,0,0,0,0,0,0,0,1,1,0,0,1,0,0,0,0,0,0,0,0,0,0,0,1,0,-1,0,-1,0,0,1
1525,0,0,-1,0,0,-1,0,0,0,0,0,0,-1,-1,0,0,0,0,0,0,-1,0,-1,1,0,0,0,0,-1,0,1,0,1,0,0,0,-1,1,1,0,-1,0,0,1,0,0,1,1,0,0,0,0,-1,-1,0,0,0,0,1,0,1,0,0,0
1526,-1,0,1,0,0,0,-1,1,0,1,0,1,0,0,0,0,-1,0,0,0,0,0,0,0,-1,0,0,0,0,0,0,0,0,0,0,0,0,0,0,1,1,0,0,0,0,0,0,0,-1,1,0,0,0,0,0,0,0,0,0,0,0,1,0,0
1527,0,0,0,0,0,0,0,1,0,0,-1,1,0,1,0,-1,-1,0,0,-1,0,-1,0,-1,0,-1,1,0,0,0,0,-1,-1,0,1,0,1,0,1,1,0,0,0,0,-1,-1,1,1,0,0,0,0,0,0,0,0,1,1,1,0,0,0,0,0
1528,-1,1,1,-1,1,1,-1,-1,1,-1,0,0,0,0,0,0,0,1,0,0,-1,0,0,-1,-1,0,0,0,-1,-1,-1,0,0,-1,1,0,1,1,0,0,0,-1,0,1,1,0,1,0,-1,1,-1,-1,0,0,1,0,0,0,0,0,0,1,0,0
1529,0,-1,-1,0,0,0,0,-1,0,0,1,0,0,1,0,-1,0,1,-1,0,0,-1,1,0,0,0,0,0,0,0,0,0,0,0,0,0,0,-1,0,-1,0,1,1,0,0,-1,0,0,0,0,0,0,-1,0,0,1,0,-1,1,1,1,1,1,0
1530,0,0,0,0,0,0,-1,1,0,0,-1,0,0,0,0,0,-1,0,0,0,0,1,0,-1,-1,0,0,1,1,-1,0,0,0,0,0,0,1,0,0,1,0,0,0,0,1,0,0,1,1,-1,0,-1,0,0,0,0,-1,1,1,0,1,0,0,0
1531,0,0,0,0,0,0,0,0,-1,0,0,0,0,1,0,-1,0,0,0,0,0,-1,0,-1,1,0,0,1,1,0,-1,1,0,0,0,-1,0,0,0,0,0,0,0,-1,-1,0,1,0,0,-1,0,0,0,0,1,0,0,0,-1,0,0,0,0,0
1532,0,0,-1,1,1,0,0,0,-1,0,0,0,0,0,0,-1,0,0,1,0,0,0,0,0,1,0,0,1,0,-1,1,0,0,1,0,0,0,0,0,-1,0,0,0,0,0,-1,0,1,1,0,0,0,0,0,0,0,0,0,1,-1,0,1,0,0
1533,0,0,-1,1,0,0,0,-1,0,-1,0,0,0,0,-1,1,0,-1,0,0,0,1,1,0,0,1,0,-1,1,0,1,-1,1,0,0,0,0,0,0,0,1,1,0,1,0,0,0,0,-1,0,1,1,1,1,0,0,0,0,1,0,0,0,-1,0
1534,0,0,1,1,0,0,0,1,0,1,0,0,1,0,0,-1,0,0,0,0,1,-1,0,-1,0,-1,0,-1,0,0,1,0,0,0,0,1,0,0,-1,0,0,-1,0,0,0,-1,-1,0,1,1,1,0,0,0,0,0,0,-1,0,1,1,0,1,0
1535,0,0,0,0,1,0,0,0,0,1,-1,0,1,-1,0,0,0,1,-1,-1,-1,1,-1,0,0,0,1,0,0,-1,0,-1,0,1,0,0,1,-1,-1,0,0,1,-1,0,0,0,0,0,-1,0,0,-1,0,1,0,0,0,0,-1,0,0,1,0,0
1536,0,0,-1,1,-1,1,1,0,0,-1,1,0,1,0,-1,0,0,-1,0,0,1,0,-1,0,1,1,0,0,-1,0,0,0,0,0,0,0,0,1,0,1,1,0,0,-1,1,-1,1,0,1,1,0,0,0,-1,0,0,-1,0,0,0,0,0,0,0
1537,0,1,-1,0,0,0,0,1,0,0,0,0,1,0,0,0,1,0,1,0,1,-1,0,0,0,0,1,0,0,0,0,-1,1,0,0,0,1,0,-1,0,0,-1,0,-1,0,0,-1,-1,0,0,0,0,0,0,1,0,0,1,0,-1,-1,1,-1,0
1538,1,0,1,-1,0,-1,-1,0,-1,0,0,0,0,-1,0,0,0,0,0,0,1,-1,0,0,0,0,0,-1,0,0,0,0,0,1,0,1,0,1,0,0,-1,-1,-1,0,0,0,0,-1,-1,1,0,0,0,1,0,1,0,0,0,0,1,-1,0,0
1539,0,1,-1,0,0,1,0,0,0,1,0,0,-1,0,0,0,1,0,0,1,-1,0,0,1,1,0,0,0,0,-1,-1,0,0,0,0,0,0,0,0,0,0,0,0,0,0,0,0,0,0,0,1,-1,0,1,0,0,0,0,0,0,0,0,-1,0
1540,0,0,0,0,-1,0,0,0,0,0,0,0,0,1,1,0,0,-1,0,-1,0,1,0,0,-1,-1,0,0,0,0,0,0,1,-1,-1,0,0,0,0,0,-1,0,0,0,0,0,0,0,0,0,0,0,-1,0,0,0,-1,0,0,0,-1,0,0,0
1541,-1,0,-1,0,0,-1,0,0,1,0,0,1,0,0,0,0,0,0,1,0,0,0,-1,0,0,0,0,0,0,0,0,1,1,0,0,0,-1,0,0,-1,-1,-1,0,0,-1,0,0,-1,0,-1,0,0,0,0,0,0,0,0,0,-1,0,0,0,0
1542,0,0,0,0,-1,0,-1,0,1,1,0,0,1,-1,0,0,0,1,0,0,0,0,0,0,0,0,-1,0,0,0,0,0,1,1,0,0,0,0,0,-1,0,0,0,0,1,0,0,0,0,0,0,-1,0,0,0,-1,0,1,0,0,0,0,-1,0
1543,0,0,0,1,-1,-1,0,0,-1,1,-1,-1,0,0,0,0,0,1,1,1,0,1,0,-1,0,1,0,-1,-1,0,0,0,1,-1,-1,0,0,0,0,0,1,-1,0,0,0,0,-1,0,-1,0,0,0,0,0,-1,0,0,0,0,0,-1,0,0,-1
1544,0,0,0,0,-1,0,0,0,1,0,0,0,1,0,0,1,-1,0,-1,0,0,1,1,0,0,1,-1,0,0,1,0,0,0,0,1,0,0,0,-1,1,0,0,0,0,0,0,1,0,-1,0,0,0,0,-1,-1,0,-1,0,0,1,0,1,-1,0
1545,0,0,0,0,0,1,-1,-1,0,1,0,0,-1,-1,-1,0,0,0,-1,-1,0,-1,0,0,0,1,0,0,0,0,0,0,0,0,0,-1,0,1,0,0,0,-1,0,1,0,0,0,0,1,-1,0,-1,0,0,0,0,-1,0,0,1,1,-1,0,0
1546,0,-1,-1,0,0,1,0,0,0,0,0,1,-1,0,0,0,0,0,0,0,0,-1,-1,1,0,1,0,0,0,0,0,0,-1,0,1,1,0,0,1,0,0,-1,0,-1,0,0,0,0,0,0,-1,0,-1,-1,0,0,0,-1,1,0,1,0,0,0
1547,0,1,0,1,0,1,-1,1,0,0,0,0,0,0,0,-1,0,0,0,1,0,-1,0,1,0,-1,0,1,0,0,0,-1,-1,0,0,0,0,0,0,0,0,1,0,0,-1,0,1,1,0,0,0,0,-1,0,-1,0,-1,-1,1,0,0,0,0,0
1548,0,0,0,0,0,0,0,0,0,0,0,0,-1,-1,0,0,0,0,0,-1,-1,0,-1,0,0,0,1,1,1,0,0,-1,0,0,0,-1,0,1,0,0,0,0,0,0,-1,0,0,1,0,0,0,0,0,0,0,0,0,1,-1,0,0,0,0,0
1549,1,0,0,0,0,1,1,0,0,-1,1,0,0,0,0,-1,0,1,0,0,-1,1,0,0,0,0,0,1,1,0,-1,-1,0,0,0,0,-1,-1,1,1,0,0,-1,0,0,0,0,0,0,0,-1,-1,0,0,0,0,0,0,1,0,-1,-1,0,0
1550,0,0,0,0,-1,0,0,0,0,0,0,-1,0,0,-1,0,0,0,-1,0,0,0,0,0,0,0,0,-1,1,0,0,0,0,0,0,0,0,0,0,0,0,0,0,0,0,0,0,0,-1,0,0,0,0,0,0,0,0,0,1,0,0,-1,-1,0
1551,-1,1,1,-1,0,0,0,0,0,0,0,1,-1,0,0,0,0,-1,1,0,1,0,0,0,0,0,-1,-1,0,0,0,0,1,1,0,0,0,0,0,1,0,0,-1,0,0,1,0,-1,0,1,0,0,0,-1,1,0,0,1,0,0,0,0,0,0
1552,0,1,0,0,-1,0,0,-1,0,0,0,0,1,0,0,0,0,0,1,0,0,0,0,0,0,1,0,1,0,1,0,1,0,-1,0,-1,0,0,1,0,0,0,-1,0,0,0,0,0,0,0,0,-1,0,1,-1,-1,0,0,-1,-1,0,0,0,0
1553,-1,0,0,0,0,1,1,0,1,0,0,0,0,0,0,0,0,0,0,0,0,0,0,0,-1,-1,0,0,0,0,0,0,-1,0,0,0,0,0,1,0,0,1,-1,0,0,0,0,-1,-1,0,0,0,0,0,0,-1,-1,-1,0,0,-1,1,-1,1
1554,0,1,0,1,-1,0,0,0,-1,-1,0,0,0,0,-1,0,-1,0,1,0,0,1,0,-1,0,0,0,-1,0,1,0,0,0,-1,0,-1,0,0,0,1,0,-1,-1,0,0,0,0,0,0,0,0,0,1,-1,0,1,0,1,0,-1,0,1,1,0
1555,0,0,1,0,-1,1,1,0,1,1,0,0,0,1,1,-1,0,0,0,0,-1,0,1,0,0,0,-1,0,1,0,0,-1,0,0,1,0,0,1,-1,0,1,1,1,0,-1,0,0,0,0,1,0,0,-1,0,-1,0,-1,-1,0,0,0,1,0,0
1556,1,1,-1,0,1,1,-1,0,0,0,0,0,-1,1,0,0,0,1,-1,0,-1,0,1,0,0,0,-1,0,0,0,0,-1,0,-1,-1,-1,1,-1,-1,-1,0,1,0,-1,1,0,0,1,0,0,0,1,1,0,0,1,0,0,0,0,0,0,0,0
1557,0,0,1,0,1,0,1,0,-1,0,-1,0,-1,0,1,1,0,0,0,0,-1,0,0,0,1,0,-1,-1,0,-1,0,0,0,0,0,0,0,1,0,-1,0,-1,-1,-1,0,0,1,1,0,0,0,1,0,0,-1,0,0,0,0,0,0,-1,0,-1
1558,0,0,0,0,0,0,0,0,0,0,-1,0,0,0,0,0,1,0,1,0,0,0,1,0,0,1,0,0,1,-1,0,1,0,0,0,0,0,-1,0,1,0,0,0,0,0,1,-1,1,0,-1,0,-1,1,0,0,-1,0,1,0,0,1,1,0,0
1559,-1,-1,0,0,-1,0,-1,0,0,0,-1,0,0,-1,0,0,0,1,1,0,0,1,-1,0,0,-1,0,0,0,-1,-1,0,-1,0,0,1,0,0,0,-1,0,0,-1,0,0,-1,0,1,0,0,0,0,0,1,0,-1,0,0,-1,0,-1,1,-1,0
1560,1,1,0,0,0,0,-1,0,0,0,0,-1,0,0,0,0,0,0,0,1,0,0,0,-1,1,-1,0,0,0,0,-1,0,0,1,0,0,0,-1,0,0,0,0,-1,-1,0,0,1,0,0,0,0,0,-1,0,0,0,0,1,0,0,0,0,0,0
1561,0,-1,-1,0,0,-1,1,0,0,-1,0,-1,0,0,1,0,0,0,1,0,-1,0,0,0,0,0,0,0,0,0,1,0,0,0,0,0,0,-1,0,0,0,-1,1,0,0,-1,0,-1,0,-1,0,1,0,0,1,0,0,1,0,0,1,1,0,0
1562,-1,0,0,0,0,-1,0,-1,0,1,0,-1,1,0,0,-1,0,-1,0,0,0,-1,0,0,0,-1,-1,0,1,0,0,1,0,0,-1,0,0,0,1,1,0,0,0,0,1,-1,0,-1,0,0,0,-1,0,0,0,0,1,0,0,0,-1,0,-1,0
1563,0,0,0,0,-1,-1,0,0,-1,-1,-1,0,0,0,0,0,0,0,0,0,0,0,1,1,-1,0,0,0,0,0,0,-1,-1,1,0,-1,-1,1,1,-1,0,0,0,-1,0,0,0,1,0,-1,0,0,0,0,0,-1,0,0,1,0,-1,0,-1,0
1564,0,1,0,-1,1,0,1,0,0,1,0,0,-1,0,-1,1,0,0,0,-1,1,-1,0,-1,0,1,0,0,-1,0,0,0,0,0,0,-1,0,0,0,0,-1,0,0,0,0,1,-1,0,0,0,0,-1,0,0,-1,0,0,0,1,-1,-1,-1,0,-1
1565,0,-1,0,0,0,0,0,-1,0,0,0,0,1,0,1,1,-1,1,-1,0,0,0,-1,-1,0,0,0,0,1,0,0,1,1,0,0,-1,0,1,0,0,0,0,0,0,1,0,-1,-1,0,0,-1,-1,0,1,0,0,0,-1,-1,1,0,1,0,0
1566,0,0,0,0,0,1,-1,0,-1,0,0,0,0,0,0,0,1,0,0,0,0,1,0,0,0,0,0,0,1,0,-1,0,1,0,0,-1,0,0,-1,0,0,0,0,0,0,0,0,0,0,1,-1,1,0,0,0,0,0,1,0,0,1,-1,0,0
1567,0,0,0,0,0,0,0,0,0,0,0,0,0,0,0,0,0,-1,1,1,0,0,1,0,0,0,0,0,0,0,0,0,0,0,1,-1,0,0,1,0,0,0,0,0,0,0,0,-1,0,1,1,0,0,1,1,0,-1,0,0,0,0,-1,1,0
1568,0,0,0,1,1,0,0,0,0,-1,0,0,0,0,0,-1,-1,0,0,0,0,0,0,0,-1,0,0,0,0,-1,0,0,0,0,1,0,0,-1,-1,-1,0,0,1,0,0,1,0,-1,-1,0,0,-1,0,0,-1,0,0,0,0,1,0,0,-1,0
1569,0,-1,0,0,-1,-1,1,0,1,-1,1,0,0,0,0,-1,0,1,1,0,0,0,-1,0,0,0,1,0,-1,0,1,1,-1,0,0,1,0,0,0,1,0,0,0,0,0,1,0,0,-1,1,0,-1,0,0,0,0,-1,0,-1,0,-1,0,0,-1
1570,-1,0,0,1,0,0,-1,1,1,0,0,0,0,1,0,0,0,-1,1,-1,0,0,1,0,1,0,-1,0,0,-1,0,1,-1,0,0,0,0,0,1,0,0,0,0,0,1,-1,0,1,0,0,0,1,0,0,0,0,0,0,0,0,0,0,0,0
1571,1,0,0,0,0,0,1,0,1,1,-1,0,0,0,0,0,0,0,0,0,0,0,0,0,0,0,0,0,0,0,0,0,-1,0,0,-1,0,1,0,0,0,0,-1,1,0,0,-1,0,1,0,0,1,0,0,0,0,1,1,0,0,1,0,0,1
1572,0,0,0,0,0,-1,0,-1,0,0,1,0,-1,-1,0,0,1,0,-1,1,0,1,0,0,-1,0,0,0,0,-1,0,-1,0,-1,1,0,0,0,-1,0,0,-1,0,0,0,0,0,0,0,0,0,0,-1,0,0,0,0,0,0,0,0,0,0,0
1573,0,0,-1,1,0,0,0,0,0,-1,0,0,0,-1,0,0,0,0,-1,0,0,0,-1,0,1,1,0,-1,0,-1,1,0,0,0,0,-1,1,-1,0,0,0,0,0,0,0,0,0,0,0,1,0,-1,0,0,0,0,0,0,0,0,0,0,-1,0
1574,0,-1,0,0,0,0,-1,0,1,1,1,-1,0,1,0,0,1,1,1,0,0,0,-1,0,0,0,1,0,0,0,0,0,0,0,0,1,0,0,0,0,0,-1,1,0,0,0,0,0,0,0,1,0,1,0,-1,0,0,-1,1,-1,0,1,0,0
1575,-1,0,-1,0,-1,0,0,1,-1,0,0,1,-1,1,0,0,0,0,0,1,0,0,0,0,-1,0,0,1,0,-1,0,0,-1,1,0,1,-1,0,0,0,1,0,1,1,0,0,0,-1,0,0,1,-1,0,0,0,0,-1,1,0,0,0,0,1,0
1576,1,0,0,-1,1,0,-1,0,-1,0,1,0,0,0,0,0,0,0,0,-1,0,1,-1,1,0,0,-1,0,0,0,0,0,0,0,0,0,1,0,-1,-1,0,-1,-1,1,-1,1,0,0,-1,-1,0,0,0,0,0,0,-1,-1,0,0,0,0,0,0
1577,0,0,0,-1,0,0,0,1,1,0,0,1,0,0,-1,0,-1,0,1,0,1,0,0,0,0,-1,0,0,0,1,0,0,0,0,1,0,0,0,0,0,0,0,1,-1,0,0,0,0,-1,0,-1,0,0,-1,-1,0,0,0,0,0,0,-1,0,0
1578,1,1,-1,0,1,0,0,0,1,0,0,0,-1,1,0,1,0,0,0,0,0,0,0,1,-1,1,1,-1,0,-1,0,-1,0,1,0,0,-1,0,0,1,0,-1,0,0,0,0,0,0,0,1,-1,0,1,0,0,1,1,0,-1,0,-1,0,-1,-1
1579,0,0,1,-1,1,0,0,0,1,0,0,0,0,0,0,-1,0,1,0,0,1,0,0,1,0,1,-1,0,0,-1,0,0,0,0,0,0,0,0,0,-1,0,0,0,1,0,0,0,-1,1,0,0,0,0,0,0,0,0,0,-1,0,0,0,0,-1
1580,0,0,0,1,0,0,-1,0,1,-1,0,-1,0,0,1,0,1,-1,1,-1,0,1,0,0,0,0,1,0,0,-1,0,0,-1,-1,0,0,0,1,0,0,0,1,0,0,0,0,-1,0,0,1,0,0,0,-1,0,1,0,0,-1,-1,0,0,1,-1
1581,0,0,0,0,0,0,-1,0,0,0,0,-1,0,0,0,0,0,-1,0,0,0,0,-1,-1,0,0,1,-1,-1,1,0,-1,0,1,0,0,0,1,0,0,0,0,0,-1,1,0,0,0,0,0,-1,0,0,0,0,0,0,0,0,-1,0,0,0,1
1582,0,0,0,0,0,0,0,1,0,0,0,0,0,0,0,0,-1,0,-1,0,0,0,0,-1,1,0,0,0,0,0,0,0,1,-1,0,-1,-1,-1,0,0,0,1,0,0,1,0,-1,0,0,0,0,0,0,-1,0,0,0,0,-1,0,0,0,0,0
1583,-1,1,1,-1,-1,0,-1,0,1,0,0,0,0,1,0,1,1,1,0,0,0,1,1,0,0,0,0,0,0,0,0,0,0,1,0,1,0,0,-1,0,0,1,-1,0,0,1,0,1,0,0,0,0,1,-1,0,0,1,0,0,0,-1,0,0,0
1584,1,0,1,0,0,0,1,0,-1,-1,1,1,1,0,0,0,0,0,0,0,0,0,0,1,0,0,-1,0,0,-1,-1,0,0,1,0,0,0,1,1,0,1,1,0,0,0,-1,0,0,0,0,0,0,1,0,1,0,0,1,-1,-1,0,1,-1,-1
1585,1,0,-1,0,-1,-1,-1,-1,1,0,0,0,0,0,0,-1,0,0,1,1,0,0,0,0,1,0,1,0,0,0,1,1,0,0,0,0,0,0,1,0,0,-1,1,0,0,0,0,1,1,0,1,0,-1,0,-1,0,0,0,0,0,-1,0,-1,1
1586,1,0,0,0,0,0,-1,0,0,1,0,-1,1,-1,0,0,1,-1,-1,0,0,-1,-1,0,0,1,1,0,0,0,0,0,1,-1,-1,1,0,-1,0,0,0,-1,0,0,0,0,0,0,0,0,0,-1,0,0,1,0,-1,0,0,1,0,0,0,0
1587,0,0,-1,0,0,1,0,0,0,0,0,0,-1,-1,-1,0,0,-1,0,-1,-1,1,-1,-1,-1,0,1,0,-1,1,1,0,0,0,1,0,0,-1,-1,-1,-1,0,0,0,-1,0,1,0,-1,-1,0,0,0,0,0,-1,0,0,0,1,0,0,0,1
1588,-1,1,0,0,-1,0,0,0,0,0,0,0,0,0,0,0,0,0,0,0,0,-1,-1,-1,0,0,-1,0,0,0,-1,0,-1,0,-1,-1,0,0,1,0,0,0,0,-1,-1,1,0,1,0,0,-1,0,0,-1,0,0,0,0,1,1,-1,0,-1,1
1589,-1,0,1,1,0,1,0,0,0,-1,0,0,0,0,-1,1,0,-1,-1,1,0,0,-1,0,0,0,-1,0,-1,-1,0,0,0,1,0,0,0,0,0,0,0,0,0,0,0,0,0,0,0,-1,-1,-1,0,0,0,0,0,-1,0,0,-1,1,0,0
1590,1,0,0,0,0,0,0,0,0,-1,0,0,1,0,0,0,0,0,0,-1,-1,1,0,0,0,1,0,-1,0,-1,1,1,-1,0,0,0,0,1,1,0,0,-1,0,0,0,0,0,1,0,0,0,0,-1,1,1,0,0,0,1,0,0,0,0,0
1591,1,0,1,0,0,-1,1,0,0,0,0,1,0,0,0,-1,0,-1,1,0,0,1,0,0,0,-1,-1,0,0,1,-1,1,-1,0,0,-1,0,1,1,0,0,0,0,0,-1,0,-1,-1,0,0,0,-1,1,0,1,0,0,0,0,-1,0,0,0,-1
1592,0,0,-1,0,0,0,0,0,1,1,1,1,-1,0,1,0,1,0,0,0,0,0,1,-1,0,0,1,0,1,0,0,-1,0,0,1,0,0,-1,0,1,-1,0,0,0,0,0,-1,0,0,0,0,0,0,0,0,0,-1,1,0,-1,1,0,0,0
1593,0,0,0,-1,0,-1,0,-1,0,1,0,0,0,0,1,1,-1,1,0,-1,0,0,1,0,0,0,-1,0,-1,0,0,0,0,-1,-1,-1,0,1,-1,0,0,0,0,0,0,0,0,0,1,0,0,0,0,0,0,0,0,0,-1,0,0,0,0,-1
1594,0,-1,0,1,0,0,0,1,1,0,1,0,-1,0,-1,1,1,-1,0,0,-1,1,1,0,1,0,0,0,0,0,0,-1,0,-1,0,0,1,-1,0,0,0,0,1,0,0,0,-1,-1,0,0,1,1,1,0,-1,-1,0,0,0,0,0,0,-1,0
1595,0,0,0,-1,0,0,-1,0,0,0,0,0,1,0,1,1,0,0,0,0,-1,0,0,1,0,-1,1,1,-1,1,1,-1,-1,0,0,0,0,0,0,0,0,0,0,0,0,0,0,0,0,0,0,0,0,0,1,1,0,0,0,0,0,0,0,0
1596,0,0,0,1,1,0,-1,1,0,0,1,-1,1,0,0,-1,-1,0,-1,0,0,0,1,-1,0,1,0,1,0,0,-1,1,1,0,1,0,1,1,1,0,0,0,1,0,0,-1,-1,-1,0,0,0,0,0,0,0,0,0,0,-1,-1,1,-1,-1,-1
1597,0,0,0,0,0,0,1,0,0,0,0,0,-1,-1,1,0,0,1,0,0,0,-1,0,0,0,0,-1,-1,1,0,1,1,0,0,0,-1,1,1,0,-1,0,1,-1,0,0,0,0,0,-1,0,0,0,1,1,0,0,0,1,0,0,1,1,0,0
1598,1,0,0,0,0,0,0,-1,0,1,1,0,0,-1,0,-1,0,0,0,-1,0,0,0,-1,0,0,0,0,0,1,1,-1,-1,0,0,-1,0,0,0,0,0,0,0,-1,0,0,0,0,0,1,0,0,-1,0,0,0,0,0,-1,0,-1,0,0,0
1599,0,0,0,0,0,-1,0,0,-1,0,0,0,0,-1,0,0,0,-1,0,0,0,0,0,1,0,0,0,0,0,0,-1,1,-1,-1,0,0,0,0,0,0,0,0,0,0,0,-1,0,0,-1,-1,0,0,1,0,0,0,-1,0,0,0,-1,0,0,0
1600,1,0,0,0,0,1,-1,0,0,0,0,0,-1,0,1,0,0,0,0,0,1,-1,0,0,0,0,0,1,0,0,0,0,0,0,-1,-1,0,0,0,0,0,-1,0,0,0,0,0,0,0,0,0,0,0,-1,0,0,0,0,0,0,0,0,0,0
1601,-1,1,0,0,0,0,0,-1,0,0,0,0,0,-1,-1,0,0,0,-1,0,0,1,1,0,0,0,0,1,1,0,-1,0,0,0,0,-1,0,0,0,-1,1,0,0,0,-1,0,0,1,0,0,0,1,1,1,1,0,0,0,0,1,0,0,0,0
1602,0,0,-1,0,0,0,0,0,0,1,-1,-1,-1,1,0,0,0,0,-1,0,1,0,0,0,1,0,-1,0,0,1,0,0,0,0,0,1,0,0,0,0,-1,0,0,1,-1,0,-1,1,-1,0,0,0,1,-1,0,0,1,0,1,0,1,0,0,0
1603,-1,-1,0,-1,0,-1,-1,0,0,0,0,0,-1,1,0,0,0,0,0,0,0,0,1,0,0,-1,0,-1,0,-1,0,0,0,1,-1,0,0,0,0,0,0,1,0,0,1,0,-1,0,0,0,0,1,0,-1,0,0,0,0,0,0,0,-1,0,0
1604,-1,0,-1,-1,0,1,0,0,0,-1,0,0,1,0,0,0,-1,0,0,1,0,0,0,0,0,1,1,1,0,0,0,0,0,1,-1,-1,0,0,0,0,1,0,0,0,0,-1,0,0,0,-1,0,0,-1,-1,0,0,0,0,0,-1,0,1,0,0
1605,-1,0,0,0,0,0,0,1,-1,0,0,0,0,0,0,-1,0,1,1,1,0,0,-1,0,0,1,0,0,-1,0,0,0,0,0,0,0,0,0,1,0,-1,0,-1,0,0,0,0,0,-1,0,0,0,0,-1,1,0,-1,0,0,0,-1,1,1,1
1606,0,1,0,0,0,0,0,1,1,-1,0,-1,0,0,0,0,0,-1,1,1,0,0,0,0,0,0,1,0,1,0,0,-1,0,0,-1,0,0,1,-1,1,0,0,0,-1,0,0,0,1,0,0,0,0,-1,0,0,0,0,0,0,0,0,0,0,0
1607,0,0,0,1,0,0,-1,1,0,1,0,0,1,0,1,-1,0,0,1,-1,0,0,1,0,0,0,-1,0,0,0,0,0,0,0,-1,0,0,1,0,0,0,0,-1,0,0,1,0,0,0,0,0,1,0,0,0,0,-1,1,0,0,0,1,0,0
1608,0,1,0,0,0,-1,0,0,-1,0,1,0,0,0,0,0,0,1,1,0,0,0,0,0,1,0,0,0,-1,0,0,1,-1,0,0,0,-1,0,0,0,0,-1,-1,1,0,-1,1,0,0,0,0,0,0,-1,0,1,1,0,0,0,0,1,1,1
1609,0,-1,0,0,1,0,1,-1,-1,0,0,1,0,0,1,1,0,0,-1,1,0,0,-1,1,0,0,0,0,-1,1,0,0,-1,-1,0,-1,0,1,0,1,1,-1,0,0,0,1,1,0,0,1,0,0,0,0,0,0,0,0,0,0,-1,0,1,0
1610,1,0,-1,1,-1,0,-1,0,0,0,0,1,1,-1,0,0,0,0,-1,0,1,0,-1,1,0,0,0,1,0,0,0,0,1,0,0,0,0,0,1,1,0,-1,1,0,0,1,-1,0,0,0,0,0,0,0,0,0,-1,0,0,0,-1,0,-1,1
1611,0,0,0,-1,0,1,0,-1,0,0,0,-1,0,0,0,0,0,-1,1,0,0,0,0,0,1,0,0,0,0,1,1,0,-1,0,0,0,1,0,0,0,0,0,0,0,0,-1,0,1,0,0,0,0,0,-1,-1,0,0,1,1,0,1,0,0,0
1612,0,1,0,0,0,-1,1,0,0,0,-1,0,0,-1,-1,0,0,-1,0,0,1,0,1,0,0,-1,0,0,0,0,0,-1,0,0,1,0,-1,1,1,0,0,0,0,0,-1,0,0,0,0,0,0,1,1,0,-1,0,1,0,0,-1,0,-1,-1,0
1613,0,0,1,0,0,0,0,0,0,0,0,1,0,-1,0,0,0,0,0,1,0,0,0,-1,1,0,0,-1,0,0,0,-1,1,0,1,0,0,0,0,0,-1,0,0,0,0,0,1,-1,0,1,0,0,1,0,1,0,1,0,-1,0,0,1,0,1
1614,0,0,-1,0,0,1,0,0,-1,0,-1,0,0,0,1,0,-1,0,-1,0,0,0,0,0,-1,0,1,1,0,-1,1,0,0,0,0,1,0,0,-1,-1,0,0,1,1,1,0,1,1,0,0,1,1,0,0,0,0,0,1,1,0,0,0,0,0
1615,0,-1,0,1,0,-1,0,0,0,0,0,0,0,0,-1,1,-1,0,0,-1,1,1,0,0,0,1,1,0,0,0,-1,0,0,1,-1,0,0,0,1,-1,0,0,0,-1,0,1,0,0,0,0,0,1,-1,0,1,0,0,0,0,0,0,0,-1,0
1616,0,0,1,0,1,0,-1,0,-1,1,0,0,0,0,0,-1,0,0,-1,0,0,0,1,0,0,0,0,0,1,1,0,0,0,0,1,0,0,1,1,1,0,0,1,1,0,0,1,0,0,0,-1,0,-1,0,0,0,0,0,1,-1,0,1,0,-1
1617,0,-1,1,0,0,0,0,0,0,0,0,0,0,-1,0,0,1,0,1,-1,0,0,-1,0,0,0,0,0,0,0,0,0,0,0,-1,1,1,0,0,-1,0,0,0,0,-1,0,0,-1,0,1,1,0,1,0,-1,1,0,0,-1,0,1,0,0,1
1618,0,0,1,0,0,0,-1,0,0,1,0,1,0,0,-1,0,1,0,-1,0,-1,0,0,0,0,-1,-1,0,0,0,0,0,0,0,0,0,0,0,0,0,1,0,-1,0,-1,0,0,1,-1,1,0,0,1,0,-1,0,0,0,1,0,0,1,-1,-1
1619,1,1,0,0,0,0,1,0,0,0,0,0,-1,0,1,0,0,0,0,0,1,0,-1,0,0,0,0,1,0,-1,0,-1,1,0,0,-1,-1,0,0,1,0,0,0,0,1,0,0,0,0,0,1,0,0,0,0,1,0,0,0,0,0,0,0,0
1620,1,0,1,0,-1,1,0,0,1,0,0,0,1,0,0,0,1,0,0,0,0,0,0,0,0,0,1,0,0,0,0,0,0,0,0,0,0,-1,0,0,0,-1,0,-1,1,0,-1,0,0,0,0,0,-1,-1,0,0,0,0,0,0,0,1,0,0
1621,0,0,1,0,-1,0,0,1,0,0,0,0,-1,0,1,0,0,0,0,0,0,0,-1,-1,0,1,-1,0,-1,0,-1,1,-1,0,0,0,1,0,0,0,0,1,0,1,0,1,0,0,0,0,0,0,0,-1,1,0,0,0,0,0,1,0,1,1
1622,0,0,0,0,0,0,0,0,0,-1,0,0,1,0,-1,0,0,0,-1,0,-1,-1,0,-1,0,-1,-1,0,0,-1,1,1,1,1,0,0,-1,-1,0,0,-1,0,0,-1,-1,0,1,0,0,0,0,0,0,1,-1,1,0,-1,0,-1,1,-1,0,1
1623,0,0,1,0,0,-1,1,-1,0,-1,0,0,1,0,1,0,0,0,-1,0,0,-1,0,1,0,0,1,0,0,1,-1,-1,1,1,0,-1,0,0,0,0,0,0,1,0,0,0,0,0,0,-1,0,0,0,0,1,0,0,0,0,1,0,1,0,1
1624,0,1,1,-1,0,0,-1,0,-1,1,0,0,1,0,1,1,0,0,1,0,0,0,0,1,0,0,0,1,0,-1,-1,-1,0,1,0,1,0,0,-1,0,0,0,0,0,0,0,0,0,0,0,0,0,-1,0,0,1,-1,-1,0,0,0,0,-1,0
1625,-1,0,0,0,0,0,1,-1,0,0,0,1,-1,0,0,1,0,0,1,0,-1,-1,0,0,0,0,0,0,0,0,1,1,-1,0,0,0,0,0,0,-1,-1,-1,0,0,0,1,0,0,1,-1,0,1,0,-1,0,1,0,0,-1,0,0,0,-1,-1
1626,0,1,-1,0,1,0,0,0,1,0,-1,0,-1,0,-1,0,0,0,0,0,1,0,0,0,0,0,-1,0,0,0,0,0,0,1,0,0,0,0,0,0,0,0,0,1,0,0,0,-1,0,0,0,0,0,1,0,0,0,0,1,0,1,0,0,0
1627,-1,1,0,1,0,0,0,0,-1,0,-1,0,0,0,0,0,0,0,1,0,0,0,1,0,-1,1,0,0,0,-1,1,-1,1,0,0,0,1,0,1,0,-1,0,0,1,0,0,0,0,0,0,0,-1,0,1,0,0,1,0,1,0,-1,-1,0,0
1628,0,0,0,-1,-1,0,1,0,0,0,0,0,0,0,1,1,-1,0,-1,0,0,0,0,-1,-1,0,0,0,-1,0,0,0,0,0,0,1,0,-1,0,0,0,0,0,0,-1,-1,0,0,1,0,0,0,0,0,0,0,0,-1,0,1,-1,-1,0,0
1629,0,0,-1,-1,-1,0,0,0,-1,0,0,0,0,0,-1,0,0,-1,-1,0,1,0,0,0,0,0,0,0,0,0,0,1,0,0,-1,0,0,0,1,0,0,0,0,0,1,0,0,-1,0,1,0,0,0,-1,-1,-1,1,0,0,1,0,0,0,0
1630,0,0,0,0,0,0,1,-1,-1,0,0,1,0,0,0,0,0,0,0,0,0,0,-1,0,-1,0,0,0,0,0,-1,1,0,0,-1,0,0,0,0,0,0,0,0,0,0,0,1,-1,0,1,-1,-1,0,-1,0,0,-1,0,0,0,1,1,0,0
1631,-1,0,0,-1,0,-1,0,0,-1,0,0,1,0,0,0,-1,0,0,0,0,1,-1,0,0,1,0,1,0,-1,0,0,0,-1,0,1,1,0,0,0,0,0,0,0,-1,1,0,0,0,0,1,0,0,0,0,1,1,0,0,1,1,0,0,0,0
1632,0,1,0,0,-1,0,0,0,0,-1,0,0,0,-1,1,-1,1,0,0,-1,0,0,1,-1,0,1,0,0,0,1,0,0,0,-1,0,0,0,0,0,0,-1,0,0,1,-1,0,0,1,0,-1,-1,0,0,1,0,0,-1,0,0,0,1,1,0,1
1633,-1,-1,0,0,-1,0,0,0,1,1,0,-1,0,0,1,0,0,0,0,0,-1,0,-1,0,0,0,0,0,1,0,0,-1,0,-1,0,0,0,0,0,0,0,1,0,0,0,0,1,1,0,0,1,0,0,0,-1,0,0,0,0,0,0,-1,-1,0
1634,0,0,0,0,0,0,1,0,-1,0,0,0,0,0,1,0,0,0,-1,0,0,0,0,1,0,0,0,1,0,-1,0,-1,0,1,-1,0,-1,0,0,1,0,1,1,-1,0,0,0,0,0,0,0,0,1,-1,0,0,0,1,0,-1,0,0,0,0
1635,-1,-1,0,-1,0,0,-1,0,0,0,-1,0,-1,-1,0,0,0,0,0,-1,0,0,0,0,0,0,0,1,-1,0,-1,1,0,0,0,0,1,0,0,1,0,0,0,0,1,0,0,-1,0,0,0,-1,0,-1,0,1,0,1,1,0,0,-1,0,0
1636,0,0,0,-1,0,-1,0,1,0,-1,0,1,0,0,1,0,0,0,0,-1,1,1,0,0,0,-1,0,0,1,0,0,1,0,0,-1,0,0,1,0,-1,0,0,0,1,0,-1,0,0,0,0,0,1,0,1,-1,0,0,0,0,0,0,1,0,1
1637,0,0,0,0,0,0,0,0,1,0,0,1,-1,0,0,0,-1,0,-1,-1,1,0,1,1,0,-1,0,0,0,0,0,0,0,1,0,0,0,1,0,-1,0,0,0,0,0,0,0,0,0,0,0,-1,0,0,0,0,0,0,0,-1,-1,0,0,0
1638,0,0,0,-1,0,-1,-1,0,0,0,0,1,0,1,0,0,-1,1,0,0,1,0,-1,0,0,0,1,-1,0,-1,0,0,0,0,0,1,0,0,0,1,0,0,0,1,0,0,0,0,0,0,1,0,0,0,0,-1,0,0,0,-1,1,0,0,0
1639,-1,0,0,0,0,0,0,0,0,0,0,0,0,-1,0,0,0,-1,-1,0,1,0,0,1,0,0,0,-1,0,0,-1,0,1,0,0,0,0,0,0,0,1,0,0,-1,1,0,1,-1,0,1,0,-1,0,0,-1,0,0,0,0,1,0,0,1,1
1640,0,-1,1,0,1,0,1,0,0,0,1,0,0,-1,0,0,0,0,0,0,0,1,-1,0,0,1,0,0,1,0,1,-1,0,0,0,0,0,0,0,-1,-1,1,1,-1,0,0,0,0,0,0,0,0,0,0,1,0,-1,0,1,0,0,1,-1,-1
1641,1,0,0,-1,0,-1,0,0,0,1,0,0,0,0,0,0,1,0,1,0,0,0,0,0,1,0,0,-1,0,0,0,0,-1,1,0,-1,0,1,-1,0,0,0,0,0,0,0,0,0,0,0,0,0,0,0,0,0,0,0,0,1,1,0,0,-1
1642,1,0,0,-1,0,-1,0,-1,-1,-1,0,0,-1,0,0,0,0,1,0,0,0,0,0,0,1,-1,0,0,-1,1,1,0,-1,0,0,0,0,0,0,-1,0,0,0,1,0,-1,0,0,-1,-1,0,0,0,0,-1,-1,0,0,0,0,0,0,0,-1
1643,0,0,0,0,0,-1,1,0,-1,0,0,0,1,-1,0,-1,1,1,0,0,-1,0,0,0,0,0,0,1,0,-1,1,1,0,0,0,0,-1,0,0,1,0,0,-1,0,0,0,0,0,0,0,-1,-1,-1,0,1,0,0,0,0,0,-1,0,0,0
1644,-1,0,0,0,0,1,0,0,-1,0,0,1,0,1,0,0,0,0,0,0,0,0,0,0,0,0,0,0,0,-1,-1,1,0,0,1,0,0,1,0,0,-1,0,0,0,0,0,0,0,-1,0,0,1,-1,0,0,0,-1,0,0,0,0,0,0,1
1645,0,0,0,-1,-1,1,0,-1,0,1,1,0,-1,0,0,0,0,1,0,0,1,0,0,0,0,0,0,0,1,0,0,1,-1,0,0,0,0,0,0,0,0,-1,-1,1,0,1,0,0,-1,0,0,0,0,1,0,-1,0,-1,-1,0,0,-1,-1,0
1646,0,0,-1,0,0,0,-1,0,0,-1,-1,-1,-1,0,-1,1,0,-1,0,0,0,-1,0,0,0,0,0,0,1,0,0,-1,0,0,0,0,0,0,0,-1,0,0,0,1,0,-1,-1,0,0,0,-1,1,-1,0,0,-1,1,1,1,0,1,0,0,1
1647,0,1,0,1,0,0,0,-1,0,-1,0,-1,0,-1,0,0,0,0,0,0,1,1,0,0,0,0,0,0,-1,0,0,0,0,-1,0,0,0,0,-1,0,0,0,-1,0,0,1,-1,0,0,-1,-1,0,0,1,0,0,0,0,0,0,0,0,0,0
1648,0,1,0,0,0,0,0,0,1,1,-1,0,0,0,0,0,1,0,0,-1,0,-1,0,0,0,0,0,0,1,0,0,0,0,0,0,-1,-1,1,0,-1,-1,0,0,-1,0,0,0,0,0,0,0,-1,0,0,0,-1,0,0,0,0,-1,0,0,0
1649,0,0,1,-1,1,0,0,0,0,0,0,0,0,0,-1,1,0,0,0,0,0,-1,0,0,0,-1,1,-1,-1,0,1,0,1,0,-1,1,1,-1,-1,0,0,0,0,0,-1,0,0,0,0,0,0,0,0,0,0,-1,0,1,1,0,0,0,0,1
1650,0,-1,0,0,0,0,0,0,0,0,0,1,-1,0,1,0,-1,0,0,0,0,0,0,0,-1,0,-1,0,1,1,0,0,-1,0,0,-1,-1,0,-1,0,-1,0,0,0,-1,0,0,0,-1,0,1,0,0,0,0,0,0,0,0,0,-1,0,0,0
1651,0,-1,1,0,-1,0,0,0,-1,-1,0,0,1,-1,1,0,1,-1,1,0,0,0,-1,0,1,0,0,1,0,-1,0,0,-1,0,0,0,1,0,0,0,-1,0,1,0,0,-1,0,0,0,0,0,0,0,1,0,0,1,-1,0,-1,1,1,0,0
1652,0,-1,-1,0,0,-1,0,0,0,1,0,0,0,-1,0,1,0,1,0,0,1,0,0,0,0,1,0,0,0,0,1,0,1,0,1,0,0,0,0,0,0,-1,0,1,0,1,0,0,1,0,-1,0,-1,0,0,0,1,1,0,1,-1,0,-1,0
1653,-1,-1,1,0,0,0,0,1,-1,0,0,0,1,0,0,0,0,0,1,0,0,0,0,0,0,0,0,-1,0,0,-1,0,1,0,0,0,1,0,0,1,0,0,-1,0,1,0,0,-1,0,0,1,1,0,0,0,0,0,0,0,-1,-1,0,0,-1
1654,0,0,0,0,0,0,0,1,0,0,0,-1,0,0,0,-1,0,-1,0,0,0,0,0,0,0,0,1,0,0,0,0,1,0,-1,1,0,-1,1,0,0,0,1,0,0,0,0,-1,0,-1,-1,0,0,0,0,0,0,0,0,0,-1,0,1,1,0
1655,0,0,0,0,-1,0,0,0,0,0,0,-1,0,0,1,0,0,-1,0,0,-1,0,-1,0,0,1,1,0,0,-1,1,-1,0,0,0,0,0,0,-1,0,0,-1,0,0,0,0,0,0,0,1,0,0,0,0,0,0,-1,0,0,0,0,0,0,-1
1656,0,-1,1,0,-1,0,0,0,0,0,0,0,0,0,1,0,0,-1,0,1,1,0,0,0,0,-1,0,0,-1,0,1,0,1,0,0,0,0,0,0,0,0,1,0,0,1,1,0,-1,0,0,0,-1,-1,-1,0,0,0,0,1,-1,0,0,0,0
1657,0,0,1,1,-1,0,-1,0,0,1,1,1,0,-1,0,0,0,1,0,1,1,0,0,0,0,0,0,0,1,-1,0,0,0,-1,0,-1,-1,0,1,0,0,0,0,0,0,0,0,1,-1,1,0,-1,0,-1,0,0,1,0,-1,0,0,0,0,0
1658,0,0,1,0,0,0,0,1,1,0,0,0,0,0,0,0,-1,0,-1,1,0,0,0,-1,1,0,0,0,0,1,0,0,0,0,0,0,-1,0,1,1,1,0,0,-1,0,0,0,1,1,0,-1,0,1,0,0,0,0,0,0,-1,1,1,0,1
1659,0,1,0,1,0,1,-1,0,0,0,1,0,-1,0,0,0,0,0,0,0,0,-1,0,-1,0,0,0,0,-1,1,0,0,0,0,0,0,1,0,0,0,-1,1,0,-1,0,0,1,0,0,0,0,0,0,-1,1,0,0,0,0,0,-1,0,0,0
1660,0,0,0,1,0,1,0,-1,1,1,0,0,-1,0,0,0,-1,0,0,0,0,0,0,0,0,0,-1,0,0,-1,0,0,0,0,0,0,-1,-1,0,0,0,0,0,0,0,-1,0,0,-1,-1,0,0,0,1,0,0,0,0,0,0,0,0,0,0
1661,0,-1,0,0,0,0,0,0,0,-1,-1,-1,0,0,1,1,-1,0,1,0,0,1,0,0,0,0,0,0,-1,0,0,1,0,-1,-1,-1,0,0,0,0,1,0,-1,0,0,0,-1,0,0,-1,0,0,0,0,0,0,0,0,0,-1,-1,-1,1,1
1662,0,0,0,1,1,0,1,1,0,0,0,1,1,0,0,-1,0,0,0,0,0,0,0,1,1,0,-1,-1,0,-1,1,0,0,0,0,0,0,1,0,0,0,0,0,0,-1,0,1,0,1,0,0,1,0,0,-1,0,0,1,-1,-1,0,-1,0,1
1663,0,0,-1,1,1,0,1,1,0,0,0,0,-1,0,0,0,0,0,0,1,-1,0,0,-1,0,0,0,0,0,1,0,0,0,0,0,0,-1,0,0,0,0,-1,0,0,0,0,0,1,0,0,0,0,0,1,1,0,1,0,0,0,1,0,1,0
1664,-1,0,0,0,0,1,1,0,0,-1,-1,1,1,0,1,0,0,0,-1,1,0,0,0,0,0,1,0,0,0,0,-1,0,0,0,1,0,0,-1,0,-1,0,0,0,1,0,0,1,0,0,0,0,0,1,0,0,1,0,1,0,0,0,-1,0,0
1665,0,0,0,0,0,0,0,0,0,0,1,-1,0,-1,-1,-1,0,1,0,0,0,0,0,1,0,0,0,0,0,0,0,0,0,-1,0,-1,0,0,-1,-1,1,0,1,0,1,1,0,-1,0,0,0,0,1,-1,0,0,1,0,0,1,0,-1,0,-1
1666,1,1,0,0,0,-1,0,0,0,0,0,-1,0,0,1,0,0,0,0,0,0,0,0,0,0,0,-1,1,0,0,0,0,0,0,-1,0,0,0,0,0,1,0,0,0,0,1,0,0,-1,1,-1,0,1,0,0,0,0,0,0,0,0,-1,0,1
1667,0,0,-1,0,0,0,0,0,1,0,0,1,1,1,0,1,0,0,0,0,1,1,0,0,-1,0,0,1,0,0,0,0,0,0,1,-1,0,0,0,0,0,1,0,0,0,0,-1,0,0,-1,0,0,0,0,1,-1,-1,0,0,0,-1,0,0,0
1668,0,0,0,-1,-1,0,1,-1,0,1,1,-1,0,0,0,0,1,0,0,0,1,1,0,0,0,0,0,0,0,0,-1,-1,0,-1,1,0,0,0,1,0,0,1,0,1,0,0,0,0,-1,1,0,0,0,0,0,0,1,0,0,0,0,0,-1,0
1669,0,0,0,0,0,1,0,-1,1,-1,0,1,0,0,0,0,-1,0,0,0,0,-1,0,1,0,0,0,-1,0,0,0,-1,1,0,1,0,1,0,0,0,0,0,0,1,1,0,0,-1,0,-1,0,0,1,1,0,0,0,0,0,0,0,0,1,1
1670,0,0,0,0,-1,1,-1,1,1,0,0,-1,0,0,1,0,-1,1,1,0,-1,0,0,0,0,0,0,0,0,0,0,1,1,0,1,1,0,0,0,0,0,0,0,-1,-1,1,1,0,-1,0,0,0,0,1,0,-1,0,0,0,1,1,0,0,0
1671,0,1,-1,1,-1,0,0,0,1,-1,0,1,0,0,1,1,1,0,0,0,0,0,1,1,-1,0,0,0,-1,0,0,-1,0,-1,0,1,0,0,1,-1,1,1,0,1,0,0,0,0,0,0,0,0,0,0,1,1,1,0,0,0,0,0,0,0
1672,0,0,0,0,0,0,-1,0,0,0,0,0,0,0,0,0,0,1,-1,0,0,0,0,1,0,0,1,0,0,0,0,0,-1,0,0,0,0,0,0,1,0,0,0,1,1,1,0,-1,1,-1,0,0,-1,-1,1,0,1,-1,-1,0,1,-1,0,0
1673,0,0,0,0,0,0,0,0,0,0,0,0,-1,0,1,0,0,0,0,0,0,0,0,0,0,1,0,1,1,-1,0,0,0,-1,1,0,1,0,0,0,0,-1,0,-1,0,1,0,0,0,0,0,0,0,1,0,0,0,0,0,0,-1,-1,1,0
1674,0,-1,0,-1,0,0,-1,-1,-1,0,0,0,1,1,0,1,0,0,0,0,0,0,0,0,0,0,1,0,1,0,0,0,0,0,0,-1,1,1,0,0,0,1,0,0,0,0,0,0,0,1,0,1,0,0,0,-1,1,1,0,0,1,0,-1,-1
1675,-1,0,0,0,0,0,0,0,0,0,0,1,0,-1,0,0,0,1,0,0,0,0,1,0,0,1,0,1,1,0,1,0,-1,0,0,0,0,1,0,-1,0,0,1,0,0,0,0,0,0,0,0,0,0,0,1,-1,0,0,0,0,0,-1,0,0
1676,1,0,0,-1,0,0,0,-1,1,-1,1,1,0,1,0,0,-1,0,0,0,0,-1,0,1,0,0,0,1,-1,0,0,0,0,0,0,-1,0,0,-1,0,0,0,1,0,0,0,1,0,-1,0,0,0,1,0,0,1,0,0,-1,-1,1,1,0,1
1677,0,0,-1,0,0,0,0,0,0,0,0,0,0,-1,1,1,0,0,-1,0,0,0,1,1,0,0,1,0,0,0,0,-1,-1,0,0,1,0,0,0,1,-1,0,0,-1,0,0,0,1,0,1,-1,0,0,0,0,0,0,-1,0,1,0,0,1,0
1678,-1,0,0,0,-1,-1,1,0,1,-1,0,0,0,-1,0,0,0,0,0,-1,0,0,1,1,0,0,-1,0,0,1,0,0,0,-1,0,0,0,0,0,0,-1,-1,-1,0,-1,0,0,0,0,0,-1,0,0,0,1,0,0,-1,1,0,0,0,0,0
1679,-1,0,0,1,0,0,1,-1,0,-1,0,0,1,0,-1,0,0,0,-1,0,0,0,1,1,0,-1,1,0,0,0,1,0,1,0,1,0,0,1,0,0,0,1,0,0,1,0,0,0,0,0,0,0,0,0,0,0,0,0,0,0,0,-1,0,-1
1680,-1,0,-1,0,0,-1,0,-1,0,1,-1,1,0,0,-1,0,0,0,0,0,1,-1,0,0,0,-1,0,0,1,0,0,0,0,1,0,1,-1,0,0,-1,0,-1,0,0,0,0,1,1,0,0,0,0,0,0,0,0,0,0,0,0,-1,0,1,-1
1681,0,1,-1,0,1,0,1,0,1,0,1,1,0,0,0,0,0,0,-1,0,-1,-1,0,0,-1,-1,-1,0,0,0,0,0,0,1,0,0,0,-1,0,0,0,1,1,0,0,0,0,0,0,0,0,0,1,0,1,0,0,0,0,0,0,-1,-1,-1
1682,0,0,1,1,0,0,0,0,1,1,1,0,0,0,0,-1,-1,0,0,0,0,0,0,1,0,-1,-1,-1,0,1,1,0,0,0,0,0,0,0,0,-1,0,0,1,-1,0,0,0,0,0,0,0,0,0,0,0,-1,0,0,-1,-1,0,0,1,-1
1683,0,-1,1,-1,-1,0,-1,0,0,0,0,0,-1,0,0,0,-1,0,1,0,0,0,0,0,0,0,0,1,0,0,1,0,0,1,0,0,-1,0,0,-1,0,0,0,0,-1,-1,0,1,0,0,0,0,1,1,-1,0,0,-1,1,-1,0,0,0,0
1684,-1,0,-1,0,0,0,1,-1,0,-1,-1,1,0,0,1,1,0,0,0,0,-1,0,0,0,0,0,-1,0,0,-1,-1,0,-1,0,0,-1,0,0,0,-1,1,0,0,0,0,0,1,0,0,-1,-1,-1,0,-1,0,0,1,0,0,-1,0,0,1,0
1685,-1,-1,0,-1,0,1,-1,0,0,0,0,0,-1,1,0,-1,1,-1,0,0,1,1,-1,0,0,0,0,0,0,1,0,0,1,0,1,0,-1,0,0,0,0,0,0,0,-1,0,1,0,0,0,-1,0,-1,-1,0,0,0,1,0,0,0,0,0,1
1686,0,1,0,0,-1,0,0,0,0,0,0,0,0,-1,0,0,0,0,-1,1,0,0,0,0,0,0,0,0,1,0,0,0,0,1,-1,0,-1,1,0,1,-1,1,-1,-1,0,-1,1,0,0,0,0,0,0,-1,0,0,0,0,0,1,0,0,-1,-1
1687,1,1,-1,0,0,0,0,0,1,-1,0,1,0,0,0,0,0,1,-1,0,-1,0,-1,0,0,0,0,-1,0,0,0,0,-1,-1,0,0,0,0,0,0,1,0,0,0,0,0,0,0,0,-1,0,-1,-1,0,0,0,0,0,0,0,0,1,-1,0
1688,0,1,0,1,0,1,-1,0,-1,0,0,0,0,-1,-1,0,0,0,-1,0,0,0,0,0,0,0,1,1,0,0,1,0,0,0,0,1,0,-1,0,1,0,-1,0,1,0,0,1,0,-1,0,0,0,0,0,1,0,0,0,-1,0,0,1,1,0
1689,-1,0,0,0,1,0,0,-1,0,-1,0,0,-1,0,-1,0,0,0,0,0,0,0,0,0,-1,0,1,-1,0,0,1,1,0,0,0,0,0,-1,1,0,1,0,0,0,0,0,0,0,0,0,0,0,0,0,-1,1,0,0,0,0,-1,-1,1,0
1690,0,0,0,0,0,0,-1,-1,0,0,0,0,1,0,0,0,0,0,-1,0,0,0,1,0,-1,1,0,-1,0,0,0,0,0,0,0,0,1,1,0,0,0,-1,0,1,0,0,0,1,0,0,-1,0,0,0,1,0,0,-1,0,0,-1,-1,0,0
1691,0,0,0,0,0,1,0,0,1,0,0,0,1,0,0,0,0,1,0,-1,1,0,-1,0,-1,0,0,1,1,0,0,0,1,1,1,-1,0,0,0,0,0,-1,1,-1,0,1,0,0,0,-1,1,1,1,-1,0,1,0,0,1,0,1,0,0,-1
1692,1,1,-1,0,0,0,0,0,1,0,0,0,1,0,0,-1,-1,0,0,0,0,0,-1,0,0,-1,-1,0,0,0,0,0,-1,-1,0,1,-1,0,-1,0,0,-1,0,0,0,-1,0,-1,1,0,-1,-1,0,0,0,0,0,-1,-1,0,0,0,1,0
1693,0,0,1,-1,-1,-1,0,1,0,-1,1,0,1,0,0,0,-1,0,0,0,0,0,0,0,0,0,0,0,-1,0,0,0,0,0,1,0,-1,1,0,-1,0,0,-1,0,-1,0,0,-1,-1,1,-1,0,-1,0,0,1,0,0,-1,0,1,0,0,1
1694,1,-1,0,0,0,0,0,1,0,0,0,0,0,-1,0,1,0,0,1,0,1,1,0,1,-1,0,0,1,1,0,-1,0,0,0,0,1,0,0,1,0,0,1,0,0,0,0,1,-1,0,0,0,-1,0,0,0,0,0,0,0,1,0,0,0,0
1695,0,0,0,0,1,0,0,0,0,0,-1,0,0,1,1,1,0,-1,0,0,0,0,1,1,0,0,0,1,0,0,1,1,1,0,0,0,0,0,1,1,1,0,0,1,0,-1,0,1,0,1,0,0,0,0,0,0,0,0,0,-1,-1,0,0,1
1696,0,0,0,1,0,0,0,0,0,0,0,0,0,1,0,-1,0,0,0,1,1,0,-1,0,1,1,0,0,1,1,0,0,0,-1,1,0,0,0,0,0,0,1,0,0,0,0,0,0,-1,-1,0,-1,-1,1,0,1,-1,-1,1,0,0,0,0,0
1697,0,1,-1,1,0,1,-1,0,-1,0,-1,1,0,0,0,0,-1,0,0,0,1,0,0,0,0,-1,0,-1,0,0,-1,-1,0,0,-1,1,-1,0,0,0,1,0,-1,0,0,1,0,0,0,1,-1,0,1,0,-1,0,0,0,0,0,0,0,0,-1
1698,0,0,0,0,-1,0,0,1,1,0,1,0,0,1,0,0,0,1,1,0,0,0,0,0,0,1,0,0,0,1,0,-1,0,0,-1,-1,0,0,0,0,-1,0,0,1,1,-1,0,-1,0,0,0,-1,0,1,-1,0,0,0,-1,-1,-1,0,0,0
1699,0,0,0,0,0,0,0,0,-1,0,0,1,-1,0,0,0,0,0,-1,-1,0,0,-1,1,0,1,-1,0,0,0,0,0,0,-1,1,0,1,0,0,0,1,0,1,0,0,1,0,1,0,0,0,0,0,1,0,0,1,0,0,0,1,-1,0,-1
1700,0,1,0,0,0,0,1,1,0,0,1,0,1,0,1,0,1,0,0,1,0,0,0,0,1,0,0,1,-1,0,0,0,0,0,0,0,0,0,0,0,0,0,0,0,-1,0,0,0,-1,0,-1,0,-1,0,0,-1,0,-1,0,0,0,0,0,0
1701,0,-1,0,0,0,0,-1,0,-1,1,-1,0,0,1,0,0,-1,0,0,0,0,0,1,0,0,0,0,0,0,0,0,0,0,0,1,0,-1,0,0,0,0,-1,1,0,0,0,1,-1,0,1,0,0,0,0,1,0,0,1,0,0,0,0,0,-1
1702,0,0,0,0,-1,1,0,-1,-1,1,0,-1,-1,-1,0,0,1,-1,0,0,0,0,0,1,0,0,-1,0,-1,0,-1,0,1,1,0,-1,-1,0,0,0,0,0,0,-1,-1,0,0,0,1,1,1,0,0,0,0,0,-1,1,1,0,0,1,-1,-1
1703,0,0,0,0,0,0,0,1,1,1,0,0,0,0,0,0,0,0,0,0,0,0,0,0,0,0,0,0,1,-1,0,0,0,-1,1,0,0,0,1,0,1,0,-1,-1,0,0,1,0,0,0,0,0,-1,0,0,0,1,0,0,0,0,-1,0,0
1704,1,0,0,1,0,-1,0,1,0,1,0,0,-1,-1,1,0,0,0,0,0,0,0,1,-1,0,0,0,0,-1,0,0,1,0,0,0,1,0,1,-1,0,0,1,0,0,1,-1,0,1,0,0,0,0,-1,0,0,0,0,0,1,0,-1,0,-1,0
1705,0,-1,1,0,0,0,0,1,0,1,0,0,0,0,0,-1,0,0,-1,0,0,0,0,0,0,-1,1,0,0,0,0,0,0,0,0,0,-1,0,0,1,0,0,-1,-1,0,0,0,-1,0,0,0,0,1,0,-1,0,0,0,0,0,-1,0,0,0
1706,-1,-1,1,1,0,-1,0,0,0,-1,0,1,-1,1,0,0,0,0,-1,0,0,-1,-1,0,0,1,1,0,0,-1,-1,-1,0,0,0,0,-1,1,0,-1,1,0,1,0,1,1,0,0,-1,0,0,0,0,0,-1,0,0,0,1,-1,0,1,1,1
1707,0,1,0,0,1,0,-1,1,-1,0,0,0,1,0,0,-1,-1,0,0,1,-1,0,0,0,0,0,0,1,0,1,0,1,0,-1,0,0,-1,0,0,0,0,0,-1,1,1,0,1,0,0,0,0,1,0,0,-1,0,0,0,-1,0,0,0,0,0
1708,0,0,0,1,-1,1,0,0,0,0,0,-1,1,0,1,-1,0,1,0,0,1,0,1,0,0,-1,-1,0,0,0,0,1,-1,0,0,0,0,0,0,1,0,-1,1,0,-1,0,0,1,0,0,1,0,1,0,-1,0,-1,0,0,1,0,0,0,0
1709,1,-1,0,-1,1,0,0,0,0,0,0,0,1,1,-1,0,0,1,0,0,0,1,1,0,-1,0,-1,1,0,0,0,0,0,0,0,0,0,0,1,0,0,-1,1,0,1,0,0,1,0,1,0,0,0,0,-1,0,1,0,0,0,-1,1,0,0
1710,-1,0,1,0,0,-1,1,-1,-1,0,-1,-1,1,0,0,1,-1,0,0,0,0,1,0,0,0,0,0,1,0,0,0,1,-1,0,0,0,0,1,0,-1,0,0,1,-1,0,0,1,0,0,0,-1,0,-1,1,-1,1,0,1,0,0,1,0,0,0
1711,0,0,0,1,0,0,0,0,0,1,-1,0,0,0,0,1,-1,0,1,0,0,1,0,1,-1,0,0,0,0,0,0,1,-1,-1,-1,0,0,0,-1,0,0,-1,-1,0,0,1,0,-1,0,0,-1,1,0,0,-1,0,0,0,0,0,0,-1,0,1
1712,0,1,0,-1,0,-1,0,1,0,1,0,0,-1,-1,0,1,0,1,1,0,0,0,-1,0,0,1,-1,0,1,-1,0,0,0,0,0,1,0,0,-1,0,-1,0,0,-1,0,0,0,1,0,0,-1,0,-1,0,0,0,0,0,0,-1,-1,0,0,0
1713,0,1,0,0,0,0,0,0,-1,0,0,1,1,0,0,0,0,0,1,-1,0,0,-1,0,0,0,1,0,1,0,0,0,0,0,-1,0,0,0,0,0,1,-1,0,0,0,0,1,0,0,0,0,-1,0,0,-1,0,0,1,0,1,0,0,1,0
1714,0,0,0,-1,0,0,0,-1,0,0,0,0,0,-1,-1,0,0,0,1,0,0,0,0,-1,0,0,0,0,0,0,1,0,0,0,-1,1,0,0,-1,-1,-1,0,0,0,0,1,-1,0,0,0,0,0,0,0,1,0,-1,0,1,0,0,0,1,0
1715,0,0,0,-1,1,1,0,0,-1,0,0,1,0,0,1,1,0,-1,-1,0,0,0,1,-1,0,0,0,-1,0,0,0,1,0,-1,0,0,0,0,0,1,0,-1,1,0,0,0,0,0,-1,-1,0,0,0,1,0,0,-1,0,1,0,0,0,0,1
1716,0,0,0,1,0,0,1,0,0,1,0,-1,0,-1,1,0,0,0,0,1,-1,0,1,-1,0,0,-1,0,0,1,0,1,1,0,0,0,-1,1,0,0,0,0,0,1,0,0,0,1,1,0,0,-1,0,0,0,-1,1,0,0,0,0,0,1,0
1717,0,1,0,0,1,0,0,0,0,-1,0,0,0,0,-1,-1,0,-1,0,-1,0,0,0,0,0,0,-1,0,0,0,0,0,0,-1,0,0,0,0,-1,0,0,1,0,0,0,-1,0,-1,1,0,1,0,0,1,0,0,1,0,0,1,0,0,0,0
1718,0,-1,0,-1,0,0,0,0,1,1,0,-1,0,0,0,0,-1,1,0,1,0,1,1,0,0,1,0,0,0,1,0,0,0,0,-1,-1,0,-1,1,-1,-1,0,0,0,0,0,0,0,0,-1,0,0,0,0,-1,1,1,0,0,-1,0,0,0,1
1719,-1,0,0,0,0,-1,0,0,0,0,0,-1,1,-1,0,0,0,1,0,1,0,0,0,0,0,1,1,0,0,0,1,0,0,0,0,0,0,0,1,0,0,0,0,-1,-1,0,0,0,0,0,0,0,-1,0,0,1,-1,0,-1,0,1,0,-1,0
1720,-1,0,0,-1,-1,0,0,-1,0,1,0,0,-1,0,0,0,0,1,1,0,0,0,1,0,0,0,0,1,1,0,-1,-1,0,0,-1,1,0,-1,0,-1,1,0,0,0,-1,1,-1,0,0,0,0,0,1,0,1,0,-1,0,1,0,0,0,-1,0
1721,0,0,1,0,1,0,0,0,0,0,0,0,0,0,-1,-1,1,1,0,-1,1,-1,0,0,0,1,1,0,0,-1,0,0,0,0,0,0,-1,1,0,-1,1,0,0,-1,0,1,-1,0,1,0,-1,0,0,0,-1,0,1,-1,1,0,0,-1,1,0
1722,0,-1,0,0,0,-1,0,-1,1,0,-1,-1,1,0,1,0,0,0,-1,0,0,0,0,-1,0,0,0,0,0,-1,0,0,1,0,0,-1,0,0,-1,0,0,1,0,0,0,0,-1,0,-1,0,1,1,-1,0,0,-1,0,0,1,0,0,0,1,0
1723,1,0,0,0,0,1,-1,-1,0,-1,0,0,0,0,-1,1,0,0,0,0,0,0,0,0,0,0,-1,1,0,0,-1,1,0,-1,0,0,-1,0,0,1,0,0,0,0,1,0,1,0,-1,1,0,1,0,-1,1,-1,1,0,0,0,0,0,0,0
1724,0,0,0,-1,0,-1,-1,1,0,1,0,-1,1,0,0,0,0,1,0,1,-1,0,0,0,0,0,0,-1,1,0,1,0,-1,0,1,-1,-1,-1,0,0,1,0,0,1,-1,0,-1,0,0,1,0,-1,0,0,0,0,0,1,0,0,-1,0,0,0
1725,1,0,0,1,0,1,0,0,1,0,0,0,0,0,0,0,-1,-1,1,0,0,0,0,0,0,0,1,0,-1,0,0,1,0,0,0,0,1,1,-1,1,-1,0,1,-1,0,0,-1,1,0,0,0,-1,1,0,0,0,1,1,-1,-1,0,0,0,0
1726,-1,0,0,0,0,1,-1,1,0,0,0,0,-1,0,0,-1,0,1,0,1,0,0,0,1,0,0,0,0,1,0,0,-1,-1,0,0,1,-1,0,-1,0,0,1,0,0,0,0,1,0,0,0,0,0,0,0,-1,0,-1,0,0,0,-1,0,1,1
1727,0,-1,-1,-1,-1,0,0,0,-1,1,0,0,-1,0,0,0,0,0,0,1,0,-1,-1,1,0,0,1,0,-1,0,0,-1,0,0,0,0,0,0,0,-1,0,0,-1,0,0,1,0,0,0,0,0,-1,0,0,0,0,1,0,0,0,0,-1,0,-1
1728,0,0,0,0,0,0,1,0,0,-1,0,0,0,-1,0,0,0,0,0,-1,0,0,-1,-1,-1,0,0,0,-1,-1,0,-1,0,0,0,-1,0,0,-1,0,0,0,0,-1,0,0,0,0,-1,0,0,0,0,0,0,0,0,0,0,0,0,-1,0,0
1729,0,0,0,0,0,1,1,0,1,0,-1,-1,1,0,0,0,0,-1,-1,1,0,0,1,0,0,0,0,-1,0,0,0,-1,0,1,1,-1,0,0,1,0,0,1,-1,0,0,0,0,-1,0,0,-1,0,0,1,0,1,0,0,0,0,1,-1,-1,-1
1730,-1,0,-1,-1,0,1,0,-1,0,0,0,0,0,-1,0,0,0,0,0,0,0,0,0,0,1,0,0,1,0,0,1,0,0,0,0,0,1,0,0,0,0,0,0,-1,1,1,0,0,1,0,0,0,1,0,0,0,0,1,0,0,-1,0,0,0
1731,0,0,0,0,0,0,0,0,0,-1,1,1,-1,0,0,-1,0,-1,0,0,0,0,0,0,0,1,0,-1,1,0,1,0,0,1,0,0,1,1,-1,1,0,0,0,0,-1,0,0,0,0,0,0,0,0,1,0,1,1,0,-1,0,1,0,-1,0
1732,0,-1,-1,0,1,0,0,0,-1,1,1,0,0,0,-1,-1,0,1,0,0,1,0,1,0,0,0,0,-1,0,1,0,1,0,0,0,-1,0,1,0,0,1,0,0,-1,1,0,0,-1,0,0,1,0,0,0,0,1,1,0,1,-1,0,0,0,1
1733,0,-1,0,0,0,1,0,0,-1,0,0,0,0,1,0,0,0,0,1,-1,0,1,1,1,0,0,0,0,-1,0,0,0,0,0,0,0,0,0,0,-1,0,0,0,0,1,0,0,1,0,0,0,-1,1,-1,0,0,0,0,0,0,-1,-1,0,1
1734,-1,-1,-1,0,0,0,0,0,-1,0,0,1,0,-1,0,0,-1,0,0,0,-1,1,0,1,0,-1,0,0,0,0,0,0,0,0,0,0,0,0,-1,-1,0,0,0,-1,-1,0,1,0,0,-1,-1,0,0,0,1,0,-1,0,0,1,0,1,0,0
1735,0,0,0,0,0,1,0,0,1,0,0,-1,0,1,-1,0,-1,0,0,1,1,0,0,0,0,1,-1,-1,0,0,0,0,-1,0,0,0,1,-1,1,0,0,0,1,0,1,0,0,1,0,1,1,0,0,-1,0,0,0,1,0,0,-1,-1,0,0
1736,-1,0,0,-1,0,0,0,0,0,1,1,1,-1,0,0,0,0,1,0,1,0,0,0,0,1,0,1,0,-1,0,0,0,-1,0,1,1,0,0,0,-1,0,1,0,-1,0,-1,0,1,0,0,-1,0,0,0,0,0,-1,0,1,0,-1,-1,-1,0
1737,0,1,0,1,0,0,0,0,0,0,0,-1,0,0,0,0,-1,0,0,0,1,0,0,0,-1,-1,0,0,0,0,1,0,0,0,0,0,0,0,0,-1,0,0,0,-1,-1,1,0,1,-1,1,0,0,1,0,1,0,-1,-1,0,0,0,1,1,1
1738,0,-1,-1,0,0,-1,0,0,-1,0,0,0,0,0,0,1,-1,1,-1,0,0,-1,0,0,-1,0,0,0,-1,-1,1,-1,0,0,0,0,0,0,1,1,1,1,-1,0,0,0,0,0,0,-1,0,0,0,0,0,1,0,0,-1,0,-1,0,0,0
1739,0,1,1,0,1,0,0,0,-1,-1,-1,-1,1,0,1,-1,0,1,0,0,1,0,-1,-1,0,-1,0,0,0,1,0,1,0,1,0,1,0,-1,0,0,1,0,-1,0,0,0,-1,0,1,1,0,0,0,0,0,0,-1,0,1,0,0,-1,0,0
1740,0,0,0,0,1,0,0,1,0,0,0,-1,1,0,0,-1,0,0,0,0,0,0,0,-1,0,0,0,0,0,0,0,0,0,-1,0,0,0,0,-1,0,-1,0,-1,0,-1,0,0,-1,0,0,0,1,0,0,-1,-1,0,1,0,0,0,0,0,0
1741,0,0,0,0,0,-1,0,0,1,-1,0,0,0,0,0,0,0,-1,0,0,0,-1,0,0,-1,0,0,0,0,1,0,0,-1,0,0,-1,1,0,0,-1,0,0,1,0,0,0,0,1,0,0,0,-1,0,-1,1,0,0,0,0,0,0,1,-1,0
1742,0,0,0,-1,0,0,-1,1,0,0,1,0,0,0,0,0,0,0,0,0,0,1,1,0,0,0,0,0,0,0,0,1,1,0,0,0,0,0,0,0,-1,0,0,1,0,-1,-1,-1,-1,0,0,1,0,-1,0,1,1,0,1,1,-1,0,0,0
1743,1,0,0,-1,0,0,-1,0,0,0,0,0,0,0,0,0,0,0,1,0,1,-1,0,0,0,0,1,0,-1,1,1,1,1,0,0,0,0,0,-1,0,0,0,0,-1,1,0,0,0,0,1,0,1,0,-1,1,0,0,0,0,0,-1,1,0,1
1744,0,-1,0,0,0,-1,0,0,-1,0,0,0,1,0,0,0,0,0,1,1,1,0,1,0,1,0,0,1,0,0,0,0,0,0,0,1,0,0,0,-1,0,0,0,0,-1,-1,-1,0,0,-1,0,0,0,0,0,1,-1,0,0,1,-1,0,0,0
1745,0,0,0,0,-1,1,0,0,0,0,-1,-1,0,0,1,0,0,1,0,-1,1,1,0,1,0,0,0,0,0,0,0,1,0,0,-1,0,0,0,-1,1,0,0,0,1,0,-1,0,0,1,0,0,0,0,0,0,-1,-1,0,0,1,0,0,1,0
1746,0,0,0,0,0,0,1,0,0,1,0,-1,0,0,1,-1,1,0,0,0,0,0,1,0,1,0,0,0,0,0,0,0,0,-1,0,1,0,-1,0,1,-1,0,0,0,1,0,0,0,1,0,0,-1,-1,0,0,1,1,0,1,-1,0,0,-1,0
1747,1,0,1,0,0,0,-1,0,-1,0,0,0,0,1,0,1,0,0,0,0,-1,0,0,0,-1,0,0,1,0,1,-1,0,-1,0,0,0,0,1,0,0,-1,0,0,-1,0,0,0,0,0,1,0,0,-1,0,-1,1,0,0,0,0,0,0,0,0
1748,0,1,0,0,1,-1,0,0,0,0,1,0,0,0,-1,-1,0,-1,-1,0,0,0,0,0,0,0,0,0,0,0,0,-1,0,0,0,0,0,-1,0,0,1,-1,1,0,1,0,-1,-1,0,0,1,0,1,0,0,0,0,0,0,0,0,-1,0,1
1749,1,0,0,0,0,0,-1,0,1,0,0,0,0,0,0,-1,0,0,0,0,0,0,0,0,1,0,1,0,0,-1,0,-1,0,0,0,0,-1,0,0,0,0,1,0,0,0,-1,0,0,0,0,-1,0,0,0,0,0,1,1,0,0,-1,0,-1,1
1750,1,0,-1,0,0,1,-1,-1,-1,0,0,0,-1,-1,0,1,0,-1,0,0,0,0,0,0,-1,0,0,0,0,-1,-1,0,0,0,0,-1,1,0,-1,0,0,1,0,0,0,0,0,1,0,0,0,0,1,-1,-1,1,0,0,0,0,0,-1,0,-1
1751,0,0,0,0,0,0,1,0,0,1,0,0,0,-1,0,0,-1,0,1,0,0,1,0,0,0,1,-1,1,0,0,0,0,0,0,0,0,0,0,1,0,0,1,0,0,0,0,0,1,0,-1,0,-1,0,0,0,-1,-1,1,0,1,-1,0,0,0
1752,0,0,0,0,0,0,-1,0,-1,0,1,1,0,1,-1,0,-1,0,0,0,0,1,-1,0,0,0,0,0,0,0,0,0,-1,0,0,0,0,0,1,0,0,0,1,0,0,0,0,-1,1,0,0,0,0,0,0,0,-1,0,0,0,0,1,0,0
1753,0,1,-1,-1,0,1,-1,0,1,0,1,-1,1,0,0,0,-1,1,-1,0,-1,0,0,0,0,0,0,1,1,0,0,0,1,1,1,-1,0,0,0,0,0,0,1,1,0,1,1,0,0,0,1,0,1,1,0,0,-1,-1,0,0,0,0,0,0
1754,-1,0,1,1,0,0,1,0,1,0,0,0,0,-1,-1,0,0,0,0,0,0,1,1,0,1,-1,0,0,-1,0,0,0,1,-1,0,1,-1,1,-1,0,0,0,1,0,1,0,0,0,1,-1,0,1,-1,0,1,1,-1,0,0,0,0,-1,1,0
1755,0,0,0,0,0,0,0,0,0,0,0,0,0,0,0,0,0,0,1,0,1,0,0,-1,0,0,0,0,-1,1,0,0,1,0,0,0,0,0,0,-1,-1,0,0,0,0,0,0,0,-1,0,1,0,0,-1,0,0,0,1,0,0,0,-1,0,-1
1756,0,0,0,0,0,0,0,-1,-1,0,-1,0,-1,0,0,0,0,0,-1,0,0,-1,0,1,0,-1,0,0,0,1,0,-1,0,-1,-1,0,0,0,-1,0,0,1,0,0,0,-1,0,0,0,0,0,0,0,0,0,0,0,0,0,-1,-1,0,0,0
1757,0,0,1,-1,0,0,1,0,0,0,0,0,0,0,0,0,0,0,0,1,-1,0,1,-1,0,-1,0,0,0,1,0,-1,-1,-1,0,1,-1,0,0,0,0,1,0,0,0,0,0,0,0,0,0,0,0,0,1,0,1,0,0,0,0,1,1,1
1758,0,0,0,0,-1,1,1,0,0,1,0,0,0,0,1,1,0,-1,-1,0,0,0,1,-1,1,0,0,0,-1,0,0,1,0,0,0,-1,-1,0,0,0,1,0,-1,0,1,-1,0,0,0,0,0,1,-1,1,0,1,0,0,1,0,0,0,0,0
1759,1,0,0,0,0,0,0,-1,1,0,0,0,0,0,-1,-1,-1,-1,0,0,-1,1,0,0,0,0,1,1,0,1,1,0,0,0,-1,0,0,0,0,0,1,0,-1,0,0,0,1,-1,0,-1,-1,0,0,0,0,0,-1,0,0,0,0,0,0,-1
1760,1,0,0,0,1,0,1,-1,1,0,0,1,0,0,0,0,0,1,0,1,0,1,0,0,0,0,0,0,0,1,0,0,-1,0,0,1,1,-1,0,0,0,0,1,0,0,0,0,0,-1,-1,0,0,0,0,0,0,0,0,0,0,0,0,0,0
1761,0,-1,0,-1,0,-1,0,1,-1,0,0,0,0,1,1,0,1,0,0,1,-1,0,0,0,0,0,0,0,0,0,0,1,0,-1,0,1,0,0,0,1,0,0,0,1,-1,0,-1,0,1,0,-1,0,0,0,0,1,0,0,0,0,0,-1,0,0
1762,-1,1,-1,0,0,0,1,-1,0,0,0,1,0,-1,0,1,-1,1,0,1,1,0,0,0,0,1,-1,0,0,-1,1,1,0,0,0,0,-1,-1,-1,1,-1,1,0,0,0,-1,-1,-1,0,0,-1,1,-1,1,0,0,-1,1,0,0,0,1,1,0
1763,0,0,-1,0,-1,-1,-1,0,0,1,0,-1,0,-1,0,0,0,0,-1,0,0,1,-1,0,0,0,0,0,0,0,0,0,-1,0,0,0,0,0,0,1,-1,0,0,-1,1,-1,0,-1,1,0,0,0,0,1,0,0,1,0,0,0,0,-1,1,-1
1764,-1,-1,-1,0,0,-1,0,-1,0,0,0,0,0,0,1,0,0,1,0,0,-1,1,1,0,1,0,0,0,-1,1,1,0,1,0,0,-1,1,1,0,-1,-1,0,0,0,0,0,0,-1,0,1,0,0,0,0,-1,0,0,0,0,-1,0,0,0,0
1765,0,-1,0,1,-1,0,1,0,1,0,-1,-1,0,0,0,0,0,-1,0,-1,1,0,0,0,0,0,1,1,0,0,0,1,0,0,0,0,-1,0,0,0,-1,0,0,0,1,-1,0,-1,0,1,0,-1,0,0,0,0,0,-1,1,1,0,0,-1,1
1766,1,0,0,0,0,0,-1,0,-1,0,0,-1,0,0,0,-1,0,0,0,0,-1,1,0,-1,0,1,1,0,0,1,-1,0,0,0,-1,0,0,-1,1,0,1,-1,1,0,0,0,0,0,0,0,0,1,0,0,0,0,0,1,0,-1,0,0,0,0
1767,0,0,0,0,0,0,-1,0,1,1,-1,-1,0,0,-1,0,-1,1,0,0,0,0,0,0,0,0,0,0,1,0,0,1,1,0,0,0,0,-1,0,1,0,0,0,0,0,-1,0,0,-1,-1,0,-1,0,-1,0,1,0,0,-1,1,-1,1,1,0
1768,0,1,0,0,0,0,1,0,1,0,0,1,-1,-1,0,1,-1,0,1,1,-1,0,-1,-1,0,-1,0,1,0,0,0,0,0,0,-1,0,-1,0,1,1,0,0,0,0,0,1,-1,1,0,0,0,1,0,0,-1,-1,0,0,1,0,0,0,0,0
1769,0,0,-1,0,1,-1,0,0,0,1,0,0,0,1,0,0,0,0,1,0,1,1,0,1,0,1,1,1,0,-1,-1,0,-1,0,0,-1,0,0,0,-1,0,0,1,0,0,0,0,-1,0,0,0,0,1,0,0,0,0,0,-1,0,0,0,0,-1
1770,-1,0,0,0,0,0,0,0,0,0,1,0,0,0,-1,0,0,1,0,0,0,0,-1,1,-1,0,1,1,0,0,0,0,0,0,0,0,0,0,-1,0,0,1,-1,0,0,0,0,0,0,0,0,0,0,-1,0,-1,0,0,-1,0,0,0,0,0
1771,0,0,-1,0,1,0,0,0,0,0,1,1,1,0,0,0,1,0,0,0,0,1,1,0,0,1,1,1,0,1,0,0,0,0,0,1,-1,0,0,0,0,-1,-1,1,0,-1,0,0,0,0,1,1,-1,0,-1,0,0,0,0,1,0,0,0,0
1772,0,0,0,0,0,0,0,1,0,-1,0,0,0,0,0,0,0,1,0,0,-1,0,0,0,0,0,0,0,0,0,0,-1,0,0,0,0,0,-1,0,0,0,0,0,0,-1,0,0,1,1,-1,0,0,0,0,0,0,0,0,0,0,-1,1,0,-1
1773,0,1,0,-1,0,0,-1,0,0,0,0,0,1,0,0,0,0,1,0,0,0,1,1,-1,0,0,0,0,1,0,-1,0,0,1,0,0,-1,0,0,0,1,0,0,0,0,0,0,-1,0,1,0,0,0,0,1,-1,0,1,0,0,0,0,0,0
1774,0,-1,1,0,0,-1,1,1,0,1,1,1,0,0,0,0,0,0,0,0,0,1,1,0,-1,0,0,1,0,1,0,0,0,0,1,0,-1,1,0,0,0,0,-1,0,1,1,0,0,0,1,0,1,0,0,0,0,0,-1,0,0,0,0,0,0
1775,1,0,1,0,-1,-1,-1,0,-1,0,0,0,1,0,0,-1,0,0,0,0,0,0,1,0,0,-1,0,0,0,0,0,0,0,0,0,0,0,0,0,1,0,0,0,0,0,0,0,0,0,0,0,1,0,0,1,0,-1,0,-1,0,0,-1,1,0
1776,0,0,0,0,0,-1,-1,0,0,0,0,-1,-1,0,-1,0,1,1,0,0,0,0,0,1,0,-1,0,0,-1,0,0,-1,0,1,0,0,0,1,0,-1,1,-1,0,0,0,1,-1,0,0,0,0,1,0,0,0,0,0,0,0,-1,0,0,0,0
1777,0,0,1,0,1,1,0,1,0,1,-1,0,1,0,-1,-1,0,0,0,0,0,1,0,0,0,0,0,1,0,-1,0,-1,0,-1,-1,0,0,-1,0,1,-1,0,0,-1,-1,-1,0,1,1,0,0,0,0,0,-1,-1,1,0,0,1,-1,0,-1,0
1778,-1,1,0,0,0,-1,-1,-1,0,0,0,0,1,0,0,0,0,1,0,0,0,-1,-1,0,-1,0,-1,1,0,1,0,0,1,0,0,0,-1,-1,0,-1,1,1,1,0,0,0,0,0,0,1,0,0,-1,0,0,-1,0,0,0,1,0,-1,0,0
1779,0,0,0,1,0,-1,-1,0,0,-1,1,1,0,0,0,0,-1,-1,-1,-1,0,0,1,0,-1,0,0,0,-1,1,0,1,0,0,0,-1,0,0,-1,0,-1,0,0,0,0,0,0,0,1,-1,-1,0,-1,0,0,1,0,0,0,1,0,-1,0,-1
1780,1,0,0,1,-1,0,0,1,0,0,0,0,0,1,-1,0,0,0,0,0,0,0,0,0,0,0,-1,0,1,0,-1,0,0,0,1,0,0,-1,1,0,1,0,0,0,0,0,-1,0,1,-1,0,0,0,0,-1,1,0,-1,0,-1,-1,1,1,-1
1781,0,0,0,0,1,1,0,0,0,1,0,0,0,1,0,0,1,0,0,1,1,0,0,0,1,1,-1,0,1,0,0,0,0,0,-1,1,-1,0,0,0,1,0,0,0,0,1,1,0,0,0,0,-1,0,0,0,0,-1,1,0,0,0,0,1,1
1782,0,0,-1,0,1,0,1,0,1,1,-1,0,0,-1,-1,0,0,0,0,1,-1,0,0,0,0,1,0,0,0,0,0,-1,0,1,0,0,1,0,0,1,0,0,-1,0,0,0,0,0,0,0,0,0,-1,0,0,1,0,-1,-1,0,0,0,0,1
1783,0,0,0,0,1,0,0,1,1,0,0,0,0,-1,-1,0,0,0,0,1,1,-1,-1,-1,0,-1,-1,1,1,0,1,1,0,-1,1,0,0,0,-1,0,0,0,0,-1,0,0,1,0,0,0,0,0,-1,0,0,-1,0,0,0,0,0,0,0,-1
1784,1,0,0,0,-1,1,-1,0,0,0,0,0,1,1,0,0,0,0,0,0,0,0,0,0,0,0,0,1,0,0,-1,-1,0,-1,0,1,0,0,0,0,0,0,0,0,0,0,0,-1,0,1,0,1,1,0,0,1,0,0,0,-1,0,-1,0,1
1785,1,0,-1,0,0,-1,1,1,0,0,0,-1,0,0,0,0,0,-1,1,0,-1,-1,0,0,0,0,0,0,0,0,0,0,0,1,0,1,0,0,0,0,0,0,0,0,0,0,-1,1,1,0,0,0,1,0,0,0,-1,1,0,0,0,1,1,-1
1786,0,0,0,0,0,0,0,-1,-1,0,-1,0,1,0,0,0,0,0,1,1,-1,-1,-1,0,1,1,-1,-1,0,-1,1,-1,1,0,0,1,0,0,0,0,0,0,0,0,-1,0,0,-1,1,0,0,-1,1,1,0,1,0,0,-1,0,1,1,-1,1
1787,-1,0,0,1,0,1,0,0,1,-1,0,0,-1,0,0,0,0,0,0,0,1,0,1,1,0,1,-1,0,0,1,0,0,0,0,0,0,-1,0,0,0,0,0,0,0,0,0,-1,0,0,0,0,0,0,1,-1,1,0,0,-1,0,0,0,1,0
1788,0,-1,0,0,0,0,0,-1,0,0,-1,0,0,1,0,0,1,-1,1,-1,0,1,0,0,0,0,0,0,-1,0,1,1,-1,0,-1,0,-1,0,0,0,0,0,0,0,0,0,0,0,0,0,1,1,0,0,0,0,0,0,-1,-1,-1,0,0,0
1789,0,0,0,-1,0,0,0,0,0,-1,0,0,0,0,-1,0,-1,0,0,0,0,0,1,1,0,-1,0,0,0,0,1,-1,0,-1,0,1,0,0,0,0,0,0,0,1,1,1,0,0,0,0,0,0,1,1,1,0,0,0,0,0,1,0,-1,0
1790,0,0,0,0,0,0,0,1,1,0,0,0,0,0,1,0,1,0,-1,1,0,-1,-1,0,1,0,0,0,1,1,-1,0,-1,1,0,1,1,0,0,0,0,1,-1,0,0,0,0,0,0,0,0,0,0,0,0,0,0,0,0,-1,0,0,1,0
1791,0,0,0,0,1,0,0,0,0,1,0,-1,0,1,-1,1,0,1,0,0,0,0,0,0,1,0,1,0,-1,0,-1,0,1,0,0,0,0,0,-1,1,-1,0,0,1,0,1,0,0,0,-1,0,0,1,0,0,0,1,-1,0,0,0,-1,0,0
1792,0,0,-1,1,0,-1,0,0,0,0,-1,0,0,0,0,1,0,0,0,0,-1,0,1,1,0,0,0,1,0,1,1,0,0,0,0,-1,0,-1,0,0,-1,0,0,0,0,0,-1,0,1,1,0,-1,0,0,0,-1,0,0,0,0,0,0,0,0
1793,0,0,0,0,0,0,-1,0,0,0,0,1,-1,-1,0,0,0,-1,-1,1,0,0,0,0,0,0,0,1,-1,0,0,0,0,0,-1,0,0,-1,0,0,-1,0,0,0,0,-1,1,0,0,1,0,0,0,1,0,0,0,0,0,0,1,0,0,0
1794,-1,0,-1,1,0,0,0,0,0,0,1,-1,-1,0,-1,0,1,0,1,0,0,0,0,1,1,1,0,0,0,0,1,1,0,-1,0,0,1,0,0,1,0,0,1,1,0,1,0,0,1,0,0,-1,0,-1,1,0,0,0,0,0,0,0,0,0
1795,0,0,-1,1,0,0,0,-1,0,-1,-1,-1,-1,-1,-1,0,0,1,0,0,0,0,0,1,0,0,0,0,-1,0,0,0,1,1,0,-1,0,0,0,0,0,0,0,0,0,1,0,0,0,0,1,-1,0,1,0,-1,-1,0,0,0,0,0,1,1
1796,0,0,0,0,0,0,0,0,0,0,0,0,0,0,0,-1,0,1,0,-1,0,0,0,-1,1,1,-1,0,0,1,-1,1,0,0,0,1,-1,0,0,1,-1,1,0,0,-1,0,1,0,0,-1,1,0,0,0,0,0,0,0,0,1,-1,0,0,-1
1797,0,0,-1,0,1,0,0,0,0,1,0,-1,0,1,0,0,1,0,1,0,0,0,0,0,0,0,0,1,0,0,-1,1,0,0,-1,1,0,-1,0,-1,0,0,0,-1,0,0,0,1,0,0,0,1,0,1,-1,0,0,0,1,0,-1,1,1,0
1798,1,-1,0,-1,0,1,0,0,0,0,1,0,1,0,0,0,0,0,0,1,0,0,0,0,1,0,0,1,0,-1,-1,-1,-1,0,-1,1,0,1,-1,0,0,0,0,-1,0,0,0,-1,0,1,0,0,0,0,0,1,0,0,0,-1,0,0,0,0
1799,0,-1,0,1,0,1,1,0,0,0,0,0,0,-1,0,0,0,0,0,-1,1,1,0,0,0,0,0,1,-1,0,0,0,0,0,0,0,0,0,0,-1,0,0,0,0,0,-1,-1,0,-1,0,0,1,0,-1,0,0,0,-1,1,0,0,0,-1,0
1800,0,0,0,0,0,0,0,1,0,0,0,0,0,1,0,0,0,0,0,0,0,0,0,0,0,0,0,-1,-1,0,0,-1,0,0,0,0,-1,0,1,0,-1,-1,0,1,-1,1,0,1,0,0,0,-1,0,0,0,-1,0,-1,0,1,0,0,-1,-1
1801,0,0,0,1,-1,0,1,0,1,0,0,0,-1,0,0,1,0,-1,0,0,-1,0,0,0,0,0,0,0,0,0,1,-1,0,-1,-1,0,-1,0,0,-1,0,0,0,0,0,0,1,0,0,0,0,1,0,0,0,0,0,-1,0,-1,1,-1,0,0
1802,-1,0,0,0,1,0,1,0,-1,0,0,0,0,0,0,-1,1,-1,0,0,-1,0,1,0,0,0,-1,0,0,1,0,1,0,-1,-1,0,0,0,0,1,0,0,0,0,0,0,-1,0,0,0,1,0,1,0,1,0,0,0,0,1,0,1,-1,-1
1803,0,0,0,0,0,0,1,0,1,1,0,0,0,0,-1,0,0,0,0,0,0,0,0,0,0,0,0,-1,0,0,0,0,1,0,0,-1,-1,0,0,0,-1,0,1,0,0,0,0,0,-1,0,1,0,1,0,0,1,0,0,0,0,0,0,0,0
1804,1,-1,0,1,0,0,0,-1,-1,-1,1,0,0,-1,0,0,1,0,0,0,0,0,-1,1,0,0,0,0,0,0,1,0,0,0,0,-1,0,0,0,0,-1,0,0,1,0,-1,1,-1,0,-1,0,-1,0,0,0,0,0,0,0,0,0,1,0,1
1805,0,0,1,0,0,0,0,0,0,1,-1,1,0,1,1,0,0,0,-1,0,0,1,-1,0,0,1,1,-1,0,0,-1,0,0,0,0,1,-1,1,-1,0,-1,0,0,1,1,0,0,1,0,0,-1,0,0,1,0,0,0,0,0,0,0,0,1,1
1806,-1,0,0,0,1,-1,-1,0,0,-1,1,0,0,-1,0,-1,0,0,-1,0,0,0,0,0,-1,0,0,1,0,0,1,1,0,0,0,0,0,-1,1,-1,0,0,0,1,0,-1,0,0,0,0,1,1,1,0,-1,0,0,0,0,0,0,-1,1,0
1807,0,0,0,0,1,0,0,0,-1,0,0,0,1,1,0,1,-1,1,1,0,1,0,0,0,1,1,0,0,0,0,1,0,1,0,0,0,-1,0,0,0,0,0,0,0,1,0,0,0,0,0,1,-1,0,-1,0,0,0,0,0,1,0,1,-1,0
1808,0,0,0,0,0,0,-1,0,1,1,0,0,0,0,0,-1,-1,-1,0,0,0,0,0,0,0,0,0,0,0,0,0,-1,0,0,-1,0,-1,0,0,0,1,0,0,0,-1,0,0,0,-1,-1,-1,0,0,0,0,0,0,0,1,0,-1,0,0,0
1809,0,0,0,0,0,0,1,-1,0,0,0,0,-1,0,1,0,0,0,0,0,0,0,0,0,0,0,1,1,0,0,0,0,0,0,0,0,0,1,0,0,0,-1,1,0,0,-1,0,0,1,0,0,0,1,0,0,-1,-1,0,0,0,0,-1,0,0
1810,0,0,0,0,1,1,-1,0,-1,1,0,-1,0,0,1,0,0,0,1,0,0,1,0,0,0,1,0,0,0,-1,0,0,0,0,1,0,0,0,0,0,-1,0,0,0,0,0,0,1,0,-1,-1,0,0,0,1,0,1,0,0,0,1,0,0,0
1811,0,0,-1,-1,0,1,0,1,0,1,0,-1,0,0,0,1,0,0,1,0,0,0,-1,0,-1,0,0,0,0,1,0,0,-1,0,-1,0,1,0,0,0,-1,0,0,0,0,0,0,0,0,-1,0,-1,-1,0,0,0,0,0,0,0,1,0,0,0
1812,-1,0,0,0,0,0,0,0,0,0,0,1,0,0,0,0,0,0,0,0,0,0,0,1,1,0,-1,0,-1,0,1,0,-1,0,0,0,0,0,-1,0,1,0,0,0,0,0,1,0,0,1,1,0,0,0,0,-1,0,0,-1,0,0,0,0,0
1813,0,-1,1,0,-1,1,1,0,1,0,0,0,0,1,0,0,1,0,0,-1,-1,0,1,0,1,0,1,0,-1,0,0,0,1,1,0,0,0,1,0,0,0,0,0,1,0,1,0,0,1,0,0,-1,0,0,0,0,0,0,0,1,0,0,0,0
1814,-1,0,0,-1,-1,0,0,1,-1,-1,1,0,0,0,0,0,1,0,0,0,-1,0,-1,0,0,0,1,1,0,0,0,0,0,0,0,0,1,0,1,0,0,0,0,0,-1,1,-1,0,0,0,1,0,0,-1,0,0,-1,0,0,0,0,-1,0,0
1815,1,0,0,1,0,1,1,0,1,-1,-1,0,0,0,0,0,0,1,0,0,0,0,0,1,1,1,-1,0,0,0,1,1,0,-1,1,0,-1,0,-1,0,0,-1,1,0,0,-1,0,-1,0,0,0,0,0,1,0,-1,0,0,1,0,0,-1,0,0
1816,0,0,0,-1,0,-1,0,-1,-1,0,1,0,0,0,0,0,0,0,1,-1,0,-1,0,0,1,0,1,0,0,0,-1,0,1,1,1,0,0,0,1,-1,0,0,-1,1,1,0,0,0,0,0,0,0,0,0,1,0,-1,1,0,0,0,0,1,0
1817,1,0,0,0,0,0,-1,0,1,0,1,0,0,0,-1,0,-1,0,1,0,-1,0,0,0,1,1,0,0,-1,0,1,-1,1,0,0,0,0,-1,-1,0,1,1,0,1,-1,0,0,1,-1,0,0,0,-1,0,0,1,1,-1,0,0,0,0,0,0
1818,0,0,0,1,0,0,0,0,0,0,0,1,0,0,0,-1,0,0,-1,1,0,0,0,-1,-1,1,0,0,0,0,1,0,0,0,1,-1,0,0,0,0,0,-1,0,0,0,0,-1,0,-1,0,0,0,1,0,0,0,0,0,-1,0,0,0,0,-1
1819,0,0,-1,-1,1,0,1,0,1,0,0,0,0,0,0,0,1,0,-1,0,0,0,0,0,0,1,0,0,0,0,0,0,0,0,0,0,-1,1,0,0,0,0,-1,1,0,0,0,0,1,0,0,0,1,-1,0,0,1,0,0,-1,0,0,-1,0
1820,1,0,1,0,0,0,0,0,1,0,-1,-1,1,0,0,1,-1,0,-1,0,0,0,0,0,0,-1,1,-1,1,0,0,1,1,1,0,0,-1,0,0,0,0,-1,1,1,0,0,0,0,0,0,0,0,0,0,0,0,0,0,-1,1,1,0,1,-1
1821,0,0,0,0,0,0,-1,0,0,0,0,0,0,0,0,1,0,0,0,0,0,-1,-1,0,0,0,0,-1,0,0,0,0,1,0,-1,-1,1,1,1,0,0,0,0,0,0,1,0,0,0,0,0,1,0,-1,0,0,0,0,0,-1,-1,0,1,0
1822,0,1,-1,0,0,1,0,0,0,0,0,0,0,1,0,0,0,0,0,0,0,0,0,0,0,0,0,0,-1,0,0,-1,0,0,0,-1,0,-1,0,0,-1,1,-1,0,0,1,0,0,0,0,0,0,0,1,0,0,1,0,0,0,1,1,0,0
1823,0,0,0,0,-1,0,1,0,0,0,0,0,1,-1,0,-1,1,0,0,-1,0,0,0,0,0,0,0,0,0,1,0,0,1,0,1,0,0,-1,0,0,-1,0,0,0,1,-1,0,1,-1,0,0,0,1,0,0,0,1,0,0,0,1,0,0,1
1824,1,1,0,0,0,0,1,0,0,1,0,0,0,0,0,0,1,0,-1,0,0,0,0,0,0,0,0,0,0,-1,0,0,0,0,-1,0,0,0,0,0,0,-1,-1,0,-1,0,0,1,0,0,1,0,-1,0,0,-1,-1,0,0,0,0,0,-1,0
1825,0,0,1,1,0,0,1,0,-1,0,0,0,0,-1,0,-1,0,0,0,0,0,0,0,1,1,0,0,0,0,0,1,-1,-1,-1,1,0,0,1,0,0,0,0,-1,0,0,0,1,1,0,0,0,-1,-1,0,0,0,0,1,0,0,0,-1,0,-1
1826,0,0,0,0,0,0,1,-1,0,0,0,0,0,1,-1,0,0,0,0,0,0,0,1,0,0,0,-1,0,0,0,1,1,0,0,0,0,0,0,0,0,0,-1,0,0,0,0,0,0,-1,0,0,-1,0,0,0,0,-1,0,-1,0,0,0,0,0
1827,-1,0,-1,0,0,0,0,0,0,-1,0,1,0,0,1,0,1,0,0,0,-1,0,0,-1,0,0,0,1,0,0,0,-1,-1,0,0,0,-1,0,0,0,1,1,1,0,0,0,-1,-1,0,0,0,0,0,0,1,0,1,0,0,1,-1,0,0,0
1828,0,0,0,0,1,0,0,0,1,0,0,0,0,0,0,0,-1,0,0,0,0,0,0,0,0,0,0,0,0,1,-1,0,0,-1,0,0,0,1,0,0,0,0,0,0,1,0,0,0,0,0,0,0,0,0,0,0,0,0,0,0,0,0,0,0
1829,0,0,0,0,0,0,0,0,0,-1,0,0,0,-1,0,0,0,0,0,-1,0,0,-1,0,-1,0,0,1,0,0,1,0,0,-1,0,0,0,0,-1,0,0,1,0,0,1,0,0,0,-1,0,1,0,0,0,0,0,-1,1,0,-1,0,1,-1,0
1830,0,0,1,0,0,-1,0,0,0,0,0,-1,0,0,0,0,0,0,0,-1,0,0,0,0,1,-1,0,0,0,0,0,0,0,0,0,0,-1,0,0,0,0,1,-1,0,0,0,0,0,0,1,0,0,0,0,0,1,0,0,0,0,0,0,-1,-1
1831,0,0,-1,-1,0,0,0,-1,0,-1,0,0,0,1,1,0,0,0,0,0,0,0,0,0,0,1,0,1,0,1,0,0,-1,1,1,0,1,0,0,0,-1,1,0,-1,0,0,0,0,0,0,1,0,0,-1,0,-1,0,0,0,0,0,0,0,0
1832,0,0,0,0,0,0,0,0,0,0,0,-1,1,0,-1,1,1,0,0,0,0,0,0,0,0,0,-1,1,0,-1,0,0,1,0,0,1,0,-1,0,1,-1,1,-1,-1,0,0,0,1,0,-1,0,-1,0,0,-1,0,0,1,0,0,1,-1,0,0
1833,-1,0,0,-1,1,0,0,-1,0,-1,0,0,-1,0,0,0,0,0,0,0,0,0,0,0,0,0,0,0,0,0,0,0,-1,0,0,0,0,0,0,1,0,0,-1,0,0,0,-1,0,0,0,-1,0,0,0,1,0,1,-1,0,-1,0,0,0,-1
1834,0,0,0,0,0,1,0,0,0,0,0,-1,1,0,0,0,0,-1,0,1,-1,0,0,0,0,-1,0,0,-1,0,0,0,0,0,0,0,0,0,0,0,0,-1,1,1,-1,0,0,0,0,0,0,0,-1,-1,0,0,-1,1,0,1,0,0,1,0
1835,0,0,-1,-1,0,0,-1,0,0,0,1,0,0,0,1,0,0,0,1,-1,0,0,1,1,0,1,0,0,0,-1,1,1,0,0,0,0,0,0,0,-1,0,0,0,0,0,0,0,0,0,-1,0,0,0,0,0,1,0,0,-1,1,0,-1,0,0
1836,0,1,0,0,-1,1,0,0,1,0,0,0,0,0,0,0,1,0,0,-1,1,-1,0,-1,0,-1,0,0,1,0,0,0,0,0,1,0,0,0,1,0,-1,0,0,0,-1,1,0,0,1,0,0,0,-1,0,0,-1,0,-1,0,0,0,0,0,0
1837,0,0,0,0,-1,-1,0,0,1,0,-1,0,1,0,1,0,-1,0,0,0,0,0,1,1,0,-1,0,0,0,0,-1,0,0,0,0,0,1,1,0,0,0,0,-1,0,1,1,-1,0,0,0,0,0,1,0,-1,0,0,-1,-1,1,1,1,-1,0
1838,0,0,0,0,0,0,0,0,-1,0,0,0,-1,0,0,1,1,0,0,0,0,1,0,-1,1,0,1,0,0,0,-1,0,0,1,1,0,-1,0,1,1,0,0,-1,0,1,0,0,0,0,0,1,0,0,-1,0,0,0,0,1,0,0,0,0,0
1839,0,0,0,0,0,0,0,0,1,1,0,0,1,-1,0,0,1,1,-1,0,0,0,0,0,1,0,1,1,1,0,0,0,0,0,-1,0,1,0,1,1,0,1,-1,0,0,0,0,0,0,0,0,0,0,1,0,0,-1,1,0,1,0,1,-1,-1
1840,0,0,0,0,0,0,1,0,0,-1,0,1,0,0,-1,0,0,0,-1,0,0,0,0,0,0,0,-1,-1,0,-1,1,-1,-1,0,-1,0,0,0,0,0,0,-1,0,-1,0,0,0,0,0,0,1,0,0,0,0,0,0,0,0,0,-1,0,0,0
1841,-1,0,0,1,0,1,0,0,0,1,0,0,-1,0,0,-1,0,0,-1,0,0,0,-1,0,-1,0,0,0,-1,0,0,0,-1,1,0,1,-1,0,-1,0,1,0,0,0,0,0,0,0,-1,0,1,0,0,1,1,0,1,0,0,0,1,-1,-1,-1
1842,-1,0,1,0,0,0,-1,0,0,0,1,1,-1,0,0,0,-1,1,0,0,0,0,0,1,0,0,1,-1,1,0,1,0,0,0,0,1,1,0,0,1,-1,0,1,0,0,0,0,1,0,0,-1,1,1,0,0,0,0,0,0,0,0,0,0,0
1843,-1,0,1,1,-1,0,1,0,0,0,0,-1,0,0,-1,0,1,0,0,0,-1,1,0,0,0,0,-1,0,0,0,0,0,1,-1,1,0,0,0,0,0,0,0,0,-1,0,0,0,-1,0,0,0,0,0,0,0,0,0,-1,0,1,-1,1,0,0
1844,0,0,0,0,1,1,-1,0,0,0,1,0,1,0,0,0,1,1,0,0,0,0,0,0,1,0,1,-1,0,0,0,1,0,0,0,1,0,0,0,0,0,0,0,-1,0,0,0,1,1,0,0,0,-1,0,0,0,0,-1,1,0,0,0,0,1
1845,0,0,0,0,0,-1,0,0,0,0,0,1,-1,0,0,0,0,0,-1,0,0,0,0,0,-1,0,1,0,0,-1,0,0,0,0,0,0,1,-1,-1,1,0,-1,1,-1,1,1,0,0,0,0,-1,0,0,0,0,0,0,0,0,0,0,1,-1,0
1846,0,0,0,-1,0,0,0,0,0,0,0,-1,0,0,0,0,0,0,0,0,1,-1,0,0,0,0,0,1,0,0,0,0,0,0,-1,0,0,0,-1,0,0,0,0,0,0,0,0,0,-1,1,0,1,0,1,-1,0,1,0,0,-1,0,0,0,1
1847,0,-1,0,0,0,1,0,0,1,0,0,0,0,0,0,0,0,1,0,0,0,0,0,1,-1,0,0,0,0,-1,0,0,0,0,0,0,0,0,0,-1,0,0,1,0,0,-1,0,1,0,0,0,1,0,0,0,0,0,0,0,0,1,-1,0,0
1848,0,0,0,0,0,-1,0,0,0,0,0,-1,1,-1,0,-1,0,0,0,-1,1,-1,0,0,0,-1,-1,-1,-1,1,0,0,0,0,1,0,-1,1,-1,-1,1,0,0,-1,0,0,1,0,1,0,0,0,-1,0,1,0,0,-1,-1,0,0,-1,0,0
1849,1,-1,0,0,1,0,0,1,0,0,0,0,-1,0,-1,0,0,0,0,0,0,0,1,1,1,1,-1,0,1,0,1,0,0,1,1,0,0,0,0,0,0,0,0,1,0,0,0,0,0,0,0,0,-1,0,0,-1,0,0,0,-1,-1,-1,1,0
1850,0,1,0,1,0,0,0,1,0,0,0,1,-1,1,0,0,0,0,-1,-1,0,0,0,0,0,1,0,0,0,1,0,0,-1,1,-1,0,-1,0,0,-1,0,0,0,0,0,0,0,0,-1,0,0,0,-1,0,-1,0,-1,1,0,1,0,0,0,0
1851,0,0,-1,0,0,0,0,-1,-1,0,1,0,0,0,0,1,-1,0,1,0,0,0,0,0,0,-1,0,-1,0,0,1,0,0,0,-1,0,0,0,0,0,0,1,0,0,0,-1,0,1,-1,0,-1,0,0,-1,0,0,1,-1,0,0,1,0,-1,0
1852,0,1,0,0,-1,0,1,1,-1,-1,1,1,1,0,-1,0,0,0,0,-1,-1,1,0,1,0,-1,1,-1,0,0,0,1,0,0,0,1,0,0,0,1,1,0,1,0,0,0,0,-1,0,0,0,1,0,0,0,0,0,1,0,0,0,-1,-1,-1
1853,0,1,0,1,0,1,-1,1,1,0,0,0,0,0,0,0,0,1,0,-1,1,0,-1,1,0,0,0,0,-1,0,-1,0,0,1,0,0,1,0,0,0,0,0,0,0,0,0,0,1,0,0,0,-1,1,0,-1,-1,0,-1,-1,1,1,0,1,-1
1854,0,-1,-1,0,0,-1,1,0,-1,-1,1,-1,0,-1,0,1,0,0,0,0,-1,1,0,0,0,0,0,0,-1,0,-1,0,0,-1,1,1,0,0,-1,1,0,1,0,0,0,0,0,-1,0,0,0,0,0,-1,-1,1,0,0,1,0,0,-1,-1,0
1855,0,1,0,0,-1,0,1,0,1,0,0,-1,0,-1,0,0,0,0,0,-1,0,0,-1,0,0,0,1,-1,0,0,0,-1,0,0,0,1,0,1,1,0,0,0,0,0,0,0,0,1,0,0,0,-1,0,0,-1,-1,-1,0,0,0,0,0,0,-1
1856,0,0,0,1,0,0,-1,0,0,0,-1,1,1,0,-1,0,0,0,0,-1,0,0,-1,0,0,0,1,0,0,0,0,0,0,1,0,0,0,0,-1,-1,-1,0,-1,0,0,0,0,0,1,1,0,0,0,0,0,1,0,-1,1,0,0,1,0,1
1857,-1,0,0,0,0,0,1,0,0,1,0,0,0,0,1,-1,-1,0,0,0,0,0,0,0,-1,0,-1,0,0,-1,0,-1,1,-1,0,1,1,0,1,0,-1,0,-1,1,-1,1,0,0,0,0,0,0,0,0,-1,1,0,-1,0,0,0,0,-1,-1
1858,0,0,0,1,0,1,0,-1,-1,0,0,-1,1,0,0,0,0,0,0,0,1,-1,0,0,0,0,0,-1,0,0,-1,0,1,0,-1,1,1,1,1,0,1,0,-1,0,-1,0,0,0,0,1,1,-1,1,-1,-1,0,1,0,0,-1,0,0,0,0
1859,0,0,0,0,1,0,-1,1,0,0,0,0,-1,0,0,1,0,-1,0,1,0,0,-1,0,0,1,0,0,0,0,1,0,0,0,0,0,0,0,0,-1,0,0,1,0,1,0,-1,0,1,0,0,1,-1,1,0,0,0,0,0,0,0,0,0,0
1860,0,0,0,0,0,0,0,1,0,0,0,1,1,0,-1,0,0,0,0,0,-1,0,-1,1,1,0,0,0,1,0,0,-1,0,0,0,0,-1,0,0,0,0,0,0,-1,1,0,0,0,0,-1,0,0,1,0,0,0,0,0,0,-1,0,1,1,0
1861,-1,0,0,1,-1,-1,0,0,0,0,1,1,1,-1,0,0,-1,0,1,-1,0,0,-1,0,0,1,0,1,0,1,-1,0,0,0,0,1,0,-1,0,0,0,1,1,0,0,0,0,0,0,0,0,0,0,0,0,0,-1,1,-1,0,0,0,0,1
1862,0,0,0,1,0,0,-1,0,0,1,0,-1,0,0,0,-1,1,0,0,0,0,0,0,0,0,0,-1,0,1,-1,0,0,0,0,0,0,0,0,-1,0,0,0,1,0,0,0,0,-1,0,0,0,0,1,0,-1,0,0,0,0,0,0,0,0,0
1863,0,-1,-1,0,0,0,0,0,0,0,0,0,0,0,0,0,1,0,0,-1,-1,1,0,0,0,0,1,0,0,1,0,1,0,-1,-1,0,0,1,0,0,1,0,-1,1,0,0,0,0,-1,0,0,0,0,0,1,1,0,1,1,1,1,0,0,0
1864,0,0,0,0,0,0,0,0,0,0,0,0,0,0,0,0,-1,0,-1,1,0,-1,0,0,0,1,-1,0,0,0,0,0,0,0,0,0,0,0,0,0,0,0,0,0,-1,0,-1,0,0,0,0,0,0,0,0,0,-1,0,1,1,0,1,-1,0
1865,1,1,0,-1,0,0,-1,-1,-1,0,0,0,-1,0,0,0,1,0,1,-1,1,1,0,0,-1,0,0,0,-1,0,0,1,0,0,1,0,0,0,0,0,0,0,1,0,0,0,0,0,0,0,0,0,0,1,0,0,0,0,0,0,0,0,1,0
1866,0,-1,0,0,0,0,0,0,0,-1,0,0,0,0,0,-1,-1,-1,-1,-1,-1,-1,0,-1,-1,0,0,-1,1,0,0,0,0,0,-1,0,0,0,0,-1,0,1,1,-1,1,0,-1,0,0,0,1,0,0,0,0,0,0,0,0,0,0,0,1,1
1867,-1,0,-1,0,0,0,0,1,0,0,-1,1,0,0,-1,-1,0,0,0,1,-1,0,1,1,0,-1,-1,-1,0,0,1,1,0,0,-1,0,0,0,0,0,0,0,0,0,0,0,0,0,1,0,-1,0,0,1,-1,0,0,0,0,-1,0,0,1,0
1868,0,0,0,0,0,-1,0,0,0,1,1,0,0,0,0,0,0,-1,0,0,0,1,0,1,0,0,0,0,0,1,-1,0,0,0,0,0,0,1,0,0,-1,-1,0,0,0,1,0,-1,-1,0,0,1,0,-1,0,0,1,0,1,0,0,1,0,0
1869,0,0,0,-1,0,0,-1,0,0,0,0,-1,1,0,-1,0,0,-1,0,0,0,0,0,0,0,0,1,-1,-1,0,1,0,0,1,-1,0,0,-1,1,0,0,-1,0,0,0,0,-1,0,0,0,1,1,0,1,0,1,1,0,0,0,0,0,0,0
1870,0,0,0,-1,0,0,-1,0,0,0,-1,-1,0,1,0,1,0,1,0,0,0,0,0,1,-1,-1,0,-1,0,-1,0,0,0,1,0,0,0,0,1,0,0,0,0,0,0,0,0,0,0,0,1,-1,0,0,0,0,0,0,0,0,0,1,0,0
1871,0,0,0,0,-1,0,0,1,1,1,0,0,0,-1,1,1,0,0,0,0,0,0,0,0,0,-1,0,-1,0,0,0,0,0,1,-1,0,0,0,-1,-1,-1,-1,0,1,0,0,-1,0,0,0,0,0,0,-1,0,0,0,-1,-1,-1,1,1,0,0
1872,1,1,-1,0,1,0,1,1,0,0,0,-1,1,0,1,0,0,0,0,0,0,1,0,0,-1,0,0,0,1,0,0,0,0,1,1,0,0,0,0,0,-1,0,0,1,1,-1,1,1,0,0,0,-1,0,0,0,0,0,1,0,0,0,0,0,1
1873,0,0,0,1,-1,0,0,0,1,0,0,1,0,-1,0,0,0,0,0,0,0,0,1,0,0,0,0,-1,0,0,0,0,0,-1,0,0,-1,0,0,-1,0,0,1,-1,1,0,0,1,0,0,1,0,-1,0,0,0,-1,0,1,0,0,1,0,1
1874,0,0,0,0,0,1,-1,0,-1,-1,0,0,0,1,1,-1,0,0,0,-1,0,0,0,1,0,0,0,-1,-1,0,1,1,-1,0,1,1,0,0,0,0,0,0,0,1,1,0,0,-1,-1,0,0,0,0,0,0,-1,-1,1,0,-1,0,0,1,0
1875,0,1,-1,-1,1,-1,-1,-1,0,-1,0,-1,1,0,1,0,0,0,-1,0,0,0,0,0,-1,0,-1,0,0,0,0,0,0,0,0,0,-1,0,0,0,0,0,0,-1,0,1,0,0,0,0,0,0,0,-1,0,-1,1,0,0,1,-1,0,0,0
1876,0,-1,-1,0,0,0,-1,0,0,0,-1,0,0,0,0,1,0,1,0,0,1,0,1,0,0,-1,-1,1,1,0,0,0,0,0,0,0,1,0,0,1,-1,0,1,0,0,1,-1,1,-1,1,0,0,0,0,1,0,-1,-1,-1,0,0,0,0,1
1877,0,1,-1,0,-1,0,0,0,1,0,-1,1,0,0,0,0,0,0,0,0,0,0,0,0,0,0,0,-1,0,1,0,-1,0,-1,1,1,0,-1,0,0,0,-1,0,0,0,0,0,1,0,0,1,0,-1,-1,0,0,0,0,0,0,1,-1,0,0
1878,-1,0,0,0,0,-1,0,1,0,0,0,0,-1,0,0,0,0,0,0,0,0,0,-1,-1,0,1,0,0,0,-1,0,1,0,0,0,0,0,0,0,-1,0,0,0,0,0,0,1,1,0,-1,0,0,0,0,0,1,0,1,0,1,0,0,0,1
1879,1,0,0,0,0,0,0,1,0,0,0,-1,1,1,0,0,-1,0,0,-1,0,0,1,-1,-1,0,1,1,0,0,0,-1,0,0,0,0,0,0,1,0,-1,0,0,0,0,0,-1,0,0,1,0,1,0,-1,0,-1,0,-1,0,1,0,0,0,0
1880,0,1,0,0,0,0,0,0,0,-1,0,0,0,-1,1,-1,-1,1,0,0,-1,-1,0,0,0,0,0,-1,0,-1,0,-1,0,0,0,0,1,1,1,-1,1,-1,0,0,1,0,0,0,1,0,1,0,0,0,0,0,0,0,0,0,0,0,-1,-1
1881,0,-1,0,0,0,1,0,0,0,-1,0,1,0,0,1,0,0,0,-1,1,0,0,0,0,0,0,1,0,0,0,0,1,0,0,-1,0,0,0,-1,0,0,1,0,-1,0,-1,-1,1,1,-1,0,-1,0,1,1,0,0,0,0,0,0,0,1,1
1882,0,0,-1,0,0,-1,0,-1,0,-1,0,-1,0,1,0,0,0,-1,0,1,1,1,-1,0,0,0,0,1,0,0,0,0,0,0,0,1,0,0,0,0,0,-1,1,0,0,0,0,0,0,0,0,0,0,0,0,1,0,-1,0,-1,0,1,0,0
1883,0,0,0,0,0,1,1,0,0,0,0,0,0,-1,0,0,0,0,-1,0,0,-1,0,1,0,0,0,-1,0,0,0,0,0,0,1,0,1,-1,0,0,0,0,1,0,-1,-1,0,0,0,1,0,0,0,-1,0,-1,-1,0,1,0,0,0,0,1
1884,-1,0,0,0,0,0,0,-1,0,0,0,0,0,0,0,0,0,-1,1,0,0,1,0,0,0,0,0,0,0,1,0,0,-1,0,-1,-1,-1,0,-1,0,0,1,0,0,1,1,0,-1,0,-1,0,0,0,1,0,0,0,-1,-1,0,-1,0,0,0
1885,0,0,0,-1,0,1,0,1,0,-1,0,1,0,1,1,-1,1,-1,0,-1,-1,0,0,0,0,1,0,0,-1,1,0,0,0,-1,0,-1,0,-1,0,0,0,0,1,0,0,0,0,0,0,0,0,0,0,0,0,1,0,0,1,-1,0,1,0,0
1886,0,0,0,0,0,0,0,1,0,-1,0,1,1,0,0,0,0,-1,0,1,-1,0,0,0,0,1,1,0,1,-1,1,0,1,0,1,0,0,1,0,-1,0,-1,0,0,0,1,0,0,0,-1,0,0,0,0,0,0,0,-1,0,0,-1,1,-1,0
1887,-1,0,0,0,0,1,1,0,0,1,-1,0,0,1,1,0,1,0,-1,0,0,0,0,0,0,0,0,0,0,0,0,0,1,0,-1,0,0,-1,0,1,1,-1,1,0,0,0,0,0,1,0,0,-1,0,-1,0,0,0,-1,1,0,0,0,0,0
1888,0,0,0,0,0,0,0,-1,-1,0,0,0,0,0,0,0,0,0,0,0,0,0,-1,-1,0,0,0,0,0,1,0,0,0,0,0,0,1,0,0,1,0,-1,-1,0,1,0,0,-1,0,0,0,0,0,0,0,0,0,0,0,0,1,-1,0,0
1889,0,0,0,1,0,1,0,0,0,-1,0,0,0,-1,1,-1,0,0,0,0,1,0,-1,-1,1,-1,0,0,0,-1,0,0,0,0,0,0,0,0,-1,0,1,0,1,0,0,0,0,-1,1,0,0,0,0,0,0,0,0,0,0,0,0,0,0,0
1890,1,0,1,0,0,-1,1,0,-1,-1,0,0,0,1,0,0,1,0,0,-1,1,0,-1,0,0,1,-1,0,0,0,0,0,0,1,-1,0,0,0,0,0,0,0,-1,-1,0,0,0,0,0,0,1,0,-1,1,0,0,0,0,0,-1,1,0,1,-1
1891,0,-1,0,1,0,0,-1,-1,0,-1,1,1,-1,0,-1,0,0,0,0,0,-1,0,-1,0,0,0,0,-1,0,0,0,0,0,-1,0,0,0,-1,1,0,0,0,-1,0,0,0,0,0,0,1,0,0,0,0,0,-1,0,1,0,0,0,-1,1,0
1892,-1,1,0,1,0,1,1,-1,1,0,-1,0,0,0,0,0,0,0,0,0,0,0,0,0,0,0,-1,0,1,0,0,-1,0,-1,1,0,0,0,-1,0,0,0,0,0,1,1,1,0,1,0,0,-1,0,0,-1,1,0,0,0,0,0,0,-1,0
1893,0,0,0,0,0,1,0,0,0,1,0,1,-1,0,0,0,0,-1,-1,0,0,1,0,0,1,0,0,-1,0,-1,0,0,-1,0,-1,0,0,-1,-1,0,0,-1,0,0,0,-1,0,0,0,0,0,0,0,0,0,0,1,0,0,1,0,0,0,-1
1894,0,0,0,0,0,0,0,0,0,0,0,0,0,0,0,0,-1,1,-1,-1,0,0,-1,0,1,-1,1,1,0,1,-1,0,0,0,-1,0,-1,0,-1,0,1,1,1,0,-1,0,0,0,1,0,0,0,0,1,-1,1,0,-1,-1,-1,0,0,0,-1
1895,0,-1,0,0,0,1,-1,0,0,0,0,0,0,0,1,0,0,0,1,-1,0,0,0,1,-1,0,0,0,0,-1,-1,0,0,-1,0,0,0,0,0,-1,-1,1,0,0,1,1,0,0,-1,1,-1,1,0,0,0,0,0,1,0,0,-1,0,0,-1
1896,0,0,0,0,0,0,1,0,0,0,0,0,0,0,1,0,0,-1,0,0,0,0,0,1,-1,0,0,1,1,0,-1,0,0,0,0,0,0,0,1,-1,0,0,0,0,0,-1,1,0,0,-1,0,0,0,0,0,0,0,-1,0,0,0,0,0,0
1897,0,0,0,0,-1,0,0,0,0,0,0,0,0,0,0,-1,0,0,0,1,0,0,0,-1,0,-1,1,-1,0,0,0,0,0,0,0,-1,0,0,0,1,0,0,-1,1,1,0,0,0,-1,1,0,-1,0,-1,0,1,1,1,-1,1,0,0,1,0
1898,0,0,0,0,0,1,0,1,0,0,1,-1,0,0,0,0,0,0,0,0,0,-1,0,0,1,0,0,0,1,0,0,1,0,1,1,0,0,0,0,1,0,1,0,0,1,0,1,0,-1,0,0,1,0,0,0,1,0,0,0,0,0,0,0,1
1899,0,0,0,-1,-1,0,0,0,0,0,1,0,0,1,0,0,0,0,1,0,1,-1,-1,0,0,0,0,0,0,0,-1,-1,-1,0,1,0,0,0,-1,-1,0,0,1,0,0,0,0,0,0,0,0,0,0,1,1,1,1,0,0,1,1,0,0,1
1900,0,0,0,0,0,0,-1,1,1,0,0,0,0,-1,1,0,0,0,1,-1,0,0,-1,0,-1,0,0,1,0,1,1,-1,0,0,-1,0,0,0,0,0,0,-1,1,1,0,0,0,0,-1,0,1,0,1,0,0,-1,0,-1,0,1,0,0,0,1
1901,0,0,0,1,-1,0,0,0,0,0,0,-1,0,-1,0,0,0,0,1,0,0,0,1,-1,0,0,0,0,1,0,0,1,0,1,0,0,0,0,1,1,0,0,0,0,0,0,-1,1,0,0,-1,0,0,-1,0,0,-1,0,-1,0,0,0,0,0
1902,0,0,0,0,0,0,0,0,-1,0,-1,0,1,0,0,1,0,0,0,0,0,0,0,0,0,0,0,0,0,0,0,0,0,0,1,1,0,0,0,0,-1,0,0,1,0,0,0,0,-1,1,0,0,0,-1,-1,-1,0,0,0,0,0,0,1,0
1903,0,0,1,0,1,0,0,0,0,1,0,0,0,-1,0,0,0,0,0,0,0,-1,0,0,0,0,0,0,0,-1,0,0,0,0,1,1,0,1,-1,0,-1,0,-1,1,0,0,0,0,0,0,0,0,0,0,0,0,1,0,0,0,0,0,0,1
1904,-1,0,0,0,-1,-1,0,0,-1,1,0,0,-1,0,0,0,1,0,-1,0,-1,0,0,0,1,0,-1,0,0,0,0,1,0,0,1,0,1,0,0,0,0,-1,0,0,1,-1,1,0,0,-1,0,0,0,0,1,1,0,0,0,0,0,-1,0,0
1905,0,1,1,0,0,0,0,0,1,0,1,-1,1,0,0,0,0,0,0,-1,1,0,0,0,0,0,0,0,1,0,0,0,1,-1,1,-1,0,0,0,1,-1,0,0,0,0,0,0,0,-1,1,0,0,1,0,0,0,1,0,0,0,1,0,0,0
1906,1,-1,0,-1,0,0,1,0,1,0,0,0,0,1,0,0,-1,1,0,-1,0,0,-1,0,0,-1,0,0,0,0,1,0,0,1,0,-1,-1,0,-1,0,0,0,1,0,0,1,0,-1,0,0,1,0,-1,-1,0,-1,0,0,0,0,-1,0,1,0
1907,1,0,0,0,1,1,0,0,0,0,0,0,-1,1,0,-1,0,0,1,0,1,0,0,1,0,0,0,-1,0,-1,0,0,0,0,0,0,-1,0,-1,1,1,0,1,1,0,0,0,0,1,0,0,0,-1,1,0,-1,0,0,0,0,1,0,0,-1
1908,0,0,0,0,1,0,0,-1,0,0,0,0,1,0,0,0,-1,-1,0,-1,-1,1,-1,-1,0,0,0,0,1,0,0,0,1,0,-1,1,1,0,0,1,0,0,0,1,0,0,0,0,0,-1,0,0,0,-1,1,0,0,-1,0,0,0,1,0,0
1909,0,0,0,0,0,0,1,-1,0,-1,1,1,-1,-1,0,0,0,-1,0,0,0,0,0,-1,-1,0,0,-1,-1,0,0,-1,0,0,0,1,0,0,0,0,0,0,-1,1,1,0,0,0,1,-1,0,-1,1,0,0,0,1,0,0,-1,0,0,0,1
1910,0,0,0,0,0,0,0,-1,0,0,0,1,-1,0,0,0,0,1,0,0,0,0,-1,0,0,1,1,0,0,-1,0,0,-1,-1,0,-1,0,0,0,0,0,0,-1,-1,0,1,0,-1,0,0,0,0,0,1,0,0,1,0,0,0,0,1,1,-1
1911,0,1,1,0,0,1,0,0,-1,0,0,-1,0,-1,0,0,-1,0,1,0,-1,0,0,0,-1,1,0,-1,-1,-1,0,0,1,0,0,0,0,0,-1,0,0,-1,-1,1,0,0,0,-1,0,-1,0,0,0,-1,0,0,0,0,0,0,-1,1,0,0
1912,1,1,0,0,-1,0,1,0,1,0,0,0,1,1,0,0,0,0,1,0,0,0,0,1,1,0,0,0,0,0,0,-1,-1,-1,1,-1,1,0,-1,0,-1,-1,1,0,-1,0,0,0,0,0,0,0,0,-1,0,1,1,0,0,0,1,0,0,1
1913,0,0,0,-1,0,-1,0,0,1,0,0,0,1,0,0,0,-1,0,0,0,0,-1,0,0,1,-1,0,0,0,1,0,0,0,0,0,0,0,-1,0,1,1,1,0,1,0,1,0,0,0,1,0,1,1,-1,0,0,-1,1,1,0,-1,0,1,0
1914,0,0,0,0,0,0,0,0,0,0,-1,1,0,0,0,1,0,0,-1,0,0,-1,0,0,0,0,1,1,0,0,0,0,0,0,0,-1,-1,0,-1,0,0,0,1,0,0,0,-1,0,-1,0,0,0,0,0,0,1,0,0,0,1,-1,-1,0,1
1915,0,0,0,0,0,0,0,0,0,0,0,0,1,0,-1,1,0,0,0,0,1,-1,0,0,1,-1,1,0,1,0,1,0,1,0,0,0,0,1,-1,0,0,0,0,0,-1,0,0,-1,-1,1,-1,0,0,1,1,0,-1,0,0,0,0,0,0,0
1916,0,1,0,1,-1,0,1,0,0,1,0,0,0,-1,0,0,-1,0,0,1,0,-1,0,0,-1,0,0,1,-1,0,0,0,0,1,0,1,1,0,-1,0,0,0,0,0,0,0,0,0,0,1,0,0,0,0,0,0,-1,0,1,0,0,0,0,-1
1917,0,1,0,0,0,-1,0,0,0,0,0,0,0,1,0,1,0,0,0,1,0,0,1,0,1,0,0,0,0,0,1,0,0,0,1,0,0,0,0,1,-1,0,0,1,0,0,1,0,0,0,1,0,0,0,0,0,0,0,1,-1,-1,1,-1,0
1918,0,0,0,0,0,-1,0,-1,0,0,1,0,0,0,0,1,0,0,0,0,0,0,0,0,0,1,0,1,0,1,-1,0,0,0,-1,1,-1,0,0,0,0,0,0,0,0,0,0,0,0,0,0,0,-1,-1,0,0,1,0,0,0,0,0,-1,0
1919,0,-1,1,0,0,-1,-1,1,-1,0,-1,0,0,0,1,1,0,0,0,0,1,1,1,-1,0,0,0,0,0,0,0,0,0,0,-1,0,0,-1,0,0,1,0,-1,-1,0,0,-1,-1,0,1,0,-1,-1,0,1,0,0,1,-1,-1,0,-1,1,-1
1920,0,0,0,0,0,0,0,0,1,0,-1,-1,0,0,0,0,0,0,0,0,0,1,0,-1,0,-1,0,0,0,0,0,1,0,0,0,-1,-1,-1,0,0,-1,0,0,-1,0,1,0,1,0,1,-1,1,0,0,-1,-1,1,0,0,0,0,0,0,-1
1921,0,1,0,-1,1,-1,0,1,1,0,0,1,0,0,0,0,0,0,1,0,1,1,0,0,0,0,-1,0,0,1,0,0,0,0,0,0,0,-1,1,0,0,0,0,0,0,0,0,-1,0,0,0,0,0,0,0,0,-1,0,0,0,-1,0,0,0
1922,0,0,0,0,0,1,0,0,0,0,1,1,1,1,0,0,0,1,1,0,1,1,0,-1,0,0,-1,-1,-1,0,0,0,0,0,0,0,-1,0,-1,0,-1,0,0,0,0,0,1,0,0,1,0,0,0,0,1,0,0,0,0,0,0,0,0,-1
1923,0,-1,0,0,-1,-1,0,0,-1,1,1,1,1,0,0,0,0,-1,-1,0,0,1,0,-1,0,0,1,0,-1,1,0,0,0,0,1,0,-1,0,-1,1,0,0,0,-1,0,1,0,-1,-1,0,-1,1,1,-1,0,0,0,1,0,0,0,0,0,0
1924,1,1,0,0,-1,0,0,1,-1,0,0,0,0,1,0,0,0,0,0,0,0,0,0,0,-1,0,0,1,1,1,-1,0,0,0,1,0,0,0,1,-1,-1,-1,0,-1,0,-1,0,0,0,0,0,0,0,0,0,0,0,0,0,0,0,0,0,0
1925,0,-1,1,-1,-1,0,0,0,0,0,0,0,0,0,0,0,0,-1,1,1,0,-1,0,0,0,-1,0,0,0,-1,1,0,1,0,1,0,0,1,0,-1,1,-1,0,0,1,-1,0,0,0,0,1,0,0,0,-1,-1,0,1,0,0,1,0,0,0
1926,0,1,-1,0,-1,0,-1,0,0,0,0,0,0,1,0,0,-1,0,-1,1,-1,0,0,0,0,0,-1,0,-1,1,0,0,0,0,0,0,0,-1,0,0,0,0,0,0,0,0,0,0,0,1,0,0,0,0,0,0,0,0,0,0,0,0,0,0
1927,0,1,0,0,1,1,0,0,0,0,0,0,1,0,0,1,-1,-1,0,0,0,0,0,1,0,0,1,0,0,0,1,1,0,0,0,0,0,-1,0,1,0,0,0,0,-1,0,0,0,-1,0,0,0,0,1,0,0,0,0,0,1,1,1,0,1
1928,1,-1,1,0,1,-1,0,-1,-1,-1,0,-1,0,0,0,0,0,0,-1,0,0,0,0,-1,0,0,-1,1,0,0,0,0,0,0,0,-1,0,0,1,0,1,0,0,0,-1,1,0,1,0,0,-1,-1,0,0,0,0,0,1,0,0,0,0,1,0
1929,-1,0,0,0,-1,0,1,1,-1,0,-1,0,0,0,0,-1,0,-1,-1,-1,0,0,1,0,1,0,1,0,-1,1,0,0,1,0,1,1,0,1,0,-1,0,-1,0,0,0,-1,0,0,0,0,0,0,0,-1,0,0,-1,0,-1,-1,0,-1,0,0
1930,0,0,-1,0,0,0,0,-1,0,0,0,1,0,0,0,0,0,0,0,1,0,0,-1,0,0,0,-1,0,-1,0,0,-1,0,-1,0,-1,-1,0,-1,-1,-1,-1,-1,0,0,0,1,0,0,0,0,0,0,-1,0,0,0,1,1,1,0,0,-1,-1
1931,0,0,0,-1,0,0,1,-1,0,0,0,0,0,0,0,0,0,0,0,1,0,0,-1,0,1,0,1,0,0,-1,0,0,-1,0,0,0,0,0,1,1,-1,0,-1,0,0,0,0,0,0,0,-1,0,0,0,0,1,0,1,0,0,1,0,1,0
1932,1,1,0,0,0,1,0,0,1,0,0,0,0,0,0,0,-1,0,-1,0,1,-1,0,0,0,1,-1,0,0,0,0,0,0,0,0,0,0,-1,0,0,0,0,0,0,1,0,0,-1,0,0,-1,0,0,0,-1,0,0,1,0,1,0,0,-1,1
1933,0,1,-1,0,-1,0,-1,0,0,0,0,0,0,0,0,0,0,0,0,0,0,0,-1,0,0,0,0,0,0,0,1,0,1,0,0,0,0,0,-1,-1,-1,1,0,1,0,0,0,0,-1,0,0,0,0,1,0,0,-1,-1,1,0,0,0,1,0
1934,0,-1,0,1,0,0,0,0,1,0,1,-1,0,0,0,-1,1,-1,0,0,0,0,-1,0,0,0,0,0,0,0,0,0,0,0,-1,1,0,-1,-1,1,-1,0,0,0,1,0,0,1,0,0,0,0,1,-1,0,1,0,1,1,0,0,0,1,0
1935,0,1,0,0,0,0,0,0,0,-1,0,1,0,0,0,0,0,0,0,-1,0,0,0,0,-1,0,0,0,0,0,0,0,0,0,0,0,1,1,0,-1,0,0,-1,0,0,-1,0,0,0,0,0,0,-1,0,0,0,0,0,0,-1,0,-1,0,0
1936,1,0,1,0,0,0,1,0,-1,0,0,0,1,0,0,0,0,-1,0,0,0,1,1,0,-1,0,-1,0,1,0,0,0,0,0,0,0,0,-1,0,-1,0,0,0,1,0,-1,1,0,0,0,0,0,0,-1,0,0,0,0,0,0,0,0,1,0
1937,1,0,0,-1,1,0,0,0,-1,-1,1,-1,0,0,0,0,1,1,1,0,0,0,0,0,-1,0,1,0,0,0,1,-1,0,-1,0,1,0,0,0,0,0,0,-1,1,1,-1,-1,0,0,0,0,0,0,0,0,1,-1,-1,0,0,0,0,0,0
1938,0,0,0,0,0,0,1,0,1,1,0,0,0,0,0,0,0,1,-1,1,0,0,0,0,0,0,1,1,0,0,0,0,0,0,-1,1,-1,1,0,-1,0,-1,0,0,0,0,0,0,0,-1,-1,0,1,0,1,0,0,0,0,0,0,0,0,0
1939,0,0,0,0,1,1,0,0,0,0,0,-1,-1,0,0,0,0,0,0,0,-1,0,-1,-1,-1,1,1,-1,0,0,0,0,0,-1,1,0,0,0,0,0,0,0,0,0,0,-1,-1,0,0,0,0,0,1,0,0,0,0,1,0,0,0,-1,0,0
1940,0,1,1,0,1,0,1,0,0,0,0,1,0,-1,0,1,0,0,0,0,0,1,1,0,0,0,0,0,-1,0,-1,1,-1,-1,-1,0,0,0,0,0,0,0,0,0,0,1,0,0,0,0,0,0,0,1,0,0,0,0,-1,0,-1,0,1,1
1941,-1,-1,0,1,0,0,0,0,0,0,0,0,0,1,0,-1,0,0,0,0,0,0,0,0,1,0,0,0,1,0,0,1,0,0,0,0,0,1,0,-1,-1,-1,1,1,0,-1,1,-1,0,1,0,0,0,0,1,0,0,-1,0,-1,1,0,0,1
1942,0,0,0,0,0,0,1,0,1,-1,-1,1,1,1,0,-1,1,1,1,1,1,0,-1,0,0,0,-1,1,-1,1,1,0,0,-1,0,0,0,1,0,0,0,0,0,0,0,0,1,0,0,1,-1,1,0,0,0,0,1,0,0,1,0,0,0,0
1943,0,0,0,0,0,0,0,-1,0,1,1,-1,0,-1,0,0,0,0,1,0,0,1,0,0,0,0,0,1,-1,1,0,0,1,-1,0,0,-1,0,0,0,0,0,0,0,0,0,-1,0,0,0,0,-1,0,0,1,0,0,0,-1,0,0,0,1,0
1944,1,1,0,0,0,0,0,-1,0,0,0,0,0,-1,-1,1,-1,0,0,1,0,0,0,0,0,0,0,1,0,1,0,0,-1,0,0,0,0,-1,1,0,0,1,1,0,0,0,0,1,0,1,0,1,0,1,-1,1,1,0,0,0,0,-1,0,0
1945,0,0,0,0,-1,0,0,0,0,-1,0,0,0,0,0,0,0,1,0,0,0,0,0,0,1,0,0,0,0,1,0,0,0,0,0,0,0,0,0,1,0,0,1,0,0,0,-1,1,1,0,0,0,-1,0,0,0,1,1,0,1,0,-1,0,-1
1946,1,0,1,1,0,0,0,-1,1,0,0,0,0,0,0,0,-1,-1,0,0,-1,0,0,0,0,0,0,0,0,0,0,0,0,0,0,-1,0,0,0,0,0,0,1,0,0,0,0,-1,0,0,0,1,0,0,0,-1,-1,-1,-1,0,0,0,0,0
1947,-1,0,0,0,-1,0,0,0,0,0,0,0,0,0,0,0,-1,0,0,0,1,-1,1,-1,0,0,1,0,0,-1,-1,0,0,-1,-1,-1,0,-1,0,1,0,0,0,1,0,0,0,0,1,0,0,0,1,0,-1,-1,0,0,0,0,-1,-1,0,-1
1948,0,0,0,0,0,0,0,1,0,1,0,0,0,0,-1,0,0,-1,0,1,0,0,1,0,0,0,0,0,0,0,-1,1,1,0,0,0,0,1,-1,0,0,0,0,1,-1,0,0,0,0,-1,0,0,0,1,1,1,0,0,1,1,0,0,0,0
1949,0,0,1,0,0,0,1,0,0,0,0,1,0,0,0,-1,0,0,0,0,0,0,0,0,0,1,0,-1,0,0,0,0,0,0,0,0,0,0,0,0,0,0,-1,-1,0,0,0,-1,0,0,0,0,-1,0,0,0,-1,1,0,1,0,1,-1,0
1950,0,0,0,0,-1,0,0,-1,0,-1,0,0,0,0,0,0,0,0,0,1,0,-1,-1,0,0,0,-1,0,0,0,0,0,-1,1,0,0,0,1,0,-1,1,0,0,0,0,0,-1,0,1,0,-1,0,-1,0,1,1,0,0,0,0,0,-1,0,-1
1951,0,0,1,0,0,0,0,-1,1,1,0,-1,0,1,0,0,0,1,-1,0,1,0,0,0,0,0,0,0,0,-1,0,0,0,0,0,0,1,1,0,-1,0,0,0,0,0,0,0,1,0,-1,-1,1,-1,0,1,0,-1,-1,0,1,1,0,-1,0
1952,1,0,0,0,0,0,0,1,0,1,-1,-1,0,0,0,0,0,1,0,-1,0,0,-1,1,0,0,1,0,0,0,1,-1,-1,1,0,1,-1,0,0,0,0,0,0,1,0,0,1,-1,-1,1,-1,0,0,0,0,0,0,0,0,-1,0,0,1,-1
1953,0,0,0,1,0,0,-1,0,0,0,0,1,0,0,1,0,0,1,0,0,0,0,1,0,0,1,0,-1,0,0,0,0,1,0,0,0,-1,0,1,-1,0,-1,0,0,0,0,1,0,0,0,0,0,0,0,0,0,0,1,0,0,0,1,0,0
1954,0,0,0,0,1,-1,0,0,0,0,0,0,0,0,0,-1,0,0,0,-1,0,0,1,1,0,0,0,0,1,-1,-1,0,0,0,-1,1,0,-1,0,1,1,0,0,0,0,0,-1,0,1,0,1,-1,-1,0,0,0,0,0,1,-1,1,0,0,0
1955,-1,0,0,0,-1,1,0,0,0,1,0,1,-1,0,0,0,-1,0,0,-1,0,1,0,0,0,-1,-1,0,1,-1,-1,0,0,0,0,0,-1,0,0,0,0,0,-1,1,0,0,1,0,1,0,-1,0,0,0,0,0,0,1,0,0,0,-1,0,-1
1956,0,0,-1,-1,1,-1,-1,0,0,0,0,0,1,-1,0,-1,1,0,1,0,1,0,0,0,-1,1,0,1,0,0,0,0,0,0,0,-1,-1,0,0,1,-1,0,0,0,1,0,0,-1,0,0,0,0,0,-1,1,0,-1,0,0,-1,0,0,0,-1
1957,0,1,0,-1,0,0,-1,0,0,0,-1,-1,-1,0,1,0,0,-1,0,-1,0,0,0,0,0,0,0,0,0,0,0,0,0,-1,0,0,1,0,-1,1,0,0,0,0,0,0,1,-1,0,1,-1,0,0,1,1,-1,-1,0,0,-1,0,0,-1,0
1958,0,1,-1,0,1,0,-1,0,0,-1,0,0,0,1,0,0,-1,1,0,0,1,-1,0,1,-1,0,0,1,0,-1,0,-1,0,0,0,-1,0,1,0,0,0,-1,1,0,0,0,0,0,0,1,-1,1,0,-1,1,0,0,0,1,0,1,0,1,0
1959,0,0,-1,0,1,0,0,-1,1,1,0,0,0,0,0,1,0,1,0,0,0,0,0,1,0,0,0,0,0,0,0,0,-1,0,0,0,0,0,0,0,1,0,0,1,0,0,1,0,0,0,-1,-1,-1,0,0,0,0,0,-1,0,0,0,0,1
1960,-1,0,0,0,0,0,0,0,-1,0,0,0,0,0,0,0,-1,-1,1,-1,1,0,0,0,0,0,0,1,0,0,0,0,-1,-1,-1,0,-1,0,0,0,0,0,0,0,0,0,-1,0,0,0,0,0,0,0,0,1,0,0,0,-1,0,0,0,0
1961,0,0,0,0,0,0,0,0,0,-1,1,0,0,0,1,0,-1,1,-1,0,0,0,0,-1,0,-1,0,0,1,0,1,0,0,0,0,0,0,-1,0,0,0,0,1,0,0,0,0,0,0,0,0,0,0,0,0,0,0,1,0,1,0,0,-1,0
1962,0,1,-1,0,-1,1,0,0,0,-1,0,1,0,0,0,0,0,0,0,0,0,0,0,0,0,0,0,1,-1,1,0,0,0,0,-1,-1,0,0,0,0,0,0,1,0,0,0,0,0,0,0,0,0,1,0,1,0,1,0,-1,-1,1,0,0,0
1963,-1,0,-1,1,0,1,0,1,0,0,0,1,0,-1,0,0,0,1,0,-1,0,-1,0,0,0,0,0,0,0,0,0,0,-1,1,0,0,0,1,0,0,1,0,0,0,0,0,0,0,1,0,0,-1,1,-1,0,-1,0,1,0,0,0,0,0,0
1964,-1,0,0,0,1,0,0,0,0,0,-1,-1,-1,-1,0,1,0,0,1,0,0,-1,-1,0,0,0,0,0,-1,0,0,0,0,-1,0,0,1,0,-1,0,-1,1,1,0,0,0,0,0,0,-1,-1,0,0,0,0,0,0,0,1,0,0,0,0,0
1965,0,0,0,0,0,0,0,0,0,0,0,0,0,0,0,0,0,0,1,0,1,0,0,0,0,0,0,1,0,-1,0,0,0,0,0,1,-1,0,0,-1,0,0,0,0,0,1,-1,0,0,1,-1,0,1,0,0,0,0,0,1,0,0,-1,0,1
1966,0,0,0,0,-1,0,0,0,0,1,0,0,0,0,0,0,0,0,1,0,0,0,1,0,0,0,0,0,0,0,0,1,0,0,-1,0,-1,0,-1,-1,0,0,0,0,0,0,0,-1,1,1,-1,-1,0,0,0,1,0,0,0,0,0,0,-1,0
1967,0,0,1,-1,0,0,0,0,0,1,0,0,0,0,0,0,-1,0,0,0,1,0,0,-1,0,0,1,-1,1,0,0,0,-1,-1,0,1,0,1,0,1,0,0,1,0,0,0,1,1,0,0,0,1,0,0,0,-1,0,1,-1,0,-1,0,-1,0
1968,1,1,0,0,-1,0,-1,0,1,0,0,0,0,1,0,-1,-1,0,0,-1,1,-1,0,0,1,1,-1,0,-1,0,0,0,0,-1,0,-1,-1,0,1,0,0,1,0,-1,0,0,1,-1,1,-1,0,1,0,1,0,1,1,1,0,0,0,1,0,0
1969,0,0,0,0,-1,0,-1,0,0,0,0,0,0,0,1,-1,0,0,0,1,1,0,0,0,0,0,1,0,1,0,0,-1,-1,0,0,1,0,-1,0,1,0,0,0,1,0,0,0,0,0,0,0,0,-1,-1,-1,-1,0,0,1,1,0,0,0,0
1970,-1,0,0,0,0,0,0,0,1,0,0,-1,0,1,-1,0,1,-1,1,0,0,0,0,0,-1,0,0,0,0,0,-1,0,1,0,0,0,0,0,0,0,0,0,0,0,0,-1,0,0,0,0,1,0,0,0,0,1,0,0,0,0,0,0,1,0
1971,1,0,0,0,1,0,0,0,-1,0,0,1,0,-1,-1,0,1,-1,0,0,0,0,0,-1,1,0,0,0,0,0,0,1,0,0,0,0,0,0,0,-1,0,0,-1,0,0,0,0,-1,1,0,0,0,0,0,0,1,-1,0,1,-1,-1,0,0,-1
1972,0,0,0,-1,1,0,0,0,0,0,1,0,0,0,0,1,1,-1,1,0,0,0,-1,0,-1,0,0,0,-1,0,0,0,1,0,0,-1,0,-1,0,1,-1,0,0,0,0,0,0,0,0,1,0,1,0,0,0,0,0,0,0,-1,0,1,0,0
1973,0,0,0,-1,0,0,0,0,0,0,0,-1,1,0,0,1,1,0,-1,0,-1,-1,0,0,0,0,0,1,0,1,1,0,0,1,-1,0,0,0,0,0,0,0,0,1,0,0,1,0,0,0,0,0,0,0,0,1,1,-1,-1,0,0,0,0,1
1974,1,1,-1,0,1,-1,0,0,0,0,0,0,0,-1,0,0,-1,0,0,0,-1,0,0,0,0,0,0,1,0,0,0,1,-1,0,-1,-1,0,0,0,0,0,-1,0,0,0,0,0,0,0,0,0,-1,0,1,0,-1,-1,0,0,0,0,0,0,0
1975,1,0,0,0,1,0,0,0,0,0,0,-1,0,1,-1,0,0,0,0,-1,0,1,-1,0,0,0,0,0,0,0,-1,1,0,0,0,0,1,-1,0,0,0,1,0,0,-1,0,0,0,0,-1,0,0,-1,1,0,0,0,-1,1,0,0,0,-1,0
1976,0,0,1,0,0,-1,0,0,0,0,0,-1,0,0,-1,0,0,1,1,0,0,0,0,0,0,0,0,0,0,0,0,1,0,0,0,-1,1,-1,-1,0,0,0,0,-1,0,0,-1,0,1,0,0,0,0,0,0,1,0,-1,0,-1,0,0,0,-1
1977,0,0,-1,0,0,1,0,0,-1,0,1,0,0,0,1,0,0,1,0,0,0,0,1,0,0,0,0,0,1,0,0,0,0,0,0,-1,0,-1,0,1,0,0,0,1,0,1,1,1,1,1,0,1,-1,0,0,0,0,0,1,0,0,-1,0,0
1978,0,0,0,-1,-1,1,0,0,0,0,0,0,0,0,-1,0,0,1,0,0,-1,-1,0,0,0,0,0,0,0,1,0,1,0,1,0,1,-1,0,-1,0,0,0,0,1,-1,0,0,0,0,0,0,0,0,0,0,1,0,-1,-1,0,0,-1,0,1
1979,0,0,1,0,0,0,-1,1,0,1,0,-1,0,0,-1,0,0,0,0,-1,0,0,1,0,-1,0,0,0,-1,0,0,-1,1,0,1,0,-1,0,0,0,0,0,0,0,0,1,0,0,0,0,0,0,0,-1,0,0,0,0,0,0,0,0,0,-1
1980,0,-1,0,0,0,-1,0,0,0,1,0,0,0,0,0,0,-1,-1,0,0,0,0,1,0,1,1,0,0,1,-1,-1,0,0,0,0,0,1,1,-1,0,0,1,0,-1,0,0,0,0,0,0,1,0,1,0,1,1,0,0,0,0,0,1,0,0
1981,-1,0,0,0,0,1,0,1,-1,0,0,0,-1,-1,-1,0,1,0,0,0,0,0,-1,1,0,0,0,1,0,0,0,0,1,-1,0,1,0,0,0,0,1,-1,0,1,0,0,0,0,1,-1,0,1,0,0,0,0,0,0,0,0,0,0,0,1
1982,0,0,0,0,0,1,0,0,0,0,-1,0,0,0,0,-1,0,0,1,0,-1,1,1,0,0,1,1,0,1,0,0,0,1,0,0,0,1,0,1,1,0,1,-1,0,1,-1,0,-1,-1,1,0,0,0,-1,0,0,-1,1,0,0,0,-1,-1,0
1983,0,0,-1,0,0,0,-1,0,0,0,1,0,0,0,0,0,0,0,0,0,1,1,0,-1,0,0,1,0,1,0,0,0,0,0,0,0,0,0,0,0,0,0,-1,0,0,0,1,0,0,0,0,0,0,-1,-1,0,0,0,0,-1,0,0,0,0
1984,-1,0,0,0,1,1,1,-1,0,-1,1,0,-1,-1,0,1,0,1,0,0,0,0,0,0,0,0,0,0,0,0,0,1,0,0,0,0,1,-1,1,-1,0,0,0,1,0,0,0,0,0,0,1,0,0,0,0,0,1,0,0,0,0,0,0,0
1985,0,-1,0,0,0,0,0,-1,0,0,1,1,0,0,0,0,0,-1,0,-1,-1,0,0,0,0,0,-1,0,0,1,0,0,1,0,-1,0,0,0,0,0,0,0,-1,0,0,-1,-1,0,0,-1,-1,1,0,-1,0,1,0,-1,1,0,1,0,0,0
1986,0,0,0,-1,1,0,0,1,0,0,0,0,0,1,0,0,-1,0,0,0,0,0,0,1,0,0,0,-1,1,0,1,0,0,0,0,0,0,0,0,1,1,0,0,0,-1,0,-1,0,-1,0,-1,0,-1,0,0,1,0,0,0,0,0,1,0,1
1987,1,0,0,1,1,0,0,1,1,-1,-1,0,0,0,0,0,0,1,1,0,-1,0,0,1,0,0,0,0,0,-1,0,0,0,0,1,1,-1,-1,1,0,0,0,0,1,0,0,0,0,-1,0,0,0,0,0,-1,0,0,0,0,0,0,0,0,0
1988,0,0,0,0,1,0,0,0,0,0,-1,1,-1,0,0,-1,-1,-1,0,0,0,0,0,0,0,0,0,0,0,0,-1,1,0,0,0,-1,0,0,0,0,-1,-1,-1,-1,0,0,0,-1,0,0,-1,-1,0,1,0,0,0,0,-1,0,0,-1,0,0
1989,0,0,0,0,1,0,0,0,0,-1,0,1,0,0,0,1,0,1,0,0,0,-1,0,0,1,1,0,0,0,-1,-1,0,-1,0,-1,0,0,0,1,0,0,1,0,0,0,-1,1,0,-1,-1,-1,0,0,0,0,0,1,0,-1,0,0,0,0,1
1990,0,0,0,0,0,0,0,1,1,0,1,0,0,1,1,0,0,0,0,0,-1,0,0,-1,0,0,0,1,-1,1,0,0,0,0,-1,0,0,-1,0,0,1,0,0,0,0,0,0,0,-1,0,-1,0,0,0,0,0,0,0,-1,0,0,-1,1,0
1991,0,0,0,1,-1,0,0,1,0,-1,0,0,0,0,0,0,0,1,-1,1,0,-1,0,0,0,-1,0,0,0,0,-1,0,0,0,0,-1,0,0,0,0,0,1,1,0,0,0,0,0,1,0,1,-1,0,0,0,0,0,0,0,0,0,-1,0,0
1992,0,-1,0,0,0,1,1,0,0,1,0,0,0,-1,0,0,-1,0,0,0,-1,0,1,0,0,-1,0,-1,-1,0,1,-1,0,0,0,-1,-1,0,0,0,0,0,1,0,0,0,0,0,0,0,-1,0,0,1,0,0,1,0,0,0,1,0,0,0
1993,0,-1,0,0,0,-1,1,0,0,0,0,1,0,0,0,0,0,-1,1,1,0,1,-1,1,0,-1,0,0,0,0,-1,0,-1,0,1,-1,1,0,1,-1,0,-1,0,0,0,0,0,0,1,0,0,-1,-1,-1,0,0,-1,0,0,0,0,0,-1,-1
1994,0,1,1,0,-1,0,0,0,1,0,1,0,0,0,1,0,-1,0,0,0,0,0,-1,0,0,0,0,-1,0,1,0,1,-1,0,1,0,1,0,0,0,0,0,0,0,0,0,0,1,-1,-1,0,-1,0,0,0,-1,0,0,0,0,-1,0,-1,0
1995,-1,0,0,0,0,0,0,0,1,0,0,0,-1,0,0,0,0,0,0,0,0,0,0,0,0,0,0,1,-1,0,-1,0,-1,-1,0,0,0,-1,0,0,0,0,0,0,1,-1,0,0,0,1,0,0,-1,0,1,0,0,-1,0,-1,0,-1,1,-1
1996,1,0,0,0,0,1,-1,1,0,0,0,0,0,0,0,0,1,0,0,0,0,-1,0,0,0,1,-1,0,0,-1,0,1,0,0,0,0,0,0,0,0,-1,0,0,-1,0,0,-1,0,0,-1,-1,0,0,1,0,0,0,0,0,1,0,1,0,1
1997,0,0,-1,0,0,0,0,-1,-1,0,0,0,0,0,1,-1,0,0,0,0,0,0,0,0,0,-1,0,0,0,0,0,0,0,-1,-1,0,0,0,0,0,0,0,-1,0,0,0,-1,0,0,1,0,0,0,0,0,-1,-1,0,1,0,0,0,0,0
1998,0,1,0,1,0,0,1,0,-1,0,1,-1,0,0,0,0,0,-1,0,0,0,-1,0,-1,0,-1,-1,0,-1,0,-1,0,1,0,0,0,0,0,0,0,-1,1,1,0,0,-1,0,0,0,0,0,1,0,1,-1,0,0,0,0,-1,0,0,0,0
1999,-1,0,0,1,0,0,0,0,-1,0,0,0,-1,0,0,0,0,0,0,-1,0,-1,1,1,-1,0,0,0,1,0,0,-1,0,0,1,1,-1,-1,0,1,-1,0,1,0,-1,-1,0,-1,0,1,0,0,0,0,1,0,0,0,0,0,0,-1,0,0
2000,1,0,0,0,0,0,0,1,0,-1,0,1,0,0,0,0,0,0,1,1,0,0,0,0,-1,1,0,1,0,0,0,0,1,0,0,1,0,-1,-1,0,0,0,-1,0,0,0,0,1,0,0,0,1,0,0,0,1,0,1,0,-1,0,0,0,0
2001,1,0,0,0,0,0,0,0,0,0,0,0,0,0,0,0,0,0,0,1,0,-1,0,-1,0,0,0,1,0,0,0,1,0,0,0,1,0,0,1,1,0,1,0,0,1,-1,-1,0,0,1,1,0,0,0,0,1,0,0,1,-1,-1,1,0,0
2002,1,0,0,0,0,0,1,-1,-1,1,-1,1,0,-1,0,1,-1,1,1,1,0,0,0,-1,1,0,0,1,0,0,1,0,0,0,0,-1,0,0,-1,1,1,0,-1,0,0,0,1,0,-1,0,1,0,0,0,0,0,0,0,0,0,0,0,0,-1
2003,1,1,0,0,0,1,0,0,0,0,0,0,1,0,-1,1,1,-1,0,0,0,1,-1,0,0,0,0,0,0,0,1,0,1,1,0,1,0,-1,0,1,1,0,-1,-1,0,-1,0,0,-1,-1,0,0,0,1,0,-1,0,-1,1,0,0,1,-1,0
2004,1,0,0,0,-1,0,-1,0,1,-1,0,-1,0,0,0,0,0,0,0,0,1,1,0,0,0,0,0,0,0,0,0,0,0,0,0,0,1,1,0,0,0,1,0,0,0,0,0,1,0,0,0,-1,0,-1,0,0,0,0,0,0,0,1,1,1
2005,1,0,-1,0,0,0,1,0,-1,-1,0,0,0,-1,0,0,0,0,-1,-1,-1,0,0,0,0,0,0,1,0,0,0,0,0,0,1,0,0,0,0,1,0,0,1,0,0,0,1,0,-1,0,0,0,0,-1,0,-1,0,0,-1,0,0,1,0,0
2006,0,0,0,0,-1,0,0,1,1,0,0,-1,0,0,0,0,1,1,0,0,-1,0,1,1,0,0,1,0,0,1,0,0,0,0,0,-1,1,0,0,1,-1,0,0,0,0,1,0,0,0,0,0,0,0,0,0,0,0,0,0,-1,0,-1,0,0
2007,0,1,0,0,-1,-1,0,0,1,1,0,0,0,0,0,-1,0,0,0,0,1,0,0,1,1,1,0,0,0,0,0,-1,0,-1,0,-1,0,0,1,0,0,0,0,-1,1,0,0,0,0,-1,0,0,0,0,0,0,0,0,0,0,-1,1,0,0
2008,1,0,0,-1,0,-1,0,-1,0,0,0,0,1,-1,-1,0,0,0,0,0,0,0,0,-1,0,0,-1,0,0,0,-1,1,-1,-1,0,0,0,0,0,0,0,0,0,0,0,0,1,1,-1,0,0,0,1,0,0,1,0,0,-1,0,0,0,-1,-1
2009,-1,0,0,0,1,-1,0,0,0,0,0,0,0,0,0,0,1,0,-1,0,0,0,0,0,0,0,0,-1,0,0,0,0,0,-1,0,0,0,-1,0,-1,-1,0,-1,0,0,-1,0,0,0,1,-1,-1,1,1,0,0,1,-1,0,1,0,0,0,0
2010,0,1,-1,0,1,1,0,0,0,-1,0,-1,0,-1,0,0,0,0,0,0,0,-1,0,0,1,0,0,0,0,0,0,-1,0,1,1,0,1,0,0,0,0,1,0,0,0,0,-1,0,0,-1,0,0,0,1,0,-1,0,0,0,0,0,0,0,0
2011,0,0,-1,1,1,0,0,0,0,0,0,1,0,-1,0,1,0,0,0,0,-1,0,1,1,1,0,0,0,1,0,0,0,0,0,0,0,1,0,1,0,-1,1,0,0,1,0,0,-1,0,1,0,0,0,0,1,-1,0,0,1,0,0,0,1,0
2012,1,0,-1,0,-1,0,0,1,0,0,1,-1,0,1,0,1,0,1,0,0,-1,0,0,1,0,0,0,0,0,0,0,0,0,0,0,-1,-1,-1,1,0,0,1,1,0,1,0,0,0,0,0,0,0,1,0,0,-1,0,-1,1,0,0,0,0,1
2013,1,0,0,0,0,1,1,1,0,-1,1,1,1,0,0,0,0,0,-1,0,0,0,0,0,1,0,1,0,-1,-1,-1,0,0,-1,0,0,0,1,0,0,1,0,0,0,-1,0,0,0,0,1,1,-1,0,0,-1,0,0,0,0,0,0,0,-1,0
2014,1,0,0,0,0,-1,0,1,0,0,0,-1,0,0,0,0,0,-1,0,0,0,-1,0,0,0,0,0,0,-1,0,0,0,1,1,0,0,0,0,1,1,0,0,0,0,0,1,0,-1,1,1,-1,-1,-1,0,-1,0,0,0,-1,0,0,1,0,0
2015,0,1,0,0,1,0,0,0,0,0,0,-1,0,0,0,0,0,0,0,0,0,1,0,0,0,0,-1,0,-1,0,0,0,0,0,0,0,0,0,1,-1,0,0,0,0,0,0,0,0,0,0,0,0,1,0,0,0,0,-1,0,0,0,0,0,0
2016,0,0,0,0,0,0,-1,0,1,0,0,1,0,1,-1,-1,0,0,0,0,0,-1,-1,0,0,-1,0,0,1,0,0,0,-1,1,1,0,-1,0,0,0,1,0,0,-1,-1,0,0,0,1,1,0,0,0,-1,0,0,-1,0,0,1,0,-1,1,0
2017,0,1,0,0,0,0,0,0,-1,0,0,0,0,-1,0,0,1,1,-1,0,0,1,0,0,0,-1,0,1,0,0,0,-1,-1,-1,-1,1,0,0,0,0,0,0,0,0,0,0,0,-1,0,0,-1,0,0,0,0,0,0,1,0,0,1,1,-1,0
2018,1,0,0,0,0,-1,0,0,-1,0,0,0,1,0,0,0,0,0,1,-1,0,0,-1,0,-1,0,0,-1,0,0,1,0,0,0,0,0,-1,0,-1,0,1,0,0,-1,0,0,0,0,0,0,-1,0,0,0,0,0,0,0,1,0,0,0,-1,0
2019,-1,0,0,-1,1,0,0,0,1,1,0,-1,0,-1,1,0,-1,0,0,0,-1,-1,-1,0,0,1,0,-1,0,-1,0,0,0,-1,0,1,0,0,0,1,0,0,1,0,-1,0,1,-1,0,0,0,0,0,0,0,1,0,-1,0,-1,-1,0,1,0
2020,0,0,-1,0,0,0,0,1,0,0,-1,1,-1,0,0,0,1,-1,1,1,-1,0,0,1,0,-1,1,0,0,0,0,0,-1,-1,1,0,0,-1,-1,0,0,0,0,1,0,0,0,-1,0,1,-1,0,1,-1,0,0,1,0,0,1,0,0,0,-1
2021,-1,0,1,0,1,0,0,1,0,0,1,1,1,0,0,0,0,-1,0,0,0,-1,0,-1,-1,1,0,0,0,1,1,1,-1,0,-1,0,0,0,1,0,0,0,0,0,0,0,0,-1,0,1,1,0,0,0,-1,0,-1,1,0,-1,1,-1,0,1
2022,-1,0,0,0,-1,0,0,0,0,0,-1,0,0,0,0,0,0,0,0,0,0,0,0,1,1,1,0,1,0,-1,0,0,0,-1,0,0,0,0,0,1,0,0,0,-1,0,-1,0,0,0,-1,0,0,0,1,0,0,-1,-1,-1,0,0,-1,0,0
2023,0,0,0,-1,0,0,0,-1,0,0,0,0,0,0,-1,1,-1,0,0,0,0,-1,0,1,1,1,1,0,0,-1,0,0,0,1,0,-1,0,-1,0,0,1,1,1,0,1,0,0,1,0,-1,0,0,0,1,0,1,0,0,-1,0,0,1,0,0
2024,1,0,1,0,0,0,0,0,1,0,0,0,0,0,0,0,0,1,0,1,-1,-1,0,0,0,0,0,0,0,0,0,1,-1,0,0,0,0,0,1,0,0,0,-1,0,0,0,0,1,1,1,1,0,-1,0,-1,0,-1,0,-1,-1,0,0,-1,0
2025,0,0,0,0,1,1,0,0,0,0,0,-1,-1,0,1,-1,0,0,-1,1,0,0,-1,-1,-1,-1,0,0,1,-1,1,0,-1,0,0,0,0,0,0,0,0,-1,0,0,-1,-1,-1,1,1,0,0,-1,0,0,-1,0,0,0,0,1,0,0,1,-1
2026,0,0,0,0,1,0,0,0,0,-1,-1,1,0,0,0,0,0,0,0,1,1,1,1,0,0,0,0,0,1,1,-1,-1,0,0,-1,0,1,0,-1,0,0,0,0,0,0,0,-1,-1,0,1,0,0,0,-1,0,-1,-1,0,0,0,0,0,0,0
2027,0,-1,0,0,0,1,1,0,-1,1,1,0,1,0,0,1,0,1,0,0,0,0,-1,-1,0,0,0,-1,0,0,0,0,1,0,0,1,-1,-1,1,0,1,0,0,0,0,-1,0,0,0,0,0,1,0,0,0,-1,0,0,-1,0,0,0,0,0
2028,-1,0,1,0,0,0,0,0,-1,0,0,0,0,0,0,0,-1,0,0,-1,1,0,0,0,0,1,0,0,0,1,0,0,0,-1,0,-1,-1,-1,0,-1,-1,0,-1,0,0,1,0,0,1,0,0,-1,0,0,0,1,0,1,-1,0,0,-1,1,-1
2029,1,0,0,-1,0,1,0,0,0,0,-1,0,1,1,1,0,0,0,1,-1,0,0,0,1,-1,0,1,0,0,0,0,0,-1,0,-1,0,0,-1,0,-1,0,0,-1,1,1,0,0,1,0,0,0,1,1,0,0,1,0,1,0,-1,0,0,0,0
2030,0,0,0,0,0,0,-1,0,0,0,0,-1,-1,1,1,-1,0,0,1,0,0,-1,0,0,-1,1,-1,0,0,-1,0,0,0,-1,0,0,0,-1,0,-1,0,0,0,0,0,0,0,0,0,0,0,1,0,0,0,0,1,1,0,0,1,0,0,1
2031,0,0,0,0,-1,0,0,0,0,0,0,1,0,0,-1,1,0,1,0,-1,-1,0,0,0,0,0,-1,0,0,0,1,1,1,0,-1,0,0,1,0,1,0,0,0,0,-1,0,0,0,0,1,0,0,1,0,0,1,1,0,0,0,-1,-1,-1,0
2032,1,0,0,0,1,0,0,-1,0,0,0,0,0,0,0,0,0,0,0,0,0,1,-1,0,0,0,0,-1,-1,-1,0,0,0,1,0,0,0,0,0,0,0,0,0,0,-1,-1,-1,0,0,-1,0,1,0,-1,0,1,0,0,0,0,1,0,0,0
2033,0,0,0,0,0,-1,0,0,-1,1,0,0,1,1,-1,0,0,0,-1,-1,0,0,-1,1,0,-1,0,0,0,0,0,0,0,-1,0,0,0,0,0,1,-1,0,0,0,0,0,1,1,0,0,0,0,0,0,-1,0,1,0,-1,1,0,0,0,1
2034,-1,0,1,0,0,-1,1,0,0,0,1,0,1,0,0,0,-1,1,0,-1,0,0,1,0,0,0,0,0,0,1,-1,0,-1,-1,1,1,-1,-1,0,0,0,0,0,0,0,1,0,-1,0,0,0,1,1,1,0,-1,-1,0,0,1,0,0,1,0
2035,0,0,1,-1,0,0,0,0,0,-1,0,0,0,0,0,1,1,0,-1,0,1,0,0,-1,0,0,0,-1,-1,0,0,1,0,-1,0,1,0,0,0,1,0,-1,1,0,0,0,0,0,0,0,0,1,-1,0,-1,0,-1,0,1,0,0,1,0,-1
2036,1,-1,1,0,0,1,0,1,0,0,1,1,0,0,0,1,1,0,0,-1,0,0,1,0,0,0,0,0,0,1,0,0,0,0,-1,-1,0,-1,0,1,0,-1,1,-1,0,0,0,0,0,0,-1,0,0,0,0,1,0,0,0,1,-1,0,0,0
2037,0,-1,1,0,0,0,-1,0,0,1,0,0,0,-1,-1,1,0,-1,0,-1,1,0,0,0,-1,0,0,0,0,0,0,0,0,1,0,-1,0,0,1,0,0,0,0,0,0,0,-1,-1,-1,0,-1,0,0,0,0,-1,0,1,0,0,-1,0,0,-1
2038,-1,-1,0,0,0,1,1,0,-1,0,0,0,-1,0,1,0,1,1,-1,1,1,0,0,0,0,1,0,0,0,-1,0,0,0,-1,0,0,0,0,0,0,-1,0,0,0,0,0,0,0,0,-1,0,0,-1,0,0,0,1,0,0,1,-1,-1,0,0
2039,0,0,-1,0,-1,0,0,0,1,-1,-1,0,1,1,0,0,0,0,0,0,1,1,0,0,-1,-1,1,0,0,0,0,1,0,0,1,0,0,0,0,-1,0,0,0,0,0,0,-1,0,0,0,0,0,0,1,0,0,0,0,0,0,0,0,-1,0
2040,-1,0,0,0,0,1,0,-1,-1,0,0,0,-1,0,0,0,0,0,0,0,0,0,1,0,0,-1,1,0,0,0,0,0,0,0,1,-1,0,0,-1,0,0,-1,0,-1,-1,-1,0,0,1,0,0,0,-1,1,1,1,1,0,0,0,1,0,0,0
2041,0,0,0,0,0,-1,0,0,0,0,0,0,1,1,1,0,-1,0,0,0,0,-1,0,0,0,-1,0,0,0,0,0,0,0,1,0,-1,0,0,0,1,0,-1,1,-1,0,1,0,0,1,0,1,0,1,0,0,0,0,0,-1,1,0,0,0,0
2042,0,1,1,0,0,1,-1,0,0,1,-1,0,0,0,0,0,0,0,0,0,-1,-1,0,0,0,0,1,1,0,0,0,0,0,0,0,-1,0,0,1,0,-1,-1,1,0,-1,-1,0,-1,0,0,0,1,0,-1,0,0,-1,-1,0,0,0,0,0,0
2043,0,0,-1,0,0,0,0,0,-1,1,0,0,0,0,0,1,1,0,0,0,0,0,0,0,0,-1,0,0,1,0,1,0,-1,0,0,1,0,-1,0,-1,1,1,0,1,0,0,0,0,0,-1,0,-1,0,0,1,0,0,1,0,1,0,-1,0,0
2044,-1,0,0,1,1,0,0,0,0,1,0,-1,0,0,0,0,0,0,0,0,0,0,0,-1,-1,0,0,-1,0,0,0,0,0,1,-1,0,0,0,-1,0,0,0,1,0,1,1,0,0,0,0,-1,1,-1,0,-1,0,-1,0,0,-1,0,0,0,0
2045,1,0,0,0,0,1,0,1,0,0,0,1,1,0,0,0,0,0,0,0,1,0,0,1,0,-1,-1,0,0,-1,0,0,-1,0,0,-1,1,0,1,0,0,-1,1,-1,0,-1,0,-1,0,-1,0,0,1,0,-1,0,0,0,-1,-1,-1,0,0,0
2046,-1,-1,0,0,0,0,-1,0,-1,0,0,0,0,1,0,0,0,0,0,-1,-1,0,0,1,-1,0,0,0,-1,0,1,0,1,0,0,1,-1,-1,0,1,-1,0,1,0,0,1,0,0,0,0,0,1,0,0,-1,1,1,0,0,0,0,0,1,0
2047,0,0,0,0,0,0,0,-1,0,0,-1,0,0,0,0,0,-1,-1,0,0,0,1,0,0,0,1,1,0,1,0,0,1,-1,1,0,-1,0,0,1,0,0,1,0,0,0,0,0,0,0,0,0,0,0,-1,-1,1,0,0,1,1,0,0,0,0
2048,0,0,-1,0,1,0,0,1,0,0,0,0,1,0,0,0,0,0,0,0,1,-1,1,0,0,0,-1,0,-1,0,0,1,0,-1,0,0,1,0,0,0,1,0,0,0,-1,1,0,0,-1,0,0,0,0,0,0,0,0,0,-1,0,0,0,0,1
2049,0,0,0,1,0,0,0,0,0,0,-1,0,-1,0,0,0,1,0,0,1,1,0,0,1,-1,0,-1,-1,0,0,0,0,1,0,1,0,0,0,0,-1,0,0,0,0,-1,1,0,-1,0,0,-1,1,1,0,1,0,0,1,0,0,0,0,0,0
2050,0,-1,0,0,1,0,1,0,0,0,0,0,0,0,1,0,0,-1,0,0,1,1,0,1,0,0,-1,0,0,0,-1,0,0,0,0,0,0,0,0,0,1,0,0,-1,0,-1,0,0,0,0,0,-1,0,0,1,0,0,0,0,0,0,-1,0,1
2051,0,0,0,0,0,1,0,0,0,0,0,1,-1,-1,0,0,0,0,0,1,0,0,-1,0,0,0,-1,1,0,0,0,0,0,0,0,-1,0,0,0,0,1,1,0,0,0,0,0,1,0,0,0,1,0,0,0,0,0,1,-1,0,1,0,0,0
2052,-1,0,0,0,0,1,0,0,1,-1,0,0,1,0,0,0,1,0,0,-1,-1,0,-1,1,0,0,0,0,0,0,0,1,-1,0,-1,0,0,0,0,-1,1,0,0,-1,1,-1,-1,0,-1,1,0,0,0,0,1,0,0,1,0,-1,0,0,-1,-1
2053,0,-1,0,-1,-1,0,0,0,0,0,0,0,0,0,0,0,0,0,0,1,0,0,0,1,0,0,0,0,0,0,0,0,0,-1,0,-1,-1,0,-1,0,0,0,0,-1,0,0,1,0,-1,0,0,0,0,0,0,0,1,0,1,0,0,0,1,0
2054,0,0,0,0,0,0,0,0,-1,0,0,-1,-1,1,0,0,1,-1,0,0,-1,0,-1,-1,0,-1,0,1,-1,0,0,0,0,0,1,0,0,0,1,0,0,0,0,1,1,0,0,1,0,0,0,1,0,1,-1,0,0,1,0,0,1,0,0,1
2055,0,0,0,0,0,-1,1,0,0,0,1,0,0,0,0,0,0,0,1,0,0,0,0,0,-1,-1,1,0,0,-1,0,-1,-1,0,1,0,0,0,0,0,1,1,1,-1,0,0,1,0,1,0,1,0,1,0,0,0,-1,0,-1,0,1,0,0,0
2056,0,0,0,-1,0,-1,0,0,0,0,0,-1,0,1,0,0,0,0,1,0,0,0,0,-1,0,0,-1,1,-1,-1,0,-1,0,1,0,0,-1,0,0,0,0,0,0,0,0,0,1,0,-1,0,0,0,0,-1,0,0,0,1,0,0,0,-1,0,0
2057,0,0,0,0,0,0,0,-1,1,1,0,-1,1,0,0,0,1,0,1,0,0,0,0,0,0,0,0,0,-1,0,1,0,-1,1,0,0,-1,0,-1,0,0,1,0,0,0,1,1,0,1,-1,0,1,0,0,0,1,0,-1,0,-1,0,0,1,0
2058,1,0,0,0,1,0,0,-1,0,0,1,0,1,-1,0,1,0,0,0,0,0,0,-1,-1,1,-1,0,0,1,0,0,0,0,-1,0,0,1,0,1,0,1,0,-1,-1,0,0,0,0,0,0,0,0,0,0,0,0,0,-1,0,-1,0,0,1,0
2059,-1,0,0,0,1,1,0,0,0,0,1,0,1,0,0,1,0,0,1,0,1,0,1,1,-1,-1,0,0,-1,0,0,0,0,-1,0,0,0,1,-1,0,1,0,-1,0,0,0,-1,0,0,1,-1,1,-1,0,1,1,0,0,0,1,0,0,0,0
2060,-1,1,0,0,0,0,0,0,1,0,0,0,0,0,0,0,0,0,1,0,0,0,-1,1,1,0,-1,0,1,0,1,1,0,0,0,0,0,0,1,0,-1,0,0,-1,-1,0,0,0,0,0,0,-1,0,0,0,0,0,-1,0,0,-1,0,0,-1
2061,0,1,0,0,1,1,0,0,0,-1,0,0,0,-1,0,0,0,0,-1,0,0,-1,-1,-1,0,1,-1,0,0,0,0,0,1,0,0,0,1,0,1,0,-1,0,0,0,0,-1,1,0,0,0,0,0,0,0,-1,0,0,1,0,0,0,-1,0,0
2062,0,0,1,-1,0,0,0,0,0,1,0,1,0,-1,0,0,-1,1,-1,-1,0,0,0,0,0,1,-1,0,0,1,0,-1,0,0,0,0,-1,0,0,1,-1,0,0,0,0,0,0,0,1,-1,0,1,0,-1,0,0,1,1,0,0,1,0,0,0
2063,0,0,0,-1,0,1,1,0,0,1,0,0,0,1,0,1,0,0,0,1,1,0,-1,0,-1,0,0,-1,0,1,0,0,0,0,0,0,0,0,0,0,0,0,0,0,0,0,0,0,0,0,1,0,0,0,0,0,0,0,1,0,0,0,0,0
2064,0,0,-1,-1,0,-1,0,0,0,0,0,-1,1,0,1,-1,-1,0,0,0,-1,0,1,0,0,0,1,0,0,-1,0,0,0,-1,0,0,-1,1,1,0,0,-1,0,0,1,0,0,-1,-1,-1,1,0,0,0,0,0,-1,0,0,0,1,0,0,0
2065,-1,0,0,0,1,0,0,1,1,0,0,0,0,0,0,-1,0,-1,-1,-1,0,0,1,1,0,1,-1,-1,0,-1,0,-1,0,0,0,0,1,0,0,1,0,-1,0,-1,-1,0,0,0,-1,0,1,0,-1,0,1,1,-1,0,1,-1,0,1,0,-1
2066,0,-1,0,0,-1,1,1,1,0,0,0,1,0,-1,0,1,0,0,0,0,1,-1,-1,0,1,0,0,0,0,0,0,-1,0,0,0,-1,0,-1,-1,0,1,0,0,0,1,0,1,0,0,0,0,0,-1,0,0,1,0,-1,0,0,0,0,0,-1
2067,1,0,-1,0,0,0,0,0,0,1,0,0,0,0,0,0,-1,0,1,1,0,0,0,0,-1,0,1,-1,1,0,0,-1,0,-1,-1,0,0,1,0,0,1,0,0,-1,0,0,-1,-1,1,-1,0,1,0,0,-1,1,0,0,1,0,0,0,1,0
2068,0,0,0,0,1,0,-1,0,0,1,1,0,0,1,1,0,0,0,1,0,-1,1,-1,0,1,0,-1,0,1,-1,0,0,0,1,1,1,-1,0,0,0,0,1,0,0,1,0,-1,0,0,-1,-1,0,0,0,0,0,-1,0,-1,-1,0,0,0,1
2069,1,0,0,-1,0,0,0,0,0,1,0,-1,-1,0,0,0,0,0,-1,0,0,0,0,0,1,-1,0,1,0,0,0,0,-1,0,0,0,-1,0,0,0,-1,0,-1,0,0,0,0,-1,1,0,0,0,1,1,0,0,0,1,0,-1,-1,0,0,0
2070,0,0,0,0,-1,0,0,1,0,0,0,0,0,0,0,0,0,0,0,-1,0,0,-1,0,0,0,0,0,0,1,-1,1,1,0,-1,0,1,-1,0,1,0,-1,0,0,0,0,0,-1,-1,0,0,0,0,1,0,-1,0,0,-1,0,0,1,0,0
2071,0,1,1,1,-1,0,0,0,0,0,1,0,-1,1,1,1,0,0,0,0,-1,0,0,-1,0,0,0,0,0,0,0,0,0,0,0,0,0,1,0,0,0,-1,-1,1,1,0,0,0,1,0,0,0,1,1,-1,0,1,0,-1,0,0,0,-1,0
2072,0,0,0,1,0,0,0,0,1,0,0,1,0,1,0,-1,0,-1,0,0,0,0,0,0,0,0,0,0,1,0,0,-1,0,0,0,0,1,0,1,0,0,1,-1,0,0,0,0,-1,0,0,0,0,-1,0,1,0,-1,0,0,0,0,0,0,0
2073,1,-1,0,-1,0,0,0,-1,1,1,0,1,1,1,-1,0,0,0,0,1,0,0,1,0,0,0,0,0,0,0,-1,0,0,0,0,0,-1,0,0,0,1,0,0,0,1,1,-1,0,0,0,0,0,0,-1,1,-1,-1,1,0,0,0,-1,0,0
2074,0,0,0,-1,0,1,0,0,1,-1,0,1,0,0,1,0,0,-1,0,0,0,0,-1,0,-1,0,1,0,1,-1,0,0,-1,1,-1,0,0,1,0,0,0,1,-1,-1,-1,1,0,0,0,0,1,0,0,0,1,0,0,0,0,0,1,0,0,0
2075,0,1,-1,1,0,0,-1,0,-1,0,0,0,0,1,0,1,0,0,0,0,0,0,0,0,0,1,0,0,0,1,0,0,0,0,1,0,-1,1,-1,0,0,0,0,0,0,0,0,0,-1,0,0,0,0,1,1,0,-1,-1,0,0,1,-1,-1,-1
2076,-1,0,0,-1,0,0,-1,0,0,0,0,1,0,0,0,0,0,0,0,0,0,0,0,1,1,0,0,1,-1,0,-1,0,-1,0,0,0,0,0,0,-1,0,-1,0,1,0,0,0,1,1,0,1,0,0,0,0,0,0,0,1,0,0,1,0,-1
2077,1,0,1,-1,0,0,0,0,0,1,0,0,1,0,0,0,1,0,0,-1,0,0,0,1,0,0,-1,0,0,0,0,-1,0,-1,0,0,-1,0,1,0,-1,0,0,0,0,0,0,-1,1,0,0,0,0,0,1,-1,-1,1,-1,0,0,1,0,0
2078,-1,-1,0,-1,0,0,0,0,-1,0,0,0,0,0,0,0,0,-1,0,1,0,0,0,0,1,0,0,0,0,1,0,-1,-1,-1,-1,-1,0,0,0,0,1,0,-1,0,1,-1,0,-1,0,1,1,-1,-1,0,-1,0,0,0,0,0,0,0,0,1
2079,0,0,1,0,0,0,1,1,0,0,-1,0,0,0,-1,-1,0,1,0,1,0,-1,-1,0,0,-1,0,-1,-1,0,-1,0,0,0,0,0,0,0,-1,0,0,0,-1,1,1,1,0,-1,0,0,0,0,0,1,-1,0,0,-1,0,0,1,1,0,-1
2080,0,1,0,0,0,0,0,0,-1,0,0,0,0,1,0,1,0,-1,0,0,0,0,0,-1,0,-1,0,-1,0,0,0,0,0,0,-1,0,0,0,0,0,0,0,-1,0,0,-1,-1,-1,-1,0,0,0,0,0,-1,0,-1,0,0,0,-1,-1,0,0
2081,1,0,0,-1,-1,-1,0,1,0,1,0,0,1,1,1,-1,1,0,-1,0,1,1,-1,0,0,0,-1,1,0,0,-1,1,0,0,-1,0,-1,0,0,0,0,0,1,1,0,-1,0,0,1,1,0,0,0,0,0,-1,0,0,-1,1,0,0,-1,0
2082,0,0,0,-1,1,1,1,0,0,-1,0,1,0,0,0,0,0,0,-1,0,0,0,0,0,0,0,0,0,0,0,0,0,0,0,0,0,0,0,0,0,0,0,0,0,0,0,0,0,0,0,0,1,0,0,0,0,0,-1,-1,1,0,-1,1,0
2083,0,1,1,0,0,0,0,0,-1,0,1,-1,0,0,0,-1,1,0,0,0,1,1,0,0,-1,0,-1,0,0,0,0,0,0,1,0,-1,1,0,0,0,0,-1,0,0,-1,0,0,0,1,0,0,1,0,0,0,-1,0,0,0,0,0,0,0,0
2084,0,0,0,0,0,0,0,0,0,0,0,-1,1,0,0,0,0,-1,0,1,0,0,-1,0,-1,-1,1,-1,1,0,0,0,1,0,0,0,0,0,0,0,0,0,0,-1,0,1,0,0,0,1,0,0,0,-1,0,-1,0,0,1,0,0,0,0,0
2085,0,1,0,0,-1,1,0,1,1,0,1,0,0,0,0,0,1,0,0,0,-1,0,0,0,0,1,0,0,0,0,-1,0,0,0,0,0,0,1,0,0,0,0,1,0,0,1,0,-1,-1,0,-1,0,0,0,-1,0,0,0,0,0,-1,0,-1,1
2086,-1,0,0,0,1,0,0,0,1,0,-1,0,0,0,0,0,0,0,0,0,0,0,0,1,0,0,0,0,-1,1,0,0,0,-1,1,0,0,-1,-1,-1,0,1,0,0,0,-1,0,0,-1,0,1,0,0,0,-1,0,0,0,0,0,0,0,1,0
2087,0,0,0,0,0,0,0,0,0,0,0,0,0,0,0,0,-1,0,0,0,0,-1,0,-1,0,0,0,0,0,0,0,0,0,0,1,0,1,1,0,0,-1,0,-1,0,0,1,0,1,1,0,0,1,-1,-1,1,0,1,-1,-1,0,1,0,0,1
2088,0,1,-1,0,1,1,0,1,1,0,0,0,1,0,1,0,0,0,0,-1,1,0,0,0,0,-1,-1,0,0,0,1,0,0,1,0,0,0,-1,0,1,0,1,0,-1,0,0,0,-1,0,0,1,1,0,0,0,0,-1,0,0,0,0,0,0,0
2089,0,0,0,0,0,1,0,0,0,1,1,0,1,-1,-1,0,0,1,0,0,0,-1,1,-1,0,0,0,0,1,0,0,0,0,0,0,0,-1,-1,0,1,0,-1,1,0,0,0,0,1,0,0,0,1,-1,0,0,0,-1,0,0,0,1,1,0,1
2090,-1,0,0,1,-1,0,0,1,0,0,-1,1,0,1,0,1,0,-1,1,0,1,0,0,0,0,0,1,-1,0,0,0,-1,1,0,0,0,-1,-1,0,0,0,1,-1,0,0,1,-1,0,0,0,0,0,0,0,0,0,0,1,0,0,0,1,0,0
2091,1,1,-1,-1,-1,0,1,0,0,1,0,0,1,1,0,0,0,1,0,0,0,0,0,0,0,1,0,0,0,1,0,0,0,0,0,0,0,0,0,0,-1,1,1,-1,0,0,0,0,1,1,0,0,-1,-1,0,1,0,0,-1,0,0,0,0,0
2092,0,0,0,0,0,0,0,0,0,0,0,0,0,0,1,-1,0,0,0,1,0,1,1,0,0,-1,0,0,-1,1,0,0,0,0,0,0,0,-1,1,1,0,-1,1,0,0,0,0,1,0,0,1,0,1,1,0,-1,0,-1,0,-1,0,0,0,-1
2093,0,1,0,0,0,0,0,0,0,0,-1,0,1,0,0,0,0,1,0,-1,1,0,0,0,1,0,-1,0,-1,0,0,0,0,0,1,0,1,1,0,0,0,0,0,0,0,0,-1,0,1,-1,1,0,0,0,1,1,0,0,1,0,0,0,1,0
2094,0,0,0,0,0,-1,0,0,0,0,0,1,-1,0,0,0,0,0,0,0,0,-1,0,0,0,0,0,1,-1,1,1,-1,0,1,0,1,0,0,0,0,0,0,1,1,0,0,1,0,1,-1,0,0,0,0,0,1,1,0,0,0,0,1,1,0
2095,-1,0,0,0,0,0,0,0,0,0,0,1,0,1,0,1,0,0,1,0,0,0,0,0,1,0,0,0,1,-1,0,0,-1,0,1,0,0,0,0,0,-1,0,0,0,0,0,0,0,0,0,0,-1,0,0,0,1,0,0,-1,0,0,0,0,0
2096,0,0,1,-1,0,1,0,0,0,0,0,0,0,1,0,0,0,0,0,1,0,0,0,1,-1,0,0,1,0,-1,-1,0,0,0,0,0,0,0,-1,0,1,0,0,-1,0,0,-1,0,0,-1,0,0,0,0,0,-1,-1,1,1,0,-1,0,0,0
2097,1,1,1,0,0,0,0,0,0,0,0,-1,0,0,0,0,-1,0,0,0,0,1,0,-1,0,0,1,0,-1,0,-1,0,0,1,0,0,0,0,0,1,0,-1,0,0,0,0,0,-1,0,1,0,0,0,1,0,0,0,0,1,0,0,-1,0,1
2098,-1,0,-1,-1,-1,0,1,0,0,1,0,1,0,1,1,0,1,0,0,-1,-1,-1,0,0,-1,0,0,1,1,0,0,0,1,0,0,-1,0,1,1,0,0,0,0,0,0,-1,0,-1,0,0,0,1,0,0,-1,0,1,-1,1,0,1,0,0,1
2099,-1,0,0,1,-1,0,0,1,0,0,0,1,1,0,1,-1,0,1,0,0,0,0,0,0,1,0,0,0,0,0,0,0,1,1,0,-1,0,1,0,0,0,0,0,0,1,0,0,-1,0,1,0,1,0,0,0,0,0,0,0,0,0,0,0,0
2100,0,-1,0,-1,0,0,0,0,0,0,1,1,-1,1,0,-1,0,1,0,0,-1,0,0,-1,0,-1,0,0,1,0,0,0,0,1,0,0,-1,1,0,0,0,0,1,1,0,0,0,0,0,0,-1,-1,-1,0,0,0,1,0,0,0,0,1,1,1
2101,0,0,0,1,0,-1,0,0,1,-1,0,0,0,0,1,0,0,0,-1,0,0,1,1,0,0,0,-1,0,-1,0,0,-1,0,0,0,0,0,0,1,-1,0,1,1,0,-1,0,1,0,0,0,0,1,0,0,0,0,0,0,0,0,1,0,0,-1
2102,0,0,1,-1,0,0,1,0,0,0,0,0,0,0,0,-1,0,0,-1,0,0,-1,0,0,0,0,0,0,0,0,-1,0,0,-1,-1,0,0,-1,0,0,0,0,1,0,1,0,1,0,1,0,0,0,0,0,-1,0,0,-1,1,-1,-1,0,0,0
2103,0,0,0,0,1,0,0,-1,0,0,0,1,0,0,-1,0,0,0,0,1,0,0,-1,-1,0,-1,0,0,1,-1,-1,1,0,0,1,0,0,0,-1,1,0,1,0,0,-1,0,1,0,0,0,0,-1,0,1,0,0,0,0,0,0,0,-1,1,0
2104,0,-1,-1,0,0,0,1,0,0,1,-1,-1,0,0,0,0,-1,0,0,1,0,-1,0,0,1,0,0,-1,0,-1,0,0,0,0,0,0,0,1,0,1,0,0,-1,-1,1,0,-1,0,-1,0,0,1,0,0,0,1,0,-1,0,0,0,0,1,0
2105,0,1,-1,0,0,0,0,0,0,0,0,0,0,0,1,0,0,0,0,-1,0,0,0,0,1,1,1,0,0,0,-1,0,0,0,0,0,0,1,0,0,0,1,-1,0,0,0,0,-1,0,0,0,-1,1,0,0,0,0,0,0,0,0,-1,-1,0
2106,1,0,0,0,0,1,1,-1,1,0,0,-1,0,0,0,1,-1,0,0,-1,0,0,0,-1,0,0,0,-1,0,0,0,-1,0,1,1,0,0,0,0,0,1,1,1,0,0,0,0,0,0,0,0,0,0,0,1,0,0,0,0,1,-1,0,-1,-1
2107,-1,0,-1,0,0,0,0,1,0,-1,0,0,-1,0,0,0,-1,0,1,1,0,0,-1,1,0,1,0,1,0,0,0,1,-1,0,1,1,0,-1,1,0,0,1,0,0,0,0,0,0,0,0,-1,-1,0,0,0,0,0,0,0,0,1,0,0,0
2108,0,0,0,0,-1,-1,0,0,0,1,0,0,0,1,0,0,0,-1,0,0,0,0,0,0,0,0,0,0,0,0,0,0,1,-1,1,0,1,0,1,1,0,0,-1,0,0,0,0,0,0,0,0,0,0,0,1,0,1,0,0,1,0,0,-1,0
2109,-1,0,0,0,0,-1,0,0,0,-1,-1,0,0,0,-1,-1,0,0,0,-1,0,0,0,0,-1,0,0,0,0,-1,0,0,0,0,0,1,0,0,0,0,0,0,0,0,0,0,0,0,0,0,0,0,0,0,0,-1,0,0,1,1,-1,0,1,0
2110,0,1,0,0,0,0,1,-1,0,0,0,0,-1,0,0,0,0,1,-1,0,0,0,0,0,-1,0,0,-1,0,0,0,0,0,1,0,0,-1,0,0,0,0,0,0,0,-1,0,0,0,-1,0,0,1,0,0,0,-1,0,0,0,0,-1,0,0,0
2111,0,1,0,0,0,0,-1,0,0,0,0,0,1,0,0,0,0,0,-1,0,0,-1,0,0,-1,-1,-1,1,0,0,0,0,-1,1,0,-1,0,1,0,1,0,0,0,0,1,0,1,1,0,-1,0,0,0,0,0,0,0,0,0,0,1,0,0,1
2112,0,0,-1,1,-1,0,0,0,-1,-1,0,0,0,-1,-1,-1,-1,0,0,0,0,0,0,-1,0,-1,-1,0,0,0,0,0,0,0,0,1,0,0,1,1,0,0,0,1,1,0,0,1,0,0,0,1,-1,0,1,0,0,0,1,0,0,0,0,0
2113,-1,0,0,1,0,0,1,0,0,0,0,0,0,0,-1,1,-1,-1,1,0,1,0,-1,0,-1,0,-1,0,0,0,0,0,0,0,0,-1,0,0,0,-1,0,0,1,0,0,-1,0,0,0,1,0,-1,-1,1,0,1,-1,0,0,0,-1,-1,0,0
2114,0,0,1,0,0,0,0,0,0,-1,0,-1,1,0,-1,0,1,0,-1,0,0,0,0,0,0,0,-1,0,1,0,0,0,0,0,1,0,0,0,0,0,0,0,0,0,0,-1,0,0,0,0,1,0,0,1,0,0,0,-1,-1,1,-1,0,0,0
2115,0,1,-1,0,0,0,0,0,0,0,-1,0,0,0,0,-1,0,-1,0,0,1,0,0,0,0,1,0,1,0,1,-1,0,0,0,0,1,0,0,0,0,0,0,-1,0,1,0,-1,0,0,0,0,0,0,0,0,0,0,0,0,0,0,0,0,0
2116,0,0,-1,0,0,0,-1,0,0,0,0,-1,1,0,0,0,0,0,0,0,-1,0,-1,0,0,0,0,-1,1,0,-1,1,1,-1,0,-1,0,0,1,0,0,-1,0,-1,0,0,0,-1,0,1,0,-1,1,1,-1,0,0,0,0,1,0,1,0,0
2117,0,0,0,-1,1,0,0,0,1,1,1,0,0,1,0,0,-1,0,0,0,0,0,0,-1,1,-1,0,1,1,0,0,-1,0,0,0,0,0,-1,0,0,0,0,0,0,0,0,-1,0,1,-1,0,-1,-1,1,-1,-1,-1,0,-1,0,0,1,0,0
2118,0,-1,-1,1,-1,1,0,0,0,0,0,1,0,0,0,0,0,0,0,0,0,0,0,0,0,1,1,-1,-1,-1,0,0,0,1,0,-1,0,-1,1,-1,0,0,0,0,1,1,0,0,0,-1,0,0,-1,0,0,0,-1,1,0,0,1,-1,0,0
2119,0,-1,0,-1,-1,0,1,1,0,0,0,-1,0,0,0,-1,-1,0,0,0,0,0,-1,0,-1,0,0,0,-1,0,1,0,1,0,0,0,0,0,0,0,0,0,0,1,1,-1,0,0,0,0,0,0,0,0,0,0,0,0,0,0,1,0,1,0
2120,0,0,1,0,0,0,0,-1,0,0,0,0,0,1,0,0,0,0,0,0,-1,-1,0,0,1,-1,0,0,0,0,0,0,0,0,-1,-1,1,0,1,0,-1,0,0,0,1,0,1,0,0,0,0,0,-1,0,0,-1,0,1,0,-1,0,1,1,0
2121,0,0,0,-1,1,0,0,1,-1,-1,0,0,0,-1,0,0,-1,0,0,0,-1,1,1,0,0,0,-1,0,0,1,-1,0,0,0,0,0,0,0,0,0,-1,0,-1,0,0,0,-1,0,0,0,-1,0,0,0,0,0,0,-1,0,1,0,-1,1,0
2122,0,0,0,0,0,-1,1,0,0,0,1,0,-1,-1,1,0,1,0,0,0,0,0,0,0,0,-1,-1,0,0,0,1,0,0,-1,0,-1,0,0,0,1,0,-1,0,0,0,-1,0,-1,0,-1,0,0,0,1,0,0,0,0,0,1,0,0,0,-1
2123,1,0,-1,0,0,1,1,0,-1,0,-1,1,1,1,1,-1,0,1,0,0,0,0,-1,1,0,0,-1,0,1,0,1,1,1,-1,-1,0,0,0,0,0,-1,0,0,0,0,0,0,0,0,0,1,-1,-1,0,-1,0,0,0,0,0,0,-1,0,0
2124,1,0,0,0,1,0,0,0,1,0,1,0,0,0,-1,-1,1,0,1,0,0,0,0,0,-1,0,1,1,0,0,0,0,0,0,-1,0,0,1,0,0,1,0,0,0,1,1,1,0,0,0,1,0,0,0,0,-1,0,1,0,1,0,-1,0,1
2125,0,0,-1,0,0,-1,0,0,0,0,1,0,-1,0,0,0,0,0,0,-1,0,0,0,1,0,0,0,0,0,1,0,1,0,0,-1,0,-1,0,-1,0,0,-1,0,0,0,0,0,0,0,1,0,0,0,1,0,1,1,0,0,0,0,0,0,0
2126,0,0,0,0,0,0,-1,0,-1,0,0,0,0,0,0,-1,0,-1,0,0,1,0,0,0,0,-1,1,0,0,0,1,-1,1,1,0,-1,0,0,0,0,-1,0,-1,1,0,1,0,1,0,0,0,0,0,1,1,0,0,0,0,0,0,-1,0,0
2127,0,0,0,0,-1,1,0,1,0,1,-1,0,0,0,0,-1,-1,0,0,0,1,-1,-1,0,-1,-1,0,0,0,1,0,0,0,0,0,-1,0,0,0,0,1,-1,0,0,-1,0,0,0,0,0,-1,0,-1,0,0,0,1,0,1,0,0,0,0,0
2128,0,-1,0,0,1,0,0,0,1,0,0,0,0,0,-1,-1,0,0,1,-1,0,0,0,0,0,0,0,0,0,0,-1,0,0,-1,0,1,0,0,1,0,0,0,0,0,0,0,0,0,1,0,0,0,0,0,0,0,0,0,-1,0,0,1,-1,0
2129,0,-1,1,0,0,0,0,-1,0,0,0,0,0,0,0,-1,0,-1,1,1,-1,-1,0,-1,0,0,-1,1,1,0,0,0,0,1,0,0,1,1,0,0,0,1,0,1,0,1,0,0,0,-1,0,0,0,1,0,0,0,0,0,1,0,0,1,0
2130,0,1,1,0,1,0,0,0,0,1,0,1,-1,0,0,0,0,0,-1,0,0,1,0,0,1,0,0,1,0,0,1,0,0,0,1,1,0,0,0,0,0,0,0,0,0,0,-1,-1,0,0,0,-1,1,0,0,0,1,0,1,0,0,0,0,0
2131,-1,-1,1,1,0,0,1,0,0,0,1,0,0,0,1,0,1,-1,0,0,0,1,-1,-1,0,0,0,0,-1,0,0,0,0,0,0,1,0,0,-1,0,0,0,0,0,0,0,0,-1,0,1,1,0,-1,0,0,0,0,0,-1,0,0,0,0,-1
2132,0,0,0,0,0,-1,0,0,1,0,0,0,0,0,0,0,0,0,-1,1,0,-1,-1,0,-1,1,0,-1,0,1,1,0,0,0,0,0,0,-1,-1,0,0,0,0,0,0,-1,-1,0,0,0,0,0,0,0,0,1,0,-1,-1,1,0,0,0,1
2133,0,-1,0,0,-1,0,0,0,1,0,0,0,0,-1,0,0,0,1,1,0,0,0,-1,0,0,0,1,1,0,0,0,0,0,0,0,0,0,0,0,0,-1,0,1,0,-1,0,0,0,-1,0,0,0,1,0,0,0,0,0,0,1,-1,-1,0,0
2134,-1,-1,0,0,0,0,0,1,1,0,0,0,0,-1,0,0,0,0,0,0,1,1,0,1,0,0,0,0,0,-1,0,-1,0,0,-1,1,-1,0,0,0,-1,1,0,0,1,0,0,0,0,0,1,0,0,0,1,0,1,0,1,0,-1,0,1,-1
2135,0,0,0,0,1,0,0,-1,0,1,-1,0,0,0,-1,-1,-1,0,0,-1,-1,1,-1,0,-1,0,0,1,1,0,0,1,0,1,0,0,-1,0,0,0,1,0,0,0,0,0,-1,0,0,0,1,1,0,0,0,-1,0,0,0,-1,0,0,1,1
2136,1,0,0,0,0,0,0,0,0,0,0,1,0,0,0,1,0,0,0,0,0,0,0,0,1,0,-1,0,0,0,0,0,0,0,0,0,-1,0,0,0,1,1,0,0,0,0,1,1,0,0,0,1,0,0,0,0,-1,0,1,1,-1,1,0,0
2137,1,0,0,-1,0,0,-1,0,0,0,0,0,0,0,-1,0,0,0,0,1,0,0,-1,0,1,-1,0,0,1,1,0,0,0,1,0,0,-1,-1,0,0,1,-1,-1,1,0,0,-1,0,-1,0,0,1,0,0,-1,0,0,1,0,0,0,0,0,0
2138,0,0,0,1,0,0,1,0,0,1,0,-1,0,1,0,-1,0,0,-1,0,0,0,0,0,0,1,1,0,0,0,0,1,0,0,0,-1,0,0,0,0,0,-1,0,-1,-1,0,0,0,0,0,1,0,0,0,0,-1,-1,0,0,0,0,1,0,0
2139,0,0,-1,0,0,1,0,0,0,-1,0,0,1,1,0,0,-1,0,0,1,0,0,0,0,1,0,-1,1,0,0,-1,0,0,0,0,0,0,-1,0,0,0,0,-1,0,0,-1,0,-1,0,-1,0,1,0,0,-1,1,0,0,0,0,0,0,1,0
2140,0,0,0,0,0,0,0,1,0,0,0,-1,0,1,0,0,-1,-1,-1,1,0,0,0,1,0,0,-1,1,0,1,0,-1,0,0,-1,0,0,0,0,0,1,-1,-1,1,-1,-1,1,0,0,0,0,0,0,0,0,0,0,0,-1,-1,-1,0,0,0
2141,1,0,0,0,0,-1,1,0,1,0,0,0,0,0,0,0,0,1,1,0,0,0,0,-1,1,0,0,0,0,-1,0,0,0,1,0,1,0,0,0,0,0,0,0,0,0,0,-1,1,-1,-1,-1,1,1,0,-1,0,0,0,-1,-1,-1,-1,1,1
2142,-1,0,0,0,0,0,0,0,1,0,0,0,0,-1,1,0,0,0,0,0,0,1,1,0,0,0,0,0,0,0,0,-1,-1,-1,0,0,0,0,0,1,0,0,0,-1,1,1,-1,0,0,0,0,1,0,-1,0,1,0,0,1,1,1,1,0,0
2143,0,0,0,0,-1,0,-1,0,-1,1,0,0,0,-1,0,1,0,-1,-1,-1,0,0,0,0,0,0,0,1,0,0,0,0,0,0,1,1,0,0,0,1,0,1,0,-1,0,1,0,1,0,1,-1,-1,0,-1,0,-1,0,-1,-1,1,0,0,0,0
2144,0,-1,0,-1,1,0,0,-1,0,0,0,0,-1,0,0,-1,0,-1,0,0,0,0,1,0,1,0,0,0,0,0,0,0,1,-1,-1,-1,1,0,0,1,0,0,0,0,0,0,-1,-1,1,0,0,-1,0,0,0,0,0,0,0,0,1,-1,0,0
2145,0,0,-1,0,0,0,0,0,0,1,0,0,0,0,1,0,0,1,0,-1,1,1,0,0,0,0,1,0,1,0,0,0,0,0,0,0,1,0,0,-1,1,0,0,0,1,1,-1,0,0,-1,0,-1,-1,0,0,1,1,0,1,0,-1,0,0,-1
2146,0,0,0,0,0,0,0,0,-1,0,0,0,0,0,-1,0,0,0,0,0,0,1,0,-1,0,0,-1,0,1,0,0,1,0,-1,-1,0,-1,0,0,0,1,0,-1,1,0,-1,0,0,-1,0,0,0,0,0,-1,0,-1,0,0,0,0,0,0,0
2147,0,0,0,0,0,0,0,0,0,0,1,0,0,0,0,0,0,0,0,1,0,0,0,1,0,1,1,0,1,0,0,0,1,0,0,0,0,0,-1,1,1,1,1,0,1,0,0,0,-1,0,0,0,1,0,0,-1,0,1,-1,0,0,-1,0,-1
2148,0,0,1,0,0,0,0,0,0,0,-1,1,1,0,-1,-1,-1,0,1,0,-1,0,0,0,1,0,0,0,-1,0,0,0,0,0,0,1,1,0,0,-1,0,0,0,0,0,0,0,0,0,-1,0,-1,0,0,-1,1,0,-1,0,0,0,1,0,0
2149,0,0,0,0,0,0,0,0,0,-1,1,1,0,0,1,1,-1,-1,0,-1,0,0,0,0,1,0,-1,0,1,-1,1,-1,0,1,0,0,-1,0,1,-1,1,0,1,0,1,0,0,0,0,0,1,-1,0,0,0,0,0,0,1,1,0,1,-1,0
2150,0,0,-1,0,1,1,-1,0,1,1,0,0,-1,1,0,-1,0,0,0,-1,1,-1,0,0,0,0,0,0,-1,0,0,-1,0,0,0,0,1,-1,-1,0,-1,0,-1,-1,0,0,0,0,-1,1,0,0,0,0,0,0,-1,1,0,-1,1,0,0,-1
2151,1,0,-1,-1,0,-1,1,0,1,0,0,0,0,0,-1,1,0,1,0,0,0,0,1,0,1,-1,0,0,-1,0,0,0,-1,0,1,-1,-1,0,1,1,0,0,1,0,0,0,0,1,0,0,0,1,0,0,0,0,0,-1,0,0,0,-1,0,0
2152,0,0,-1,0,0,0,0,0,0,-1,0,-1,1,0,0,0,1,0,0,0,0,1,-1,0,0,0,0,0,0,0,1,0,-1,0,0,-1,-1,0,1,0,1,1,0,1,0,0,0,1,0,-1,0,-1,1,0,0,0,-1,0,0,-1,-1,0,0,0
2153,0,0,0,1,0,0,0,-1,0,0,0,1,-1,0,1,0,1,0,1,0,0,0,0,0,-1,0,-1,-1,0,1,0,0,0,0,0,-1,0,0,1,-1,0,0,1,0,0,0,0,0,-1,1,-1,0,0,0,1,0,-1,-1,1,0,1,0,0,0
2154,0,0,0,0,0,0,0,0,0,1,0,0,0,0,0,0,0,-1,-1,-1,0,0,-1,-1,1,0,0,0,-1,1,1,0,0,1,0,0,0,0,1,0,0,0,0,0,0,0,0,0,0,0,0,-1,1,0,0,0,0,-1,0,0,0,0,-1,-1
2155,1,0,-1,0,0,0,1,0,0,0,1,1,0,0,0,0,0,1,0,0,1,0,0,0,-1,1,0,0,0,1,0,0,0,1,0,0,0,1,0,0,1,0,1,0,0,0,1,0,0,1,-1,1,-1,1,-1,0,0,0,1,0,0,1,0,1
2156,0,0,1,0,1,0,1,0,0,0,0,0,1,0,1,0,0,0,0,0,0,1,1,-1,-1,-1,0,-1,0,1,1,0,-1,1,0,1,0,-1,0,0,1,0,0,0,0,0,1,-1,0,0,0,0,0,0,0,1,0,0,0,0,0,1,1,1
2157,0,0,0,0,0,0,0,0,-1,1,0,0,0,-1,0,-1,0,0,0,0,-1,1,0,0,-1,0,1,0,-1,0,1,-1,0,0,0,0,-1,1,0,-1,0,1,0,1,0,1,0,0,0,0,0,0,0,-1,1,0,-1,1,1,0,0,0,0,0
2158,-1,1,1,0,0,1,0,-1,0,0,0,0,0,0,-1,0,0,-1,0,0,-1,-1,0,0,-1,0,1,1,0,1,0,0,0,-1,0,1,1,0,0,0,-1,0,0,0,0,0,-1,0,1,0,1,-1,0,0,0,0,1,0,0,0,0,0,-1,0
2159,0,0,1,0,0,1,0,0,0,0,0,0,0,-1,0,0,0,0,0,0,0,0,1,1,1,0,0,1,0,1,0,0,0,0,0,-1,0,0,0,0,1,0,0,0,1,0,0,1,0,1,1,-1,0,0,0,-1,0,-1,1,0,1,0,0,0
2160,-1,0,0,0,0,0,0,0,-1,1,0,0,0,-1,1,0,0,0,0,0,0,0,0,0,0,0,-1,0,1,0,1,-1,0,-1,1,0,0,0,0,0,-1,-1,-1,0,0,1,0,0,0,0,-1,0,0,1,1,0,0,1,0,0,0,0,-1,0
2161,1,0,0,0,0,0,0,0,1,0,0,0,0,0,1,0,0,-1,-1,0,0,0,0,0,1,1,0,0,0,1,0,0,-1,-1,-1,1,-1,0,0,0,-1,0,0,0,0,0,-1,1,0,0,0,0,0,1,0,1,0,-1,-1,1,1,0,0,1
2162,1,1,1,-1,0,1,-1,0,0,0,-1,0,0,0,-1,0,0,0,0,0,0,-1,0,0,0,-1,1,0,0,0,0,0,0,0,0,0,0,0,0,1,0,1,1,1,1,0,0,1,-1,0,0,-1,0,0,0,0,-1,0,0,-1,0,0,1,0
2163,0,0,1,1,-1,-1,-1,0,0,1,0,0,0,0,-1,0,0,0,0,0,-1,0,0,0,0,-1,0,-1,0,-1,0,0,-1,-1,0,0,1,-1,0,0,0,0,0,-1,-1,0,0,0,0,0,0,0,0,-1,0,1,0,0,0,0,0,0,-1,0
2164,0,0,0,0,0,1,-1,0,-1,0,0,0,0,-1,0,0,1,0,0,0,0,-1,0,0,0,0,-1,0,0,0,-1,1,1,-1,0,1,0,0,0,1,0,0,0,0,1,-1,0,0,0,0,0,-1,0,0,0,0,0,0,1,1,0,1,0,0
2165,-1,1,-1,0,0,0,0,0,-1,0,0,1,-1,0,0,0,0,0,0,-1,0,1,0,1,1,0,0,0,0,1,-1,-1,0,0,0,0,0,0,0,0,1,0,0,0,0,-1,-1,0,0,0,1,0,0,-1,0,0,0,1,-1,0,0,0,0,-1
2166,1,0,1,0,1,0,0,1,1,1,0,0,0,0,-1,1,0,-1,0,0,0,0,1,0,0,0,0,0,0,-1,0,0,0,1,1,-1,0,0,1,1,0,0,0,0,1,1,0,0,0,1,-1,0,1,1,1,0,0,0,0,0,1,1,1,0
2167,0,0,0,0,0,0,0,1,0,0,0,-1,-1,0,0,1,0,0,0,0,0,1,-1,0,0,0,-1,0,0,0,-1,1,0,-1,0,0,0,1,0,-1,-1,0,0,0,0,0,0,-1,0,-1,-1,0,0,-1,0,0,0,0,0,0,1,0,-1,1
2168,1,0,0,0,1,0,1,0,1,-1,0,0,0,1,0,0,0,0,1,0,0,1,0,0,-1,-1,0,0,0,0,-1,0,1,0,0,0,0,1,1,0,-1,0,0,0,0,-1,0,1,0,-1,-1,1,0,-1,1,0,0,-1,0,0,0,0,0,0
2169,-1,1,0,0,1,-1,-1,1,-1,-1,1,0,0,1,0,1,0,-1,0,0,0,-1,0,0,-1,0,1,1,1,0,0,0,1,0,1,1,0,-1,0,0,1,0,-1,-1,0,0,0,1,0,-1,-1,1,0,-1,0,0,0,0,1,0,0,0,0,1
2170,0,0,0,0,-1,0,0,0,0,0,1,0,-1,0,-1,0,-1,0,0,0,1,0,0,1,-1,0,1,0,0,0,0,1,1,0,1,0,1,0,-1,0,1,0,1,0,0,-1,-1,1,0,0,1,0,0,0,-1,0,1,0,0,1,0,0,0,1
2171,0,0,0,0,1,0,-1,0,-1,1,0,0,1,-1,0,0,0,0,0,-1,1,-1,0,-1,0,0,-1,1,0,1,0,0,-1,1,0,0,-1,0,1,0,0,0,1,0,1,-1,0,-1,0,0,0,0,0,0,-1,0,-1,-1,-1,0,1,0,0,0
2172,1,-1,0,1,0,0,0,0,0,1,0,0,1,0,0,-1,0,0,0,-1,-1,1,0,1,0,0,0,0,1,0,0,0,-1,0,0,1,0,-1,0,-1,0,1,0,-1,-1,0,0,0,0,0,0,0,0,-1,-1,0,0,0,0,0,0,0,1,0
2173,1,0,0,0,1,0,1,-1,1,0,0,1,-1,0,0,0,0,0,-1,-1,0,0,0,0,0,0,1,0,0,0,-1,0,0,0,0,0,0,0,0,0,1,0,0,0,0,0,1,0,0,1,0,-1,0,0,0,0,1,0,0,1,-1,0,0,0
2174,0,1,1,0,0,1,-1,0,-1,1,0,-1,0,0,0,0,0,0,1,0,0,0,1,0,0,0,0,0,0,-1,0,1,0,0,1,0,0,1,0,0,0,-1,0,-1,0,1,0,0,-1,1,0,1,0,0,0,0,1,-1,0,0,0,-1,1,0
2175,0,0,0,-1,0,0,0,0,0,0,0,1,-1,-1,0,0,1,0,1,0,0,0,0,0,0,0,0,-1,-1,0,-1,0,0,0,-1,-1,0,0,1,0,1,0,-1,0,0,-1,0,1,0,0,0,0,0,0,0,0,0,0,0,0,0,1,0,-1
2176,0,0,0,-1,1,0,0,0,0,0,0,-1,1,-1,0,-1,1,0,0,0,1,-1,0,0,0,0,0,0,1,0,1,1,1,-1,0,0,0,0,0,0,0,1,-1,0,-1,-1,-1,0,0,0,1,1,1,-1,0,0,-1,0,1,0,0,0,0,0
2177,0,-1,-1,0,0,0,0,1,0,1,0,0,0,0,1,1,0,0,-1,1,0,-1,1,0,0,1,0,0,0,0,0,0,-1,0,0,1,0,0,0,0,-1,-1,0,0,1,0,1,0,0,0,0,0,-1,0,0,1,1,0,0,0,0,0,1,1
2178,0,0,0,0,0,0,0,-1,0,0,0,1,0,-1,0,-1,0,0,0,-1,0,0,0,0,1,0,0,0,0,0,0,-1,0,0,1,-1,0,-1,0,1,-1,0,0,0,0,0,0,0,0,0,-1,-1,0,0,0,0,-1,-1,-1,0,0,1,0,0
2179,-1,0,0,0,-1,-1,-1,-1,0,-1,-1,0,0,0,1,0,0,0,0,0,1,-1,1,0,-1,0,0,0,0,-1,-1,-1,1,0,1,0,0,-1,0,0,-1,0,0,0,1,0,0,0,1,-1,-1,1,1,0,0,0,0,0,1,1,0,0,0,0
2180,0,0,0,0,0,-1,0,-1,0,-1,1,0,-1,0,0,1,0,0,1,-1,0,0,1,0,0,0,1,-1,0,0,0,0,0,0,0,-1,0,-1,0,0,0,0,0,0,0,0,0,1,-1,1,0,0,0,0,0,0,-1,0,0,0,0,0,0,0
2181,0,0,0,1,-1,0,-1,0,-1,0,0,0,0,1,0,1,0,1,-1,0,0,0,0,1,0,-1,1,0,0,-1,0,0,1,1,0,0,0,1,0,0,0,-1,1,0,-1,0,0,0,0,-1,0,1,0,0,0,1,0,-1,0,0,0,0,1,0
2182,0,-1,0,0,1,1,0,0,0,1,0,0,0,0,1,-1,1,-1,0,-1,0,1,1,0,1,0,-1,0,0,0,0,0,0,0,-1,1,0,1,0,-1,0,0,1,0,0,1,0,0,1,0,0,0,0,1,0,1,0,0,-1,-1,0,0,-1,0
2183,-1,0,-1,0,0,0,0,-1,0,1,1,-1,1,1,-1,0,0,0,0,0,1,0,1,0,0,1,-1,-1,0,0,0,0,0,0,0,0,0,1,0,0,0,-1,0,0,0,0,1,0,1,0,0,0,1,0,1,-1,1,-1,0,-1,0,0,0,1
2184,-1,0,-1,1,0,1,0,0,0,0,1,-1,1,0,-1,0,0,0,0,0,1,0,0,-1,0,0,1,1,0,0,0,1,0,-1,0,0,1,0,0,0,0,0,0,0,-1,0,0,0,0,-1,0,-1,0,0,1,0,1,0,0,0,-1,0,0,0
2185,0,0,0,0,0,0,0,0,1,0,0,0,1,0,1,-1,0,1,0,1,0,-1,1,0,0,0,0,1,1,0,-1,1,0,0,0,0,1,0,1,0,-1,-1,0,-1,-1,0,0,-1,-1,0,0,0,-1,0,0,1,0,1,0,0,1,1,0,0
2186,0,-1,-1,0,0,0,0,1,0,1,-1,1,1,0,0,0,0,0,0,0,0,1,1,0,0,0,0,1,-1,0,-1,-1,0,0,0,0,1,0,-1,0,0,0,1,0,0,0,1,0,0,0,0,0,0,1,0,-1,0,0,0,1,1,1,-1,0
2187,0,0,1,0,0,1,-1,0,-1,1,0,0,-1,0,-1,-1,0,0,1,0,0,0,0,1,-1,0,1,1,0,0,0,0,1,-1,0,0,0,0,1,0,0,1,0,0,0,1,1,0,0,-1,1,1,1,0,0,1,0,-1,1,0,0,0,-1,0
2188,0,0,0,-1,-1,0,0,-1,0,0,1,0,0,0,-1,-1,0,0,1,0,1,0,0,0,0,0,1,0,-1,0,0,-1,1,1,0,0,0,1,1,0,0,0,0,0,0,0,0,0,0,0,0,0,-1,0,1,0,0,-1,0,0,1,-1,0,0
2189,1,0,0,0,-1,0,0,1,0,0,0,-1,0,1,0,0,1,0,0,0,-1,0,1,0,0,-1,0,-1,0,0,-1,0,0,0,0,0,0,0,0,0,0,1,0,0,0,1,0,0,0,1,0,0,1,1,0,-1,-1,1,1,-1,0,0,-1,0
2190,0,0,0,0,0,1,0,0,0,0,-1,-1,-1,0,0,0,0,0,0,0,0,-1,0,0,0,0,0,0,0,0,0,0,0,0,1,0,-1,0,-1,1,0,1,0,0,0,0,0,0,0,-1,0,0,0,0,1,1,0,1,0,0,0,-1,0,1
2191,1,0,0,0,0,0,0,0,1,0,0,-1,0,1,1,-1,-1,0,0,0,-1,-1,0,1,-1,-1,0,0,-1,0,-1,0,0,0,0,1,0,0,0,0,0,0,0,0,0,0,0,1,0,1,0,0,1,0,-1,0,1,0,0,0,1,0,0,0
2192,-1,0,1,1,0,0,0,0,1,0,0,0,0,1,-1,0,1,0,0,0,0,0,1,-1,0,0,-1,0,0,0,0,0,0,0,0,0,0,0,1,0,-1,0,0,0,1,0,0,0,-1,1,0,0,0,0,0,0,0,0,-1,0,-1,0,0,1
2193,0,0,0,-1,1,-1,0,-1,0,1,1,0,-1,0,0,0,1,0,0,0,0,0,-1,-1,0,0,0,1,0,0,0,0,1,0,0,0,0,0,1,0,0,0,0,1,-1,0,0,0,0,-1,0,0,0,0,0,0,0,0,0,0,0,0,0,0
2194,0,1,0,0,0,0,-1,-1,0,0,1,0,1,-1,0,0,-1,0,-1,-1,0,0,-1,0,0,0,0,-1,0,0,0,-1,0,0,1,1,-1,0,-1,0,0,0,0,0,1,-1,0,1,0,0,-1,-1,0,1,-1,1,1,0,0,0,0,0,1,0
2195,0,0,0,1,0,0,0,0,-1,-1,0,0,0,0,1,1,0,1,0,1,0,0,0,0,1,0,0,0,0,-1,0,0,0,-1,0,1,1,0,0,0,-1,-1,0,0,-1,-1,0,-1,1,0,0,-1,0,0,0,-1,0,0,-1,0,0,0,0,0
2196,0,0,0,0,0,1,0,0,0,0,0,0,0,0,1,0,0,1,-1,0,0,0,1,0,0,-1,1,0,-1,0,1,0,0,0,0,1,0,0,0,0,0,0,-1,-1,0,0,0,1,0,0,-1,0,0,0,0,0,0,0,1,0,0,0,1,0
2197,1,0,-1,0,0,1,0,1,-1,0,0,0,1,0,-1,0,0,-1,0,1,-1,0,0,1,1,1,-1,0,0,1,0,-1,-1,0,-1,0,-1,0,0,1,0,1,0,0,0,-1,0,0,1,0,1,0,0,-1,0,0,0,0,0,-1,0,0,-1,0
2198,-1,0,0,0,0,-1,0,1,-1,0,0,0,-1,0,0,0,-1,0,1,0,1,0,-1,0,0,0,-1,0,-1,0,0,0,0,-1,0,0,1,0,-1,0,0,0,-1,0,0,0,0,0,-1,0,0,0,0,0,0,0,0,0,0,1,0,-1,0,0
2199,0,0,0,0,0,0,0,0,1,0,0,1,0,1,0,0,0,0,0,0,-1,1,0,0,-1,0,0,0,1,1,-1,0,0,0,1,0,0,-1,-1,1,0,1,0,0,1,0,0,1,-1,0,-1,1,0,1,-1,0,0,0,1,0,0,1,0,1
2200,0,1,0,-1,0,0,0,0,0,0,0,-1,0,-1,1,0,0,0,1,0,-1,0,-1,0,-1,1,1,-1,0,0,0,0,0,0,0,0,0,0,0,0,-1,0,1,0,-1,0,0,0,0,1,-1,-1,1,0,0,0,0,0,-1,1,0,0,0,-1
2201,0,0,-1,0,0,-1,0,-1,-1,1,0,0,0,0,0,0,0,0,-1,-1,0,0,0,-1,0,-1,1,0,0,0,0,0,1,0,0,0,0,0,0,0,0,0,1,0,0,1,1,0,0,1,0,0,-1,1,0,0,1,-1,0,0,1,0,0,0
2202,0,0,-1,0,0,1,-1,0,1,0,0,0,0,0,0,-1,0,-1,0,0,0,0,0,0,0,1,0,0,0,0,0,0,1,1,0,0,0,-1,0,0,0,-1,-1,0,0,0,0,0,0,1,0,0,1,0,0,0,0,0,0,-1,0,0,0,0
2203,-1,-1,-1,0,1,0,0,-1,0,1,0,1,1,-1,0,0,0,-1,0,0,0,0,-1,-1,0,0,0,0,-1,0,-1,1,0,0,-1,-1,0,0,1,0,0,0,0,0,1,-1,0,1,0,0,0,0,0,0,0,-1,0,-1,0,0,0,0,0,0
2204,1,0,-1,1,0,1,1,1,1,0,0,0,0,0,1,0,0,1,0,0,-1,1,0,0,0,0,-1,1,1,0,0,0,1,1,-1,1,-1,0,0,0,1,-1,0,0,0,1,0,1,0,0,0,0,0,0,0,0,1,0,1,1,0,0,1,0
2205,1,0,0,0,0,0,1,1,0,0,0,0,0,-1,0,-1,0,0,1,0,0,1,0,1,0,0,-1,0,0,0,0,1,0,0,1,0,0,-1,0,-1,1,0,0,-1,0,1,0,0,0,1,0,1,-1,0,0,0,1,0,0,-1,-1,-1,0,1
2206,0,0,0,1,1,0,0,0,0,-1,0,-1,0,0,1,1,0,-1,0,0,1,1,1,-1,0,0,1,0,-1,0,1,-1,-1,1,1,-1,0,1,0,0,0,0,1,0,1,-1,0,0,1,0,0,0,-1,0,1,-1,0,0,0,0,0,0,0,0
2207,0,-1,0,0,-1,-1,0,0,1,0,0,-1,-1,0,-1,1,1,0,0,0,1,0,0,0,0,-1,-1,0,1,0,-1,0,0,-1,0,0,0,0,0,0,-1,0,0,0,0,0,1,0,0,-1,0,0,0,0,0,1,1,0,0,0,0,1,1,0
2208,-1,0,0,0,0,-1,0,1,0,0,-1,0,1,-1,-1,0,0,1,0,0,-1,0,-1,-1,0,0,0,1,-1,0,0,0,0,-1,-1,1,0,0,0,0,-1,0,-1,0,0,0,-1,0,0,0,0,0,0,0,0,0,0,0,0,1,-1,1,0,0
2209,1,0,0,0,0,0,0,0,0,0,0,1,-1,-1,-1,-1,0,0,1,0,0,0,0,-1,1,1,0,0,0,0,-1,0,0,0,0,0,0,1,-1,0,-1,0,0,0,-1,0,1,-1,0,0,0,0,0,-1,-1,0,0,1,0,0,0,0,0,0
2210,-1,0,0,0,1,0,0,-1,1,0,0,1,0,0,0,1,-1,-1,0,0,0,0,-1,-1,0,0,0,0,-1,1,0,0,0,0,0,0,0,1,0,-1,-1,0,-1,0,0,0,0,0,-1,1,-1,0,0,0,1,0,-1,0,0,0,0,0,0,1
2211,1,0,1,0,0,-1,1,0,-1,0,0,0,0,0,0,0,-1,0,0,0,1,0,-1,1,0,0,0,1,0,0,0,0,0,-1,0,0,0,0,0,0,-1,0,0,0,0,1,0,1,0,0,0,0,0,0,0,0,0,1,1,-1,1,0,0,-1
2212,0,1,0,0,0,0,0,1,0,-1,0,-1,0,-1,0,-1,-1,0,0,-1,-1,0,0,0,-1,0,0,-1,1,0,0,0,0,-1,0,-1,1,0,1,0,1,0,0,0,1,0,0,0,-1,0,0,0,0,1,0,0,-1,0,0,1,0,0,0,-1
2213,0,0,0,1,0,0,-1,1,0,1,1,0,0,0,0,-1,0,-1,0,-1,0,0,0,0,0,1,0,0,0,-1,0,0,1,0,0,0,0,0,-1,0,0,0,0,0,0,0,1,0,1,0,0,1,0,0,0,-1,0,0,0,1,0,0,0,0
2214,0,0,0,-1,1,0,0,0,-1,0,0,0,0,0,0,1,0,0,1,0,0,0,0,1,0,0,0,1,-1,-1,0,0,0,1,0,1,0,0,-1,0,0,0,0,0,-1,1,0,0,-1,0,0,0,1,-1,0,0,0,1,0,0,-1,0,1,0
2215,0,0,0,0,0,-1,0,-1,-1,-1,0,-1,0,0,0,0,0,-1,0,0,0,0,-1,0,0,0,0,0,0,0,0,0,1,1,0,1,0,0,0,1,0,0,0,0,-1,0,0,1,1,0,0,0,0,-1,-1,1,0,0,1,0,0,0,0,-1
2216,0,0,0,0,0,0,0,1,-1,-1,1,0,0,0,0,-1,0,0,0,0,-1,0,0,-1,0,0,1,0,-1,0,0,0,0,1,0,0,0,0,0,0,0,0,-1,1,0,1,1,-1,1,0,1,1,-1,0,0,-1,0,1,0,0,-1,1,0,0
2217,-1,-1,0,0,1,1,0,-1,-1,1,0,0,0,0,0,-1,0,0,-1,0,-1,0,0,0,-1,0,0,-1,0,1,-1,0,1,1,-1,0,0,1,-1,0,-1,0,0,0,-1,1,0,0,0,0,0,0,-1,0,0,0,0,-1,0,-1,0,0,0,0
2218,0,0,0,0,-1,0,0,1,1,0,0,1,0,0,1,1,1,1,0,0,0,0,0,0,0,0,-1,1,-1,-1,1,0,1,0,-1,0,-1,0,1,0,0,0,0,0,0,0,0,1,0,0,1,0,0,0,0,0,0,0,1,0,0,0,0,0
2219,0,0,0,-1,0,0,1,0,0,0,-1,1,1,1,-1,0,0,-1,0,0,0,0,0,0,-1,-1,1,0,0,0,0,0,0,1,0,0,0,0,-1,0,0,0,0,0,0,0,0,0,0,1,0,0,0,0,0,-1,0,0,0,0,0,-1,0,0
2220,0,0,0,1,0,0,0,-1,0,0,0,0,0,-1,-1,0,0,-1,0,-1,0,-1,0,0,0,0,0,0,0,0,-1,0,0,-1,0,0,0,0,0,0,0,0,0,0,0,1,0,-1,1,0,0,0,-1,0,0,0,1,-1,0,0,0,0,0,0
2221,-1,0,1,1,1,0,0,0,1,0,0,0,0,1,0,0,-1,0,0,0,1,0,1,0,0,0,-1,0,0,0,-1,-1,0,0,0,0,1,0,0,0,0,-1,1,0,0,-1,0,0,0,0,1,1,0,0,0,1,0,0,0,0,0,1,0,-1
2222,0,0,0,-1,0,-1,0,0,0,0,1,0,0,1,-1,-1,0,1,0,0,0,0,0,-1,0,-1,-1,-1,0,0,0,1,1,0,-1,0,1,0,0,-1,0,0,0,0,0,0,0,0,0,1,0,0,0,0,0,0,0,0,1,0,1,0,-1,0
2223,0,1,-1,0,0,0,0,-1,0,1,0,0,0,0,0,1,-1,1,1,0,1,-1,0,0,0,-1,0,-1,0,0,0,1,1,0,0,0,0,0,-1,0,0,0,-1,0,0,0,-1,0,1,-1,0,0,1,0,0,0,-1,0,0,0,1,1,0,1
2224,0,-1,0,1,0,0,1,-1,-1,0,1,0,1,1,-1,1,0,0,0,0,0,-1,0,0,-1,1,0,0,0,0,-1,1,0,0,0,0,1,0,0,-1,0,0,0,0,0,0,0,0,0,0,0,1,0,0,-1,-1,0,0,0,1,0,0,0,1
2225,0,0,1,-1,0,0,0,-1,0,-1,1,0,0,0,0,-1,0,0,0,1,0,0,0,-1,0,0,0,0,0,0,0,1,0,0,-1,0,0,1,1,-1,1,-1,1,0,0,0,1,0,0,0,0,1,1,-1,0,1,0,0,0,0,0,0,0,0
2226,0,0,1,0,0,-1,0,0,0,0,-1,1,0,0,1,-1,0,0,0,0,0,0,1,-1,0,0,0,0,0,0,0,-1,-1,-1,0,-1,0,0,1,0,0,0,0,0,0,0,0,0,-1,0,0,0,0,0,0,1,0,0,-1,0,0,0,0,-1
2227,0,0,0,0,-1,0,-1,0,0,0,1,-1,0,0,0,0,0,0,0,0,0,0,0,0,1,-1,0,0,0,0,0,0,-1,0,1,0,1,0,0,1,0,0,0,0,0,0,1,0,0,0,0,1,0,-1,0,0,0,0,0,0,-1,0,1,-1
2228,0,0,0,0,1,1,-1,0,0,1,0,0,0,0,0,-1,0,0,0,0,0,-1,0,-1,0,1,0,0,1,0,0,0,-1,0,0,0,0,0,0,1,0,1,-1,-1,0,1,-1,-1,0,0,1,0,0,0,1,0,0,1,0,0,-1,-1,-1,0
2229,0,0,-1,0,0,0,0,0,-1,0,0,-1,1,0,1,-1,1,0,0,0,0,0,0,0,0,-1,0,-1,0,0,0,0,0,-1,0,1,0,-1,1,0,0,0,0,0,0,0,0,0,0,-1,1,0,-1,0,-1,-1,0,0,0,1,1,1,-1,0
2230,1,0,0,0,0,-1,0,0,-1,0,1,-1,0,0,-1,-1,0,-1,0,-1,1,0,1,0,0,0,0,0,0,0,0,0,-1,0,0,0,0,1,0,-1,0,-1,-1,0,0,-1,1,1,0,0,0,0,0,0,1,0,0,-1,0,1,0,0,0,0
2231,0,1,1,0,0,0,0,0,1,0,1,0,0,0,0,-1,0,1,0,0,0,-1,-1,0,0,0,1,-1,1,0,-1,0,0,0,1,0,1,0,0,0,1,0,0,-1,0,0,-1,1,1,0,0,1,1,0,0,-1,0,1,0,0,1,1,0,1
2232,0,-1,0,0,0,0,0,0,0,0,-1,0,-1,0,-1,0,-1,0,0,0,-1,-1,1,0,1,0,0,-1,0,0,1,1,0,0,-1,1,0,0,0,0,0,0,0,0,0,-1,1,0,0,0,0,1,0,0,0,0,0,0,1,1,1,1,-1,1
2233,0,0,0,0,0,0,-1,0,0,1,1,0,0,-1,0,0,0,0,0,0,0,0,-1,0,0,-1,0,-1,1,0,1,0,0,0,0,0,0,0,0,1,0,0,0,0,0,0,0,0,0,0,-1,-1,1,1,0,0,-1,-1,1,1,0,0,1,0
2234,1,-1,0,0,0,0,0,1,-1,0,1,0,0,-1,-1,-1,1,0,1,1,-1,0,0,0,0,0,0,0,0,-1,0,1,0,1,0,0,0,0,0,-1,0,0,-1,-1,1,0,0,1,0,-1,0,0,-1,0,1,0,-1,-1,-1,0,0,1,0,0
2235,0,0,0,0,1,0,0,0,0,0,1,0,-1,1,0,0,0,0,0,-1,0,-1,0,0,0,0,0,-1,-1,0,0,0,0,0,0,0,0,0,0,0,0,0,0,-1,1,0,0,0,0,1,1,-1,0,1,1,1,0,1,1,0,0,0,0,0
2236,0,0,0,0,-1,0,0,-1,1,0,0,0,-1,0,0,0,0,0,-1,-1,-1,0,0,0,0,0,0,0,0,0,0,0,0,0,0,0,1,0,0,1,0,0,-1,0,0,-1,-1,-1,0,0,0,0,1,0,0,1,0,-1,1,0,0,1,-1,0
2237,0,1,0,0,1,1,1,1,-1,0,0,1,0,0,0,0,-1,0,0,1,1,0,0,-1,0,0,0,0,0,0,0,1,1,0,-1,0,1,0,0,0,0,0,0,0,1,0,0,0,1,0,0,-1,1,0,0,0,-1,-1,0,0,0,0,1,0
2238,0,0,1,0,0,-1,0,1,0,1,0,0,-1,0,0,1,1,1,0,0,-1,0,1,-1,1,0,0,-1,0,0,0,0,0,1,0,-1,0,0,0,0,0,0,0,0,-1,0,0,0,1,0,0,0,0,0,0,0,1,1,0,1,0,0,1,0
2239,0,0,-1,0,-1,0,0,0,1,0,0,0,0,-1,0,0,0,0,-1,0,0,0,0,0,0,0,0,0,0,0,-1,0,0,0,0,0,-1,1,0,0,-1,0,0,0,0,0,0,0,0,0,1,1,1,-1,0,0,-1,0,-1,0,1,1,0,0
2240,0,0,0,0,0,0,1,0,0,0,0,0,0,0,0,-1,0,1,-1,1,0,0,-1,0,1,0,0,0,1,1,0,1,-1,-1,1,0,0,0,0,0,0,0,0,-1,0,0,0,0,0,0,-1,1,1,0,-1,0,0,0,0,0,0,0,-1,0
2241,0,0,1,0,0,0,0,0,0,1,1,0,0,1,-1,0,0,-1,0,0,0,-1,0,0,0,0,0,1,0,0,0,-1,-1,0,0,1,0,1,1,1,0,1,0,0,0,0,-1,0,0,-1,0,0,0,0,0,0,0,0,0,0,0,0,0,0
2242,0,0,0,0,1,1,0,0,-1,0,0,0,1,-1,0,0,-1,1,1,1,1,0,0,0,0,-1,1,0,0,0,0,0,0,0,0,0,1,0,1,-1,-1,-1,0,0,1,0,1,0,0,0,1,-1,0,0,0,0,0,0,0,0,0,0,0,0
2243,0,1,0,-1,0,0,0,1,0,0,0,0,0,0,0,0,0,-1,0,0,0,-1,0,0,-1,0,0,-1,0,0,0,0,0,0,1,0,-1,0,0,1,0,0,0,0,-1,1,0,0,-1,0,0,-1,0,0,1,1,0,0,1,0,-1,1,-1,0
2244,1,0,0,-1,0,0,-1,-1,1,0,0,1,0,0,-1,-1,1,0,0,0,0,0,0,0,0,-1,1,0,0,0,0,0,1,0,-1,-1,0,0,0,1,0,0,1,0,-1,0,0,0,0,-1,0,1,0,-1,0,0,0,0,0,-1,0,0,0,0
2245,1,-1,0,0,0,0,0,1,0,0,0,1,1,0,-1,-1,-1,-1,-1,0,0,-1,0,0,0,-1,0,0,1,0,-1,1,0,0,-1,0,0,0,0,0,0,0,-1,1,0,0,0,0,0,0,0,0,0,0,0,0,0,-1,0,0,0,-1,0,0
2246,0,0,0,0,0,0,1,1,0,1,0,-1,0,0,0,1,0,1,0,1,-1,0,0,0,1,0,0,1,0,0,0,0,0,0,1,1,0,0,0,0,0,0,-1,0,1,0,0,0,0,0,0,0,0,0,-1,0,0,0,-1,0,0,0,-1,1
2247,0,0,0,0,0,-1,-1,1,-1,0,0,1,1,0,0,0,0,-1,0,1,0,0,0,0,1,0,0,0,0,0,0,0,0,0,-1,0,1,0,0,-1,-1,0,0,0,0,-1,0,0,0,-1,-1,0,0,0,1,0,0,1,0,-1,0,0,1,0
2248,1,0,-1,-1,1,-1,0,-1,-1,0,1,0,0,-1,0,-1,0,0,0,0,0,0,0,1,-1,1,0,1,0,0,-1,0,0,0,0,0,0,0,0,0,0,0,0,0,0,0,1,0,0,0,0,0,0,0,0,0,0,1,1,0,1,1,0,0
2249,-1,1,0,1,0,0,0,1,0,-1,0,-1,0,1,0,0,-1,-1,0,0,0,0,0,0,0,0,1,0,0,0,0,0,1,0,0,0,-1,0,0,0,0,0,-1,0,0,0,1,0,0,1,0,0,-1,0,-1,0,0,0,0,0,0,0,1,-1
2250,1,0,0,1,0,1,0,0,0,-1,1,0,-1,-1,0,-1,0,0,1,1,0,0,0,0,0,0,0,-1,0,0,0,0,-1,-1,0,1,1,0,0,0,0,-1,0,-1,0,0,-1,0,1,0,0,1,-1,1,1,0,0,0,-1,0,1,-1,0,0
2251,-1,1,0,0,1,1,0,1,0,1,0,0,-1,0,0,0,0,0,0,0,0,-1,-1,-1,0,0,0,-1,0,0,1,1,0,-1,0,0,0,1,0,0,1,0,-1,-1,-1,0,0,0,0,0,0,0,0,0,0,-1,-1,0,-1,1,-1,0,0,0
2252,0,0,0,0,0,-1,0,0,0,0,0,0,0,1,-1,1,0,0,0,0,0,0,0,1,0,0,0,0,0,0,-1,-1,-1,0,0,1,-1,1,0,1,0,0,-1,-1,0,-1,0,-1,0,-1,1,1,0,0,0,0,-1,1,0,0,0,0,0,1
2253,0,-1,1,1,-1,0,0,0,0,-1,0,0,0,0,0,0,0,1,0,-1,0,0,0,0,1,-1,0,1,0,0,1,0,-1,0,0,1,0,0,0,0,0,0,-1,0,0,1,-1,-1,-1,0,0,0,0,0,1,-1,1,0,0,-1,0,0,0,0
2254,0,1,0,0,1,0,0,0,0,0,0,-1,0,1,0,1,-1,0,0,0,0,0,0,1,0,0,0,-1,1,0,0,1,1,-1,0,-1,0,0,0,0,0,1,1,1,0,0,0,1,-1,0,-1,0,0,0,0,0,0,0,-1,0,0,1,0,0
2255,0,0,0,1,0,0,-1,0,0,0,1,1,0,0,-1,0,0,0,0,0,0,0,-1,0,0,0,0,0,0,0,1,-1,1,1,0,0,1,0,1,0,0,0,0,0,0,0,0,-1,-1,0,-1,-1,0,0,0,1,0,0,0,0,0,0,0,-1
2256,1,-1,1,-1,0,0,0,0,1,0,0,1,0,0,-1,0,0,0,-1,-1,0,-1,-1,-1,0,-1,0,0,0,0,0,0,-1,0,0,0,0,1,0,-1,0,0,0,0,0,1,0,0,0,0,0,0,1,0,0,0,0,1,0,0,-1,1,0,0
2257,1,0,0,0,1,0,0,0,-1,0,1,1,1,-1,0,0,0,0,-1,-1,-1,-1,0,0,0,0,0,0,0,0,0,0,0,0,0,-1,1,1,1,1,0,0,0,-1,0,0,0,0,0,-1,0,-1,1,0,0,0,0,-1,0,-1,0,0,1,0
2258,0,0,0,1,-1,0,0,-1,0,0,1,0,0,0,1,0,1,-1,0,0,0,0,0,1,1,-1,0,0,0,0,1,0,0,0,0,0,0,-1,1,0,0,0,0,0,0,0,1,0,0,-1,0,0,0,0,-1,0,0,0,-1,0,0,0,0,0
2259,0,1,0,0,0,1,0,0,0,-1,0,1,0,-1,0,0,0,0,0,-1,-1,0,0,-1,-1,-1,0,0,0,0,0,-1,0,-1,0,0,-1,-1,0,-1,0,1,0,1,0,0,0,0,1,1,0,0,-1,0,0,0,1,0,0,0,1,1,0,0
2260,0,0,0,-1,0,0,0,-1,1,0,0,-1,0,0,0,0,0,1,0,0,0,0,0,0,0,0,0,0,0,0,0,-1,0,0,0,1,0,0,0,0,0,1,-1,-1,-1,0,1,0,0,0,0,0,-1,1,1,0,-1,0,1,1,0,-1,-1,0
2261,0,0,-1,0,0,0,0,0,0,1,-1,0,0,0,1,0,1,1,1,0,1,-1,0,-1,-1,0,-1,0,0,-1,-1,0,1,0,1,-1,0,-1,0,0,1,1,0,0,0,-1,1,0,0,0,-1,1,1,1,0,-1,0,0,0,-1,0,0,-1,-1
2262,0,0,0,0,0,1,0,-1,1,0,0,0,1,0,0,0,0,0,0,0,1,0,1,1,0,1,-1,0,0,0,0,0,-1,1,0,0,1,0,0,0,0,0,0,0,0,1,1,0,-1,-1,0,-1,-1,0,0,0,0,0,1,-1,0,0,0,0
2263,0,1,0,0,0,1,0,0,0,0,1,0,-1,0,0,0,-1,-1,0,0,1,0,-1,0,-1,-1,1,1,0,0,1,0,0,0,0,0,0,0,-1,0,0,0,-1,-1,1,0,-1,0,-1,0,0,0,0,1,0,0,-1,-1,0,0,0,1,0,0
2264,0,0,0,1,0,1,0,0,0,0,-1,0,0,-1,1,0,-1,-1,0,-1,0,0,-1,1,0,0,-1,0,1,0,0,0,0,0,-1,0,-1,-1,0,0,0,0,0,-1,0,0,0,1,-1,-1,1,0,0,1,0,0,-1,-1,1,0,-1,1,0,0
2265,0,0,0,1,0,1,0,0,1,0,-1,0,0,0,0,0,0,0,1,0,-1,0,0,-1,0,-1,0,0,0,0,1,0,0,0,-1,-1,0,0,0,-1,0,0,-1,0,0,0,-1,-1,0,0,-1,0,0,1,1,0,1,1,0,0,0,0,-1,0
2266,0,0,0,0,-1,1,0,1,0,0,0,0,0,0,0,0,0,0,0,-1,0,0,-1,1,0,0,1,-1,0,-1,0,1,1,0,0,-1,0,0,0,0,0,0,0,1,0,0,0,-1,0,-1,1,0,-1,-1,0,0,0,0,0,0,-1,0,1,-1
2267,0,0,-1,0,0,1,0,-1,0,0,0,-1,1,0,0,0,1,0,0,0,0,0,1,0,0,-1,0,0,0,0,1,-1,0,0,0,-1,1,0,0,0,0,-1,0,0,0,0,0,0,-1,-1,0,0,0,0,0,0,0,0,0,0,1,0,0,0
2268,0,1,0,0,0,0,0,1,0,-1,0,0,0,0,-1,-1,-1,0,0,0,-1,-1,0,-1,1,0,0,0,0,0,0,0,0,-1,0,1,0,0,0,0,0,-1,0,0,0,0,0,0,0,0,1,0,0,1,0,-1,0,0,0,-1,0,0,1,1
2269,0,0,1,-1,0,0,-1,0,0,0,-1,0,-1,0,0,0,0,0,0,0,1,0,0,-1,1,0,1,1,1,0,0,0,0,0,0,0,0,0,0,1,0,-1,0,0,0,-1,1,1,0,0,-1,0,0,0,0,-1,-1,0,0,0,-1,0,0,0
2270,0,1,0,0,0,1,0,1,0,1,0,0,0,0,0,0,0,0,0,0,0,0,0,0,0,0,1,1,-1,0,-1,1,0,0,0,0,0,1,0,0,0,0,-1,0,0,0,0,0,-1,1,-1,-1,0,0,0,1,1,0,0,0,0,0,0,0
2271,0,-1,0,0,0,-1,0,0,-1,0,0,-1,0,0,0,0,0,0,1,0,0,0,0,1,1,0,0,0,0,0,0,1,0,0,1,0,-1,0,0,0,-1,0,0,0,0,-1,-1,0,1,-1,0,1,0,0,0,0,0,-1,0,0,0,0,0,-1
2272,0,0,0,1,1,0,0,0,0,0,0,-1,-1,0,0,0,1,0,0,0,0,0,0,0,0,-1,0,0,0,1,0,0,0,0,-1,0,-1,0,0,0,0,0,1,1,0,1,-1,0,0,-1,0,0,0,0,-1,0,-1,-1,1,0,0,0,-1,0
2273,0,0,-1,0,0,0,0,0,0,0,0,-1,0,0,0,0,0,0,0,1,0,0,0,-1,0,0,-1,0,1,0,0,0,0,-1,0,-1,0,0,0,0,0,0,0,0,0,0,0,0,-1,1,0,0,-1,0,0,0,1,1,0,0,0,1,-1,0
2274,0,0,0,0,0,0,0,0,-1,0,0,0,1,-1,1,0,1,-1,1,0,1,0,0,0,-1,0,-1,0,0,1,1,0,-1,0,0,1,0,0,0,0,0,0,0,0,-1,0,0,0,0,0,-1,0,0,1,1,0,0,0,0,0,-1,-1,0,0
2275,0,0,0,1,0,0,0,0,0,0,1,0,0,0,-1,0,0,0,0,0,0,0,-1,0,0,0,0,0,0,1,0,0,0,1,0,-1,-1,0,0,0,0,1,0,1,0,0,0,0,0,1,-1,0,0,-1,0,0,1,0,0,0,0,0,0,-1
2276,1,1,0,-1,0,0,0,0,0,1,0,-1,0,0,1,-1,0,1,0,0,0,-1,0,0,-1,-1,0,1,0,0,0,-1,0,0,0,0,-1,0,1,-1,0,-1,1,0,0,0,0,-1,0,1,-1,0,0,0,-1,-1,0,0,0,0,0,0,-1,0
2277,-1,0,1,-1,1,0,0,-1,0,-1,-1,0,0,0,0,0,0,0,-1,0,0,0,0,0,0,0,0,0,1,0,0,0,1,0,1,0,0,0,0,1,0,0,0,0,0,1,0,0,0,0,1,1,0,1,0,-1,0,-1,-1,1,-1,0,-1,0
2278,0,0,1,0,-1,0,0,0,0,0,0,0,0,-1,-1,0,0,0,0,0,1,0,0,1,-1,0,1,0,0,0,0,0,0,0,0,1,1,0,0,0,-1,0,0,0,0,1,0,1,1,0,0,0,1,0,1,-1,0,0,-1,0,-1,0,0,-1
2279,0,0,0,1,0,-1,0,0,1,0,0,0,0,0,0,0,0,0,0,1,0,-1,0,0,-1,0,-1,1,1,-1,0,0,0,0,0,0,0,-1,0,-1,-1,-1,0,0,-1,0,1,0,0,0,0,0,0,0,1,1,0,0,0,0,0,0,0,0
2280,1,0,0,0,0,0,0,0,0,1,0,-1,1,0,0,0,0,0,-1,-1,0,0,0,-1,1,0,0,0,0,0,0,-1,-1,0,0,0,0,-1,0,0,0,0,0,0,0,1,0,0,0,0,0,0,0,0,0,0,0,0,1,0,0,-1,0,0
2281,0,0,0,-1,0,-1,0,0,0,0,0,1,0,1,0,0,0,1,-1,-1,0,-1,0,1,0,0,0,0,0,-1,0,1,0,0,0,0,1,-1,1,0,1,0,1,-1,1,0,0,1,0,-1,0,1,0,1,1,0,0,0,0,-1,0,0,1,1
2282,0,-1,1,0,0,1,1,1,0,0,-1,0,0,0,0,0,0,-1,0,0,1,0,-1,0,0,-1,-1,1,1,0,-1,0,0,0,0,0,0,0,-1,0,0,0,-1,0,1,0,0,0,0,0,0,0,0,1,-1,0,-1,-1,0,0,1,0,0,1
2283,0,0,1,0,0,0,1,0,0,0,-1,0,0,1,0,0,-1,-1,0,-1,0,0,0,0,-1,1,0,1,-1,1,0,-1,0,1,0,-1,0,0,0,0,0,-1,0,0,0,-1,-1,0,0,0,-1,0,0,-1,0,0,-1,1,1,-1,1,1,0,1
2284,0,1,1,0,0,1,-1,0,0,0,0,0,0,0,1,0,0,-1,0,-1,-1,0,1,1,0,0,0,-1,0,0,0,-1,0,1,0,0,0,0,-1,1,-1,0,-1,-1,0,0,1,0,0,1,0,-1,1,0,1,1,0,0,0,1,0,0,-1,0
2285,0,0,-1,0,0,0,0,0,0,-1,0,0,-1,0,0,0,0,-1,0,1,0,1,0,1,0,0,1,-1,0,0,0,1,-1,0,0,0,-1,1,1,0,0,0,0,0,-1,0,1,-1,0,0,0,1,0,0,1,0,-1,0,0,0,0,-1,0,1
2286,0,0,1,1,0,0,0,0,0,0,0,-1,0,0,0,-1,0,0,0,0,0,0,1,-1,1,-1,1,0,0,1,0,0,0,0,0,1,1,1,0,0,1,1,0,0,0,0,0,0,0,0,0,0,0,0,-1,0,0,0,0,0,0,0,-1,-1
2287,0,-1,0,-1,1,0,-1,-1,-1,0,0,0,0,0,0,0,1,0,-1,0,0,1,1,0,0,0,0,0,0,-1,0,0,0,0,0,0,0,0,-1,0,0,1,-1,0,0,0,0,0,0,0,0,1,0,0,1,0,-1,0,0,0,0,0,-1,0
2288,-1,0,1,-1,1,0,1,0,0,0,0,0,0,0,0,0,-1,0,0,0,1,0,0,1,0,1,0,-1,0,0,0,1,0,0,-1,1,0,0,-1,0,0,0,-1,-1,0,1,-1,1,1,0,0,1,0,0,0,-1,0,-1,0,1,-1,0,0,0
2289,1,1,1,1,0,0,1,0,-1,0,0,-1,0,0,0,-1,0,1,0,0,0,-1,0,0,0,0,0,1,1,0,0,-1,0,1,0,0,-1,0,0,0,1,0,-1,0,0,0,0,0,0,0,0,-1,-1,-1,0,0,-1,0,0,-1,0,0,0,0
2290,0,0,0,-1,0,0,0,1,0,0,-1,0,-1,0,0,0,0,-1,-1,1,0,1,-1,0,0,0,1,0,-1,-1,1,0,0,1,0,0,-1,1,0,0,0,0,1,0,0,0,1,-1,-1,-1,0,0,-1,0,0,0,1,0,1,0,0,0,1,1
2291,1,0,0,1,0,0,0,1,-1,0,0,0,0,1,0,0,0,0,-1,0,-1,0,-1,1,-1,1,0,0,0,0,0,-1,0,-1,0,0,0,1,0,0,-1,0,-1,0,0,0,0,0,0,0,0,0,0,1,-1,-1,-1,1,0,-1,0,0,-1,0
2292,0,0,0,-1,0,0,-1,1,0,0,0,1,0,0,0,0,1,0,0,0,0,0,1,0,0,1,0,0,-1,0,0,0,0,1,0,1,0,0,0,1,0,0,0,0,0,0,-1,0,0,0,-1,0,0,0,0,0,-1,1,1,0,1,1,-1,0
2293,1,0,0,0,0,-1,1,0,1,0,0,0,0,0,1,1,0,0,0,1,0,0,0,-1,0,-1,0,0,0,0,0,0,1,0,0,0,-1,0,-1,1,0,1,0,0,-1,0,-1,1,-1,-1,1,-1,1,0,0,1,1,0,0,0,0,0,1,0
2294,1,-1,0,0,1,0,1,0,0,0,1,0,0,-1,0,0,0,1,0,0,0,0,0,1,0,0,0,-1,0,1,-1,0,0,0,1,0,0,0,1,0,0,0,0,-1,0,0,0,-1,1,0,0,-1,0,0,0,0,0,-1,0,0,0,0,0,0
2295,0,0,1,0,0,0,0,0,0,0,0,-1,0,-1,-1,0,0,0,1,0,-1,0,0,0,0,0,0,0,-1,-1,0,-1,0,0,0,1,0,0,-1,-1,0,1,0,0,0,0,0,0,-1,0,1,0,0,0,0,-1,0,0,1,0,0,-1,-1,0
2296,1,0,0,-1,0,0,0,0,0,0,0,0,0,0,0,0,0,-1,1,0,0,1,0,0,0,0,0,1,0,-1,0,-1,0,0,0,1,-1,-1,0,0,0,1,-1,1,0,0,0,0,0,0,-1,0,0,0,1,0,0,1,0,0,0,1,0,0
2297,0,0,1,0,0,0,0,0,0,0,0,0,0,0,0,0,0,-1,0,1,0,-1,0,0,0,0,0,1,1,1,0,0,1,0,-1,0,1,0,0,0,0,1,0,0,0,0,0,-1,0,-1,0,0,0,0,-1,-1,0,0,0,0,-1,0,0,0
2298,0,0,0,0,0,-1,0,1,1,0,0,0,-1,0,0,-1,1,1,0,1,1,0,0,0,0,-1,0,0,-1,0,0,0,0,0,0,0,0,0,0,-1,0,1,1,0,0,-1,0,-1,0,1,0,0,0,1,-1,0,-1,0,0,-1,0,0,1,-1
2299,0,-1,0,0,-1,0,1,-1,-1,0,0,0,0,-1,0,0,1,0,0,0,0,0,1,0,0,0,0,0,0,1,0,0,0,0,0,0,0,-1,1,0,1,-1,0,-1,0,0,-1,1,0,0,0,0,0,0,0,0,-1,0,-1,0,1,-1,-1,0
2300,0,1,0,0,-1,1,0,0,0,0,0,0,0,0,0,0,0,-1,0,0,0,0,1,1,1,0,0,1,0,0,1,0,0,0,1,-1,0,0,0,-1,0,0,0,-1,-1,0,1,-1,-1,-1,-1,0,0,-1,0,1,0,-1,0,1,0,1,0,0
2301,-1,0,0,1,0,0,1,0,0,0,0,-1,0,-1,0,-1,0,0,1,0,1,0,0,0,1,0,0,-1,0,0,0,0,0,0,0,0,0,0,0,1,0,0,0,1,0,0,0,1,0,0,0,0,0,0,0,0,-1,0,-1,0,1,0,0,0
2302,0,0,0,0,1,0,0,-1,0,0,0,0,1,1,0,0,0,1,0,1,1,0,0,-1,-1,0,0,0,0,0,1,0,0,0,1,0,1,0,-1,1,0,0,0,-1,-1,0,1,0,1,0,1,0,-1,0,0,0,-1,-1,0,0,0,0,0,0
2303,0,1,0,1,-1,0,1,0,0,0,0,0,0,-1,0,0,1,1,0,0,0,0,-1,-1,0,0,1,0,0,-1,-1,0,1,0,-1,0,0,-1,-1,0,0,-1,0,0,0,0,0,0,0,0,1,-1,0,0,0,0,0,0,0,0,0,0,0,0
2304,-1,0,0,0,0,0,0,0,1,0,-1,-1,1,0,0,1,0,0,1,0,0,-1,0,1,-1,0,-1,1,-1,0,1,1,-1,-1,1,1,0,1,1,0,-1,0,0,-1,0,0,0,1,0,0,0,0,-1,0,-1,1,0,-1,0,0,0,0,-1,0
2305,0,-1,0,-1,0,0,-1,0,0,0,0,0,0,0,1,0,1,0,0,1,0,0,0,0,1,1,1,1,0,0,0,0,0,-1,0,0,0,0,0,0,0,0,0,1,0,0,0,1,-1,0,0,-1,0,0,-1,0,1,0,0,0,-1,0,-1,0
2306,0,-1,1,0,0,-1,0,0,0,-1,1,0,0,-1,0,0,0,0,0,-1,0,1,1,0,0,-1,0,0,0,1,0,0,0,0,-1,-1,1,-1,0,0,1,0,1,0,0,0,-1,0,1,1,-1,0,0,0,0,0,-1,0,0,1,0,0,1,0
2307,1,0,0,0,-1,0,0,0,0,1,1,0,0,0,0,0,1,0,0,0,0,1,0,0,0,0,0,0,0,-1,-1,0,0,0,1,1,0,-1,0,1,1,0,1,0,0,0,-1,0,0,1,0,-1,0,0,0,0,0,0,0,0,0,0,-1,-1
2308,0,0,0,0,0,-1,0,0,0,0,0,1,0,0,1,0,0,1,1,0,0,-1,0,-1,1,0,0,0,0,0,-1,0,0,0,1,0,0,0,0,0,-1,0,1,0,-1,-1,0,0,0,0,-1,1,0,0,0,-1,0,1,-1,-1,1,0,0,0
2309,-1,0,1,0,0,0,-1,1,-1,1,0,0,1,0,-1,0,0,0,0,0,0,0,0,0,0,1,1,-1,-1,-1,0,-1,1,1,0,-1,0,0,-1,0,-1,-1,0,0,0,0,0,0,0,1,0,0,0,0,0,0,0,0,0,0,0,0,0,0
2310,0,1,0,1,0,-1,0,-1,1,1,0,0,-1,0,0,0,0,0,0,0,0,0,-1,0,0,0,0,1,0,0,0,-1,0,-1,-1,0,0,-1,0,0,0,-1,0,0,0,0,-1,0,0,0,0,1,0,0,0,0,0,0,-1,0,0,0,-1,0
2311,0,0,0,0,0,-1,-1,0,1,0,0,1,0,0,1,0,0,0,0,0,1,0,0,0,-1,-1,0,0,0,1,0,0,0,0,1,-1,0,1,0,0,0,0,0,-1,0,1,0,0,1,0,0,0,0,0,0,0,0,-1,-1,0,-1,1,1,0
2312,1,0,0,0,0,1,0,0,0,-1,-1,0,-1,0,0,0,0,0,0,1,0,0,0,0,1,1,0,1,0,-1,-1,0,0,0,0,-1,-1,0,1,0,0,-1,0,0,0,0,-1,-1,0,0,1,0,-1,0,0,0,0,0,0,0,0,0,0,0
2313,0,0,0,0,0,0,0,0,0,0,1,0,0,0,0,0,1,0,0,0,0,1,0,-1,0,0,0,-1,0,-1,0,1,-1,-1,0,0,0,0,0,1,0,0,0,1,0,-1,-1,0,0,1,0,0,0,-1,-1,-1,0,-1,-1,0,0,0,-1,0
2314,0,0,0,-1,0,0,1,0,1,0,0,-1,1,0,1,0,-1,0,-1,0,1,-1,1,-1,0,-1,0,0,0,-1,-1,-1,0,0,0,1,0,-1,-1,0,0,-1,1,0,1,-1,0,0,0,0,0,0,0,0,0,0,0,1,0,-1,0,0,0,0
2315,0,0,0,0,0,0,0,1,1,0,0,0,0,0,0,0,0,-1,0,0,0,1,1,0,0,1,1,0,0,0,0,0,-1,0,0,0,-1,0,-1,1,1,0,1,1,0,1,0,0,0,0,1,1,-1,0,0,0,0,1,0,0,1,0,0,0
2316,0,-1,0,0,-1,0,-1,0,1,0,-1,0,-1,0,1,0,0,0,1,1,1,0,0,0,0,-1,0,0,-1,-1,0,0,0,0,1,0,0,0,0,0,0,0,0,0,0,1,0,0,1,-1,0,0,0,-1,0,0,1,0,0,1,0,-1,0,0
2317,1,0,0,-1,0,1,-1,-1,0,0,0,0,1,0,0,0,1,0,0,1,1,-1,0,-1,0,0,0,0,0,-1,0,1,0,1,-1,0,1,1,0,0,0,0,0,-1,0,0,-1,0,1,0,0,0,0,1,0,0,-1,0,0,0,0,-1,-1,-1
2318,0,1,0,-1,0,0,1,0,1,0,0,0,1,0,0,-1,-1,0,1,0,-1,-1,1,0,0,-1,1,0,0,0,0,-1,1,0,0,0,0,0,0,1,1,0,0,0,0,0,1,0,0,0,0,1,0,0,0,0,0,1,-1,0,0,0,0,0
2319,0,0,0,-1,0,0,-1,0,0,0,0,1,-1,-1,0,0,1,1,0,-1,0,0,0,1,-1,-1,0,-1,1,0,-1,1,0,0,0,-1,0,0,0,-1,0,0,0,0,0,0,0,0,0,0,0,0,0,0,0,0,0,0,0,-1,1,0,1,0
2320,1,0,-1,1,0,1,0,-1,1,0,0,1,0,0,1,1,1,0,0,0,-1,0,0,1,1,1,0,-1,0,0,0,1,0,1,0,0,0,-1,0,0,0,-1,0,0,0,1,0,1,-1,0,1,-1,-1,-1,0,0,-1,0,0,0,0,1,0,0
2321,1,0,0,0,0,0,0,-1,1,0,1,0,0,-1,0,1,1,1,0,-1,1,-1,0,-1,-1,0,0,1,0,0,0,0,0,0,1,1,-1,0,0,1,0,0,0,0,0,0,0,1,0,1,0,1,0,-1,0,-1,1,0,0,1,0,0,0,-1
2322,0,1,0,1,0,0,0,1,0,1,0,0,0,-1,0,-1,0,1,1,1,0,0,0,0,1,1,0,0,1,0,1,0,0,0,0,0,1,0,1,0,0,0,0,0,-1,-1,-1,0,0,-1,0,0,-1,0,0,0,0,0,0,0,0,0,0,0
2323,0,1,0,-1,0,0,0,0,-1,0,0,0,-1,0,0,1,0,0,0,1,0,0,1,0,0,0,0,0,-1,1,0,1,-1,-1,0,-1,0,0,0,0,-1,0,1,1,0,-1,-1,0,1,0,1,0,0,-1,0,1,-1,1,0,0,1,0,0,0
2324,1,0,-1,0,-1,0,-1,0,0,0,1,1,0,1,0,0,0,0,0,-1,0,1,0,0,0,0,0,0,-1,-1,0,0,0,1,1,0,0,1,1,0,0,0,0,-1,0,0,0,0,0,0,-1,0,0,0,0,0,-1,0,0,1,0,0,0,0
2325,0,0,1,0,0,0,0,1,0,1,0,0,1,0,0,0,0,0,1,1,-1,1,1,1,1,1,1,0,0,-1,0,0,1,1,1,1,0,0,0,-1,0,0,0,0,0,1,0,1,-1,0,0,0,0,0,-1,0,0,-1,1,0,0,0,0,-1
2326,0,0,0,0,-1,0,-1,0,1,1,1,0,0,0,1,-1,0,0,-1,0,0,0,-1,0,0,1,-1,1,0,0,0,-1,-1,0,0,0,-1,1,0,-1,1,1,0,0,1,0,1,0,0,-1,0,-1,0,0,1,-1,0,0,0,0,0,-1,1,-1
2327,1,0,0,-1,0,0,0,0,0,1,0,-1,0,1,0,1,0,0,0,0,0,0,0,0,0,1,0,1,0,0,0,-1,0,-1,-1,0,-1,0,-1,0,1,0,1,-1,1,0,0,0,0,0,-1,0,0,0,-1,-1,0,0,1,0,0,0,-1,0
2328,-1,0,0,0,1,0,0,0,0,1,0,-1,0,0,0,0,1,-1,1,1,-1,0,1,0,-1,0,1,1,0,0,-1,1,1,1,-1,0,-1,-1,0,0,0,0,0,-1,0,1,0,0,0,0,0,1,1,0,0,1,1,0,0,0,0,0,0,0
2329,-1,0,1,0,1,0,0,1,0,0,0,0,0,0,0,0,-1,0,-1,0,0,1,-1,-1,0,1,0,0,0,0,0,0,-1,0,-1,0,0,0,0,-1,0,0,0,0,0,0,0,0,0,1,0,0,-1,0,0,0,0,0,0,1,0,0,0,0
2330,0,0,0,0,-1,0,0,0,-1,0,0,0,0,0,0,-1,0,0,0,0,0,0,0,0,0,0,0,0,-1,1,0,1,0,0,0,0,0,-1,0,0,1,0,0,0,-1,0,1,0,0,-1,0,0,0,0,1,0,1,0,0,0,0,0,1,0
2331,0,0,-1,1,0,-1,-1,-1,1,0,-1,0,1,1,0,0,-1,0,0,0,-1,0,-1,0,0,-1,0,-1,1,0,0,0,0,1,0,0,0,1,0,0,-1,0,1,-1,-1,1,1,0,-1,0,0,0,0,-1,0,-1,0,0,0,0,0,1,0,0
2332,0,0,0,0,-1,0,0,0,0,1,0,0,0,0,0,0,0,-1,-1,0,1,0,0,1,-1,0,0,0,0,-1,1,0,1,0,0,1,0,-1,0,0,0,-1,1,-1,1,0,1,0,1,1,0,0,0,0,0,-1,-1,-1,0,0,1,1,1,0
2333,0,0,0,0,0,0,-1,-1,0,1,1,-1,0,0,-1,0,0,0,0,0,1,-1,1,0,0,-1,1,0,1,0,0,0,0,0,1,0,0,1,0,1,-1,1,-1,0,0,0,0,-1,0,-1,0,1,0,0,0,0,0,0,-1,0,1,-1,0,0
2334,0,0,1,0,-1,-1,0,0,0,1,0,1,0,1,-1,-1,0,0,0,0,0,0,0,1,-1,0,-1,0,0,0,0,0,-1,1,1,0,0,-1,1,0,-1,-1,0,1,0,0,-1,0,0,0,0,-1,0,0,0,0,0,1,0,0,0,1,0,0
2335,0,0,0,0,0,0,0,-1,-1,0,0,-1,0,0,-1,0,1,-1,0,-1,-1,-1,1,1,1,0,0,0,0,1,1,0,1,0,0,1,1,0,1,1,-1,0,-1,1,1,0,0,-1,0,0,0,0,0,-1,0,0,0,0,0,0,0,0,0,0
2336,0,0,0,0,0,0,0,0,-1,0,0,0,0,0,1,0,1,1,1,-1,-1,0,0,-1,0,0,0,0,1,0,0,0,0,0,1,0,0,0,0,0,0,0,0,0,1,0,0,0,-1,0,1,0,0,0,0,0,-1,-1,1,0,0,0,0,0
2337,-1,0,0,-1,-1,1,0,0,0,0,0,0,0,0,1,1,0,-1,-1,-1,0,0,0,-1,0,0,-1,0,0,0,0,-1,0,0,0,0,0,0,1,0,0,0,0,0,0,-1,0,0,0,0,0,-1,0,0,0,1,0,0,0,0,1,0,-1,1
2338,0,0,0,-1,0,-1,0,0,0,0,0,0,0,0,1,0,1,1,0,1,0,0,0,1,0,0,0,-1,1,0,0,0,0,0,0,0,1,0,0,0,0,1,0,1,0,0,-1,1,0,0,0,0,0,-1,1,1,0,0,0,0,0,1,0,0
2339,0,0,0,0,0,0,0,-1,0,-1,-1,0,-1,0,1,0,1,0,-1,-1,-1,0,1,0,0,0,-1,1,-1,0,0,-1,0,0,0,0,-1,1,0,-1,0,1,1,0,0,0,0,0,0,0,1,0,-1,0,0,0,0,0,-1,0,0,0,0,0
2340,-1,0,0,0,-1,0,0,0,0,-1,0,0,1,0,0,1,0,0,0,1,-1,0,1,0,0,1,-1,0,0,0,0,1,0,1,0,0,0,0,-1,0,0,-1,0,0,-1,-1,-1,0,0,0,0,0,0,0,-1,-1,0,0,0,0,0,0,-1,0
2341,0,0,0,1,1,0,0,0,0,0,0,0,0,0,0,0,0,0,0,0,0,1,1,-1,0,0,-1,0,-1,1,0,1,1,-1,0,-1,0,0,-1,-1,0,0,0,1,0,0,0,-1,1,-1,0,0,0,0,0,0,1,0,-1,0,0,0,0,0
2342,1,0,-1,-1,0,-1,0,1,1,0,1,0,0,0,0,1,0,1,-1,0,0,0,0,0,1,1,0,-1,-1,0,1,0,0,0,-1,0,0,-1,0,0,1,0,0,0,0,0,0,-1,0,0,0,-1,-1,-1,1,1,0,1,0,-1,0,0,0,0
2343,0,0,0,0,0,1,1,0,-1,0,-1,0,0,1,0,0,0,0,0,0,0,-1,0,0,0,0,0,0,-1,-1,1,1,0,0,0,0,0,1,1,1,1,-1,0,0,0,0,0,0,0,0,1,0,0,0,0,0,-1,0,1,0,0,0,0,0
2344,0,0,-1,0,-1,0,-1,0,0,0,0,0,1,-1,-1,1,0,-1,-1,0,0,-1,1,0,0,0,-1,0,0,0,1,0,0,0,0,1,0,0,1,0,0,0,1,1,-1,1,0,0,-1,0,0,0,0,1,-1,0,0,0,0,0,0,0,0,1
2345,0,0,1,0,0,-1,-1,-1,0,0,1,-1,0,0,0,1,0,0,0,0,0,0,-1,0,-1,0,0,1,0,1,0,0,-1,-1,0,0,0,0,0,1,0,-1,-1,0,0,1,1,0,0,0,0,0,0,-1,1,0,-1,0,0,0,0,0,0,0
2346,0,0,0,0,0,0,1,0,0,0,-1,0,1,0,0,0,0,0,1,0,0,1,-1,0,1,0,0,0,0,1,0,0,0,0,0,1,1,0,0,0,0,1,0,0,0,-1,0,-1,0,0,0,-1,-1,0,0,0,0,0,0,-1,0,0,0,0
2347,-1,0,0,0,0,0,0,0,1,1,0,-1,1,0,0,0,0,0,0,0,-1,0,0,0,0,1,1,0,-1,0,1,-1,1,0,0,0,0,0,0,0,0,0,1,-1,0,0,0,1,-1,0,-1,1,0,1,0,-1,0,0,0,-1,0,0,0,0
2348,0,0,0,0,0,0,1,0,0,0,1,-1,1,-1,1,0,0,0,0,-1,1,-1,0,0,0,0,0,0,0,-1,-1,1,0,0,0,0,0,0,1,1,-1,1,-1,0,-1,0,-1,0,0,1,0,0,0,0,-1,0,1,0,0,-1,0,-1,0,0
2349,0,-1,1,0,0,0,0,0,0,0,-1,0,1,0,1,0,-1,0,0,0,1,0,1,0,0,-1,1,1,0,1,0,-1,0,0,-1,1,1,-1,1,0,-1,0,0,0,-1,-1,1,0,0,0,0,0,0,0,0,-1,0,1,1,1,1,1,0,0
2350,-1,-1,1,0,0,0,1,0,0,1,0,0,0,0,0,0,0,0,0,0,1,0,0,0,1,-1,-1,0,-1,0,0,-1,0,0,0,0,-1,0,0,-1,0,-1,-1,0,0,0,1,0,0,0,1,0,0,0,0,-1,1,0,1,0,0,0,0,0
2351,1,0,0,0,0,0,0,-1,0,0,0,0,-1,0,0,0,1,0,0,1,0,1,0,0,1,0,1,0,1,1,0,0,0,0,0,-1,0,1,0,0,1,0,0,0,0,0,0,-1,1,1,0,1,1,0,-1,0,1,0,0,0,0,-1,0,0
2352,0,1,0,0,1,1,1,0,0,0,0,1,0,0,0,0,0,0,0,0,0,-1,0,1,0,0,0,0,0,0,0,-1,0,0,0,0,0,-1,0,0,-1,0,1,0,0,0,1,0,0,0,1,1,0,0,0,-1,0,0,1,1,0,0,-1,-1
2353,0,1,1,-1,0,0,0,1,-1,0,0,1,0,0,0,-1,-1,1,0,1,-1,1,0,0,0,0,0,1,0,1,0,0,0,0,0,0,0,1,0,0,1,0,1,1,0,0,0,0,0,0,0,0,0,-1,0,0,0,0,1,1,0,0,-1,1
2354,-1,0,0,0,0,0,1,0,-1,0,0,-1,0,0,0,-1,0,1,0,-1,-1,1,0,0,0,0,0,0,0,1,-1,0,-1,0,0,-1,0,1,0,0,0,0,0,0,-1,0,-1,0,0,-1,0,1,0,1,0,-1,1,0,0,0,1,1,-1,0
2355,0,0,0,0,0,-1,0,0,0,0,0,0,1,0,-1,1,-1,1,-1,0,-1,-1,0,-1,0,1,0,0,0,0,0,0,1,0,0,1,0,0,0,0,0,0,-1,-1,0,0,0,1,1,0,-1,0,0,0,-1,0,-1,-1,-1,-1,1,0,-1,0
2356,0,-1,0,-1,0,1,1,0,1,-1,0,0,1,0,0,1,0,0,1,0,-1,0,0,0,-1,0,0,0,0,-1,-1,0,-1,0,-1,0,-1,0,0,1,-1,-1,-1,0,0,0,0,0,0,0,-1,0,1,-1,0,1,0,0,0,0,0,0,0,0
2357,0,0,1,0,0,0,1,0,1,0,0,0,0,0,0,-1,0,0,0,-1,1,0,-1,0,0,0,1,-1,0,1,0,0,0,1,-1,0,-1,0,-1,-1,0,-1,0,0,0,1,0,0,0,-1,0,0,0,0,1,0,1,0,1,1,0,0,-1,-1
2358,0,0,0,0,1,0,0,-1,1,0,0,0,0,0,0,0,0,1,0,-1,-1,0,0,0,0,-1,0,-1,0,1,-1,0,0,0,0,0,0,0,0,1,0,0,0,-1,0,-1,-1,0,1,0,0,-1,-1,0,0,1,1,0,0,-1,1,0,0,0
2359,1,0,-1,0,0,0,0,0,0,0,0,-1,1,0,0,0,-1,0,0,0,0,-1,0,0,1,0,0,0,0,1,-1,0,-1,0,0,-1,1,0,-1,0,0,0,0,0,-1,0,0,0,-1,0,0,0,0,1,0,1,0,0,0,0,0,-1,0,1
2360,0,-1,1,-1,1,-1,0,0,0,0,1,1,1,1,1,0,0,0,0,1,0,0,0,0,1,0,-1,-1,0,0,0,0,0,1,-1,0,0,0,0,1,0,0,0,0,0,0,1,0,0,-1,1,1,0,1,0,0,0,1,0,0,0,0,0,1
2361,0,0,0,0,-1,0,0,-1,0,0,0,0,0,1,0,-1,0,0,0,0,-1,0,1,0,0,0,0,0,-1,0,0,1,0,0,0,0,1,0,-1,0,0,0,0,0,-1,0,0,0,1,1,0,0,0,0,0,-1,1,0,0,0,1,-1,-1,0
2362,0,0,1,-1,-1,1,0,1,1,0,0,0,0,-1,0,0,-1,0,0,1,0,0,0,-1,0,0,0,0,0,0,0,0,0,0,0,0,0,0,1,0,-1,0,0,1,0,0,0,-1,-1,1,0,0,0,0,0,0,-1,0,0,0,0,0,0,0
2363,0,0,0,0,0,0,0,1,-1,-1,0,0,-1,0,1,0,0,1,0,0,0,-1,0,0,-1,1,0,0,0,0,0,0,-1,1,0,0,1,1,0,0,0,0,1,0,0,1,1,0,1,0,0,0,1,-1,0,0,0,0,0,0,0,0,1,0
2364,1,-1,0,0,0,0,0,-1,0,-1,-1,0,0,1,-1,0,0,0,0,0,1,0,0,0,0,0,0,0,0,0,0,0,1,0,0,0,1,-1,0,-1,0,1,0,0,0,0,-1,0,0,1,1,0,0,1,1,1,-1,0,0,-1,0,-1,0,0
2365,-1,1,0,0,0,-1,1,-1,0,1,1,0,0,0,0,-1,-1,0,0,0,0,0,1,0,1,0,0,-1,0,-1,1,0,0,0,1,0,1,0,0,0,0,0,0,1,0,0,0,0,0,0,0,1,-1,0,0,0,-1,0,0,0,0,0,1,-1
2366,0,0,0,-1,1,-1,1,0,0,-1,0,0,0,0,-1,0,-1,1,-1,-1,1,0,0,0,0,0,0,-1,0,0,0,-1,0,0,-1,-1,0,-1,0,1,0,0,0,-1,-1,0,-1,0,-1,0,1,0,-1,1,0,1,0,0,0,0,0,0,0,0
2367,1,0,0,0,0,0,0,0,0,0,0,0,0,0,0,-1,0,0,0,-1,0,1,0,0,-1,-1,1,1,0,1,0,0,0,0,0,0,1,0,-1,0,0,1,0,0,0,0,0,0,1,-1,0,1,-1,1,-1,0,0,0,0,0,0,0,0,0
2368,-1,0,0,0,0,-1,0,1,-1,1,0,0,0,0,0,1,0,0,0,0,-1,-1,0,0,0,0,0,0,0,0,1,0,0,0,1,0,-1,0,0,-1,0,0,0,0,0,-1,0,0,0,0,0,0,0,0,0,1,0,0,-1,0,1,0,0,0
2369,0,-1,-1,0,0,0,1,0,-1,0,1,0,0,0,0,0,0,0,0,0,0,0,1,-1,0,0,0,1,0,-1,0,-1,0,0,0,0,0,-1,0,0,0,0,1,0,1,0,-1,0,-1,1,0,0,0,0,0,0,0,0,0,1,0,1,0,1
2370,0,0,1,0,1,0,0,0,0,0,0,0,1,-1,0,0,-1,0,0,0,0,1,0,0,1,-1,0,0,0,0,0,1,1,0,0,-1,0,-1,0,0,0,1,0,0,0,0,0,0,0,0,0,1,0,0,0,0,0,0,0,1,-1,-1,0,0
2371,0,0,-1,0,1,0,-1,0,1,1,0,0,1,0,1,-1,0,1,0,0,0,0,1,0,0,0,1,0,0,1,0,0,0,-1,-1,0,0,-1,0,0,0,0,1,0,0,0,0,-1,0,1,0,-1,0,0,0,-1,0,1,1,-1,1,0,0,0
2372,1,-1,0,0,0,1,1,0,0,-1,0,0,1,0,1,0,0,1,-1,0,0,-1,-1,0,-1,-1,0,-1,-1,0,0,1,0,0,0,-1,1,0,-1,0,1,0,0,0,0,1,0,0,0,0,1,0,0,0,1,1,1,0,0,0,0,0,0,-1
2373,-1,1,0,0,1,1,0,1,1,0,0,0,0,0,0,0,0,0,1,-1,0,0,0,0,0,0,0,-1,1,-1,-1,0,0,0,0,0,0,0,1,0,0,0,-1,0,0,0,-1,0,0,-1,0,0,0,-1,1,0,0,0,0,0,1,0,0,1
2374,0,0,0,-1,0,0,0,0,0,1,0,-1,1,1,-1,0,0,0,-1,0,0,-1,0,1,1,0,1,-1,-1,-1,0,0,0,0,0,0,-1,0,0,0,0,-1,0,0,0,0,1,0,0,0,0,0,0,0,-1,0,1,0,0,-1,0,1,0,0
2375,0,0,-1,1,0,0,-1,0,0,-1,1,-1,0,1,1,0,0,0,0,0,0,0,1,0,0,0,-1,1,0,0,0,0,0,1,-1,-1,-1,0,-1,0,0,0,0,0,1,0,0,0,0,0,0,0,0,0,0,1,0,0,-1,0,0,0,-1,0
2376,0,-1,-1,0,-1,0,0,0,0,-1,-1,0,1,-1,-1,0,1,-1,0,1,0,0,0,-1,-1,-1,0,0,0,0,0,0,1,0,0,0,0,-1,0,1,0,0,0,0,-1,0,0,0,0,0,0,-1,0,0,-1,0,-1,0,1,0,0,-1,0,0
2377,0,0,0,0,1,0,1,0,0,0,1,0,1,0,0,0,1,0,1,0,0,0,1,0,0,0,1,0,-1,0,0,0,0,1,0,0,0,1,0,-1,0,0,0,0,0,0,1,0,0,0,0,0,-1,0,0,0,0,1,-1,0,0,0,-1,-1
2378,1,0,0,-1,1,1,0,0,-1,0,0,0,0,0,0,0,0,-1,0,0,0,0,0,0,0,0,1,0,1,0,0,0,0,0,0,0,1,0,-1,-1,0,0,0,0,0,0,0,1,-1,0,-1,0,0,0,-1,0,-1,0,-1,1,0,-1,-1,0
2379,0,0,0,0,1,1,1,1,0,0,-1,0,0,0,0,1,0,1,0,0,0,0,0,1,0,0,-1,0,0,1,0,0,0,1,0,0,0,0,0,0,0,1,-1,0,0,0,1,1,0,0,0,1,0,0,-1,1,0,0,-1,0,1,0,0,0
2380,0,0,0,0,1,1,0,-1,0,0,0,-1,-1,0,0,0,0,-1,1,-1,0,0,1,1,1,1,0,0,-1,1,1,0,-1,0,0,1,-1,0,0,1,0,0,1,0,1,0,1,0,0,0,1,0,0,1,0,0,0,0,1,0,0,-1,0,-1
2381,0,0,0,-1,0,0,-1,-1,-1,0,0,0,0,-1,-1,0,0,1,-1,-1,0,1,-1,0,-1,0,0,1,0,0,-1,1,0,0,0,1,-1,1,1,0,1,0,0,0,0,0,0,-1,0,0,0,1,1,0,0,0,0,0,0,0,0,-1,0,1
2382,0,-1,0,0,0,1,0,1,0,0,0,0,0,0,0,0,0,0,0,-1,-1,0,1,-1,0,-1,1,0,1,-1,0,-1,0,0,0,0,0,0,-1,-1,0,1,0,0,0,0,-1,1,0,0,0,0,0,0,0,0,0,0,0,0,0,0,-1,0
2383,1,0,0,1,0,0,0,0,1,0,-1,-1,1,1,0,0,0,-1,0,1,-1,0,0,-1,0,1,0,1,0,0,-1,-1,0,1,0,0,0,0,-1,0,0,0,1,0,0,0,-1,0,0,1,0,-1,-1,0,0,0,0,0,1,-1,-1,-1,0,0
2384,-1,0,0,0,0,0,-1,1,-1,0,0,0,0,0,0,1,0,0,0,0,0,-1,0,-1,1,-1,-1,0,-1,1,0,0,-1,0,0,0,-1,-1,1,0,0,-1,1,0,0,1,-1,-1,0,1,-1,0,0,-1,0,0,1,-1,-1,1,0,0,0,-1
2385,-1,-1,-1,0,1,1,0,-1,0,0,0,1,1,0,1,0,0,1,0,1,0,-1,-1,0,-1,-1,0,0,0,0,0,1,0,-1,0,0,1,1,0,-1,0,-1,0,0,0,0,1,0,-1,0,0,0,0,0,0,0,0,0,0,-1,-1,0,0,1
2386,-1,0,0,0,0,0,1,1,0,-1,0,1,1,1,0,0,0,-1,-1,1,0,0,0,1,0,-1,0,0,0,0,0,0,1,-1,-1,1,0,0,0,0,0,0,1,1,-1,-1,0,1,-1,-1,1,0,0,0,0,0,0,0,0,0,1,0,1,1
2387,0,0,0,0,1,1,0,1,0,1,-1,0,0,0,1,0,0,-1,0,0,0,1,-1,0,0,0,0,0,-1,0,0,0,0,0,0,0,1,-1,0,0,1,0,1,0,1,0,0,0,0,0,0,1,0,-1,0,1,0,0,1,0,0,0,1,0
2388,0,0,0,-1,1,-1,0,0,-1,0,0,0,-1,0,-1,-1,1,1,0,0,1,0,-1,0,0,0,0,0,0,1,0,0,1,0,0,0,0,1,1,1,1,1,0,0,1,0,0,0,0,0,0,0,0,0,-1,0,0,1,0,0,-1,0,0,0
2389,0,0,0,0,1,-1,0,0,1,1,0,0,0,0,0,0,0,0,-1,0,0,0,0,1,0,0,0,0,0,1,-1,0,0,0,1,0,-1,0,0,0,0,0,0,-1,0,0,0,0,0,0,1,-1,0,0,0,0,-1,1,-1,0,0,0,0,0
2390,0,-1,0,0,0,0,1,-1,0,0,0,1,-1,1,1,0,-1,0,0,0,0,0,0,-1,0,-1,0,1,1,0,0,0,1,0,0,0,1,0,0,0,-1,0,1,0,0,0,1,0,0,1,0,0,0,1,1,-1,0,1,0,0,0,0,-1,0
2391,0,1,0,-1,0,0,0,0,0,1,0,0,1,-1,0,0,0,0,-1,0,0,0,0,-1,1,1,0,0,-1,1,0,-1,0,0,0,-1,0,0,0,0,-1,0,0,-1,0,1,0,1,0,0,0,0,0,0,0,-1,0,0,0,0,0,0,0,0
2392,0,-1,0,0,0,0,0,-1,0,0,-1,0,0,1,1,0,0,0,-1,0,0,0,0,1,0,0,0,-1,1,1,1,-1,0,1,1,1,1,1,0,0,0,1,-1,0,0,0,0,0,0,-1,0,0,1,0,0,0,0,1,1,1,0,1,0,-1
2393,0,0,0,-1,0,1,0,1,1,0,1,0,0,0,0,0,0,0,0,0,0,0,0,1,0,0,-1,0,0,0,-1,0,1,0,-1,0,0,1,0,-1,0,0,0,0,1,1,-1,1,1,1,0,0,-1,0,0,0,0,0,-1,-1,0,0,0,0
2394,1,0,0,-1,0,-1,-1,0,1,0,0,0,-1,0,0,0,0,-1,0,1,1,0,0,-1,-1,0,1,0,0,0,0,0,0,0,0,-1,0,-1,-1,1,0,0,0,0,0,-1,1,0,0,0,0,0,0,0,0,0,0,0,-1,1,1,-1,0,0
2395,0,0,0,0,-1,1,0,0,0,0,0,0,0,0,0,0,1,0,0,1,0,0,0,0,0,0,0,-1,0,0,1,0,1,0,0,0,1,-1,-1,1,0,-1,0,0,0,1,0,1,-1,0,1,0,-1,0,-1,-1,-1,1,0,0,0,0,0,0
2396,1,-1,0,-1,1,0,1,0,0,0,0,-1,-1,-1,0,0,0,0,-1,0,0,1,0,1,0,-1,0,0,-1,0,0,-1,1,1,0,0,0,-1,0,-1,0,0,0,0,-1,0,0,-1,0,0,0,0,0,0,0,-1,0,0,0,0,1,-1,0,1
2397,1,-1,0,0,0,0,0,0,0,-1,0,1,-1,0,0,0,-1,0,0,0,0,0,0,-1,0,0,1,0,-1,0,1,0,0,0,1,0,1,1,0,-1,-1,0,0,-1,-1,0,0,-1,0,0,0,0,1,0,-1,0,-1,0,1,0,0,-1,1,0
2398,1,0,0,0,-1,0,0,-1,0,0,0,0,0,0,0,-1,0,0,0,0,0,-1,1,-1,0,1,0,0,0,-1,-1,0,0,0,1,0,-1,0,0,1,0,0,0,0,1,1,0,-1,-1,-1,0,0,0,0,0,1,0,0,0,0,0,0,0,0
2399,-1,-1,0,-1,0,1,0,-1,0,1,0,-1,0,0,0,0,0,0,0,1,0,1,0,0,0,0,0,0,1,0,0,1,-1,1,0,0,0,1,0,1,0,0,0,-1,-1,0,0,1,0,0,0,0,0,1,0,0,0,-1,1,0,0,0,-1,1
2400,0,0,0,0,1,0,0,1,-1,-1,0,-1,-1,-1,-1,0,-1,0,1,0,0,0,0,-1,0,1,-1,0,0,0,0,0,0,0,-1,0,0,-1,1,0,1,0,0,0,0,0,1,0,0,0,0,-1,0,0,1,0,0,0,0,1,0,-1,-1,-1
2401,1,0,1,0,0,-1,0,1,0,0,0,0,0,0,0,1,0,0,0,0,0,0,0,0,-1,-1,1,0,0,1,0,0,0,1,0,0,0,0,0,-1,1,1,0,0,0,-1,0,0,0,0,0,0,0,0,0,0,1,0,1,0,1,1,0,0
2402,0,-1,1,0,0,0,-1,0,0,0,0,0,0,0,0,0,0,-1,0,0,1,0,-1,0,0,0,0,-1,0,-1,0,0,0,-1,0,0,0,0,0,-1,0,0,0,0,0,0,0,0,0,0,0,0,0,0,0,0,0,0,0,0,1,0,0,1
2403,0,1,0,0,1,0,-1,0,0,0,0,0,0,0,0,0,0,1,0,0,-1,0,0,1,0,0,0,0,1,0,-1,0,0,0,-1,1,1,0,-1,0,0,0,0,0,1,-1,0,1,-1,0,0,1,0,0,0,1,0,1,0,0,-1,0,1,1
2404,1,-1,0,0,0,0,0,0,-1,1,0,0,-1,1,-1,0,0,0,0,0,0,1,0,0,-1,0,1,0,0,0,1,0,1,0,1,0,-1,0,-1,0,0,-1,0,0,0,1,0,0,0,0,1,0,-1,0,0,0,0,-1,0,1,1,0,0,0
2405,1,0,0,1,0,0,0,0,0,0,0,0,1,0,0,-1,0,0,0,-1,0,0,0,0,0,1,0,1,0,-1,0,0,-1,0,-1,0,1,1,0,0,1,0,0,1,0,0,0,-1,1,0,1,0,0,0,-1,0,0,0,-1,0,0,-1,-1,0
2406,0,0,0,1,0,0,1,0,-1,-1,0,-1,1,0,0,-1,0,0,0,0,0,1,0,-1,1,0,0,1,1,1,0,0,-1,0,0,0,0,0,0,0,0,0,0,1,0,-1,0,0,0,0,1,1,-1,0,0,-1,0,0,0,0,0,0,-1,0
2407,0,0,-1,0,0,0,1,0,-1,0,-1,0,0,0,-1,0,0,1,0,0,0,0,0,-1,-1,0,0,0,0,0,-1,0,0,0,0,0,0,1,1,0,0,1,0,-1,0,-1,0,0,1,0,0,-1,0,-1,0,0,-1,0,0,1,1,0,1,1
2408,0,0,-1,0,-1,-1,0,1,1,-1,0,0,-1,0,0,0,-1,0,0,0,-1,0,0,0,0,0,0,1,0,0,-1,0,-1,0,0,1,0,0,0,0,0,0,1,0,0,0,1,0,1,1,0,0,0,0,1,0,0,0,0,0,-1,0,0,0
2409,0,0,0,-1,0,-1,0,0,0,1,0,1,0,1,0,0,-1,0,0,0,0,-1,1,-1,0,0,0,0,0,1,-1,1,1,0,-1,0,0,0,-1,1,0,0,1,0,0,-1,0,0,0,1,0,0,0,0,0,-1,0,1,-1,0,-1,-1,-1,0
2410,0,0,-1,0,0,0,1,1,1,0,-1,0,0,0,0,1,-1,-1,0,0,0,0,0,1,1,-1,-1,0,-1,0,1,0,0,0,1,0,0,0,1,0,0,1,0,1,0,-1,0,0,0,1,0,0,0,0,0,1,0,-1,0,0,1,0,1,0
2411,1,-1,1,0,0,0,0,-1,-1,0,1,0,0,0,0,1,0,1,-1,0,0,0,1,-1,0,1,-1,1,1,1,0,0,0,0,-1,0,0,1,0,0,0,-1,1,1,0,1,1,0,1,0,0,0,0,0,0,0,0,0,-1,0,0,1,0,0
2412,-1,0,0,0,-1,0,0,-1,0,0,-1,0,0,0,0,0,0,1,0,0,0,0,-1,0,1,0,0,0,0,0,0,0,0,0,0,0,0,0,0,0,1,0,1,0,1,1,1,0,0,0,0,0,0,1,0,1,1,0,1,1,0,1,0,0
2413,-1,0,0,0,0,1,0,-1,0,0,-1,-1,1,0,1,0,0,0,0,0,0,0,0,0,0,1,0,0,0,0,1,0,-1,-1,0,0,0,1,0,0,0,0,-1,0,0,0,1,0,-1,-1,-1,0,-1,-1,0,0,-1,0,0,0,0,-1,0,0
2414,0,0,0,-1,0,-1,1,0,0,0,1,0,0,0,0,0,1,0,0,1,1,0,0,-1,-1,-1,0,0,0,-1,-1,0,-1,-1,0,0,0,1,1,0,0,1,0,-1,0,0,0,0,0,0,1,-1,0,0,0,0,0,0,0,-1,0,0,-1,1
2415,0,-1,0,0,1,-1,0,1,0,-1,-1,0,-1,0,0,0,-1,0,0,1,-1,0,-1,0,0,0,-1,0,0,0,0,1,0,-1,0,0,0,1,0,0,0,0,-1,0,0,-1,0,0,0,0,0,0,-1,0,0,1,1,0,0,-1,0,0,0,0
2416,0,1,0,-1,0,-1,0,0,0,0,0,-1,0,0,0,0,-1,-1,0,0,0,0,0,0,0,-1,0,0,0,-1,1,0,-1,0,0,0,-1,0,0,1,0,0,0,0,-1,1,-1,0,1,0,-1,1,0,0,0,0,0,-1,0,0,-1,0,0,0
2417,-1,0,0,0,1,0,0,0,1,0,0,0,0,1,0,0,1,0,0,0,0,1,0,-1,0,0,0,0,0,1,0,0,0,0,0,-1,0,0,0,1,0,0,-1,-1,0,0,0,1,-1,0,0,0,1,0,-1,0,0,0,-1,1,0,0,0,0
2418,-1,0,1,0,1,0,0,0,0,0,0,1,0,0,0,0,0,0,0,0,0,-1,-1,0,0,0,0,0,0,-1,1,-1,1,0,0,0,0,0,1,0,0,0,0,1,0,0,0,0,-1,1,0,0,1,0,0,0,0,0,-1,0,-1,-1,0,0
2419,-1,0,0,0,0,-1,1,1,0,0,0,1,1,-1,0,1,0,0,0,0,0,0,0,0,-1,-1,0,0,1,1,0,0,0,0,-1,-1,0,0,0,0,1,1,1,0,0,-1,1,-1,1,1,0,0,0,0,0,0,0,0,0,0,0,0,1,0
2420,0,0,-1,0,0,0,0,0,0,1,0,1,0,0,0,0,0,0,0,0,0,0,0,0,0,-1,1,0,1,0,-1,0,1,-1,-1,0,0,0,0,0,0,0,0,0,0,0,0,-1,0,0,-1,-1,1,0,-1,1,0,0,-1,1,0,0,0,0
2421,0,-1,1,0,0,0,0,1,1,0,0,-1,0,0,0,0,0,0,0,0,0,1,0,0,1,0,0,0,0,1,0,0,0,0,-1,0,0,0,1,1,1,1,0,-1,0,0,0,-1,0,-1,1,0,0,0,0,0,0,0,0,0,-1,0,0,0
2422,0,1,0,0,0,0,0,0,-1,0,0,0,-1,-1,1,-1,0,0,-1,0,0,0,0,0,0,0,0,0,1,0,1,-1,-1,0,0,0,1,0,0,0,0,0,1,0,1,1,0,1,0,0,0,0,0,0,-1,-1,0,-1,0,0,0,0,0,0
2423,-1,-1,1,0,0,0,0,1,-1,-1,0,0,0,0,0,1,0,0,0,0,0,-1,-1,0,0,0,0,0,-1,0,0,0,0,1,1,1,0,0,-1,0,0,0,-1,0,0,0,0,0,0,0,1,0,-1,-1,0,0,0,-1,-1,-1,0,1,0,-1
2424,0,-1,1,0,0,0,0,0,-1,1,1,1,0,-1,1,0,0,-1,0,1,0,-1,-1,0,0,0,0,-1,1,0,0,0,1,0,1,1,0,0,1,0,0,0,0,0,1,0,1,0,0,0,1,0,0,0,0,0,0,-1,1,-1,-1,0,-1,0
2425,0,0,-1,1,0,0,0,-1,1,1,0,0,-1,-1,0,0,0,1,0,0,0,0,0,-1,1,0,0,-1,0,0,0,-1,-1,1,-1,1,0,0,1,0,0,0,0,-1,0,1,-1,1,-1,-1,0,0,0,0,0,-1,0,1,0,1,0,-1,0,0
2426,0,1,0,1,-1,0,0,0,0,-1,1,-1,0,1,1,0,0,0,0,0,0,0,0,-1,0,0,0,-1,0,0,0,-1,0,0,0,0,0,-1,0,-1,0,0,0,0,0,0,0,0,0,-1,0,0,1,1,0,0,0,0,1,0,0,0,1,0
2427,1,1,0,0,0,1,1,0,0,0,-1,0,1,-1,0,0,0,0,0,0,0,0,0,-1,-1,1,0,0,0,0,0,0,1,-1,0,0,0,1,0,0,0,0,-1,0,0,0,-1,0,0,0,0,0,0,0,0,1,0,0,0,0,-1,-1,0,0
2428,1,0,0,0,-1,-1,0,0,0,1,0,-1,-1,0,-1,0,0,-1,0,0,-1,-1,1,0,-1,0,0,0,0,-1,-1,0,0,0,1,0,0,-1,0,-1,0,0,0,0,0,0,0,0,0,0,0,1,-1,0,0,0,1,1,1,0,0,-1,0,1
2429,0,0,0,0,0,0,0,0,1,0,0,0,1,0,1,-1,0,-1,0,0,0,1,0,-1,0,1,0,1,1,0,0,0,1,0,0,0,0,0,0,0,0,0,0,0,0,0,0,1,0,0,-1,0,0,1,-1,-1,0,0,0,0,-1,0,0,0
2430,0,-1,1,0,0,0,0,-1,-1,0,-1,1,0,0,0,-1,0,0,0,0,0,0,1,0,0,0,0,1,0,0,0,1,0,0,0,0,-1,0,1,0,0,1,-1,-1,0,1,0,0,0,1,1,1,0,0,-1,0,1,-1,0,0,1,0,0,0
2431,0,0,0,0,0,0,0,-1,0,0,0,0,0,1,1,0,0,0,0,0,0,1,0,0,0,0,1,-1,0,1,0,1,0,1,0,1,0,0,0,0,1,0,-1,0,0,1,0,0,0,1,0,1,-1,0,0,0,0,1,1,-1,0,1,0,1
2432,0,0,0,0,0,0,-1,0,0,0,0,0,1,0,0,1,0,0,0,0,-1,-1,0,0,0,0,0,0,1,0,0,0,0,0,1,-1,0,-1,0,-1,0,-1,1,-1,-1,-1,0,0,-1,0,0,0,-1,0,1,0,0,-1,0,0,0,0,1,1
2433,1,-1,0,1,-1,0,0,-1,-1,0,0,0,0,-1,1,0,0,-1,0,-1,0,-1,0,0,-1,1,0,0,0,-1,-1,0,0,-1,0,0,0,0,0,0,0,0,0,1,0,-1,0,0,0,1,0,-1,0,1,-1,0,0,0,0,0,1,-1,0,0
2434,0,1,0,1,0,0,-1,0,0,1,0,1,0,1,1,0,0,0,1,0,0,0,1,0,0,1,0,0,0,0,0,1,0,0,0,1,0,0,-1,0,0,1,0,-1,0,1,-1,0,0,0,0,1,0,1,-1,0,-1,0,0,0,0,0,0,0
2435,0,-1,0,0,0,0,1,0,-1,0,0,0,0,1,0,0,0,0,-1,0,0,-1,0,-1,0,0,0,0,-1,0,0,0,0,0,0,0,0,0,1,0,0,0,0,0,-1,-1,1,0,0,0,0,-1,-1,0,0,0,0,0,-1,0,0,0,0,0
2436,0,0,-1,0,1,0,0,0,0,0,0,1,1,0,0,0,0,-1,0,1,1,0,0,1,0,0,1,1,0,0,0,0,0,0,0,0,0,0,0,0,-1,0,0,0,0,-1,0,0,-1,0,0,-1,0,0,0,0,0,0,0,0,0,1,0,1
2437,-1,0,1,-1,-1,0,1,0,0,1,0,1,0,0,0,0,1,0,0,0,1,0,-1,0,0,0,0,0,0,-1,0,0,1,1,0,0,0,-1,0,1,0,0,1,0,0,0,-1,0,0,0,-1,0,0,0,0,0,0,0,0,0,1,0,0,0
2438,-1,0,0,0,1,0,0,0,0,0,0,0,0,1,0,-1,-1,0,1,1,0,0,0,1,1,0,0,0,0,0,0,1,1,0,1,0,-1,0,0,0,0,0,0,-1,0,0,0,0,1,0,-1,0,0,0,-1,1,0,0,-1,0,0,0,-1,1
2439,-1,0,0,-1,0,1,0,0,1,0,1,1,0,0,0,0,0,0,0,0,0,1,0,0,-1,0,0,0,0,0,0,1,0,0,0,1,0,-1,-1,-1,0,-1,-1,-1,1,0,1,0,-1,0,0,0,-1,0,1,0,0,0,0,1,1,-1,-1,1
2440,0,1,1,0,0,0,0,1,0,0,0,1,-1,-1,0,0,1,0,0,1,0,1,1,0,0,1,1,-1,0,0,0,1,0,1,0,0,0,-1,-1,0,0,0,-1,0,0,0,0,0,1,0,-1,0,0,-1,0,0,1,0,0,0,0,-1,0,0
2441,0,-1,0,1,-1,0,-1,0,1,0,0,1,0,1,-1,0,1,0,0,0,1,0,1,0,0,-1,-1,0,-1,0,0,0,0,0,0,0,1,0,1,0,-1,0,0,1,-1,-1,0,0,0,-1,0,0,1,0,0,0,0,0,0,1,0,0,0,0
2442,0,0,0,-1,-1,0,1,1,-1,0,0,0,-1,-1,0,0,0,0,0,0,0,0,0,-1,0,-1,-1,0,0,0,0,0,-1,0,0,0,1,1,-1,-1,0,0,-1,0,0,0,-1,0,0,0,0,1,-1,1,1,0,-1,0,0,0,0,-1,1,1
2443,0,-1,1,0,0,0,0,1,0,0,0,1,-1,0,0,0,0,-1,0,0,0,0,1,0,-1,0,0,0,0,0,0,0,0,0,0,-1,-1,1,0,0,1,0,0,1,-1,0,0,0,0,1,0,1,0,1,0,0,0,1,0,-1,0,0,-1,1
2444,-1,-1,0,0,0,0,0,0,0,0,0,0,0,0,1,-1,1,0,0,0,0,0,0,1,1,0,0,0,-1,1,1,0,-1,0,1,0,1,0,0,0,1,-1,1,0,0,0,0,-1,0,0,0,0,1,0,0,0,-1,0,0,0,-1,0,-1,0
2445,-1,1,0,0,0,0,0,0,1,0,0,0,0,-1,1,0,0,0,-1,1,0,0,1,0,0,0,-1,0,0,0,0,1,0,0,0,0,-1,0,0,0,1,1,0,0,-1,0,1,0,0,1,0,0,1,0,1,-1,0,0,1,0,0,0,0,0
2446,0,1,-1,0,-1,0,1,-1,0,1,0,0,0,0,0,1,-1,-1,0,-1,1,-1,0,-1,1,1,0,0,0,-1,0,0,0,0,0,0,0,1,1,0,1,0,1,0,0,0,0,1,0,0,-1,0,1,1,0,0,1,-1,0,0,1,0,0,0
2447,0,1,0,-1,0,0,1,0,1,-1,0,1,0,0,0,0,0,0,0,1,1,0,0,0,0,0,0,1,0,0,1,0,1,0,0,0,0,0,0,1,0,0,0,0,0,0,0,1,0,0,-1,0,1,1,0,1,-1,0,-1,1,1,1,0,0
2448,0,0,0,-1,0,0,0,1,1,0,0,-1,-1,-1,0,0,1,0,0,0,-1,0,0,1,0,-1,0,0,-1,1,0,0,1,0,1,1,1,0,0,1,-1,0,0,0,-1,0,-1,-1,0,0,1,0,0,0,0,0,0,0,0,-1,1,0,1,0
2449,0,-1,1,0,0,0,0,0,0,1,0,0,1,0,-1,0,0,0,0,-1,0,0,0,0,0,-1,0,0,0,0,-1,0,-1,1,0,0,0,-1,0,0,0,1,1,0,0,0,0,1,0,0,1,0,0,1,0,0,-1,0,0,0,0,-1,0,0
2450,-1,0,0,1,1,0,1,1,0,1,1,0,0,1,0,1,0,0,0,0,1,0,1,0,0,0,0,0,0,-1,1,-1,0,-1,-1,1,0,1,-1,0,0,0,0,0,1,0,0,0,0,0,0,0,0,-1,1,0,1,0,1,1,1,0,1,-1
2451,0,0,-1,0,0,-1,0,-1,0,0,0,-1,-1,0,0,0,0,0,0,0,0,0,0,0,0,0,0,0,1,0,-1,0,1,0,1,0,0,1,1,0,0,-1,0,0,0,1,-1,0,-1,0,0,0,1,0,-1,1,1,0,0,0,0,0,0,0
2452,0,1,1,0,0,1,-1,0,0,-1,-1,1,0,1,0,1,-1,0,0,0,0,-1,0,-1,1,0,-1,0,1,1,1,-1,0,0,1,0,1,-1,0,0,0,0,0,0,-1,0,0,0,0,1,0,-1,1,-1,1,0,0,0,1,-1,0,0,0,-1
2453,0,0,-1,1,0,0,0,0,1,0,0,1,0,0,0,-1,-1,0,0,0,1,-1,0,0,0,-1,0,-1,0,0,-1,0,0,0,0,-1,0,0,0,0,0,0,1,-1,0,-1,0,0,1,0,0,0,0,0,0,0,0,1,1,0,0,0,-1,0
2454,0,0,0,0,0,0,0,1,1,0,0,0,0,0,0,1,1,1,0,1,0,0,0,0,1,0,0,0,-1,0,-1,-1,0,-1,0,0,0,-1,0,0,0,1,-1,0,0,0,0,0,1,0,0,0,-1,0,0,0,0,0,0,0,1,0,0,-1
2455,1,0,0,0,0,0,0,1,0,0,0,1,0,0,0,1,0,-1,1,0,0,-1,0,0,-1,0,0,-1,0,0,-1,0,1,-1,0,0,0,0,0,0,0,0,1,0,1,0,-1,0,0,0,0,0,1,0,0,0,-1,0,0,0,0,-1,0,0
2456,1,0,1,-1,1,1,0,-1,0,-1,0,0,0,0,0,0,0,0,0,0,0,0,0,-1,1,1,0,-1,0,0,0,0,0,0,0,1,0,0,0,0,0,0,0,1,0,0,1,0,0,0,0,0,1,-1,0,-1,0,0,-1,0,0,-1,-1,0
2457,0,0,-1,0,-1,0,0,0,1,0,0,0,0,0,0,0,0,-1,0,-1,0,-1,0,0,0,0,0,0,0,0,0,-1,-1,0,0,-1,0,-1,1,0,1,0,-1,-1,0,0,1,0,0,0,0,0,0,0,-1,1,1,0,0,0,0,0,0,0
2458,0,0,0,-1,0,0,1,0,0,-1,0,0,-1,0,0,-1,-1,0,0,-1,0,0,1,0,0,0,0,1,1,1,0,-1,0,0,0,-1,0,0,0,0,1,0,0,1,-1,0,-1,0,0,0,0,1,0,0,0,0,-1,1,0,1,-1,0,-1,1
2459,1,0,0,0,-1,-1,0,1,-1,0,0,0,0,0,0,0,0,0,0,0,1,0,0,1,1,0,1,1,0,-1,0,-1,0,0,0,-1,0,1,-1,0,0,0,0,0,-1,0,0,0,0,0,0,0,0,0,0,0,0,0,0,0,1,0,1,1
2460,0,1,1,0,0,1,-1,-1,1,0,0,0,0,0,0,1,-1,0,1,0,0,-1,0,0,1,0,0,0,0,0,0,0,0,0,0,0,0,0,0,0,0,-1,0,0,0,0,-1,1,1,0,0,0,0,0,0,1,0,1,0,-1,1,0,0,-1
2461,0,0,0,0,0,0,1,0,-1,0,0,0,0,0,0,0,0,0,0,1,0,-1,0,-1,0,-1,0,-1,0,0,1,0,0,-1,0,-1,1,0,0,-1,-1,0,0,-1,0,1,0,1,0,1,0,0,1,0,0,0,0,0,1,0,0,-1,0,0
2462,0,0,1,0,0,0,0,0,0,0,0,0,0,0,0,0,-1,-1,0,0,0,-1,-1,0,0,0,0,1,0,0,0,-1,-1,0,0,0,0,0,1,1,0,-1,-1,0,-1,-1,-1,0,0,0,0,0,0,0,0,0,-1,1,-1,0,0,0,0,-1
2463,1,0,0,-1,0,0,-1,0,1,1,0,-1,0,0,0,1,0,1,1,0,0,0,0,-1,0,-1,0,0,-1,-1,0,-1,0,0,1,0,0,0,0,0,0,-1,0,-1,0,0,0,1,-1,0,-1,0,0,0,0,-1,0,0,1,1,0,-1,1,1
2464,-1,0,0,0,1,0,0,0,0,0,0,0,-1,0,0,1,1,0,0,0,0,0,0,0,0,0,-1,1,-1,-1,1,0,1,0,0,0,0,0,0,0,1,0,1,-1,-1,0,0,0,0,-1,-1,-1,-1,0,0,-1,0,0,0,0,1,0,0,0
2465,0,0,0,-1,1,0,-1,-1,0,0,0,1,0,1,0,0,-1,-1,0,0,0,1,0,1,0,0,0,1,0,0,0,-1,0,1,-1,0,1,0,1,0,0,1,0,0,0,-1,0,1,0,0,0,0,0,-1,0,0,0,1,0,1,0,0,0,0
2466,0,-1,0,0,0,0,0,0,-1,-1,-1,1,1,0,-1,-1,0,0,1,-1,0,0,0,0,0,1,0,-1,-1,1,-1,1,0,0,0,0,-1,1,0,0,0,0,0,1,1,0,0,0,-1,0,0,0,-1,0,-1,0,-1,-1,1,1,0,0,1,-1
2467,0,0,0,0,0,0,0,0,-1,0,0,0,1,0,1,-1,0,0,-1,0,0,0,-1,-1,0,0,0,0,0,0,1,1,0,0,0,1,0,1,1,1,0,0,0,0,0,0,-1,0,-1,1,0,0,1,-1,0,-1,-1,-1,1,0,1,-1,0,0
2468,0,0,1,0,0,0,0,0,0,0,0,0,0,0,0,-1,0,1,0,-1,0,0,0,0,0,0,0,0,0,0,0,0,0,0,0,0,-1,1,0,1,1,0,0,0,0,-1,-1,0,1,1,0,0,1,0,-1,0,0,1,-1,0,0,1,0,0
2469,0,0,-1,0,0,-1,1,0,0,-1,0,1,0,-1,0,0,0,0,-1,0,0,0,0,0,0,-1,0,0,1,0,0,0,1,0,0,0,-1,0,1,0,-1,0,0,1,1,0,0,0,0,-1,-1,0,1,1,-1,1,0,0,1,0,0,1,0,0
2470,0,-1,0,0,-1,0,0,0,0,-1,0,0,0,1,0,0,1,1,1,0,0,0,-1,0,-1,-1,0,0,0,0,-1,0,-1,1,0,0,0,0,0,1,0,0,0,0,-1,0,1,1,0,0,1,0,0,1,0,0,0,0,0,1,0,0,0,1
2471,0,0,0,0,0,0,1,1,0,1,1,0,1,0,0,0,1,0,0,0,0,0,0,0,0,0,0,0,0,-1,0,0,-1,0,0,1,-1,0,0,0,0,0,0,0,0,0,0,-1,0,0,1,0,0,0,1,0,0,0,-1,1,-1,-1,0,0
2472,0,1,0,0,-1,0,1,1,0,1,-1,-1,0,0,-1,-1,-1,1,1,0,-1,1,0,0,1,0,0,0,1,0,0,0,0,-1,0,-1,1,0,-1,1,0,0,0,1,0,0,0,0,0,1,0,0,0,0,0,0,0,0,0,0,-1,0,0,1
2473,1,1,0,-1,0,1,0,0,0,-1,-1,0,1,0,-1,-1,-1,0,0,0,1,-1,0,0,1,1,1,0,0,-1,-1,0,0,-1,0,0,0,0,1,0,0,1,0,1,0,1,-1,0,0,0,0,1,0,0,0,1,0,0,0,1,1,0,0,0
2474,0,1,0,1,-1,-1,1,0,-1,-1,-1,-1,1,0,-1,1,1,-1,0,0,0,0,-1,-1,-1,0,1,1,0,-1,0,0,0,0,0,0,1,0,0,1,0,0,0,0,0,0,0,0,0,0,0,0,0,0,0,0,0,0,0,1,0,0,0,0
2475,0,1,0,0,0,0,0,0,0,0,0,0,-1,0,0,0,0,-1,0,-1,1,0,0,-1,0,0,0,0,0,1,0,1,0,0,0,1,-1,0,1,0,0,0,0,1,0,0,0,0,0,0,1,-1,0,0,-1,0,1,0,0,0,1,0,1,-1
2476,1,0,1,0,-1,0,0,0,1,0,0,0,0,0,0,0,1,0,-1,0,0,1,1,-1,1,0,1,0,0,1,0,1,0,0,0,0,0,0,0,0,0,1,1,1,1,1,0,0,0,1,0,0,0,-1,1,0,0,-1,1,1,0,0,0,0
2477,1,0,1,-1,0,0,0,0,0,0,0,0,-1,1,1,0,1,0,0,0,-1,1,0,-1,0,0,0,0,-1,1,0,0,-1,0,0,0,0,0,0,1,0,0,0,0,1,0,0,0,0,0,0,-1,1,0,1,1,0,0,1,1,0,0,0,-1
2478,-1,0,0,0,-1,-1,1,-1,0,-1,-1,0,1,1,0,1,0,0,0,0,1,0,0,0,-1,1,0,-1,0,-1,0,0,-1,0,0,0,1,0,0,0,0,1,0,0,-1,0,0,0,0,-1,0,0,0,0,-1,0,0,0,0,1,0,0,0,1
2479,0,-1,0,1,0,0,0,-1,0,0,0,0,-1,0,0,0,0,0,0,0,0,1,-1,0,-1,0,1,-1,0,0,0,0,0,0,0,-1,-1,0,0,1,0,0,0,0,-1,-1,0,0,0,1,0,-1,0,0,0,0,0,0,0,0,1,1,0,1
2480,-1,0,-1,-1,0,0,1,0,-1,0,1,0,0,0,0,0,0,-1,0,1,0,0,0,0,0,0,-1,-1,-1,-1,0,0,0,-1,0,0,1,1,0,0,-1,0,0,0,-1,0,1,0,-1,0,0,0,0,-1,0,0,0,-1,0,0,0,0,0,0
2481,0,0,0,0,0,-1,0,0,0,0,0,0,0,-1,0,0,0,1,0,0,-1,0,0,1,0,0,1,1,0,0,1,0,0,-1,0,0,0,1,-1,0,0,0,-1,1,1,0,-1,1,0,1,-1,1,0,-1,-1,0,0,0,1,-1,-1,-1,1,0
2482,0,0,0,0,0,0,0,0,0,0,1,1,0,0,0,0,-1,0,0,-1,-1,0,0,0,0,0,0,0,-1,1,0,0,1,-1,0,-1,0,-1,0,0,0,0,0,0,0,0,0,0,-1,-1,0,-1,0,-1,0,0,0,0,0,1,0,0,1,0
2483,0,1,0,-1,0,-1,-1,0,0,0,1,0,0,0,1,0,0,0,0,0,0,-1,-1,0,0,-1,1,0,-1,0,1,0,0,-1,0,0,1,1,0,1,0,-1,-1,0,0,0,0,0,1,1,-1,-1,0,-1,1,0,-1,0,0,-1,0,-1,0,0
2484,0,0,0,0,0,1,0,0,0,1,0,-1,1,1,-1,0,-1,0,0,-1,0,0,0,1,0,1,0,0,0,-1,0,0,-1,0,1,-1,0,1,1,0,1,0,-1,0,1,0,0,-1,0,0,0,0,0,0,0,0,0,0,0,0,1,0,0,1
2485,0,0,0,1,1,0,-1,0,1,0,0,0,0,-1,1,0,0,0,0,0,0,1,-1,0,1,0,0,0,1,0,0,0,1,-1,-1,1,1,0,0,-1,0,0,0,0,0,-1,0,0,-1,0,1,0,1,-1,0,0,-1,0,0,0,0,0,1,0
2486,0,1,1,0,0,0,1,0,0,0,0,1,1,-1,0,0,1,0,0,-1,-1,0,0,0,0,0,0,0,0,0,0,-1,1,0,1,1,0,0,0,0,-1,1,0,0,1,0,0,0,0,0,1,0,1,1,1,0,0,0,1,0,0,0,0,-1
2487,0,0,1,1,0,-1,0,1,0,0,1,0,0,-1,0,0,1,0,1,0,-1,1,-1,0,0,-1,0,0,0,0,0,0,0,0,0,0,-1,0,0,0,0,0,0,0,0,0,0,0,-1,0,0,1,0,1,1,0,1,1,-1,0,0,0,0,0
2488,1,0,0,1,1,0,0,0,-1,0,0,0,1,0,1,-1,1,0,-1,0,1,1,0,0,0,-1,-1,0,-1,0,0,0,-1,0,-1,0,0,1,0,0,0,1,0,0,0,0,-1,-1,0,0,0,0,-1,0,0,0,0,-1,0,0,-1,-1,0,0
2489,0,0,0,0,0,0,0,0,0,0,0,0,0,-1,0,1,1,0,1,0,0,0,0,0,-1,0,0,0,0,0,0,-1,0,0,1,0,0,0,0,-1,0,1,1,0,1,0,0,1,0,0,1,-1,1,0,0,0,0,0,0,1,0,0,0,-1
2490,0,-1,0,1,0,0,0,0,-1,1,0,0,0,-1,0,-1,0,0,0,0,0,-1,0,0,-1,-1,0,0,0,0,-1,-1,0,-1,-1,-1,0,0,-1,0,-1,1,-1,0,0,0,-1,-1,0,0,0,0,0,0,0,0,1,0,1,0,0,0,1,0
2491,0,-1,0,0,0,1,-1,0,0,0,-1,0,0,1,0,0,0,-1,0,-1,0,1,0,0,0,0,0,0,0,1,1,1,0,0,0,0,0,0,0,0,0,0,0,0,1,1,0,0,-1,0,0,-1,-1,0,0,0,0,1,0,-1,0,0,-1,0
2492,1,-1,-1,-1,0,0,1,-1,-1,0,1,0,0,0,0,0,0,-1,0,-1,0,0,0,0,0,0,0,-1,0,-1,0,0,1,0,1,0,0,1,0,0,0,1,0,0,0,1,1,0,-1,0,0,0,0,-1,0,0,0,0,-1,0,0,1,0,0
2493,0,0,1,0,0,1,0,0,0,-1,0,-1,0,0,0,0,0,0,-1,0,0,1,0,0,1,0,-1,0,0,-1,0,-1,0,-1,0,0,0,-1,0,-1,0,1,-1,0,0,0,0,0,0,-1,-1,0,0,0,0,0,0,1,-1,0,0,-1,1,0
2494,0,0,0,0,0,-1,-1,-1,-1,0,0,0,0,1,1,0,1,1,0,0,0,0,0,0,0,0,0,0,0,0,0,1,0,1,0,1,1,1,0,0,0,0,1,0,0,0,0,0,0,0,0,-1,0,0,0,0,-1,1,0,0,0,0,0,0
2495,1,0,0,0,0,0,1,0,0,0,0,0,0,0,1,-1,1,1,-1,0,0,0,0,-1,-1,0,0,0,0,-1,0,0,0,0,0,0,1,0,0,0,-1,-1,0,0,0,-1,1,0,0,0,1,-1,0,0,0,0,0,0,0,-1,-1,-1,0,1
2496,0,-1,0,0,-1,0,0,0,0,0,-1,0,0,0,1,0,0,0,0,0,-1,0,0,0,0,-1,-1,1,0,0,0,0,-1,1,0,0,0,0,0,1,0,0,-1,0,0,0,0,0,0,0,0,0,0,0,0,0,1,0,0,0,0,0,0,1
2497,0,0,-1,0,0,0,0,-1,0,0,-1,0,-1,0,1,0,-1,-1,0,0,0,0,0,0,-1,0,0,0,0,-1,1,0,0,0,0,-1,0,1,0,1,1,0,0,0,1,0,0,0,0,0,0,0,0,1,0,1,0,0,0,0,0,0,1,0
2498,-1,0,-1,0,0,1,-1,0,1,0,-1,0,1,0,0,0,0,-1,0,-1,0,0,-1,0,0,1,0,1,0,0,1,-1,1,0,0,-1,1,0,-1,0,-1,1,-1,0,-1,0,1,0,0,1,0,0,1,1,0,-1,0,1,0,0,-1,0,-1,0
2499,0,1,0,0,1,0,0,0,0,0,1,0,0,0,1,1,0,0,0,0,-1,0,-1,0,-1,0,0,0,-1,-1,0,1,0,0,-1,0,0,1,1,0,-1,0,0,-1,0,0,0,-1,0,-1,0,-1,0,0,0,0,-1,0,1,0,0,0,0,0
2500,1,0,-1,0,0,0,0,0,0,0,0,0,0,0,1,0,0,0,0,0,0,0,0,-1,1,0,0,1,0,0,0,0,0,1,0,1,0,0,0,1,0,1,1,0,-1,0,0,0,-1,0,0,-1,0,-1,0,0,0,0,0,0,0,0,0,-1
2501,0,0,0,0,1,0,-1,1,0,0,0,0,-1,0,0,-1,0,0,0,1,1,0,0,0,-1,1,1,0,0,0,0,1,0,1,-1,0,1,0,0,0,0,1,0,-1,0,0,0,-1,0,0,1,-1,1,0,0,0,-1,0,1,0,0,0,1,0
2502,0,0,-1,0,0,1,-1,0,-1,1,0,0,0,0,1,0,0,-1,0,0,1,0,0,0,0,0,1,0,-1,0,0,0,0,-1,0,1,0,0,0,0,-1,0,0,-1,-1,0,0,0,0,0,0,0,0,1,-1,1,0,-1,1,0,0,1,0,0
2503,0,-1,1,0,0,0,0,1,0,0,0,0,0,1,0,0,-1,0,-1,1,0,0,0,0,-1,0,1,1,-1,-1,0,-1,-1,1,0,0,0,0,0,-1,0,-1,0,0,1,0,0,0,-1,1,0,0,0,-1,0,0,1,0,0,0,0,0,1,-1
2504,0,-1,0,0,1,0,0,1,0,0,0,0,0,1,1,1,0,0,0,0,0,-1,-1,0,0,0,0,0,1,0,0,0,0,0,0,0,1,0,0,-1,0,0,0,1,-1,0,0,0,1,0,0,0,0,0,1,-1,0,0,1,0,0,0,1,-1
2505,0,0,0,1,0,0,0,0,0,1,1,0,0,0,-1,1,1,1,0,0,-1,0,0,1,0,-1,0,1,1,0,0,1,-1,-1,0,-1,0,-1,-1,0,0,0,0,0,0,0,1,0,-1,0,0,1,0,0,0,-1,0,0,0,1,1,-1,0,0
2506,0,0,0,0,0,0,0,0,1,0,0,0,1,0,0,0,-1,0,-1,0,0,-1,0,0,-1,0,0,0,0,1,0,1,1,0,0,0,0,0,0,0,0,0,1,0,1,0,0,0,0,0,0,-1,0,0,1,0,-1,0,0,0,1,0,0,0
2507,1,0,0,0,0,0,0,0,1,0,0,0,0,0,1,0,0,0,0,0,0,0,0,0,-1,0,1,0,0,0,0,0,1,1,0,0,0,0,0,0,0,0,0,1,0,0,1,-1,0,0,1,0,0,0,-1,-1,0,0,0,-1,1,-1,0,-1
2508,0,0,-1,0,0,0,0,1,-1,0,0,0,0,0,0,1,0,0,1,0,0,0,0,0,0,-1,0,1,-1,0,-1,1,0,0,0,1,1,0,0,0,-1,0,-1,0,1,0,0,-1,0,1,-1,0,0,0,0,1,-1,0,-1,0,0,0,0,1
2509,0,0,0,-1,1,-1,1,0,0,0,0,0,1,1,0,0,0,0,0,0,0,0,0,0,0,0,-1,0,0,0,0,-1,0,0,0,0,1,0,0,0,1,0,0,0,0,-1,1,0,-1,0,1,-1,0,1,-1,1,0,-1,0,0,0,0,0,0
2510,0,0,0,0,1,-1,-1,1,0,0,0,0,0,0,1,1,1,0,1,0,-1,1,-1,0,-1,1,0,0,0,-1,0,0,-1,1,0,0,1,0,0,0,1,0,0,-1,-1,1,-1,1,0,0,0,1,0,0,0,1,1,1,0,0,0,0,0,0
2511,-1,0,-1,0,-1,1,1,1,0,-1,0,0,0,0,-1,0,1,0,0,0,0,0,0,0,0,0,0,-1,-1,0,0,0,0,-1,0,-1,0,0,0,0,0,-1,1,0,0,0,-1,0,0,1,0,1,0,0,-1,0,0,1,0,1,-1,1,0,0
2512,0,0,1,0,-1,0,0,-1,0,-1,0,-1,0,0,0,0,0,1,0,0,-1,-1,0,1,0,1,0,0,0,0,0,0,0,0,-1,0,1,-1,0,0,1,0,0,0,0,0,1,0,1,-1,1,0,0,1,0,0,0,0,-1,0,-1,0,0,0
2513,0,1,0,1,1,0,0,0,0,0,0,0,-1,0,1,0,0,-1,1,0,0,-1,0,-1,1,0,-1,0,0,1,0,1,-1,0,-1,-1,1,0,1,0,0,-1,1,0,0,0,1,0,0,0,0,-1,0,0,1,0,0,0,-1,0,0,0,0,0
2514,0,-1,0,0,1,0,1,1,1,1,0,0,-1,0,0,0,-1,1,0,0,0,0,0,0,0,0,0,0,0,1,0,-1,0,1,0,0,0,0,-1,0,0,0,1,0,0,0,0,1,0,0,-1,0,0,0,0,0,0,-1,0,-1,1,0,0,0
2515,0,0,-1,0,0,1,0,0,-1,0,0,0,0,0,0,0,0,0,0,1,0,0,1,1,1,0,0,0,0,0,0,0,0,0,1,1,1,1,0,0,1,1,1,1,0,0,0,1,0,0,0,0,1,0,0,0,0,-1,0,-1,0,1,0,0
2516,0,0,-1,0,0,-1,0,-1,-1,0,0,0,0,-1,0,0,0,0,-1,1,0,1,0,0,0,0,0,0,0,0,0,-1,-1,0,0,-1,0,-1,1,0,1,0,0,0,0,0,1,0,1,0,0,0,0,0,0,0,0,1,-1,0,-1,0,0,0
2517,0,0,0,0,0,0,0,0,0,0,-1,0,-1,1,0,0,1,0,-1,0,1,0,0,0,1,1,-1,0,0,0,-1,-1,0,1,0,0,0,0,0,0,0,1,0,0,0,0,0,-1,0,-1,0,-1,0,1,0,1,0,0,1,0,0,0,0,0
2518,0,0,0,0,0,0,1,0,0,0,1,0,0,0,0,0,0,0,0,0,0,-1,-1,0,0,-1,0,0,0,0,0,0,0,0,0,0,0,1,0,1,0,0,0,1,0,0,1,1,1,0,0,-1,0,1,0,0,1,0,0,0,0,0,1,0
2519,0,0,-1,0,1,0,0,1,0,0,-1,1,0,-1,0,-1,-1,1,0,-1,1,-1,1,0,0,0,-1,-1,0,0,1,-1,0,0,-1,0,1,-1,-1,-1,0,0,0,0,1,1,0,0,0,0,0,0,0,1,0,0,1,0,1,-1,0,0,0,0
2520,0,0,0,1,0,0,0,1,1,0,0,0,0,0,0,0,0,-1,0,1,0,0,-1,1,-1,0,0,0,-1,0,0,-1,0,0,0,0,1,0,-1,0,0,0,0,1,0,0,0,1,0,0,0,0,-1,1,1,0,0,-1,-1,1,1,-1,0,0
2521,-1,0,0,0,0,1,0,-1,0,0,0,0,0,-1,0,0,-1,0,0,0,0,0,0,0,0,0,1,0,0,-1,0,-1,-1,0,0,0,0,0,0,0,1,0,1,1,0,-1,0,0,0,0,1,-1,0,0,1,-1,0,0,-1,0,0,0,1,-1
2522,0,0,-1,1,-1,0,0,-1,0,1,-1,0,0,0,0,0,-1,0,-1,1,0,0,0,-1,0,0,-1,1,0,0,0,0,0,0,-1,0,0,0,0,0,0,-1,1,0,1,0,0,0,0,0,0,0,0,-1,0,0,0,0,0,0,0,-1,0,0
2523,1,0,0,-1,-1,0,0,-1,0,0,-1,0,-1,-1,0,0,1,0,1,0,-1,0,0,0,0,0,0,-1,-1,1,0,0,0,1,-1,0,-1,0,0,0,0,0,0,0,1,0,0,1,0,0,0,1,-1,1,0,0,1,1,0,0,-1,0,0,0
2524,-1,0,0,0,-1,0,-1,0,0,-1,0,0,0,0,0,1,0,0,0,0,0,1,1,0,-1,-1,0,0,0,0,0,0,0,0,0,-1,-1,0,0,1,0,0,0,-1,0,0,0,0,0,-1,0,0,0,0,0,-1,0,1,0,0,1,0,-1,-1
2525,1,0,0,0,-1,0,0,1,0,-1,1,1,1,0,0,0,0,-1,0,0,0,-1,0,-1,0,0,0,0,0,0,0,0,0,1,-1,0,0,0,0,0,-1,0,0,-1,0,0,0,-1,1,0,0,0,0,0,0,0,1,-1,1,1,0,-1,1,-1
2526,0,-1,0,0,0,0,0,0,0,0,0,0,0,-1,0,1,0,1,0,0,0,0,0,0,0,0,0,0,-1,-1,0,0,0,0,0,0,0,0,0,0,-1,0,1,0,0,-1,0,-1,0,0,0,0,0,-1,0,0,0,0,1,1,0,0,0,0
2527,1,-1,0,-1,-1,0,0,-1,-1,0,0,0,0,0,0,0,0,1,-1,0,0,0,-1,-1,0,0,0,0,0,0,-1,1,-1,1,0,0,0,1,0,-1,0,0,0,0,0,0,0,1,0,0,0,0,0,0,0,0,0,0,0,0,0,0,0,0
2528,0,-1,0,-1,0,0,0,0,0,-1,0,-1,0,0,-1,0,0,0,0,0,-1,-1,-1,0,1,0,0,0,0,0,0,0,0,-1,0,0,-1,-1,0,0,0,0,1,0,0,0,0,0,1,0,0,-1,-1,0,0,0,0,-1,1,0,1,0,-1,0
2529,0,-1,1,0,0,0,0,1,1,0,0,0,1,0,0,0,0,-1,0,-1,-1,0,0,0,0,0,1,1,0,1,0,0,0,0,1,0,-1,1,-1,0,0,0,1,1,0,0,0,-1,0,0,0,-1,0,-1,0,1,0,0,0,-1,0,0,0,0
2530,1,1,-1,0,0,1,0,0,1,-1,1,0,0,1,0,1,-1,-1,0,0,0,0,0,1,0,1,0,0,-1,-1,0,-1,0,0,-1,1,1,0,0,0,1,0,0,0,0,0,0,0,1,0,1,-1,0,0,0,1,0,0,1,0,0,0,-1,0
2531,1,0,-1,0,0,-1,0,-1,0,-1,0,0,0,0,0,0,1,0,1,0,0,-1,0,0,0,0,0,0,1,0,0,0,0,0,0,0,0,0,1,-1,1,1,0,0,-1,0,1,-1,0,0,0,0,1,1,0,1,-1,0,0,0,-1,1,-1,0
2532,-1,1,-1,0,0,0,1,-1,-1,0,0,0,0,0,0,0,0,0,0,-1,-1,0,0,-1,0,0,1,0,1,0,-1,0,0,0,0,1,0,0,1,-1,-1,0,0,1,-1,-1,0,0,-1,0,0,0,0,0,-1,1,0,0,0,0,0,0,1,-1
2533,0,-1,0,1,-1,0,0,1,0,1,0,1,-1,0,0,0,0,0,-1,0,0,-1,0,0,0,0,1,0,-1,0,0,0,1,0,-1,1,0,1,1,1,0,-1,0,1,0,0,0,1,0,0,0,0,0,-1,0,-1,-1,0,0,0,-1,0,-1,0
2534,1,1,0,0,0,-1,0,0,1,0,0,1,0,0,0,0,0,-1,-1,0,0,-1,0,-1,0,1,0,0,-1,0,1,1,1,-1,1,1,0,-1,0,0,-1,0,0,0,1,0,1,0,0,0,0,0,0,0,0,1,1,0,-1,0,0,-1,0,0
2535,0,0,0,0,0,-1,0,-1,-1,0,0,0,0,1,0,1,-1,0,0,1,0,0,0,0,0,0,0,1,0,1,-1,0,0,0,0,0,-1,0,1,0,1,-1,-1,0,0,0,1,0,-1,0,0,0,1,0,0,0,-1,1,0,0,0,-1,0,1
2536,-1,0,0,1,0,0,0,1,0,0,0,0,-1,0,0,0,1,1,1,0,0,0,0,0,-1,0,0,-1,0,-1,0,0,0,-1,0,0,0,0,0,1,-1,0,-1,1,0,1,0,0,-1,1,0,0,0,0,0,-1,1,0,0,0,0,0,0,0
2537,-1,0,0,0,1,0,0,0,-1,0,1,0,0,-1,0,0,0,-1,0,0,0,0,-1,-1,0,-1,1,0,0,0,-1,0,0,0,0,0,0,0,0,0,1,1,1,0,-1,0,-1,0,-1,0,0,0,0,-1,0,0,0,0,1,-1,0,0,1,-1
2538,0,0,-1,0,0,0,0,0,1,0,0,0,0,0,1,-1,0,0,1,-1,0,0,-1,0,0,0,-1,-1,0,0,0,-1,0,0,1,-1,-1,0,0,0,-1,-1,1,1,0,1,1,-1,0,-1,0,0,0,-1,0,0,0,1,0,0,1,-1,0,-1
2539,0,0,0,0,0,0,-1,0,0,1,1,-1,0,0,0,0,0,0,0,0,0,0,-1,0,0,0,-1,0,0,0,0,0,-1,-1,-1,0,0,0,-1,0,-1,0,0,-1,0,0,1,1,0,0,-1,0,-1,-1,0,-1,0,0,0,0,0,0,0,0
2540,0,0,0,0,0,0,0,0,0,0,0,-1,1,0,0,0,0,1,0,-1,0,0,0,0,0,1,0,1,1,0,-1,0,1,0,0,1,0,0,0,0,0,0,0,0,-1,0,0,-1,0,1,-1,0,0,1,0,0,0,-1,-1,0,0,1,0,0
2541,-1,0,0,1,0,-1,0,0,0,1,0,0,-1,0,0,0,-1,0,-1,0,0,0,0,0,-1,0,1,-1,0,0,1,0,0,0,0,0,0,1,0,1,0,0,0,0,0,0,1,0,0,0,0,0,0,1,-1,-1,-1,1,0,0,1,0,0,-1
2542,-1,1,0,0,0,0,-1,0,0,-1,-1,0,0,-1,0,-1,0,0,0,0,1,0,0,0,0,0,0,0,0,0,0,0,0,0,1,-1,0,1,0,1,0,0,0,1,0,0,0,1,0,1,1,0,0,0,0,-1,0,0,-1,0,0,0,0,0
2543,1,-1,0,0,0,0,1,0,0,0,1,1,0,-1,0,0,0,0,0,0,-1,-1,0,0,0,0,0,0,-1,0,1,0,0,-1,0,0,0,0,0,1,0,0,0,1,0,0,0,-1,0,0,0,0,0,0,0,0,0,0,0,0,0,0,0,0
2544,0,0,0,1,0,-1,0,0,1,-1,0,1,0,0,0,0,0,0,0,0,0,1,0,0,0,1,0,1,-1,0,0,1,0,0,-1,-1,1,0,0,0,0,-1,-1,1,-1,0,1,-1,0,-1,0,-1,0,1,0,0,0,1,0,0,0,0,1,0
2545,0,-1,0,1,0,1,0,0,0,1,0,0,0,0,-1,-1,0,0,0,0,0,0,0,0,-1,0,1,0,0,0,0,0,0,1,0,0,0,0,-1,0,0,0,1,0,1,0,0,0,0,0,0,0,0,0,-1,-1,0,-1,-1,0,0,0,1,0
2546,0,1,0,-1,1,-1,0,0,0,0,0,0,0,0,0,-1,0,0,0,0,-1,0,-1,1,-1,0,0,0,1,0,0,-1,-1,-1,0,0,1,0,1,1,0,0,-1,-1,-1,0,-1,0,0,0,-1,0,0,0,0,0,1,0,0,-1,-1,1,-1,0
2547,-1,0,0,0,0,0,-1,0,0,0,-1,-1,1,0,1,0,0,-1,0,0,0,0,0,0,0,0,1,0,0,0,0,0,0,0,0,0,0,-1,0,0,0,1,1,0,0,0,0,0,0,0,0,0,0,1,-1,0,0,-1,0,0,0,0,0,1
2548,-1,0,1,0,-1,-1,0,0,0,-1,0,-1,0,-1,0,0,0,0,0,-1,0,1,1,0,0,0,0,0,0,-1,0,0,1,-1,0,-1,0,0,0,-1,0,0,0,0,0,0,0,0,1,-1,1,0,0,0,-1,-1,0,0,1,0,0,0,1,0
2549,1,1,0,1,0,0,0,0,-1,-1,1,0,0,0,-1,0,0,-1,1,0,0,0,0,0,0,1,0,0,-1,0,0,1,0,0,0,0,0,0,0,-1,0,0,-1,1,0,0,0,0,0,0,0,1,-1,0,0,0,0,0,0,0,0,0,0,-1
2550,0,1,0,1,1,0,0,0,0,1,1,0,1,0,1,0,1,-1,-1,-1,0,1,0,0,-1,1,0,0,0,0,0,0,1,0,-1,1,0,-1,-1,-1,0,0,0,0,-1,0,0,1,1,1,0,1,-1,0,0,-1,0,0,0,1,-1,0,-1,1
2551,0,0,0,0,-1,0,0,0,0,-1,0,-1,0,0,0,0,0,0,-1,1,0,1,-1,0,0,0,-1,0,0,0,0,0,1,0,-1,0,0,-1,-1,0,1,0,0,-1,1,0,1,0,0,0,0,0,-1,0,0,1,0,0,0,0,-1,0,0,0
2552,-1,1,0,0,-1,0,-1,1,0,0,0,0,-1,0,0,1,0,0,1,0,0,0,1,-1,0,0,0,0,0,-1,0,0,0,0,0,0,1,0,0,0,0,0,0,0,-1,0,1,0,0,1,0,0,0,-1,0,0,1,0,-1,0,0,0,1,0
2553,-1,0,0,0,0,0,-1,0,-1,-1,0,0,0,-1,-1,1,0,0,0,0,0,0,0,0,0,0,0,-1,0,0,0,0,-1,0,0,0,0,-1,0,0,0,0,0,-1,1,0,0,0,1,0,0,0,0,0,-1,-1,0,1,0,1,-1,1,0,1
2554,0,1,-1,0,0,-1,0,1,-1,-1,0,0,1,0,0,-1,0,0,0,0,0,0,0,0,0,0,0,-1,0,1,0,0,0,0,0,0,1,1,0,0,0,1,-1,1,1,-1,0,0,0,0,0,0,-1,0,1,-1,-1,0,-1,-1,0,-1,0,0
2555,0,0,0,0,1,-1,0,0,0,0,-1,0,0,0,-1,0,0,0,0,1,1,0,0,0,1,0,0,0,0,0,0,0,1,-1,0,0,0,0,-1,0,0,-1,0,0,1,0,0,0,1,0,0,0,-1,0,0,0,0,0,0,0,-1,0,0,-1
2556,0,0,1,-1,1,0,0,0,1,0,-1,0,1,0,0,0,0,-1,0,0,-1,1,0,0,0,-1,1,0,0,0,0,0,0,0,0,0,1,1,1,1,0,-1,0,0,0,-1,0,0,1,0,0,0,0,0,0,-1,1,-1,1,1,0,0,1,0
2557,0,0,0,0,-1,0,0,-1,1,-1,0,0,0,-1,0,-1,0,0,0,1,0,0,0,0,0,0,0,0,0,1,0,0,0,1,0,0,-1,0,0,1,1,0,0,1,-1,-1,-1,0,1,0,0,0,-1,0,0,0,-1,0,0,0,-1,0,0,1
2558,0,1,-1,0,0,1,1,0,0,0,1,0,-1,1,0,0,0,0,-1,0,0,-1,-1,0,-1,1,-1,0,0,0,1,0,-1,0,0,0,0,0,1,1,0,0,0,0,0,0,1,1,0,0,-1,-1,0,0,1,0,-1,0,1,0,1,-1,0,1
2559,-1,0,0,1,1,0,0,0,0,0,0,-1,0,0,0,0,0,0,0,-1,0,0,0,0,0,-1,-1,0,0,0,1,0,0,0,1,0,-1,-1,0,0,1,1,0,0,0,0,0,0,0,0,0,1,-1,0,1,0,0,0,0,0,1,0,0,1
2560,0,0,0,0,0,-1,0,0,1,-1,0,0,-1,0,0,0,0,0,-1,0,0,-1,0,0,0,0,1,1,0,0,-1,0,1,0,0,1,0,0,-1,1,1,-1,1,0,0,0,-1,0,0,0,-1,0,0,0,0,0,1,0,0,0,0,0,1,0
2561,0,-1,0,-1,0,0,1,0,1,0,0,0,1,0,0,0,0,-1,0,0,0,-1,0,0,-1,0,-1,0,1,-1,0,0,-1,1,0,1,0,0,0,0,0,0,0,0,0,0,-1,0,-1,0,1,0,0,0,0,0,0,0,0,0,0,0,-1,0
2562,0,0,0,1,0,0,1,1,0,-1,1,0,0,0,1,0,0,1,0,0,1,1,0,0,0,0,1,0,0,0,0,1,0,-1,-1,0,-1,0,0,1,0,0,0,0,-1,0,-1,0,0,-1,0,-1,1,0,0,0,0,-1,0,0,0,0,0,0
2563,0,-1,0,0,-1,-1,0,0,-1,0,-1,-1,-1,0,0,0,0,0,-1,0,1,0,0,0,1,-1,-1,1,0,1,0,0,0,0,1,0,0,0,0,1,-1,-1,0,0,1,-1,1,0,1,0,0,-1,0,-1,-1,0,-1,1,0,-1,0,0,0,1
2564,-1,-1,0,0,0,-1,0,-1,0,0,1,0,1,0,-1,0,0,0,0,0,0,0,0,0,0,1,0,0,0,0,-1,0,0,0,-1,-1,0,0,0,0,1,0,1,0,1,-1,-1,-1,0,0,1,0,0,0,0,0,1,0,-1,1,-1,0,0,0
2565,0,0,0,-1,1,0,0,0,-1,0,0,0,0,1,-1,0,1,0,0,1,0,0,0,1,0,-1,0,0,-1,-1,0,0,0,0,0,0,1,0,0,0,1,0,0,0,0,1,-1,0,0,-1,0,0,0,0,1,1,1,0,0,0,0,-1,-1,-1
2566,0,0,0,0,1,0,1,0,1,0,0,0,0,0,0,1,1,0,0,-1,-1,0,0,0,0,0,1,-1,-1,0,-1,0,-1,0,0,1,-1,1,0,0,0,0,1,0,-1,0,0,1,0,-1,0,0,0,-1,1,-1,-1,0,0,-1,0,0,1,0
2567,0,0,0,0,0,0,0,0,-1,0,0,0,0,0,0,-1,1,0,-1,0,0,0,1,1,0,0,1,0,1,0,0,0,0,0,-1,0,-1,-1,0,-1,0,0,0,1,0,0,0,1,1,1,0,0,0,1,0,0,-1,1,0,1,0,0,0,0
2568,1,0,0,1,1,0,1,0,0,0,0,0,0,1,1,0,-1,-1,0,0,0,0,0,0,0,0,0,0,0,1,0,0,0,1,0,0,0,0,0,1,0,-1,-1,-1,0,0,0,0,0,0,0,-1,0,0,0,1,1,0,-1,0,0,0,0,0
2569,0,0,-1,0,0,0,1,0,0,0,1,-1,0,0,0,1,1,-1,0,0,-1,0,0,0,1,0,0,1,0,0,0,-1,0,0,-1,0,1,0,0,0,-1,0,0,0,-1,0,0,0,0,1,0,1,0,-1,0,-1,0,-1,-1,0,0,0,0,0
2570,0,0,0,0,1,1,0,0,-1,0,0,0,-1,0,0,-1,0,0,0,0,1,0,0,0,0,0,-1,0,0,1,-1,0,0,0,1,-1,0,0,1,0,0,1,0,-1,1,-1,1,-1,0,-1,0,1,-1,0,0,0,1,0,0,1,0,-1,0,0
2571,1,-1,0,0,1,0,-1,0,1,-1,-1,-1,0,0,0,0,0,0,0,0,-1,-1,0,0,1,0,-1,0,-1,0,0,0,0,0,1,0,1,0,0,0,0,0,-1,0,0,0,0,-1,0,0,0,-1,0,0,0,0,0,1,-1,0,-1,0,1,0
2572,0,0,0,-1,0,-1,1,1,0,0,-1,0,1,0,0,0,0,0,-1,0,1,-1,-1,1,0,0,1,-1,0,-1,-1,1,0,0,0,0,0,0,0,0,-1,0,1,0,0,0,0,0,1,0,0,0,0,0,1,-1,0,-1,0,0,-1,1,0,1
2573,0,0,0,1,0,0,1,1,0,-1,-1,1,1,-1,0,0,0,-1,1,0,-1,0,0,0,0,-1,1,-1,1,1,0,1,-1,0,0,0,0,-1,0,0,1,0,0,0,-1,0,0,0,-1,-1,1,0,-1,0,0,1,0,1,0,0,0,1,1,0
2574,0,0,0,-1,0,0,0,0,1,0,-1,1,0,1,-1,0,0,1,-1,0,0,0,1,-1,1,1,1,0,0,0,0,0,0,0,0,0,-1,0,0,0,0,1,0,1,0,-1,0,0,0,-1,-1,-1,0,0,-1,-1,0,1,0,1,0,0,-1,-1
2575,0,1,-1,0,1,0,1,0,0,0,1,1,0,0,0,0,0,0,0,0,-1,0,0,0,0,0,0,0,0,0,0,1,0,1,0,-1,0,0,0,0,-1,0,0,0,0,0,0,1,0,0,-1,0,-1,-1,0,1,-1,0,1,-1,0,1,0,0
2576,0,-1,1,0,0,0,0,1,1,0,1,-1,0,1,0,0,0,0,-1,0,0,0,-1,0,0,0,-1,0,-1,-1,0,-1,1,0,0,0,1,1,-1,0,0,0,1,0,0,0,0,0,0,0,0,-1,-1,0,0,0,0,-1,-1,1,1,-1,-1,-1
2577,0,-1,-1,1,0,0,0,0,0,0,0,0,-1,0,0,0,1,0,0,1,0,0,-1,0,0,0,0,1,0,0,0,0,-1,0,0,0,0,1,1,1,1,0,0,0,0,0,-1,-1,1,-1,1,0,-1,0,0,-1,0,0,-1,0,0,1,1,0
2578,0,0,0,1,0,0,0,1,0,1,0,1,0,0,1,1,-1,0,0,-1,0,1,0,0,0,0,0,0,0,0,0,0,1,0,0,-1,0,-1,-1,0,0,1,0,0,0,0,0,0,0,0,-1,-1,1,0,0,0,0,1,-1,-1,1,1,0,0
2579,0,0,0,-1,1,-1,1,1,0,0,0,0,0,0,0,0,0,0,-1,0,1,0,0,0,0,0,0,1,0,0,0,-1,0,0,0,0,-1,-1,1,0,-1,0,0,1,0,0,0,-1,0,-1,0,-1,0,0,0,0,0,0,0,0,0,0,0,0
2580,0,0,0,0,0,0,0,0,0,-1,0,1,1,0,0,0,0,0,0,1,0,0,0,-1,0,0,0,1,0,0,0,0,0,0,0,0,0,0,0,-1,0,0,0,0,0,0,0,-1,0,0,0,0,1,1,0,0,0,1,0,0,0,0,0,0
2581,0,0,-1,0,0,0,1,1,-1,0,0,0,0,0,-1,0,0,1,1,-1,1,0,0,0,0,1,0,0,0,0,0,0,0,0,0,0,-1,0,0,0,0,0,0,-1,1,0,1,0,0,0,0,1,1,0,0,-1,0,0,0,1,1,-1,0,0
2582,0,0,0,1,0,0,1,-1,-1,0,0,0,1,-1,0,1,-1,0,0,0,0,-1,0,-1,-1,-1,0,0,0,0,0,0,0,0,0,-1,0,0,0,0,0,0,0,0,0,0,0,0,0,1,1,1,1,0,0,0,0,0,-1,0,0,0,0,1
2583,0,0,0,0,0,0,0,0,0,0,0,0,0,0,0,0,1,0,0,0,0,0,0,0,1,0,0,-1,0,1,0,0,0,0,0,1,-1,0,0,0,-1,-1,0,0,0,-1,0,0,0,0,0,0,0,1,-1,0,0,0,-1,0,0,0,0,-1
2584,0,-1,0,-1,0,1,0,0,0,0,-1,0,-1,-1,1,0,-1,1,1,-1,0,1,0,0,0,0,0,0,0,-1,0,1,0,-1,0,-1,0,0,1,0,0,0,0,0,0,0,1,0,0,-1,0,0,0,0,0,1,0,-1,1,0,0,0,1,-1
2585,1,0,0,0,0,0,0,0,0,0,0,0,0,0,0,0,0,0,1,0,0,-1,0,0,0,-1,0,0,1,0,0,0,0,0,0,-1,0,0,0,1,1,0,0,-1,0,0,0,0,-1,0,1,-1,0,0,0,0,0,0,0,0,0,0,-1,0
2586,-1,0,0,-1,0,0,0,1,0,0,0,0,0,1,0,0,0,-1,-1,0,0,1,-1,0,-1,-1,0,0,0,-1,0,0,0,0,0,0,-1,0,0,0,0,0,1,0,1,0,0,-1,1,0,0,1,0,0,0,0,0,0,1,-1,0,0,-1,0
2587,1,0,0,0,0,0,-1,0,0,0,0,0,0,0,0,0,0,-1,0,0,0,-1,1,0,0,0,0,1,0,-1,0,0,0,-1,0,0,0,0,-1,1,0,0,-1,0,0,-1,1,1,-1,0,-1,-1,1,-1,0,0,0,0,0,1,-1,0,0,-1
2588,0,0,0,1,0,1,0,-1,0,0,1,1,0,0,1,0,-1,0,0,0,-1,-1,0,0,0,-1,-1,0,0,0,0,0,0,-1,0,0,0,0,0,0,0,0,0,0,1,0,0,0,0,0,1,1,0,0,0,1,1,0,1,1,-1,0,1,0
2589,1,0,-1,0,-1,0,1,-1,0,0,-1,0,0,0,0,0,-1,0,0,0,-1,-1,0,0,1,0,-1,0,1,0,-1,0,0,-1,1,-1,1,1,1,1,0,0,0,1,-1,0,0,0,1,-1,-1,0,0,-1,0,0,0,0,0,0,-1,0,0,-1
2590,0,0,0,-1,1,0,0,-1,-1,0,-1,1,1,0,1,-1,-1,0,0,0,1,1,0,0,1,-1,0,0,0,0,0,1,-1,0,0,0,0,0,0,1,0,-1,0,0,1,-1,-1,0,1,0,0,0,0,0,0,0,-1,0,0,1,0,0,0,0
2591,0,0,0,0,0,0,1,-1,1,0,0,0,0,0,1,0,-1,0,1,0,0,0,0,0,1,0,1,-1,0,1,-1,-1,0,0,0,-1,1,0,1,-1,0,0,0,1,0,1,0,1,0,0,0,0,0,0,1,0,0,-1,0,1,0,0,0,-1
2592,0,0,-1,0,0,0,0,1,-1,0,-1,-1,0,0,-1,0,-1,-1,0,0,0,-1,0,-1,1,0,0,-1,0,0,0,1,0,0,0,0,0,0,1,0,1,-1,1,0,0,0,-1,0,1,0,0,0,0,1,-1,0,0,0,1,0,-1,0,0,1
2593,0,-1,1,1,0,-1,1,0,-1,1,0,0,0,-1,0,0,1,1,0,0,1,0,0,0,-1,1,1,0,0,0,0,1,-1,-1,0,0,0,0,0,0,1,0,0,0,0,1,-1,0,0,0,0,-1,0,-1,0,0,0,-1,0,0,-1,0,0,-1
2594,1,0,0,0,0,0,0,-1,0,-1,-1,0,0,0,0,0,0,0,0,-1,-1,0,0,0,0,0,0,0,0,0,1,0,0,-1,0,0,-1,-1,-1,0,0,0,1,-1,0,1,0,0,1,-1,0,0,0,-1,0,0,0,-1,0,0,1,-1,0,0
2595,1,0,0,0,1,1,0,1,1,-1,-1,1,0,0,0,0,0,0,0,0,-1,0,0,0,0,-1,-1,-1,-1,0,1,0,1,0,0,-1,1,0,-1,0,0,0,1,1,1,0,0,0,0,0,0,0,1,0,0,-1,0,1,0,-1,1,-1,-1,1
2596,0,-1,1,0,0,1,0,1,-1,0,-1,0,1,0,1,0,0,0,-1,0,0,1,1,0,0,0,1,0,0,-1,0,1,0,0,0,1,-1,-1,0,0,0,-1,0,0,-1,1,0,1,0,0,0,0,0,0,1,0,0,0,1,0,0,0,0,0
2597,0,0,0,0,0,0,1,0,0,-1,0,1,0,1,0,1,1,-1,0,0,0,1,0,0,0,0,0,-1,0,0,0,0,0,0,0,-1,0,0,-1,0,0,0,0,0,1,-1,0,0,0,0,0,0,-1,0,0,0,0,1,1,0,0,0,0,-1
2598,0,-1,0,0,1,0,0,0,0,-1,0,0,-1,0,0,0,0,0,0,0,0,0,0,1,0,0,0,-1,0,-1,0,-1,1,0,0,-1,0,1,0,-1,1,0,0,0,0,0,0,-1,1,-1,0,0,-1,0,0,0,0,1,0,-1,-1,0,-1,1
2599,0,1,-1,0,0,-1,0,0,0,-1,0,0,0,0,0,0,0,0,1,1,0,0,1,1,0,0,0,0,-1,1,0,0,0,0,0,-1,1,0,0,1,0,0,1,0,1,0,0,-1,1,0,-1,-1,0,-1,0,0,0,0,0,1,0,-1,0,0
2600,1,0,-1,0,0,0,1,1,1,0,0,0,1,0,0,1,-1,0,1,-1,0,0,0,0,0,1,0,0,1,-1,1,0,0,0,1,0,0,0,0,1,-1,-1,0,0,0,0,1,1,0,1,0,0,0,1,0,-1,0,0,0,-1,-1,-1,0,-1
2601,0,0,0,-1,0,0,1,0,-1,0,1,0,0,0,1,0,0,0,1,0,0,0,0,1,0,0,-1,0,0,0,0,-1,0,0,0,0,0,1,0,0,1,0,-1,0,0,0,0,0,0,1,1,0,1,0,1,0,1,0,1,0,1,0,0,0
2602,0,0,0,1,0,0,0,1,0,1,0,0,0,0,0,-1,0,1,1,1,1,0,1,0,1,0,0,0,-1,0,0,1,0,-1,0,0,1,0,0,0,1,-1,-1,0,1,0,0,0,-1,0,-1,0,0,-1,0,0,0,1,1,0,0,0,1,1
2603,-1,0,0,0,0,0,0,0,1,0,-1,0,0,0,1,0,0,-1,-1,0,0,0,1,0,0,0,0,-1,0,0,0,0,1,-1,1,0,0,0,0,0,0,0,1,0,0,0,0,0,1,0,-1,0,-1,0,1,0,0,1,0,-1,0,0,0,0
2604,0,-1,0,-1,0,1,1,0,0,-1,1,-1,0,1,0,0,1,0,0,-1,0,0,-1,0,0,0,0,0,0,0,1,0,0,-1,1,0,1,0,0,0,0,0,-1,0,-1,0,0,-1,0,0,0,1,0,0,0,0,0,1,0,0,0,-1,0,1
2605,0,0,1,0,0,0,-1,0,0,0,0,0,0,-1,0,0,0,0,0,0,-1,0,0,-1,0,0,0,0,-1,1,0,1,0,1,0,-1,1,0,0,1,0,-1,0,-1,0,0,0,1,1,-1,0,0,-1,0,0,0,-1,-1,1,0,0,0,-1,0
2606,0,0,0,0,0,0,-1,0,-1,0,1,0,-1,0,0,0,1,0,0,-1,0,0,-1,0,1,0,0,0,0,0,0,-1,1,0,0,0,1,1,0,0,0,0,0,0,0,-1,-1,0,1,0,0,0,0,1,0,-1,0,0,0,0,-1,1,0,-1
2607,0,0,-1,0,0,0,0,0,0,1,0,0,0,0,1,0,-1,0,0,0,0,0,1,0,1,0,0,0,0,0,0,-1,0,0,0,0,1,0,-1,1,1,0,0,0,0,0,-1,0,0,1,0,-1,0,0,1,1,1,0,0,0,1,0,0,0
2608,0,0,0,0,0,0,0,0,0,0,1,1,0,1,0,0,0,1,0,1,0,0,0,-1,1,0,-1,0,0,0,0,0,1,-1,0,0,1,0,-1,1,-1,-1,0,-1,-1,0,0,0,0,-1,-1,-1,0,1,0,1,0,0,0,-1,0,0,0,0
2609,1,0,0,1,-1,0,0,0,0,0,0,1,0,0,-1,0,0,0,1,0,0,1,1,0,0,-1,0,-1,0,1,0,-1,0,0,0,0,0,0,0,0,0,0,0,0,-1,0,0,0,0,0,0,1,0,0,0,0,0,-1,0,0,0,0,0,0
2610,0,0,0,0,0,0,0,1,0,-1,0,-1,1,0,0,0,0,0,0,-1,0,1,0,0,0,0,-1,1,0,0,0,0,0,0,0,1,1,1,0,1,0,0,0,0,0,0,0,-1,1,1,-1,1,0,0,0,0,0,-1,0,-1,0,0,0,0
2611,0,1,0,1,0,0,1,0,-1,0,1,1,0,0,-1,-1,0,0,0,0,0,0,1,-1,0,0,0,0,1,1,0,0,0,0,0,0,0,1,0,0,0,0,0,0,0,1,-1,0,1,0,-1,0,0,0,0,0,1,0,1,-1,0,-1,0,1
2612,0,0,0,0,1,0,0,0,0,0,0,0,0,0,0,0,-1,0,0,-1,-1,1,-1,0,-1,0,1,0,0,0,0,0,0,-1,1,1,0,0,1,-1,0,0,0,0,1,-1,0,0,-1,0,1,0,0,1,0,-1,0,0,0,0,0,1,0,0
2613,0,0,0,-1,-1,0,0,0,0,1,0,0,0,0,0,0,0,1,0,0,0,0,0,0,0,0,0,0,-1,-1,0,0,0,1,1,0,-1,0,-1,0,-1,0,0,1,0,-1,0,0,-1,1,0,1,-1,1,0,-1,0,0,-1,-1,0,0,1,0
2614,-1,-1,0,0,0,0,0,1,-1,0,1,0,0,0,1,-1,0,0,0,1,-1,0,-1,1,0,-1,0,-1,0,0,1,-1,0,0,0,-1,0,-1,0,1,-1,1,0,-1,0,0,1,1,0,0,0,0,1,0,0,0,0,0,-1,0,0,0,-1,0
2615,0,0,-1,0,0,0,0,0,0,0,-1,0,0,-1,-1,-1,0,0,-1,1,0,0,0,0,-1,0,0,0,0,-1,0,-1,0,0,-1,0,-1,0,0,0,0,0,0,1,0,0,1,0,0,-1,0,0,1,1,-1,0,0,0,0,0,-1,-1,0,0
2616,0,1,0,0,0,0,0,0,0,0,0,0,0,0,0,0,0,1,0,0,0,0,0,0,0,-1,0,0,0,0,0,-1,-1,0,1,0,0,0,-1,0,-1,0,0,0,0,0,0,0,0,0,0,0,0,0,0,1,0,0,0,0,0,1,0,0
2617,0,0,1,1,0,0,0,0,0,0,0,0,-1,0,0,1,0,1,-1,0,0,0,0,1,0,0,0,0,0,0,0,0,1,-1,0,0,1,1,0,0,-1,-1,0,0,0,-1,0,0,0,0,0,1,0,0,1,1,0,1,0,0,0,0,0,0
2618,1,0,-1,0,1,1,0,0,0,0,0,-1,0,-1,0,0,0,0,0,0,0,0,0,-1,1,0,1,0,0,0,0,0,1,1,-1,0,-1,0,0,0,0,0,-1,0,0,0,0,0,0,0,-1,0,-1,0,-1,-1,1,1,-1,1,0,-1,0,0
2619,0,-1,-1,1,0,0,-1,0,1,1,0,1,-1,-1,0,-1,1,0,0,0,-1,0,0,0,0,1,-1,0,0,0,-1,1,0,0,0,0,-1,-1,1,1,0,-1,0,0,1,-1,0,1,0,0,0,0,0,0,0,0,0,1,0,0,0,0,0,1
2620,0,0,0,-1,1,-1,0,0,-1,1,0,1,0,1,1,-1,1,0,0,0,0,1,0,0,0,0,0,0,-1,0,0,0,0,0,0,0,0,-1,0,0,0,0,0,0,0,0,1,0,-1,0,0,0,0,0,0,-1,0,1,0,-1,0,1,0,-1
2621,0,0,0,0,0,0,0,0,0,0,-1,-1,0,1,0,0,1,0,0,0,-1,0,-1,0,-1,0,0,0,0,0,-1,0,1,1,1,-1,0,0,0,0,0,0,0,-1,1,0,0,0,0,0,0,-1,0,-1,0,-1,1,-1,0,0,0,1,0,0
2622,0,0,0,1,0,0,0,1,0,0,0,1,0,1,0,0,0,0,0,-1,0,1,0,0,0,0,1,0,0,0,1,0,0,1,-1,-1,0,-1,-1,0,1,0,0,0,1,1,0,0,0,0,0,-1,1,1,0,-1,0,0,0,0,0,1,0,-1
2623,0,0,0,0,-1,-1,0,0,0,0,1,0,1,0,-1,0,0,0,0,0,-1,0,-1,-1,0,1,0,0,-1,0,0,0,0,0,0,0,0,0,0,0,-1,1,0,-1,-1,0,0,0,1,0,0,0,-1,-1,1,0,1,0,0,0,0,1,0,0
2624,0,0,0,1,-1,0,0,0,-1,0,0,0,0,-1,0,1,1,0,0,-1,1,0,0,0,0,0,0,0,0,0,0,0,0,0,1,0,0,-1,1,1,1,0,1,1,1,0,-1,0,0,0,0,-1,0,0,0,0,0,0,0,0,0,1,0,-1
2625,0,0,0,0,0,0,0,0,0,0,0,1,-1,1,0,1,-1,0,-1,0,-1,-1,0,0,1,0,1,0,0,0,-1,0,0,0,0,0,1,0,0,1,1,-1,0,0,0,1,1,0,0,0,1,0,0,0,0,1,0,0,0,-1,0,0,0,0
2626,0,0,0,1,0,0,0,0,-1,1,-1,0,0,0,1,1,-1,0,0,0,0,1,0,0,0,1,0,0,-1,1,0,0,0,0,1,0,0,1,-1,1,0,0,0,-1,0,1,0,0,0,0,1,0,-1,-1,0,0,0,0,0,0,0,0,0,0
2627,-1,0,0,0,0,0,0,0,-1,0,0,1,1,0,0,0,0,0,0,0,0,0,1,0,0,-1,0,0,0,1,-1,1,0,0,-1,-1,-1,0,1,0,0,0,-1,0,0,0,0,0,0,1,1,0,1,1,0,0,0,0,-1,1,0,-1,-1,1
2628,0,0,0,0,0,0,0,-1,0,1,-1,0,0,-1,0,0,1,-1,1,0,-1,0,0,-1,1,0,0,0,1,0,0,0,0,0,0,0,0,-1,0,1,-1,-1,0,0,0,1,0,-1,-1,0,1,0,0,0,0,1,0,-1,0,0,1,-1,-1,0
2629,0,1,0,0,0,1,0,0,0,1,1,0,0,-1,0,1,0,0,0,0,1,0,-1,1,0,0,0,1,0,0,0,0,0,0,0,0,0,1,0,0,0,-1,0,0,0,0,0,1,0,0,0,0,0,0,0,-1,0,-1,0,1,-1,0,0,-1
2630,0,-1,-1,0,0,0,0,0,0,0,0,0,0,0,0,0,1,0,0,0,0,-1,0,0,1,0,1,0,0,0,0,-1,1,-1,1,0,-1,0,0,0,1,0,0,1,1,0,0,0,-1,1,0,0,0,0,0,-1,0,1,0,0,0,-1,1,0
2631,0,-1,0,-1,0,0,0,0,0,0,0,0,1,1,0,1,0,0,-1,0,0,0,1,1,1,-1,0,-1,0,-1,1,0,0,0,-1,0,0,-1,0,1,0,0,-1,-1,0,1,-1,1,0,0,0,0,0,-1,0,0,1,0,0,1,0,0,0,0
2632,1,0,0,-1,0,1,0,0,-1,0,0,0,0,1,0,-1,0,1,0,0,0,0,-1,0,0,-1,0,0,1,0,0,0,0,0,1,0,0,0,0,0,0,0,0,0,-1,-1,0,1,0,-1,0,1,1,0,0,0,0,0,1,0,0,0,-1,0
2633,-1,0,0,0,0,1,0,-1,1,0,0,0,0,-1,0,0,1,0,0,0,1,0,0,1,1,-1,-1,0,-1,-1,0,-1,1,0,0,0,1,-1,0,-1,0,0,0,-1,0,0,1,0,-1,0,0,0,1,0,1,0,0,0,0,1,0,1,0,1
2634,0,0,0,0,0,1,0,1,-1,-1,0,0,1,0,-1,1,0,0,0,0,0,1,0,-1,-1,1,1,0,-1,-1,1,0,-1,0,1,0,0,0,0,1,0,-1,0,0,0,-1,0,-1,-1,1,0,0,-1,0,0,0,0,0,0,0,1,1,1,1
2635,-1,0,1,0,0,0,0,0,0,1,1,-1,0,0,-1,0,0,0,-1,0,0,0,0,1,0,0,0,0,0,-1,0,0,0,0,1,0,0,-1,1,0,0,-1,0,1,0,1,-1,-1,0,0,0,0,0,0,-1,0,0,0,0,0,0,0,0,0
2636,0,1,0,1,1,-1,0,1,0,0,-1,-1,0,0,1,0,0,1,1,0,0,1,1,1,0,1,0,0,-1,0,-1,0,-1,0,0,0,1,1,-1,0,0,0,0,-1,-1,0,0,-1,-1,1,0,0,0,0,1,0,0,0,-1,0,-1,0,-1,1
2637,-1,0,0,-1,-1,0,0,0,1,0,-1,0,0,1,1,0,0,-1,-1,0,0,0,1,1,0,0,0,0,0,1,-1,0,-1,0,0,-1,-1,1,0,0,0,0,1,-1,0,0,1,0,0,-1,-1,0,0,0,0,0,0,1,0,-1,0,0,0,0
2638,0,-1,0,0,0,0,0,0,0,0,0,0,0,0,0,1,1,1,0,1,0,1,-1,0,0,0,0,0,0,0,0,-1,1,-1,0,-1,0,0,-1,-1,0,0,-1,0,0,0,-1,1,0,0,1,0,0,0,-1,0,0,0,-1,-1,0,0,0,0
2639,0,0,0,-1,1,1,0,0,0,0,0,0,-1,0,0,0,1,0,1,0,0,0,-1,-1,0,0,1,1,-1,-1,0,0,0,0,-1,1,0,0,0,-1,0,0,0,1,0,1,-1,0,0,-1,0,0,1,0,0,-1,0,1,0,-1,1,0,1,0
2640,0,0,0,0,0,0,0,0,0,0,-1,0,0,1,-1,1,0,0,0,0,0,0,0,0,0,0,0,0,0,1,0,0,0,-1,0,0,0,0,0,-1,1,0,1,0,-1,0,0,-1,1,0,1,0,1,-1,-1,1,1,0,0,0,0,1,-1,0
2641,-1,1,1,0,0,1,-1,0,0,-1,0,0,-1,-1,1,0,1,0,0,-1,0,0,0,1,0,0,0,0,0,0,-1,0,0,-1,-1,1,0,0,0,0,-1,0,0,-1,0,0,0,-1,1,-1,0,0,1,1,0,0,0,0,0,0,0,1,0,0
2642,-1,-1,1,0,0,0,1,0,0,0,0,1,-1,1,1,0,0,-1,0,-1,0,-1,1,0,0,0,0,0,-1,0,0,0,0,0,0,0,0,0,0,-1,1,-1,0,0,0,-1,0,0,-1,0,0,0,0,0,0,0,-1,0,0,0,-1,-1,1,0
2643,0,1,0,-1,1,1,-1,-1,0,0,0,1,0,-1,1,1,0,0,0,-1,0,0,-1,1,0,0,1,0,0,0,0,1,0,0,1,-1,0,0,-1,0,0,0,0,0,-1,0,0,0,0,0,-1,0,-1,0,0,0,-1,0,-1,-1,0,0,0,-1
2644,0,1,0,1,0,0,0,0,-1,0,0,0,0,0,0,1,-1,0,0,-1,1,0,1,0,-1,0,0,0,-1,0,0,1,1,0,0,0,0,-1,1,0,-1,-1,1,0,0,0,0,0,-1,0,1,0,1,0,0,0,1,0,0,1,0,0,0,0
2645,0,0,-1,0,0,1,0,0,0,0,0,0,0,0,-1,0,-1,0,0,0,0,0,-1,0,0,0,0,-1,1,0,0,0,0,0,-1,0,0,0,1,0,1,0,0,0,0,0,0,1,1,1,0,0,-1,0,0,0,0,0,0,1,1,0,0,0
2646,0,0,-1,1,0,0,0,1,0,0,0,0,-1,0,0,1,-1,0,0,0,-1,-1,1,-1,-1,1,0,1,0,0,1,-1,0,0,0,-1,0,0,0,1,1,1,-1,1,0,0,-1,0,-1,0,0,0,1,-1,1,0,0,1,0,0,1,0,1,0
2647,-1,0,0,0,0,0,1,1,0,0,1,0,0,-1,-1,0,-1,0,-1,-1,1,0,0,0,0,0,0,0,-1,1,-1,0,0,-1,-1,0,0,0,0,1,0,0,1,-1,-1,0,-1,0,0,0,0,0,0,-1,1,-1,0,0,-1,0,1,0,0,0
2648,0,1,0,1,0,0,-1,0,0,0,0,0,0,1,-1,0,-1,0,0,0,0,0,0,0,0,1,0,0,0,-1,-1,0,1,1,0,0,0,0,-1,0,1,0,0,0,0,0,0,0,1,1,0,1,1,0,0,-1,0,0,0,0,0,0,0,0
2649,1,0,0,0,1,0,1,0,-1,0,0,0,1,0,1,0,0,1,-1,-1,0,-1,-1,-1,0,1,0,0,1,-1,0,-1,1,0,0,1,0,-1,0,1,0,0,0,1,0,0,-1,1,0,1,0,0,0,1,0,0,0,0,0,-1,0,0,-1,-1
2650,0,-1,0,0,0,0,1,0,1,0,0,0,0,0,-1,0,0,0,0,0,0,0,1,0,0,-1,0,1,0,-1,0,1,0,0,1,0,0,0,-1,0,0,0,0,0,0,0,0,0,0,0,0,0,0,0,-1,-1,0,0,0,-1,0,0,-1,0
2651,0,-1,0,0,0,0,0,1,0,-1,1,-1,0,-1,1,0,0,1,-1,0,0,0,1,0,0,-1,0,0,1,0,1,0,0,0,1,1,0,0,0,0,0,0,1,1,0,0,0,-1,0,0,0,0,0,0,-1,1,0,0,0,0,1,0,0,0
2652,0,0,0,0,0,0,0,0,0,0,1,1,0,1,1,0,0,0,0,0,0,0,0,0,-1,0,0,0,1,0,1,0,1,-1,0,1,0,1,-1,1,1,0,-1,0,0,0,0,-1,0,-1,-1,0,0,0,-1,1,0,0,0,-1,0,0,0,0
2653,0,0,1,0,-1,-1,0,0,0,-1,0,1,0,0,0,0,0,-1,0,-1,0,0,1,0,0,-1,0,0,1,1,0,0,0,-1,0,0,-1,0,0,0,-1,0,1,-1,1,0,1,1,-1,1,1,-1,0,0,0,0,0,0,0,0,0,0,0,0
2654,0,0,0,0,0,-1,0,0,0,0,1,0,0,0,0,0,-1,0,-1,0,0,0,0,0,0,0,0,0,1,0,0,0,-1,0,0,0,-1,0,0,0,0,0,-1,0,0,1,0,-1,1,0,0,0,0,0,-1,0,0,-1,0,0,0,0,0,0
2655,0,0,0,1,0,0,1,0,-1,0,-1,-1,1,0,1,0,1,0,1,0,0,0,0,0,0,0,0,0,1,0,0,0,-1,1,1,-1,-1,1,1,0,1,0,0,0,0,0,0,1,0,0,0,0,0,0,1,1,0,0,0,0,0,-1,1,0
2656,0,-1,0,0,0,0,0,0,0,0,0,0,0,0,-1,0,1,0,-1,-1,0,0,0,0,-1,0,0,0,1,0,0,0,-1,-1,0,0,0,0,0,0,-1,1,0,0,0,1,0,-1,0,0,1,0,-1,1,1,0,1,0,0,-1,0,-1,1,0
2657,0,0,0,-1,0,0,0,1,0,-1,-1,1,0,0,0,0,0,0,1,-1,0,0,-1,1,0,0,0,0,-1,0,0,-1,0,0,0,0,0,0,0,1,0,0,0,1,1,0,0,0,0,1,0,0,-1,0,0,0,0,0,1,-1,0,0,-1,0
2658,0,0,0,0,0,0,0,-1,-1,0,0,0,0,0,0,0,0,0,-1,0,0,-1,0,0,1,0,0,-1,0,-1,0,-1,0,0,1,-1,1,0,0,-1,0,0,0,0,-1,0,0,-1,0,0,0,0,0,0,0,0,0,0,1,0,0,1,0,1
2659,0,0,-1,0,0,0,-1,0,0,0,-1,0,0,0,0,1,1,1,0,0,0,0,0,0,0,0,0,-1,0,0,1,0,0,0,0,1,-1,0,0,0,0,-1,0,0,0,0,0,1,0,0,-1,0,0,0,0,0,-1,0,0,-1,0,0,0,0
2660,0,0,0,0,1,0,0,0,0,1,1,0,0,1,0,0,1,0,1,1,1,0,0,0,0,0,0,0,-1,0,0,0,-1,-1,0,-1,0,0,-1,-1,0,0,0,1,0,0,1,0,0,0,0,-1,0,1,0,0,-1,0,0,1,-1,1,-1,-1
2661,0,0,-1,0,-1,0,0,-1,0,0,0,-1,0,0,0,1,0,0,0,1,0,0,0,0,0,0,0,1,1,0,0,0,1,1,0,0,0,0,0,-1,1,0,0,0,-1,0,0,-1,0,-1,0,0,1,0,0,-1,1,0,0,0,0,0,0,1
2662,0,0,0,0,-1,0,0,-1,-1,1,0,0,0,-1,-1,0,0,0,-1,1,0,0,0,1,1,1,-1,0,0,0,0,0,0,0,0,0,-1,1,1,0,0,-1,0,-1,-1,0,0,0,0,0,0,0,0,-1,0,0,0,0,-1,1,0,0,0,0
2663,1,-1,-1,0,0,0,0,0,-1,1,-1,0,0,1,0,0,-1,1,0,0,1,0,-1,0,0,0,0,0,0,-1,0,0,0,-1,0,1,0,0,0,1,0,1,0,0,0,0,-1,1,0,0,-1,0,-1,0,0,0,0,0,-1,0,0,0,0,1
2664,0,0,-1,1,-1,0,0,0,1,0,-1,1,0,-1,0,0,0,-1,-1,0,0,0,0,0,0,0,0,-1,0,0,0,0,0,0,0,0,1,0,0,0,0,0,0,0,1,-1,0,0,0,0,-1,1,1,0,-1,0,0,0,0,1,1,0,0,0
2665,0,1,1,0,-1,-1,0,0,0,0,0,0,-1,1,1,0,0,0,0,1,1,0,0,0,1,-1,0,0,0,0,-1,0,-1,0,0,-1,-1,0,0,0,0,0,0,-1,0,1,1,0,0,0,-1,-1,0,0,-1,1,1,1,0,1,0,0,0,0
2666,0,-1,0,-1,0,0,0,0,0,0,0,1,0,-1,0,0,-1,0,0,-1,0,1,-1,1,0,0,0,1,0,1,1,0,-1,0,0,0,0,0,0,1,0,-1,0,-1,0,-1,0,1,-1,0,1,0,0,0,0,0,1,0,1,0,-1,0,0,1
2667,-1,0,0,0,0,1,1,0,0,0,0,0,1,1,-1,1,0,0,1,0,1,0,0,0,-1,0,1,0,1,-1,1,-1,0,0,0,1,0,-1,0,1,0,0,-1,0,0,0,0,-1,0,0,0,1,0,1,-1,0,0,0,0,0,-1,-1,0,1
2668,0,0,0,1,0,0,0,0,0,0,-1,0,0,0,0,1,0,0,-1,0,0,0,0,-1,0,0,0,0,1,0,0,-1,-1,-1,0,0,-1,0,1,0,-1,0,0,-1,0,0,1,1,0,0,0,0,1,1,1,1,0,0,1,0,0,0,-1,0
2669,0,0,0,-1,0,0,1,0,0,0,0,-1,0,0,-1,1,0,0,1,0,0,0,0,0,0,1,-1,1,-1,0,1,0,0,0,0,0,0,1,0,-1,0,0,0,-1,-1,0,1,0,0,1,0,0,-1,0,0,0,0,0,0,0,-1,0,1,0
2670,-1,1,0,0,1,1,0,0,1,0,-1,0,0,0,0,0,0,1,0,0,0,-1,0,0,0,0,0,0,-1,0,-1,0,0,0,0,-1,0,-1,0,-1,0,0,0,0,0,0,-1,0,0,1,0,0,0,-1,-1,0,0,1,1,1,-1,0,0,1
2671,1,0,0,-1,0,-1,0,0,0,0,0,0,0,0,0,0,0,1,0,1,0,1,1,-1,0,0,0,-1,1,0,0,1,0,0,1,0,-1,0,0,0,0,0,0,0,1,-1,-1,0,0,1,1,0,0,1,1,0,0,0,1,0,0,1,0,0
2672,0,0,0,0,1,1,0,0,0,0,0,-1,0,0,0,1,0,0,0,0,0,-1,0,-1,0,-1,-1,-1,-1,0,0,0,0,1,0,0,0,0,0,0,-1,-1,0,0,-1,0,0,1,0,1,0,0,1,0,1,-1,0,0,0,0,0,0,0,0
2673,0,1,1,0,-1,0,0,0,0,0,0,0,0,0,0,0,0,0,-1,0,0,0,0,-1,0,0,0,0,0,0,0,0,0,0,0,-1,-1,-1,0,0,1,0,0,0,0,0,1,1,0,0,0,0,0,0,0,0,0,0,0,0,-1,1,1,0
2674,1,1,-1,-1,0,1,0,0,0,0,1,0,0,-1,0,0,-1,-1,0,0,0,0,-1,1,-1,-1,0,-1,1,0,0,0,0,0,1,-1,1,0,0,0,0,1,1,0,0,1,0,0,0,0,-1,0,0,0,0,0,1,0,0,-1,0,1,0,0
2675,0,-1,0,0,0,0,0,0,0,0,0,0,-1,1,0,-1,0,0,0,0,1,0,0,0,-1,0,0,1,1,0,0,0,0,0,0,0,0,-1,0,0,0,-1,0,0,0,1,0,0,0,0,0,0,0,0,0,0,0,0,0,0,-1,-1,0,0
2676,-1,0,1,0,0,0,1,-1,0,0,-1,0,-1,-1,0,0,0,-1,1,0,1,0,-1,0,0,-1,0,1,0,0,0,0,0,0,-1,0,0,1,0,1,0,0,0,1,0,-1,0,-1,0,0,0,0,-1,0,1,1,0,1,0,0,0,-1,0,0
2677,0,0,-1,0,-1,1,0,0,1,-1,0,-1,-1,1,0,-1,0,0,0,0,0,0,-1,1,0,-1,0,0,0,-1,1,0,1,0,0,1,0,0,0,0,-1,0,0,-1,1,1,1,-1,0,0,1,1,0,-1,1,0,0,0,0,0,0,0,0,0
2678,-1,-1,0,0,0,0,0,0,0,1,0,1,0,0,-1,0,0,0,0,0,1,1,1,0,-1,0,0,-1,0,-1,0,1,0,0,0,-1,0,-1,1,0,0,-1,1,-1,0,0,1,1,0,0,0,0,-1,0,0,-1,0,-1,0,-1,-1,1,1,0
2679,0,0,1,0,1,0,-1,0,-1,1,1,0,0,0,0,0,-1,0,0,-1,1,0,1,0,-1,0,0,1,0,0,1,0,0,0,0,0,1,0,0,-1,0,-1,0,1,-1,1,0,0,1,0,0,0,0,-1,0,0,0,0,0,-1,0,1,0,0
2680,0,0,0,0,0,0,-1,0,0,0,0,0,0,-1,1,0,0,0,0,0,0,0,0,0,1,0,0,-1,0,0,0,0,0,0,0,0,1,0,0,0,0,1,-1,0,0,0,0,0,0,0,-1,0,-1,0,0,0,1,1,0,0,0,-1,-1,0
2681,0,1,-1,1,-1,-1,0,1,0,0,0,-1,0,0,0,-1,1,1,1,0,0,0,0,0,-1,-1,-1,0,0,0,0,-1,0,0,0,0,0,0,0,-1,1,0,0,1,0,0,0,0,0,0,-1,0,0,0,0,0,-1,0,-1,0,0,-1,0,0
2682,0,0,0,1,0,0,0,0,0,-1,0,0,0,-1,0,-1,0,0,0,1,0,0,1,-1,0,1,0,0,1,0,0,0,-1,1,-1,0,0,1,0,0,0,0,0,0,0,0,-1,0,1,0,0,0,0,0,0,0,-1,0,0,0,-1,-1,0,0
2683,0,1,0,1,0,-1,-1,0,-1,-1,0,0,0,-1,0,0,1,0,0,-1,0,0,0,1,0,-1,-1,1,0,0,0,0,0,0,-1,0,0,0,0,-1,0,0,0,1,0,1,0,0,0,0,0,-1,0,0,0,0,0,0,0,0,0,-1,0,0
2684,-1,0,0,-1,1,0,0,1,-1,0,1,1,-1,0,1,0,0,1,0,0,-1,0,0,0,-1,1,-1,0,0,0,-1,0,0,-1,1,1,1,0,0,0,0,0,1,0,0,1,-1,-1,1,0,0,-1,1,0,0,1,0,0,0,-1,0,1,0,0
2685,0,0,0,-1,-1,1,0,0,0,0,0,0,0,0,-1,0,0,1,0,0,0,0,0,0,0,-1,0,-1,0,-1,0,0,0,-1,0,-1,0,1,0,0,0,0,0,0,0,-1,0,0,-1,0,0,1,1,0,-1,1,0,0,0,1,0,0,0,0
2686,-1,-1,0,-1,0,0,-1,0,-1,0,0,0,0,0,0,0,-1,0,0,0,-1,0,0,0,0,0,0,-1,-1,0,0,1,-1,-1,1,-1,1,0,-1,-1,0,-1,0,1,0,-1,-1,0,1,0,1,0,0,0,0,0,0,1,1,0,0,1,1,0
2687,0,0,0,0,0,0,0,0,0,1,1,-1,-1,1,-1,0,-1,-1,0,-1,0,0,0,1,0,0,0,0,0,0,0,0,0,0,-1,0,0,0,0,1,0,0,0,0,0,0,0,0,0,0,-1,1,0,0,1,0,-1,-1,0,0,0,0,-1,0
2688,1,0,1,0,1,0,0,-1,0,1,0,0,1,0,1,0,0,0,0,0,0,0,0,0,-1,1,0,0,0,0,-1,-1,0,0,0,0,0,0,1,0,0,0,0,0,0,0,0,0,-1,-1,-1,0,1,0,0,-1,1,0,1,-1,0,0,0,0
2689,1,1,0,0,0,-1,-1,0,0,1,0,-1,-1,1,1,0,-1,1,1,0,0,1,0,1,0,-1,1,-1,0,0,0,1,0,0,1,0,0,0,0,1,0,-1,0,-1,0,0,1,-1,0,0,0,0,0,0,0,1,-1,0,0,1,0,-1,0,0
2690,1,0,0,0,0,1,0,0,-1,1,0,-1,-1,0,0,1,0,0,0,1,0,0,0,-1,0,0,0,1,0,0,1,0,0,-1,0,0,1,0,0,1,0,0,-1,0,0,0,0,0,0,0,0,-1,0,0,0,0,0,0,0,1,0,0,0,-1
2691,0,1,-1,0,0,0,-1,1,0,0,0,0,1,0,1,1,0,0,0,0,0,0,0,1,0,0,0,0,0,0,0,0,0,-1,-1,0,0,0,0,0,0,-1,0,1,0,0,0,-1,0,-1,0,0,0,0,-1,-1,0,0,0,0,0,1,0,0
2692,0,0,0,-1,0,0,0,0,0,0,0,0,0,0,1,1,0,-1,0,0,0,-1,1,0,0,0,0,0,-1,1,0,0,0,1,0,-1,0,-1,-1,0,-1,0,0,0,-1,1,0,1,0,0,0,0,0,1,1,0,1,-1,0,0,1,-1,0,0
2693,1,0,-1,0,0,0,0,0,0,0,0,1,-1,0,1,-1,0,0,0,1,1,-1,1,0,0,1,1,0,0,0,-1,0,1,1,0,0,1,0,0,0,0,0,0,1,1,0,0,1,0,1,0,0,1,0,-1,0,1,-1,-1,0,0,0,-1,0
2694,-1,0,1,0,-1,0,1,1,-1,0,0,1,1,0,1,0,0,0,0,0,0,1,0,0,0,0,0,1,1,0,-1,-1,-1,0,0,0,0,0,0,-1,0,0,-1,0,0,-1,0,0,0,0,0,0,0,0,-1,0,0,0,1,-1,1,0,0,1
2695,0,0,-1,1,0,0,0,0,0,0,0,-1,0,-1,1,0,0,-1,0,0,0,0,0,0,0,1,0,0,1,-1,0,-1,0,1,0,0,-1,1,0,0,0,1,1,0,0,1,0,0,0,0,-1,0,0,0,0,-1,0,0,0,0,0,0,0,0
2696,0,-1,0,0,0,1,-1,0,0,1,0,0,0,-1,0,-1,-1,0,1,-1,0,0,0,-1,0,0,1,0,0,0,1,0,1,-1,0,0,0,0,0,0,-1,1,0,-1,0,0,0,1,0,0,0,0,0,1,0,0,-1,1,0,1,-1,-1,0,0
2697,1,0,0,1,0,0,0,0,1,0,0,0,-1,1,-1,0,0,-1,0,1,-1,0,1,1,0,0,0,0,0,0,0,0,0,0,0,0,0,-1,0,1,0,1,1,0,1,1,0,1,0,0,0,0,0,-1,0,0,0,0,0,0,0,0,0,0
2698,0,0,0,1,0,0,0,0,0,0,1,0,0,-1,0,0,1,1,0,0,0,0,0,0,1,-1,0,0,0,0,0,-1,0,0,0,0,0,0,0,-1,1,0,0,0,0,0,0,1,0,0,1,0,0,0,1,-1,0,0,1,0,0,0,0,0
2699,0,0,-1,0,0,0,0,0,-1,0,0,0,-1,1,1,0,-1,1,0,0,0,-1,0,0,1,1,1,0,1,0,1,0,-1,0,0,0,0,0,0,-1,1,0,0,0,0,0,-1,0,0,0,0,0,0,0,0,0,0,-1,1,0,0,0,0,0
2700,0,0,0,0,1,0,0,0,0,-1,0,0,0,1,-1,1,-1,1,-1,0,0,0,1,0,0,0,0,0,0,0,0,0,0,0,1,0,0,-1,1,0,-1,0,-1,0,-1,0,-1,0,-1,1,0,0,0,-1,1,0,0,0,1,1,-1,-1,0,0
2701,0,-1,0,1,0,0,0,0,1,1,1,1,0,0,1,0,0,1,0,0,0,0,0,0,0,1,0,0,0,0,0,0,1,0,0,0,-1,0,0,0,0,0,1,0,0,1,-1,0,0,0,0,1,1,-1,-1,0,0,1,0,1,1,0,-1,-1
2702,0,1,-1,0,0,0,-1,1,0,1,0,-1,1,0,-1,0,-1,0,1,0,0,1,0,0,0,-1,0,0,0,0,-1,0,1,0,1,0,-1,0,0,-1,0,-1,0,0,0,-1,1,0,-1,-1,1,1,0,-1,-1,0,1,0,0,-1,0,-1,0,0
2703,0,0,-1,0,-1,0,-1,0,0,0,0,0,1,0,0,0,1,0,-1,0,0,0,0,1,0,-1,-1,1,0,0,-1,0,0,0,1,0,0,0,0,0,1,0,1,0,0,0,0,0,-1,0,0,0,-1,0,-1,1,1,0,0,0,1,0,0,1
2704,0,0,1,0,0,0,0,0,-1,0,0,0,1,0,0,0,0,0,0,0,1,0,0,0,0,-1,0,0,0,0,0,0,0,0,-1,0,1,0,1,0,-1,0,0,0,0,0,0,0,0,1,0,0,0,0,0,0,0,0,0,0,-1,0,1,1
2705,0,0,0,0,0,0,1,1,-1,0,0,0,0,0,-1,0,0,0,0,0,0,1,-1,0,0,0,0,0,0,1,0,0,-1,-1,1,0,1,0,0,0,0,0,1,0,0,0,0,0,1,0,0,0,-1,0,0,0,0,-1,1,1,-1,1,1,0
2706,0,0,0,0,0,-1,1,-1,1,0,0,0,1,-1,1,-1,0,0,0,0,1,0,0,0,0,-1,0,0,1,0,1,0,0,0,0,0,0,0,-1,0,0,-1,0,0,0,0,0,0,0,-1,0,1,0,1,0,0,0,-1,-1,0,0,0,0,0
2707,-1,1,0,-1,-1,0,0,0,-1,0,0,0,0,0,0,-1,1,1,0,-1,1,0,1,1,0,-1,0,0,0,0,0,1,-1,0,0,0,-1,1,-1,0,0,0,0,0,-1,-1,0,1,0,0,0,1,1,-1,1,0,1,0,0,0,0,-1,0,0
2708,0,0,0,-1,0,0,0,0,0,0,0,1,0,0,1,0,0,0,-1,0,0,-1,0,0,0,0,0,0,0,0,0,0,1,0,0,0,-1,0,1,0,0,1,0,-1,1,0,0,0,0,0,0,0,1,0,0,0,-1,0,0,0,0,1,1,0
2709,0,1,0,0,1,0,0,0,0,0,0,-1,0,0,0,0,0,0,0,0,0,-1,0,-1,0,1,0,0,0,0,0,0,0,0,0,0,0,0,0,0,0,0,1,1,-1,0,0,0,-1,0,0,0,0,0,0,0,0,0,0,0,0,1,0,-1
2710,-1,-1,0,1,-1,0,0,0,0,-1,0,0,0,0,0,0,0,1,0,0,0,-1,1,0,0,0,0,0,1,0,1,0,0,0,0,0,0,-1,0,0,0,1,0,-1,0,0,0,0,0,1,1,0,0,0,0,1,0,-1,0,-1,0,0,0,0
2711,0,0,0,0,0,-1,1,0,0,0,1,-1,0,1,-1,0,0,1,-1,1,0,0,0,0,0,0,0,0,-1,1,0,1,1,-1,0,1,1,0,0,-1,0,0,0,0,1,0,-1,1,-1,1,0,-1,0,1,1,-1,0,-1,-1,1,-1,0,0,-1
2712,0,0,0,-1,0,0,0,0,1,1,1,0,0,0,-1,0,0,-1,-1,0,0,0,0,0,0,0,1,-1,0,0,0,0,0,0,0,0,1,-1,0,1,0,0,-1,0,0,0,-1,0,0,0,0,-1,0,0,0,1,0,-1,0,0,0,0,-1,0
2713,0,1,0,0,0,0,-1,-1,1,0,0,-1,0,0,0,1,-1,0,0,1,1,0,0,0,0,1,-1,0,-1,0,0,0,0,-1,-1,0,1,0,0,0,0,-1,0,0,0,0,0,1,0,1,0,0,0,0,0,-1,0,-1,0,0,0,-1,0,0
2714,1,1,1,0,1,-1,1,0,1,-1,0,1,0,0,0,1,0,0,0,0,0,0,0,1,0,1,1,1,0,0,0,0,-1,0,0,1,0,1,0,1,1,0,-1,0,1,-1,1,0,0,-1,0,0,-1,0,-1,0,1,0,0,0,0,-1,0,0
2715,0,0,0,1,0,0,-1,0,0,1,0,0,0,1,1,1,1,1,0,1,1,1,0,-1,0,1,0,0,0,0,0,0,0,0,1,0,0,0,1,1,0,0,1,0,-1,0,-1,1,1,1,1,0,0,0,0,0,0,1,-1,0,0,1,0,1
2716,0,0,0,-1,0,0,0,0,0,0,1,0,-1,0,0,1,0,1,-1,0,0,0,-1,0,0,0,0,0,-1,0,0,0,1,0,0,0,-1,1,0,0,0,-1,-1,0,-1,0,1,0,0,0,0,0,-1,-1,1,0,0,0,-1,0,1,0,1,0
2717,0,-1,0,-1,0,0,0,0,0,-1,0,0,0,0,0,0,0,1,0,-1,0,0,0,0,0,0,0,0,0,0,-1,-1,0,0,1,-1,1,0,0,0,-1,0,0,0,-1,0,0,1,0,1,0,0,-1,0,0,1,-1,1,0,0,0,0,0,1
2718,1,0,0,0,0,0,0,0,-1,0,0,1,1,0,0,0,0,0,0,0,-1,0,0,0,0,0,1,0,0,0,0,0,1,0,-1,-1,0,0,1,0,0,1,0,0,0,0,1,0,1,0,1,0,0,0,0,0,0,0,0,-1,1,1,1,1
2719,0,-1,0,0,0,0,0,0,0,-1,0,-1,0,0,0,0,0,-1,1,-1,-1,0,-1,0,0,0,0,0,0,1,0,0,0,0,0,0,0,-1,0,0,-1,0,1,0,0,1,-1,-1,0,-1,1,0,0,0,1,0,0,1,1,-1,0,-1,-1,0
2720,-1,1,1,0,-1,0,-1,1,0,0,0,0,1,1,0,0,1,0,0,1,0,0,0,0,1,1,0,-1,0,0,0,0,0,0,1,1,0,0,-1,-1,0,-1,-1,0,0,0,-1,0,0,-1,0,0,0,1,1,0,0,0,-1,0,0,0,0,0
2721,-1,0,0,0,0,0,-1,-1,0,0,0,0,0,0,0,1,-1,0,0,0,0,0,0,0,0,-1,0,0,0,0,0,-1,0,-1,1,1,-1,0,-1,0,0,0,-1,0,0,-1,0,0,0,-1,0,0,0,0,0,1,0,0,0,0,-1,-1,1,0
2722,1,1,0,0,0,0,-1,0,0,0,0,1,1,0,0,0,0,0,0,0,-1,0,1,0,0,0,1,0,-1,1,0,0,0,0,0,0,0,0,0,1,-1,-1,0,0,0,0,0,1,1,1,0,0,0,1,0,0,0,0,0,1,1,0,0,0
2723,0,0,0,0,0,0,-1,0,0,0,0,1,0,-1,0,0,-1,0,1,1,-1,0,0,1,0,0,0,0,1,0,0,0,0,0,0,0,0,0,-1,1,0,-1,0,0,0,0,1,0,0,0,1,1,-1,0,1,0,1,0,0,0,0,0,0,0
2724,0,0,0,-1,1,0,0,0,1,0,-1,1,0,0,1,0,0,0,0,0,-1,0,0,0,0,-1,1,0,0,0,1,0,-1,1,0,-1,0,0,0,0,1,-1,0,-1,0,0,0,-1,0,1,0,0,0,0,0,-1,1,0,0,0,1,0,0,-1
2725,0,0,0,0,0,-1,0,0,0,0,0,0,-1,0,0,0,0,-1,0,-1,0,0,-1,0,-1,0,1,0,0,1,-1,0,0,-1,0,0,1,0,0,0,-1,0,1,0,1,-1,-1,0,0,0,0,1,0,1,0,0,0,0,1,1,0,1,0,0
2726,0,0,0,0,0,0,1,0,1,0,1,0,0,1,0,0,-1,0,0,-1,0,0,1,0,0,0,0,0,0,0,1,0,1,-1,0,-1,0,-1,0,1,1,0,0,0,0,1,0,1,0,0,-1,0,-1,0,1,0,0,0,0,1,0,0,0,0
2727,1,0,0,0,1,0,0,-1,1,1,-1,0,0,0,0,0,1,1,-1,0,0,0,0,0,0,0,1,0,-1,1,0,-1,0,1,0,0,0,0,0,1,0,0,0,1,0,0,0,0,-1,-1,1,1,-1,1,0,-1,0,1,0,-1,1,0,0,0
2728,0,0,1,0,0,0,1,1,0,0,0,0,-1,-1,0,-1,0,0,0,0,0,0,1,1,0,-1,-1,0,0,1,0,-1,0,0,0,1,0,-1,0,0,0,0,0,1,0,0,0,1,0,-1,0,0,-1,0,0,0,0,-1,0,1,0,0,0,0
2729,0,1,0,0,1,0,0,0,0,0,0,0,0,0,0,1,1,0,0,0,0,0,0,-1,0,0,0,0,0,0,1,0,0,-1,1,0,0,0,1,1,0,-1,-1,0,0,0,0,0,0,0,0,0,1,-1,0,0,1,0,-1,0,-1,-1,0,0
2730,-1,0,0,-1,0,0,0,0,0,0,-1,1,0,0,0,0,-1,0,0,0,0,-1,0,0,0,0,0,0,1,0,0,-1,-1,0,-1,0,-1,1,-1,-1,0,0,0,0,0,0,0,0,0,0,0,0,-1,0,1,0,-1,0,0,1,0,1,-1,0
2731,0,0,0,0,0,0,0,0,0,0,1,-1,-1,1,0,0,0,0,0,0,0,0,0,-1,0,0,-1,-1,0,0,-1,1,0,1,0,1,0,0,0,0,1,0,0,0,0,0,1,0,0,0,1,0,1,-1,0,0,1,0,0,0,0,0,0,-1
2732,0,0,0,-1,0,0,1,0,0,-1,0,0,1,0,0,0,0,-1,0,0,1,0,0,0,0,1,0,0,0,0,-1,-1,1,0,0,0,1,1,-1,0,0,0,0,0,0,-1,-1,0,0,-1,0,0,0,0,1,0,-1,0,0,0,0,0,1,0
2733,-1,0,0,0,0,0,0,0,1,0,0,0,-1,0,1,0,0,0,-1,0,0,0,0,-1,1,0,-1,0,-1,0,-1,0,0,1,-1,1,0,0,0,0,0,1,0,0,0,1,0,-1,0,-1,0,0,0,0,0,0,-1,0,0,0,1,0,0,0
2734,1,0,0,0,0,0,0,-1,0,0,0,-1,-1,1,0,0,1,0,1,0,-1,0,0,0,1,1,-1,0,1,0,0,-1,0,0,1,-1,0,0,0,0,0,0,0,0,0,1,0,0,0,-1,-1,1,0,0,0,-1,-1,1,1,1,0,0,-1,1
2735,0,0,0,-1,0,1,-1,0,0,0,-1,0,0,0,0,0,1,0,0,1,-1,0,0,1,0,1,0,1,-1,-1,-1,1,0,0,0,0,0,-1,-1,0,0,0,0,0,0,-1,0,0,-1,-1,0,0,0,0,-1,0,0,0,0,1,0,1,0,1
2736,0,0,0,0,0,0,-1,0,0,0,0,0,0,0,0,1,0,0,0,1,1,1,0,0,-1,0,0,0,0,0,0,0,0,1,0,0,-1,0,0,-1,0,1,0,0,0,0,0,0,-1,1,0,0,0,0,0,-1,0,0,0,1,0,0,0,-1
2737,0,0,0,0,0,0,0,0,0,0,1,0,1,0,0,0,0,0,0,0,-1,-1,0,0,0,-1,1,0,0,0,0,0,1,0,0,0,0,-1,0,0,0,-1,0,0,1,-1,0,-1,-1,0,0,0,-1,0,0,0,0,0,0,0,0,1,0,0
2738,1,0,0,0,1,1,0,1,0,-1,0,0,0,-1,-1,0,0,0,-1,1,0,1,0,-1,-1,0,0,0,-1,0,0,0,0,0,-1,-1,0,0,0,0,0,-1,1,0,0,0,0,0,0,0,1,-1,0,0,1,-1,-1,0,-1,0,-1,0,0,1
2739,0,0,-1,0,0,0,1,0,0,-1,0,-1,0,0,0,0,0,-1,0,0,0,1,0,0,0,1,-1,-1,-1,1,0,0,1,0,-1,0,0,-1,0,0,1,0,0,0,1,0,0,-1,-1,0,0,0,0,-1,1,0,0,1,1,0,-1,0,0,0
2740,0,0,0,0,0,0,1,0,-1,0,0,0,0,1,-1,1,0,-1,0,-1,0,0,-1,0,0,-1,-1,1,-1,-1,1,0,0,0,-1,-1,0,0,1,0,0,0,0,1,-1,0,0,-1,0,0,-1,0,1,0,-1,0,0,-1,-1,0,0,0,-1,0
2741,1,1,0,0,-1,-1,0,1,0,-1,-1,-1,0,0,0,1,0,-1,0,0,0,0,1,0,0,0,0,1,1,0,-1,0,0,0,0,0,0,0,1,-1,0,-1,0,0,0,1,0,-1,0,0,0,0,0,0,0,-1,0,1,-1,1,-1,0,0,0
2742,0,0,0,0,-1,0,0,1,0,0,0,0,1,0,0,0,1,0,1,-1,0,1,1,1,0,0,0,0,1,0,1,0,0,0,1,-1,0,1,0,1,0,0,0,-1,0,0,-1,0,0,-1,0,0,0,0,0,-1,0,1,0,-1,-1,0,0,1
2743,0,1,-1,0,1,1,-1,-1,0,-1,0,0,0,0,0,0,0,1,0,0,0,1,-1,1,1,1,0,0,0,0,0,0,1,1,0,0,0,1,0,0,0,0,0,0,0,0,0,0,0,0,0,0,0,1,0,0,0,0,0,0,0,0,0,0
2744,0,0,0,0,0,1,0,0,0,0,-1,0,-1,-1,0,0,0,0,1,0,0,0,-1,1,0,-1,0,0,0,0,-1,0,-1,1,0,1,1,-1,-1,-1,1,0,-1,0,0,0,0,0,0,0,0,0,0,0,0,0,0,0,0,0,-1,0,0,0
2745,1,-1,0,-1,0,0,0,1,-1,0,0,0,0,0,-1,0,0,1,0,-1,0,0,0,1,0,0,0,0,0,0,-1,-1,0,0,1,0,0,0,0,1,0,0,1,0,0,0,1,0,1,0,0,-1,0,0,1,0,1,0,0,0,0,0,0,0
2746,1,-1,1,0,0,1,0,0,1,0,0,0,0,-1,-1,1,0,0,0,-1,0,0,0,0,0,0,0,0,-1,-1,0,0,0,0,0,-1,0,0,1,1,0,0,0,-1,0,1,0,0,-1,-1,-1,1,1,-1,0,0,-1,0,1,-1,0,0,0,1
2747,0,0,0,-1,0,1,1,1,0,-1,0,0,0,0,-1,-1,0,0,1,0,1,0,1,0,0,0,0,0,0,0,0,-1,-1,0,0,0,0,1,0,-1,0,0,0,-1,0,-1,1,0,0,0,1,-1,-1,0,0,0,0,1,0,0,-1,1,0,-1
2748,0,0,1,0,0,0,0,0,0,1,0,-1,0,1,-1,0,1,-1,1,1,-1,0,0,-1,0,0,1,0,1,0,-1,1,0,-1,-1,0,0,0,0,0,0,0,0,0,0,0,0,0,0,0,0,0,1,-1,1,1,0,0,1,0,0,0,-1,0
2749,1,0,0,1,0,0,-1,0,0,0,0,0,-1,-1,0,0,1,0,0,0,0,0,0,0,0,0,0,0,0,0,0,1,0,0,0,0,0,0,0,0,0,0,0,1,-1,0,0,0,0,0,0,0,-1,1,0,1,0,1,1,0,0,0,0,0
2750,0,0,0,0,-1,0,0,-1,-1,0,-1,0,1,0,0,0,1,0,0,1,0,0,-1,0,0,0,0,0,-1,0,1,0,-1,0,-1,0,1,0,-1,1,-1,0,0,0,0,0,1,1,0,-1,0,1,0,-1,0,-1,0,0,0,-1,0,0,0,-1
2751,-1,0,0,-1,1,-1,0,1,0,0,0,1,0,-1,1,0,0,-1,0,1,1,1,0,-1,0,0,-1,0,0,0,0,0,0,0,-1,0,-1,0,-1,0,-1,0,0,0,0,0,0,-1,0,0,0,0,0,-1,-1,0,0,0,0,0,1,0,0,0
2752,0,-1,0,0,-1,0,0,0,0,0,0,0,0,0,0,1,0,0,0,0,0,0,0,0,-1,0,0,-1,-1,0,1,0,0,0,0,0,1,0,-1,0,-1,1,0,0,0,0,0,0,0,-1,0,1,0,0,1,0,-1,-1,1,1,0,0,-1,0
2753,0,-1,-1,0,-1,1,0,1,0,0,0,0,0,0,0,0,-1,1,0,0,0,-1,0,0,0,0,0,0,1,1,1,0,0,-1,-1,0,0,-1,0,1,1,1,0,0,0,1,0,-1,0,-1,0,1,0,0,0,1,0,-1,0,0,1,1,0,0
2754,1,-1,0,0,1,0,-1,-1,0,0,0,0,0,0,0,-1,0,0,0,1,-1,0,-1,1,0,0,1,0,0,0,0,0,1,0,-1,0,1,0,0,0,0,1,0,0,1,0,0,1,0,0,0,0,0,0,0,0,0,-1,0,0,-1,0,-1,0
2755,0,1,0,0,-1,0,0,0,0,0,-1,1,0,0,0,-1,1,0,0,1,0,0,-1,1,0,1,0,0,0,0,0,0,0,0,0,-1,-1,1,-1,0,0,1,0,0,0,0,0,0,0,0,-1,0,0,0,0,0,0,0,-1,0,0,0,0,0
2756,0,1,0,1,0,0,0,0,0,0,0,1,-1,1,0,0,0,-1,0,0,-1,0,-1,0,0,0,1,0,0,1,0,-1,-1,1,0,0,0,0,0,1,-1,0,0,0,0,0,0,0,0,0,-1,0,0,1,0,0,-1,-1,0,-1,1,1,1,1
2757,-1,0,0,0,-1,-1,1,0,-1,0,0,0,0,0,1,0,0,1,0,-1,1,-1,0,0,0,0,-1,0,0,0,0,0,0,0,0,1,0,0,0,1,0,0,0,1,0,1,0,-1,0,0,0,1,-1,0,0,0,-1,0,1,1,0,0,0,1
2758,0,0,0,-1,0,0,0,1,0,0,1,0,-1,0,0,0,-1,0,1,0,0,0,0,0,0,0,0,1,0,0,0,0,-1,0,0,1,0,1,-1,0,1,0,0,1,0,0,1,1,0,0,1,0,0,0,0,0,-1,0,0,1,0,0,1,0
2759,1,0,0,-1,1,0,0,0,0,0,1,1,1,-1,0,0,-1,0,0,1,0,0,0,-1,0,0,0,1,0,-1,0,-1,0,0,1,-1,0,-1,0,0,0,0,1,-1,0,0,0,0,0,0,0,0,0,1,1,0,0,0,0,-1,0,0,0,-1
2760,-1,1,0,1,-1,0,-1,0,0,0,1,0,0,0,-1,0,-1,0,0,-1,0,1,0,0,0,0,0,0,1,0,-1,1,0,0,1,-1,0,1,0,0,0,0,1,-1,0,0,0,0,0,0,1,0,1,-1,0,0,0,0,1,0,1,0,0,0
2761,0,1,0,1,1,0,1,0,0,0,0,0,1,0,0,0,1,0,-1,0,0,0,-1,0,1,0,0,0,0,0,0,0,-1,0,0,0,1,0,1,0,-1,-1,0,0,0,0,0,-1,1,-1,0,1,0,0,0,0,0,0,1,0,0,1,0,0
2762,0,0,0,-1,0,-1,0,0,0,-1,-1,1,0,0,0,0,-1,0,0,0,0,0,0,-1,0,0,0,1,0,-1,1,1,0,0,1,0,-1,-1,0,-1,0,0,1,0,1,-1,1,0,0,-1,0,0,1,0,-1,0,0,0,-1,0,1,0,0,1
2763,0,-1,0,1,0,0,0,-1,0,0,0,-1,1,0,0,-1,1,1,0,0,0,0,0,0,0,1,1,-1,1,1,0,0,1,1,0,1,1,0,0,0,0,-1,0,0,-1,-1,0,0,-1,0,1,1,0,0,0,1,0,1,-1,0,0,0,0,0
2764,0,0,1,0,1,0,-1,-1,0,-1,0,0,0,0,1,0,1,0,1,-1,1,0,0,0,0,0,0,0,0,0,-1,0,0,0,1,0,0,0,1,0,1,0,0,1,1,0,0,0,0,0,0,1,1,0,0,0,1,1,0,0,0,1,0,0
2765,1,0,0,0,-1,0,0,0,1,0,0,0,0,-1,0,0,0,0,0,0,0,-1,-1,0,0,0,0,1,-1,-1,0,0,0,0,0,-1,0,-1,1,-1,0,0,-1,0,0,-1,1,1,0,-1,1,0,0,0,0,0,0,0,1,0,0,0,0,0
2766,0,0,0,0,-1,0,0,0,0,0,1,0,0,0,0,1,0,0,1,0,-1,0,1,0,0,0,0,0,0,1,0,-1,-1,1,0,1,0,1,0,0,0,1,1,0,1,-1,1,0,0,-1,0,-1,-1,1,0,0,0,0,1,0,0,0,-1,0
2767,0,0,-1,0,0,0,0,0,0,0,1,0,1,-1,1,0,-1,0,1,0,1,0,0,1,0,-1,-1,-1,0,-1,1,0,0,0,0,0,0,0,0,0,0,0,1,0,1,0,0,0,0,0,0,-1,0,1,-1,-1,1,0,-1,0,1,0,1,0
2768,-1,-1,0,0,0,1,0,-1,1,0,1,0,0,0,1,-1,-1,0,0,0,0,0,0,0,-1,1,0,1,0,0,1,0,0,1,0,0,0,0,0,0,0,-1,0,0,0,0,0,-1,0,0,1,0,0,1,0,0,-1,0,0,-1,0,1,1,0
2769,-1,0,1,0,1,1,1,1,0,0,1,0,0,-1,0,0,0,1,0,0,0,0,-1,-1,1,0,1,-1,0,0,-1,0,0,0,0,0,0,0,0,0,-1,0,0,0,0,0,0,0,0,0,1,0,-1,0,1,0,1,0,1,-1,0,0,0,0
2770,0,0,0,0,0,0,1,0,0,-1,-1,0,1,0,-1,1,-1,-1,0,0,0,0,0,1,0,0,0,0,0,-1,0,0,1,-1,0,0,0,1,0,-1,0,0,0,1,0,0,0,0,0,0,0,0,0,1,0,1,0,1,0,1,-1,0,0,0
2771,-1,1,0,0,0,0,0,0,0,0,1,0,0,-1,-1,0,1,1,-1,0,0,0,0,1,0,1,0,0,0,0,0,0,0,0,0,0,1,0,0,0,0,0,0,0,0,1,0,-1,1,0,0,0,0,0,0,1,-1,1,0,0,0,-1,0,0
2772,0,0,1,1,0,0,0,1,0,0,0,-1,1,0,-1,0,-1,-1,0,0,-1,0,-1,0,1,1,1,1,-1,-1,0,0,0,0,1,-1,-1,1,0,0,-1,1,1,0,1,1,-1,0,-1,0,0,-1,0,-1,1,-1,0,0,0,0,1,0,-1,0
2773,1,0,-1,0,0,0,0,0,-1,0,0,0,0,-1,1,1,0,0,0,0,0,-1,0,0,0,0,0,1,0,-1,-1,0,0,0,1,0,0,0,0,0,-1,0,0,0,0,0,0,1,1,-1,0,0,-1,0,1,0,0,0,0,-1,1,1,1,1
2774,1,-1,1,-1,0,0,1,0,0,0,0,0,1,-1,1,-1,0,0,0,0,0,0,1,0,1,0,-1,0,0,-1,1,1,0,0,0,0,0,0,0,0,0,0,0,-1,0,0,0,0,0,0,0,1,0,-1,1,1,1,0,0,0,1,0,0,0
2775,0,0,1,0,0,0,-1,1,-1,-1,0,0,1,1,1,0,0,0,0,0,0,-1,0,1,0,-1,0,1,0,1,0,0,1,0,0,0,0,1,0,-1,0,-1,-1,-1,0,0,0,0,-1,0,1,0,0,0,0,1,0,1,0,0,0,0,0,0
2776,0,0,0,0,0,0,0,1,0,0,0,0,0,0,-1,0,0,0,0,-1,0,0,-1,1,0,0,-1,-1,1,0,0,-1,1,0,0,1,0,0,-1,0,0,0,1,0,0,-1,0,0,0,0,0,0,0,0,1,0,0,0,0,1,0,0,0,1
2777,-1,-1,0,0,0,0,-1,1,0,0,0,0,0,0,1,0,-1,0,-1,0,1,0,0,0,0,0,0,0,1,0,0,0,0,0,1,0,0,1,0,0,0,0,0,0,0,0,1,0,0,0,1,0,0,0,0,1,-1,0,1,0,-1,0,0,0
2778,0,-1,0,0,-1,0,0,1,0,1,0,0,0,0,-1,0,0,0,0,-1,1,-1,0,0,1,1,0,0,-1,0,0,0,0,0,0,0,-1,1,1,0,-1,1,0,-1,0,-1,-1,0,0,-1,0,-1,0,0,0,1,0,0,-1,-1,0,0,0,0
2779,0,-1,0,-1,0,-1,1,0,1,0,0,0,0,-1,0,0,1,0,0,-1,0,0,-1,0,0,0,-1,1,0,-1,-1,0,0,0,-1,0,-1,1,1,0,-1,0,0,-1,0,0,0,-1,0,0,0,-1,1,-1,1,0,0,1,0,-1,0,0,0,0
2780,-1,1,0,0,0,-1,0,0,0,0,1,0,0,0,-1,0,1,0,0,-1,0,0,0,0,0,1,1,-1,-1,-1,0,0,1,-1,0,0,-1,-1,-1,0,0,0,1,0,0,0,0,0,0,1,0,-1,0,1,1,0,-1,0,0,0,-1,0,0,0
2781,0,0,-1,-1,1,0,0,0,0,0,0,1,-1,0,1,0,0,0,1,0,1,0,0,0,-1,0,0,-1,0,-1,0,1,1,0,-1,-1,-1,1,0,0,0,0,0,1,0,-1,-1,1,0,0,0,0,1,0,0,0,0,0,1,1,0,-1,0,-1
2782,-1,0,-1,0,1,0,0,-1,1,0,0,0,1,0,0,0,-1,0,0,1,0,0,0,-1,-1,0,-1,0,0,1,-1,-1,1,1,-1,0,0,0,0,0,-1,0,0,0,0,1,0,0,-1,1,-1,0,0,0,0,1,0,0,0,0,-1,0,0,0
2783,0,0,-1,0,0,0,-1,0,0,0,-1,0,0,0,-1,0,0,0,-1,0,0,0,0,1,0,0,0,0,0,0,-1,0,0,1,0,0,0,1,0,0,0,0,1,0,0,-1,0,1,0,-1,0,0,-1,0,-1,1,0,1,1,1,-1,0,0,0
2784,1,-1,0,0,1,-1,0,0,0,0,1,0,0,0,0,0,-1,0,0,-1,0,0,-1,0,0,-1,-1,0,0,0,0,0,0,1,0,-1,0,-1,-1,1,-1,1,-1,0,0,-1,0,0,0,-1,0,0,0,0,-1,0,0,1,1,-1,0,0,0,0
2785,0,0,0,0,0,-1,0,0,-1,1,0,0,0,-1,1,0,1,0,0,0,1,0,0,-1,0,0,0,0,0,0,-1,-1,0,0,0,1,0,0,0,1,0,-1,0,0,-1,0,0,1,0,-1,0,-1,1,0,0,0,1,0,0,0,0,1,0,0
2786,0,0,0,-1,0,0,0,0,-1,1,0,1,0,0,0,0,0,0,0,1,0,-1,-1,0,-1,0,0,0,0,0,0,1,0,0,0,-1,1,0,0,-1,0,0,1,0,1,0,0,1,0,0,0,-1,-1,1,0,0,0,-1,0,0,-1,0,1,1
2787,0,0,0,0,0,0,0,0,0,-1,-1,0,0,0,0,0,0,-1,0,0,0,-1,0,0,0,0,-1,0,0,0,0,-1,0,0,1,0,0,-1,0,0,0,0,0,-1,0,1,1,0,0,-1,0,0,1,0,1,0,0,0,0,0,-1,0,-1,0
2788,-1,0,1,-1,-1,0,0,0,1,0,0,0,0,1,0,0,0,-1,0,0,-1,0,1,-1,-1,0,0,0,0,0,0,-1,0,-1,1,0,1,1,-1,0,0,-1,1,0,0,0,-1,-1,0,0,-1,1,0,-1,0,0,0,0,0,0,0,1,-1,0
2789,0,0,0,0,1,0,0,0,0,1,0,0,1,0,0,0,0,1,0,1,0,0,1,0,0,0,0,-1,0,0,0,1,0,0,1,-1,0,1,0,0,1,-1,0,1,0,-1,-1,-1,0,0,1,0,0,0,0,1,1,0,-1,0,0,0,1,0
2790,-1,0,1,0,1,-1,1,0,0,-1,0,1,0,-1,0,0,-1,-1,0,1,0,0,0,0,0,0,0,0,0,0,0,0,1,0,1,0,0,-1,-1,0,1,0,1,0,1,-1,-1,-1,-1,0,1,0,-1,0,0,-1,1,0,0,0,0,0,0,0
2791,0,0,-1,-1,1,0,0,0,-1,0,0,-1,0,0,-1,0,0,1,0,0,1,0,0,-1,0,-1,-1,-1,1,0,-1,-1,0,0,0,0,-1,0,0,-1,1,0,0,0,0,0,0,0,0,0,0,1,0,0,0,0,0,0,0,0,-1,1,0,0
2792,0,0,0,0,0,0,-1,-1,0,-1,0,0,0,0,0,1,-1,0,0,0,0,-1,1,0,0,0,-1,-1,0,1,-1,0,0,0,-1,1,0,0,0,0,-1,0,0,0,-1,1,0,1,0,1,0,1,0,0,0,-1,1,1,0,0,0,0,-1,1
2793,-1,0,1,-1,1,0,1,0,0,0,0,0,0,-1,1,0,0,1,-1,1,-1,1,-1,0,0,0,0,0,0,0,0,0,0,0,0,0,0,0,0,0,0,-1,-1,1,1,0,0,0,0,1,0,0,1,0,-1,1,0,0,0,1,0,0,0,0
2794,-1,-1,1,0,0,0,0,-1,0,0,1,0,0,1,-1,0,0,1,0,0,-1,0,1,1,-1,0,0,0,-1,0,0,0,0,0,-1,1,0,0,0,0,0,1,0,0,0,0,-1,0,0,0,0,0,0,0,0,0,0,0,0,1,0,0,-1,-1
2795,0,0,1,0,0,1,0,0,0,0,0,0,1,-1,0,1,0,-1,0,0,0,0,0,0,0,0,0,0,1,0,1,0,0,0,1,1,0,0,0,-1,0,1,0,-1,0,0,0,0,0,0,1,0,0,-1,0,0,0,0,0,0,0,0,0,0
2796,0,-1,0,-1,0,-1,0,0,0,1,0,0,0,1,0,1,-1,0,1,0,0,0,0,0,0,0,-1,0,0,0,0,1,0,0,1,0,-1,0,0,0,0,1,1,0,0,0,0,0,-1,0,0,0,0,-1,0,0,0,0,-1,0,0,0,0,0
2797,1,-1,0,1,1,-1,0,0,0,0,0,0,0,0,-1,1,0,1,-1,0,0,1,1,-1,0,0,0,0,1,1,1,0,1,0,0,0,0,0,0,0,0,-1,0,-1,0,0,0,0,0,0,0,0,0,1,0,-1,0,1,0,0,0,0,0,0
2798,1,0,0,1,0,-1,-1,1,0,0,1,0,0,0,1,0,0,1,1,0,0,1,0,0,1,0,0,0,0,0,0,0,1,0,-1,0,1,1,0,0,0,0,0,1,0,0,0,1,0,0,0,0,0,0,0,-1,-1,-1,0,0,-1,0,1,-1
2799,0,0,-1,0,0,1,0,0,0,0,0,1,-1,0,0,-1,-1,-1,0,0,0,0,0,-1,-1,-1,0,1,0,0,0,1,0,-1,0,-1,0,0,0,0,0,-1,1,0,0,-1,0,0,0,0,0,1,0,0,-1,-1,1,1,-1,0,1,0,0,0
2800,0,1,0,0,0,0,-1,0,0,0,0,0,0,-1,0,-1,1,1,0,-1,0,0,-1,1,0,-1,1,-1,0,0,0,0,-1,1,0,0,0,-1,1,0,0,0,0,0,1,0,0,0,0,0,1,0,1,1,0,1,0,0,0,-1,1,0,0,1
2801,0,-1,1,0,1,0,0,-1,-1,0,0,0,-1,0,0,-1,0,0,0,0,0,0,-1,0,1,0,0,-1,0,0,0,0,0,0,0,1,0,0,0,0,-1,0,-1,-1,0,0,0,0,0,-1,0,0,1,1,0,0,1,0,0,0,0,0,1,-1
2802,1,-1,0,0,0,0,0,0,1,0,0,-1,0,1,-1,-1,0,0,0,0,1,0,0,-1,-1,0,0,0,0,1,0,0,0,0,0,0,0,-1,0,0,-1,0,0,0,0,0,-1,-1,0,0,0,0,0,0,0,-1,0,1,0,0,0,0,0,0
2803,0,-1,0,-1,-1,0,1,-1,1,0,1,-1,0,0,-1,0,0,1,0,0,0,0,0,0,0,1,0,0,0,0,-1,-1,-1,0,0,0,0,-1,1,0,-1,0,0,-1,1,0,0,0,0,0,0,-1,0,-1,0,0,0,0,0,-1,-1,0,0,1
2804,-1,0,0,0,1,0,-1,-1,0,1,-1,-1,-1,0,1,-1,1,1,0,0,-1,-1,-1,0,1,0,0,0,0,0,1,1,0,0,1,-1,0,0,1,0,0,0,0,1,0,0,1,0,-1,0,0,0,0,0,-1,0,0,0,0,0,0,0,0,-1
2805,0,0,-1,0,0,0,0,0,1,-1,0,0,1,0,0,0,0,1,1,1,-1,-1,0,0,0,1,0,0,-1,0,-1,0,0,0,0,0,0,0,0,0,-1,0,1,0,0,1,0,0,0,0,1,0,1,0,0,0,0,0,0,0,0,0,1,1
2806,-1,0,1,0,1,0,0,-1,0,0,0,0,0,0,-1,1,0,0,-1,0,0,0,1,0,0,0,0,1,0,-1,0,0,1,0,0,0,0,1,0,0,0,0,0,0,1,-1,0,0,0,-1,0,0,-1,0,1,0,0,0,0,-1,0,-1,1,0
2807,0,0,0,0,0,0,0,0,0,0,0,-1,0,1,0,0,0,1,-1,0,0,0,-1,0,-1,1,0,0,1,-1,0,0,1,1,0,-1,-1,0,0,0,-1,0,0,0,0,-1,0,1,0,0,0,0,0,0,0,0,-1,-1,0,-1,0,0,1,1
2808,-1,0,-1,0,0,0,-1,1,1,-1,1,1,0,1,-1,0,0,0,0,0,1,1,-1,-1,0,0,0,1,0,0,0,0,1,-1,0,-1,0,1,1,1,0,1,0,0,-1,-1,0,0,0,0,0,0,-1,0,0,1,1,-1,0,0,1,-1,0,0
2809,0,0,-1,0,-1,-1,0,0,-1,-1,0,0,1,0,0,0,0,1,0,1,0,0,1,0,0,-1,0,-1,1,1,-1,-1,-1,0,0,0,-1,1,0,0,0,-1,0,0,-1,-1,0,1,1,-1,1,-1,0,0,0,0,-1,1,0,1,-1,0,1,0
2810,0,-1,0,0,1,0,1,0,0,1,1,0,0,0,1,0,0,0,0,0,0,1,1,0,0,0,0,1,0,1,1,-1,0,1,1,0,0,1,0,0,0,0,1,0,0,0,0,1,-1,0,-1,-1,0,0,0,1,0,-1,0,1,1,0,0,-1
2811,0,0,0,0,-1,0,0,-1,-1,0,-1,0,1,1,1,0,0,0,1,0,0,0,0,0,0,0,-1,1,-1,-1,1,0,0,0,0,1,-1,0,0,0,0,-1,-1,1,0,0,1,-1,1,0,0,-1,0,0,0,0,0,0,0,-1,0,1,0,1
2812,0,0,0,0,0,1,0,1,0,0,0,-1,0,0,0,0,-1,0,-1,0,1,0,1,-1,0,-1,0,-1,0,1,0,0,0,0,0,0,1,-1,0,0,1,-1,0,-1,0,0,0,0,-1,0,-1,-1,1,0,0,1,0,0,0,0,0,1,0,-1
2813,0,0,0,0,1,-1,1,0,0,1,0,0,0,0,1,0,0,0,1,0,1,0,-1,0,0,0,0,1,0,0,0,0,1,0,1,0,1,0,0,0,0,0,1,-1,-1,0,0,0,0,0,0,0,0,1,0,-1,-1,0,0,0,-1,0,0,0
2814,0,0,0,-1,0,0,0,0,0,0,0,1,1,0,1,0,0,0,0,0,0,0,1,-1,-1,1,0,-1,0,0,0,0,1,1,0,0,0,1,0,0,0,0,1,0,0,-1,-1,-1,1,0,1,-1,1,0,0,-1,1,0,0,1,1,0,1,-1
2815,0,-1,0,0,0,0,1,0,0,0,0,1,0,0,0,0,-1,1,-1,0,0,0,0,0,0,1,1,0,0,0,0,1,0,0,0,0,0,-1,0,0,0,0,0,1,0,0,1,1,-1,0,-1,0,0,0,0,0,0,0,1,-1,0,-1,0,0
2816,0,0,1,0,1,0,-1,0,1,0,1,0,0,1,1,0,0,0,0,0,-1,0,0,0,1,0,0,0,0,0,-1,1,0,0,-1,0,0,0,0,1,0,-1,0,-1,0,0,0,0,0,-1,0,0,1,0,0,-1,0,0,0,0,-1,0,0,0
2817,0,0,0,0,0,0,0,1,0,1,-1,-1,0,0,0,0,0,0,1,0,0,0,0,0,1,0,0,-1,1,0,0,0,-1,0,1,1,0,0,0,0,1,0,1,0,-1,0,0,0,0,1,-1,-1,0,0,0,-1,0,0,0,0,0,1,-1,-1
2818,0,1,-1,0,0,0,0,0,0,0,0,0,-1,0,-1,0,0,0,1,0,0,1,-1,0,1,0,1,0,1,0,-1,0,0,0,0,0,0,0,0,0,-1,0,1,0,1,1,0,0,0,0,0,-1,-1,0,0,-1,0,0,0,0,0,0,0,0
2819,-1,0,0,0,0,0,0,1,-1,0,-1,0,0,-1,0,0,0,0,1,1,0,0,0,0,0,1,0,0,-1,0,1,0,0,0,-1,0,0,0,0,-1,0,0,0,1,0,0,0,0,0,0,0,0,0,0,0,0,1,1,0,-1,-1,-1,0,0
2820,0,1,0,1,1,0,0,1,0,-1,0,0,1,1,-1,0,0,0,0,1,1,0,1,0,0,0,0,1,0,0,0,0,0,-1,-1,0,-1,1,-1,-1,0,1,0,0,1,1,0,1,0,1,0,0,0,0,0,-1,0,0,-1,0,0,0,-1,1
2821,-1,0,-1,-1,0,0,1,0,-1,-1,0,-1,0,0,0,0,-1,1,-1,1,-1,0,1,0,0,0,-1,-1,-1,0,1,0,-1,1,0,0,0,-1,0,0,1,0,0,0,0,0,1,0,0,0,0,0,-1,0,-1,1,0,1,1,0,0,0,1,-1
2822,0,1,-1,-1,0,-1,0,0,1,0,1,-1,0,1,0,1,-1,0,0,-1,0,1,-1,-1,0,0,0,0,0,0,0,0,1,0,0,0,0,0,-1,-1,1,0,0,0,0,0,0,0,1,1,0,0,0,0,-1,0,0,0,0,0,0,0,1,-1
2823,-1,0,0,-1,0,0,-1,-1,0,1,0,0,1,0,0,0,0,-1,0,0,1,0,-1,0,0,0,0,0,0,0,0,-1,1,-1,0,1,0,0,0,0,0,0,0,0,1,0,-1,0,1,1,0,0,1,0,0,-1,0,-1,1,0,0,0,-1,1
2824,1,0,-1,0,0,-1,0,0,0,1,-1,-1,0,1,0,0,1,0,0,0,0,0,0,1,0,0,-1,0,0,0,0,0,1,0,-1,0,0,-1,1,0,1,0,0,0,0,0,0,0,0,0,0,0,1,1,0,0,0,0,1,0,0,1,0,0
2825,-1,0,0,0,0,0,1,0,0,0,-1,1,0,1,0,0,0,0,1,1,1,0,0,0,0,0,0,0,1,1,0,1,0,0,0,0,0,1,0,-1,0,0,-1,0,0,1,0,0,0,1,0,0,1,1,0,1,1,-1,0,0,1,1,0,0
2826,0,0,1,0,1,-1,0,-1,-1,0,0,0,0,-1,0,0,0,1,1,-1,0,0,0,0,0,0,0,0,-1,0,0,0,0,0,0,0,0,0,0,0,-1,-1,1,0,0,1,0,1,0,0,0,1,0,1,0,0,0,0,-1,0,0,1,0,-1
2827,0,1,0,0,1,-1,0,0,0,0,0,0,0,0,0,-1,0,0,-1,0,0,1,0,-1,-1,0,1,-1,0,0,0,-1,0,0,0,0,1,0,0,0,0,0,1,0,0,0,-1,0,1,0,0,0,0,0,0,0,0,0,0,0,1,0,0,0
2828,-1,0,0,-1,0,0,1,0,0,0,1,0,0,0,0,1,0,-1,1,0,0,0,0,0,0,0,1,-1,1,0,0,1,0,0,1,-1,0,0,0,0,0,1,0,0,0,0,-1,-1,0,0,1,1,0,0,0,0,0,0,0,0,0,1,-1,0
2829,0,-1,0,0,0,1,0,0,-1,0,0,0,0,1,0,-1,-1,0,0,0,1,0,0,-1,0,0,1,-1,0,0,1,0,0,0,-1,0,0,0,1,0,0,-1,-1,1,0,0,1,0,1,-1,0,0,1,1,1,0,-1,0,-1,1,0,-1,-1,-1
2830,-1,0,-1,-1,0,0,0,-1,-1,1,1,-1,0,0,0,-1,1,1,0,0,0,1,0,1,0,-1,0,0,1,-1,0,0,0,0,0,0,0,0,0,0,0,0,1,0,0,0,0,-1,1,0,-1,1,0,0,1,0,0,0,0,0,0,0,1,1
2831,0,0,0,0,0,-1,0,1,-1,0,-1,0,0,0,0,0,-1,-1,0,0,1,-1,0,1,0,0,-1,1,1,0,-1,0,1,0,0,0,1,1,-1,0,0,0,0,0,-1,0,1,1,1,0,0,0,0,0,0,0,-1,0,0,0,0,0,0,0
2832,0,0,0,0,0,0,0,-1,0,0,0,0,0,0,1,1,0,0,0,0,1,0,0,0,0,1,1,0,1,0,0,0,1,0,0,0,0,1,1,-1,1,0,1,-1,1,0,0,0,0,1,0,0,1,1,0,0,0,-1,1,0,-1,1,0,0
2833,-1,1,1,0,0,1,0,0,-1,0,0,0,-1,0,0,-1,0,1,0,0,1,0,0,1,1,0,0,-1,1,0,0,0,0,0,0,0,0,1,0,0,0,0,0,0,1,0,0,0,0,-1,0,0,0,0,0,0,-1,-1,1,0,0,-1,0,1
2834,0,0,0,0,0,1,0,0,0,1,0,0,0,0,0,0,0,0,0,0,0,0,0,0,0,0,0,0,-1,0,0,0,0,0,0,0,0,-1,1,0,0,0,0,0,0,1,-1,0,1,0,0,0,0,0,0,0,0,0,0,0,-1,-1,0,0
2835,0,0,0,0,0,0,-1,1,0,1,0,0,0,0,0,0,0,0,0,0,-1,0,0,0,0,0,-1,0,1,-1,0,0,0,0,1,-1,0,0,0,0,0,0,0,0,1,-1,0,0,-1,0,-1,1,-1,-1,-1,0,0,0,-1,0,0,0,0,0
2836,0,0,0,-1,0,0,1,0,1,-1,-1,0,0,1,0,0,-1,0,0,0,0,1,0,0,1,0,0,0,0,0,0,0,0,1,0,0,-1,0,-1,0,-1,1,0,0,0,-1,-1,-1,0,0,0,1,0,0,1,1,1,0,0,1,0,1,0,1
2837,0,0,0,0,-1,0,0,-1,0,0,0,0,-1,0,0,-1,0,-1,0,0,0,-1,-1,-1,0,0,0,-1,0,0,1,0,0,0,0,0,0,0,0,-1,0,0,-1,0,-1,0,1,1,-1,0,0,0,-1,0,-1,0,0,0,0,0,0,1,0,0
2838,-1,0,0,0,0,0,0,1,1,0,-1,0,0,0,0,0,-1,0,0,0,0,1,0,0,0,0,0,-1,0,0,0,1,0,0,0,0,0,-1,1,1,0,0,-1,0,0,-1,0,0,-1,0,0,0,0,-1,0,1,1,1,0,0,0,0,0,0
2839,-1,0,-1,-1,0,0,0,-1,0,-1,1,0,0,0,-1,0,0,1,0,1,0,0,-1,1,-1,-1,0,0,0,-1,0,0,1,-1,0,0,0,0,0,0,0,-1,0,-1,0,0,1,0,0,0,1,0,0,1,0,-1,0,0,0,0,-1,-1,0,1
2840,1,1,0,0,0,0,1,0,-1,0,0,-1,-1,0,1,0,0,0,0,0,0,0,0,-1,0,0,0,0,-1,-1,0,-1,0,0,0,0,0,0,-1,0,0,0,1,0,0,0,0,0,1,1,0,0,-1,-1,0,0,-1,0,0,0,-1,0,-1,1
2841,0,0,0,0,0,-1,-1,0,0,0,1,0,0,0,0,0,1,0,0,0,0,0,0,0,-1,0,0,0,1,-1,0,0,0,-1,1,-1,0,1,0,1,0,0,0,0,0,1,-1,-1,0,0,0,-1,0,-1,0,0,-1,0,0,-1,0,0,1,0
2842,0,0,0,0,0,0,1,0,-1,0,0,0,0,0,0,-1,1,0,0,0,0,0,0,0,-1,1,0,1,-1,0,-1,-1,0,0,-1,-1,0,0,0,0,0,1,0,0,0,0,0,0,0,0,0,0,0,0,1,0,0,0,0,0,-1,1,0,-1
2843,1,0,-1,-1,0,0,0,0,0,0,0,0,0,-1,1,0,-1,0,0,0,0,-1,1,0,0,0,0,-1,0,0,0,0,0,0,0,0,1,0,0,1,0,0,1,0,0,0,0,0,0,1,0,-1,1,-1,0,0,0,0,0,0,-1,0,1,0
2844,0,0,0,0,-1,1,0,0,0,0,0,1,1,-1,0,0,0,0,0,0,0,0,1,0,1,0,0,0,0,0,0,-1,1,0,0,0,0,-1,0,-1,-1,1,0,-1,1,-1,0,0,0,0,0,0,0,0,0,0,0,-1,1,-1,0,0,1,0
2845,0,0,1,0,1,0,0,1,0,1,0,0,0,0,0,0,1,0,0,1,-1,0,0,0,-1,0,0,0,0,1,0,-1,1,0,0,0,0,1,0,0,1,0,0,0,0,-1,0,0,0,0,0,0,0,0,0,0,0,-1,0,0,0,0,0,0
2846,-1,0,1,0,1,0,0,0,0,1,-1,0,0,1,0,1,0,-1,0,0,0,0,0,1,0,0,0,0,-1,-1,1,0,0,0,0,0,1,0,0,0,0,-1,1,1,1,-1,0,0,1,1,0,0,0,0,0,0,-1,0,-1,0,0,0,0,0
2847,0,-1,0,0,-1,0,0,1,1,1,0,0,-1,0,1,1,1,0,0,0,0,0,0,0,0,0,0,-1,1,0,0,0,-1,0,-1,0,-1,1,0,0,0,0,0,0,0,0,1,0,0,0,1,0,0,0,0,0,0,0,1,0,1,-1,0,0
2848,0,0,0,0,-1,1,0,0,0,0,0,-1,0,0,-1,1,0,0,0,0,0,-1,0,0,-1,1,0,0,0,1,0,0,0,0,0,0,0,1,0,1,-1,1,0,0,1,0,-1,-1,0,0,0,0,0,0,0,0,0,0,0,-1,0,0,-1,0
2849,0,0,1,0,0,0,0,-1,0,1,-1,0,0,0,0,0,1,0,0,1,0,0,0,0,1,0,1,0,0,0,0,1,-1,0,0,0,0,0,0,-1,0,-1,1,0,0,0,0,0,-1,1,0,0,-1,0,-1,0,1,0,-1,0,0,0,0,0
2850,0,0,0,0,1,0,1,1,-1,0,0,0,0,0,0,-1,1,0,0,0,0,-1,0,0,0,0,0,0,-1,0,0,-1,1,1,-1,0,0,1,0,0,0,1,0,-1,0,0,-1,0,-1,0,0,0,0,0,-1,0,0,0,0,0,0,0,-1,0
2851,0,0,0,0,1,0,0,0,0,0,0,1,-1,1,0,1,-1,0,0,-1,0,0,0,0,0,-1,0,0,0,-1,0,0,0,1,1,-1,0,0,0,1,0,0,0,-1,0,1,0,0,0,0,-1,0,0,0,0,0,0,1,1,0,0,0,-1,0
2852,0,-1,0,1,0,-1,0,-1,0,0,0,0,1,0,0,-1,0,0,0,1,0,0,0,-1,0,1,0,0,1,-1,0,1,-1,0,0,0,0,0,1,1,1,0,0,1,1,0,0,-1,0,0,-1,0,1,0,1,-1,1,1,0,0,1,-1,0,0
2853,1,0,0,0,0,0,1,0,0,1,1,0,0,1,0,0,0,0,0,0,0,0,0,0,0,1,0,0,0,0,0,-1,-1,-1,1,0,-1,0,0,0,1,0,0,0,1,0,1,0,0,-1,0,0,0,0,0,0,0,0,-1,0,0,0,0,0
2854,-1,0,1,0,0,0,0,-1,0,0,0,-1,0,-1,0,0,0,0,1,-1,-1,0,1,1,0,0,0,0,0,0,0,1,1,0,0,-1,-1,1,0,0,0,0,0,0,-1,0,-1,-1,0,0,1,0,0,0,-1,-1,0,-1,0,0,0,-1,1,0
2855,0,1,0,0,1,0,0,1,0,1,0,-1,1,0,0,0,-1,0,-1,1,0,0,0,-1,0,0,0,0,0,-1,0,1,0,0,0,-1,1,-1,-1,0,0,-1,1,-1,0,1,1,0,-1,0,1,0,0,0,0,0,0,0,0,-1,0,0,-1,1
2856,-1,0,0,0,0,0,0,1,0,0,-1,-1,0,0,1,0,0,0,0,0,0,0,0,-1,0,0,0,0,0,0,0,0,0,0,-1,0,0,0,-1,1,0,0,0,-1,0,-1,0,0,-1,0,0,-1,0,0,1,0,1,0,1,0,-1,0,0,0
2857,0,0,0,0,0,1,1,-1,0,1,0,1,0,1,0,0,-1,0,0,1,0,1,0,0,-1,1,-1,0,0,0,0,0,0,0,0,-1,0,0,0,0,0,-1,1,0,0,0,0,0,0,0,0,1,1,0,-1,0,0,1,0,0,0,0,0,1
2858,1,0,1,0,0,0,0,0,0,0,-1,0,0,0,0,-1,0,0,1,1,0,0,0,0,0,-1,0,1,0,0,0,0,1,-1,0,0,0,0,0,0,0,0,0,0,0,0,-1,1,1,1,0,0,0,0,-1,0,0,0,0,-1,1,0,1,1
2859,0,0,0,0,0,1,0,0,-1,1,0,-1,0,0,-1,0,-1,-1,-1,1,0,0,0,0,0,1,1,0,1,0,0,0,-1,0,0,0,0,0,-1,1,0,1,1,-1,1,-1,0,0,0,-1,-1,0,0,0,0,0,0,1,0,0,0,-1,0,0
2860,0,-1,0,0,0,0,0,0,0,0,0,0,0,0,1,-1,-1,0,1,0,0,0,0,0,0,0,0,0,0,-1,0,0,1,-1,0,0,-1,0,0,0,0,0,0,0,0,0,0,0,0,0,0,0,0,1,0,0,1,0,1,0,0,-1,0,0
2861,0,0,0,1,1,0,0,-1,0,0,0,0,-1,1,0,0,0,0,0,0,0,0,0,0,0,-1,0,0,-1,-1,-1,0,-1,0,-1,0,1,0,1,0,1,0,0,-1,1,1,0,0,1,-1,-1,0,0,0,0,-1,0,0,0,0,0,-1,0,1
2862,0,0,0,0,0,0,0,0,0,0,0,-1,0,0,0,0,-1,0,1,0,0,0,0,0,0,1,0,0,0,-1,0,0,-1,1,0,0,1,-1,1,1,0,0,0,-1,1,0,1,0,0,1,0,-1,0,0,0,0,-1,-1,0,0,0,0,-1,0
2863,0,0,0,0,0,0,0,0,-1,-1,0,0,0,0,0,0,0,1,-1,-1,0,0,0,0,0,0,-1,1,0,0,0,-1,0,0,0,0,0,0,1,1,0,0,0,0,0,0,1,0,0,1,0,0,0,1,0,-1,0,1,-1,0,0,-1,0,0
2864,0,0,-1,0,1,0,1,-1,0,0,0,0,0,-1,0,-1,0,0,0,0,-1,-1,0,1,0,1,0,0,0,0,0,1,0,0,-1,0,0,0,-1,0,0,1,-1,1,0,-1,0,0,0,-1,0,0,0,0,1,0,1,0,1,-1,-1,0,0,-1
2865,0,0,1,0,1,1,0,1,0,0,0,0,0,-1,0,0,0,1,0,0,-1,1,0,0,-1,0,0,0,-1,0,0,0,0,0,-1,0,-1,0,0,1,0,0,0,0,1,0,0,0,1,0,1,0,1,-1,0,0,-1,0,1,0,0,0,0,0
2866,0,0,-1,0,-1,-1,-1,1,0,1,0,0,0,0,0,0,0,0,0,0,0,0,0,0,0,-1,0,-1,1,1,0,0,0,0,0,0,0,-1,0,1,0,0,1,0,1,0,0,-1,0,0,0,1,0,-1,-1,-1,0,1,0,0,0,0,0,0
2867,0,0,0,0,0,0,0,1,-1,0,0,0,0,0,-1,0,0,-1,0,0,0,-1,1,0,0,0,0,0,0,0,0,1,0,0,1,0,0,0,-1,-1,-1,1,1,-1,0,0,0,0,0,1,-1,1,-1,0,0,0,0,0,-1,-1,1,0,0,1
2868,1,0,0,0,-1,1,0,0,1,0,0,0,0,0,0,0,1,0,0,1,1,1,0,0,0,0,0,0,0,0,0,0,1,1,1,-1,0,0,0,1,0,0,0,-1,0,-1,0,0,0,0,0,0,0,0,0,1,0,0,0,0,0,-1,0,0
2869,0,0,-1,0,1,0,-1,0,0,1,0,0,0,0,-1,1,0,0,0,-1,0,0,-1,0,0,0,0,0,0,0,-1,1,0,0,0,0,-1,1,0,0,0,0,1,1,1,-1,0,0,0,0,0,-1,0,1,0,0,0,0,-1,0,0,1,0,0
2870,0,0,0,0,-1,1,0,0,0,0,0,0,0,0,0,0,1,-1,0,1,0,0,0,0,-1,0,1,0,0,0,0,0,0,0,1,0,0,0,0,0,0,1,0,0,-1,1,-1,0,0,0,1,0,1,0,0,0,0,0,0,0,0,1,0,-1
2871,0,0,0,0,0,0,1,0,0,0,0,1,-1,-1,0,0,0,1,0,0,0,0,0,0,0,1,0,0,0,-1,0,1,0,0,0,0,0,0,1,0,0,-1,0,0,0,0,1,0,0,-1,-1,0,-1,0,0,0,0,0,0,0,0,0,1,0
2872,-1,-1,0,1,0,0,-1,1,0,0,0,0,0,-1,0,0,1,0,-1,1,0,0,0,0,0,-1,-1,1,0,0,0,0,0,1,-1,-1,0,0,-1,0,0,0,0,0,0,0,0,0,0,0,0,0,1,0,-1,0,1,0,0,1,0,0,0,-1
2873,0,0,0,0,1,1,0,0,-1,0,0,-1,0,0,0,0,0,0,0,1,0,0,1,1,0,0,0,0,1,0,0,1,0,1,-1,0,-1,0,0,0,-1,0,1,-1,1,1,0,0,0,1,-1,0,0,-1,0,-1,0,-1,0,0,0,0,0,0
2874,0,-1,0,-1,-1,0,0,0,-1,0,0,-1,0,0,1,0,1,0,0,0,0,1,0,-1,0,0,-1,0,-1,1,0,0,0,0,1,0,0,0,0,0,1,-1,0,-1,1,0,0,1,0,0,0,0,0,0,-1,0,1,1,0,0,0,0,0,0
2875,0,0,1,0,-1,0,0,1,0,1,0,-1,-1,0,0,-1,-1,1,0,0,-1,0,0,0,0,0,-1,1,0,0,0,1,-1,0,1,0,-1,0,0,0,-1,0,0,0,1,1,0,0,0,-1,0,-1,1,-1,-1,0,-1,0,-1,-1,0,0,-1,0
2876,0,-1,1,0,0,-1,0,0,0,0,0,-1,0,0,-1,0,0,-1,0,0,0,0,0,0,-1,0,0,0,0,0,0,0,-1,0,0,0,-1,1,0,-1,0,0,0,0,0,1,0,-1,0,0,0,-1,0,0,0,-1,0,0,0,-1,0,0,-1,0
2877,0,0,1,0,-1,0,0,0,0,-1,-1,0,0,0,1,0,0,1,-1,0,0,0,0,1,0,0,0,0,0,-1,0,0,0,0,0,0,0,0,-1,1,1,0,1,1,1,0,1,0,0,1,1,0,0,0,-1,1,0,1,0,-1,1,0,0,-1
2878,-1,0,0,0,0,-1,-1,-1,-1,0,0,1,0,-1,1,0,0,0,1,0,-1,-1,0,0,0,1,-1,0,1,0,0,-1,0,0,1,0,0,0,0,1,-1,0,0,0,1,1,0,-1,0,-1,-1,1,1,-1,0,0,0,0,-1,0,-1,1,0,1
2879,0,1,-1,-1,0,0,-1,0,0,0,0,0,0,0,-1,-1,0,1,1,-1,0,1,0,0,0,-1,0,-1,0,0,0,0,1,0,0,1,-1,-1,0,0,0,0,0,-1,0,0,0,0,1,0,0,0,0,0,0,0,0,0,0,1,0,0,-1,-1
2880,-1,0,0,0,-1,0,0,0,0,0,1,0,0,0,1,0,0,1,1,0,0,0,-1,0,0,0,1,0,0,1,0,1,1,0,1,-1,0,0,0,1,0,-1,0,-1,-1,0,0,0,-1,0,-1,-1,0,0,0,0,0,0,0,0,0,0,0,0
2881,1,0,0,-1,0,0,1,-1,0,0,0,0,0,0,1,0,0,-1,0,0,0,0,-1,0,0,0,0,0,0,0,0,-1,0,0,1,0,0,0,0,1,0,0,1,0,0,0,1,0,0,0,0,-1,-1,0,0,-1,0,0,0,0,0,0,1,0
2882,0,1,0,1,0,0,0,0,1,0,1,1,0,0,0,0,0,0,-1,0,0,0,1,1,0,0,-1,0,0,0,-1,0,0,0,0,-1,0,1,0,0,0,0,1,0,1,-1,0,-1,0,0,0,-1,0,1,0,0,0,1,-1,0,1,1,-1,1
2883,1,0,1,0,0,1,-1,0,1,0,0,0,0,0,0,1,0,0,0,0,0,-1,0,-1,1,0,0,0,-1,0,0,0,0,0,1,0,0,0,0,0,0,0,-1,0,0,0,0,1,-1,0,1,0,0,0,1,1,1,-1,0,1,-1,0,0,1
2884,-1,1,-1,0,0,0,0,1,1,0,0,0,0,1,1,1,0,-1,-1,-1,0,0,0,-1,0,0,0,0,-1,1,0,0,-1,0,-1,-1,0,0,1,0,-1,1,0,0,1,1,0,0,-1,0,0,0,0,-1,0,1,0,0,0,0,-1,1,0,0
2885,0,0,0,0,1,0,0,0,1,1,0,0,1,-1,1,1,-1,-1,0,0,1,0,0,-1,1,0,-1,0,0,0,-1,0,0,0,0,1,-1,0,0,0,0,0,1,0,0,0,0,0,-1,0,1,0,0,0,-1,-1,0,0,-1,1,0,0,0,0
2886,0,0,0,0,0,0,0,-1,1,0,1,0,0,1,0,1,0,0,-1,0,0,0,0,0,0,0,0,-1,0,0,0,1,0,0,0,-1,0,0,-1,1,0,0,0,0,0,1,1,0,1,0,0,0,1,-1,0,0,0,0,-1,-1,0,1,1,-1
2887,-1,0,0,-1,0,0,0,0,0,-1,-1,-1,-1,1,0,0,-1,1,0,-1,-1,0,0,0,0,0,0,0,0,1,0,-1,0,0,0,0,0,1,-1,0,-1,0,0,0,0,0,0,0,0,0,1,0,0,-1,0,1,0,0,0,-1,0,0,0,0
2888,0,-1,0,0,1,0,-1,0,0,0,0,-1,1,0,-1,0,0,0,-1,-1,-1,-1,0,0,0,1,-1,0,0,-1,-1,1,0,0,0,-1,0,0,0,1,0,0,0,1,0,-1,0,0,-1,0,-1,0,0,0,0,0,0,0,0,0,1,0,1,0
2889,-1,1,0,1,0,-1,0,0,0,0,0,0,-1,0,1,-1,0,0,0,-1,-1,1,0,0,0,-1,-1,0,0,0,0,0,0,-1,0,0,0,-1,-1,0,-1,0,-1,0,0,0,0,0,0,1,0,1,0,0,0,0,-1,0,1,0,0,0,0,0
2890,0,-1,0,0,0,0,-1,0,0,0,0,0,0,1,-1,0,0,-1,-1,0,1,0,0,-1,0,0,0,-1,-1,0,0,0,0,-1,0,0,-1,0,-1,0,0,-1,0,0,-1,0,0,-1,-1,0,0,-1,0,-1,0,0,0,0,0,0,0,0,0,0
2891,-1,1,0,1,-1,0,0,0,0,-1,0,-1,1,1,0,1,0,-1,0,0,0,0,0,0,-1,0,0,1,0,0,0,0,-1,-1,0,0,0,0,1,0,0,0,0,0,0,0,1,-1,-1,0,1,0,1,0,1,0,0,-1,1,0,0,0,1,0
2892,0,1,0,1,0,0,0,-1,0,-1,0,0,0,0,1,0,0,0,1,-1,0,0,0,0,0,0,1,0,0,-1,0,0,0,0,0,-1,0,0,0,0,0,0,0,0,-1,0,0,0,-1,1,-1,1,0,0,0,0,1,0,0,0,0,0,0,0
2893,-1,0,0,0,0,0,0,0,0,-1,1,-1,0,-1,0,0,0,0,1,0,-1,0,0,0,0,0,0,0,-1,0,0,0,1,0,0,0,0,0,0,0,0,0,0,0,1,0,-1,0,-1,0,0,-1,1,0,1,0,1,0,-1,0,0,0,1,0
2894,1,0,0,-1,-1,0,0,0,1,1,0,0,0,0,-1,0,-1,-1,0,0,-1,0,0,-1,0,-1,0,-1,0,0,0,0,0,1,0,0,0,0,1,0,0,-1,-1,0,-1,-1,0,-1,0,0,0,-1,1,0,0,1,1,0,-1,0,0,0,1,0
2895,1,-1,0,1,0,0,0,0,0,0,1,0,0,0,0,0,0,0,1,0,0,0,-1,0,1,0,-1,-1,0,0,0,0,1,1,0,0,0,0,0,1,0,0,0,-1,0,0,-1,0,0,-1,0,0,1,0,0,0,-1,0,0,0,-1,0,1,1
2896,0,0,0,0,-1,1,0,-1,0,0,1,0,0,0,-1,1,0,1,0,-1,0,-1,-1,0,0,0,0,-1,0,0,0,1,0,-1,1,0,0,0,1,0,0,0,0,0,-1,0,0,0,1,0,1,0,0,0,0,0,0,0,0,0,0,0,0,-1
2897,1,0,0,0,0,0,1,0,1,0,0,0,-1,0,0,-1,0,0,0,-1,1,0,-1,-1,0,1,0,0,1,0,0,1,0,0,0,0,0,1,0,0,0,0,0,0,0,0,0,0,1,-1,1,1,1,0,0,0,1,1,0,0,-1,1,0,0
2898,0,0,1,0,0,0,0,0,0,0,-1,-1,0,0,0,0,0,1,0,0,-1,-1,-1,0,0,0,0,0,0,0,0,0,0,-1,0,0,0,-1,-1,-1,0,0,0,0,1,1,0,1,0,0,0,0,0,0,0,0,0,0,0,0,-1,0,-1,1
2899,1,0,0,0,-1,0,0,0,-1,-1,0,0,0,0,0,0,-1,0,0,0,0,-1,1,0,-1,-1,0,0,0,0,1,0,0,0,0,1,0,0,-1,0,0,0,-1,-1,0,-1,0,0,0,1,0,0,0,0,0,0,0,0,1,0,0,0,0,0
2900,0,0,0,0,0,0,1,0,0,0,0,1,0,1,-1,0,-1,0,0,0,0,0,-1,0,1,0,0,-1,0,-1,0,0,1,0,0,0,-1,0,0,1,1,0,0,-1,0,1,0,0,1,0,0,1,-1,0,0,1,0,0,0,-1,0,0,0,-1
2901,0,0,-1,1,0,0,0,0,0,0,1,-1,0,0,0,-1,0,0,0,0,-1,0,0,0,-1,-1,-1,0,1,0,0,-1,0,0,1,0,-1,0,0,-1,0,0,-1,0,0,-1,0,0,0,0,0,0,0,0,0,0,-1,0,0,0,-1,-1,0,-1
2902,0,-1,0,0,-1,0,1,0,1,0,0,1,0,1,0,0,0,0,1,0,0,0,1,0,0,0,0,0,-1,0,0,0,-1,-1,0,0,1,-1,0,0,0,0,0,-1,1,0,0,-1,0,0,0,0,0,0,-1,1,0,0,0,0,1,0,0,-1
2903,0,0,0,0,1,1,-1,0,-1,0,-1,0,0,-1,0,0,0,1,0,0,-1,-1,0,0,0,0,0,0,-1,0,-1,0,0,0,-1,0,0,-1,0,-1,1,-1,0,1,0,-1,1,0,0,1,0,-1,-1,-1,1,0,0,0,0,0,0,0,0,0
2904,0,1,0,0,0,0,0,0,0,0,0,0,-1,-1,0,-1,-1,0,0,0,0,0,1,1,-1,0,0,0,0,-1,0,0,0,1,-1,-1,0,-1,-1,1,0,1,0,-1,1,1,0,0,0,0,0,0,1,0,0,0,-1,0,0,0,0,0,-1,0
2905,0,0,0,0,0,0,0,0,0,-1,-1,0,1,0,-1,0,1,0,0,0,0,0,0,0,0,0,0,0,0,0,-1,-1,0,-1,1,1,0,1,0,0,0,0,0,0,0,0,-1,1,-1,0,1,0,-1,0,-1,0,0,0,0,0,0,0,0,0
2906,-1,-1,0,-1,-1,0,0,0,0,1,0,0,0,0,1,1,0,-1,-1,0,0,-1,0,0,0,-1,0,0,0,0,0,0,0,-1,0,0,0,1,0,-1,0,0,-1,0,0,0,1,-1,0,-1,0,0,0,0,0,0,0,-1,0,0,0,0,-1,-1
2907,0,1,0,-1,0,0,1,0,0,0,0,0,0,1,-1,0,-1,0,-1,0,1,1,-1,0,0,0,0,1,-1,0,0,0,1,-1,0,0,0,0,-1,0,0,0,0,0,0,-1,0,0,0,0,1,0,0,1,-1,0,0,1,-1,1,1,0,0,0
2908,0,0,-1,-1,1,0,0,0,1,0,-1,0,0,0,1,0,0,0,1,0,0,0,0,1,-1,0,0,0,0,0,1,0,-1,0,0,-1,0,1,0,0,0,0,0,0,0,0,1,0,0,0,0,0,0,1,1,-1,0,-1,-1,0,0,0,-1,-1
2909,-1,0,0,0,-1,0,0,1,0,-1,-1,1,0,0,1,0,0,0,0,1,-1,-1,0,0,0,0,0,0,0,-1,1,0,-1,0,-1,0,0,-1,0,0,0,0,-1,1,0,0,0,1,0,1,0,0,0,0,0,1,0,-1,0,0,-1,0,0,0
2910,0,1,0,0,0,1,0,-1,0,0,0,-1,0,0,0,1,0,1,0,1,0,0,0,0,-1,-1,0,-1,0,0,0,0,0,0,1,-1,1,1,0,0,0,0,-1,0,0,1,1,0,1,0,1,-1,0,0,0,0,0,0,1,-1,0,0,0,0
2911,0,0,-1,0,1,0,0,0,0,0,0,0,0,-1,-1,0,0,0,1,0,0,-1,0,1,1,-1,1,1,0,0,0,0,0,0,1,0,1,0,-1,0,1,0,1,0,-1,0,0,1,0,0,-1,0,0,0,-1,0,0,0,-1,-1,0,0,0,1
2912,0,0,-1,0,1,0,-1,0,0,-1,1,0,0,0,0,0,1,-1,-1,0,1,0,0,0,0,0,0,1,0,1,-1,0,0,0,0,0,0,0,0,0,-1,0,0,1,0,0,0,0,1,0,0,0,0,1,0,-1,1,0,1,1,1,0,0,0
2913,0,0,1,1,0,-1,0,1,-1,0,-1,1,1,0,1,1,1,0,1,1,0,0,0,1,0,0,0,0,0,0,0,1,1,-1,0,0,0,-1,1,0,0,1,1,0,-1,-1,0,0,0,0,0,-1,0,1,0,0,0,0,0,0,0,0,0,1
2914,-1,1,0,1,0,0,0,0,0,0,0,0,0,1,0,0,-1,0,0,-1,0,-1,1,0,0,0,1,0,1,0,0,0,1,0,0,0,0,0,0,1,0,-1,0,0,0,0,1,0,-1,0,0,0,0,1,0,0,1,-1,1,-1,-1,-1,0,0
2915,0,0,0,0,-1,0,-1,0,0,0,0,0,-1,1,0,1,0,0,1,0,0,0,-1,1,0,0,0,0,-1,1,0,0,-1,1,0,1,1,-1,0,0,0,0,-1,0,-1,0,1,-1,1,-1,-1,-1,0,0,0,0,0,0,0,0,0,0,0,0
2916,-1,0,0,0,0,-1,0,1,1,0,0,0,0,1,1,-1,0,1,-1,0,0,0,1,0,1,1,-1,0,0,0,1,0,0,0,0,0,1,0,1,1,0,0,1,1,1,1,0,0,0,0,0,0,0,0,-1,0,0,0,1,0,1,0,0,1
2917,1,-1,1,1,-1,0,0,1,0,0,0,0,0,0,0,0,0,0,0,0,0,1,0,0,0,0,1,0,-1,-1,0,0,0,0,0,0,-1,0,0,0,0,0,0,-1,0,0,1,0,0,0,0,0,0,1,0,0,1,0,1,0,0,0,1,0
2918,-1,0,0,-1,0,0,0,0,1,0,0,-1,-1,1,0,0,0,0,0,-1,1,0,1,0,-1,0,0,0,1,0,0,0,0,0,0,0,0,0,0,0,0,-1,0,0,0,-1,-1,0,1,-1,0,0,0,0,-1,0,1,0,0,0,0,0,0,1
2919,-1,1,0,0,0,0,0,0,-1,0,1,0,0,0,0,0,-1,1,0,1,1,0,0,0,0,-1,-1,0,0,-1,0,0,0,0,-1,0,0,0,0,0,0,-1,0,0,0,0,-1,-1,0,0,0,0,0,0,0,-1,1,0,-1,-1,0,0,0,0
2920,1,0,0,-1,-1,0,0,-1,0,-1,1,0,0,0,0,1,0,0,0,0,0,1,0,0,0,-1,0,0,0,0,1,1,1,0,0,0,0,0,0,-1,0,0,0,1,0,1,0,-1,0,1,0,-1,1,0,0,-1,0,0,0,1,1,0,0,0
2921,0,0,0,0,0,1,1,0,0,0,0,0,1,-1,0,1,0,1,0,0,-1,1,0,0,0,1,-1,0,0,0,0,0,1,1,0,0,0,1,-1,0,0,0,0,0,0,1,0,-1,1,0,0,0,-1,0,1,-1,0,0,1,0,-1,1,-1,0
2922,0,0,1,-1,0,0,1,0,0,0,0,-1,-1,0,0,0,0,-1,0,1,0,0,0,1,1,1,0,1,1,0,0,-1,0,0,1,0,1,1,0,0,0,0,0,-1,0,1,1,0,0,0,0,0,0,-1,0,1,0,0,1,1,0,0,0,0
2923,0,0,0,0,0,0,0,0,0,0,0,0,0,0,0,0,-1,0,0,1,-1,1,0,-1,0,0,-1,0,-1,1,1,0,-1,0,1,0,1,-1,0,0,-1,0,0,0,0,0,0,0,0,0,0,-1,1,0,-1,1,0,1,-1,0,0,0,0,0
2924,0,-1,0,0,0,1,0,0,0,0,1,-1,0,0,-1,1,0,0,0,0,1,0,1,0,0,-1,0,0,0,-1,0,0,0,0,0,0,0,0,0,1,1,0,0,0,0,0,0,1,1,0,0,0,0,0,0,-1,0,-1,0,1,0,0,0,0
2925,0,0,1,1,0,0,-1,0,-1,0,0,0,1,0,0,0,0,-1,-1,1,0,0,0,-1,1,0,-1,1,0,0,-1,0,0,0,0,0,0,0,0,0,0,0,0,-1,-1,0,1,0,0,0,0,0,0,-1,-1,0,-1,1,0,0,0,0,0,0
2926,-1,0,1,0,-1,0,-1,-1,0,1,0,0,0,-1,1,0,0,1,0,-1,0,1,1,0,0,-1,0,0,1,0,1,0,0,-1,-1,0,0,0,0,-1,1,0,0,0,0,0,0,0,-1,0,0,0,0,-1,0,0,-1,1,1,0,0,-1,-1,1
2927,0,1,-1,-1,0,0,0,-1,0,0,-1,-1,-1,0,0,1,0,0,-1,1,0,-1,0,0,1,0,0,0,0,0,1,0,-1,0,0,-1,0,-1,0,0,0,0,-1,-1,-1,1,0,0,0,1,0,1,0,0,1,0,0,-1,0,0,0,0,0,1
2928,1,0,0,-1,1,0,0,0,0,1,1,0,0,0,-1,0,1,1,0,0,0,0,-1,0,0,0,0,0,0,1,-1,0,0,0,-1,0,0,0,1,-1,1,0,0,0,0,0,-1,0,0,0,0,0,0,0,-1,0,1,0,0,0,0,1,0,1
2929,1,0,0,1,1,0,0,1,0,0,0,-1,0,0,0,0,0,1,-1,-1,0,0,0,0,0,0,-1,0,1,-1,0,0,1,-1,0,0,0,0,0,0,0,-1,0,0,0,1,1,0,-1,0,0,1,-1,0,0,1,0,0,1,0,0,0,-1,0
2930,0,0,-1,0,0,0,0,1,1,0,0,0,1,0,-1,1,0,-1,1,0,0,0,0,0,-1,0,0,0,1,1,0,0,0,0,0,0,0,0,-1,-1,0,0,0,0,0,0,0,1,0,0,0,0,-1,1,-1,0,0,1,-1,0,0,1,0,0
2931,0,1,0,0,0,-1,1,0,0,1,1,0,0,-1,1,0,0,1,0,1,1,0,1,0,0,1,1,-1,0,-1,0,-1,0,-1,-1,0,-1,0,0,0,0,-1,0,-1,0,0,-1,0,0,1,0,0,1,-1,-1,1,-1,0,0,0,1,0,1,1
2932,1,0,0,0,-1,-1,0,-1,0,0,0,-1,0,0,1,1,-1,0,0,1,1,0,0,-1,-1,0,0,0,0,0,0,0,1,1,0,0,0,0,-1,0,1,1,0,0,1,0,0,1,0,0,0,0,0,0,0,-1,-1,0,0,0,1,-1,0,0
2933,0,0,1,0,0,0,-1,0,0,0,-1,0,0,-1,0,0,0,0,1,0,1,0,0,0,1,0,0,0,1,0,0,0,-1,-1,-1,0,1,0,0,0,0,0,1,0,0,0,0,0,0,-1,0,0,1,0,1,0,1,-1,1,0,0,0,0,0
2934,1,0,-1,0,-1,0,-1,-1,1,0,0,0,1,0,0,0,0,0,-1,-1,0,0,0,0,0,0,0,1,0,-1,0,0,0,0,0,0,-1,0,0,0,0,0,0,0,0,0,0,0,0,0,0,0,0,0,1,0,1,-1,0,0,0,-1,0,0
2935,0,0,1,0,0,0,0,-1,0,0,0,-1,1,0,0,0,1,0,1,1,0,0,-1,-1,0,1,0,-1,-1,0,0,-1,-1,0,-1,0,0,0,-1,-1,0,0,0,0,-1,0,0,0,0,1,0,0,-1,0,0,1,0,1,-1,0,0,1,1,0
2936,-1,0,0,0,0,0,1,0,0,1,0,0,0,0,1,0,1,-1,0,0,1,-1,0,0,0,0,0,-1,0,-1,0,0,0,0,-1,0,0,0,0,0,0,0,0,0,1,0,-1,0,1,1,0,0,0,0,1,0,0,0,1,0,0,0,0,0
2937,0,0,-1,1,-1,0,1,1,0,0,1,1,1,1,-1,0,-1,0,0,0,-1,-1,-1,0,1,-1,0,0,0,0,-1,-1,0,1,1,0,0,0,-1,0,1,1,1,0,0,0,0,1,0,0,0,0,0,0,-1,1,0,0,-1,0,0,-1,0,0
2938,0,0,1,0,1,1,0,-1,0,-1,0,-1,0,0,0,0,0,0,0,0,0,-1,0,0,-1,0,0,1,0,0,0,-1,1,0,0,0,1,0,1,0,0,1,0,1,1,0,0,0,1,0,0,0,0,0,0,0,0,0,0,1,-1,0,0,0
2939,0,0,0,0,-1,-1,1,0,1,-1,0,-1,1,0,0,1,-1,-1,0,0,0,1,1,0,-1,0,-1,1,0,1,0,-1,0,-1,0,1,1,0,0,0,0,0,0,0,0,0,0,0,0,0,-1,0,0,0,0,0,0,0,1,0,0,0,-1,0
2940,0,0,0,0,0,0,-1,0,1,0,-1,0,-1,0,0,0,0,0,0,0,0,0,0,0,0,0,0,-1,0,0,1,1,-1,0,-1,0,-1,0,0,0,0,0,0,0,1,-1,1,0,0,0,0,0,0,-1,0,-1,0,-1,0,0,0,-1,0,0
2941,0,0,0,0,1,0,0,0,1,1,1,0,0,0,1,0,0,1,0,0,0,1,1,0,0,0,0,0,0,0,1,0,0,-1,0,1,1,0,-1,-1,0,0,0,1,0,-1,0,1,0,0,1,0,1,0,0,0,-1,1,0,0,1,-1,-1,0
2942,0,0,0,0,0,1,0,1,0,-1,0,0,0,0,0,-1,-1,-1,-1,1,0,-1,0,0,0,0,0,1,0,0,0,0,0,0,0,-1,0,0,0,0,0,0,-1,0,0,0,0,0,0,1,-1,0,0,-1,0,1,0,0,0,0,0,0,0,1
2943,0,-1,-1,0,0,1,-1,0,0,0,1,0,1,0,0,0,1,-1,1,0,0,0,-1,0,1,0,0,0,0,0,0,0,-1,0,0,0,0,-1,0,-1,0,0,0,0,-1,0,0,-1,-1,0,-1,0,0,0,0,0,-1,1,0,-1,1,0,0,-1
2944,1,-1,0,1,0,0,0,0,1,0,0,-1,0,0,0,-1,0,0,0,-1,0,0,0,1,1,0,1,1,0,0,0,0,0,0,-1,0,1,0,0,0,1,-1,0,-1,0,0,1,0,0,0,0,0,0,0,1,0,0,0,0,0,0,-1,1,1
2945,1,1,0,-1,0,0,0,0,0,0,-1,0,-1,1,0,0,0,1,0,-1,1,-1,1,0,1,0,0,0,0,1,0,0,0,1,1,1,0,-1,0,0,0,0,0,0,1,-1,0,0,0,0,0,0,0,-1,0,0,-1,0,0,0,-1,0,0,1
2946,0,-1,0,0,-1,0,0,0,1,0,0,-1,0,0,-1,1,0,0,0,-1,0,-1,0,0,1,1,0,1,1,0,0,0,0,0,0,0,0,0,0,0,0,0,-1,0,0,0,0,0,0,0,0,-1,0,1,0,0,0,0,1,0,0,0,-1,0
2947,0,0,0,0,0,0,1,1,1,0,1,-1,-1,0,1,0,0,1,1,1,0,1,1,0,0,0,0,1,0,0,0,0,1,0,0,0,-1,-1,0,0,0,0,0,0,0,1,-1,0,-1,0,0,1,0,1,-1,0,0,0,0,0,0,0,-1,0
2948,0,1,0,0,1,0,0,0,0,0,-1,0,0,0,0,0,0,1,0,0,-1,0,0,0,0,0,-1,0,-1,0,0,0,0,0,0,0,0,0,0,0,1,0,-1,0,-1,0,0,0,-1,1,0,0,0,0,0,0,0,0,-1,-1,0,0,-1,0
2949,0,0,0,0,-1,0,0,0,0,0,0,0,1,0,1,0,-1,0,-1,0,0,0,0,1,0,0,0,1,0,0,0,-1,1,1,0,0,0,0,0,0,0,0,-1,0,0,0,-1,0,0,1,0,0,-1,0,0,1,0,0,0,0,1,0,0,0
2950,1,0,0,1,0,1,0,1,0,0,-1,0,0,0,-1,0,1,0,0,0,0,0,1,-1,0,0,1,1,0,1,1,1,0,0,1,0,0,0,0,0,1,0,0,1,1,0,1,1,0,1,1,0,0,0,0,0,0,-1,1,0,1,0,0,0
2951,1,-1,0,-1,0,0,0,0,1,0,-1,0,-1,0,0,0,-1,0,0,1,0,0,0,-1,0,1,-1,-1,1,-1,0,0,0,0,1,-1,1,1,0,-1,0,0,-1,0,0,0,0,0,0,0,0,0,1,0,-1,-1,0,0,0,0,-1,-1,0,1
2952,1,0,0,0,0,0,0,1,1,0,0,0,0,1,-1,0,1,0,0,0,0,0,-1,1,0,0,0,0,1,1,0,1,-1,0,0,0,0,0,1,0,0,1,-1,0,0,0,0,0,0,0,0,-1,0,0,0,0,-1,0,1,0,0,-1,0,-1
2953,-1,0,0,-1,0,0,1,-1,1,0,-1,1,1,0,0,-1,-1,0,0,0,1,0,-1,1,0,-1,0,0,0,1,0,0,-1,0,0,0,0,0,0,-1,-1,0,0,0,0,1,1,1,0,0,1,0,-1,0,1,-1,1,0,1,1,-1,0,0,-1
2954,0,1,0,0,1,0,1,1,0,1,1,1,1,0,-1,0,0,-1,0,0,1,1,-1,1,0,-1,0,0,0,0,0,0,-1,0,1,1,0,0,0,0,0,-1,0,0,0,0,0,0,0,0,0,-1,0,0,0,1,0,1,0,-1,0,0,0,0
2955,0,0,0,1,0,0,0,0,1,-1,0,-1,0,0,0,0,0,0,1,-1,0,0,0,0,0,1,1,0,-1,0,0,0,0,-1,0,0,0,0,0,1,0,0,0,0,0,0,-1,0,0,0,0,1,-1,0,-1,0,0,0,0,0,0,0,0,1
2956,0,0,1,0,-1,0,0,1,0,0,0,1,1,1,0,0,0,-1,0,1,-1,0,0,-1,0,0,0,0,0,1,0,0,0,1,0,0,0,-1,0,1,0,-1,-1,-1,0,0,0,-1,1,0,0,1,0,1,1,0,0,0,-1,0,0,1,1,0
2957,0,-1,0,1,0,-1,0,0,1,0,0,1,1,0,-1,0,0,0,1,1,0,0,0,1,0,0,-1,1,0,1,0,0,-1,1,-1,0,-1,1,-1,0,0,0,0,1,-1,0,0,0,0,0,-1,0,0,0,1,0,-1,0,-1,1,1,-1,0,0
2958,0,0,1,1,0,0,0,0,0,1,1,-1,-1,-1,1,1,0,0,0,-1,0,0,0,0,1,1,0,0,-1,0,-1,0,0,0,0,0,0,1,-1,0,0,-1,0,1,0,0,0,-1,0,-1,0,1,0,1,0,0,0,1,0,0,0,0,1,1
2959,1,0,0,1,0,0,0,1,0,0,-1,0,0,-1,0,0,0,0,0,1,1,0,-1,0,1,0,0,0,0,0,-1,0,0,0,0,0,1,0,0,0,0,0,-1,0,0,0,0,0,0,1,-1,1,-1,1,0,0,0,1,0,-1,0,0,0,0
2960,-1,0,0,1,1,0,0,0,0,1,1,0,-1,1,0,0,0,0,1,0,0,0,0,-1,0,0,1,0,0,1,0,0,0,1,0,1,0,0,0,0,0,0,0,0,-1,0,-1,-1,0,1,0,0,1,0,0,0,1,0,0,0,-1,0,0,0
2961,1,1,0,1,0,0,-1,-1,1,0,0,0,0,1,0,0,0,0,0,0,1,0,0,0,0,0,0,-1,1,0,-1,1,0,0,0,0,0,0,0,0,0,-1,0,-1,0,0,1,0,0,0,0,1,-1,0,0,0,0,1,0,-1,-1,0,0,0
2962,-1,1,0,0,-1,0,-1,0,1,1,0,1,-1,-1,0,0,0,-1,0,0,0,-1,-1,0,0,0,1,1,0,-1,0,0,0,0,0,0,0,0,-1,1,0,-1,1,0,1,0,0,1,-1,0,0,1,0,1,1,0,0,0,0,1,0,0,-1,0
2963,0,0,0,0,-1,0,0,0,0,1,0,0,1,0,1,1,1,-1,1,0,0,0,0,-1,0,0,-1,0,0,0,0,0,0,0,-1,1,1,1,0,-1,0,0,-1,0,1,0,0,0,0,0,0,0,0,0,-1,0,0,0,0,-1,0,1,1,1
2964,-1,0,1,1,1,0,0,0,0,0,0,0,0,0,0,1,-1,-1,1,0,1,0,0,0,1,1,0,0,0,1,0,0,0,-1,0,0,0,0,0,0,-1,0,0,1,0,-1,1,1,1,-1,0,0,0,0,0,0,0,1,0,0,0,1,1,0
2965,0,0,0,0,0,0,1,1,0,0,0,0,-1,0,1,0,-1,0,0,0,0,1,0,0,-1,0,0,0,0,0,0,0,0,0,-1,0,0,1,0,1,1,0,0,0,0,1,0,0,0,0,0,0,0,1,0,-1,0,0,0,0,0,0,0,0
2966,0,0,-1,0,0,1,0,-1,1,0,1,0,0,-1,0,-1,0,0,0,0,-1,0,1,1,0,1,0,0,0,-1,0,0,0,1,0,0,0,1,1,0,0,-1,1,0,0,1,-1,0,0,0,0,0,0,0,0,0,0,1,0,1,-1,1,1,1
2967,0,0,0,-1,0,-1,0,0,0,-1,0,0,0,-1,0,1,0,0,0,0,1,0,-1,0,-1,0,0,0,1,0,0,0,0,1,0,-1,0,0,-1,0,0,1,0,0,-1,0,0,0,-1,0,1,0,0,-1,0,0,-1,0,1,1,0,-1,0,0
2968,-1,0,1,-1,0,1,0,0,0,0,-1,0,0,0,0,1,0,1,-1,1,-1,0,-1,0,-1,0,0,0,0,1,0,0,0,-1,0,1,0,0,0,0,1,0,0,0,0,0,0,1,1,0,-1,0,0,0,0,0,-1,0,0,0,0,0,0,0
2969,1,0,-1,0,-1,0,1,0,0,-1,0,0,0,0,-1,0,0,0,0,-1,1,-1,0,0,1,-1,-1,0,0,1,0,1,0,0,0,0,0,0,0,0,1,0,0,1,1,1,-1,0,-1,0,-1,0,0,0,-1,-1,0,-1,0,-1,1,-1,-1,0
2970,0,0,0,0,0,0,0,0,0,1,0,0,-1,-1,-1,1,0,0,1,0,0,0,0,0,0,0,0,1,-1,-1,0,0,0,0,0,-1,-1,0,1,0,0,0,1,0,0,0,1,0,0,0,1,0,0,0,0,0,0,0,0,1,1,-1,0,0
2971,0,0,-1,0,-1,0,0,0,0,0,0,-1,0,0,0,0,1,0,0,0,0,-1,0,-1,0,0,-1,0,0,0,0,-1,0,0,0,-1,0,-1,0,0,0,1,0,0,0,0,-1,0,0,1,1,1,0,-1,-1,0,1,0,0,0,0,0,0,1
2972,0,0,1,0,0,0,0,0,0,0,-1,0,0,0,0,-1,1,1,0,0,0,0,-1,0,-1,0,-1,0,0,0,0,-1,0,-1,0,-1,0,0,0,0,0,0,0,1,0,-1,0,1,0,1,0,0,0,0,1,0,0,0,0,0,-1,0,1,1
2973,0,0,1,0,0,0,0,0,-1,1,1,-1,0,-1,0,-1,0,0,-1,-1,1,0,0,0,1,0,0,0,1,-1,-1,1,0,0,-1,-1,-1,0,0,0,0,0,0,1,0,0,0,0,0,0,1,0,-1,0,1,0,0,1,0,0,1,0,0,0
2974,0,0,-1,0,0,1,0,-1,-1,-1,0,0,0,0,0,0,1,-1,0,0,-1,0,-1,0,0,1,1,0,-1,0,0,0,0,0,0,0,0,0,0,0,-1,0,0,0,0,0,0,-1,1,1,0,0,0,0,0,0,0,0,0,0,0,0,0,-1
2975,0,0,0,0,1,0,0,0,1,0,-1,0,1,0,0,0,0,0,0,0,0,0,0,0,0,0,0,0,-1,-1,-1,0,1,1,1,0,1,0,0,0,1,0,0,1,-1,0,0,0,0,0,0,0,-1,0,0,0,1,-1,0,0,0,0,0,0
2976,-1,0,0,0,-1,-1,0,0,-1,0,-1,0,-1,-1,0,0,1,0,0,0,0,1,0,-1,0,0,0,0,0,0,1,-1,1,-1,1,1,0,1,-1,1,0,0,-1,0,0,0,0,0,0,1,0,-1,0,1,0,1,1,1,0,1,0,1,0,0
2977,1,0,0,0,0,0,1,0,0,0,0,0,0,0,0,0,0,0,-1,-1,0,0,1,1,0,0,0,0,-1,0,0,0,0,1,0,0,0,0,0,0,0,1,-1,-1,1,1,0,0,-1,-1,0,0,0,0,0,0,0,0,-1,0,-1,-1,0,0
2978,0,0,0,1,0,0,0,-1,-1,0,0,0,1,1,-1,0,0,0,1,-1,-1,0,-1,1,0,0,0,0,0,0,0,0,1,-1,-1,0,0,0,-1,0,-1,-1,0,0,0,0,1,-1,1,0,0,0,0,0,-1,0,0,-1,0,0,0,0,1,0
2979,0,0,0,0,1,0,-1,0,-1,0,1,0,0,0,0,0,1,-1,0,0,0,-1,-1,0,0,1,0,0,1,0,0,0,1,0,0,0,0,1,0,0,1,0,1,0,0,0,0,-1,0,0,0,0,-1,0,0,-1,0,0,0,-1,0,0,0,-1
2980,0,0,0,0,0,0,1,1,0,0,0,0,1,0,1,0,1,1,-1,0,0,0,0,1,-1,1,0,-1,-1,0,0,0,1,1,0,0,0,0,0,0,0,0,-1,0,1,0,-1,0,0,0,0,0,1,0,-1,0,1,0,0,0,0,0,-1,0
2981,0,0,0,1,0,0,-1,0,0,0,0,0,1,0,0,0,0,-1,0,1,0,0,0,0,0,1,-1,0,-1,-1,0,0,1,0,-1,0,0,0,1,0,0,1,1,-1,-1,-1,0,0,-1,0,0,0,0,0,-1,-1,0,0,-1,0,0,0,0,0
2982,1,0,-1,0,1,-1,0,0,1,1,0,0,0,0,1,-1,-1,0,0,0,0,0,0,1,0,0,0,-1,0,0,1,0,0,-1,0,0,0,0,0,-1,1,-1,1,-1,0,-1,1,0,0,-1,-1,-1,0,0,1,0,1,1,0,0,0,0,-1,0
2983,0,0,0,0,1,-1,0,1,-1,0,0,-1,0,-1,0,0,-1,0,0,0,0,1,1,0,0,0,0,0,0,0,1,0,0,-1,0,0,0,0,0,0,0,0,0,0,1,-1,1,1,-1,1,1,0,1,0,0,0,0,1,0,0,1,1,0,0
2984,0,-1,-1,0,0,0,0,1,0,0,0,0,0,0,0,1,0,1,1,1,0,1,-1,-1,1,0,0,0,0,-1,0,0,0,0,0,-1,0,0,0,0,0,0,-1,0,0,0,0,1,0,0,0,0,0,0,-1,0,-1,0,0,0,-1,-1,0,0
2985,1,0,0,0,0,0,0,1,0,0,0,-1,0,0,1,0,0,-1,0,0,0,0,1,0,0,1,1,0,0,1,1,0,1,0,0,0,0,0,0,1,0,0,0,0,0,0,0,0,1,0,0,0,0,0,1,0,0,1,0,0,1,0,0,0
2986,0,0,0,-1,0,0,1,-1,0,1,1,0,1,0,1,0,0,0,1,-1,0,0,-1,0,0,0,0,0,0,0,1,0,-1,-1,0,1,0,0,0,1,0,0,0,0,0,1,0,0,0,0,0,-1,0,0,0,0,1,0,1,-1,-1,0,0,0
2987,0,0,0,0,1,0,-1,0,0,-1,0,0,0,1,0,0,0,0,0,0,1,0,0,1,1,0,-1,-1,0,1,-1,0,1,1,1,-1,0,0,0,0,1,0,1,0,0,1,-1,-1,0,-1,0,0,0,-1,-1,-1,0,0,0,0,0,0,1,1
2988,0,0,0,-1,0,0,0,0,-1,0,0,0,0,0,0,0,0,0,0,0,0,0,0,0,1,0,0,-1,0,0,0,0,0,0,0,0,0,1,0,0,0,-1,0,0,1,0,0,1,-1,0,0,0,0,-1,0,0,-1,0,-1,1,-1,0,-1,1
2989,0,0,0,0,0,0,-1,0,1,0,-1,1,0,0,0,0,1,0,0,0,0,1,0,0,1,-1,-1,-1,0,0,0,1,0,-1,1,-1,0,0,1,0,0,0,0,0,0,0,0,0,-1,-1,0,1,1,1,0,0,0,0,-1,0,0,0,-1,0
2990,0,0,0,0,1,0,0,0,0,0,1,0,0,0,0,1,0,0,0,-1,-1,1,0,0,0,-1,0,-1,0,0,1,0,1,0,0,1,0,0,1,0,0,0,1,0,0,0,0,0,0,0,0,-1,-1,0,1,0,-1,0,0,-1,0,0,0,0
2991,0,0,1,0,0,0,1,0,0,1,0,1,0,1,0,0,0,0,0,1,0,0,-1,0,0,0,0,0,0,0,0,0,-1,0,0,1,0,0,1,0,0,0,0,0,0,0,0,0,1,0,0,1,-1,0,0,0,0,1,-1,0,0,1,0,0
2992,1,0,0,0,-1,0,1,-1,0,0,1,0,0,0,0,0,0,0,1,0,0,0,1,-1,0,1,0,0,1,0,-1,0,0,-1,0,0,1,0,0,0,0,0,0,0,-1,0,0,0,0,-1,-1,0,0,-1,1,0,0,0,0,0,0,-1,0,-1
2993,0,0,0,0,0,0,0,1,0,-1,0,0,1,0,1,0,0,0,0,0,0,1,0,0,-1,1,0,0,0,1,0,0,0,1,0,0,1,-1,-1,0,0,0,0,0,-1,0,1,-1,0,0,0,1,0,0,0,0,-1,1,0,1,0,0,1,0
2994,-1,1,0,0,0,0,0,-1,0,0,0,0,0,0,0,0,0,0,0,0,0,0,0,0,0,0,1,0,0,0,1,0,1,0,0,0,0,1,0,1,-1,0,-1,0,1,0,0,0,0,0,0,0,0,1,1,1,-1,0,0,0,-1,0,1,1
2995,0,0,0,1,-1,0,0,0,1,0,0,0,0,0,0,1,-1,1,1,0,0,0,0,1,1,0,0,0,0,0,-1,0,0,0,0,0,1,0,0,0,0,-1,1,0,0,0,0,0,0,1,1,0,0,0,-1,0,0,0,-1,1,0,0,0,0
2996,0,0,0,0,0,0,-1,0,0,-1,0,-1,0,0,0,-1,0,1,0,1,0,0,0,0,0,0,0,0,0,0,0,1,0,0,0,0,-1,0,-1,1,0,0,0,0,1,0,0,0,1,0,1,1,-1,-1,1,0,0,0,0,0,0,1,1,0
2997,0,0,0,0,0,0,0,0,0,0,1,-1,0,0,0,-1,0,0,1,0,1,0,-1,0,-1,0,-1,-1,0,1,1,0,1,0,0,-1,0,0,0,0,0,-1,0,0,0,1,1,0,-1,0,-1,0,0,0,1,0,1,0,0,0,0,0,0,0
2998,0,0,0,0,0,0,0,0,0,0,0,0,1,0,0,0,0,-1,0,0,-1,1,0,1,1,0,0,1,0,-1,0,0,0,0,0,1,0,0,0,0,0,0,1,1,0,0,0,1,-1,0,1,1,0,0,0,0,-1,1,0,0,0,-1,0,0
2999,0,0,0,0,0,0,0,0,1,0,0,0,-1,0,-1,0,0,0,0,0,0,0,0,-1,0,0,0,-1,0,0,0,0,0,0,0,0,-1,0,0,0,0,0,0,0,-1,0,0,0,0,0,0,1,0,-1,0,0,-1,1,0,-1,0,0,0,1
3000,0,0,1,0,1,1,0,1,0,0,0,0,0,1,-1,0,0,0,0,0,0,0,-1,1,0,-1,-1,0,0,0,-1,-1,-1,1,0,0,0,1,-1,0,0,1,0,0,-1,0,0,-1,0,0,0,0,0,0,0,0,0,0,0,0,0,0,1,0
3001,1,-1,0,-1,0,0,0,0,1,0,0,-1,0,0,0,0,0,0,-1,-1,0,0,0,1,0,0,-1,-1,0,-1,1,0,0,0,0,0,0,-1,0,0,0,1,1,0,1,0,0,0,-1,0,0,-1,-1,-1,-1,1,-1,0,0,0,-1,0,0,-1
3002,-1,0,1,0,0,0,1,0,0,0,-1,0,0,-1,0,0,0,0,-1,0,0,0,-1,0,-1,1,0,0,-1,1,0,0,0,0,1,1,0,0,0,0,-1,0,0,-1,0,0,-1,-1,0,0,-1,1,0,-1,1,0,0,0,0,0,0,0,0,0
3003,0,0,0,0,0,-1,1,1,0,0,0,0,0,0,0,1,-1,0,0,0,0,0,-1,0,0,0,0,0,0,0,0,0,1,-1,0,1,-1,-1,0,0,0,1,0,0,0,1,-1,1,0,-1,0,0,0,0,0,-1,-1,0,-1,1,-1,1,-1,0
3004,0,0,-1,0,1,0,-1,0,-1,1,0,0,1,-1,0,0,0,0,0,0,0,-1,1,1,0,-1,0,-1,0,0,-1,1,0,0,0,0,1,0,0,0,-1,0,0,0,1,0,-1,0,1,0,0,1,0,0,-1,0,0,1,0,0,0,1,-1,1
3005,0,0,0,0,0,0,0,-1,0,1,1,0,-1,1,-1,0,0,0,0,0,-1,0,0,-1,-1,1,0,0,0,-1,0,0,0,0,0,1,0,0,0,0,0,0,0,0,0,-1,0,-1,0,0,-1,-1,0,0,0,0,0,-1,0,0,0,1,0,0
3006,0,-1,0,-1,-1,0,-1,1,-1,0,0,-1,0,-1,0,0,0,0,1,-1,0,0,1,0,0,1,1,0,-1,0,1,0,0,1,1,0,0,0,-1,-1,0,0,0,0,0,0,0,0,1,0,1,0,0,0,-1,1,1,0,1,1,0,0,1,-1
3007,0,0,0,0,0,-1,0,0,1,-1,-1,1,0,-1,1,0,-1,0,0,-1,0,0,0,0,0,-1,0,-1,1,1,0,0,0,0,0,1,0,0,0,0,0,0,0,0,0,1,-1,0,-1,0,-1,0,0,0,0,0,-1,1,0,-1,0,0,0,0
3008,0,0,0,0,0,-1,0,0,0,0,-1,0,1,0,-1,0,0,1,0,0,-1,0,0,0,0,0,0,1,0,0,1,0,-1,1,0,-1,-1,0,0,-1,1,0,0,0,-1,1,0,-1,0,0,0,0,0,-1,1,0,0,0,0,0,0,1,0,0
3009,-1,0,1,0,0,0,0,0,0,0,0,0,0,0,-1,-1,0,-1,0,0,0,0,-1,0,0,-1,0,0,0,-1,0,1,0,0,0,0,0,0,0,0,0,0,-1,-1,0,1,0,1,1,0,0,0,1,-1,0,0,1,0,0,1,0,-1,0,-1
3010,-1,0,0,0,0,0,0,0,0,0,0,0,0,-1,0,0,1,0,-1,0,0,0,1,0,0,0,0,1,0,0,-1,1,0,-1,0,0,0,0,-1,1,0,-1,0,1,-1,1,0,1,1,0,1,0,0,-1,0,1,0,0,0,0,0,0,0,0
3011,0,0,1,0,-1,0,1,0,0,1,-1,0,0,0,-1,0,0,0,0,0,0,1,0,0,0,0,1,0,0,1,-1,1,0,-1,-1,0,-1,0,-1,0,0,0,-1,1,0,0,0,0,1,0,0,0,0,0,0,0,0,0,0,0,-1,0,0,0
3012,0,1,-1,0,-1,0,0,1,0,0,-1,0,0,0,-1,-1,0,-1,0,-1,0,0,0,0,1,0,0,1,0,1,0,0,0,0,0,0,0,-1,0,1,0,-1,0,0,0,-1,0,-1,1,0,0,0,0,0,0,0,1,1,0,0,0,0,1,-1
3013,0,-1,-1,0,0,0,0,0,0,0,-1,0,0,0,0,1,-1,0,0,0,1,-1,0,0,-1,0,0,-1,0,0,0,-1,0,-1,-1,1,0,0,-1,0,0,0,0,-1,0,0,0,0,0,1,0,-1,0,-1,0,-1,0,1,-1,0,0,0,0,0
3014,1,0,0,-1,-1,0,0,1,0,0,0,-1,0,1,1,0,0,-1,-1,-1,1,0,0,1,0,-1,0,0,-1,1,0,1,0,-1,0,0,0,0,0,0,0,1,0,1,1,0,0,0,-1,-1,0,0,0,-1,0,-1,0,1,-1,0,0,0,0,-1
3015,1,0,0,-1,-1,-1,0,0,0,0,0,0,0,-1,-1,1,0,1,0,0,0,-1,0,0,-1,0,0,0,0,-1,1,0,0,0,0,-1,0,0,0,0,0,0,0,0,0,0,1,0,0,0,1,0,0,0,0,0,0,0,0,0,0,0,0,0
3016,-1,0,1,-1,0,-1,0,0,-1,-1,0,0,1,0,0,1,0,-1,-1,0,0,1,0,0,1,0,0,-1,0,0,0,0,0,0,-1,1,-1,0,-1,-1,1,-1,-1,0,0,0,0,1,0,0,0,0,1,0,0,-1,0,0,1,1,0,-1,0,1
3017,1,0,0,-1,0,1,0,-1,0,0,0,0,0,0,0,0,0,-1,0,-1,-1,-1,0,0,0,0,0,0,1,-1,0,0,1,-1,0,0,0,0,-1,0,1,0,0,0,0,0,0,0,-1,1,0,1,-1,1,0,1,0,-1,1,0,1,-1,0,0
3018,-1,0,0,0,0,1,1,0,1,0,1,1,0,-1,0,1,0,0,-1,-1,0,1,1,0,0,0,0,1,1,-1,0,0,0,0,1,0,0,0,-1,0,0,0,0,0,0,0,-1,0,0,-1,0,-1,1,0,0,0,0,0,0,1,1,0,0,0
3019,1,0,0,0,1,0,-1,0,-1,0,0,0,0,-1,1,0,1,1,0,1,0,1,0,1,0,-1,0,0,0,0,0,0,0,0,0,0,0,0,0,0,-1,0,0,0,0,0,-1,0,0,0,0,0,1,0,-1,0,0,0,0,0,0,1,0,0
3020,-1,0,0,0,1,0,1,1,0,0,0,0,-1,0,-1,1,-1,-1,1,0,0,1,1,-1,0,0,0,0,0,0,1,-1,0,1,0,0,0,0,0,0,-1,0,0,0,1,-1,0,0,0,0,0,0,0,-1,0,0,-1,0,-1,0,0,1,0,0
3021,0,1,-1,0,0,1,0,-1,0,1,-1,0,1,1,-1,-1,0,0,0,0,0,0,1,0,0,-1,0,0,-1,0,-1,0,0,-1,-1,1,1,0,0,-1,0,0,-1,0,0,0,0,0,1,0,0,0,0,-1,0,1,-1,-1,0,1,0,0,0,0
3022,1,0,0,0,0,0,-1,0,1,0,0,0,0,-1,0,-1,0,0,0,1,1,0,-1,0,0,0,0,0,0,0,0,-1,0,-1,0,0,-1,0,-1,0,0,0,0,0,-1,0,0,-1,0,0,1,-1,0,0,1,0,0,-1,0,0,-1,-1,0,0
3023,-1,-1,0,0,0,-1,0,0,0,-1,1,0,0,-1,0,0,0,0,0,0,0,-1,1,0,-1,0,1,0,0,0,0,0,0,0,0,0,0,1,0,1,1,0,1,-1,0,-1,0,1,0,0,-1,0,-1,0,0,-1,-1,0,0,0,1,0,0,0
3024,0,-1,0,1,0,0,0,-1,0,-1,0,0,0,-1,1,0,-1,1,0,0,0,0,-1,0,0,0,0,1,-1,0,0,0,0,0,0,0,0,0,0,0,1,0,-1,1,0,0,0,1,0,0,-1,-1,1,1,1,1,0,0,1,0,-1,-1,1,0
3025,1,-1,0,0,0,0,0,0,1,1,0,0,-1,0,0,1,0,-1,0,0,0,-1,0,0,-1,0,0,0,0,0,1,0,0,0,0,-1,0,1,0,0,-1,1,0,0,-1,1,0,0,0,0,1,0,0,0,0,0,-1,0,0,-1,0,0,0,0
3026,-1,0,-1,0,0,0,0,0,1,-1,1,1,0,0,0,0,0,-1,1,0,0,0,1,-1,-1,0,0,0,-1,0,1,0,1,0,0,0,0,0,0,0,-1,0,0,0,0,-1,0,-1,0,1,-1,0,0,0,0,0,-1,0,0,-1,0,0,0,0
3027,1,0,0,1,0,0,0,0,1,0,0,1,0,0,0,0,-1,1,0,0,0,1,0,0,0,0,0,0,0,1,1,0,0,1,-1,0,0,0,-1,0,0,0,0,0,0,0,0,0,0,1,0,-1,1,-1,0,0,0,1,0,0,1,0,1,1
3028,-1,0,0,0,0,0,0,0,1,0,-1,0,0,0,0,-1,-1,1,1,0,-1,1,0,1,0,0,0,1,-1,1,1,0,1,0,0,0,0,0,1,0,0,0,0,0,0,0,0,1,0,1,0,-1,0,-1,0,0,1,-1,0,0,0,1,0,0
3029,0,-1,0,-1,-1,0,0,0,0,1,0,-1,1,0,0,0,-1,-1,0,0,0,0,0,-1,0,0,0,1,0,-1,0,0,0,0,0,0,0,0,0,0,1,1,1,0,0,0,0,0,0,1,0,0,1,0,0,0,0,0,0,0,0,-1,0,0
3030,0,0,1,0,0,-1,-1,0,0,1,0,-1,1,-1,0,-1,0,1,0,0,0,0,0,0,-1,0,-1,-1,-1,-1,-1,-1,0,0,0,1,0,-1,1,0,0,0,1,0,0,0,0,0,0,0,0,0,0,0,0,0,0,-1,-1,0,0,0,1,0
3031,0,0,1,1,-1,0,0,0,0,-1,-1,0,0,0,-1,0,0,-1,0,0,0,0,0,0,-1,1,1,1,0,0,0,-1,0,0,0,-1,1,0,0,0,-1,0,1,-1,0,0,0,0,-1,0,0,0,0,0,-1,-1,0,-1,-1,-1,-1,0,0,0
3032,0,0,1,0,0,0,0,0,0,0,0,0,0,1,0,-1,-1,-1,1,-1,0,0,0,0,-1,1,0,0,-1,-1,0,0,0,1,-1,0,0,0,-1,1,0,0,0,0,-1,0,0,0,-1,0,1,0,0,-1,1,0,1,0,0,-1,0,1,0,0
3033,1,-1,0,0,1,0,0,-1,0,0,0,0,0,0,-1,0,0,1,0,0,0,-1,0,0,0,-1,0,0,0,0,0,0,0,0,0,0,1,0,0,0,1,0,0,0,0,0,-1,0,0,0,1,0,-1,1,0,0,0,0,0,-1,-1,0,-1,0
3034,0,1,0,1,0,-1,0,0,1,0,0,1,0,0,0,-1,0,0,-1,1,-1,0,-1,0,1,1,0,0,0,0,0,1,0,1,0,0,0,0,1,0,1,1,0,1,0,0,0,0,0,1,1,-1,-1,1,0,1,0,0,0,0,1,0,0,0
3035,-1,0,0,0,0,-1,1,1,-1,0,0,-1,-1,0,1,0,0,-1,0,0,0,0,0,1,-1,-1,-1,-1,-1,1,0,0,-1,0,0,0,0,0,0,0,0,0,0,-1,0,0,1,0,-1,1,0,0,0,1,0,0,0,0,0,0,0,0,0,1
3036,0,0,0,0,0,-1,0,-1,-1,-1,0,0,0,1,-1,0,1,1,1,0,0,1,0,0,0,1,0,1,0,1,0,1,-1,0,-1,0,-1,0,0,0,0,0,0,0,0,0,-1,0,0,0,0,1,0,0,0,0,0,0,-1,0,0,0,0,0
3037,0,-1,-1,1,0,-1,1,0,0,0,0,1,-1,0,0,0,0,0,0,-1,0,0,-1,0,-1,-1,0,-1,0,0,-1,0,0,-1,0,0,1,0,0,0,0,-1,-1,0,0,0,0,0,0,0,0,0,0,0,0,0,0,0,0,-1,-1,1,0,0
3038,0,0,0,0,1,1,-1,0,0,-1,0,1,0,1,0,0,0,0,0,0,1,0,0,-1,0,0,0,0,0,0,0,0,0,0,0,0,1,0,-1,0,0,0,-1,0,0,0,0,0,1,0,-1,0,0,-1,-1,0,0,0,-1,-1,0,1,0,0
3039,0,0,0,0,0,0,0,1,-1,-1,-1,0,1,0,1,0,0,1,0,0,0,1,0,-1,0,0,0,0,0,1,0,0,0,0,-1,0,0,0,-1,0,-1,0,1,0,-1,0,0,0,0,0,-1,0,0,-1,0,-1,0,0,0,0,0,0,0,0
3040,-1,1,0,0,-1,0,0,1,0,0,0,-1,1,1,-1,1,0,1,0,1,0,0,-1,0,0,0,0,0,0,0,1,1,0,0,0,1,0,0,0,1,0,0,0,0,-1,0,0,1,0,1,0,0,0,-1,-1,0,-1,0,0,0,0,-1,1,-1
3041,0,0,-1,0,0,0,0,1,0,0,0,0,0,0,-1,1,0,0,0,0,0,1,0,0,0,1,0,0,0,0,0,-1,0,0,1,0,1,1,1,0,0,0,0,0,0,0,0,0,0,-1,1,0,-1,0,0,0,0,0,0,0,0,-1,1,0
3042,0,0,1,-1,0,0,0,1,1,0,-1,0,0,-1,0,1,0,-1,1,1,0,1,0,0,-1,0,1,0,0,1,-1,0,0,0,1,0,0,0,0,0,1,1,0,-1,0,-1,0,0,1,1,1,0,-1,0,0,0,1,0,-1,-1,0,0,-1,0
3043,1,0,0,0,0,1,0,-1,-1,0,0,-1,-1,1,0,0,0,0,1,1,0,0,1,0,1,0,1,0,0,0,-1,0,0,0,1,0,0,0,0,1,-1,0,0,0,-1,1,-1,0,0,-1,0,-1,1,0,0,1,0,0,1,0,1,1,1,0
3044,0,0,0,0,0,-1,0,0,0,1,-1,1,0,0,0,1,1,0,1,0,0,0,0,0,0,0,0,0,-1,0,0,0,0,-1,0,0,0,0,0,0,0,-1,0,0,0,0,-1,1,0,-1,0,0,1,0,-1,1,-1,0,0,0,0,-1,0,0
3045,-1,0,0,0,0,-1,0,0,0,0,0,-1,0,0,0,1,1,0,0,1,0,1,1,0,0,1,0,1,-1,-1,0,0,0,0,0,0,0,-1,1,0,1,1,-1,0,1,0,0,-1,0,0,-1,0,0,-1,0,0,0,0,1,0,0,-1,1,0
3046,1,1,0,0,0,-1,-1,-1,0,1,0,-1,1,0,-1,0,0,0,1,0,0,1,0,0,1,1,0,0,-1,-1,0,0,-1,-1,0,0,0,0,-1,-1,-1,0,0,-1,0,1,0,0,0,0,1,0,0,0,0,0,0,-1,0,-1,-1,0,0,0
3047,0,-1,0,1,-1,1,0,-1,0,0,0,0,0,0,0,0,0,1,0,0,1,0,0,0,-1,0,-1,0,0,1,0,0,0,1,1,-1,0,0,0,0,0,0,1,0,0,0,-1,-1,0,0,1,1,-1,-1,1,1,0,0,-1,0,0,-1,-1,0
3048,1,0,0,0,0,0,0,0,1,0,1,0,0,0,0,0,0,0,0,0,0,0,-1,0,0,0,0,0,0,1,-1,0,0,1,0,0,0,-1,1,-1,1,0,1,0,0,0,1,1,0,0,0,-1,0,0,0,-1,1,0,0,0,0,0,0,0
3049,0,0,0,0,0,0,0,0,1,0,1,0,0,0,-1,0,0,0,0,0,-1,0,-1,0,0,-1,0,1,0,0,1,-1,0,0,0,0,0,1,1,-1,-1,0,0,0,0,0,-1,0,0,0,0,-1,0,0,0,0,0,0,1,0,0,0,-1,0
3050,1,0,0,0,-1,0,0,1,1,0,1,0,0,0,0,0,-1,0,0,-1,1,1,-1,1,0,-1,0,0,-1,0,0,0,0,0,0,-1,0,1,0,-1,0,0,-1,0,1,0,-1,0,0,0,-1,0,0,1,0,0,-1,0,0,0,0,1,0,0
3051,0,0,-1,0,1,0,0,0,0,-1,0,0,1,-1,0,0,0,0,0,0,0,-1,0,0,1,-1,1,0,-1,0,-1,-1,0,0,0,0,0,0,0,0,0,-1,0,0,0,0,0,0,0,1,1,0,1,-1,0,-1,1,0,1,-1,0,0,0,0
3052,0,1,0,0,0,0,0,0,1,-1,0,-1,0,0,0,0,1,-1,0,-1,-1,0,0,0,0,1,0,0,0,0,0,-1,-1,0,0,0,0,-1,0,0,0,1,0,-1,0,-1,1,0,0,0,-1,1,0,0,-1,0,-1,0,-1,0,1,0,0,0
3053,1,0,-1,1,0,0,0,-1,1,0,0,0,1,1,0,0,-1,-1,1,0,0,1,0,0,0,1,0,0,0,1,1,1,0,-1,0,0,0,0,0,0,0,0,0,-1,0,0,0,0,0,0,0,0,0,0,0,-1,0,-1,0,0,0,-1,0,0
3054,0,0,0,-1,0,0,0,0,0,0,0,-1,0,0,0,0,1,0,0,1,0,0,0,0,-1,0,-1,0,0,0,0,0,-1,0,0,-1,0,1,0,1,0,0,0,1,0,0,1,0,0,0,0,0,0,0,0,0,0,1,0,0,0,-1,0,-1
3055,-1,0,1,0,-1,0,1,0,1,1,0,0,1,-1,0,-1,0,0,0,0,0,1,0,1,1,0,1,0,0,0,1,0,0,0,0,0,0,0,-1,0,1,0,1,0,-1,0,0,-1,0,0,0,0,-1,0,-1,1,0,-1,0,1,1,0,1,0
3056,0,1,0,0,0,1,0,0,0,0,0,1,-1,0,0,0,-1,0,0,-1,-1,0,0,1,0,1,-1,0,-1,0,0,0,0,0,1,0,0,-1,0,0,0,0,0,-1,-1,0,0,0,-1,0,-1,0,0,0,0,0,0,0,0,0,0,0,-1,0
3057,0,-1,0,1,0,0,-1,1,0,0,-1,0,0,0,1,1,0,1,1,0,0,1,1,0,0,1,0,-1,0,0,0,0,0,0,0,0,0,0,0,0,-1,0,1,0,0,-1,0,0,0,0,-1,0,1,0,0,0,0,0,1,0,0,0,-1,0
3058,-1,-1,1,0,-1,1,0,0,1,-1,0,0,1,0,1,0,0,0,0,1,0,0,0,1,-1,0,-1,0,0,-1,1,0,0,0,0,0,0,0,0,0,-1,0,-1,0,-1,0,0,-1,0,0,0,0,0,0,0,-1,1,0,0,-1,0,-1,1,-1
3059,-1,0,-1,1,0,0,0,-1,-1,0,0,-1,0,1,1,1,1,-1,-1,0,0,0,0,0,0,0,0,0,0,1,0,0,-1,-1,0,0,0,-1,0,0,1,1,0,-1,1,0,0,0,0,0,0,0,0,0,0,-1,-1,-1,1,0,-1,1,1,0
3060,0,0,1,0,-1,-1,-1,0,0,1,-1,-1,0,0,0,1,0,0,0,0,0,-1,0,0,0,-1,0,0,0,0,-1,0,1,-1,1,0,1,0,0,0,0,-1,0,0,0,0,0,0,-1,0,1,0,1,0,0,0,0,-1,0,1,1,0,0,-1
3061,1,-1,1,0,-1,1,1,0,0,0,0,0,-1,0,0,0,0,-1,0,0,0,0,-1,0,0,1,0,1,0,0,0,0,-1,0,-1,0,0,0,1,-1,0,1,0,0,0,0,0,1,0,1,1,-1,-1,1,1,1,0,0,0,1,0,0,0,0
3062,0,0,0,1,-1,0,0,0,0,1,0,0,0,0,0,-1,0,1,0,0,0,0,0,-1,0,1,0,0,0,-1,1,1,0,0,0,1,0,0,0,0,0,1,0,0,0,1,0,0,0,0,-1,0,0,-1,0,0,1,0,0,1,-1,0,1,0
3063,0,1,0,0,0,-1,0,0,1,0,1,0,1,0,0,0,0,0,0,-1,1,-1,0,-1,0,0,-1,0,1,0,1,1,0,0,1,-1,0,0,0,0,0,0,0,0,-1,0,0,1,0,0,0,1,1,0,1,0,0,0,0,0,0,0,-1,-1
3064,0,0,1,0,0,0,0,0,0,0,1,0,0,0,0,-1,1,0,0,0,-1,0,-1,0,-1,-1,0,-1,0,0,0,0,0,0,0,0,-1,0,1,0,1,0,0,0,0,0,0,0,0,1,0,-1,0,-1,0,0,0,0,0,0,0,0,0,0
3065,-1,1,0,0,-1,-1,0,-1,0,0,-1,0,1,0,1,-1,1,0,1,-1,0,0,0,0,0,-1,0,0,0,-1,0,0,-1,-1,-1,-1,0,-1,1,-1,0,1,0,1,0,-1,1,0,1,1,0,0,0,0,0,0,1,0,0,-1,0,0,0,-1
3066,0,1,0,1,1,-1,0,0,1,0,0,-1,0,-1,0,1,0,0,1,0,1,0,0,0,1,1,-1,1,1,0,0,-1,0,0,0,-1,0,0,0,0,0,-1,1,0,-1,0,0,1,0,1,0,-1,0,-1,0,1,0,0,-1,0,0,-1,1,0
3067,0,0,0,0,-1,0,-1,-1,1,-1,0,-1,1,-1,0,0,0,0,1,1,0,0,0,0,0,1,-1,0,0,-1,0,-1,0,0,1,-1,0,0,0,-1,0,0,0,0,1,0,0,0,-1,-1,-1,-1,-1,-1,0,1,0,-1,1,0,0,0,0,1
3068,0,0,0,0,-1,0,-1,0,0,-1,0,0,0,0,0,0,0,0,0,0,0,1,0,1,0,0,0,0,0,-1,-1,1,0,0,-1,-1,0,0,0,0,1,0,0,0,0,0,1,0,-1,0,1,0,0,0,0,0,0,0,0,-1,0,0,0,-1
3069,0,0,0,0,0,0,0,0,0,0,0,0,0,0,0,0,0,1,1,0,-1,0,1,0,0,-1,0,-1,0,0,0,1,0,0,0,0,0,0,1,0,0,-1,-1,0,-1,0,0,1,0,0,-1,0,1,-1,-1,0,-1,0,0,-1,0,-1,0,0
3070,0,1,-1,0,0,1,0,0,-1,0,-1,0,0,0,0,1,0,0,1,0,-1,-1,0,0,0,-1,-1,0,-1,-1,1,0,-1,0,0,0,0,0,1,0,0,0,1,0,0,0,0,0,0,1,0,0,-1,1,1,0,0,1,-1,0,-1,0,-1,0
3071,0,1,0,1,0,0,-1,0,0,1,0,0,1,0,1,1,0,0,0,0,1,0,0,1,-1,-1,0,0,0,0,0,0,-1,0,0,1,0,1,1,1,1,0,0,-1,0,1,0,0,0,0,1,0,1,1,0,0,0,0,0,0,0,0,0,0
3072,0,-1,0,0,1,-1,0,0,0,0,0,0,0,0,0,-1,0,0,0,-1,0,0,1,0,0,0,0,0,0,1,0,1,1,0,0,0,0,0,0,0,0,0,0,0,-1,0,-1,0,0,1,0,0,0,0,0,-1,0,0,-1,1,1,1,-1,0
3073,0,0,0,0,1,0,0,1,-1,-1,0,-1,0,-1,0,0,1,0,0,0,0,0,0,0,0,0,0,1,0,1,0,1,-1,0,0,0,0,0,1,0,0,0,1,0,-1,1,0,0,0,0,0,0,0,0,0,0,0,0,-1,-1,0,0,0,1
3074,-1,0,-1,0,1,0,1,0,0,0,1,0,0,0,0,0,-1,0,0,1,0,0,-1,0,0,0,-1,0,0,-1,0,-1,0,0,0,0,-1,0,0,0,0,0,0,0,0,0,0,1,0,0,0,0,0,0,1,-1,-1,0,0,0,0,1,0,0
3075,0,0,-1,-1,0,0,1,0,-1,-1,-1,1,0,0,0,1,0,0,0,-1,-1,-1,0,0,0,-1,0,0,0,1,0,0,0,0,0,-1,0,1,1,0,1,0,0,0,1,0,0,-1,0,0,-1,0,0,0,0,0,1,0,0,1,0,1,1,0
3076,0,0,0,1,0,0,-1,-1,-1,0,0,0,0,0,1,-1,0,0,0,1,-1,0,-1,0,0,1,0,0,0,-1,0,0,0,0,0,1,0,1,0,0,0,0,0,0,0,-1,-1,0,0,1,0,0,0,0,0,0,0,0,1,-1,0,0,0,0
3077,0,0,0,0,0,0,-1,0,0,0,-1,0,-1,0,0,0,-1,1,0,0,0,0,0,0,0,0,0,0,0,1,0,0,0,1,0,0,0,-1,0,0,0,0,0,0,0,0,1,0,0,0,0,0,0,0,0,-1,1,0,0,0,-1,0,0,0
3078,1,0,0,0,0,0,0,0,0,0,0,-1,0,0,0,-1,0,0,0,0,0,0,-1,0,-1,0,0,0,0,0,1,0,0,1,0,0,0,1,1,0,0,0,-1,-1,0,1,-1,0,1,-1,0,0,0,1,1,1,0,0,0,0,0,0,0,-1
3079,0,1,1,0,0,-1,0,0,1,0,0,-1,0,0,0,0,-1,0,-1,0,-1,1,0,-1,-1,0,0,0,0,0,0,0,0,0,0,-1,0,0,0,1,0,0,-1,1,0,1,1,1,0,0,0,0,0,1,-1,0,1,0,0,0,0,0,0,0
3080,1,0,1,0,0,0,0,-1,1,0,1,0,-1,0,0,1,0,0,0,1,0,1,0,0,0,0,0,0,0,0,0,-1,-1,0,0,1,0,0,0,1,-1,-1,0,0,0,0,0,0,0,0,-1,1,0,1,0,0,1,0,0,0,0,0,0,0
3081,0,0,0,0,0,0,1,0,0,0,0,0,-1,0,0,0,0,0,0,0,0,0,1,0,0,-1,0,0,-1,1,-1,0,0,0,1,-1,0,0,0,0,1,1,1,1,1,1,0,0,0,-1,0,0,-1,0,-1,0,0,0,0,0,1,0,0,0
3082,0,0,0,1,0,0,1,0,0,-1,-1,0,0,-1,0,1,0,0,0,-1,-1,0,0,0,0,0,0,0,-1,1,-1,0,1,0,0,0,0,-1,0,1,0,1,1,0,0,0,1,-1,0,1,0,0,0,0,-1,1,0,0,0,1,1,1,0,0
3083,0,0,-1,-1,0,0,0,-1,0,0,1,0,0,0,0,1,-1,0,-1,0,0,-1,-1,0,-1,0,0,-1,0,0,0,1,-1,0,0,0,-1,1,0,0,0,0,-1,-1,0,1,0,0,0,0,-1,-1,0,0,0,0,0,0,0,1,0,0,-1,1
3084,1,0,0,-1,0,0,0,0,0,0,0,0,-1,0,0,1,1,0,0,1,-1,0,0,-1,1,1,0,0,-1,0,-1,1,-1,1,0,1,0,0,0,0,-1,0,0,0,-1,-1,1,0,0,0,0,0,0,0,0,0,1,0,0,0,-1,0,1,0
3085,0,1,0,0,1,0,-1,0,0,0,0,0,0,0,0,0,0,0,0,0,1,-1,1,0,-1,0,0,1,0,0,0,0,1,1,0,0,-1,0,1,0,0,0,0,0,-1,0,0,0,-1,-1,1,-1,0,0,0,0,0,1,0,0,0,0,-1,0
3086,0,0,0,0,1,0,0,0,1,0,1,0,-1,1,0,1,0,1,0,0,0,0,0,1,0,1,-1,0,0,0,-1,0,0,0,1,0,-1,0,0,-1,0,0,1,0,0,0,1,0,0,0,0,0,-1,0,0,0,0,0,-1,0,1,0,0,0
3087,0,0,0,0,0,0,-1,0,0,0,0,1,0,0,0,1,1,0,0,0,0,1,-1,-1,0,1,0,-1,-1,0,0,0,0,1,0,0,1,0,0,0,0,-1,1,0,-1,-1,0,0,0,-1,1,0,0,0,1,0,1,0,0,0,0,-1,0,1
3088,0,1,1,-1,0,0,-1,0,-1,0,1,0,-1,0,0,0,0,1,1,-1,0,0,-1,0,-1,-1,0,0,-1,0,-1,1,-1,0,-1,0,0,-1,0,-1,-1,0,-1,0,0,1,0,-1,0,1,0,0,0,-1,0,0,1,0,0,-1,1,-1,0,0
3089,1,0,0,1,-1,0,0,-1,0,0,0,0,0,-1,0,0,0,-1,0,0,0,0,0,0,0,0,0,1,-1,-1,0,0,0,1,0,0,0,0,0,0,0,-1,0,0,-1,0,0,0,0,1,1,0,1,1,0,-1,0,1,1,0,-1,0,0,0
3090,0,0,0,0,0,0,0,1,0,0,0,0,0,-1,0,0,0,0,-1,0,0,-1,0,0,0,-1,1,-1,0,0,0,0,0,1,0,0,-1,0,-1,0,-1,0,-1,0,0,0,0,0,0,0,0,0,1,0,1,-1,0,0,0,0,1,0,0,0
3091,-1,1,-1,0,-1,0,0,0,0,0,-1,0,0,0,-1,0,0,0,0,1,0,0,1,-1,1,0,-1,0,0,0,0,1,1,0,0,1,0,1,0,0,0,0,0,0,0,0,-1,0,-1,0,-1,0,0,1,0,0,0,0,0,0,0,0,0,0
3092,1,0,0,1,0,0,0,0,0,0,0,1,0,0,0,0,0,0,0,0,0,0,0,-1,0,0,0,1,0,0,-1,0,0,0,0,1,0,1,0,0,0,0,0,0,0,-1,0,0,0,0,0,0,0,0,0,-1,0,-1,0,0,1,0,0,-1
3093,-1,0,0,0,0,1,0,0,0,0,1,0,0,0,0,0,-1,1,0,0,-1,-1,0,-1,0,-1,0,0,0,0,0,-1,1,0,1,0,0,0,0,-1,-1,1,0,0,-1,-1,0,0,1,0,0,0,0,1,0,-1,-1,1,0,0,0,0,0,0
3094,0,0,-1,0,1,-1,0,0,0,0,0,0,0,1,0,1,0,0,-1,0,0,0,1,0,1,0,0,0,0,0,0,0,1,0,0,0,0,-1,0,0,0,0,0,-1,0,-1,-1,0,-1,0,-1,1,0,0,1,0,0,0,1,0,-1,1,-1,-1
3095,0,-1,-1,0,0,0,-1,1,0,0,1,1,0,0,0,1,0,0,0,0,-1,0,0,1,0,0,0,0,-1,0,0,0,1,1,0,0,-1,0,-1,0,0,0,0,0,0,1,-1,0,0,-1,0,0,0,1,0,0,0,-1,-1,1,0,0,0,0
3096,-1,0,0,0,-1,0,0,1,1,1,-1,1,0,0,0,0,0,0,0,0,1,-1,0,-1,0,0,0,0,0,0,0,-1,0,0,0,0,-1,0,-1,0,0,0,0,0,1,0,0,0,1,0,0,1,0,1,0,0,0,0,0,1,0,1,-1,0
3097,0,0,0,0,-1,0,0,0,0,-1,0,0,0,0,-1,-1,0,0,0,0,0,0,0,0,1,0,0,0,0,0,0,-1,0,0,1,0,0,1,0,1,-1,0,0,0,-1,0,0,0,-1,0,1,0,0,0,-1,0,-1,0,-1,1,0,0,0,-1
3098,0,0,1,0,0,0,1,0,-1,0,0,0,0,-1,0,1,0,0,1,-1,0,-1,0,0,0,0,-1,0,-1,0,1,-1,0,0,0,0,0,0,0,0,0,1,0,0,0,-1,0,0,0,0,0,0,-1,-1,0,0,1,0,-1,0,0,1,1,0
3099,0,1,0,0,-1,1,0,0,0,1,0,0,0,0,0,-1,1,0,0,0,-1,1,-1,1,0,0,0,0,1,-1,0,0,0,0,0,0,0,0,0,0,0,1,0,-1,0,0,1,1,0,1,0,-1,0,0,-1,1,-1,0,1,1,1,0,-1,0
3100,0,0,0,0,0,-1,0,-1,0,0,-1,-1,0,0,1,1,0,0,0,0,-1,0,0,0,0,0,0,1,-1,-1,0,0,-1,0,-1,0,0,-1,0,0,0,0,0,0,0,-1,0,0,0,0,0,1,0,1,0,0,-1,-1,0,1,0,0,0,0
3101,-1,0,0,0,1,0,0,-1,0,0,0,0,1,0,-1,0,1,0,-1,-1,1,1,0,-1,0,0,0,0,0,-1,0,0,1,1,0,0,0,0,1,0,0,-1,0,0,0,0,1,1,0,-1,1,-1,-1,0,1,0,1,-1,0,0,0,-1,-1,0
3102,0,0,0,1,0,0,0,-1,0,-1,0,0,-1,-1,0,1,0,0,0,0,0,1,-1,0,0,0,0,1,0,0,0,1,0,0,0,0,0,0,0,0,1,1,1,1,0,1,0,1,0,0,0,0,-1,1,1,0,-1,-1,0,0,-1,1,-1,-1
3103,0,-1,0,0,-1,1,0,0,-1,0,0,-1,0,0,0,1,0,-1,1,0,0,0,-1,0,0,1,0,1,-1,0,0,0,0,0,-1,0,0,0,-1,-1,0,1,-1,0,0,1,-1,0,0,0,0,0,0,0,-1,0,-1,0,0,-1,0,0,0,0
3104,1,-1,0,0,1,0,0,0,0,1,-1,0,0,1,0,0,0,0,1,0,1,1,0,0,1,0,0,1,0,0,0,0,1,0,0,1,1,1,-1,0,1,0,0,0,0,0,0,-1,-1,1,0,0,1,-1,1,-1,0,0,0,-1,0,1,1,0
3105,0,1,1,-1,0,0,-1,1,0,-1,0,-1,0,0,0,0,-1,1,0,0,-1,0,0,0,-1,0,0,-1,0,-1,0,0,1,0,0,-1,0,0,1,0,1,1,0,-1,0,0,0,1,0,0,-1,0,0,0,1,-1,0,0,-1,-1,-1,-1,0,0
3106,0,-1,0,1,0,0,0,-1,-1,0,-1,0,-1,0,0,0,0,-1,1,0,0,-1,1,0,0,0,0,0,0,0,0,-1,1,-1,0,0,1,1,0,0,0,1,1,0,1,-1,1,-1,0,1,-1,0,0,0,-1,0,1,0,0,0,-1,0,-1,-1
3107,0,1,1,0,0,0,1,-1,0,1,1,0,-1,0,0,0,0,0,0,0,0,0,0,0,-1,0,-1,0,0,0,0,0,0,-1,0,0,-1,0,-1,0,0,1,0,0,0,0,0,0,0,0,0,1,0,0,0,0,0,-1,0,1,0,1,0,0
3108,-1,0,1,0,-1,0,1,0,0,0,1,1,0,0,-1,0,-1,0,0,0,-1,0,0,0,0,0,0,1,1,0,0,-1,0,1,0,0,-1,-1,0,0,0,-1,0,1,1,0,1,0,0,0,0,0,0,0,1,0,0,0,0,0,1,0,1,0
3109,0,0,0,0,0,-1,0,-1,0,-1,0,0,0,0,-1,0,0,-1,1,1,0,0,0,0,1,0,-1,0,0,0,0,0,-1,0,-1,0,0,0,0,0,0,0,0,0,0,0,1,0,0,1,-1,-1,-1,-1,0,0,1,-1,0,0,1,0,-1,-1
3110,1,0,0,0,0,1,0,0,-1,0,0,0,0,0,1,1,0,0,0,0,-1,0,0,0,0,0,0,0,1,0,0,0,0,1,0,0,0,0,0,0,0,0,1,1,0,0,0,0,-1,0,-1,0,0,-1,0,0,0,-1,0,0,0,0,0,1
3111,0,1,0,0,0,0,0,0,0,0,0,0,0,0,-1,0,0,0,-1,1,0,0,0,0,0,1,0,0,0,0,0,-1,0,0,0,-1,-1,0,0,0,0,1,-1,1,0,0,0,0,0,-1,0,0,0,0,0,0,-1,-1,0,1,0,0,1,0
3112,0,0,-1,0,0,0,0,0,-1,0,0,0,0,0,1,0,0,0,-1,-1,-1,-1,-1,0,0,0,0,0,1,0,0,0,0,0,-1,-1,0,0,0,-1,1,1,0,0,0,0,0,0,1,0,0,1,0,0,0,1,0,0,-1,1,0,0,0,0
3113,-1,1,0,-1,-1,-1,-1,-1,0,0,1,0,0,0,0,1,0,0,-1,0,0,1,-1,0,0,0,0,1,0,1,0,0,0,0,0,0,-1,0,-1,-1,-1,0,0,0,1,-1,1,0,0,0,0,0,0,1,-1,0,0,0,0,-1,0,0,0,0
3114,0,-1,0,1,1,0,0,0,0,-1,0,0,0,1,0,1,0,-1,1,0,0,0,0,0,0,0,0,-1,1,0,0,1,0,-1,0,0,1,0,0,0,0,1,1,0,0,0,0,0,0,0,0,-1,1,0,0,1,-1,-1,0,0,0,0,-1,0
3115,0,1,0,-1,0,0,1,1,-1,0,-1,0,0,0,-1,1,-1,0,-1,-1,0,0,0,0,0,1,0,1,0,0,0,-1,0,0,0,0,0,0,1,0,0,0,-1,0,0,0,0,0,0,0,0,1,0,0,1,0,0,0,0,0,1,-1,0,1
3116,0,0,0,1,0,1,1,-1,0,0,-1,0,0,-1,1,0,0,0,0,0,0,1,0,1,-1,-1,0,0,0,0,0,0,0,0,0,1,0,0,0,0,-1,0,0,0,0,1,0,0,-1,0,1,0,0,-1,0,0,0,1,0,0,0,0,-1,0
3117,1,-1,-1,0,0,-1,0,1,0,0,-1,0,0,0,1,1,1,1,0,0,-1,-1,-1,-1,-1,0,0,0,1,0,0,0,1,0,0,0,0,0,0,1,0,0,0,0,1,1,0,0,0,0,-1,-1,0,0,-1,0,0,0,1,1,0,0,0,0
3118,0,0,1,0,-1,0,-1,0,0,1,0,0,1,1,0,0,0,1,0,1,1,-1,0,-1,0,-1,0,0,0,0,0,0,0,0,0,0,0,0,0,0,-1,0,-1,0,0,0,1,0,-1,0,0,0,0,-1,0,0,0,0,1,0,0,0,1,0
3119,0,1,0,0,0,1,0,0,0,0,0,0,0,0,-1,0,1,1,0,0,0,0,0,0,0,0,0,0,1,0,0,0,-1,-1,0,-1,0,0,0,-1,0,0,0,0,-1,0,0,0,0,0,-1,0,0,-1,0,0,1,1,0,0,0,1,1,0
3120,0,0,-1,-1,0,0,-1,-1,0,0,-1,0,0,-1,0,0,0,0,0,0,1,-1,0,0,1,1,0,-1,0,0,-1,0,-1,-1,0,0,1,-1,0,0,0,0,1,0,0,1,0,0,1,0,-1,0,0,-1,0,0,0,0,-1,-1,0,1,1,0
3121,-1,-1,0,0,0,0,0,0,1,0,1,0,1,-1,0,0,0,1,0,0,0,-1,-1,-1,0,0,-1,-1,0,0,1,0,0,0,1,0,0,0,0,0,0,0,0,0,0,1,0,0,0,-1,-1,0,0,-1,0,0,0,0,-1,0,0,-1,0,1
3122,0,1,0,0,0,0,0,1,0,0,0,-1,0,0,-1,0,0,0,0,0,0,0,-1,0,0,0,0,0,1,0,0,0,1,1,1,1,0,0,1,0,0,0,0,-1,0,0,-1,0,1,-1,0,0,0,0,0,-1,-1,0,0,0,0,-1,1,0
3123,0,0,0,0,0,0,0,-1,0,0,0,1,-1,0,0,-1,1,1,0,0,0,1,0,-1,0,0,0,0,0,0,1,0,0,0,0,0,0,0,0,-1,0,-1,1,1,0,0,0,0,0,1,-1,0,0,0,0,0,-1,0,0,0,0,0,0,0
3124,-1,0,0,1,0,0,0,-1,0,0,0,-1,0,0,0,1,0,0,0,-1,-1,0,1,0,0,0,0,0,0,1,0,1,0,0,0,-1,0,0,0,0,0,1,0,0,0,1,0,0,-1,0,0,0,0,1,0,1,0,0,-1,1,0,0,-1,0
3125,0,-1,0,1,0,0,0,-1,-1,-1,1,0,1,0,0,-1,0,0,0,0,-1,0,0,0,1,1,1,0,0,0,0,0,-1,0,0,0,0,1,1,0,0,0,0,-1,0,0,0,0,0,0,1,-1,0,0,0,0,0,-1,-1,0,0,0,-1,-1
3126,0,-1,-1,0,0,0,0,0,0,0,1,-1,-1,0,0,0,0,1,0,0,-1,0,-1,1,0,0,1,0,0,-1,0,0,0,-1,-1,0,0,0,0,-1,0,0,1,0,0,0,0,0,0,0,1,-1,0,0,1,-1,1,0,0,-1,0,0,0,0
3127,0,-1,0,-1,0,0,0,1,0,0,0,0,0,1,1,0,0,-1,-1,0,-1,0,1,0,-1,0,0,0,0,1,-1,1,0,0,-1,0,0,0,0,-1,0,0,1,0,0,0,0,0,0,0,0,0,0,0,0,0,0,0,1,-1,0,-1,0,0
3128,-1,1,-1,0,0,0,1,0,-1,0,1,0,0,-1,0,1,0,0,-1,1,1,0,0,0,-1,0,0,0,0,0,0,0,1,0,1,0,0,0,0,-1,0,0,0,1,0,0,0,0,0,0,0,0,-1,0,1,-1,0,1,0,0,0,0,0,1
3129,0,0,0,-1,1,0,0,-1,0,-1,0,0,0,0,0,0,0,0,0,-1,0,0,0,0,1,0,0,0,0,0,1,0,0,0,1,0,0,0,0,1,-1,0,-1,0,0,0,1,0,0,0,0,0,-1,0,1,-1,-1,0,-1,0,0,0,0,1
3130,1,0,-1,0,0,0,0,-1,0,0,0,0,0,0,-1,0,-1,0,0,1,1,-1,0,0,0,0,0,0,0,0,-1,-1,1,0,-1,0,0,0,-1,1,-1,-1,1,0,0,0,0,1,0,0,0,0,0,0,0,-1,0,0,1,0,0,1,0,0
3131,0,0,0,0,0,0,-1,0,0,0,0,0,0,0,1,0,0,0,0,-1,0,0,0,0,-1,1,1,0,0,0,0,0,0,1,0,0,0,0,0,1,0,0,0,0,0,-1,0,0,0,0,0,0,0,0,0,1,0,0,-1,-1,0,0,0,0
3132,0,1,0,0,0,0,0,0,0,0,0,1,-1,-1,-1,0,-1,0,-1,0,0,0,-1,0,0,-1,0,1,0,1,0,0,0,0,0,0,0,1,0,0,0,-1,0,0,0,0,1,0,0,1,1,1,0,0,1,-1,-1,0,0,1,0,-1,0,0
3133,0,0,0,0,0,0,0,1,0,0,0,0,1,1,0,1,0,1,0,0,0,0,1,0,0,1,0,0,0,0,0,0,0,0,0,0,0,0,0,1,0,0,0,0,0,1,0,0,0,0,0,0,0,-1,-1,0,1,0,-1,1,0,1,0,1
3134,0,0,0,0,0,0,0,0,-1,1,0,0,0,0,0,1,0,0,0,0,0,-1,0,0,0,0,-1,0,1,0,1,-1,0,0,-1,0,-1,1,0,0,0,0,0,-1,0,1,0,0,0,0,-1,0,-1,0,0,0,0,0,0,0,1,0,0,0
3135,1,0,-1,-1,0,-1,1,0,0,0,0,1,0,0,0,-1,0,0,0,-1,0,0,1,0,0,-1,-1,0,0,0,0,-1,0,0,-1,0,0,0,-1,0,0,0,0,0,0,0,0,0,0,0,0,0,0,-1,0,0,0,-1,0,0,0,-1,0,0
3136,1,0,-1,0,-1,0,0,0,0,0,1,1,0,1,-1,0,0,0,0,0,1,0,0,1,1,0,0,-1,0,0,1,0,0,0,0,0,-1,-1,0,-1,-1,0,0,0,0,0,0,0,1,-1,0,0,0,1,1,-1,0,1,0,-1,0,0,0,1
3137,1,1,0,0,0,0,0,0,1,0,0,0,0,0,1,-1,0,0,0,0,0,0,0,0,1,0,1,0,-1,0,0,0,0,1,0,0,0,0,0,0,-1,0,0,0,0,0,1,0,0,0,0,1,0,0,0,1,0,0,0,0,0,0,0,1
3138,0,0,1,0,1,0,1,0,-1,0,0,-1,1,0,0,0,0,0,-1,0,-1,0,1,1,0,1,0,0,1,0,0,0,0,1,1,0,0,-1,1,0,0,-1,0,0,0,0,0,0,0,0,1,1,1,0,1,0,0,-1,1,0,0,0,0,1
3139,-1,0,0,0,-1,0,1,0,0,0,0,0,0,0,0,0,-1,0,-1,0,-1,-1,0,0,0,0,0,0,0,0,0,0,0,0,0,1,0,0,0,0,1,0,-1,1,0,0,0,0,0,0,-1,0,1,0,1,0,0,0,1,0,0,-1,1,0
3140,0,0,-1,0,0,0,1,0,0,0,0,0,0,0,0,0,0,-1,0,0,-1,0,0,-1,-1,0,0,0,0,0,0,0,0,-1,0,0,0,1,-1,0,-1,-1,-1,0,0,0,0,0,1,0,0,0,0,0,0,0,-1,0,0,0,0,0,0,0
3141,-1,0,-1,-1,0,0,0,0,1,0,0,0,1,0,0,0,0,0,-1,-1,-1,1,0,0,-1,0,1,0,0,0,-1,0,0,0,0,0,-1,0,0,0,-1,-1,0,-1,-1,0,0,0,0,1,-1,0,1,0,0,-1,0,0,0,-1,0,-1,0,0
3142,1,0,0,0,-1,-1,1,0,0,-1,0,1,0,1,-1,-1,-1,1,0,0,1,-1,1,0,-1,0,-1,0,1,0,0,0,1,0,0,1,1,0,0,-1,1,1,1,0,0,1,0,0,0,1,1,1,-1,0,0,0,0,0,0,0,0,-1,0,0
3143,0,-1,0,0,0,0,-1,0,0,0,0,0,0,0,1,0,0,1,1,-1,0,0,1,0,0,1,0,-1,0,0,0,0,-1,0,-1,0,0,0,-1,0,0,-1,0,0,0,0,0,0,0,0,0,0,0,0,0,1,0,0,1,0,0,1,-1,0
3144,0,0,0,-1,1,-1,1,0,0,0,1,0,0,0,0,0,0,0,0,0,0,0,-1,0,0,0,1,0,0,0,0,1,0,0,0,-1,0,0,0,1,1,0,0,0,1,1,0,0,0,0,-1,-1,1,0,-1,-1,0,1,0,0,1,1,1,-1
3145,-1,1,0,0,0,0,0,1,0,1,0,-1,0,1,0,-1,0,0,-1,0,0,0,-1,0,0,1,-1,0,-1,0,-1,1,0,1,0,-1,0,0,0,0,0,1,-1,0,0,0,1,0,-1,0,0,0,0,0,0,1,0,0,0,0,-1,0,0,0
3146,0,1,0,1,-1,0,0,0,1,0,1,-1,1,0,-1,0,0,-1,0,0,-1,1,0,1,0,0,0,-1,0,0,1,0,0,0,-1,1,0,0,1,1,1,0,0,-1,0,0,0,1,0,1,0,-1,0,0,0,0,0,0,0,0,0,1,0,0
3147,-1,0,0,0,0,0,0,0,-1,1,1,1,1,0,0,1,0,-1,1,0,1,1,0,0,0,0,0,1,0,1,0,0,0,0,0,-1,0,-1,1,-1,0,0,0,0,0,1,1,0,1,0,0,0,0,0,-1,0,0,0,0,0,0,0,-1,0
3148,0,0,1,0,0,0,0,0,0,1,0,0,0,0,0,0,0,0,0,0,0,0,0,0,0,0,0,0,0,0,1,-1,-1,0,-1,1,0,0,-1,0,0,0,1,0,-1,-1,-1,0,0,0,0,1,0,0,-1,0,0,0,1,0,0,0,0,0
3149,0,-1,0,0,0,0,0,-1,-1,-1,0,0,0,0,0,0,-1,0,0,0,0,0,0,0,1,1,0,0,1,0,0,0,0,0,0,0,0,0,0,0,0,1,0,0,0,0,0,1,0,1,0,0,0,0,-1,0,0,0,0,0,1,-1,1,0
3150,1,0,1,1,0,0,1,-1,-1,0,0,0,0,1,0,1,-1,0,1,1,0,1,0,0,0,0,0,0,1,0,-1,0,0,-1,0,1,-1,1,0,0,0,0,0,0,-1,0,-1,-1,-1,0,0,0,1,0,0,-1,0,-1,0,0,0,-1,0,0
3151,0,-1,0,1,0,0,0,0,-1,0,0,0,0,1,0,0,-1,0,1,0,0,0,1,0,1,0,0,0,0,0,0,0,0,0,1,0,1,1,0,-1,0,-1,0,-1,1,0,0,1,0,0,-1,0,0,0,0,0,0,0,1,-1,0,0,0,0
3152,0,1,0,0,0,0,0,1,0,1,0,0,0,0,0,0,-1,0,0,-1,1,0,0,0,-1,0,1,0,0,0,0,0,0,0,1,1,0,1,0,0,0,0,0,0,0,0,0,1,0,0,0,0,0,0,0,0,1,0,-1,1,0,1,0,0
3153,0,0,0,1,1,0,0,0,-1,0,-1,0,1,0,0,0,-1,-1,0,-1,-1,0,0,0,0,0,0,0,0,-1,-1,0,0,0,1,0,0,-1,0,0,-1,0,0,1,0,0,0,0,-1,0,0,0,-1,-1,0,0,0,0,1,-1,0,1,-1,-1
3154,1,0,-1,0,0,0,0,0,0,0,1,0,1,-1,-1,-1,0,0,0,0,0,0,0,0,0,0,0,0,0,0,0,0,1,-1,0,1,0,-1,1,-1,0,0,0,-1,0,0,0,0,0,0,0,0,1,0,0,0,-1,0,0,0,1,0,0,0
3155,0,0,0,1,0,0,0,0,0,0,-1,0,0,0,1,0,0,-1,0,-1,0,0,0,0,0,0,0,0,0,0,0,1,0,0,0,-1,1,0,0,-1,0,0,0,0,0,-1,0,0,0,0,-1,-1,-1,0,0,0,0,0,1,-1,0,-1,0,-1
3156,0,0,-1,0,1,0,0,0,0,0,0,0,1,-1,0,-1,-1,0,1,0,0,-1,0,0,0,1,0,1,0,0,0,0,1,0,0,0,0,0,0,0,-1,-1,0,0,0,0,-1,1,0,0,1,0,0,0,1,-1,0,0,0,0,0,0,0,0
3157,1,1,0,0,-1,0,1,-1,-1,0,-1,1,0,1,1,0,-1,0,1,-1,0,-1,0,1,0,0,0,-1,1,-1,0,0,0,-1,0,-1,0,-1,-1,0,1,0,0,0,1,0,1,0,-1,0,0,0,0,0,-1,0,1,0,0,0,1,0,1,0
3158,0,-1,0,0,1,1,0,-1,-1,0,-1,0,0,0,0,0,1,1,-1,0,0,0,0,0,0,0,0,-1,-1,0,0,0,0,1,-1,0,0,-1,0,0,0,0,-1,0,0,1,-1,0,0,1,1,-1,1,-1,-1,1,1,1,0,0,0,-1,0,-1
3159,-1,-1,0,0,0,0,0,0,0,0,0,-1,0,1,0,0,1,-1,1,0,0,0,-1,0,-1,0,0,0,0,0,0,-1,0,1,0,-1,-1,0,0,0,0,-1,-1,-1,0,0,1,1,0,0,0,0,0,-1,0,0,0,0,0,1,0,0,0,0
3160,0,-1,0,0,0,-1,-1,0,-1,-1,1,0,0,0,0,0,0,0,1,-1,1,0,0,0,0,0,0,-1,0,0,0,0,0,0,0,-1,-1,0,1,0,1,1,1,0,0,-1,-1,1,0,0,0,0,-1,0,-1,1,0,0,0,-1,0,0,-1,0
3161,-1,1,1,0,0,0,0,0,0,1,0,0,0,1,1,0,0,0,0,0,-1,-1,-1,-1,1,0,0,-1,-1,0,1,0,-1,0,1,0,0,0,0,0,1,0,0,0,1,0,0,0,-1,0,0,0,-1,0,0,0,0,1,0,0,0,0,-1,0
3162,0,0,1,-1,0,0,0,0,1,0,0,0,1,0,0,1,0,0,0,0,1,1,1,0,0,0,0,0,0,-1,0,0,0,0,0,1,0,0,0,0,-1,0,0,-1,0,0,0,0,0,1,0,0,0,0,0,0,1,-1,0,0,1,0,0,0
3163,1,1,0,0,1,0,0,1,0,0,-1,0,0,1,0,1,0,1,0,0,-1,0,-1,0,0,1,-1,0,0,0,0,0,0,-1,-1,0,0,0,-1,-1,0,0,-1,0,0,0,1,0,0,-1,0,1,0,1,-1,0,0,0,-1,0,0,0,0,0
3164,1,-1,0,0,0,-1,0,-1,-1,-1,0,-1,0,-1,-1,0,1,0,0,0,0,0,0,0,1,0,0,0,0,0,0,0,-1,0,0,1,0,-1,0,0,0,1,-1,0,1,1,0,0,-1,1,0,0,1,0,0,1,0,0,1,1,-1,0,0,-1
3165,1,0,1,0,-1,0,0,0,0,0,0,1,-1,1,0,-1,0,0,-1,-1,0,1,0,1,-1,-1,0,0,0,0,0,0,0,1,0,1,1,1,0,0,0,0,0,0,0,0,1,0,0,1,0,0,0,1,-1,0,0,-1,-1,-1,-1,1,1,0
3166,1,0,0,0,0,1,0,0,0,1,-1,-1,0,0,0,0,1,0,0,1,0,0,0,0,-1,1,0,1,0,0,-1,0,0,-1,0,0,0,0,1,0,0,1,0,0,0,-1,1,0,1,0,1,0,-1,1,1,0,0,1,0,0,0,0,-1,-1
3167,-1,-1,1,0,0,0,-1,0,0,1,1,-1,0,0,-1,-1,0,0,0,-1,0,0,-1,0,0,-1,0,-1,0,0,0,0,1,0,1,-1,0,0,0,1,-1,0,1,0,-1,0,0,0,0,-1,-1,0,0,0,0,0,0,-1,1,0,0,-1,0,0
3168,0,0,-1,0,0,1,0,0,0,-1,0,0,0,0,0,1,0,0,0,0,0,0,0,0,0,0,0,0,-1,0,0,0,0,1,0,0,1,1,1,0,0,0,0,1,0,1,1,0,0,1,0,1,1,1,0,1,0,-1,1,-1,0,1,0,0
3169,0,-1,0,1,-1,-1,0,-1,0,0,-1,1,1,0,1,0,0,-1,1,0,1,0,0,0,0,0,0,1,0,-1,0,0,0,-1,0,0,1,0,1,0,0,0,0,0,1,0,0,-1,0,1,0,1,0,1,0,-1,0,0,0,1,0,1,0,0
3170,-1,0,0,0,0,0,0,0,0,0,0,0,0,0,-1,0,-1,-1,-1,0,1,0,-1,0,0,0,0,0,0,1,0,0,0,1,0,-1,0,1,0,-1,0,0,0,0,0,0,0,-1,-1,1,-1,0,0,1,-1,0,0,0,0,0,-1,0,0,0
3171,0,0,0,1,0,0,1,0,0,-1,0,0,0,0,-1,0,0,0,-1,0,1,0,1,0,-1,0,0,-1,0,0,1,0,1,0,-1,0,0,0,1,0,0,0,0,-1,0,0,0,0,0,0,-1,0,0,0,0,0,-1,0,0,0,0,0,0,-1
3172,1,0,0,0,-1,1,1,1,-1,-1,0,-1,-1,0,0,-1,0,0,-1,0,1,1,0,0,0,0,-1,0,0,0,0,0,-1,-1,0,0,0,0,0,-1,1,0,0,-1,0,0,0,1,0,0,0,0,0,0,-1,0,1,1,0,0,1,0,1,-1
3173,0,0,-1,0,-1,1,0,1,0,0,1,0,1,-1,0,0,0,0,0,0,0,-1,-1,0,1,0,0,0,0,-1,0,1,0,0,0,0,0,0,0,-1,0,0,-1,0,1,0,0,0,-1,0,1,-1,0,0,0,0,-1,1,0,0,-1,1,-1,0
3174,0,-1,0,0,0,0,0,0,0,0,0,-1,0,0,0,1,0,1,0,0,0,0,-1,1,0,0,1,0,0,1,-1,0,-1,0,-1,0,0,0,1,1,0,0,1,0,0,0,0,0,-1,1,0,-1,0,0,-1,0,0,-1,0,0,0,0,0,-1
3175,0,0,0,0,0,-1,0,1,0,0,-1,-1,0,-1,0,0,0,-1,0,0,-1,0,0,0,0,-1,0,0,-1,0,0,0,-1,-1,1,0,0,0,0,1,0,0,1,0,-1,0,-1,0,-1,0,-1,0,0,0,0,1,0,0,0,0,0,0,0,-1
3176,-1,-1,0,-1,-1,1,-1,0,0,1,1,-1,-1,0,-1,0,0,0,-1,0,0,1,-1,0,0,0,0,0,0,0,0,1,0,0,-1,1,0,1,0,0,0,0,0,0,-1,0,0,1,0,0,1,0,-1,-1,-1,0,0,0,0,0,0,-1,0,0
3177,0,0,-1,0,0,0,0,1,0,0,0,0,0,-1,0,0,0,0,-1,0,0,0,-1,0,0,1,-1,0,0,0,-1,0,0,0,0,1,0,0,0,0,0,0,-1,0,-1,0,0,0,0,0,-1,1,-1,-1,-1,0,-1,0,0,0,0,0,-1,0
3178,0,1,0,-1,0,0,1,0,0,0,0,0,0,0,0,1,1,0,-1,0,0,0,1,0,1,0,1,-1,0,0,-1,1,0,0,0,-1,1,1,0,1,0,-1,0,0,1,0,0,0,1,0,-1,0,0,0,0,1,-1,0,1,0,0,0,0,1
3179,0,1,0,0,1,-1,0,1,0,1,0,0,0,-1,0,0,0,0,0,1,0,0,0,0,-1,0,1,0,-1,0,0,0,0,0,0,-1,-1,0,0,0,1,-1,0,0,1,0,-1,0,0,0,1,1,0,1,-1,-1,-1,0,0,0,1,-1,0,0
3180,0,0,1,0,1,0,1,-1,1,0,0,1,0,0,0,0,1,0,-1,1,0,-1,0,-1,1,1,0,0,0,1,0,0,0,-1,0,-1,0,-1,0,0,1,-1,0,0,0,0,0,-1,0,0,-1,0,1,1,0,0,0,0,-1,-1,-1,-1,0,1
3181,0,0,1,-1,0,0,0,1,0,0,0,0,0,0,0,0,0,0,-1,1,0,0,1,0,0,1,0,0,0,0,0,0,0,0,1,0,1,0,0,0,0,0,0,1,0,0,0,0,0,-1,0,0,1,-1,0,0,0,1,0,1,0,0,0,0
3182,0,0,-1,0,0,0,0,0,-1,-1,0,-1,0,1,0,0,1,0,1,-1,-1,1,0,0,0,0,0,0,0,1,1,0,0,1,0,-1,1,0,0,-1,0,0,0,0,1,0,-1,0,0,0,1,0,0,-1,0,-1,0,0,0,0,-1,0,0,0
3183,0,0,0,0,1,1,1,0,0,0,0,0,0,0,0,-1,0,0,0,0,0,-1,0,-1,1,1,0,-1,0,1,0,-1,0,0,0,1,0,0,0,1,0,1,0,0,0,0,0,1,0,0,0,-1,-1,0,1,0,0,0,-1,-1,1,0,0,1
3184,1,0,0,0,0,0,0,0,0,0,-1,-1,0,-1,1,0,0,0,0,-1,0,-1,0,-1,0,0,0,0,0,0,-1,1,0,0,0,1,0,0,0,1,-1,1,0,0,0,0,0,0,0,-1,1,0,0,0,0,0,-1,0,0,-1,1,-1,0,0
3185,0,0,0,0,1,1,0,0,0,0,0,0,1,-1,-1,-1,0,0,0,1,0,-1,0,-1,0,0,-1,0,-1,0,0,1,1,0,0,1,-1,0,-1,0,1,1,0,-1,0,0,0,0,0,0,1,0,1,0,-1,0,0,0,-1,0,0,0,0,1
3186,0,0,0,0,1,0,-1,0,0,1,0,0,0,0,0,0,0,0,0,0,-1,0,0,0,0,0,0,-1,0,0,0,0,1,0,1,-1,0,0,0,-1,0,1,1,0,-1,0,0,0,-1,0,0,-1,0,0,0,0,-1,0,0,1,0,-1,0,0
3187,0,-1,1,0,-1,0,0,0,0,0,0,0,1,1,0,0,0,0,-1,0,0,0,-1,0,0,0,0,0,-1,0,0,-1,0,0,1,1,-1,1,0,1,0,0,1,0,0,0,-1,0,0,0,1,0,0,1,0,0,0,-1,-1,1,1,1,-1,0
3188,-1,0,0,-1,0,-1,0,-1,-1,1,0,-1,1,0,0,0,0,0,0,-1,0,-1,0,0,0,0,0,0,0,0,1,0,1,0,0,1,-1,0,0,-1,0,0,0,0,0,0,0,0,0,1,0,0,0,0,0,0,1,0,1,-1,1,0,0,0
3189,0,0,0,0,0,0,0,1,0,0,1,0,-1,0,0,-1,0,-1,0,0,1,1,0,-1,0,-1,0,0,-1,1,0,0,0,0,0,-1,0,0,0,0,0,0,0,0,1,0,1,-1,0,0,-1,0,0,1,0,0,0,0,0,1,-1,-1,0,0
3190,-1,0,0,0,0,1,1,0,0,1,0,0,0,0,-1,1,0,0,-1,0,0,-1,1,1,0,0,0,0,1,0,0,1,-1,0,-1,0,1,0,1,0,0,0,-1,0,0,0,0,0,0,0,0,-1,1,-1,-1,1,0,0,-1,0,0,-1,0,0
3191,-1,-1,-1,0,1,0,0,0,0,1,1,0,0,0,0,1,0,1,0,0,1,1,1,0,-1,0,0,0,0,1,0,-1,-1,0,0,1,0,0,0,0,0,0,1,1,0,0,1,-1,0,0,0,-1,1,0,1,1,0,-1,1,0,0,0,1,0
3192,0,1,1,0,-1,0,-1,-1,0,0,0,0,1,-1,1,1,0,1,0,0,0,0,0,0,0,0,-1,0,1,-1,1,0,0,0,0,0,1,0,1,0,0,0,0,0,1,0,0,-1,1,-1,0,0,1,0,0,0,0,0,0,0,1,1,-1,0
3193,0,0,1,1,-1,0,0,0,-1,0,0,0,-1,0,1,0,0,1,0,0,0,0,0,0,0,0,-1,0,0,1,0,0,0,0,0,0,0,1,-1,0,0,-1,0,0,-1,0,-1,0,0,0,-1,1,0,1,0,-1,1,0,0,0,0,1,0,0
3194,0,0,0,0,0,0,1,0,-1,1,-1,0,1,1,1,1,1,0,0,-1,0,-1,0,0,0,1,0,-1,0,0,0,1,1,-1,0,0,0,0,0,0,-1,-1,-1,0,0,1,0,0,0,0,0,-1,0,1,-1,0,1,-1,-1,0,-1,0,-1,0
3195,0,0,0,1,0,0,1,0,0,1,0,-1,-1,0,1,0,-1,0,-1,-1,0,0,0,1,0,-1,0,-1,0,0,1,-1,0,0,0,1,0,0,1,0,0,0,-1,-1,0,-1,0,0,0,-1,-1,-1,0,0,-1,1,1,1,0,0,0,0,0,0
3196,0,0,0,0,1,0,0,-1,0,-1,0,0,0,0,-1,0,0,0,0,0,0,-1,0,0,0,-1,-1,1,1,1,0,1,0,0,1,1,0,-1,0,1,0,0,0,1,1,0,1,0,-1,0,1,-1,0,-1,-1,0,0,0,0,-1,-1,-1,0,0
3197,0,0,0,1,0,0,0,0,-1,0,0,1,0,0,-1,0,-1,0,0,0,1,0,1,0,0,0,-1,1,0,0,0,0,0,1,0,1,0,1,1,0,0,0,0,0,-1,0,0,1,0,-1,0,-1,-1,0,-1,0,0,-1,0,0,-1,1,0,1
3198,0,0,1,0,0,0,0,-1,0,0,-1,0,0,1,0,0,0,0,1,0,0,0,0,0,0,0,0,1,0,0,0,0,0,0,0,0,0,-1,0,0,0,1,0,0,1,0,-1,-1,0,0,0,-1,0,0,-1,0,0,-1,-1,1,0,0,-1,-1
3199,0,0,0,0,0,0,1,0,0,0,-1,0,0,0,-1,0,0,1,0,0,0,-1,0,1,0,0,1,0,0,0,0,1,0,0,-1,1,0,0,0,0,1,0,-1,-1,0,0,0,0,0,1,0,0,1,-1,0,0,0,-1,1,1,-1,0,0,0
3200,-1,0,0,0,0,1,0,0,0,0,0,0,0,0,0,0,0,0,0,0,1,-1,0,1,0,0,-1,0,-1,0,0,0,0,0,0,0,1,-1,0,-1,-1,1,1,0,1,-1,0,0,0,0,1,0,1,-1,0,0,0,0,0,0,0,0,0,1
3201,-1,0,-1,0,0,0,0,1,-1,-1,0,0,1,-1,0,0,0,0,0,0,-1,0,-1,0,0,1,1,1,-1,0,0,0,0,0,0,0,0,-1,0,0,0,0,-1,0,0,0,0,0,0,-1,0,0,0,0,0,1,-1,-1,1,0,0,0,0,-1
3202,0,0,0,1,0,0,0,0,0,-1,0,0,1,0,-1,1,1,0,0,0,0,-1,0,0,0,0,-1,0,0,1,0,0,1,0,0,0,1,0,0,0,1,0,0,-1,0,0,1,0,0,-1,1,0,-1,-1,0,0,1,0,0,0,0,0,-1,1
3203,0,0,0,0,0,0,0,0,0,0,0,1,-1,1,0,0,1,1,0,0,-1,1,0,0,0,0,0,0,1,1,1,1,0,0,0,0,0,1,0,0,0,1,1,0,1,0,1,0,0,0,0,0,0,0,0,1,-1,0,0,0,0,0,0,0
3204,0,0,-1,1,-1,0,0,-1,0,1,0,0,0,0,0,0,0,0,0,1,0,0,0,0,-1,-1,0,1,1,1,0,-1,-1,1,0,1,0,0,0,0,0,0,0,0,0,0,0,-1,-1,-1,0,0,1,0,0,-1,0,0,0,0,0,0,0,-1
3205,0,1,0,0,0,0,0,0,0,0,0,0,0,1,1,1,0,0,0,-1,1,0,-1,0,0,0,0,0,0,0,0,-1,0,-1,0,-1,0,0,1,-1,0,0,0,0,0,0,0,0,0,-1,-1,0,1,0,0,0,0,0,0,0,-1,0,0,0
3206,0,0,-1,-1,0,0,1,-1,1,-1,0,0,1,0,1,0,1,0,0,1,0,0,0,-1,0,-1,0,1,1,-1,0,0,0,0,0,1,0,0,0,0,0,-1,-1,0,0,0,0,-1,0,0,0,0,0,0,0,-1,0,0,-1,0,-1,1,0,-1
3207,0,0,0,0,1,0,-1,0,0,-1,0,0,0,0,0,0,0,0,0,0,0,0,0,0,-1,1,-1,0,0,0,0,0,0,0,0,0,0,0,1,1,0,0,0,0,-1,1,1,0,0,1,0,-1,0,0,0,1,-1,-1,-1,-1,0,0,0,0
3208,0,0,0,0,-1,-1,0,0,0,0,0,0,0,-1,0,0,0,0,0,1,-1,0,1,1,0,0,0,0,-1,-1,0,1,0,0,0,0,0,0,0,0,1,1,1,-1,0,0,-1,0,0,0,0,1,0,0,0,0,0,0,0,0,0,0,0,1
3209,0,0,-1,0,1,0,1,0,0,0,1,0,-1,0,0,1,0,0,0,0,-1,-1,0,0,0,-1,0,0,0,-1,-1,0,0,0,0,1,-1,1,0,0,-1,-1,0,0,0,0,0,0,0,0,-1,-1,1,0,0,1,1,1,-1,0,1,0,0,0
3210,0,-1,0,0,0,0,-1,1,-1,0,-1,0,0,0,0,0,-1,0,0,0,0,0,-1,0,1,0,0,-1,-1,0,0,1,-1,-1,-1,0,-1,1,0,0,0,-1,0,-1,1,0,0,-1,0,0,0,0,0,0,0,0,0,0,0,0,-1,-1,1,0
3211,0,-1,-1,1,0,0,0,1,-1,0,0,1,0,1,-1,0,0,0,0,0,0,0,1,0,-1,0,-1,0,0,1,0,0,-1,0,1,0,0,0,0,0,1,0,-1,0,0,-1,0,1,0,-1,-1,0,0,0,1,0,1,0,0,1,0,1,0,0
3212,0,-1,0,1,-1,0,0,0,1,0,0,0,0,0,0,-1,0,-1,1,-1,1,0,-1,-1,0,0,0,0,1,0,-1,0,0,1,-1,0,0,0,0,1,0,1,0,0,-1,0,-1,0,0,0,0,0,0,0,0,0,-1,0,0,0,0,1,-1,1
3213,-1,1,-1,-1,1,0,-1,-1,0,-1,0,0,0,0,1,1,-1,0,0,0,0,0,0,0,0,0,-1,0,1,0,0,0,0,0,0,1,-1,0,-1,1,0,0,1,0,1,0,0,0,0,0,0,-1,1,0,0,0,0,-1,0,1,0,1,0,0
3214,0,0,1,-1,0,0,-1,0,1,1,0,-1,-1,0,1,0,0,0,0,0,0,1,0,0,0,1,0,0,-1,1,0,1,-1,0,-1,0,1,0,0,-1,0,0,0,0,0,0,0,0,-1,0,0,1,-1,0,-1,0,0,1,-1,0,0,0,0,0
3215,0,0,1,0,1,1,1,1,0,0,0,0,0,0,-1,0,0,1,-1,0,0,0,0,0,0,1,0,0,0,0,0,0,0,1,0,1,1,1,0,0,0,0,0,0,0,-1,0,-1,0,0,0,-1,0,0,1,-1,-1,0,1,0,0,1,0,1
3216,1,0,0,0,1,0,0,0,1,0,0,-1,-1,0,-1,0,-1,1,-1,0,0,0,0,-1,0,0,0,0,-1,-1,0,-1,0,-1,0,0,0,0,0,1,-1,0,-1,0,1,0,0,0,0,0,-1,0,0,0,0,0,1,0,0,0,0,-1,-1,0
3217,1,0,1,0,0,0,-1,1,-1,1,0,-1,-1,0,0,0,0,0,0,1,0,0,0,0,1,0,0,0,0,0,-1,0,0,0,0,1,1,1,1,0,1,0,0,0,0,0,0,1,0,1,0,1,0,0,0,1,0,0,-1,0,-1,0,1,0
3218,0,1,0,0,-1,0,0,1,0,0,-1,0,0,0,0,0,0,0,0,0,0,0,-1,0,1,0,0,0,0,0,-1,0,1,1,-1,0,0,0,-1,1,0,0,-1,-1,0,0,0,0,1,1,0,0,0,0,1,1,0,0,-1,0,-1,0,0,0
3219,-1,1,0,0,0,1,0,0,-1,0,0,0,1,0,-1,0,0,0,1,0,-1,1,1,0,0,0,0,0,0,0,0,0,0,0,-1,0,0,1,0,0,0,0,0,0,0,1,0,0,1,1,0,0,0,-1,-1,0,-1,1,0,-1,0,0,1,-1
3220,0,-1,0,0,0,-1,1,0,-1,-1,0,0,-1,-1,0,1,0,0,1,1,0,0,0,0,0,1,1,0,0,0,0,-1,-1,1,1,0,0,0,-1,0,1,-1,0,0,1,0,0,0,0,0,-1,0,0,0,0,1,-1,0,0,-1,1,0,0,-1
3221,0,-1,0,0,0,0,0,-1,0,0,0,0,0,1,0,0,0,-1,0,0,-1,0,0,0,0,0,0,1,0,1,0,1,0,0,0,0,0,0,0,0,0,-1,1,0,0,0,0,0,0,0,-1,0,-1,0,0,1,0,0,0,0,0,0,0,0
3222,1,-1,0,0,-1,-1,1,0,0,1,0,0,-1,0,1,-1,0,0,0,0,1,0,-1,0,0,1,0,0,0,0,0,0,0,0,0,1,0,0,0,0,0,0,1,-1,0,0,0,0,0,0,1,0,0,0,0,0,0,-1,1,0,0,0,0,0
3223,0,-1,0,0,-1,0,-1,0,1,0,0,-1,0,1,0,-1,0,0,0,0,0,1,1,-1,0,-1,0,0,1,-1,-1,0,0,-1,-1,0,0,1,-1,-1,0,0,0,0,0,0,-1,0,0,0,0,0,0,0,0,1,-1,0,0,-1,0,0,0,0
3224,0,-1,-1,0,0,0,0,0,1,0,0,1,-1,1,1,0,1,0,-1,0,1,0,0,-1,0,0,0,0,0,1,0,1,1,0,0,0,0,0,0,0,-1,0,0,-1,0,0,0,0,0,-1,0,0,-1,0,1,1,0,-1,0,0,-1,0,0,0
3225,-1,1,0,0,0,0,0,0,1,0,1,1,0,-1,-1,1,0,1,1,0,1,-1,-1,0,0,0,0,0,0,0,0,0,0,0,0,-1,-1,0,0,1,0,0,0,0,0,0,0,0,-1,0,0,1,1,0,0,-1,0,-1,0,0,-1,0,0,0
3226,-1,0,0,-1,0,0,-1,0,-1,-1,0,0,-1,0,0,0,-1,0,0,0,-1,0,0,0,0,0,1,0,0,1,-1,0,0,0,1,0,0,1,0,0,0,0,0,0,0,0,1,0,0,0,0,1,0,0,0,0,0,1,-1,0,0,0,0,0
3227,0,0,0,0,0,0,0,1,-1,1,0,1,1,0,0,0,1,-1,0,0,0,0,0,0,0,0,0,0,1,0,1,0,0,0,0,0,0,-1,0,0,0,0,1,1,1,1,-1,1,0,-1,0,0,0,1,-1,0,0,-1,0,0,0,0,0,0
3228,0,0,0,0,0,0,0,0,0,0,0,1,0,0,0,-1,1,1,-1,-1,0,1,0,0,1,-1,0,0,1,1,1,-1,0,0,1,0,0,0,0,0,0,0,1,0,-1,-1,0,0,1,0,0,0,0,0,1,0,0,0,0,0,0,0,0,-1
3229,-1,0,0,0,1,0,1,0,0,0,0,0,0,0,0,1,0,0,1,0,0,1,0,0,0,-1,0,0,0,1,0,0,-1,-1,0,1,1,-1,-1,-1,0,0,0,0,0,0,-1,0,0,0,0,0,0,0,0,0,0,0,0,0,0,0,-1,0
3230,0,-1,0,0,0,0,0,0,0,0,0,0,0,0,-1,0,1,0,-1,0,0,-1,0,0,0,0,0,0,0,0,0,0,0,0,1,0,1,0,0,0,0,-1,0,0,0,0,0,-1,1,1,0,0,1,0,0,0,0,1,0,-1,1,1,1,0
3231,0,-1,0,0,0,0,0,1,-1,1,0,0,1,0,1,0,0,0,0,1,1,0,0,0,0,0,0,0,0,1,0,1,0,0,1,0,1,1,0,0,-1,-1,1,0,0,-1,1,0,0,1,-1,1,-1,0,-1,0,0,0,-1,1,1,1,-1,1
3232,0,0,1,0,0,0,0,0,0,0,0,0,1,0,1,0,0,0,0,0,0,1,0,0,0,0,-1,0,0,0,0,0,0,1,1,0,0,0,0,0,1,0,0,-1,1,1,-1,0,0,0,1,-1,0,0,-1,0,0,0,-1,0,0,-1,0,0
3233,-1,0,0,0,0,0,0,0,0,0,1,-1,-1,1,0,0,0,0,0,-1,0,0,1,0,0,0,0,0,0,0,0,1,1,0,1,0,0,1,0,-1,0,0,0,0,-1,0,1,0,0,0,-1,0,0,0,0,0,-1,0,1,0,0,0,0,0
3234,-1,0,0,-1,0,1,0,0,0,1,-1,0,0,-1,-1,0,0,-1,-1,0,1,1,0,0,1,1,1,-1,0,-1,-1,1,0,0,0,0,0,0,1,0,0,0,0,0,1,1,-1,0,-1,1,-1,0,0,0,0,-1,-1,1,-1,-1,0,0,0,0
3235,0,1,-1,0,0,0,1,0,0,0,0,1,-1,1,0,0,-1,0,-1,0,0,0,0,1,1,1,0,0,0,1,0,0,0,0,0,1,-1,1,0,0,0,0,1,1,0,0,1,0,0,-1,0,0,0,0,0,0,0,1,0,0,-1,-1,-1,1
3236,-1,0,0,1,0,0,0,0,-1,0,0,-1,1,-1,0,-1,0,0,0,0,1,0,0,0,0,0,-1,0,0,-1,1,0,1,-1,0,0,0,1,0,0,0,0,0,0,0,1,0,0,-1,-1,0,0,0,1,0,1,0,1,0,0,-1,0,0,1
3237,0,-1,-1,0,0,0,0,-1,0,-1,0,1,0,0,0,-1,1,0,-1,-1,1,1,1,0,-1,0,1,0,0,0,0,-1,-1,-1,-1,1,1,0,0,-1,-1,0,1,0,0,1,-1,0,0,0,0,1,1,1,0,0,0,0,-1,0,0,-1,0,0
3238,0,0,0,0,0,0,-1,-1,1,0,-1,-1,1,1,1,0,0,-1,-1,1,0,1,1,0,0,-1,0,0,-1,0,0,-1,0,-1,-1,0,-1,0,0,0,1,0,0,0,-1,0,0,0,-1,0,0,1,1,1,0,1,1,0,1,0,0,0,-1,-1
3239,-1,-1,1,-1,0,0,0,0,-1,0,1,0,0,0,1,0,1,-1,0,0,0,0,0,0,0,0,1,0,-1,0,0,0,0,0,0,0,0,0,0,1,-1,1,1,-1,0,0,0,-1,1,0,0,-1,-1,1,0,0,0,0,0,0,0,1,0,-1
3240,0,-1,0,0,1,1,0,-1,0,0,0,-1,0,1,0,0,0,-1,0,-1,-1,-1,-1,0,1,0,0,0,1,0,-1,0,0,0,0,0,0,0,0,1,0,0,-1,0,0,1,0,1,0,0,0,0,-1,0,0,-1,0,0,0,0,0,0,-1,-1
3241,1,0,1,0,0,-1,0,0,0,0,0,0,0,0,1,0,0,0,-1,0,0,0,0,0,0,0,0,1,-1,0,0,0,-1,0,0,0,1,-1,0,0,0,0,0,0,-1,-1,0,0,1,-1,0,0,0,0,0,0,0,1,1,0,0,0,0,-1
3242,-1,-1,0,0,0,0,0,0,1,1,0,0,0,-1,0,1,-1,-1,1,1,0,0,-1,0,0,0,0,0,1,0,0,0,0,0,0,0,1,1,0,0,0,0,0,1,-1,0,1,0,-1,0,0,0,0,0,0,-1,0,0,0,0,0,1,1,1
3243,0,1,1,1,0,0,0,0,0,0,0,-1,0,-1,0,0,1,0,0,-1,1,0,0,1,-1,0,0,0,0,0,-1,0,-1,0,0,0,1,0,0,0,-1,0,-1,0,0,0,0,0,0,1,0,0,1,0,1,-1,-1,-1,1,1,0,0,0,0
3244,1,0,1,0,0,1,0,0,0,0,0,0,0,-1,0,0,0,0,0,-1,0,1,-1,0,0,-1,1,-1,-1,0,0,1,1,-1,-1,0,0,0,0,0,-1,1,0,1,0,0,0,0,0,0,0,1,1,0,0,1,0,0,0,0,0,0,0,0
3245,-1,-1,0,0,-1,-1,0,0,0,1,-1,1,0,0,1,0,-1,0,0,0,0,1,0,0,-1,0,0,-1,0,0,1,0,0,-1,0,0,0,0,0,0,1,0,0,1,-1,0,-1,0,-1,0,1,0,1,-1,1,1,-1,0,1,1,0,0,0,0
3246,0,0,1,1,0,0,1,1,1,0,0,0,0,0,1,-1,0,0,-1,1,0,0,-1,1,0,-1,0,0,-1,0,0,-1,-1,0,-1,0,-1,0,0,0,-1,0,0,-1,1,0,1,-1,0,0,0,0,1,0,0,0,0,0,0,0,-1,-1,0,0
3247,-1,0,0,0,-1,0,0,0,0,1,1,0,0,0,-1,0,0,0,-1,0,-1,0,-1,0,0,1,-1,0,0,0,0,0,0,0,0,0,0,0,0,1,0,1,0,0,0,0,0,0,0,-1,1,-1,0,0,0,1,0,0,-1,0,0,1,0,-1
3248,0,0,0,0,0,-1,-1,0,0,0,0,1,0,-1,0,0,0,0,0,0,0,0,0,1,0,0,1,0,0,0,-1,0,-1,0,0,1,0,0,1,0,0,0,0,-1,-1,-1,-1,0,0,0,0,1,0,0,0,1,1,0,-1,0,0,0,0,-1
3249,0,1,0,-1,0,0,0,1,0,0,0,0,0,-1,0,1,0,0,-1,0,0,-1,0,-1,0,0,-1,0,1,-1,1,0,0,0,-1,-1,0,1,1,-1,0,-1,0,0,-1,-1,-1,0,0,0,0,0,-1,0,1,-1,0,1,0,1,1,0,0,0
3250,0,0,-1,-1,0,0,-1,0,0,0,1,-1,0,0,-1,0,0,1,1,1,0,0,0,0,1,0,0,0,-1,0,1,-1,0,0,1,0,0,0,1,0,-1,0,0,1,-1,1,0,0,0,1,0,1,0,0,0,0,0,0,0,0,0,0,0,1
3251,0,0,0,0,0,-1,0,0,-1,-1,1,1,0,0,0,0,0,0,0,1,1,0,0,1,1,0,0,0,-1,1,0,0,0,0,0,-1,1,1,-1,0,0,1,0,0,0,-1,0,0,1,1,0,-1,0,0,0,0,1,0,0,1,0,0,0,0
3252,0,1,0,-1,0,0,0,1,0,-1,-1,-1,0,0,0,0,-1,0,-1,-1,0,0,-1,-1,0,-1,0,1,0,0,0,0,0,1,0,0,0,1,0,0,0,1,1,-1,0,0,1,0,-1,0,0,0,0,0,0,0,0,0,0,0,0,0,0,0
3253,0,0,0,0,1,0,0,1,-1,-1,-1,0,0,-1,-1,0,0,0,0,0,-1,-1,0,-1,0,-1,1,1,-1,0,0,0,0,0,0,1,-1,0,0,1,1,0,0,0,-1,0,-1,0,1,0,-1,0,1,-1,0,0,0,0,0,-1,0,-1,0,0
3254,0,0,0,1,0,0,-1,0,-1,0,0,1,0,-1,0,0,1,0,0,0,0,0,0,0,1,0,1,0,0,0,-1,0,0,0,0,0,-1,-1,-1,0,0,1,-1,0,1,1,0,0,0,0,0,0,0,0,-1,1,0,0,0,0,0,-1,0,-1
3255,0,0,1,0,0,0,0,0,0,0,0,0,-1,1,1,0,-1,0,0,0,-1,0,0,0,-1,0,0,0,1,0,0,0,0,0,0,1,-1,0,0,0,0,0,0,-1,-1,1,1,1,1,0,1,0,0,0,0,0,0,1,1,1,-1,1,0,1
3256,-1,0,0,0,0,0,0,-1,-1,0,-1,-1,0,0,-1,0,-1,0,0,0,-1,1,0,0,0,0,0,0,-1,0,0,0,0,0,0,0,-1,0,-1,1,0,-1,-1,0,0,1,0,0,0,-1,0,0,0,-1,1,0,0,0,0,0,0,0,-1,0
3257,-1,1,0,0,0,0,0,0,-1,1,0,0,0,0,-1,-1,0,0,1,0,-1,0,1,0,0,0,0,0,0,0,0,1,-1,-1,0,0,1,0,-1,0,0,1,0,-1,0,-1,0,1,0,0,1,1,0,0,-1,0,1,1,0,0,0,0,-1,0
3258,0,0,0,0,0,0,-1,1,0,0,0,0,0,1,0,0,0,0,0,0,0,1,-1,1,0,0,-1,1,-1,-1,0,0,0,0,1,1,1,-1,0,0,1,0,-1,-1,0,-1,0,0,-1,0,0,0,0,1,-1,0,-1,0,0,1,-1,-1,0,0
3259,-1,-1,1,0,-1,0,0,1,-1,0,0,1,0,0,0,0,-1,1,-1,0,0,0,0,-1,-1,1,0,0,0,1,0,0,1,0,1,0,0,1,0,0,0,-1,-1,1,0,0,0,0,0,0,0,0,1,0,0,0,-1,0,0,0,1,-1,0,0
3260,0,0,-1,0,1,1,0,1,0,0,0,0,0,0,-1,1,0,0,0,0,1,-1,0,0,0,0,-1,-1,1,0,0,0,1,0,0,0,1,0,0,0,0,0,0,0,0,1,0,-1,0,0,0,0,1,-1,-1,0,0,1,0,1,-1,0,-1,0
3261,0,0,-1,0,1,0,-1,0,0,1,0,0,-1,0,0,-1,1,0,0,0,0,0,0,-1,1,0,1,0,0,0,0,-1,0,1,0,-1,-1,0,0,0,1,0,0,0,0,0,-1,0,1,-1,0,0,0,0,1,0,1,0,0,1,1,0,1,0
3262,1,0,0,0,-1,0,0,-1,-1,0,0,0,0,-1,0,0,0,0,0,0,0,0,0,-1,0,1,-1,0,0,0,-1,0,0,0,0,0,0,1,0,0,-1,0,0,1,0,0,-1,0,0,0,0,-1,0,-1,-1,0,0,0,0,0,-1,0,0,0
3263,-1,-1,-1,0,0,0,-1,1,-1,0,1,0,0,0,0,-1,0,0,0,0,-1,0,0,0,0,1,-1,0,0,-1,0,1,-1,-1,1,0,0,1,0,0,0,0,0,1,0,1,0,1,0,0,0,0,0,-1,-1,1,0,-1,-1,0,0,1,0,0
3264,-1,0,0,-1,0,0,0,0,0,0,0,1,0,0,0,0,0,-1,0,0,1,-1,0,-1,0,1,0,-1,-1,-1,0,0,0,-1,-1,0,0,-1,0,-1,1,-1,0,0,1,1,1,0,1,0,0,0,-1,0,1,1,-1,0,0,1,-1,0,1,0
3265,0,0,1,0,0,1,1,-1,1,-1,0,1,-1,0,1,0,-1,0,-1,0,0,0,-1,1,1,0,0,0,0,0,0,1,1,0,0,0,0,0,0,1,0,-1,0,0,0,0,-1,0,0,0,0,0,0,0,0,0,0,0,1,-1,0,0,0,0
3266,0,0,0,-1,0,0,-1,0,-1,0,0,0,-1,0,0,0,0,0,0,-1,0,0,0,-1,0,0,-1,0,0,0,0,1,0,0,0,0,0,0,1,-1,0,-1,-1,-1,0,0,0,0,0,0,1,0,0,-1,0,0,0,-1,0,0,0,-1,0,0
3267,0,0,0,1,0,0,0,1,1,1,0,-1,0,0,1,0,0,-1,0,1,0,1,1,0,0,0,0,0,1,0,0,1,0,0,0,1,0,0,0,0,0,-1,0,-1,0,-1,0,0,0,0,0,1,0,0,0,1,0,1,1,0,0,1,-1,0
3268,0,0,0,0,0,1,0,0,0,0,1,0,0,-1,0,1,1,0,0,0,0,-1,0,0,0,0,1,0,0,1,-1,-1,-1,0,0,0,0,1,0,0,0,0,0,0,0,0,0,0,0,0,0,0,0,0,0,0,0,1,1,0,0,0,0,0
3269,0,1,-1,1,-1,1,0,0,0,1,-1,0,0,0,1,0,0,0,-1,0,0,0,0,0,0,0,1,1,-1,0,0,0,0,1,0,0,0,0,0,1,0,0,0,0,0,0,-1,-1,-1,1,-1,-1,0,0,0,-1,0,0,0,1,0,0,0,0
3270,0,0,0,0,0,0,1,0,-1,0,0,0,0,0,0,0,1,0,-1,0,0,0,-1,1,0,0,0,1,0,0,0,1,1,0,0,0,0,0,0,0,1,1,1,0,0,0,0,0,0,0,0,-1,0,0,0,0,0,-1,0,1,0,0,1,1
3271,-1,0,0,0,1,0,0,0,-1,1,1,-1,-1,-1,0,0,0,0,0,0,0,-1,1,0,0,-1,0,0,0,0,-1,0,1,0,0,1,0,-1,0,-1,0,1,0,-1,-1,-1,-1,0,-1,0,1,0,-1,-1,0,0,0,0,-1,0,0,0,0,0
3272,1,0,0,0,0,-1,0,0,-1,0,-1,-1,0,0,0,0,-1,-1,0,0,0,0,-1,0,0,1,0,0,-1,0,1,1,-1,0,0,0,0,-1,0,0,0,0,-1,0,1,0,1,1,0,0,-1,0,1,0,1,0,0,0,0,0,0,0,1,0
3273,0,0,-1,-1,0,0,0,0,1,0,0,1,0,1,0,-1,0,0,0,0,1,0,0,0,0,-1,-1,0,-1,1,0,1,-1,1,1,-1,0,-1,0,0,-1,0,1,-1,-1,0,0,1,1,0,0,-1,1,1,0,0,1,0,0,1,0,1,1,0
3274,0,0,0,-1,0,0,0,0,0,0,0,-1,-1,0,0,-1,0,-1,-1,0,1,0,0,1,1,1,0,-1,0,0,0,1,0,0,0,1,0,0,0,0,0,0,-1,0,-1,0,0,0,0,0,0,0,0,0,-1,0,0,0,-1,0,0,0,0,0
3275,-1,0,1,0,-1,0,0,0,0,0,1,1,1,1,0,0,-1,0,0,-1,0,-1,-1,1,0,-1,0,0,0,0,0,0,0,1,0,-1,0,-1,0,0,-1,0,0,1,0,0,1,0,0,0,1,0,-1,0,1,-1,0,1,-1,0,-1,0,1,0
3276,0,0,1,0,0,0,1,0,0,0,0,0,-1,0,0,0,0,0,-1,0,-1,1,1,-1,0,0,0,0,1,0,-1,-1,-1,0,0,0,0,0,0,0,-1,0,1,1,0,0,0,0,1,0,0,0,1,0,0,1,1,0,-1,0,-1,0,0,1
3277,0,-1,-1,1,0,0,-1,0,0,0,-1,0,0,1,1,0,-1,0,0,1,0,1,-1,0,1,0,-1,0,1,0,1,0,1,0,-1,0,0,1,0,-1,0,1,0,-1,0,1,-1,0,0,1,1,0,0,-1,0,0,0,0,0,1,0,0,0,1
3278,0,0,0,0,0,0,0,0,1,0,1,0,0,0,1,0,0,0,0,0,0,0,0,0,0,0,0,0,0,0,-1,0,-1,0,0,0,-1,0,0,-1,1,-1,0,0,1,0,0,0,0,-1,0,0,-1,-1,0,1,0,0,0,0,1,0,0,0
3279,0,1,0,1,0,0,0,0,0,0,0,0,0,1,1,-1,0,1,0,1,0,0,-1,0,0,0,-1,0,1,0,0,0,-1,0,0,0,-1,0,0,0,1,-1,1,-1,0,1,0,0,0,-1,1,0,-1,-1,0,0,0,-1,1,0,1,1,0,0
3280,0,0,0,0,0,0,0,0,0,-1,-1,-1,0,1,1,0,0,0,0,-1,0,0,0,0,0,0,0,-1,0,0,-1,0,0,0,0,0,0,0,0,1,0,0,0,-1,0,0,1,1,1,0,0,0,1,-1,0,0,0,1,0,0,0,0,-1,0
3281,0,1,0,0,0,0,1,-1,0,0,0,0,1,1,0,0,0,0,-1,1,1,0,1,0,-1,0,1,0,0,0,0,-1,0,-1,-1,-1,0,0,0,0,-1,0,-1,0,-1,0,-1,0,0,0,0,0,0,-1,0,0,0,0,0,0,0,1,0,1
3282,0,0,0,0,0,0,-1,0,0,0,1,0,0,-1,0,0,0,0,1,0,0,-1,0,0,0,0,0,0,0,0,0,0,0,0,-1,1,-1,-1,0,0,0,0,1,0,0,1,0,0,0,0,0,0,0,0,-1,0,0,0,0,1,0,-1,-1,-1
3283,0,0,1,1,0,0,0,0,-1,0,0,0,0,1,0,0,-1,1,1,0,0,0,0,0,0,0,0,0,0,0,0,1,0,0,0,0,0,0,-1,0,0,1,0,0,0,0,0,-1,-1,-1,0,0,0,0,0,-1,-1,0,-1,0,0,0,-1,-1
3284,1,-1,-1,0,0,1,0,0,0,0,0,1,0,0,0,-1,0,0,-1,0,1,1,0,0,0,0,0,0,0,0,0,0,1,-1,0,0,-1,-1,0,-1,0,0,-1,0,0,0,0,0,0,0,0,0,-1,0,0,1,0,0,0,0,0,0,0,0
3285,0,1,0,0,1,0,-1,0,1,0,0,0,0,0,0,-1,0,1,1,0,-1,0,-1,1,0,0,0,0,0,1,0,1,0,-1,0,0,0,0,1,1,-1,1,0,0,0,0,0,0,0,0,1,1,0,1,-1,0,-1,0,0,0,0,1,1,0
3286,0,0,0,1,1,-1,0,-1,0,1,0,0,0,0,1,0,0,1,0,0,0,0,-1,1,0,0,0,0,0,0,1,0,0,-1,-1,0,0,-1,-1,0,0,0,0,0,0,0,0,1,0,0,1,1,0,0,-1,0,0,0,0,0,0,0,0,-1
3287,-1,1,0,0,0,0,-1,0,0,1,0,0,0,0,1,0,0,-1,1,-1,0,0,0,0,0,0,1,-1,-1,0,0,0,0,0,0,0,0,-1,-1,1,-1,0,0,1,0,1,0,-1,-1,0,0,0,-1,0,1,-1,0,0,-1,0,0,1,0,-1
3288,0,0,0,0,1,0,-1,0,-1,1,0,1,0,0,1,0,0,0,0,0,0,-1,-1,0,0,0,0,0,0,-1,-1,1,-1,0,1,0,1,0,1,-1,0,0,0,0,0,0,0,0,0,0,0,-1,-1,0,0,0,0,1,0,-1,1,0,0,0
3289,0,1,0,0,1,0,-1,0,-1,0,0,-1,0,1,0,0,-1,0,-1,-1,0,0,0,0,0,0,0,-1,0,0,0,0,0,-1,0,-1,0,0,1,-1,0,0,0,0,-1,0,0,0,0,0,1,0,0,0,1,0,0,0,0,0,0,0,0,0
3290,-1,1,0,0,0,0,-1,0,0,0,-1,0,0,0,0,0,0,1,-1,0,1,-1,0,0,0,0,1,1,1,0,0,0,0,0,0,-1,0,-1,0,0,1,1,0,0,-1,-1,0,0,1,1,1,1,0,0,0,0,1,0,0,0,0,1,0,-1
3291,0,1,1,0,1,0,0,0,0,1,-1,0,-1,-1,0,0,0,-1,1,-1,0,0,0,1,0,0,0,0,0,0,1,0,0,1,-1,1,0,0,0,0,0,0,0,0,0,0,-1,0,1,1,-1,0,0,0,1,0,0,0,0,0,0,0,-1,0
3292,0,0,0,0,0,0,0,0,0,0,0,0,0,0,0,0,0,-1,-1,1,0,-1,0,0,0,0,0,0,0,0,1,0,-1,0,-1,1,-1,1,-1,1,0,0,0,0,0,-1,0,1,0,0,0,0,0,0,1,1,0,0,-1,-1,-1,1,0,-1
3293,-1,0,0,-1,0,0,0,0,0,-1,0,0,1,0,-1,0,0,0,-1,0,0,-1,-1,0,1,0,0,-1,-1,0,0,0,-1,-1,1,0,1,0,0,0,0,1,0,0,-1,0,1,-1,-1,0,0,0,0,0,1,0,0,0,0,0,-1,-1,0,0
3294,0,0,1,0,1,0,-1,0,0,0,0,0,0,0,0,0,0,-1,0,1,-1,0,0,0,0,1,1,-1,0,0,-1,-1,-1,0,-1,1,0,0,1,1,0,1,0,1,0,-1,-1,0,0,1,-1,1,-1,0,0,0,0,1,1,0,0,-1,0,-1
3295,0,0,0,-1,0,0,0,0,1,0,0,1,0,0,0,-1,0,0,0,0,0,0,0,-1,-1,0,0,1,0,-1,0,0,0,0,0,0,-1,0,0,0,0,-1,0,0,0,-1,-1,1,0,0,0,0,0,0,0,0,-1,0,0,0,0,0,0,0
3296,0,-1,1,0,0,-1,0,0,0,0,0,0,0,-1,0,0,0,0,0,1,0,1,-1,0,1,0,0,0,0,-1,0,0,0,0,0,1,0,0,0,1,0,0,0,0,0,0,0,-1,0,0,-1,-1,0,0,0,0,1,0,0,0,0,0,-1,-1
3297,0,1,-1,0,0,1,-1,0,0,0,0,0,0,0,0,-1,0,0,0,0,-1,1,-1,0,0,0,-1,1,1,0,0,0,0,0,0,-1,1,0,1,1,0,0,0,0,0,1,0,0,0,0,0,-1,-1,1,0,0,1,1,-1,0,1,0,0,0
3298,-1,0,0,0,0,0,-1,1,1,0,-1,0,1,0,0,0,-1,0,0,1,-1,0,0,1,0,0,0,0,1,0,-1,0,1,0,0,0,-1,-1,0,-1,0,1,0,0,0,0,-1,0,0,-1,1,0,0,0,0,0,0,0,0,0,-1,0,0,-1
3299,0,0,0,-1,0,-1,0,0,0,0,-1,1,1,1,0,0,0,-1,1,0,-1,1,0,0,-1,0,0,0,0,0,0,0,-1,0,0,0,0,0,0,0,-1,0,0,0,0,0,1,1,0,0,0,-1,-1,0,0,0,0,0,0,0,1,0,-1,0
3300,1,0,0,-1,0,-1,-1,0,0,0,1,-1,0,1,0,-1,0,0,0,0,-1,1,0,0,0,0,0,0,0,-1,0,0,0,0,1,1,-1,-1,0,0,1,-1,0,0,0,1,0,0,-1,0,0,0,0,1,1,0,0,-1,0,1,0,1,-1,0
3301,1,0,-1,0,0,0,0,0,0,1,1,0,0,0,0,0,0,1,-1,0,0,0,-1,0,0,0,0,1,0,0,0,1,1,0,0,0,0,1,0,1,0,1,0,0,0,0,0,0,0,1,0,-1,-1,-1,0,-1,0,0,-1,0,-1,0,0,0
3302,0,1,0,0,-1,1,1,0,-1,0,-1,0,0,0,0,0,-1,0,0,0,0,0,0,0,-1,0,0,0,0,0,0,0,0,0,-1,0,0,-1,1,-1,0,0,0,0,-1,0,0,-1,0,0,1,0,0,0,0,0,0,-1,-1,0,0,-1,1,0
3303,0,1,0,0,0,1,0,-1,0,0,0,0,-1,-1,0,0,0,1,-1,0,0,0,0,0,-1,0,-1,1,0,1,0,0,0,0,0,0,0,0,0,0,0,1,0,0,1,-1,-1,0,0,0,0,1,0,0,-1,0,1,0,-1,0,1,0,0,0
3304,0,0,1,0,-1,-1,0,0,-1,1,0,-1,0,0,-1,0,0,0,0,-1,0,0,1,0,0,0,0,0,0,1,0,1,0,-1,1,0,1,-1,0,0,-1,-1,0,0,0,-1,0,0,1,0,1,0,0,0,0,0,0,1,0,-1,0,0,0,0
3305,1,-1,1,0,-1,0,0,1,0,-1,-1,0,0,0,1,-1,1,-1,0,0,1,-1,-1,0,0,-1,0,0,0,1,0,0,0,0,0,0,0,0,-1,0,0,0,0,0,0,-1,0,-1,0,0,0,0,0,0,0,0,0,0,0,1,-1,0,0,0
3306,0,0,0,0,0,0,0,1,-1,1,0,1,0,0,1,1,0,0,1,0,1,0,-1,-1,0,0,1,0,1,-1,-1,1,0,-1,0,0,0,-1,0,-1,0,0,1,0,0,0,1,-1,0,0,-1,0,0,0,0,0,0,0,0,0,-1,0,0,0
3307,0,0,0,0,0,0,0,-1,0,0,0,-1,0,0,0,0,-1,0,1,1,1,0,0,0,1,0,-1,-1,1,0,0,0,-1,0,0,0,0,1,1,1,0,0,-1,0,-1,0,0,0,0,0,0,0,1,1,-1,0,1,0,1,0,0,-1,0,0
3308,0,-1,1,1,0,0,1,0,0,0,1,-1,0,0,0,1,0,-1,0,0,1,0,1,0,0,0,0,0,0,1,1,0,1,0,1,0,0,0,0,1,0,-1,-1,0,0,0,-1,0,0,0,0,0,-1,-1,-1,1,0,0,0,0,0,0,1,0
3309,0,0,0,0,1,0,0,0,0,0,-1,-1,0,1,0,0,0,0,-1,1,1,0,-1,1,-1,0,0,0,-1,0,0,0,-1,0,-1,1,0,-1,-1,-1,0,0,1,0,-1,-1,0,0,0,0,0,1,-1,0,-1,0,0,0,1,1,0,0,0,1
3310,0,0,-1,0,0,-1,0,0,0,0,0,0,0,1,0,1,0,0,0,0,0,0,0,0,0,0,0,0,0,0,0,1,1,0,0,0,1,0,-1,0,-1,0,-1,0,-1,0,0,-1,0,1,-1,1,0,1,0,1,0,-1,1,0,0,1,0,0
3311,1,0,0,1,0,-1,0,-1,1,1,1,1,0,1,0,0,0,0,1,0,0,-1,-1,1,1,0,0,0,0,0,0,0,1,0,-1,0,0,0,0,0,1,0,1,1,-1,0,0,0,1,0,0,0,-1,0,0,0,0,0,-1,0,0,0,0,-1
3312,0,0,-1,1,1,0,0,-1,-1,-1,1,0,-1,-1,-1,0,0,0,0,0,-1,-1,0,-1,0,0,0,0,0,0,0,-1,1,0,0,0,0,-1,1,0,1,0,1,-1,1,-1,-1,-1,1,0,1,0,0,0,0,0,-1,-1,0,0,0,-1,0,0
3313,0,0,1,-1,0,1,-1,0,1,-1,-1,0,0,1,1,-1,0,0,-1,0,0,0,0,0,0,0,-1,0,1,0,0,1,0,-1,0,0,0,0,-1,0,0,0,1,0,1,0,0,0,0,1,0,1,1,0,0,0,0,0,0,0,1,0,0,0
3314,0,0,-1,0,1,0,0,1,0,0,0,1,0,1,0,0,-1,0,0,0,0,0,0,0,1,1,0,0,1,0,0,1,0,0,-1,0,1,0,-1,0,1,0,0,1,0,0,-1,1,-1,1,0,0,0,0,0,0,-1,0,0,0,1,0,1,1
3315,0,0,0,1,0,0,-1,0,0,0,0,0,0,0,0,0,0,1,0,0,0,0,0,0,0,0,0,0,-1,0,-1,0,0,0,1,-1,0,0,-1,0,-1,0,0,0,1,0,0,1,-1,0,1,-1,0,0,-1,0,-1,0,0,0,0,1,0,1
3316,0,1,0,0,1,0,0,1,0,0,0,0,0,0,0,0,0,0,0,0,1,0,0,1,0,0,1,0,0,0,0,0,1,0,1,0,0,0,0,0,0,1,0,-1,0,0,0,0,0,-1,0,0,0,0,0,1,0,0,0,0,-1,0,0,0
3317,-1,1,0,1,1,-1,0,0,0,0,0,0,0,0,0,1,0,1,-1,0,0,1,-1,0,0,0,-1,0,0,0,0,0,0,0,0,-1,0,-1,0,0,0,-1,1,0,0,0,0,0,1,0,1,-1,-1,0,0,0,0,0,0,0,0,0,0,0
3318,0,0,-1,0,0,-1,0,0,0,1,0,0,-1,-1,0,-1,0,1,1,-1,-1,0,0,0,1,1,0,0,-1,-1,0,1,0,0,0,0,0,0,0,0,0,0,0,1,1,0,0,1,0,0,0,-1,1,0,0,0,0,1,1,1,1,0,0,0
3319,0,0,0,0,-1,0,0,0,0,1,-1,0,-1,0,1,0,1,0,1,0,-1,0,0,0,-1,0,0,-1,0,0,0,0,-1,0,0,0,0,0,-1,0,0,1,0,-1,0,1,-1,-1,1,0,0,0,-1,1,0,0,0,0,0,0,0,0,0,1
3320,0,0,0,0,1,0,1,0,0,0,1,0,0,0,1,1,0,0,0,0,0,1,0,-1,0,0,0,0,0,1,-1,0,1,1,-1,1,0,-1,1,0,0,1,-1,0,0,0,-1,0,-1,0,0,1,0,1,0,1,0,0,-1,0,-1,0,1,-1
3321,0,-1,1,1,0,-1,1,1,0,-1,0,0,-1,0,1,-1,0,-1,0,0,-1,0,0,0,1,0,0,1,0,0,-1,0,0,-1,1,1,-1,1,-1,-1,0,0,0,0,0,0,0,0,-1,-1,0,0,0,1,1,0,1,-1,0,0,0,0,0,0
3322,-1,1,0,-1,0,1,0,0,0,0,1,0,0,0,-1,0,0,1,0,0,0,1,0,1,-1,0,0,0,0,-1,0,1,1,-1,0,0,-1,0,0,0,0,0,0,-1,1,0,0,0,0,0,0,1,-1,-1,0,0,0,0,0,-1,0,0,0,1
3323,0,-1,0,1,-1,-1,-1,0,0,0,0,0,0,0,0,0,0,0,0,0,0,-1,-1,1,0,0,0,1,-1,1,0,0,-1,1,1,0,-1,-1,0,-1,0,-1,0,0,1,0,0,0,1,0,0,0,0,-1,0,0,1,1,0,-1,0,0,0,-1
3324,-1,0,0,0,0,-1,0,0,0,-1,0,1,1,-1,-1,0,0,0,0,0,-1,-1,0,1,0,0,1,1,0,0,-1,-1,0,0,0,0,0,1,0,0,0,1,0,0,0,0,-1,1,0,0,0,0,-1,1,0,1,0,-1,0,1,0,0,1,-1
3325,1,0,-1,1,0,0,0,0,0,0,0,0,0,-1,0,0,0,0,0,-1,1,0,1,0,1,0,-1,0,0,1,1,-1,0,0,1,0,0,1,1,0,0,0,0,0,1,0,0,-1,0,0,0,0,0,-1,0,0,0,0,0,0,-1,0,0,0
3326,0,0,0,0,0,0,-1,0,1,-1,0,-1,0,0,1,-1,0,-1,0,0,0,0,-1,0,-1,0,0,0,0,-1,0,1,0,0,0,1,0,0,0,-1,0,1,0,0,-1,0,0,-1,-1,-1,1,0,0,1,1,1,-1,0,0,-1,-1,1,0,0
3327,0,0,0,0,0,0,0,0,0,-1,0,1,0,0,0,0,0,1,1,1,0,0,0,0,0,-1,0,0,-1,0,0,0,1,0,0,0,1,-1,-1,0,-1,0,1,0,-1,0,0,-1,0,0,0,0,1,-1,-1,0,0,0,0,0,-1,-1,0,0
3328,0,0,0,0,1,1,1,0,0,0,0,0,0,1,0,-1,0,0,0,1,1,0,0,0,1,0,-1,0,0,0,0,0,0,-1,0,-1,0,-1,0,-1,0,1,1,1,1,-1,-1,-1,0,1,-1,0,0,0,0,0,1,0,0,0,0,0,-1,1
3329,0,0,0,0,0,0,-1,0,-1,0,0,0,0,0,0,-1,0,1,0,0,0,0,1,1,0,0,0,0,0,0,0,0,1,0,0,0,0,0,1,0,0,1,0,0,0,1,1,0,0,0,1,0,0,0,0,0,1,0,0,0,-1,1,0,0
3330,0,0,-1,1,0,0,-1,-1,0,0,-1,0,-1,0,0,0,1,0,-1,-1,0,0,0,0,0,0,0,0,-1,0,-1,0,0,1,0,-1,0,0,0,0,0,0,0,0,1,1,0,0,0,0,1,0,1,0,0,1,0,1,0,-1,0,-1,0,0
3331,0,0,0,1,1,0,0,0,-1,1,0,0,1,0,0,0,0,0,1,0,0,0,0,0,-1,-1,1,0,0,0,1,0,-1,0,0,0,-1,1,0,0,0,0,0,0,1,0,0,0,-1,0,0,0,0,0,0,1,0,-1,0,1,0,0,1,0
3332,-1,0,0,0,-1,0,1,0,0,-1,0,-1,-1,0,-1,0,0,0,-1,0,0,0,0,0,0,0,0,0,0,1,1,0,1,0,0,1,-1,1,1,0,0,0,0,0,0,-1,0,0,1,-1,-1,0,1,0,0,0,1,-1,0,1,0,-1,0,0
3333,0,0,-1,1,0,0,-1,0,0,0,0,0,0,0,0,1,-1,0,-1,0,0,-1,0,-1,0,0,-1,0,0,0,0,0,0,0,-1,0,1,0,0,1,-1,-1,-1,0,0,0,0,0,0,0,0,0,1,0,1,0,-1,1,0,0,0,0,0,0
3334,1,0,0,1,0,0,-1,0,0,-1,0,0,0,0,1,-1,0,0,0,0,0,1,0,0,-1,0,0,1,0,0,0,0,0,1,0,-1,0,1,0,0,0,0,-1,-1,0,0,0,1,0,-1,1,0,0,-1,0,0,1,0,0,0,0,-1,0,0
3335,0,0,0,0,1,1,0,0,0,0,-1,1,-1,0,0,0,0,0,1,1,1,0,0,-1,1,0,0,0,0,0,1,1,0,0,0,0,1,0,0,-1,0,-1,0,-1,1,0,0,-1,0,-1,-1,1,1,1,0,0,0,0,-1,-1,1,0,0,0
3336,1,0,1,0,0,0,0,0,0,1,0,0,0,1,0,0,0,0,0,0,0,0,1,0,0,0,0,0,0,0,0,0,0,0,0,0,0,0,0,0,1,0,-1,-1,0,0,0,0,0,0,0,-1,0,1,0,0,-1,0,0,0,0,0,0,0
3337,0,1,1,0,0,0,0,0,0,0,0,0,-1,-1,0,0,1,0,0,-1,0,-1,0,1,0,0,1,0,0,-1,0,1,1,0,0,0,0,0,0,1,1,0,0,0,0,-1,1,0,0,1,0,0,0,0,0,0,1,0,0,0,1,0,-1,1
3338,0,0,0,0,0,0,0,0,-1,0,0,0,0,-1,0,-1,1,0,-1,0,0,0,0,0,0,0,0,0,0,1,0,1,0,-1,0,0,0,0,0,1,0,0,0,0,0,0,-1,0,0,0,0,-1,1,0,1,-1,0,0,-1,0,-1,0,0,0
3339,1,0,-1,-1,0,1,0,0,0,0,-1,0,0,0,1,-1,0,0,1,0,0,0,0,0,0,0,-1,0,0,0,0,0,-1,0,0,-1,0,0,0,1,1,0,0,1,0,0,0,0,0,0,0,0,0,0,0,1,0,1,0,-1,0,0,0,-1
3340,0,0,0,0,-1,-1,0,0,0,0,-1,0,-1,0,-1,0,-1,1,0,0,0,0,0,-1,1,0,0,0,0,0,0,-1,1,0,0,-1,0,0,0,0,0,1,0,-1,0,-1,0,0,0,0,-1,0,0,0,-1,0,0,0,0,-1,0,1,0,0
3341,0,0,-1,-1,0,0,0,0,0,0,0,0,0,0,0,0,0,0,1,0,0,0,-1,0,0,0,1,0,0,1,0,-1,1,0,0,0,-1,0,0,0,0,1,0,0,0,0,0,0,-1,1,0,0,-1,-1,0,0,1,0,0,0,-1,0,-1,-1
3342,1,-1,0,-1,1,1,-1,-1,1,0,0,0,0,0,0,0,1,1,0,1,0,0,-1,1,0,0,0,-1,0,0,0,0,0,0,0,0,0,0,0,1,0,-1,0,0,0,0,1,0,0,0,-1,0,0,0,0,0,0,0,0,0,0,0,-1,1
3343,1,0,0,1,0,0,-1,1,-1,0,0,1,0,0,0,0,0,0,0,0,-1,1,0,-1,0,0,-1,0,1,0,-1,1,0,0,0,0,0,0,0,0,-1,0,-1,0,-1,-1,0,0,0,1,0,0,0,0,0,0,1,0,1,1,0,0,-1,0
3344,1,0,0,0,-1,0,0,0,0,0,0,0,0,-1,0,0,0,1,1,0,0,-1,0,0,0,0,0,0,1,-1,1,0,0,1,0,0,0,0,0,-1,0,0,-1,1,0,-1,1,0,0,1,0,0,0,0,0,0,1,1,0,0,0,-1,-1,0
3345,0,0,0,0,-1,-1,0,0,0,-1,0,0,-1,-1,0,0,0,0,0,0,0,0,0,0,0,1,0,0,0,0,1,0,1,0,1,1,0,1,0,0,0,-1,0,0,-1,0,-1,0,1,0,0,0,0,0,0,0,0,-1,0,0,0,-1,0,0
3346,-1,0,1,0,0,0,0,0,1,0,0,-1,0,0,-1,0,1,0,0,0,0,1,0,0,-1,1,0,0,1,0,1,-1,0,0,1,0,0,0,-1,-1,0,0,-1,-1,1,0,-1,1,-1,0,0,0,0,0,0,0,0,0,-1,0,0,0,1,-1
3347,0,1,0,1,0,-1,0,1,0,0,0,0,0,0,0,-1,0,0,1,-1,0,0,1,0,-1,-1,0,-1,1,0,1,0,0,0,-1,0,1,0,-1,-1,0,0,-1,1,0,0,0,0,0,0,0,1,0,0,1,0,0,0,0,-1,0,0,1,0
3348,0,1,0,0,0,-1,1,1,0,0,1,1,0,0,0,0,-1,0,0,-1,0,0,0,-1,0,0,-1,1,0,-1,-1,0,-1,0,1,0,0,-1,0,0,0,1,-1,-1,0,0,0,1,0,-1,0,0,0,-1,0,-1,0,0,0,0,-1,0,0,0
3349,0,0,1,0,0,0,0,-1,0,0,1,1,0,0,0,1,-1,0,-1,0,-1,0,0,-1,0,0,-1,0,1,0,0,0,0,0,0,-1,1,0,0,0,0,1,-1,0,0,-1,0,0,0,-1,0,1,0,0,-1,0,1,0,-1,0,0,1,1,0
3350,0,0,-1,0,0,1,1,1,-1,1,0,1,0,-1,0,0,0,1,0,0,1,0,0,0,0,0,0,0,0,-1,1,0,-1,0,0,1,0,0,0,0,0,1,1,0,-1,-1,0,0,-1,1,0,0,1,0,0,1,-1,0,0,1,0,-1,1,-1
3351,0,0,0,-1,-1,0,0,0,1,0,1,0,1,0,1,0,0,1,0,-1,0,0,0,-1,0,0,-1,0,0,-1,0,0,0,1,0,-1,-1,0,1,0,0,0,0,0,0,1,0,0,0,0,1,0,0,0,0,0,0,1,1,1,1,0,1,0
3352,0,-1,-1,1,0,-1,-1,0,0,0,0,0,0,0,0,0,0,0,0,-1,0,0,0,0,0,-1,1,0,0,0,-1,0,0,1,0,1,1,0,1,1,1,0,-1,0,0,0,1,0,1,1,0,-1,-1,0,0,0,0,-1,-1,0,1,0,1,1
3353,-1,-1,0,1,0,0,0,-1,0,0,0,0,-1,1,1,0,0,0,-1,1,0,0,0,0,1,1,0,0,0,-1,0,0,0,0,0,1,0,1,0,1,0,0,0,0,1,0,-1,0,0,0,0,-1,-1,0,-1,0,1,0,1,1,0,0,0,1
3354,0,0,0,0,0,-1,-1,-1,0,0,1,-1,-1,0,1,1,0,-1,-1,0,0,0,0,1,0,0,1,0,-1,0,0,1,1,0,0,0,0,0,-1,0,-1,0,0,0,0,0,0,-1,-1,0,0,0,1,0,0,-1,0,1,0,0,-1,0,0,1
3355,1,1,0,0,0,1,1,1,0,0,0,0,1,0,0,0,0,0,0,-1,0,0,0,0,-1,0,0,0,0,0,0,0,0,0,1,0,-1,-1,-1,0,0,1,0,-1,0,1,1,0,-1,0,0,-1,-1,0,-1,0,-1,0,1,-1,-1,-1,1,-1
3356,1,-1,0,0,0,0,1,-1,1,0,1,-1,1,0,0,0,0,0,0,0,1,0,1,0,0,0,0,0,0,1,0,0,1,-1,0,0,0,0,0,0,0,1,0,0,0,0,-1,0,0,0,0,0,1,0,0,0,-1,0,-1,0,0,0,0,0
3357,0,0,0,0,0,1,-1,0,-1,0,0,1,0,0,-1,0,0,1,1,0,1,0,0,1,-1,0,-1,0,1,-1,0,0,0,0,-1,0,0,1,1,-1,0,-1,0,-1,0,1,0,0,1,1,0,0,0,-1,-1,-1,1,0,-1,1,0,0,-1,0
3358,0,1,0,-1,0,0,0,0,1,0,1,0,0,1,0,1,0,1,0,0,0,0,-1,-1,-1,0,-1,0,0,0,1,-1,-1,0,0,-1,0,0,0,1,0,-1,0,0,0,0,0,1,0,-1,1,0,0,1,0,1,0,-1,-1,0,0,0,0,-1
3359,0,0,1,-1,1,-1,-1,1,0,1,0,0,0,-1,1,0,1,1,-1,0,0,0,0,0,0,0,0,1,0,0,0,0,1,0,-1,0,0,1,0,0,0,-1,0,-1,-1,0,0,-1,0,0,1,0,0,0,-1,-1,0,0,0,0,-1,0,1,0
3360,0,0,0,0,0,-1,0,0,0,-1,0,0,0,1,0,1,0,0,-1,0,-1,0,0,0,1,1,0,0,-1,0,0,0,1,0,1,0,-1,0,0,0,0,1,1,1,-1,0,0,0,0,0,0,0,-1,0,0,0,0,-1,0,0,-1,0,0,1
3361,1,0,0,-1,1,0,0,0,1,0,0,-1,1,-1,0,0,0,0,-1,0,0,0,0,0,-1,-1,0,1,0,0,0,0,-1,0,0,0,-1,0,0,0,0,1,0,0,-1,1,0,1,0,0,0,0,1,0,0,0,0,0,1,0,0,0,0,0
3362,1,0,0,0,1,0,0,0,0,0,0,-1,0,0,0,0,1,-1,1,0,1,0,0,0,0,0,0,-1,-1,1,1,0,-1,-1,0,0,1,0,0,-1,1,1,0,0,-1,1,0,0,0,0,0,0,-1,1,0,0,0,0,1,0,-1,1,0,0
3363,0,-1,-1,0,0,1,-1,1,-1,0,0,-1,-1,-1,0,0,0,0,0,1,0,-1,-1,0,0,0,0,0,-1,-1,0,0,0,-1,0,1,0,-1,0,0,0,0,0,1,0,0,-1,0,0,0,0,0,0,0,1,0,0,1,-1,0,0,0,0,0
3364,-1,0,1,0,0,0,0,0,-1,0,1,0,0,-1,0,-1,0,0,0,0,0,1,-1,-1,1,0,0,0,0,0,1,0,-1,0,-1,0,0,0,0,0,0,0,0,0,0,1,1,-1,0,0,0,0,0,0,0,0,0,0,0,-1,-1,-1,-1,0
3365,0,0,1,1,-1,0,0,0,0,-1,1,0,-1,0,0,0,0,0,0,0,0,0,0,0,0,0,0,1,0,1,0,1,0,1,-1,0,1,-1,0,-1,-1,0,0,0,0,-1,0,0,0,-1,-1,-1,1,0,-1,0,0,-1,0,0,1,0,0,1
3366,0,0,1,-1,0,0,1,0,0,1,1,1,0,0,0,1,0,0,0,1,0,0,0,0,0,0,0,-1,0,0,0,1,-1,1,0,0,0,0,0,-1,0,-1,0,0,0,0,0,0,0,-1,1,0,0,-1,0,0,-1,1,0,1,1,-1,0,0
3367,0,0,0,0,0,-1,-1,0,0,0,1,0,-1,0,-1,0,0,0,0,0,0,0,0,0,1,-1,1,0,0,0,0,0,1,1,0,1,0,0,0,-1,0,0,-1,0,0,0,0,0,-1,0,0,1,0,0,0,1,0,-1,0,0,0,1,0,1
3368,0,-1,-1,0,-1,0,-1,1,0,0,0,0,0,0,-1,0,0,0,0,0,0,1,0,0,0,-1,0,0,0,-1,0,0,0,-1,-1,-1,0,0,-1,-1,0,0,0,0,1,0,0,1,0,-1,0,0,0,0,-1,0,0,1,0,1,-1,0,-1,-1
3369,0,-1,0,-1,0,1,-1,1,1,0,0,1,0,0,0,0,0,0,-1,-1,0,0,1,0,0,1,1,0,1,0,0,-1,0,0,0,0,1,0,1,0,0,0,0,0,0,0,0,0,0,0,0,0,-1,1,0,-1,0,-1,1,0,0,0,0,1
3370,0,0,1,0,0,0,0,1,0,0,0,0,0,-1,0,0,-1,1,0,0,0,0,1,0,0,0,0,0,0,0,1,0,1,0,0,0,0,1,-1,0,0,-1,0,0,-1,0,0,-1,-1,1,0,0,-1,0,0,0,1,0,0,0,-1,0,0,1
3371,0,0,1,0,0,0,1,0,0,0,-1,1,0,-1,0,1,1,0,1,0,0,0,-1,0,1,0,1,0,-1,0,0,0,0,0,1,-1,0,0,0,1,1,0,0,-1,1,-1,0,0,-1,0,0,0,0,-1,-1,0,-1,1,0,0,0,0,0,0
3372,0,1,0,1,0,0,0,-1,0,-1,0,0,-1,0,-1,0,0,0,-1,-1,0,-1,0,0,1,1,0,-1,0,0,-1,0,0,0,0,0,0,0,0,1,-1,0,0,0,0,-1,0,1,0,0,0,1,-1,0,0,0,0,-1,-1,0,-1,0,0,0
3373,-1,0,0,0,0,0,-1,-1,-1,0,0,0,0,1,0,0,0,0,-1,0,0,1,1,1,1,0,0,-1,1,0,0,0,0,1,-1,-1,-1,0,0,0,0,0,0,0,-1,0,0,0,0,0,1,0,0,0,0,-1,0,0,0,1,0,1,0,0
3374,0,0,0,0,1,0,1,0,0,0,0,-1,0,0,0,0,0,-1,0,1,0,-1,0,0,0,0,0,0,0,0,1,-1,1,-1,-1,-1,-1,0,0,0,0,-1,-1,0,0,0,0,0,0,0,0,-1,1,0,0,0,0,0,-1,0,0,0,0,0
3375,0,0,0,1,-1,0,1,0,1,0,-1,0,-1,-1,1,0,-1,0,0,1,0,1,0,0,0,0,0,0,0,0,0,0,0,-1,0,0,-1,0,1,0,0,1,0,0,-1,-1,0,1,0,1,-1,0,0,0,0,0,-1,0,1,0,-1,1,0,0
3376,0,1,0,0,0,-1,0,-1,0,0,0,0,0,1,1,-1,0,0,0,0,0,0,0,1,1,0,-1,1,-1,0,0,-1,0,0,0,1,0,0,1,-1,0,0,0,0,1,0,0,-1,0,0,0,1,0,0,0,0,0,0,1,0,0,1,1,0
3377,1,0,-1,0,0,-1,0,0,0,0,-1,0,1,0,0,0,0,0,1,-1,1,0,0,0,1,1,0,1,-1,0,0,-1,-1,0,1,-1,0,1,-1,0,1,1,0,0,0,-1,-1,0,0,1,0,0,0,0,0,-1,0,0,0,0,0,1,-1,0
3378,0,0,0,0,0,1,0,0,0,0,1,-1,1,0,1,0,0,-1,0,1,-1,0,0,0,-1,0,0,0,0,0,0,-1,0,0,0,-1,0,0,1,0,0,1,1,1,0,0,0,0,0,0,0,-1,1,1,0,1,0,0,0,0,0,0,1,1
3379,0,0,0,0,0,0,0,0,0,0,0,0,1,0,0,-1,0,1,0,0,-1,0,0,0,1,0,1,1,0,-1,0,0,-1,1,0,-1,0,0,0,-1,0,0,-1,0,0,1,0,0,0,-1,-1,1,-1,-1,-1,1,0,0,-1,0,0,0,-1,0
3380,0,0,0,1,0,0,1,0,0,0,1,0,-1,0,0,0,1,0,0,0,-1,0,0,1,0,0,0,0,0,0,1,-1,0,0,0,0,0,0,1,1,0,0,1,0,0,0,0,0,0,-1,0,-1,0,0,0,0,1,0,-1,0,1,0,0,0
3381,0,0,1,0,-1,0,0,0,0,-1,1,0,1,0,-1,1,0,-1,0,0,0,0,0,0,0,1,0,0,0,0,0,0,1,0,0,0,0,1,0,1,0,0,0,1,0,0,0,0,0,-1,1,-1,1,0,-1,0,0,0,0,-1,1,1,0,0
3382,0,-1,0,-1,1,0,0,0,-1,0,1,0,0,-1,0,-1,-1,1,0,1,0,0,0,-1,1,0,0,0,1,0,-1,1,0,0,0,0,0,0,0,-1,0,0,0,0,0,0,1,0,1,0,0,0,0,0,-1,1,0,-1,-1,0,0,-1,1,-1
3383,0,1,1,1,-1,0,1,-1,1,-1,0,0,0,0,-1,0,0,-1,0,0,0,0,0,0,0,0,0,1,-1,0,-1,1,0,1,0,0,1,1,-1,0,0,0,0,0,0,0,0,0,0,0,0,-1,0,0,0,0,0,0,0,0,-1,0,0,0
3384,0,0,-1,0,0,0,0,0,-1,0,0,0,1,0,0,1,1,0,0,0,0,1,0,0,-1,0,1,0,1,0,0,0,1,0,0,0,0,0,0,0,-1,0,-1,0,-1,0,0,0,0,0,0,0,0,1,0,-1,0,0,0,0,0,1,0,1
3385,-1,-1,0,0,1,1,0,0,-1,0,0,-1,0,1,0,1,0,-1,0,-1,0,-1,-1,-1,0,0,0,1,0,0,1,1,0,-1,1,0,0,-1,-1,0,0,1,0,0,0,1,-1,1,0,-1,-1,0,0,0,-1,-1,0,-1,0,1,0,0,1,0
3386,-1,0,-1,0,0,0,0,0,0,-1,0,0,0,1,-1,0,1,0,-1,0,0,-1,0,-1,0,0,0,1,-1,1,-1,1,0,-1,1,-1,0,0,0,0,0,-1,0,0,1,0,-1,0,0,0,0,0,0,-1,0,-1,0,0,1,0,1,0,0,0
3387,0,-1,0,0,-1,1,1,0,-1,0,1,0,1,0,-1,0,1,0,-1,0,0,0,0,0,0,0,0,1,0,-1,0,0,0,0,-1,1,0,-1,0,-1,1,1,0,-1,1,0,1,-1,0,0,0,0,1,-1,0,-1,0,-1,0,-1,-1,0,-1,0
3388,1,0,1,-1,-1,1,0,-1,-1,0,0,-1,1,0,1,0,0,1,0,0,0,-1,0,-1,0,0,-1,0,0,-1,-1,0,0,0,0,1,0,0,0,0,0,1,0,0,0,0,0,0,0,0,1,1,0,0,0,0,1,-1,0,1,-1,-1,0,-1
3389,1,1,0,1,-1,0,1,-1,1,1,1,0,0,0,0,0,1,0,1,0,1,1,0,-1,1,1,0,0,0,0,0,0,1,0,0,0,-1,0,0,0,0,0,0,0,0,0,1,0,1,-1,-1,0,-1,0,1,0,0,0,0,0,1,-1,0,0
3390,0,-1,0,0,1,-1,0,1,0,0,1,-1,0,1,0,-1,0,-1,1,0,-1,0,0,0,0,1,0,0,0,0,0,0,1,0,1,0,1,0,0,0,0,0,-1,0,0,0,0,0,0,0,0,0,0,0,0,0,0,0,0,0,0,-1,0,0
3391,0,-1,0,0,-1,-1,-1,1,0,0,0,0,0,0,-1,0,-1,0,1,0,0,0,0,1,1,1,0,0,0,1,0,0,0,1,0,0,0,0,-1,0,0,0,0,0,-1,0,0,0,-1,1,0,1,1,-1,0,0,-1,0,0,0,0,0,0,0
3392,0,-1,0,0,0,0,0,0,0,0,-1,0,0,0,0,0,0,0,0,1,0,1,0,0,-1,-1,0,-1,-1,0,1,0,0,-1,0,0,0,-1,0,0,1,0,1,-1,0,0,0,0,0,0,0,-1,0,0,0,0,0,0,0,0,0,1,0,0
3393,0,0,0,0,1,-1,0,1,0,0,0,0,0,0,-1,1,1,1,-1,0,1,0,0,0,0,0,0,-1,0,0,1,0,-1,0,0,0,0,0,0,-1,1,0,-1,0,0,0,0,0,0,0,0,0,-1,0,0,0,1,0,0,1,0,0,-1,0
3394,0,0,0,0,0,-1,0,0,1,1,1,0,1,0,-1,0,1,1,0,1,0,0,1,0,1,0,0,-1,0,0,0,0,0,0,0,1,0,1,0,0,-1,1,0,0,1,0,0,1,0,-1,0,1,0,0,0,0,0,0,0,0,0,0,0,0
3395,0,1,0,0,0,0,0,0,-1,0,1,-1,-1,1,0,0,0,-1,0,0,1,1,0,0,0,-1,0,0,0,0,0,0,0,0,0,0,0,0,-1,-1,0,0,1,0,0,0,0,0,0,0,0,0,0,-1,0,0,0,0,1,0,0,0,0,1
3396,0,0,0,-1,1,0,1,0,0,0,0,1,0,0,0,-1,0,-1,0,0,-1,1,0,0,0,0,0,0,0,1,-1,0,0,0,0,-1,1,0,0,0,1,0,-1,-1,-1,0,0,1,0,0,0,0,0,0,0,-1,0,1,0,0,0,0,1,-1
3397,0,0,0,0,-1,-1,0,0,-1,0,-1,0,0,0,0,-1,0,1,0,0,0,0,0,0,-1,0,0,0,0,1,0,0,0,0,0,0,0,1,-1,-1,0,-1,0,0,1,-1,0,0,0,1,0,0,0,1,1,-1,0,0,0,-1,0,0,0,0
3398,0,0,0,-1,-1,1,0,0,1,0,-1,0,0,-1,-1,0,-1,0,0,1,0,1,0,-1,-1,0,0,0,0,0,0,1,0,0,0,-1,-1,-1,0,1,0,0,0,1,0,0,-1,0,0,0,0,-1,0,0,0,1,1,-1,0,-1,0,1,0,0
3399,1,0,0,-1,-1,-1,-1,0,1,0,0,0,0,0,0,0,0,1,0,0,0,0,1,0,0,1,0,0,0,-1,1,-1,0,0,0,0,0,0,0,0,0,1,0,-1,1,0,0,0,0,0,-1,-1,0,1,0,-1,1,0,0,-1,-1,0,0,0
3400,1,0,-1,0,0,0,0,-1,0,-1,0,0,-1,1,1,0,0,0,1,0,0,0,0,1,-1,-1,1,1,0,0,-1,0,0,0,0,0,0,-1,0,0,0,-1,0,-1,0,1,1,0,0,0,0,-1,0,1,0,1,-1,0,1,0,0,0,0,0
3401,0,0,1,1,0,0,0,0,0,0,0,-1,-1,0,0,0,-1,0,0,0,0,0,1,0,0,0,-1,0,1,0,-1,-1,0,-1,0,0,0,0,0,0,0,0,0,0,-1,0,0,0,0,-1,0,0,0,1,0,0,1,0,0,0,-1,0,0,1
3402,0,0,0,0,0,1,1,-1,0,1,0,-1,0,0,0,1,-1,0,0,0,1,1,0,1,1,0,0,0,-1,0,0,0,0,1,1,1,-1,-1,0,-1,0,0,0,0,0,0,0,-1,-1,0,0,0,0,0,0,1,0,0,0,0,0,-1,0,1
3403,0,0,0,1,0,-1,-1,0,1,0,0,1,0,1,0,0,0,0,1,-1,0,0,-1,0,0,0,0,0,0,0,0,1,0,0,0,1,1,0,0,1,0,-1,1,0,0,0,1,0,0,0,0,1,0,1,0,0,1,0,0,-1,0,-1,0,0
3404,0,0,0,0,0,0,0,1,0,0,0,-1,-1,1,-1,1,0,0,0,0,0,0,-1,0,0,0,1,-1,-1,1,-1,0,0,1,0,0,0,0,0,0,0,0,1,-1,1,-1,0,-1,0,0,0,0,0,-1,0,0,0,0,0,0,-1,0,-1,0
3405,-1,0,0,0,-1,0,0,0,-1,0,-1,0,0,0,-1,0,-1,0,0,0,-1,0,0,0,-1,0,0,0,0,0,-1,0,0,0,0,0,0,1,0,0,-1,-1,0,-1,0,0,0,1,0,0,0,1,1,1,0,1,0,0,0,0,0,1,1,0
3406,0,1,1,0,1,1,-1,0,0,0,-1,0,1,0,0,0,0,0,1,-1,0,-1,1,1,-1,0,0,0,0,0,0,0,0,0,1,0,0,1,0,0,0,0,0,0,0,1,0,0,0,0,0,0,0,0,0,-1,0,0,0,1,0,0,0,0
3407,0,-1,0,1,1,0,0,0,0,-1,0,1,0,0,-1,0,0,1,0,0,0,1,0,0,-1,0,0,0,0,0,0,-1,0,0,-1,0,0,0,-1,0,0,-1,0,0,1,0,0,-1,0,1,0,0,-1,0,0,-1,0,0,0,0,0,0,0,0
3408,0,1,0,0,0,0,-1,-1,0,0,1,0,1,-1,0,0,-1,-1,-1,0,-1,0,0,-1,0,0,0,1,1,0,0,0,1,-1,0,0,0,1,0,1,0,1,1,-1,1,0,0,0,-1,0,0,-1,0,1,1,0,0,1,1,-1,0,0,-1,0
3409,-1,1,0,1,1,1,0,-1,1,-1,0,1,0,0,0,1,0,0,1,0,1,0,0,-1,0,0,-1,0,0,-1,0,1,0,-1,1,-1,0,1,0,0,0,0,0,1,1,0,0,0,0,1,0,0,0,0,0,-1,0,0,1,-1,0,0,1,0
3410,0,-1,0,1,1,0,-1,1,1,1,0,0,-1,0,1,0,0,0,-1,0,0,1,1,1,0,0,-1,-1,0,1,0,0,0,-1,-1,0,0,0,-1,0,0,0,0,-1,1,-1,0,0,0,0,1,1,0,0,1,0,0,0,0,-1,1,0,0,0
3411,0,1,0,0,0,0,1,0,0,1,0,-1,0,-1,0,1,1,0,-1,1,0,-1,0,0,1,0,0,0,0,0,0,0,0,1,0,0,1,0,0,1,-1,0,0,0,1,1,0,0,1,0,1,0,0,1,-1,0,0,0,0,0,0,0,-1,0
3412,-1,0,0,0,1,0,-1,-1,0,0,1,1,0,0,-1,0,0,0,1,0,0,0,0,0,0,0,1,0,0,-1,0,0,0,0,1,0,1,0,0,0,0,0,0,1,0,-1,0,1,0,0,0,0,0,0,0,0,0,1,0,1,0,0,0,0
3413,0,0,0,0,0,0,-1,0,-1,0,0,0,0,-1,1,0,0,0,0,0,-1,1,1,0,0,-1,0,-1,1,0,0,-1,-1,-1,1,0,0,0,1,0,0,0,-1,1,0,0,1,0,-1,-1,0,0,1,0,0,0,0,-1,1,-1,-1,1,0,0
3414,0,0,0,0,0,0,0,0,-1,0,-1,0,0,0,0,1,-1,0,-1,0,-1,1,0,0,1,0,0,0,0,0,1,0,0,1,0,0,0,0,0,0,0,1,0,0,0,0,0,0,0,1,0,0,1,0,1,0,0,-1,-1,0,0,1,-1,0
3415,0,1,0,1,1,0,0,1,-1,-1,0,0,1,-1,0,0,1,0,0,0,1,0,-1,0,-1,0,0,-1,0,0,0,0,0,-1,-1,0,0,0,0,-1,0,-1,0,0,1,1,0,1,0,-1,0,0,0,0,-1,0,0,0,-1,0,0,0,-1,-1
3416,0,0,0,0,0,1,0,1,0,-1,0,0,1,0,0,0,0,1,0,0,0,0,0,0,1,0,0,0,0,0,0,1,0,0,0,0,0,1,1,0,0,0,0,0,0,0,1,1,1,0,0,0,0,1,0,0,0,0,0,1,1,0,0,1
3417,0,0,0,0,0,1,1,1,0,0,1,0,0,1,0,-1,-1,-1,0,0,-1,0,0,0,0,0,1,1,0,0,-1,-1,0,0,0,1,0,0,0,1,0,0,0,0,-1,1,1,0,0,0,0,-1,0,0,0,0,0,-1,-1,0,1,1,1,0
3418,-1,0,0,0,0,1,0,0,0,0,0,-1,0,-1,0,0,0,0,0,0,0,-1,0,1,0,0,0,0,0,0,1,0,-1,-1,0,0,0,0,-1,0,0,0,0,1,0,-1,0,1,0,0,0,0,0,0,0,0,0,0,-1,0,0,1,0,-1
3419,0,0,1,0,1,0,0,0,0,-1,-1,1,0,1,-1,0,0,0,0,0,0,0,-1,1,0,-1,0,0,0,0,0,-1,0,1,-1,0,-1,0,-1,1,0,0,1,0,0,0,1,0,0,1,0,1,0,1,0,-1,0,0,0,0,0,1,0,0
3420,0,-1,1,0,-1,0,0,-1,0,0,0,0,0,0,1,0,0,0,0,0,0,0,0,-1,1,0,0,1,0,0,0,1,0,-1,1,1,0,-1,0,0,0,0,0,0,0,1,1,0,0,1,0,0,0,0,1,0,0,-1,0,0,1,0,1,0
3421,-1,0,0,0,-1,0,0,0,0,0,0,0,0,-1,0,0,0,0,0,0,1,0,0,0,0,0,0,0,-1,-1,-1,1,0,1,0,0,0,0,0,1,-1,1,0,0,0,1,0,0,0,1,0,-1,0,-1,-1,-1,0,0,-1,-1,-1,0,0,0
3422,1,0,0,-1,-1,-1,-1,1,0,0,0,0,0,0,0,1,0,0,1,-1,1,1,0,0,0,-1,1,0,0,0,0,1,0,-1,0,0,0,0,1,0,0,0,0,-1,-1,0,0,-1,1,0,-1,1,1,1,1,1,-1,0,-1,0,0,0,0,0
3423,1,0,-1,0,0,1,0,0,0,0,0,0,0,0,0,0,-1,0,0,0,0,0,0,0,0,0,0,0,0,1,0,0,0,0,0,0,-1,1,0,1,0,0,0,0,-1,1,0,-1,-1,-1,-1,0,0,1,0,-1,0,0,0,1,0,-1,1,0
3424,0,0,-1,0,0,0,1,0,-1,0,-1,0,0,-1,1,0,-1,-1,1,-1,0,0,1,0,0,0,1,0,0,0,1,0,0,0,0,0,0,0,0,1,0,0,1,1,0,-1,0,0,0,-1,0,-1,-1,-1,0,0,0,0,1,0,1,0,1,0
3425,-1,0,0,-1,0,0,0,1,-1,1,0,0,0,0,1,-1,1,0,0,0,0,-1,0,1,0,0,0,0,-1,-1,0,0,-1,-1,0,0,0,0,-1,0,0,0,0,0,0,0,1,0,0,0,0,0,0,0,0,0,1,-1,1,0,-1,0,0,0
3426,0,1,1,0,-1,0,1,1,1,0,0,0,0,0,0,-1,1,-1,0,0,0,0,0,0,0,0,0,0,1,1,1,0,1,1,0,0,0,1,-1,0,0,0,0,0,0,0,1,0,-1,0,0,0,1,1,-1,0,0,0,0,1,-1,0,1,-1
3427,0,0,0,0,-1,0,-1,0,1,0,0,1,0,1,1,1,1,1,0,-1,1,0,0,-1,-1,0,1,0,0,0,0,0,1,1,0,1,0,0,0,-1,0,0,1,0,0,-1,-1,0,0,1,-1,0,0,0,0,0,0,1,1,0,0,-1,0,0
3428,-1,0,1,0,1,0,-1,1,0,0,0,0,0,0,0,0,1,0,1,1,1,0,0,0,0,1,0,0,0,0,1,1,0,0,0,0,-1,0,0,0,-1,0,0,0,0,0,0,0,1,0,0,0,-1,0,-1,0,1,0,0,0,0,0,0,1
3429,0,0,0,-1,-1,1,0,0,0,1,1,1,1,0,-1,0,0,1,0,0,0,0,-1,0,0,0,0,0,0,0,0,0,-1,0,1,0,0,0,0,0,0,0,1,0,0,0,0,0,0,-1,0,0,0,-1,-1,0,0,0,0,0,0,0,0,1
3430,0,-1,0,-1,1,0,0,0,1,1,0,0,0,0,0,1,0,0,-1,1,-1,-1,1,0,0,0,0,0,0,0,1,0,0,1,0,0,-1,0,0,0,0,1,0,0,0,1,0,0,1,0,1,1,0,-1,0,0,1,-1,-1,0,0,0,0,0
3431,1,1,0,-1,0,0,0,1,0,0,1,0,0,-1,0,0,0,0,0,0,-1,1,0,0,0,-1,0,0,0,0,0,0,-1,0,0,1,-1,0,0,0,0,0,-1,0,1,0,0,0,0,-1,-1,0,0,0,0,0,0,0,1,0,0,-1,0,0
3432,0,-1,0,0,1,-1,-1,-1,-1,0,1,0,0,0,0,0,0,0,0,-1,0,0,0,0,0,0,-1,0,1,0,1,1,0,1,0,1,0,0,1,1,0,0,0,1,0,0,0,-1,0,1,0,-1,0,-1,0,0,0,0,0,0,0,0,0,0
3433,0,0,0,-1,0,-1,0,0,1,0,0,-1,-1,0,0,0,-1,0,0,0,0,1,0,-1,0,0,1,0,0,1,0,1,1,0,0,0,0,0,-1,0,0,-1,1,0,-1,0,0,0,0,1,0,0,-1,0,0,0,0,-1,0,-1,0,0,0,0
3434,0,0,0,0,0,0,0,0,0,-1,-1,1,0,-1,1,1,-1,-1,1,0,0,-1,-1,1,-1,-1,0,1,0,1,1,0,0,0,0,0,0,0,0,0,0,-1,1,-1,0,0,0,-1,1,0,1,0,0,0,0,1,0,0,0,0,0,1,0,0
3435,0,0,1,0,0,1,0,0,0,0,1,0,0,1,0,0,0,0,0,-1,0,0,1,-1,0,-1,0,0,0,0,0,1,0,0,0,0,0,-1,0,0,0,-1,0,-1,1,0,0,0,1,1,1,0,0,0,0,1,0,-1,1,-1,0,0,0,0
3436,0,1,0,0,-1,0,-1,0,0,0,0,1,1,1,0,0,-1,0,-1,1,1,0,1,0,1,0,0,0,0,0,-1,0,0,-1,0,1,0,0,-1,0,0,0,0,1,0,-1,0,0,0,0,0,0,0,0,-1,-1,0,0,0,-1,-1,0,0,0
3437,0,1,0,1,0,-1,0,-1,0,1,-1,0,-1,0,0,-1,0,0,0,-1,-1,0,-1,-1,0,0,0,0,0,0,0,0,-1,0,0,0,0,0,0,0,1,-1,0,-1,0,-1,-1,0,0,-1,0,0,1,0,0,1,0,0,1,0,-1,0,-1,0
3438,1,0,-1,0,-1,0,0,0,1,0,-1,-1,1,0,1,0,0,0,0,1,0,0,0,-1,0,0,0,-1,0,1,0,1,0,0,1,0,0,-1,-1,0,0,-1,0,1,0,0,0,0,0,0,0,1,0,0,0,0,0,0,-1,0,-1,0,0,-1
3439,0,-1,-1,0,-1,0,0,0,0,0,0,0,0,0,-1,0,-1,0,-1,0,0,0,0,0,0,0,0,-1,0,0,-1,1,0,0,1,0,-1,-1,0,0,0,0,0,0,0,0,0,-1,0,0,0,0,0,0,0,1,0,0,0,0,-1,-1,0,0
3440,0,0,0,0,-1,0,0,0,1,0,1,0,0,0,0,0,0,-1,-1,0,-1,-1,1,0,0,0,0,0,1,0,-1,0,0,1,0,0,1,1,0,1,0,0,0,-1,0,1,0,1,0,-1,0,0,0,0,0,0,1,0,0,-1,0,0,0,0
3441,1,1,1,0,0,0,0,0,0,0,1,1,0,0,0,-1,0,0,0,1,0,0,0,1,0,1,0,0,0,1,0,1,-1,-1,0,0,0,0,-1,0,0,0,0,0,0,0,0,0,0,0,0,1,0,0,0,0,-1,1,0,0,0,0,1,-1
3442,1,0,-1,0,1,-1,0,1,0,0,0,0,0,0,0,0,0,0,0,1,1,0,-1,0,0,1,0,1,1,0,1,0,-1,0,1,1,0,0,0,0,-1,1,0,-1,0,0,1,0,1,0,0,0,1,1,1,1,0,0,0,0,0,0,0,1
3443,0,0,-1,0,0,0,1,0,-1,0,-1,-1,-1,0,0,0,0,-1,0,0,0,0,0,-1,0,1,0,1,0,-1,0,0,1,0,0,0,0,0,-1,1,0,0,0,0,0,1,0,0,-1,0,0,0,0,0,1,0,0,0,0,1,1,0,0,0
3444,0,0,-1,1,-1,0,0,0,0,0,0,0,0,1,0,0,0,0,0,-1,-1,-1,0,0,1,-1,1,-1,0,0,-1,0,0,0,0,0,-1,1,0,-1,0,0,0,0,-1,0,0,0,1,0,-1,0,1,-1,0,-1,0,0,0,0,0,0,0,-1
3445,0,0,0,0,0,1,0,0,0,0,0,0,0,0,1,0,0,0,1,0,0,0,0,0,1,0,-1,0,0,-1,0,0,0,0,0,0,1,0,-1,0,0,0,0,0,0,-1,0,0,0,-1,-1,0,0,0,0,0,1,0,0,0,0,0,1,-1
3446,0,0,0,0,0,-1,1,0,0,0,0,0,0,1,0,0,0,0,0,0,1,1,0,0,0,0,0,0,0,1,0,0,-1,0,0,-1,0,1,0,0,0,1,-1,0,0,0,0,0,0,0,1,0,0,0,1,1,-1,0,0,-1,0,0,0,-1
3447,0,0,1,-1,1,0,0,0,0,1,0,0,0,0,0,-1,-1,0,0,0,0,1,0,1,-1,0,0,1,1,0,0,1,0,-1,0,0,0,0,-1,0,0,0,0,0,-1,0,1,0,-1,0,0,0,-1,0,0,-1,0,0,1,-1,1,-1,0,0
3448,-1,0,0,0,0,0,0,0,1,-1,0,1,0,-1,0,-1,0,1,0,0,0,0,0,0,1,-1,-1,0,0,0,0,1,0,-1,1,0,0,0,0,1,-1,0,0,0,0,0,0,0,-1,0,0,0,-1,0,0,0,0,0,-1,0,0,-1,-1,0
3449,1,0,0,0,-1,0,0,0,-1,0,0,0,0,0,0,1,0,1,0,0,0,1,1,1,-1,0,0,1,0,0,0,-1,0,0,1,0,0,-1,1,0,0,0,0,1,-1,0,0,1,0,0,0,0,0,1,0,1,0,0,1,0,0,1,0,-1
3450,0,0,0,0,1,0,0,0,0,0,0,0,0,0,-1,0,-1,0,1,0,0,1,0,1,1,-1,0,0,0,0,1,0,0,0,0,0,-1,0,0,1,-1,-1,-1,1,-1,1,0,-1,1,1,0,-1,0,0,0,0,0,-1,-1,0,-1,1,0,0
3451,0,0,0,-1,0,0,1,0,0,1,0,-1,0,1,-1,-1,-1,0,-1,0,0,0,0,-1,0,0,0,0,0,0,-1,0,0,0,1,0,0,0,0,0,0,-1,-1,1,0,0,0,-1,-1,0,-1,0,1,-1,0,0,0,-1,0,0,0,0,0,-1
3452,-1,0,0,0,0,-1,0,0,0,0,1,0,0,-1,1,0,0,0,0,-1,0,0,0,0,1,0,-1,-1,-1,0,0,-1,0,0,-1,1,0,1,0,0,0,0,1,0,0,-1,0,1,0,1,0,-1,0,-1,1,0,1,0,1,0,1,0,0,0
3453,1,0,0,1,0,0,-1,0,0,0,0,-1,0,1,-1,1,0,0,0,0,0,-1,0,0,0,0,0,0,-1,1,0,-1,1,0,0,0,1,0,0,0,1,0,0,0,0,0,0,1,0,0,0,-1,-1,1,0,0,-1,0,0,0,-1,0,1,0
3454,0,-1,0,1,1,0,-1,0,1,0,1,1,-1,0,0,0,0,0,-1,0,-1,0,0,1,-1,0,0,0,0,0,0,0,1,0,0,0,0,-1,1,0,-1,0,-1,0,-1,-1,0,0,0,0,1,0,0,0,1,0,1,0,0,0,1,0,0,0
3455,1,0,1,1,0,1,-1,0,0,0,-1,-1,1,0,0,1,0,0,1,0,0,-1,0,0,0,0,1,0,0,0,1,0,0,1,1,0,1,-1,-1,0,0,0,0,0,-1,0,0,0,-1,0,1,0,0,-1,0,0,-1,0,-1,0,0,0,0,0
3456,1,0,0,0,-1,0,1,-1,0,0,0,0,0,0,0,-1,0,0,-1,-1,0,1,0,1,0,0,0,0,0,0,0,1,-1,0,0,0,0,0,0,0,1,0,1,-1,-1,-1,0,0,0,1,0,0,0,0,1,1,0,0,0,1,1,0,0,0
3457,0,0,1,0,0,0,0,0,0,1,0,0,1,1,1,1,1,1,0,0,0,0,1,0,0,0,1,0,1,0,-1,-1,1,0,0,-1,0,1,0,0,0,0,1,0,0,-1,0,0,0,0,-1,0,0,0,1,0,1,0,0,0,0,0,-1,-1
3458,-1,1,0,0,-1,0,-1,-1,0,0,0,-1,0,0,0,0,0,-1,0,0,0,0,0,0,1,0,0,0,0,0,0,0,0,-1,-1,0,0,0,-1,0,0,0,0,-1,-1,0,-1,0,1,1,0,1,0,0,0,0,0,0,1,0,1,0,0,0
3459,0,1,0,1,1,0,0,0,-1,1,1,0,0,0,0,-1,0,0,0,0,0,-1,-1,0,1,1,0,0,0,0,1,0,0,0,-1,0,0,0,1,0,1,0,1,0,-1,-1,0,0,-1,0,0,1,1,1,0,0,1,0,0,1,0,-1,0,0
3460,0,0,0,0,0,-1,0,0,-1,1,0,0,0,-1,0,0,0,0,-1,0,0,0,0,0,-1,0,-1,0,0,0,0,0,0,-1,-1,0,0,0,0,0,0,0,1,0,1,0,-1,0,0,0,0,0,0,0,0,0,1,0,1,-1,0,-1,-1,-1
3461,0,0,0,-1,0,0,0,0,-1,0,0,1,0,0,0,0,1,0,0,0,0,0,0,1,0,0,0,0,0,0,-1,0,0,0,-1,0,0,0,-1,0,0,-1,1,-1,-1,0,0,0,1,0,-1,0,0,-1,0,1,1,1,0,0,1,1,1,-1
3462,1,-1,1,0,1,1,0,0,1,0,1,0,0,-1,0,0,0,0,0,-1,0,0,-1,0,0,0,1,0,0,0,-1,-1,0,-1,-1,0,0,0,1,0,-1,0,0,0,0,0,0,0,-1,0,0,0,0,-1,0,-1,1,0,1,-1,0,-1,0,0
3463,0,1,0,0,0,0,0,0,0,0,0,0,-1,-1,0,1,1,0,0,0,0,1,0,-1,0,0,-1,0,0,-1,1,0,0,0,1,-1,1,0,0,1,0,0,1,-1,0,0,-1,0,0,-1,-1,0,1,0,1,1,-1,-1,-1,0,1,0,0,0
3464,0,0,-1,0,-1,-1,0,0,0,0,0,0,0,1,0,0,0,0,1,1,0,-1,0,0,0,0,0,0,-1,-1,1,-1,1,0,1,0,0,0,1,0,0,-1,0,1,0,0,0,0,1,1,0,0,0,1,0,0,0,0,1,1,0,-1,0,0
3465,0,1,0,-1,-1,0,1,0,-1,0,1,0,0,0,0,0,0,0,0,0,0,0,0,0,1,0,-1,0,0,-1,0,-1,0,0,0,0,0,1,1,1,0,-1,0,-1,0,0,0,0,-1,0,-1,0,0,-1,-1,-1,0,1,0,-1,0,0,0,1
3466,1,0,-1,0,1,1,0,0,0,0,0,0,0,0,1,0,0,1,-1,0,0,-1,0,-1,0,1,0,0,0,0,-1,0,0,0,0,1,0,0,0,0,-1,0,0,-1,1,0,1,0,0,0,-1,0,0,-1,0,0,0,0,0,0,0,0,-1,0
3467,0,0,0,1,0,-1,-1,0,0,-1,1,0,0,0,0,0,0,1,1,0,0,0,0,1,0,0,0,0,0,0,0,-1,0,0,0,1,0,-1,0,0,0,0,0,-1,-1,0,-1,0,0,1,0,-1,0,0,-1,0,1,1,0,0,-1,0,0,0
3468,1,0,1,1,0,0,-1,0,0,0,-1,0,-1,0,0,0,-1,0,0,1,-1,0,0,0,0,-1,0,1,1,1,-1,0,1,1,-1,0,1,-1,0,-1,0,0,0,1,0,0,0,0,0,-1,0,0,0,0,0,1,0,0,0,0,-1,0,0,0
3469,1,0,0,0,0,1,-1,0,0,0,0,1,1,1,0,0,0,0,0,-1,0,1,0,0,0,0,1,0,0,-1,-1,0,0,0,-1,0,0,0,-1,1,1,-1,-1,0,0,1,0,0,0,1,0,0,0,1,0,0,0,1,0,-1,0,0,0,0
3470,0,0,0,-1,0,1,0,0,0,0,0,1,0,-1,1,0,0,-1,0,0,0,0,0,1,0,0,0,0,0,-1,0,1,0,0,-1,0,0,0,-1,0,0,0,0,-1,0,0,0,1,-1,-1,0,0,0,0,0,0,0,-1,0,0,0,0,-1,0
3471,0,0,-1,0,0,0,0,1,0,-1,-1,1,0,0,-1,-1,0,1,0,0,0,0,0,1,0,1,0,-1,-1,0,0,-1,1,-1,0,0,1,1,0,0,0,0,0,0,0,1,0,0,0,0,-1,0,0,1,-1,0,0,0,-1,0,1,1,0,0
3472,0,0,0,0,0,0,0,-1,0,0,0,0,0,0,0,0,0,0,-1,0,-1,-1,0,0,0,0,-1,0,-1,0,0,0,1,-1,0,0,0,-1,1,1,-1,0,0,0,-1,0,0,0,0,0,-1,0,0,0,0,0,0,0,1,-1,1,0,1,0
3473,1,0,0,0,0,-1,1,0,0,1,0,0,0,0,1,0,1,0,1,0,-1,-1,-1,0,0,0,0,-1,0,0,0,1,-1,0,0,-1,0,0,-1,0,0,0,0,-1,0,0,0,0,0,0,1,0,0,-1,-1,0,1,-1,0,0,0,0,0,0
3474,0,1,0,0,-1,1,1,1,0,1,0,1,0,0,0,0,-1,1,1,0,0,0,1,0,0,0,0,0,-1,0,1,0,0,0,0,0,0,-1,-1,0,-1,0,0,0,0,0,0,1,-1,0,1,0,0,-1,0,0,1,0,0,0,0,0,1,0
3475,0,-1,0,0,0,-1,0,0,0,1,0,1,1,1,0,1,0,0,0,-1,0,0,0,0,0,0,-1,0,0,0,1,-1,0,1,0,0,-1,0,1,0,-1,0,0,0,1,1,0,0,0,-1,0,1,-1,0,0,-1,0,0,0,0,1,0,1,-1
3476,0,0,0,1,0,1,0,-1,0,1,0,0,0,1,0,0,1,0,0,0,0,-1,0,0,1,1,1,0,-1,0,0,-1,0,1,0,0,1,0,0,1,-1,-1,0,0,0,0,1,0,0,0,-1,-1,0,0,1,0,0,0,0,0,1,1,0,0
3477,0,0,-1,0,1,1,0,1,1,0,0,-1,0,1,1,0,0,0,-1,0,0,0,1,0,-1,-1,1,0,0,-1,1,0,1,-1,0,1,-1,-1,0,0,0,0,0,0,0,0,0,0,0,0,0,1,0,-1,-1,0,0,0,1,0,0,0,0,-1
3478,0,0,0,0,0,-1,0,0,0,0,1,1,-1,0,1,0,0,0,1,0,0,0,1,0,-1,0,0,0,0,0,-1,0,0,0,0,0,0,0,0,1,0,0,1,1,0,1,0,0,-1,0,0,0,0,0,0,0,1,0,0,0,0,0,0,1
3479,1,0,0,-1,-1,0,0,0,0,1,0,0,1,-1,0,0,-1,0,-1,-1,0,1,0,0,1,1,-1,0,0,0,0,1,-1,0,0,0,0,0,1,-1,0,0,1,-1,0,1,0,0,0,1,0,1,0,0,0,0,-1,0,-1,0,-1,1,0,-1
3480,0,1,0,0,0,0,1,0,0,1,1,0,0,1,0,-1,0,0,0,0,0,0,-1,0,0,0,1,0,0,1,0,1,0,0,-1,-1,0,-1,0,0,1,-1,1,0,0,0,1,0,-1,0,-1,0,0,0,1,0,0,-1,0,0,0,1,0,0
3481,0,0,0,0,-1,0,0,0,0,0,0,1,0,0,0,0,-1,0,-1,0,0,1,0,0,0,0,0,0,0,0,0,0,-1,0,1,1,1,0,-1,0,0,-1,0,-1,0,-1,0,0,0,0,1,0,0,0,0,0,-1,0,1,-1,1,0,1,-1
3482,0,0,-1,0,0,-1,0,0,0,0,0,0,0,-1,-1,0,-1,-1,0,0,-1,0,1,0,1,0,0,1,0,1,0,0,0,-1,0,0,0,-1,1,0,0,0,0,0,0,0,1,1,0,0,0,1,0,0,0,0,-1,0,0,0,0,0,-1,0
3483,1,1,-1,0,-1,0,-1,0,1,0,0,0,-1,0,0,0,0,0,-1,0,-1,0,0,0,0,0,0,0,0,0,0,0,-1,0,0,0,0,-1,0,0,1,1,0,1,1,0,0,-1,-1,0,0,-1,0,0,0,0,0,0,0,1,-1,0,1,0
3484,0,0,0,-1,0,0,-1,0,0,0,0,0,1,0,0,0,0,0,0,1,1,0,0,0,-1,0,0,0,0,0,0,1,1,1,-1,-1,1,0,0,-1,-1,0,1,0,0,1,1,-1,0,-1,0,1,0,0,1,0,0,0,1,0,1,0,0,0
3485,-1,-1,0,1,0,0,1,-1,0,0,-1,0,-1,0,0,0,0,0,0,1,1,0,1,0,0,0,0,0,0,1,0,-1,0,0,-1,0,0,0,0,0,0,0,0,-1,0,1,0,0,1,0,0,0,-1,0,0,0,1,1,0,-1,-1,0,-1,0
3486,1,0,0,0,0,0,0,1,-1,0,-1,-1,0,0,1,1,1,0,0,0,-1,1,1,-1,0,0,0,0,0,0,0,0,-1,1,-1,0,0,0,0,0,0,0,0,-1,0,1,0,1,0,0,0,1,0,0,0,1,0,0,0,0,0,-1,1,-1
3487,0,0,1,0,0,0,0,0,0,0,0,0,0,0,0,0,1,0,0,-1,0,0,0,0,0,0,0,0,0,0,0,1,0,0,0,0,0,0,0,1,1,0,0,0,0,0,0,0,0,0,-1,1,0,0,0,0,0,0,0,0,0,0,0,1
3488,0,-1,0,1,1,0,0,-1,0,0,0,0,0,0,0,0,-1,-1,-1,-1,0,0,-1,0,0,0,0,-1,-1,0,0,0,1,0,-1,1,0,1,1,0,0,0,0,1,0,0,0,0,0,-1,0,0,0,-1,0,0,0,-1,0,0,0,0,-1,0
3489,0,1,1,0,0,0,0,1,0,0,0,0,0,-1,0,1,0,0,1,-1,0,1,0,1,1,0,0,0,0,-1,0,0,0,0,0,0,0,0,1,0,1,0,0,-1,0,0,0,0,0,1,0,0,0,0,0,-1,1,0,0,0,0,0,0,-1
3490,-1,0,0,0,-1,0,1,-1,-1,0,1,1,-1,1,0,-1,0,0,0,0,1,-1,0,-1,0,-1,0,0,1,0,0,1,0,0,-1,0,0,0,0,0,0,1,-1,1,-1,0,-1,0,0,-1,0,0,1,0,0,1,0,0,0,0,0,1,-1,1
3491,0,-1,-1,0,0,0,0,0,1,0,0,1,0,0,-1,0,0,0,0,0,0,1,1,0,-1,0,1,0,0,0,0,0,0,0,0,0,0,0,0,1,0,0,1,0,0,0,0,-1,0,-1,0,1,0,-1,0,0,0,-1,0,0,0,1,1,0
3492,0,0,1,0,0,0,-1,1,0,-1,0,1,-1,-1,1,0,0,0,0,-1,0,0,1,0,0,-1,0,-1,0,0,-1,-1,1,0,0,1,-1,0,0,1,0,0,0,0,0,0,0,1,0,-1,0,0,0,-1,1,0,1,0,0,0,1,-1,-1,0
3493,1,-1,0,1,0,1,1,0,0,-1,0,0,-1,0,1,1,1,0,0,0,-1,-1,-1,-1,0,0,0,1,0,0,0,0,0,0,0,1,1,1,0,1,-1,0,0,0,0,0,-1,0,0,0,1,0,1,0,0,0,1,0,0,0,0,0,0,0
3494,1,0,1,0,0,1,0,1,0,0,-1,1,0,-1,0,1,0,0,0,0,0,0,1,0,0,0,0,-1,-1,0,0,0,1,0,-1,0,0,0,-1,1,0,1,0,1,0,0,0,0,0,0,1,1,1,0,0,0,0,0,0,-1,-1,1,0,1
3495,0,0,1,0,0,-1,0,0,0,0,0,0,0,0,1,0,0,0,0,1,0,1,1,0,1,0,0,0,0,0,1,0,0,0,-1,-1,0,0,1,0,0,0,-1,-1,0,0,0,0,1,0,1,-1,0,0,0,0,0,-1,0,1,0,0,0,-1
3496,0,0,0,0,0,0,-1,1,1,-1,0,0,0,0,0,1,-1,0,1,0,0,0,-1,0,0,1,0,0,-1,0,0,0,0,0,1,0,0,0,0,0,0,0,1,1,0,0,0,0,0,1,0,-1,1,0,1,0,1,-1,0,1,0,1,1,0
3497,0,0,-1,0,0,0,0,-1,0,-1,0,-1,1,0,0,1,0,-1,0,0,1,0,0,0,1,0,0,0,0,0,0,0,0,0,0,0,1,0,0,0,0,-1,0,0,0,0,0,-1,1,0,0,0,0,0,0,-1,0,0,0,0,0,0,-1,-1
3498,0,0,0,0,0,1,-1,0,0,0,-1,-1,0,0,0,0,0,-1,0,0,1,-1,0,0,1,0,0,0,1,0,0,0,-1,0,0,1,0,0,1,0,0,0,1,0,0,0,1,-1,0,1,1,0,1,0,-1,0,0,0,0,1,0,0,1,1
3499,0,-1,0,0,1,0,0,0,0,0,1,0,0,1,0,1,0,0,0,0,-1,-1,0,0,-1,0,0,0,0,1,0,-1,0,-1,0,1,0,0,0,0,0,0,0,-1,0,1,1,0,-1,0,0,0,-1,0,0,0,0,0,0,0,0,0,0,0
3500,0,0,0,-1,0,0,0,0,0,0,0,0,0,0,1,0,0,0,0,-1,1,0,1,0,0,0,1,0,1,0,1,-1,-1,1,0,1,0,0,0,0,-1,-1,1,0,0,1,0,1,0,1,0,1,1,0,0,-1,1,0,0,0,-1,-1,0,-1
3501,0,-1,0,-1,0,0,0,0,0,0,1,0,0,0,1,0,0,0,0,0,0,0,0,0,0,0,0,0,0,0,1,0,0,-1,-1,0,0,0,0,-1,1,0,0,-1,0,0,0,1,0,0,-1,0,-1,-1,0,0,0,-1,1,1,0,0,-1,1
3502,0,0,0,0,0,-1,0,-1,-1,0,-1,0,0,-1,0,0,0,0,1,1,0,0,0,0,0,1,1,-1,0,0,0,0,0,0,1,0,1,0,0,1,0,0,0,1,1,0,0,-1,-1,0,1,0,-1,0,0,1,0,0,-1,0,1,0,0,1
3503,0,1,0,-1,0,0,0,0,1,1,0,-1,0,0,0,0,0,1,0,0,-1,-1,0,1,0,0,1,0,0,0,0,0,-1,0,0,0,0,0,1,0,0,0,1,0,0,-1,-1,0,0,1,0,-1,0,1,0,-1,1,1,0,0,0,-1,0,1
3504,0,0,0,0,1,0,0,0,0,1,0,0,0,-1,-1,0,0,0,1,0,0,-1,1,0,0,1,1,0,0,0,0,1,-1,-1,-1,0,0,0,0,1,1,0,0,-1,0,0,0,0,0,0,0,0,-1,1,1,0,0,0,0,0,0,0,1,0
3505,-1,1,0,0,-1,1,0,0,0,0,-1,0,-1,-1,0,0,0,0,-1,1,0,0,1,0,0,-1,1,1,-1,-1,0,-1,0,0,0,0,0,0,0,0,-1,0,0,0,-1,-1,0,0,0,0,0,0,1,1,1,0,0,0,0,-1,-1,1,-1,0
3506,0,0,0,0,1,0,0,0,0,0,1,0,-1,-1,0,0,0,0,0,-1,0,0,0,0,1,1,0,0,0,-1,0,0,-1,0,0,0,0,0,0,0,0,0,1,-1,0,1,-1,-1,-1,0,1,1,-1,0,0,0,0,0,0,0,0,0,0,0
3507,0,1,0,0,-1,0,0,-1,0,1,-1,0,0,0,-1,0,0,1,-1,-1,0,0,0,0,-1,-1,0,0,0,0,0,0,0,0,0,0,-1,0,0,0,-1,0,0,-1,-1,0,0,0,1,0,0,0,1,0,0,0,0,0,0,0,0,0,-1,0
3508,0,-1,1,0,-1,0,0,0,-1,-1,0,1,1,0,0,0,0,1,0,0,0,-1,0,-1,1,0,-1,0,0,-1,0,0,0,0,-1,-1,0,0,0,0,0,1,0,0,0,-1,0,0,0,0,0,0,0,-1,0,1,0,0,0,-1,-1,0,0,0
3509,0,1,1,0,1,0,1,0,-1,0,0,-1,0,0,1,0,0,0,0,0,0,0,-1,0,0,0,1,0,0,-1,1,0,0,1,1,0,0,0,0,0,0,0,0,0,0,0,-1,-1,0,0,0,-1,0,1,0,0,0,1,0,1,-1,0,1,0
3510,-1,0,0,0,-1,0,0,0,-1,0,0,0,0,1,0,0,0,1,0,0,0,0,0,0,0,0,-1,-1,0,-1,0,-1,-1,-1,0,0,0,0,1,-1,0,1,0,0,1,0,1,0,0,0,0,0,0,0,0,-1,0,0,0,0,0,1,0,0
3511,-1,0,0,0,0,1,0,-1,0,-1,0,0,0,0,1,0,1,1,0,0,-1,0,0,-1,-1,0,-1,1,0,0,-1,1,1,-1,0,0,0,1,0,0,-1,0,-1,0,0,0,1,0,0,0,0,0,0,0,0,0,0,-1,-1,0,1,-1,0,0
3512,1,1,-1,0,0,-1,-1,1,0,0,1,-1,-1,0,0,0,0,-1,1,-1,0,0,-1,0,0,-1,-1,-1,0,0,0,1,-1,-1,1,0,-1,-1,0,0,0,1,1,0,-1,0,0,0,1,1,0,0,-1,0,1,0,0,0,0,0,0,0,0,1
3513,-1,0,0,1,1,-1,0,0,0,0,-1,0,-1,-1,0,0,1,-1,0,0,1,0,0,0,0,0,1,0,0,-1,1,0,1,0,-1,1,0,0,0,0,0,-1,0,-1,0,0,0,0,0,-1,0,0,-1,0,0,0,0,0,0,0,-1,0,1,0
3514,0,0,0,0,1,1,0,0,0,0,-1,0,0,0,1,0,0,0,0,0,-1,1,0,-1,0,0,-1,1,0,0,0,1,0,0,0,0,1,0,0,1,0,1,0,0,-1,0,1,0,0,1,1,0,-1,0,0,0,0,0,0,-1,0,0,-1,0
3515,0,1,0,-1,0,-1,0,0,0,0,1,0,0,-1,-1,-1,0,1,0,-1,0,0,0,0,0,1,0,0,0,-1,1,0,0,0,1,0,0,1,1,0,1,0,1,0,-1,-1,0,0,0,0,0,-1,0,0,1,0,0,0,0,0,1,0,1,-1
3516,0,0,-1,1,0,0,-1,-1,-1,0,0,0,0,0,-1,-1,-1,0,0,1,0,-1,0,-1,0,0,0,-1,0,0,0,1,0,0,1,0,0,0,0,1,1,0,0,0,0,0,0,0,0,0,0,-1,-1,1,0,0,0,0,-1,0,0,1,0,0
3517,0,0,1,-1,0,0,-1,0,-1,-1,0,-1,1,1,0,1,0,0,0,0,-1,0,0,-1,1,0,0,0,-1,0,-1,0,1,0,0,0,0,0,0,-1,0,0,0,0,0,0,-1,1,0,0,0,0,0,-1,0,-1,-1,0,0,0,1,-1,0,-1
3518,0,0,0,-1,0,-1,0,0,0,1,0,0,0,1,0,0,0,0,0,0,0,0,1,0,0,1,0,1,0,1,0,0,0,1,0,1,0,0,0,0,0,1,-1,-1,-1,0,0,0,0,0,0,0,0,0,1,1,-1,0,0,0,-1,0,1,0
3519,0,0,0,1,1,-1,0,-1,0,0,0,-1,0,0,0,0,0,1,0,-1,-1,0,0,0,0,0,0,-1,0,0,-1,0,1,0,0,0,1,0,0,0,0,0,1,0,0,0,0,0,0,-1,0,0,0,0,0,0,-1,1,0,0,0,0,0,0
3520,0,1,0,-1,-1,0,0,1,1,0,0,0,0,-1,1,0,1,1,1,0,0,0,0,0,0,-1,0,-1,0,0,-1,0,-1,0,-1,-1,1,1,0,0,0,0,0,0,0,-1,-1,0,0,1,0,0,0,-1,0,1,0,0,1,0,0,0,0,0
3521,1,1,0,0,0,0,0,0,0,1,-1,0,0,0,0,0,0,-1,0,0,0,-1,1,0,0,-1,0,-1,0,0,0,0,-1,-1,-1,-1,0,0,-1,1,-1,0,-1,0,0,0,0,0,0,0,0,0,0,-1,0,0,-1,0,0,0,0,0,0,0
3522,0,1,1,0,0,0,0,0,1,0,-1,0,0,0,0,1,0,1,0,0,0,0,0,0,1,0,1,-1,0,1,0,0,0,0,0,-1,1,1,0,0,0,0,0,0,0,0,-1,0,0,0,0,0,1,0,0,-1,-1,0,0,0,1,-1,0,1
3523,0,0,-1,0,0,-1,0,0,0,0,0,0,-1,0,1,0,0,-1,0,0,1,0,1,0,1,-1,0,0,0,-1,0,0,1,0,0,0,-1,-1,0,1,0,0,-1,1,0,0,0,0,-1,0,0,0,0,0,0,0,0,-1,-1,0,0,0,-1,0
3524,0,-1,0,1,0,0,0,-1,0,0,0,0,0,-1,0,0,1,0,1,-1,1,-1,0,0,0,0,1,1,-1,0,1,1,0,0,0,0,0,-1,1,1,0,0,1,-1,0,0,-1,0,-1,1,-1,1,1,0,-1,-1,0,0,0,0,0,1,0,1
3525,0,0,0,1,0,0,0,-1,0,0,1,0,0,1,0,-1,0,0,1,0,0,1,0,-1,-1,0,0,0,1,0,0,0,0,0,1,-1,-1,0,0,1,1,0,0,0,0,0,0,0,0,0,0,0,0,0,-1,0,0,0,-1,0,0,0,1,0
3526,1,-1,0,0,0,1,0,0,1,0,0,0,-1,0,1,0,0,-1,0,0,0,-1,0,0,0,0,0,0,0,0,-1,-1,0,0,0,0,0,1,0,1,0,0,-1,0,-1,-1,0,1,0,0,-1,-1,0,-1,0,0,0,-1,0,0,0,0,0,0
3527,0,0,0,-1,1,1,0,0,-1,0,0,-1,0,0,0,0,0,-1,-1,0,0,0,0,0,0,0,0,0,0,0,0,0,1,0,0,0,1,1,0,0,0,0,0,0,1,0,-1,0,1,0,0,0,0,0,0,0,-1,0,0,0,0,0,-1,-1
3528,0,0,1,-1,0,0,0,-1,0,-1,0,0,0,1,-1,0,-1,0,1,-1,0,0,0,0,0,-1,0,0,1,1,0,1,1,0,1,0,0,0,0,-1,0,0,0,0,1,0,-1,0,0,1,0,1,0,0,-1,1,1,0,1,1,1,0,0,0
3529,0,0,-1,0,0,0,0,0,0,0,0,0,0,0,0,1,0,0,0,0,-1,0,0,0,1,1,1,0,0,0,0,0,0,-1,0,1,0,0,1,1,1,0,0,0,0,0,0,0,0,0,0,0,0,0,-1,0,0,-1,-1,0,0,0,0,0
3530,0,-1,0,-1,0,0,0,0,-1,0,-1,0,0,0,0,0,0,0,-1,1,0,1,0,-1,0,0,0,1,1,-1,0,0,0,-1,1,0,0,0,0,0,0,0,0,0,0,0,1,1,1,0,0,0,0,-1,1,0,0,0,0,0,0,0,0,0
3531,0,0,1,0,0,0,0,0,0,-1,0,1,1,0,-1,0,0,0,0,0,0,-1,-1,-1,-1,0,0,0,0,0,-1,0,0,0,0,-1,0,-1,0,0,-1,0,0,0,0,0,1,-1,-1,1,0,0,0,0,1,0,0,0,0,1,1,0,0,0
3532,1,0,0,-1,-1,-1,1,0,-1,0,0,0,0,1,0,0,1,1,0,-1,0,1,-1,1,0,0,0,0,-1,0,0,-1,0,0,0,0,0,1,0,0,0,0,1,0,0,-1,0,0,0,0,0,0,-1,-1,-1,0,1,0,-1,0,-1,0,0,0
3533,0,0,0,1,0,0,0,-1,0,-1,0,0,0,-1,1,1,-1,0,0,1,-1,0,0,0,0,0,0,0,0,-1,0,1,0,0,0,-1,0,0,0,0,1,0,1,0,-1,0,-1,1,-1,0,-1,0,0,0,0,-1,0,-1,0,0,1,0,-1,0
3534,1,0,0,0,0,0,0,0,0,0,0,0,0,-1,0,0,0,-1,0,-1,0,0,0,1,0,0,0,-1,1,1,0,0,0,0,0,0,0,1,0,0,0,1,0,0,-1,0,0,-1,0,0,0,0,0,0,0,-1,0,-1,0,0,1,1,0,0
3535,0,-1,0,1,0,0,0,0,-1,1,1,0,1,0,1,1,1,-1,0,-1,0,1,-1,0,0,0,0,0,0,0,0,0,0,0,0,0,1,1,1,0,0,0,0,-1,-1,0,0,0,0,0,0,1,-1,0,0,0,0,0,0,1,0,0,0,0
3536,0,0,-1,-1,1,0,1,-1,0,0,0,-1,0,0,0,0,-1,0,-1,0,0,1,-1,0,0,0,1,0,-1,0,1,0,0,0,0,1,-1,0,-1,-1,0,0,1,0,0,1,0,-1,1,1,-1,0,1,0,0,1,0,0,0,0,0,-1,0,1
3537,0,0,0,0,0,-1,0,0,1,1,0,0,-1,0,0,1,0,0,-1,0,0,0,0,0,0,1,0,0,0,0,-1,0,0,1,0,0,0,0,1,0,0,0,0,0,-1,0,0,1,0,0,0,0,0,0,-1,1,0,0,-1,0,-1,0,-1,0
3538,1,0,0,0,1,0,0,0,0,0,-1,1,1,0,1,1,0,-1,0,-1,-1,-1,1,0,0,0,0,-1,0,0,0,0,0,1,1,0,0,-1,1,0,0,1,1,1,0,-1,-1,0,0,0,0,0,0,0,0,0,0,0,0,0,0,0,0,0
3539,0,0,0,0,0,0,0,0,1,-1,0,0,0,-1,0,0,0,0,1,0,0,1,0,1,0,0,0,1,1,-1,0,1,1,0,0,-1,0,0,0,1,0,0,0,0,-1,0,1,0,-1,0,0,-1,0,-1,0,0,1,1,0,0,-1,1,0,0
3540,0,0,1,0,-1,0,0,0,-1,0,0,0,1,0,0,0,0,0,-1,1,0,0,1,-1,0,-1,0,0,1,-1,-1,0,0,0,0,0,0,0,0,0,0,0,0,0,1,1,0,0,0,0,-1,1,-1,0,0,0,-1,1,0,0,0,0,0,1
3541,0,0,0,0,0,0,-1,0,0,0,0,1,1,-1,0,-1,-1,-1,-1,0,0,1,0,0,0,0,-1,-1,0,0,0,0,0,0,0,0,1,-1,0,-1,1,0,0,0,0,-1,0,0,-1,0,0,1,0,1,0,0,0,-1,-1,1,0,0,0,0
3542,0,-1,1,1,0,0,0,0,-1,0,0,0,0,0,1,1,-1,-1,0,0,-1,-1,0,-1,0,-1,1,1,0,0,0,1,-1,0,0,-1,1,1,-1,-1,0,-1,0,0,0,0,0,0,0,0,-1,1,0,0,0,1,1,0,0,-1,-1,1,0,0
3543,1,1,0,1,0,1,0,-1,0,1,0,0,0,-1,0,0,0,0,1,0,-1,0,0,-1,0,1,0,0,0,0,-1,0,-1,0,-1,1,-1,1,-1,0,-1,0,-1,-1,0,0,0,0,0,0,-1,-1,1,0,1,-1,-1,1,0,1,0,-1,0,-1
3544,1,0,0,0,0,0,0,0,0,0,-1,0,-1,0,-1,0,0,0,0,0,0,-1,1,0,-1,-1,0,1,1,1,0,0,0,0,0,0,1,0,-1,0,0,-1,0,0,-1,0,1,-1,0,0,0,0,0,-1,0,-1,0,0,0,0,0,0,0,1
3545,-1,1,0,-1,0,1,1,-1,-1,0,0,0,0,1,-1,0,0,0,0,0,0,0,1,0,0,-1,0,0,0,0,0,-1,0,0,1,0,0,0,0,0,1,0,0,0,0,0,-1,-1,0,0,1,0,0,-1,-1,1,0,1,1,0,0,0,0,0
3546,-1,0,0,0,0,-1,1,0,-1,0,0,0,-1,0,0,0,0,1,0,0,0,0,0,0,0,0,0,0,0,0,-1,0,0,1,0,0,0,0,-1,0,-1,0,0,1,-1,0,0,0,0,-1,1,-1,-1,0,-1,0,0,0,0,-1,0,-1,0,0
3547,0,0,0,0,0,0,1,1,0,0,0,1,0,0,-1,0,0,0,1,0,-1,-1,0,0,0,1,1,0,-1,-1,0,0,1,1,0,0,0,1,1,0,-1,0,0,0,0,1,0,-1,-1,1,-1,-1,0,0,0,0,0,-1,0,1,0,0,0,-1
3548,0,0,1,0,0,-1,0,0,0,0,0,0,0,0,0,-1,0,-1,0,-1,1,0,1,0,-1,-1,0,0,0,0,0,0,1,-1,0,0,-1,1,1,0,0,0,0,-1,0,0,0,1,-1,0,0,1,0,0,-1,0,0,1,0,0,0,0,0,0
3549,0,-1,0,0,1,1,0,-1,0,0,0,0,0,1,0,-1,-1,0,0,0,1,1,0,0,1,0,0,0,0,1,0,0,0,0,1,0,1,0,0,1,1,-1,0,0,1,1,0,0,0,1,0,0,0,0,0,0,1,1,0,0,1,1,0,0
3550,0,-1,0,0,-1,1,0,-1,0,-1,-1,1,0,0,0,0,0,0,0,0,-1,1,0,-1,0,0,1,0,1,0,0,0,0,0,1,0,1,1,0,0,0,0,0,-1,1,0,1,0,0,-1,1,0,0,0,1,1,0,0,0,0,0,1,-1,0
3551,-1,0,0,0,0,0,-1,-1,0,0,0,-1,1,0,0,0,0,0,0,0,0,0,0,0,0,0,0,0,0,-1,0,-1,-1,1,0,0,0,0,-1,0,-1,0,0,0,0,-1,1,-1,0,0,0,0,1,0,-1,0,0,1,1,0,0,0,-1,0
3552,-1,0,-1,0,0,0,0,-1,1,0,1,0,0,0,1,0,0,0,0,1,0,0,0,-1,0,-1,1,0,0,0,0,0,0,0,0,0,1,0,0,0,-1,-1,0,0,0,0,0,1,0,0,-1,0,0,0,0,0,0,-1,-1,0,0,0,-1,-1
3553,0,-1,0,0,0,-1,-1,0,0,0,0,0,0,0,1,0,0,1,1,0,0,1,1,0,0,1,0,0,0,0,0,1,0,-1,0,0,0,0,-1,0,0,0,0,-1,0,-1,0,1,0,0,0,-1,-1,0,0,0,0,-1,1,0,1,0,0,0
3554,-1,0,0,0,0,0,0,-1,0,1,-1,0,0,0,0,0,0,-1,1,0,-1,-1,1,1,0,0,0,0,0,0,0,-1,-1,-1,0,0,-1,0,0,1,0,-1,0,0,0,0,1,1,0,0,-1,0,1,0,0,0,0,0,0,0,0,0,0,0
3555,0,0,1,0,0,0,0,1,0,0,1,0,0,-1,-1,-1,-1,0,0,-1,1,0,0,0,1,0,0,-1,0,1,1,0,-1,0,0,0,-1,1,-1,0,1,0,0,0,0,0,0,0,-1,-1,0,0,-1,-1,0,0,0,0,0,0,0,1,1,0
3556,0,0,0,0,0,1,0,0,0,0,0,0,0,0,0,0,0,0,1,0,1,0,0,-1,0,0,0,0,1,0,0,-1,0,0,0,0,0,0,0,0,0,0,1,1,0,0,1,1,0,0,-1,0,0,0,0,0,0,0,0,0,-1,0,0,0
3557,0,0,0,0,0,0,0,0,0,1,-1,1,0,1,0,0,0,0,0,-1,0,0,0,0,-1,0,1,0,-1,0,-1,0,0,-1,-1,0,0,0,0,0,0,1,-1,-1,0,1,0,1,0,1,0,0,0,0,0,0,1,0,0,0,0,0,0,0
3558,0,0,1,0,0,0,1,0,0,0,-1,0,0,0,0,1,-1,1,0,0,1,-1,-1,0,0,0,0,1,-1,0,0,0,0,0,0,0,0,0,-1,0,0,1,0,0,0,1,1,0,1,0,1,0,-1,0,0,0,-1,1,-1,0,0,0,0,0
3559,-1,0,0,-1,-1,1,0,-1,0,-1,0,0,-1,0,0,0,0,0,0,0,0,0,1,1,0,-1,-1,-1,0,0,0,-1,0,-1,0,-1,0,0,1,0,0,0,1,0,-1,0,1,0,1,-1,0,0,0,1,0,0,0,0,0,-1,0,0,0,0
3560,0,0,0,0,1,1,0,0,0,0,0,1,1,0,0,1,0,-1,0,0,0,0,0,0,0,0,0,1,-1,0,0,0,0,1,1,1,0,0,0,-1,0,0,0,-1,0,1,-1,1,0,0,0,-1,0,0,-1,0,0,-1,0,0,0,0,0,0
3561,0,-1,0,0,0,1,0,-1,0,0,0,0,-1,1,1,0,1,0,0,0,1,-1,-1,0,0,1,1,0,0,0,0,1,-1,0,0,0,-1,0,-1,1,0,0,0,0,0,0,0,1,-1,0,1,0,-1,0,1,0,0,0,0,1,0,0,0,0
3562,0,0,0,0,0,0,1,1,0,0,0,-1,0,0,0,0,0,0,0,0,0,0,-1,1,1,0,0,0,0,-1,-1,0,0,1,1,0,0,1,1,0,0,-1,1,-1,0,0,-1,-1,0,0,0,0,0,1,0,0,-1,0,0,0,-1,0,1,0
3563,0,0,0,-1,1,0,-1,0,0,0,1,0,0,0,-1,-1,0,0,0,0,-1,1,0,1,0,0,0,-1,-1,0,0,-1,1,0,0,0,0,0,0,0,0,0,0,0,0,0,1,0,-1,0,0,-1,1,0,0,0,-1,0,1,0,0,0,1,1
3564,0,0,0,-1,0,0,0,0,0,-1,0,0,1,0,0,-1,0,0,0,0,1,0,0,1,1,0,-1,0,0,0,0,0,0,-1,0,0,1,1,-1,0,0,0,0,0,-1,0,1,0,0,-1,-1,1,0,0,1,1,0,0,1,0,0,0,0,0
3565,1,0,-1,0,0,0,0,-1,-1,0,0,0,-1,1,1,0,1,0,0,0,-1,-1,0,0,1,0,0,0,0,0,0,0,0,0,0,1,-1,1,-1,0,-1,1,0,0,0,0,1,0,0,0,0,0,0,0,0,-1,0,0,1,0,0,0,0,0
3566,0,0,0,0,-1,0,0,1,-1,0,0,0,0,0,0,0,1,0,0,0,0,-1,0,0,1,0,-1,0,0,0,-1,0,-1,0,0,0,0,-1,-1,1,0,1,-1,0,0,0,1,0,0,0,-1,1,-1,1,1,0,0,0,1,0,1,1,0,0
3567,0,0,1,0,0,1,0,-1,-1,0,0,0,0,0,0,1,0,0,0,0,0,0,0,1,0,-1,-1,0,0,0,0,0,-1,-1,0,0,0,0,1,1,0,0,0,0,0,-1,0,-1,0,-1,0,1,-1,0,0,0,0,1,0,1,0,1,0,-1
3568,0,0,0,0,0,0,0,0,0,0,1,0,0,0,0,0,-1,0,0,-1,0,0,1,-1,0,-1,1,-1,0,0,-1,1,1,1,0,0,0,0,0,1,0,-1,0,0,1,0,0,1,-1,0,-1,0,0,-1,0,0,0,0,-1,-1,-1,0,0,0
3569,-1,0,1,0,1,0,-1,0,-1,0,0,0,1,1,1,0,0,0,0,0,0,-1,0,1,0,-1,0,0,0,-1,1,0,1,0,0,0,0,0,0,-1,-1,0,-1,1,1,1,0,-1,0,1,0,0,0,0,1,0,0,1,0,-1,0,0,0,0
3570,0,0,-1,0,-1,0,0,0,0,0,0,-1,0,1,0,-1,0,1,0,0,0,0,0,-1,0,0,1,1,0,-1,0,1,1,1,0,0,-1,1,0,0,0,0,0,0,1,-1,0,0,0,0,1,0,0,1,1,1,0,-1,-1,1,1,0,0,-1
3571,0,0,1,1,-1,0,0,0,0,0,0,0,0,1,1,0,1,-1,1,0,0,1,0,0,0,1,0,1,-1,1,1,0,0,0,0,0,1,0,0,-1,0,0,0,-1,0,1,1,0,1,1,0,0,0,0,0,0,0,0,1,0,1,0,0,1
3572,0,1,0,0,1,0,0,-1,0,-1,0,0,1,1,-1,1,0,0,0,0,0,0,-1,-1,0,0,1,1,-1,0,-1,0,0,0,1,-1,0,0,-1,-1,0,-1,1,0,0,0,0,0,0,1,0,1,0,0,0,0,0,1,0,0,0,0,0,0
3573,0,-1,0,0,0,0,0,0,0,0,-1,0,0,-1,0,0,1,0,0,0,-1,-1,1,1,-1,1,0,0,0,0,1,1,0,0,0,0,0,0,0,-1,1,0,-1,0,0,1,0,0,-1,0,1,0,0,0,0,0,-1,0,0,-1,1,-1,1,0
3574,0,0,0,1,0,0,0,-1,0,0,0,0,-1,0,1,0,1,0,-1,1,-1,-1,0,0,0,1,0,0,1,0,-1,0,1,0,1,0,0,0,1,1,0,0,0,0,0,0,0,0,0,-1,0,0,-1,1,0,-1,0,0,0,-1,-1,1,1,-1
3575,0,0,-1,1,-1,0,0,0,-1,0,0,0,0,0,1,0,0,0,0,1,-1,-1,1,0,1,0,1,0,0,0,0,1,0,0,-1,-1,0,0,0,0,-1,0,0,0,0,1,0,0,-1,1,0,0,1,0,-1,0,-1,1,1,0,1,0,-1,0
3576,1,0,1,-1,-1,0,0,0,0,-1,0,1,0,0,-1,-1,0,0,0,-1,0,0,0,0,1,0,1,0,0,0,1,1,0,0,0,1,0,0,0,-1,0,-1,0,-1,0,0,0,0,0,0,1,-1,0,0,1,1,0,0,-1,0,0,0,0,0
3577,1,1,0,0,-1,0,0,-1,0,-1,0,0,0,0,0,1,0,0,0,1,1,1,0,0,0,0,0,-1,1,0,0,-1,0,-1,0,1,1,0,0,-1,0,0,0,0,0,-1,1,0,0,1,0,-1,1,0,0,0,0,-1,1,0,1,0,-1,0
3578,1,-1,0,0,1,0,1,1,-1,0,1,1,0,-1,0,0,0,0,0,0,-1,0,0,-1,0,0,0,0,0,0,0,0,1,0,0,-1,0,1,1,0,0,1,0,0,0,0,1,-1,0,-1,0,-1,0,0,0,1,0,1,1,-1,1,0,0,-1
3579,0,0,0,0,-1,1,0,0,-1,1,0,0,0,0,0,0,0,0,1,0,0,0,0,-1,0,0,0,1,1,0,0,1,0,1,0,0,0,-1,0,0,0,1,0,0,0,0,1,0,0,0,0,0,0,0,1,-1,-1,1,0,-1,-1,0,0,0
3580,0,0,-1,0,0,0,0,0,0,0,1,-1,0,0,0,0,0,1,-1,0,-1,1,0,0,0,-1,0,1,0,0,0,1,1,-1,1,0,0,-1,-1,0,0,0,1,-1,1,1,0,-1,-1,0,0,-1,0,0,0,0,0,0,-1,0,0,0,0,0
3581,0,0,0,1,0,0,0,-1,1,-1,1,0,0,0,0,-1,0,1,0,0,0,0,0,0,0,0,0,-1,0,0,0,0,0,0,0,-1,-1,0,0,0,0,0,0,-1,0,0,0,0,0,0,0,0,0,0,0,0,1,0,1,0,1,0,0,0
3582,0,0,-1,-1,0,1,0,0,0,0,-1,0,0,0,0,1,0,0,-1,0,0,1,0,0,1,-1,0,-1,0,1,0,1,-1,0,1,1,0,0,1,-1,0,0,-1,0,0,-1,0,1,0,0,1,0,0,0,0,-1,-1,0,0,-1,0,0,-1,-1
3583,0,1,0,0,1,-1,0,0,0,0,1,0,1,1,-1,1,0,0,0,-1,0,0,0,0,-1,0,0,-1,0,0,0,0,-1,0,-1,-1,-1,1,0,0,0,0,0,0,0,0,0,0,-1,-1,0,1,-1,0,1,0,0,0,0,-1,1,-1,0,0
3584,0,0,0,0,0,-1,1,0,0,0,0,0,0,-1,0,0,0,0,0,0,-1,0,0,0,0,0,-1,-1,0,-1,-1,0,0,0,0,0,0,0,0,-1,0,-1,-1,0,1,-1,1,0,0,-1,1,0,-1,0,0,-1,0,1,0,1,0,-1,0,0
3585,0,-1,0,0,1,0,0,0,-1,0,0,0,0,-1,0,1,0,0,0,0,0,0,-1,0,0,0,0,-1,0,1,0,0,-1,0,0,0,0,0,0,1,0,1,-1,0,0,0,0,0,0,0,0,-1,0,1,-1,0,0,-1,0,0,0,0,0,0
3586,-1,-1,0,0,0,0,0,0,0,-1,1,-1,0,1,0,1,0,0,-1,1,0,0,0,0,-1,0,1,0,0,0,0,0,0,-1,0,-1,0,1,0,0,0,0,0,-1,0,1,0,0,0,-1,1,0,0,0,0,0,-1,0,-1,0,-1,0,0,-1
3587,1,0,0,1,-1,0,1,1,1,0,0,0,0,0,-1,1,0,-1,0,0,0,0,-1,-1,0,0,0,0,-1,0,1,0,-1,0,0,-1,0,0,0,-1,0,0,0,0,1,0,0,-1,-1,1,0,0,0,0,0,-1,-1,0,1,0,0,1,1,0
3588,0,0,0,0,0,0,0,0,0,0,-1,-1,0,0,0,0,0,0,0,1,0,1,0,1,0,1,0,0,-1,0,0,-1,0,-1,0,0,0,0,1,0,-1,0,1,0,-1,0,-1,0,0,0,0,0,0,0,1,0,-1,0,-1,0,-1,0,1,0
3589,1,-1,-1,0,0,0,0,1,0,0,-1,0,-1,0,1,-1,-1,1,0,0,0,0,0,0,-1,0,0,0,0,0,0,0,1,0,-1,0,0,0,0,0,0,1,1,0,0,0,0,0,-1,0,0,0,0,0,1,1,-1,-1,1,0,1,0,0,0
3590,0,1,-1,0,1,-1,0,0,0,-1,0,1,0,1,0,0,0,-1,0,1,-1,0,0,0,1,0,1,1,0,-1,0,1,0,0,-1,0,0,-1,1,-1,0,-1,0,0,0,1,0,0,0,-1,0,-1,-1,0,0,0,0,0,1,0,0,1,1,0
3591,0,1,0,1,-1,0,0,-1,1,-1,0,0,0,1,0,0,0,1,0,-1,0,-1,0,0,-1,-1,-1,1,0,0,1,0,0,0,1,0,-1,0,0,0,1,0,0,0,0,0,1,0,1,0,1,0,-1,0,1,0,0,0,0,-1,0,-1,0,1
3592,0,0,-1,1,1,-1,1,0,0,1,1,0,0,0,0,0,0,0,0,0,0,0,1,0,0,-1,0,1,0,0,0,-1,0,0,0,0,-1,0,0,-1,0,1,0,0,0,-1,0,1,0,0,-1,0,0,0,0,0,0,0,1,0,1,1,0,0
3593,0,0,0,1,0,1,0,1,-1,-1,0,-1,-1,1,1,-1,-1,0,0,0,1,0,1,-1,0,0,0,0,0,0,0,0,0,0,-1,-1,0,0,0,0,-1,-1,1,-1,0,0,0,-1,0,0,-1,0,0,0,0,-1,0,0,0,0,0,0,-1,-1
3594,0,1,1,1,0,1,1,0,0,0,0,0,-1,0,0,0,0,0,0,-1,0,0,0,1,0,1,-1,0,1,0,0,0,0,0,1,-1,0,0,1,0,0,1,1,0,-1,0,0,0,0,0,-1,1,0,0,0,1,-1,0,0,1,-1,-1,0,0
3595,0,-1,0,0,-1,0,0,0,0,0,0,0,0,1,0,-1,0,-1,0,0,0,0,0,0,0,0,0,0,0,0,0,-1,0,0,0,0,1,0,0,1,0,0,0,1,0,0,1,1,0,0,0,0,0,0,-1,1,0,1,0,0,0,1,-1,-1
3596,1,0,0,1,0,0,-1,1,0,1,0,0,0,-1,0,0,-1,0,0,0,0,-1,0,0,0,1,1,0,1,0,0,0,0,0,1,1,0,-1,-1,0,-1,1,0,-1,1,1,0,1,0,-1,0,0,0,1,0,1,0,0,0,1,-1,0,0,0
3597,0,1,0,1,0,-1,0,0,0,1,0,1,-1,0,0,1,0,-1,-1,1,0,0,1,0,-1,-1,1,0,0,1,0,0,0,0,0,0,0,0,0,0,0,0,1,1,-1,0,0,0,1,1,1,0,0,0,0,0,0,-1,0,0,-1,0,0,0
3598,0,1,0,0,0,-1,0,1,0,0,0,0,0,1,0,0,0,0,0,0,0,0,0,1,0,0,0,-1,0,0,0,0,1,-1,-1,0,0,-1,0,-1,-1,0,0,0,0,0,0,1,0,0,0,-1,-1,1,0,0,0,0,0,0,1,0,0,0
3599,0,0,0,0,1,0,0,-1,0,0,1,0,0,-1,0,-1,0,0,1,0,0,0,1,1,-1,0,1,-1,0,0,0,-1,0,-1,1,0,0,0,-1,1,0,0,0,-1,0,0,0,0,0,0,0,0,0,0,0,0,1,0,0,-1,0,1,0,-1
3600,0,0,0,1,0,0,0,0,0,-1,0,0,0,0,1,0,1,0,0,0,1,0,0,-1,0,0,-1,0,1,0,0,0,1,0,0,1,0,0,-1,0,-1,0,0,0,0,0,0,1,1,0,-1,0,0,0,0,0,0,0,0,0,1,1,-1,1
3601,1,0,0,-1,-1,1,0,0,0,0,0,0,0,0,0,-1,0,0,0,0,1,0,0,0,0,0,-1,-1,-1,0,0,0,1,0,1,-1,0,0,0,0,-1,1,-1,0,0,0,0,-1,-1,-1,0,0,0,0,-1,0,0,0,0,1,-1,0,0,-1
3602,0,1,-1,0,0,-1,1,0,1,-1,0,1,0,1,0,0,-1,0,0,0,0,0,-1,1,0,0,-1,-1,0,-1,-1,0,0,1,0,1,-1,0,0,0,1,0,0,1,0,-1,0,0,0,0,0,0,0,0,-1,1,-1,1,0,0,-1,0,1,0
3603,0,-1,0,0,0,0,0,0,0,1,0,0,0,0,1,0,-1,-1,1,0,-1,0,1,0,0,0,0,0,0,1,0,-1,0,-1,0,-1,0,0,1,-1,0,0,-1,0,0,0,0,-1,-1,0,0,0,0,0,0,0,0,0,0,-1,0,1,0,0
3604,0,1,0,-1,0,0,0,0,1,0,-1,0,1,-1,0,0,1,0,0,0,0,1,-1,0,0,0,0,-1,1,0,1,-1,1,0,-1,0,0,-1,0,0,-1,0,0,-1,1,0,0,-1,-1,0,0,0,0,0,0,0,0,1,0,0,0,0,0,1
3605,0,-1,-1,-1,-1,0,0,0,0,0,0,0,0,0,0,0,1,0,0,0,0,0,0,-1,0,0,0,0,0,0,0,0,0,1,0,0,0,-1,0,0,1,0,0,0,1,0,0,1,-1,0,-1,0,0,0,0,0,-1,0,0,1,1,0,0,1
3606,0,0,0,1,1,0,0,-1,0,0,0,0,0,0,0,0,1,0,-1,0,0,-1,0,-1,0,0,0,1,0,0,0,0,0,0,0,-1,0,0,0,1,0,0,0,0,-1,0,-1,0,-1,0,0,0,0,-1,0,-1,0,-1,0,0,-1,0,1,-1
3607,0,1,0,0,0,-1,0,0,-1,0,-1,0,0,0,0,0,0,0,0,0,0,0,0,1,0,0,0,-1,-1,0,0,0,0,1,-1,0,1,-1,0,-1,-1,-1,0,0,1,0,1,0,0,0,0,0,0,0,0,0,1,-1,0,0,-1,0,1,-1
3608,0,0,0,0,1,0,0,0,0,0,0,0,1,-1,0,1,0,0,0,-1,-1,0,0,0,-1,0,1,0,0,0,0,0,0,0,-1,0,0,1,0,0,0,-1,1,0,1,0,0,0,1,0,0,0,0,0,-1,1,0,0,1,-1,-1,0,0,0
3609,0,0,-1,0,0,0,0,1,0,-1,0,0,-1,-1,1,1,1,-1,1,1,-1,0,0,0,-1,1,1,0,0,0,0,0,0,0,0,0,0,-1,0,0,1,0,0,-1,0,-1,0,0,0,0,-1,0,-1,0,1,1,0,0,-1,0,0,0,0,0
3610,0,1,1,0,0,0,0,0,-1,-1,0,0,-1,-1,0,-1,1,0,0,0,0,0,0,0,0,0,0,1,0,1,0,1,0,0,0,0,0,0,1,0,0,-1,0,1,1,-1,0,1,1,1,0,-1,0,0,1,1,0,1,0,0,0,0,0,0
3611,0,0,0,1,0,0,0,0,0,0,0,-1,1,0,0,0,-1,0,0,-1,0,1,0,0,0,0,-1,1,0,1,0,0,1,0,0,0,0,0,0,0,1,0,1,0,0,-1,0,0,0,0,0,1,0,1,0,0,0,0,-1,1,0,0,1,-1
3612,1,0,0,0,0,0,0,1,0,1,1,1,1,0,0,0,0,0,0,0,1,-1,0,1,-1,0,0,-1,0,0,0,-1,1,-1,0,0,0,0,0,0,1,0,0,0,0,0,0,-1,0,0,0,0,0,0,0,0,1,0,-1,-1,-1,0,1,0
3613,1,1,-1,0,0,0,0,0,-1,0,0,-1,0,-1,0,0,0,0,0,0,1,1,1,-1,0,0,0,0,-1,0,0,-1,0,0,0,-1,0,0,0,0,0,0,1,0,0,-1,1,0,0,0,0,0,0,0,0,0,0,1,-1,0,0,0,1,0
3614,0,0,-1,0,0,0,0,0,0,-1,1,0,0,1,0,0,0,1,0,1,0,0,-1,0,0,0,-1,-1,0,0,0,0,1,0,1,0,0,0,0,0,0,0,0,-1,0,0,0,0,1,0,-1,0,0,-1,0,0,-1,1,-1,0,0,0,0,0
3615,0,0,-1,1,0,-1,0,1,0,0,-1,0,0,0,0,0,0,1,0,0,-1,0,0,0,1,0,0,0,-1,0,0,1,0,0,1,0,0,0,0,0,0,0,0,-1,1,0,0,0,0,0,0,0,0,0,0,-1,0,0,0,1,0,0,-1,0
3616,0,0,0,-1,0,0,1,-1,0,-1,-1,0,0,1,1,1,0,-1,0,-1,0,0,1,1,0,-1,0,0,0,1,0,1,1,0,-1,0,0,0,0,0,1,0,0,0,1,-1,0,0,0,0,0,1,0,0,0,0,0,0,0,1,0,0,-1,0
3617,0,0,-1,-1,0,0,-1,0,0,0,-1,-1,0,-1,0,0,0,0,1,0,-1,0,0,0,0,0,0,-1,1,0,0,0,0,0,0,0,0,0,1,0,0,1,1,-1,0,0,0,0,0,1,0,1,1,1,-1,0,1,1,0,-1,1,-1,0,-1
3618,0,1,1,0,0,1,1,1,0,0,0,1,0,0,0,0,0,0,-1,0,0,0,0,1,-1,1,0,-1,0,-1,0,0,0,0,0,0,0,0,0,0,0,0,0,0,0,0,1,1,1,-1,0,0,0,0,0,0,0,0,0,-1,-1,0,0,1
3619,0,0,0,0,0,1,0,0,0,1,0,0,0,0,1,0,-1,-1,0,0,1,0,-1,0,0,0,0,0,-1,0,0,1,-1,0,0,1,0,0,-1,0,-1,1,0,-1,0,-1,0,0,0,1,0,0,0,0,0,1,-1,1,0,0,0,0,0,0
3620,0,1,-1,1,0,0,0,0,-1,0,0,1,-1,0,0,1,0,0,0,-1,0,0,0,0,0,0,0,0,0,0,0,-1,0,0,0,-1,0,1,0,1,1,0,0,0,1,0,0,1,0,-1,-1,0,-1,0,0,0,0,-1,1,0,0,1,0,0
3621,0,0,-1,0,1,0,0,-1,1,0,1,1,1,0,0,0,0,0,0,0,0,0,0,0,0,1,0,1,0,-1,0,0,0,-1,0,0,-1,0,0,1,0,0,-1,0,0,0,0,-1,0,1,0,0,1,-1,1,0,-1,0,0,0,-1,-1,0,0
3622,0,0,-1,0,-1,0,0,0,0,0,0,0,0,1,0,0,0,0,0,0,0,0,1,0,0,-1,0,1,0,0,1,0,0,-1,0,0,0,1,-1,1,0,0,1,0,1,1,1,-1,0,0,0,0,0,0,-1,0,0,0,0,0,0,1,0,0
3623,0,0,0,0,0,0,0,0,0,0,0,0,-1,0,1,0,0,-1,-1,0,0,1,-1,0,1,1,0,1,1,0,-1,1,1,0,0,0,0,0,0,0,0,0,0,0,0,1,1,-1,0,0,1,0,0,-1,0,0,0,0,0,0,0,0,0,0
3624,0,0,0,1,0,0,-1,0,0,0,1,0,0,0,0,0,0,0,1,1,0,0,0,0,0,0,0,1,1,0,-1,0,0,-1,1,0,0,0,0,0,-1,0,0,0,0,1,0,0,0,-1,0,1,-1,0,0,-1,1,-1,0,-1,-1,1,-1,1
3625,0,1,1,0,0,1,0,0,0,1,0,-1,0,0,1,0,0,1,0,0,0,0,0,0,0,0,0,1,-1,0,-1,1,0,0,0,0,0,0,-1,-1,0,1,-1,1,0,1,0,1,0,-1,0,0,1,0,0,0,0,-1,0,0,0,-1,-1,0
3626,0,0,1,0,-1,-1,0,0,0,1,1,0,0,-1,1,0,-1,0,0,0,0,0,0,0,0,1,0,1,0,0,0,0,0,1,0,-1,0,0,0,0,0,0,-1,0,0,0,0,1,0,1,0,0,-1,0,0,1,-1,0,0,-1,0,-1,1,0
3627,1,0,0,0,0,0,0,0,0,0,1,1,0,0,0,0,0,0,0,1,-1,0,0,0,0,0,0,0,0,0,1,-1,1,1,0,0,-1,-1,1,0,1,1,0,0,0,0,-1,0,0,1,-1,0,0,0,0,0,0,0,0,0,0,0,-1,0
3628,1,-1,0,0,1,0,1,0,1,1,0,0,-1,-1,0,0,0,0,0,0,-1,0,0,0,0,0,0,1,-1,0,1,0,0,1,0,0,0,1,0,0,0,0,-1,0,0,0,1,0,0,0,0,0,0,0,-1,0,-1,1,0,0,-1,1,0,0
3629,-1,0,0,0,-1,0,0,0,0,0,0,0,0,-1,1,1,0,1,1,0,0,-1,0,0,0,0,-1,0,-1,-1,0,-1,0,0,1,0,0,-1,-1,0,1,0,0,1,0,0,0,0,0,0,-1,0,1,0,-1,1,1,-1,0,0,0,0,1,0
3630,0,-1,-1,0,1,0,0,0,0,0,-1,1,0,1,0,0,0,0,0,0,0,1,0,0,0,1,0,-1,1,0,0,0,0,0,0,0,0,1,0,1,1,0,0,0,1,0,-1,0,1,0,0,-1,0,0,0,0,1,1,-1,1,0,0,-1,-1
3631,1,1,0,0,0,-1,0,0,0,0,0,1,-1,1,0,0,0,-1,0,0,0,1,0,0,0,1,0,1,-1,0,0,0,0,0,0,1,0,-1,0,0,0,0,0,0,0,0,1,1,0,-1,0,-1,0,1,0,0,1,0,0,0,0,-1,0,0
3632,1,0,0,0,1,1,-1,0,-1,0,-1,0,0,-1,0,-1,0,0,-1,0,0,0,1,0,1,0,1,0,1,-1,0,0,1,1,0,-1,0,0,1,0,0,-1,0,0,1,0,0,0,-1,1,1,-1,0,0,-1,1,0,0,0,-1,0,-1,-1,1
3633,0,0,-1,0,0,1,0,-1,0,0,0,0,0,0,0,0,-1,0,0,0,0,-1,0,0,-1,0,1,0,0,-1,0,1,1,0,0,0,0,0,0,0,0,0,1,-1,0,0,0,0,0,0,1,0,0,1,0,-1,0,-1,0,0,0,0,1,0
3634,1,0,0,0,0,-1,0,1,0,1,0,0,0,0,0,0,0,1,0,0,-1,0,0,0,-1,1,-1,-1,0,1,1,-1,-1,0,0,0,0,0,0,0,0,0,0,0,0,1,1,0,0,1,-1,-1,0,-1,1,1,0,0,0,0,0,-1,0,0
3635,0,-1,0,0,-1,0,0,0,0,0,0,-1,1,-1,0,0,0,0,1,0,1,0,1,1,1,-1,-1,0,1,0,0,0,1,0,-1,-1,0,1,0,0,0,0,0,0,0,1,0,0,0,0,0,0,0,-1,-1,1,1,-1,0,-1,0,0,1,0
3636,0,-1,0,1,1,0,1,1,0,0,0,0,1,-1,-1,-1,0,1,0,0,0,0,0,-1,1,-1,1,0,0,0,0,0,0,0,-1,0,0,-1,-1,1,0,0,-1,-1,-1,1,0,0,0,-1,-1,1,0,0,-1,0,0,-1,0,0,-1,0,0,0
3637,-1,1,0,0,1,-1,0,0,0,1,0,0,1,1,0,0,0,0,-1,0,-1,0,0,0,0,1,0,0,0,1,0,0,1,0,1,0,0,0,-1,0,1,0,-1,0,-1,0,0,0,0,1,0,0,0,-1,0,0,0,0,0,0,0,0,0,0
3638,0,0,0,0,0,1,0,1,1,0,1,0,0,0,0,0,0,-1,0,0,0,-1,0,0,0,0,0,-1,0,0,0,0,-1,-1,1,0,0,0,0,0,0,0,0,0,0,1,0,-1,0,0,0,1,0,0,0,-1,0,0,0,0,0,0,0,0
3639,0,-1,0,0,0,0,-1,0,0,0,-1,1,0,0,0,1,-1,0,0,-1,1,0,-1,0,-1,-1,0,0,0,1,1,0,0,0,1,0,1,-1,1,0,-1,0,0,0,0,0,0,-1,0,-1,0,0,-1,0,0,0,0,0,0,1,0,0,0,0
3640,0,0,0,0,-1,1,0,-1,0,0,0,-1,0,0,0,0,1,1,0,0,1,1,0,0,1,0,0,-1,1,1,0,0,0,0,0,0,-1,0,0,0,0,1,0,-1,0,1,0,1,0,0,-1,-1,0,0,1,1,1,1,1,0,-1,0,-1,0
3641,0,0,1,-1,0,0,-1,-1,0,1,1,0,1,0,0,0,0,-1,1,0,0,0,0,0,0,0,1,-1,0,0,-1,0,-1,0,0,-1,-1,0,0,0,0,0,0,0,0,-1,0,0,0,0,0,1,0,0,0,0,0,0,-1,0,0,0,0,0
3642,0,0,0,-1,1,0,0,0,1,0,0,0,-1,-1,0,1,-1,0,0,0,-1,0,0,0,0,0,-1,0,1,0,0,0,0,0,1,0,0,0,0,1,1,0,0,0,0,0,1,0,0,0,0,0,-1,-1,1,0,1,1,0,0,0,-1,1,0
3643,0,1,0,0,0,0,0,1,1,0,0,1,0,0,0,0,0,0,0,1,-1,0,0,0,1,1,0,-1,0,0,1,0,1,0,0,0,0,0,0,0,0,-1,0,1,-1,0,1,-1,0,1,0,0,0,0,0,1,0,-1,-1,1,1,0,0,0
3644,-1,-1,1,0,1,0,1,0,0,0,0,1,1,-1,0,0,0,0,0,1,0,-1,0,0,-1,0,0,1,-1,0,0,1,-1,0,0,0,-1,0,-1,0,0,0,-1,0,0,0,0,0,0,0,0,0,1,1,1,0,0,1,0,0,1,0,-1,1
3645,0,0,-1,0,0,0,0,0,-1,0,-1,0,0,1,0,-1,1,-1,0,1,0,1,-1,1,-1,1,0,-1,0,0,0,0,1,0,-1,0,1,0,0,1,0,0,0,-1,-1,0,0,0,1,0,0,0,1,0,0,0,0,-1,0,0,0,0,-1,1
3646,-1,-1,0,0,0,-1,1,0,-1,0,-1,1,0,0,0,1,0,0,1,0,0,-1,0,-1,0,0,1,0,0,0,0,1,1,0,0,-1,-1,-1,0,-1,0,0,0,0,0,-1,0,1,0,0,0,0,-1,0,0,-1,0,-1,-1,0,-1,0,0,-1
3647,0,0,0,1,1,0,0,0,0,-1,-1,-1,-1,0,0,0,1,0,-1,1,0,1,-1,0,0,0,-1,0,1,0,0,-1,0,0,1,0,0,-1,0,0,0,0,1,-1,0,0,0,0,0,0,0,0,1,1,0,0,1,-1,0,0,0,1,0,0
3648,0,0,0,-1,0,0,1,-1,0,0,0,0,0,0,0,1,1,0,-1,1,-1,1,1,0,0,0,0,0,-1,0,-1,0,0,0,1,0,0,0,0,0,-1,1,0,0,0,0,0,0,0,1,-1,0,0,0,0,1,0,0,0,1,-1,0,-1,0
3649,0,0,0,1,0,0,1,-1,0,0,-1,0,0,0,0,0,0,1,0,-1,0,0,0,0,0,0,0,0,-1,0,0,0,0,0,0,-1,0,1,0,-1,-1,1,0,0,0,0,0,-1,0,0,0,0,0,1,1,0,0,0,0,0,0,-1,0,-1
3650,0,-1,0,0,0,0,-1,-1,0,1,0,1,0,-1,1,-1,1,0,0,1,0,0,-1,0,0,0,0,0,0,-1,-1,0,0,0,0,1,-1,1,0,1,0,-1,1,0,1,-1,0,1,0,0,0,0,0,0,1,0,0,-1,0,1,0,-1,-1,1
3651,0,1,0,0,0,-1,0,0,0,0,0,0,0,0,1,0,-1,0,1,1,0,-1,0,-1,-1,0,0,0,0,-1,0,-1,0,0,1,0,1,0,1,-1,0,0,0,0,0,0,0,1,1,1,0,0,0,-1,0,0,0,0,1,1,0,-1,-1,0
3652,0,1,1,0,1,-1,-1,0,0,0,1,0,0,0,0,1,-1,1,1,0,-1,0,0,-1,0,1,-1,0,-1,-1,-1,0,1,0,0,0,0,-1,1,0,0,1,0,0,0,0,-1,0,0,-1,0,-1,0,0,-1,-1,-1,0,0,-1,0,0,0,0
3653,0,0,0,0,0,1,1,-1,0,1,0,-1,0,0,0,0,0,0,0,0,1,0,1,0,0,-1,1,0,-1,0,0,0,1,0,0,0,1,0,0,1,0,0,-1,-1,0,0,1,0,0,0,0,0,0,0,0,-1,0,-1,1,1,1,0,0,0
3654,0,0,1,0,0,-1,0,0,-1,-1,0,-1,0,0,0,-1,0,0,-1,0,0,0,-1,1,0,0,0,0,-1,1,1,0,0,1,0,0,0,0,-1,-1,0,0,0,1,0,0,0,0,0,0,-1,0,0,0,0,-1,0,0,0,1,1,0,1,0
3655,0,0,0,-1,0,0,0,1,-1,0,0,-1,0,0,-1,1,0,-1,1,0,0,0,1,1,0,0,0,0,1,0,0,0,0,0,1,0,0,-1,0,0,0,0,0,1,0,0,-1,-1,-1,0,0,0,0,0,0,0,0,1,0,1,0,0,1,-1
3656,0,-1,1,0,0,0,0,0,0,0,0,-1,1,1,0,1,0,0,0,0,0,1,0,0,0,1,0,0,0,0,1,0,0,0,-1,1,1,1,0,0,0,1,0,1,-1,0,0,0,0,0,0,0,-1,0,0,-1,0,0,0,-1,0,0,0,1
3657,0,0,0,-1,-1,0,0,0,-1,0,0,0,-1,0,0,0,0,0,1,0,0,0,0,0,0,0,0,0,0,0,0,-1,0,0,0,0,0,0,0,0,-1,-1,1,1,0,0,0,0,0,1,0,0,0,0,0,0,-1,0,0,-1,0,-1,0,1
3658,0,0,0,-1,0,0,0,0,1,0,1,0,0,0,0,0,0,0,-1,0,0,1,0,-1,0,0,0,1,-1,0,0,0,0,0,0,1,1,0,0,0,1,0,0,0,0,1,1,0,0,0,0,-1,0,0,0,-1,0,-1,0,1,0,0,0,0
3659,0,0,0,-1,0,0,0,0,1,-1,0,0,0,0,0,0,0,0,0,-1,-1,0,1,0,0,0,0,-1,1,0,-1,-1,1,-1,0,0,-1,-1,0,0,1,-1,0,0,0,0,0,0,0,0,-1,-1,0,0,0,0,1,0,0,0,0,0,1,0
3660,0,-1,-1,0,-1,0,-1,0,0,1,1,0,0,0,0,0,0,0,0,0,0,0,1,1,1,0,0,0,-1,0,1,1,0,0,0,0,0,1,0,1,0,0,0,0,-1,0,0,0,0,-1,-1,0,1,0,0,0,0,0,0,0,1,0,0,0
3661,-1,0,-1,1,1,-1,-1,0,1,1,0,0,-1,0,0,1,0,0,0,0,0,-1,-1,0,-1,0,0,0,0,0,0,0,1,0,-1,0,1,-1,0,0,0,0,0,0,0,0,-1,-1,0,0,0,0,0,0,0,0,0,1,0,-1,0,0,0,0
3662,0,0,0,0,0,-1,0,0,-1,0,0,0,0,0,0,-1,0,0,1,0,0,1,0,1,0,0,0,0,0,0,0,1,0,0,0,0,0,1,1,0,0,0,1,0,0,0,0,0,0,0,0,0,0,0,0,0,-1,0,-1,0,0,0,0,-1
3663,0,0,1,0,0,0,-1,0,0,-1,0,1,0,0,0,-1,0,0,0,1,0,-1,0,0,1,0,0,0,0,0,0,0,0,0,0,0,0,-1,0,1,-1,0,-1,1,-1,0,0,0,1,0,-1,0,1,-1,-1,1,1,0,0,0,0,0,1,1
3664,0,1,-1,1,0,0,0,1,0,0,0,1,1,0,0,0,0,0,0,1,0,-1,-1,0,0,0,0,-1,0,1,0,0,0,0,1,-1,-1,0,0,1,0,-1,0,1,0,-1,1,0,0,0,-1,0,0,0,0,1,-1,-1,1,-1,0,1,0,-1
3665,1,0,0,0,-1,1,0,0,0,0,-1,0,0,0,1,0,1,1,0,0,-1,0,0,0,0,0,1,0,1,0,-1,0,0,-1,-1,0,1,1,1,0,1,1,1,0,0,0,1,-1,1,0,0,0,0,0,0,0,0,0,0,0,0,0,0,0
3666,0,0,1,0,0,0,-1,0,-1,1,0,1,-1,0,0,0,0,1,1,0,0,0,0,-1,-1,1,0,-1,-1,0,1,0,0,0,0,1,0,-1,0,0,-1,0,0,0,0,0,0,1,-1,0,0,0,0,1,0,0,0,0,0,0,0,-1,0,0
3667,-1,0,0,0,1,-1,-1,0,-1,0,0,-1,0,0,0,1,0,0,-1,0,0,-1,0,-1,0,-1,0,0,0,0,-1,0,-1,0,-1,0,0,0,0,0,0,0,-1,0,1,0,0,-1,0,0,1,0,1,0,1,0,0,0,-1,0,-1,0,0,-1
3668,0,0,0,0,0,0,0,0,0,0,1,1,0,-1,0,-1,0,0,0,0,1,0,-1,-1,0,0,0,0,-1,-1,0,0,-1,0,0,0,0,-1,0,1,0,0,0,-1,0,0,0,1,0,1,-1,0,0,0,0,-1,-1,0,0,0,0,1,0,0
3669,0,0,0,-1,-1,0,0,-1,1,0,-1,1,0,0,0,0,0,1,0,0,-1,-1,0,1,0,1,-1,-1,0,0,1,0,-1,0,0,1,0,1,-1,0,0,0,0,0,0,-1,0,0,1,1,1,0,0,-1,0,0,0,1,1,0,0,0,0,0
3670,0,1,0,0,0,0,0,-1,0,-1,0,0,-1,-1,-1,0,0,-1,-1,0,0,0,1,1,1,0,0,0,0,-1,0,0,0,1,1,1,1,0,0,0,0,0,0,0,0,0,0,0,0,0,0,0,-1,0,0,0,0,0,0,0,0,-1,0,0
3671,0,0,0,1,0,1,0,-1,1,0,-1,0,0,-1,0,0,0,0,0,-1,0,0,0,0,0,-1,-1,0,0,0,0,0,0,0,1,-1,1,0,0,1,-1,0,1,0,0,-1,0,1,0,0,-1,-1,0,0,0,0,0,-1,0,0,1,0,0,0
3672,0,0,0,0,0,0,0,0,0,1,1,-1,0,0,-1,-1,0,0,1,-1,0,-1,0,0,0,0,0,0,-1,-1,0,0,1,-1,-1,0,1,-1,0,0,-1,1,-1,0,0,0,1,0,0,0,0,0,0,0,0,0,-1,0,-1,0,0,0,-1,1
3673,-1,-1,0,0,0,0,0,1,0,0,1,0,0,0,0,0,-1,0,1,0,-1,0,1,1,0,0,-1,-1,-1,0,-1,0,0,0,0,1,0,-1,0,-1,0,-1,1,-1,-1,-1,0,-1,-1,1,0,0,-1,0,0,-1,1,1,0,-1,-1,0,1,0
3674,-1,0,0,-1,0,1,0,0,0,-1,0,0,0,0,0,0,0,0,0,1,0,-1,-1,0,0,0,0,0,0,-1,1,-1,-1,0,0,1,-1,-1,1,0,0,0,0,0,0,1,1,0,0,0,-1,0,0,-1,0,0,0,1,0,0,0,0,-1,0
3675,0,-1,0,0,0,0,0,0,0,-1,1,0,1,0,0,-1,0,0,0,1,0,0,0,0,0,1,-1,-1,0,0,0,0,-1,-1,-1,0,0,0,1,-1,0,0,1,0,0,0,0,-1,1,0,0,0,0,0,0,-1,0,0,0,0,0,0,-1,-1
3676,0,0,0,0,0,0,0,-1,0,0,1,0,0,-1,1,0,0,0,-1,0,1,0,0,1,0,0,0,0,0,1,-1,0,0,0,1,0,0,0,0,0,0,0,0,-1,1,-1,0,1,0,0,1,1,0,1,0,0,-1,-1,0,-1,0,-1,0,1
3677,1,1,0,0,0,0,0,0,-1,0,1,-1,0,-1,0,0,-1,0,-1,-1,1,0,0,0,1,1,0,0,0,0,0,0,0,-1,-1,0,-1,-1,0,1,-1,1,0,0,0,-1,1,0,0,0,1,1,1,-1,1,0,0,1,-1,0,0,0,0,0
3678,-1,1,1,0,0,0,0,0,0,0,0,0,0,-1,0,0,0,0,0,-1,0,0,0,-1,0,0,0,-1,1,-1,0,0,0,0,0,-1,-1,0,1,0,0,0,-1,-1,0,0,-1,0,0,1,0,-1,0,0,1,0,0,0,0,0,0,0,0,0
3679,0,1,0,-1,0,-1,0,0,1,-1,0,0,-1,0,-1,0,0,0,-1,0,-1,1,0,0,0,0,0,0,0,0,-1,0,0,0,0,0,0,0,-1,0,0,-1,-1,0,0,0,0,0,0,0,0,0,1,-1,0,0,0,0,-1,0,0,0,0,0
3680,-1,-1,-1,-1,0,1,-1,0,-1,0,0,1,1,-1,1,-1,0,0,0,0,-1,1,0,1,0,-1,-1,0,1,0,0,1,0,0,0,1,0,-1,0,0,0,-1,0,1,0,0,0,-1,0,0,0,-1,0,0,0,0,0,0,-1,0,0,1,-1,1
3681,1,0,1,0,0,-1,0,1,-1,0,1,0,0,1,1,-1,-1,0,0,0,0,1,-1,0,0,0,0,0,0,0,1,0,0,0,0,1,-1,-1,1,0,0,0,0,-1,0,0,0,-1,-1,-1,0,0,1,-1,0,0,0,0,0,-1,0,-1,0,0
3682,0,-1,1,-1,-1,0,0,1,1,0,0,0,1,0,0,0,0,0,0,1,0,0,-1,-1,0,0,0,0,-1,1,-1,1,0,0,-1,0,0,-1,0,0,0,-1,0,-1,0,0,0,0,0,-1,1,0,0,0,1,0,0,1,0,0,0,0,1,0
3683,0,0,0,-1,0,0,0,0,-1,0,0,0,0,0,-1,-1,1,0,0,-1,-1,0,0,1,0,-1,0,0,0,0,-1,1,0,0,0,1,0,1,0,0,0,-1,0,0,0,0,-1,0,-1,0,0,1,0,0,0,1,0,1,0,1,-1,0,0,0
3684,0,-1,0,0,0,0,0,0,0,0,0,0,0,-1,-1,0,0,0,-1,0,0,0,0,0,1,0,0,-1,0,0,0,0,0,0,0,-1,0,0,1,0,0,0,0,1,0,0,0,0,1,-1,0,1,0,0,1,0,1,-1,0,0,0,1,0,0
3685,0,-1,1,0,-1,0,0,0,0,0,1,-1,0,0,0,0,0,-1,-1,0,1,1,-1,0,0,0,0,-1,0,0,0,1,0,0,0,0,1,1,0,0,1,-1,0,0,1,0,0,-1,0,-1,0,0,0,0,0,1,0,0,-1,0,0,1,-1,0
3686,0,0,0,0,0,0,0,0,0,0,1,0,0,0,-1,-1,1,0,0,0,0,0,1,0,0,-1,1,1,0,0,0,1,0,0,1,0,0,1,0,0,1,0,1,-1,0,0,1,0,0,0,0,1,0,0,0,1,0,0,0,0,0,1,0,0
3687,0,0,0,0,0,0,0,-1,0,0,0,0,0,0,1,0,0,0,0,0,-1,1,0,0,0,-1,0,0,0,0,0,0,0,0,0,-1,-1,-1,0,0,-1,-1,-1,0,-1,0,0,0,0,0,0,0,0,0,0,0,0,0,0,0,0,0,1,1
3688,0,-1,0,1,0,0,0,-1,0,0,0,1,0,0,0,0,0,0,0,0,1,0,0,-1,0,0,-1,0,0,0,0,0,1,-1,1,-1,-1,0,0,0,1,0,-1,1,0,0,0,1,0,1,-1,0,1,0,0,-1,-1,-1,0,-1,-1,-1,0,1
3689,0,0,0,0,0,0,0,0,0,0,0,0,0,0,0,-1,0,0,-1,0,0,0,0,0,-1,0,0,0,0,0,0,0,0,0,0,0,0,0,1,0,1,0,0,0,-1,0,0,1,0,1,0,1,0,0,0,0,-1,1,0,0,0,1,1,1
3690,0,0,-1,-1,0,0,0,-1,-1,0,0,-1,0,0,-1,0,0,-1,0,0,0,0,1,0,0,0,0,0,1,0,-1,1,1,1,-1,1,0,1,0,0,0,0,-1,0,1,-1,0,0,-1,0,0,-1,0,0,0,0,-1,0,0,0,0,0,0,1
3691,1,-1,1,0,0,1,0,1,0,0,0,-1,0,1,0,-1,0,0,0,0,1,0,0,0,0,0,0,0,0,1,0,0,0,0,0,-1,0,1,0,0,0,0,0,0,-1,0,0,-1,-1,-1,0,0,0,1,0,1,0,-1,0,0,-1,-1,1,-1
3692,0,0,0,0,-1,0,0,0,0,1,0,1,0,0,1,-1,0,0,0,0,1,0,0,-1,0,1,0,0,0,0,-1,0,0,0,0,0,0,0,0,1,0,0,0,0,0,-1,1,0,-1,-1,0,0,0,1,0,-1,0,-1,-1,1,0,0,1,-1
3693,0,1,1,-1,0,0,1,1,0,0,0,0,0,-1,0,0,0,0,0,0,0,0,0,0,1,-1,1,0,0,1,0,1,-1,0,1,0,0,0,0,-1,0,0,0,0,0,0,0,1,0,0,0,0,1,0,0,0,0,0,0,0,0,0,0,1
3694,0,0,0,0,1,0,0,0,0,-1,0,1,0,-1,0,-1,0,1,1,0,-1,0,0,0,0,0,1,0,0,0,0,0,0,0,0,0,0,0,0,1,-1,0,0,0,0,-1,0,-1,1,-1,1,0,0,0,-1,0,0,0,0,1,1,0,0,0
3695,-1,0,0,-1,0,0,-1,0,-1,0,0,0,0,1,0,0,0,0,-1,1,0,-1,0,-1,1,0,-1,0,1,-1,-1,0,0,1,0,0,0,0,0,0,-1,0,0,0,0,-1,0,0,-1,0,-1,1,-1,0,0,0,-1,0,1,0,-1,1,0,-1
3696,1,-1,1,0,1,0,0,1,0,0,0,-1,0,0,0,-1,0,0,0,0,-1,0,0,1,0,0,-1,-1,1,-1,0,-1,0,0,0,-1,-1,0,-1,-1,1,0,0,0,0,0,1,0,0,0,-1,1,0,1,0,0,0,1,0,-1,0,1,0,0
3697,0,0,0,-1,0,0,0,1,0,-1,0,1,0,0,0,0,0,0,0,1,-1,1,0,0,1,0,-1,0,1,-1,0,-1,0,0,0,0,0,0,0,-1,0,0,0,0,0,-1,-1,1,-1,1,0,0,0,1,0,-1,0,0,0,0,1,0,0,-1
3698,0,0,1,0,0,0,1,0,1,0,0,1,0,-1,0,0,0,0,1,-1,0,0,0,-1,0,0,1,-1,0,0,0,1,0,-1,0,0,-1,-1,0,-1,0,0,0,-1,0,0,0,0,0,0,0,0,0,0,-1,1,0,-1,0,0,-1,0,0,0
3699,0,1,0,1,0,0,1,0,-1,-1,0,-1,0,0,0,0,0,0,0,-1,0,0,1,0,0,-1,0,0,-1,-1,0,0,0,0,0,1,-1,0,-1,0,1,0,0,0,-1,-1,0,0,0,0,-1,1,0,0,0,0,-1,1,-1,0,0,-1,0,0
3700,0,1,0,1,0,-1,-1,-1,1,-1,0,0,0,-1,1,0,0,-1,0,0,1,1,0,-1,1,0,0,-1,0,0,-1,0,0,0,0,0,1,0,0,0,-1,0,0,1,0,0,0,0,0,0,0,0,0,0,-1,0,0,1,0,0,0,0,1,0
3701,1,0,0,0,-1,-1,0,0,0,1,0,0,0,0,0,-1,0,0,0,0,0,0,1,1,1,0,0,0,0,1,0,0,0,-1,-1,-1,0,0,1,0,-1,1,0,0,0,0,0,0,-1,0,0,-1,0,0,0,0,0,1,-1,-1,0,0,0,0
3702,-1,0,0,0,0,1,0,0,1,0,1,1,0,1,0,1,0,0,0,0,1,-1,0,0,-1,0,0,0,0,1,-1,-1,0,0,1,-1,0,0,0,0,1,0,1,1,-1,0,0,-1,0,0,0,0,1,1,0,-1,-1,0,-1,0,0,0,0,0
3703,0,1,0,0,0,-1,0,-1,-1,-1,0,-1,-1,-1,0,-1,0,0,0,1,0,-1,0,0,0,0,-1,-1,0,0,0,0,0,0,0,1,0,0,-1,1,-1,0,-1,0,0,-1,-1,0,0,-1,0,0,0,-1,0,0,0,1,1,-1,0,0,0,-1
3704,1,0,0,1,0,-1,0,0,0,-1,0,0,0,0,0,0,0,0,0,-1,0,0,1,0,0,0,0,1,0,0,-1,0,-1,0,1,1,0,0,0,0,0,0,0,0,0,0,0,-1,0,0,-1,0,1,0,1,0,-1,0,0,0,1,1,-1,0
3705,0,0,0,-1,1,-1,0,-1,-1,1,0,1,0,-1,0,0,0,0,1,0,0,0,0,0,-1,1,1,1,0,0,0,0,0,0,-1,0,0,0,0,-1,1,1,0,0,0,0,0,-1,0,1,0,0,-1,0,-1,1,0,1,0,0,-1,1,-1,0
3706,0,0,0,1,1,0,0,1,0,-1,0,0,1,1,0,1,1,0,1,0,0,0,-1,1,1,1,1,-1,0,0,1,-1,0,0,1,-1,0,1,0,0,-1,-1,1,1,0,0,0,-1,0,0,0,0,0,0,-1,0,0,0,-1,0,0,0,0,1
3707,-1,0,0,1,0,0,0,-1,1,0,0,0,0,1,-1,0,1,-1,0,1,0,0,0,0,1,0,0,0,0,-1,-1,1,0,0,0,0,0,0,-1,0,1,0,1,0,0,1,0,-1,0,0,0,-1,0,0,0,0,-1,0,-1,1,1,0,0,-1
3708,0,-1,1,-1,-1,-1,0,0,1,-1,0,1,0,0,-1,0,0,0,0,1,0,0,0,0,0,0,0,1,0,0,0,0,0,0,0,0,0,1,0,0,0,0,0,-1,1,0,-1,0,0,1,0,0,-1,0,0,0,0,1,0,-1,0,0,1,0
3709,1,-1,0,0,0,0,1,0,0,0,1,0,0,1,0,-1,0,0,1,0,0,0,0,0,-1,-1,0,1,1,0,0,0,0,0,0,1,0,0,0,-1,0,0,0,-1,0,0,0,0,0,0,1,0,0,0,0,-1,0,1,0,0,-1,-1,0,-1
3710,-1,0,1,0,0,0,0,0,-1,-1,0,0,0,0,0,0,-1,0,0,1,0,0,0,-1,1,0,0,0,0,1,0,1,0,-1,0,-1,0,0,0,-1,0,-1,-1,0,0,1,0,0,1,0,-1,-1,0,0,0,0,0,0,0,0,0,0,0,0
3711,0,0,0,0,1,-1,0,1,0,0,-1,0,0,0,0,1,1,1,0,0,-1,-1,0,-1,0,0,-1,1,0,0,0,-1,0,0,0,0,1,-1,0,0,0,0,-1,0,-1,-1,-1,0,-1,0,-1,0,0,0,0,1,0,1,0,0,-1,1,0,0
3712,0,-1,0,-1,0,1,-1,0,1,1,0,0,-1,1,0,0,0,0,0,1,0,-1,0,0,0,-1,0,0,-1,0,0,-1,-1,0,-1,0,0,0,1,0,0,0,1,0,0,0,0,-1,0,-1,0,-1,0,0,-1,0,0,-1,0,1,0,0,0,0
3713,-1,-1,0,0,0,0,0,0,0,0,0,1,1,0,0,0,0,0,-1,-1,0,1,0,1,0,0,0,0,1,0,-1,0,0,0,-1,0,0,-1,0,0,0,0,0,0,-1,-1,0,1,0,0,-1,0,0,0,1,0,1,0,0,1,0,0,0,0
3714,-1,0,-1,-1,0,1,0,0,0,0,0,0,0,-1,0,-1,-1,0,0,0,0,0,0,0,-1,-1,0,1,1,0,0,0,0,0,-1,0,0,0,0,0,1,0,-1,1,0,0,0,0,0,0,0,0,0,0,0,-1,0,0,0,0,-1,0,0,1
3715,-1,0,1,0,0,0,0,0,0,-1,1,0,0,1,0,0,0,1,0,1,0,0,0,-1,0,0,0,0,0,0,0,0,1,0,0,0,0,-1,0,-1,1,1,0,1,1,1,-1,-1,0,0,0,-1,0,0,0,0,0,1,0,0,1,0,0,1
3716,0,0,0,1,0,-1,1,0,0,0,-1,0,-1,0,1,1,0,0,0,-1,0,1,0,-1,0,0,0,0,0,0,0,-1,0,0,1,-1,0,1,0,0,0,0,0,0,0,0,0,0,0,0,1,1,-1,-1,0,0,0,-1,0,0,-1,-1,1,0
3717,0,-1,1,1,0,0,-1,1,0,0,0,0,0,1,0,1,0,0,0,0,0,0,-1,1,0,-1,0,0,0,0,0,1,0,-1,0,-1,-1,0,1,0,1,0,1,1,0,0,0,-1,0,0,0,-1,1,0,0,0,0,0,-1,0,0,0,0,0
3718,1,-1,0,0,0,1,0,0,-1,0,-1,1,0,0,1,0,-1,-1,-1,0,-1,0,0,0,0,0,0,0,0,-1,0,0,0,0,0,0,0,1,0,0,0,0,-1,-1,0,1,0,0,0,1,-1,0,-1,0,0,0,1,0,0,-1,1,1,0,0
3719,1,0,0,0,1,0,-1,0,-1,0,0,0,1,0,0,0,1,0,0,0,1,0,0,1,0,0,1,-1,-1,1,0,-1,1,0,-1,0,-1,0,0,0,0,-1,0,0,0,0,1,1,0,1,-1,-1,0,1,1,0,0,0,0,0,1,0,0,0
3720,0,0,0,0,0,0,0,0,0,0,1,1,0,0,0,1,0,0,0,-1,0,0,0,0,0,0,0,-1,-1,0,0,0,0,0,1,0,1,1,-1,0,-1,-1,0,1,0,0,1,1,0,0,-1,0,0,1,0,0,1,0,1,0,1,0,0,0
3721,0,0,-1,0,0,0,1,1,0,0,0,1,0,0,0,0,0,0,0,-1,0,1,0,0,0,-1,0,0,0,1,0,0,-1,0,0,0,0,1,1,1,1,0,0,0,0,0,0,-1,0,-1,0,-1,-1,-1,0,0,0,0,0,0,0,-1,0,-1
3722,-1,0,0,1,0,0,0,0,1,0,0,0,0,0,0,0,-1,0,0,1,1,-1,0,1,0,0,0,0,0,-1,0,0,-1,0,0,-1,0,0,-1,0,0,0,0,1,0,0,0,0,0,0,0,1,-1,-1,0,0,0,0,0,1,1,0,0,0
3723,0,1,1,0,0,1,0,0,1,0,-1,0,-1,0,0,0,-1,0,0,1,1,1,-1,0,0,0,0,0,-1,1,0,-1,-1,-1,0,-1,-1,1,1,0,0,0,0,0,0,0,0,0,-1,0,0,0,-1,1,0,0,-1,-1,0,0,1,0,0,-1
3724,0,0,0,0,0,0,0,0,0,0,0,0,0,0,0,0,0,0,0,0,-1,-1,0,0,0,0,0,0,-1,-1,0,1,-1,0,0,0,0,0,-1,-1,1,1,0,0,-1,0,0,0,0,0,-1,1,0,-1,1,1,0,0,0,0,0,0,0,-1
3725,0,0,0,1,0,0,0,0,0,0,1,0,0,-1,-1,-1,0,0,0,1,0,0,0,0,0,0,-1,0,0,0,1,0,0,0,0,0,0,-1,0,0,0,-1,-1,0,1,0,0,0,0,0,1,0,1,-1,-1,0,1,-1,-1,0,0,0,0,0
3726,0,0,-1,-1,0,0,0,-1,0,0,0,0,0,0,-1,1,0,0,0,0,0,0,0,0,0,1,0,-1,0,0,1,-1,-1,0,-1,-1,0,0,0,0,0,0,0,1,-1,0,0,0,0,0,-1,0,0,-1,0,0,1,0,0,-1,0,0,1,0
3727,-1,0,1,0,-1,-1,-1,0,-1,0,0,0,0,0,-1,0,0,0,-1,1,0,0,0,0,0,0,0,0,0,1,0,0,0,0,0,0,0,0,0,1,1,0,-1,-1,0,1,0,0,0,0,0,-1,0,0,-1,1,1,-1,0,1,1,0,-1,0
3728,1,0,0,0,0,0,1,-1,0,0,0,0,0,0,0,0,0,-1,0,-1,0,-1,1,0,1,1,-1,0,-1,-1,0,0,0,0,0,0,0,1,-1,1,0,0,0,0,-1,0,1,0,1,0,0,0,-1,0,0,1,0,0,0,0,0,0,0,0
3729,-1,0,0,0,0,0,0,0,0,0,0,0,1,0,0,0,1,0,0,1,0,-1,1,-1,-1,1,0,0,0,0,-1,0,0,0,0,0,1,1,0,0,0,0,0,0,-1,0,1,0,0,0,-1,0,0,0,0,0,0,0,-1,0,0,0,0,0
3730,1,0,0,0,0,0,0,0,0,0,0,-1,0,0,-1,0,0,0,0,0,0,-1,1,1,-1,0,-1,0,0,0,0,0,0,0,0,0,0,0,0,0,-1,1,0,0,1,0,0,0,0,1,0,0,-1,0,0,1,-1,0,0,-1,1,-1,1,0
3731,0,-1,0,-1,0,1,1,0,-1,0,0,0,-1,1,0,-1,0,-1,0,0,1,1,0,1,0,0,1,0,0,0,0,0,0,1,0,0,0,0,-1,-1,0,1,0,0,0,0,-1,-1,-1,1,0,0,0,0,0,0,0,0,0,1,0,1,0,0
3732,1,0,0,0,0,0,1,1,0,0,1,1,-1,-1,1,0,1,1,0,0,-1,1,0,0,-1,0,1,-1,0,0,-1,0,-1,0,0,0,0,-1,0,-1,0,0,1,0,0,1,1,0,1,0,-1,0,-1,-1,0,0,0,0,0,0,0,0,0,0
3733,0,-1,0,0,1,0,0,0,0,0,-1,0,0,0,0,0,1,-1,0,0,1,0,0,0,0,1,0,0,1,-1,0,1,0,0,1,0,0,0,0,0,1,0,0,1,0,0,0,0,-1,0,1,1,0,0,1,0,0,0,0,1,0,0,0,0
3734,0,0,1,1,-1,0,0,1,0,-1,0,1,1,1,0,1,1,0,0,0,0,0,1,0,1,0,1,0,0,0,1,0,0,1,0,1,0,0,1,0,0,0,0,0,0,0,-1,0,0,0,1,0,-1,0,0,0,1,-1,0,1,0,0,-1,0
3735,1,1,0,0,0,0,0,0,0,0,0,0,-1,0,0,-1,0,-1,0,0,0,-1,0,-1,1,0,-1,0,0,0,0,0,0,1,-1,1,-1,-1,0,0,1,0,0,0,-1,0,-1,0,1,0,-1,0,0,0,1,0,0,0,1,0,-1,0,0,0
3736,0,0,1,-1,0,0,0,0,-1,-1,0,0,0,0,-1,-1,-1,1,0,0,-1,0,0,0,0,0,0,0,0,0,0,-1,-1,0,1,0,0,-1,0,0,0,0,0,0,1,1,0,0,0,-1,0,0,0,0,0,0,0,0,1,0,0,-1,0,0
3737,0,1,0,0,0,0,-1,0,-1,-1,0,-1,0,-1,0,-1,0,0,1,0,1,0,0,1,1,1,0,1,0,-1,0,0,0,0,0,0,0,0,1,0,0,1,0,0,0,0,0,0,0,0,0,0,-1,1,1,0,-1,0,0,0,0,0,1,-1
3738,0,0,-1,1,0,-1,-1,1,-1,0,0,-1,0,0,0,0,0,0,0,0,1,0,0,0,-1,-1,1,0,0,0,0,0,0,1,0,0,1,0,-1,0,0,0,0,0,0,-1,0,-1,1,0,0,0,0,0,0,0,0,0,0,-1,0,-1,0,0
3739,-1,0,0,-1,0,1,0,0,-1,-1,0,0,0,1,0,0,0,1,1,1,0,-1,-1,1,1,1,-1,-1,0,0,1,-1,0,0,0,0,0,1,1,-1,0,1,1,0,0,0,1,-1,0,-1,0,0,0,0,0,0,0,0,0,0,0,0,0,0
3740,0,1,1,1,0,1,1,0,0,0,0,0,0,0,1,0,0,0,-1,1,0,0,0,1,0,0,0,-1,1,0,0,0,0,0,1,-1,0,0,0,0,-1,0,0,0,1,1,0,0,0,1,0,1,1,-1,0,0,0,0,0,-1,0,0,0,0
3741,0,0,0,0,-1,0,0,-1,0,0,0,0,0,0,0,0,-1,-1,0,0,0,0,0,-1,1,0,0,0,1,-1,0,0,0,-1,0,1,1,0,0,0,0,0,0,0,0,1,0,0,-1,0,0,-1,1,-1,0,0,1,0,0,1,0,0,-1,1
3742,0,0,0,0,0,0,0,-1,0,0,0,0,0,1,0,1,0,1,0,0,0,-1,1,0,1,0,-1,0,0,1,0,1,0,1,0,0,0,1,1,1,0,0,0,0,0,0,1,0,0,0,0,0,0,0,0,0,0,0,0,0,0,0,0,0
3743,1,0,0,0,0,0,0,1,0,0,1,0,0,0,-1,0,0,0,0,0,0,0,0,0,-1,1,0,1,0,0,0,-1,-1,-1,0,0,0,-1,0,0,1,0,0,1,1,0,1,0,0,0,0,0,1,1,1,1,0,0,0,0,0,1,-1,0
3744,1,0,0,0,0,-1,0,0,1,0,0,0,1,0,0,-1,0,-1,-1,0,0,0,0,0,1,0,0,0,0,0,0,0,0,0,0,0,-1,0,0,0,0,0,-1,0,0,0,0,0,0,0,0,0,-1,1,0,0,0,-1,1,-1,0,-1,-1,1
3745,-1,-1,-1,0,-1,0,0,0,0,1,-1,0,-1,0,0,0,-1,0,0,0,1,0,0,-1,0,0,0,0,0,0,0,1,1,-1,1,0,0,0,0,0,0,0,-1,0,0,0,0,-1,0,0,1,0,0,1,0,0,0,1,0,-1,-1,0,-1,0
3746,-1,1,0,0,0,-1,0,1,0,0,0,0,0,0,0,0,-1,-1,0,0,0,1,1,0,1,0,0,0,0,0,0,0,0,0,0,0,1,0,0,0,-1,0,0,-1,0,0,-1,0,0,1,-1,0,0,0,0,-1,0,-1,0,0,0,0,0,0
3747,0,-1,0,0,-1,0,0,0,0,0,0,0,-1,-1,0,0,1,-1,-1,0,1,1,0,1,0,0,0,0,0,0,0,0,1,1,-1,0,0,0,0,0,0,0,1,0,0,-1,1,-1,0,0,-1,0,0,0,0,-1,0,0,0,-1,0,1,1,0
3748,-1,0,1,1,0,0,0,0,0,0,0,0,-1,0,-1,0,1,-1,0,0,0,0,0,0,0,0,0,-1,0,-1,0,0,-1,0,0,1,0,-1,0,-1,0,1,0,0,-1,0,0,0,0,1,-1,0,0,-1,0,0,-1,0,0,0,0,0,0,0
3749,0,0,0,-1,0,-1,0,0,0,0,0,0,0,1,0,0,0,0,0,-1,0,1,-1,0,0,0,0,0,0,0,0,-1,0,-1,0,1,0,1,0,1,0,0,0,0,-1,1,0,0,0,0,1,-1,0,0,1,-1,-1,0,0,0,-1,0,0,-1
3750,0,0,0,0,0,0,-1,0,0,0,0,0,0,1,0,0,0,-1,1,0,1,0,-1,0,0,-1,0,0,0,-1,0,0,0,0,0,0,1,0,0,-1,1,0,0,0,1,1,-1,0,-1,0,0,0,1,1,0,-1,-1,-1,0,-1,0,0,0,0
3751,0,0,0,0,1,1,0,1,0,0,1,0,0,-1,0,0,0,0,0,0,0,0,0,0,0,0,0,-1,0,1,0,0,-1,0,-1,-1,-1,0,0,0,0,0,0,1,0,0,1,0,0,0,-1,0,0,0,-1,0,1,-1,0,0,0,0,0,0
3752,-1,0,-1,1,0,-1,0,0,0,0,-1,0,0,0,0,-1,0,-1,0,0,0,0,0,0,0,-1,1,0,0,0,-1,1,-1,0,0,0,0,-1,0,0,0,0,0,-1,0,0,-1,0,0,0,0,0,0,1,-1,1,0,-1,0,0,-1,0,-1,0
3753,0,0,0,0,0,-1,-1,0,0,0,0,-1,0,-1,0,1,-1,-1,-1,0,0,0,1,0,0,-1,1,-1,0,-1,0,0,0,0,0,0,0,0,0,0,1,0,0,0,0,-1,0,0,1,0,0,1,1,0,1,1,-1,0,1,0,0,0,0,0
3754,-1,-1,0,0,0,0,0,0,0,0,0,1,0,1,0,0,0,0,0,0,0,0,0,1,0,0,0,0,0,0,1,0,1,0,0,0,0,0,0,1,0,0,0,-1,0,0,1,-1,0,0,1,0,-1,0,-1,0,0,0,-1,-1,-1,0,1,-1
3755,0,0,0,0,-1,0,0,0,-1,1,0,0,0,0,0,0,0,-1,0,0,1,0,0,-1,-1,1,0,1,-1,0,1,0,0,-1,0,0,0,0,0,-1,-1,-1,1,1,0,1,0,0,1,0,1,0,1,0,1,1,0,1,0,0,0,0,-1,0
3756,1,1,0,0,0,0,0,0,1,0,0,0,1,1,1,0,0,-1,0,0,0,0,1,0,0,0,0,1,0,0,0,1,0,-1,0,0,0,1,0,1,0,0,-1,-1,0,-1,0,0,0,0,0,0,0,0,0,0,1,0,0,0,0,1,0,0
3757,0,0,0,-1,0,-1,0,0,-1,0,-1,0,0,0,0,-1,0,0,0,1,1,-1,1,0,0,0,0,1,-1,0,1,-1,0,0,0,1,0,0,1,0,-1,0,0,1,0,0,1,0,0,-1,0,0,0,0,0,-1,0,0,-1,-1,0,0,1,0
3758,-1,0,1,0,0,1,0,0,0,0,0,0,0,1,0,0,1,0,0,0,-1,0,-1,1,0,-1,0,1,0,0,0,0,1,0,1,0,0,0,1,0,1,1,0,1,0,0,0,0,-1,0,-1,0,0,0,1,-1,0,-1,0,0,1,0,1,1
3759,1,-1,1,-1,0,-1,0,0,1,-1,1,-1,0,0,0,1,1,-1,0,0,0,0,0,0,0,0,1,0,0,-1,1,-1,0,1,0,-1,0,0,-1,0,1,0,0,-1,0,0,0,0,-1,0,0,0,0,0,0,0,0,0,0,1,0,0,0,0
3760,-1,0,-1,0,-1,1,0,0,0,0,0,1,0,-1,-1,0,-1,0,0,0,-1,0,0,-1,0,0,-1,0,0,0,0,0,0,0,0,0,0,0,0,1,0,0,0,0,0,0,-1,0,1,0,1,0,0,0,0,1,0,1,0,-1,0,-1,1,0
3761,0,0,0,1,1,0,1,0,1,-1,-1,0,1,0,0,1,0,0,0,0,0,0,0,-1,1,0,-1,0,0,0,0,-1,0,1,1,0,0,0,0,1,-1,0,0,1,0,0,0,0,0,0,0,0,0,1,0,0,0,0,0,0,0,0,0,0
3762,1,-1,0,0,1,0,0,0,1,0,0,0,0,0,0,0,0,-1,0,0,0,0,0,0,-1,0,0,0,0,0,0,0,1,0,0,0,0,0,-1,0,0,0,0,1,0,0,0,0,0,0,0,0,0,0,1,-1,0,-1,1,0,1,0,0,0
3763,0,0,1,0,0,0,-1,0,0,0,1,0,-1,0,0,0,0,0,1,-1,0,1,0,1,0,0,0,0,0,0,1,0,0,0,0,0,0,-1,-1,0,0,0,0,0,0,0,-1,0,-1,0,0,-1,1,0,1,0,0,0,-1,-1,0,1,-1,0
3764,0,0,0,0,-1,0,0,0,0,0,0,0,1,-1,0,1,0,1,0,1,1,0,0,0,0,0,-1,0,-1,0,0,0,-1,-1,0,1,0,0,1,1,1,1,0,1,0,0,0,1,0,0,0,0,0,0,1,0,1,1,0,0,0,1,0,0
3765,0,0,0,1,-1,1,0,0,0,0,-1,0,0,0,0,1,0,0,0,0,0,0,-1,1,0,0,-1,0,1,0,-1,0,-1,0,-1,0,0,0,1,0,0,0,0,0,1,1,-1,0,1,0,0,0,-1,0,0,0,0,1,0,1,0,1,1,1
3766,0,1,0,1,0,1,0,0,0,0,-1,0,-1,0,0,0,1,1,0,0,0,-1,0,0,0,-1,-1,-1,0,0,1,-1,1,0,-1,0,0,0,1,0,1,-1,-1,0,1,1,1,0,0,0,1,1,0,0,0,0,1,0,0,0,0,0,0,0
3767,0,1,0,1,0,-1,0,0,1,0,1,0,1,0,0,0,0,0,-1,0,0,0,0,0,0,-1,-1,0,0,0,0,-1,0,0,1,0,0,-1,0,-1,-1,0,0,0,0,0,0,-1,-1,0,0,1,0,-1,0,1,-1,-1,0,0,0,1,1,0
3768,0,0,-1,-1,0,0,0,1,0,1,0,0,0,1,0,0,1,0,-1,1,0,0,1,0,0,0,0,0,0,0,0,0,-1,0,-1,0,0,1,0,0,1,1,0,1,0,1,0,1,0,1,0,0,0,1,-1,0,-1,0,-1,0,0,0,0,0
3769,0,1,0,0,-1,0,0,0,-1,0,-1,0,1,0,0,0,0,0,0,1,0,-1,0,0,0,1,0,0,0,0,0,0,1,0,0,0,-1,-1,0,1,0,-1,0,0,0,0,0,0,0,0,0,1,-1,0,0,0,0,0,0,0,0,0,0,0
3770,0,0,0,-1,0,0,1,-1,0,0,0,0,0,0,1,0,1,0,0,0,0,-1,-1,0,-1,0,-1,1,1,0,1,0,0,-1,0,0,-1,0,1,0,0,0,0,-1,0,1,1,0,1,0,0,0,0,-1,0,0,0,0,0,0,0,0,0,1
3771,0,-1,-1,0,0,0,0,-1,1,0,-1,1,0,0,0,0,1,1,0,0,0,0,0,0,-1,-1,-1,-1,-1,1,0,0,0,0,0,0,0,0,0,0,0,-1,0,0,0,1,0,0,0,0,1,-1,-1,-1,0,-1,0,0,-1,-1,0,-1,0,0
3772,0,0,1,0,0,0,0,1,1,1,0,0,0,0,0,1,1,-1,-1,0,0,0,0,0,0,-1,0,1,-1,0,0,0,1,0,1,0,0,0,0,0,1,1,0,0,0,1,0,0,-1,0,-1,0,0,-1,-1,1,0,0,0,0,1,0,1,0
3773,0,-1,0,0,0,0,0,0,-1,-1,-1,0,-1,0,0,0,0,0,-1,0,0,-1,0,-1,-1,1,0,1,0,0,0,1,0,0,0,0,1,0,0,0,1,0,0,0,0,-1,0,-1,-1,0,-1,-1,0,0,0,0,0,0,0,0,1,0,0,0
3774,1,0,0,0,0,0,-1,0,1,0,0,0,0,0,-1,-1,-1,0,1,0,1,0,-1,0,1,0,0,-1,0,-1,-1,1,0,-1,0,0,-1,0,1,0,0,1,1,0,0,0,0,0,1,0,-1,0,0,0,-1,0,-1,0,0,-1,0,0,1,0
3775,-1,-1,-1,0,0,0,0,0,0,1,0,0,0,1,1,0,0,0,0,0,0,-1,0,1,0,0,0,0,1,-1,0,0,0,0,0,0,-1,-1,0,0,-1,-1,0,1,0,0,0,0,-1,0,0,0,1,0,1,0,1,0,1,0,0,0,0,1
3776,-1,0,0,0,-1,1,-1,0,0,0,0,-1,-1,0,0,1,-1,-1,0,-1,0,1,0,1,0,0,-1,1,1,0,0,0,0,-1,0,0,1,1,0,0,1,0,0,0,-1,-1,-1,-1,0,0,1,-1,0,0,0,0,0,1,1,-1,0,-1,0,-1
3777,1,0,0,0,0,0,0,1,0,0,0,1,0,0,0,0,0,1,1,0,0,0,0,0,1,0,1,-1,0,0,0,-1,0,0,1,0,0,0,0,0,0,0,0,0,-1,0,0,0,0,0,1,0,1,0,0,0,1,0,1,0,-1,-1,1,-1
3778,1,1,1,0,1,-1,0,1,-1,0,0,0,0,-1,0,-1,0,0,0,-1,-1,0,1,0,0,0,0,1,0,0,1,0,1,0,0,0,0,-1,0,-1,1,1,0,-1,0,0,1,0,0,-1,0,1,0,1,0,0,0,0,1,0,0,0,1,0
3779,0,0,0,0,1,-1,0,0,0,1,0,-1,0,0,1,0,0,0,1,0,0,1,1,0,0,-1,0,0,1,-1,1,0,0,-1,1,0,0,1,1,0,0,1,0,0,-1,-1,0,0,0,-1,0,0,1,0,0,-1,0,0,0,0,0,-1,1,0
3780,-1,0,0,0,1,-1,0,0,0,1,-1,0,0,-1,0,-1,0,0,0,0,1,0,-1,0,-1,0,0,0,1,0,0,0,0,0,0,0,-1,0,0,1,0,0,0,0,-1,0,0,-1,0,-1,-1,0,-1,1,0,0,0,0,1,0,0,0,0,0
3781,0,0,0,0,0,0,0,0,0,0,0,0,-1,1,0,0,0,-1,0,0,0,0,0,0,0,0,0,0,0,1,1,0,0,-1,0,0,1,0,0,0,0,0,0,0,0,0,1,0,0,1,0,1,-1,0,0,0,0,0,0,0,-1,-1,0,0
3782,0,0,-1,0,0,0,0,0,1,0,1,0,-1,0,0,0,0,0,-1,0,-1,-1,0,-1,0,-1,-1,0,0,0,0,0,0,1,0,-1,0,0,-1,-1,0,1,0,0,1,0,0,0,0,0,-1,0,-1,0,-1,-1,0,0,0,1,0,0,0,0
3783,0,0,1,0,0,1,0,0,-1,-1,0,-1,-1,0,0,0,0,0,-1,0,-1,0,-1,1,-1,0,-1,-1,0,0,-1,-1,-1,1,0,-1,0,0,0,0,-1,1,0,0,0,0,1,-1,0,0,1,0,0,-1,0,0,0,1,0,0,0,0,-1,1
3784,0,0,0,0,1,0,0,1,0,0,0,0,0,0,0,0,0,0,1,0,-1,-1,0,0,1,1,0,0,0,0,0,0,-1,0,0,0,0,0,0,0,1,-1,0,0,1,1,1,1,0,0,0,0,-1,0,1,0,0,-1,0,0,0,0,0,1
3785,1,-1,1,-1,0,0,1,0,0,0,0,0,0,0,0,0,0,0,-1,0,-1,1,0,0,-1,0,1,1,0,1,0,0,0,-1,1,0,0,0,-1,0,-1,0,1,0,0,0,0,-1,0,0,0,1,1,0,0,0,0,0,0,0,0,-1,-1,-1
3786,1,0,-1,0,-1,-1,-1,0,0,0,1,0,0,1,0,0,0,0,-1,-1,0,0,0,-1,0,0,0,0,0,0,0,-1,0,0,0,0,1,0,0,1,0,0,0,0,1,0,1,0,-1,0,-1,0,0,1,0,0,0,0,0,0,0,0,-1,0
3787,-1,1,0,0,0,0,0,0,0,0,0,0,0,0,0,0,1,1,1,0,0,-1,0,-1,0,-1,-1,0,-1,0,0,0,0,1,0,0,0,0,0,0,0,0,0,-1,0,1,-1,-1,0,-1,0,-1,0,-1,0,-1,0,0,0,1,0,0,0,0
3788,0,0,0,0,1,0,0,0,0,0,1,0,-1,0,-1,0,0,0,0,-1,0,1,-1,1,0,0,0,0,1,0,1,0,0,0,-1,-1,0,0,0,1,-1,0,0,0,0,0,1,1,-1,0,0,0,0,0,0,0,0,0,0,0,0,0,0,1
3789,0,0,1,0,-1,1,0,0,0,-1,1,0,0,0,0,-1,-1,0,0,0,0,1,0,-1,0,1,0,0,-1,-1,0,0,1,-1,0,1,-1,-1,1,0,0,0,-1,-1,1,0,0,0,0,-1,1,0,-1,0,1,0,0,0,-1,1,-1,0,0,-1
3790,0,-1,0,-1,1,-1,1,0,0,0,-1,0,-1,-1,1,0,1,0,-1,0,0,0,0,0,0,0,0,0,0,0,0,0,0,0,-1,0,1,0,0,0,0,1,0,0,0,0,1,1,0,-1,0,1,-1,1,1,0,0,0,-1,1,0,0,0,0
3791,0,0,0,1,1,0,0,0,0,0,0,1,0,0,-1,-1,1,0,1,-1,0,1,0,0,1,0,0,0,0,-1,0,0,1,0,0,0,0,0,0,0,-1,0,0,0,0,0,1,-1,0,0,0,1,0,0,0,0,0,1,0,0,0,0,1,1
3792,0,-1,0,0,1,1,0,0,0,0,-1,0,0,0,0,0,0,0,0,0,-1,0,0,0,-1,1,1,0,0,1,0,0,-1,0,-1,0,1,0,0,1,0,0,0,-1,0,-1,1,0,1,0,0,-1,1,0,0,0,-1,0,0,-1,-1,0,0,0
3793,0,0,0,0,0,1,0,1,0,0,0,-1,0,0,0,0,-1,1,-1,-1,1,0,-1,1,0,0,0,0,-1,0,0,0,0,0,1,-1,0,1,0,1,1,0,0,0,0,0,0,1,0,0,0,0,-1,0,-1,0,0,1,0,0,0,0,1,0
3794,1,0,0,0,1,0,0,1,0,-1,0,0,0,0,1,0,0,1,0,1,1,0,0,0,-1,0,0,0,1,1,0,0,0,0,0,0,0,0,-1,1,1,0,0,0,1,-1,0,0,0,0,0,0,0,0,-1,0,0,-1,1,0,1,0,1,0
3795,0,1,0,-1,0,1,0,1,-1,0,-1,1,-1,-1,0,-1,0,0,0,0,0,0,0,-1,-1,0,0,-1,0,-1,0,0,0,0,0,0,-1,-1,0,0,0,0,0,1,1,0,-1,0,0,1,0,0,0,0,0,0,1,0,0,-1,0,1,1,1
3796,-1,0,-1,1,0,0,0,0,0,0,0,0,1,0,0,-1,0,1,0,0,1,1,0,0,0,1,0,0,0,0,0,0,-1,-1,0,0,0,1,0,1,0,0,1,0,0,0,0,0,0,-1,0,0,0,0,0,1,0,0,0,0,0,0,0,1
3797,-1,1,0,1,0,0,0,0,0,0,0,0,0,0,0,0,0,0,0,0,0,-1,-1,0,1,1,0,0,0,0,0,0,-1,0,0,-1,-1,0,0,0,0,0,0,-1,0,0,0,0,1,0,0,1,0,0,0,0,1,0,0,0,0,0,0,0
3798,0,-1,1,0,-1,1,0,0,0,0,1,0,0,1,1,1,1,0,0,0,0,0,0,-1,0,-1,-1,1,-1,1,0,0,0,-1,0,0,0,1,0,0,-1,0,1,0,0,-1,0,0,0,0,-1,0,0,0,1,1,0,-1,0,0,0,1,-1,0
3799,0,0,-1,0,0,0,0,-1,0,1,0,0,0,0,0,0,1,0,0,0,0,-1,0,0,0,-1,0,1,-1,0,0,0,0,-1,1,0,0,0,1,0,0,0,0,0,0,1,1,1,0,0,0,0,-1,0,0,-1,0,0,-1,1,0,0,0,1
3800,1,0,0,0,0,-1,0,1,-1,0,0,0,0,-1,0,0,0,-1,0,1,0,-1,0,-1,1,0,0,0,0,0,0,-1,0,0,0,0,0,0,0,0,0,0,0,0,-1,0,-1,0,0,-1,0,0,0,0,0,0,0,0,0,0,0,0,1,0
3801,0,0,0,0,0,1,-1,1,0,0,0,-1,-1,0,-1,0,0,1,1,1,0,0,0,-1,1,-1,0,0,0,-1,0,0,1,0,0,-1,0,0,0,0,0,-1,1,0,0,-1,0,-1,1,0,0,-1,0,-1,-1,0,0,0,0,0,1,0,0,0
3802,0,0,1,-1,0,0,1,0,0,0,0,0,0,0,0,0,0,0,0,1,1,0,0,1,1,0,0,0,0,0,-1,0,0,-1,0,0,1,0,-1,-1,0,0,1,0,0,0,0,-1,0,1,0,0,1,0,0,0,1,-1,1,0,0,-1,1,0
3803,0,0,0,0,1,-1,0,0,1,0,0,0,0,-1,0,-1,0,0,0,0,0,0,0,0,0,-1,1,0,-1,-1,0,-1,0,0,0,0,-1,-1,0,0,0,0,0,0,0,0,0,1,0,0,0,0,0,0,0,-1,0,0,-1,1,0,-1,0,0
3804,0,0,1,0,0,0,0,-1,-1,0,0,-1,0,0,0,0,0,-1,0,0,0,0,0,0,0,0,0,-1,0,0,0,1,-1,0,0,1,0,0,0,0,0,-1,0,0,0,1,0,0,0,0,0,0,0,0,0,0,1,1,-1,0,1,1,0,-1
3805,1,0,-1,0,0,0,0,0,0,0,-1,0,-1,0,0,-1,0,0,0,0,0,0,0,-1,-1,0,1,-1,0,0,0,0,0,0,0,0,0,0,1,1,0,-1,0,1,0,0,0,1,-1,0,0,0,0,0,0,0,0,0,0,-1,-1,-1,0,0
3806,0,0,0,0,0,0,0,0,1,0,0,1,0,-1,1,1,0,0,1,0,0,0,1,-1,1,-1,0,0,0,0,-1,0,0,-1,0,0,1,0,0,0,-1,0,0,0,-1,0,-1,0,0,0,1,0,1,-1,0,-1,-1,0,0,0,0,0,0,0
3807,0,1,0,0,0,0,0,0,-1,-1,0,1,1,0,1,0,0,0,0,0,-1,-1,0,1,0,0,-1,0,-1,0,0,0,0,0,0,0,0,0,1,0,-1,1,-1,0,0,0,0,0,0,0,0,0,0,-1,0,0,-1,-1,0,-1,0,0,0,0
3808,0,0,0,0,0,0,0,0,0,-1,-1,0,-1,0,0,0,0,-1,0,0,1,0,0,0,0,0,1,0,0,0,0,0,1,0,0,0,0,0,0,0,-1,0,1,0,0,0,0,0,0,-1,0,1,0,0,0,0,-1,0,-1,0,0,0,0,0
3809,0,0,1,0,0,0,0,1,1,0,0,0,0,0,0,1,0,0,1,0,0,1,0,-1,-1,1,0,0,0,0,-1,-1,0,0,-1,-1,0,0,0,1,1,0,0,0,0,0,-1,-1,0,0,-1,0,0,0,-1,0,1,0,1,-1,1,1,0,0
3810,0,0,1,1,0,0,1,0,-1,1,0,0,0,-1,-1,1,0,0,-1,0,1,0,-1,0,1,0,-1,0,1,1,-1,0,1,0,1,0,1,0,0,0,0,0,1,1,1,-1,0,0,-1,-1,0,-1,0,0,0,1,1,0,-1,0,0,0,0,0
3811,-1,0,0,0,0,0,0,0,0,0,-1,-1,0,-1,1,0,1,1,0,-1,1,0,0,-1,-1,0,0,0,0,-1,-1,0,0,1,0,0,1,0,0,0,-1,0,0,0,0,0,0,0,0,0,1,1,1,0,0,0,-1,-1,1,0,1,1,0,0
3812,0,0,0,0,0,0,0,0,1,0,1,1,-1,1,1,1,1,0,0,0,0,-1,0,0,0,-1,-1,1,1,0,0,-1,0,1,0,0,0,0,0,0,0,0,0,-1,1,0,0,1,0,0,0,0,0,0,0,0,0,0,0,0,-1,0,0,0
3813,0,0,0,-1,0,0,0,0,0,1,0,-1,1,0,0,0,0,1,0,0,-1,0,0,0,0,0,0,1,0,0,1,1,-1,0,0,0,0,0,0,0,0,0,-1,0,1,0,-1,1,0,-1,0,0,-1,0,1,0,0,0,1,-1,0,0,1,0
3814,1,1,0,1,0,0,1,-1,0,1,1,1,1,1,0,0,0,0,0,1,0,1,0,0,0,0,-1,0,-1,-1,0,0,1,1,1,0,0,1,-1,0,0,0,1,-1,0,-1,-1,0,-1,0,0,1,0,-1,0,0,0,0,0,1,0,0,0,-1
3815,1,1,0,0,0,0,0,0,-1,0,0,-1,0,1,0,0,-1,0,0,0,-1,1,-1,1,0,0,0,0,0,-1,1,1,0,0,1,0,0,-1,0,0,1,-1,-1,0,0,0,0,0,0,1,1,1,0,0,0,0,0,1,1,0,0,-1,-1,0
3816,0,0,0,1,0,1,0,1,0,-1,0,1,0,0,0,0,0,1,0,0,1,1,0,0,0,0,0,0,-1,0,0,0,0,0,0,1,0,0,-1,0,0,0,0,1,0,0,1,1,0,-1,0,-1,1,0,-1,-1,0,0,0,0,0,1,1,0
3817,0,0,0,0,0,0,0,0,0,1,1,0,-1,0,0,-1,-1,-1,-1,1,0,-1,1,-1,0,0,1,-1,0,0,0,-1,-1,0,-1,0,0,0,0,-1,1,0,0,0,0,0,0,1,0,-1,1,1,0,0,0,0,0,0,0,0,-1,1,0,0
3818,0,0,0,0,0,1,0,0,1,0,-1,0,0,-1,0,0,0,0,0,0,0,0,-1,0,0,0,1,0,0,1,1,0,-1,1,0,0,0,0,1,0,0,1,0,0,1,0,0,0,0,-1,0,0,1,1,0,1,0,0,1,0,0,0,0,0
3819,0,0,0,0,0,0,0,0,1,0,0,0,0,1,0,0,1,0,0,0,-1,0,0,0,1,1,0,1,1,0,0,0,0,0,0,0,0,0,-1,0,0,0,0,0,1,1,1,0,-1,1,1,0,0,0,1,-1,-1,-1,0,-1,0,0,0,0
3820,1,0,1,-1,0,-1,0,0,0,-1,0,0,0,-1,-1,0,0,0,0,0,0,1,0,0,1,0,0,0,1,-1,0,-1,0,0,1,-1,0,0,0,1,0,1,-1,-1,0,-1,-1,0,0,1,0,0,0,0,0,-1,0,-1,0,0,0,0,0,0
3821,0,-1,0,-1,0,-1,0,0,1,0,0,-1,1,1,0,0,0,-1,-1,1,0,-1,-1,1,0,0,0,0,0,-1,0,1,-1,0,0,0,1,1,0,0,1,0,0,0,-1,0,1,0,0,0,0,-1,0,1,0,0,0,1,0,1,-1,1,1,0
3822,0,-1,-1,0,0,0,-1,1,0,1,0,-1,0,0,1,0,0,1,-1,0,0,0,0,1,0,0,0,0,0,0,0,0,1,-1,0,0,0,0,0,0,-1,0,0,0,-1,-1,0,0,0,1,0,0,-1,-1,-1,1,0,0,1,0,1,0,0,-1
3823,0,0,0,0,0,0,0,0,1,1,0,0,0,0,-1,0,-1,1,0,0,1,0,0,1,0,0,-1,0,-1,0,0,0,-1,0,0,0,1,0,0,0,0,0,0,0,0,0,0,1,0,0,0,0,1,1,0,0,-1,0,-1,1,-1,0,0,0
3824,0,0,0,0,1,0,0,1,-1,1,0,0,-1,0,0,1,0,0,0,1,0,1,0,0,0,0,-1,1,-1,0,-1,0,0,0,0,0,0,0,0,0,1,-1,0,0,-1,1,0,0,1,0,0,0,0,1,0,0,0,1,1,-1,0,0,-1,1
3825,0,0,-1,-1,0,0,0,-1,0,0,0,1,1,1,0,0,-1,0,0,-1,0,1,0,0,0,0,0,0,0,-1,-1,0,0,0,0,0,0,0,-1,0,0,0,0,0,-1,1,1,0,0,0,0,0,1,-1,0,0,0,-1,0,1,0,0,1,0
3826,0,0,0,0,0,1,0,0,0,0,1,0,0,0,0,0,0,0,0,0,-1,0,0,0,1,0,0,0,0,0,-1,0,0,1,0,0,0,0,1,0,-1,1,0,0,1,0,0,0,0,1,0,1,1,0,0,0,0,0,0,1,0,0,0,0
3827,0,0,-1,0,0,1,1,-1,0,0,0,-1,0,1,-1,-1,0,-1,0,1,0,1,0,0,0,1,0,-1,1,0,-1,0,0,0,1,0,0,1,1,0,-1,0,0,-1,0,-1,0,0,1,0,1,0,0,-1,1,-1,0,0,1,0,1,0,0,1
3828,0,0,0,0,1,0,0,0,0,0,0,0,0,1,0,0,-1,0,-1,0,0,0,0,0,0,0,0,0,0,0,1,0,0,-1,0,0,-1,0,0,-1,0,-1,0,-1,-1,-1,0,-1,0,0,0,0,0,0,0,0,0,0,0,0,0,0,0,0
3829,1,0,0,0,1,1,0,-1,0,1,0,0,0,0,0,-1,-1,0,0,0,0,0,0,0,1,1,0,0,0,1,0,-1,0,0,-1,0,0,0,0,0,-1,0,0,0,0,0,-1,0,0,0,-1,0,0,-1,0,-1,0,0,0,-1,0,0,-1,0
3830,0,0,0,0,0,0,1,0,0,1,0,0,0,0,1,0,1,-1,0,0,1,1,-1,-1,0,0,-1,0,0,0,0,0,0,0,0,-1,0,0,0,0,0,0,0,0,0,1,1,0,-1,0,1,0,0,-1,0,0,-1,0,0,1,0,0,0,0
3831,1,0,0,1,1,1,0,0,0,1,0,-1,0,0,0,1,0,0,0,1,-1,0,0,0,0,0,1,0,0,0,-1,0,1,0,0,0,0,-1,0,-1,-1,1,0,0,0,0,1,0,0,0,0,1,-1,1,0,0,-1,0,0,0,1,0,0,1
3832,0,0,1,-1,0,0,0,1,1,0,0,0,-1,-1,0,1,1,0,0,-1,0,0,-1,1,0,-1,-1,-1,0,0,0,1,1,0,0,0,0,0,0,-1,0,1,0,0,0,-1,0,0,0,0,0,0,0,0,0,1,0,0,0,0,0,0,0,1
3833,-1,0,1,0,0,0,0,-1,0,1,0,0,1,-1,0,0,0,1,-1,1,-1,1,0,-1,0,1,0,-1,0,0,0,0,0,1,0,0,0,0,-1,0,1,0,0,1,-1,0,-1,-1,-1,0,0,0,0,0,1,0,0,0,0,0,0,0,0,1
3834,0,0,0,0,0,0,1,0,0,0,0,-1,-1,0,0,0,1,0,0,0,0,0,0,0,1,0,0,0,0,0,1,0,0,-1,-1,1,-1,1,0,0,0,0,0,0,0,-1,0,0,0,0,0,0,1,-1,-1,-1,0,-1,0,0,0,-1,0,0
3835,-1,0,0,0,1,0,-1,-1,-1,1,1,0,0,1,0,0,1,0,0,1,-1,1,0,0,-1,-1,0,0,0,0,1,1,0,0,0,0,0,1,0,0,-1,-1,-1,0,0,0,-1,1,0,0,0,0,0,-1,0,0,1,-1,-1,0,0,1,0,-1
3836,0,0,0,0,1,-1,0,0,-1,-1,0,0,1,0,1,1,0,0,-1,0,0,1,0,0,0,1,-1,0,0,0,0,0,0,-1,1,0,0,0,0,0,0,0,0,0,0,-1,0,0,0,0,0,0,1,-1,0,0,0,0,0,0,0,0,0,0
3837,-1,0,-1,-1,-1,0,-1,1,0,0,1,0,0,0,0,0,1,0,0,0,0,0,0,-1,1,0,1,-1,0,1,-1,-1,-1,-1,0,-1,-1,0,-1,1,1,1,-1,0,0,0,0,0,-1,0,-1,0,-1,0,0,-1,0,0,0,0,-1,0,0,1
3838,0,-1,-1,1,0,0,0,0,0,-1,-1,0,0,0,0,1,0,0,-1,0,1,0,1,0,0,0,0,-1,-1,-1,-1,1,0,0,0,0,-1,-1,0,0,0,0,1,0,0,0,1,0,0,0,0,0,0,0,0,0,1,0,0,1,0,0,0,0
3839,0,0,0,0,1,0,0,-1,-1,1,0,0,0,0,1,0,0,0,0,1,0,-1,0,0,-1,0,0,1,-1,0,-1,-1,1,0,-1,0,0,0,0,-1,1,0,0,0,0,1,0,0,0,0,1,0,-1,0,1,0,0,-1,0,0,0,0,-1,1
3840,1,0,-1,0,0,0,0,0,1,1,0,0,0,0,0,0,0,0,0,0,0,0,0,0,0,-1,0,0,0,0,-1,-1,0,0,-1,1,0,0,0,0,0,1,0,-1,0,0,0,0,0,0,0,0,0,0,0,0,1,0,0,0,0,-1,1,0
3841,0,0,1,1,0,0,0,0,-1,0,1,0,-1,0,0,0,-1,0,0,0,0,0,0,0,0,0,0,1,0,0,0,0,0,1,1,0,0,0,0,-1,-1,0,0,-1,0,0,0,-1,0,0,0,-1,-1,0,0,0,0,0,0,0,0,0,-1,0
3842,-1,0,1,1,-1,1,0,0,0,0,0,-1,0,0,0,0,0,1,0,0,1,0,0,1,1,1,1,0,0,0,0,1,0,0,-1,0,0,0,-1,-1,-1,-1,0,0,0,1,0,1,0,0,0,0,0,0,0,0,0,0,1,-1,1,0,0,1
3843,0,0,-1,0,0,0,0,1,0,1,1,1,-1,-1,0,1,0,-1,1,0,-1,0,0,0,0,0,1,0,0,0,0,0,0,0,0,-1,0,0,1,0,0,0,-1,0,-1,0,-1,-1,0,0,0,0,-1,0,0,-1,0,0,0,-1,0,0,0,0
3844,-1,0,0,-1,0,0,-1,-1,0,0,0,0,0,0,-1,0,0,0,-1,0,0,0,0,0,-1,0,0,0,1,0,0,1,0,-1,-1,-1,0,-1,0,-1,0,0,1,0,1,0,-1,0,0,-1,1,0,1,0,0,0,1,-1,1,-1,0,-1,0,-1
3845,0,0,0,0,0,0,-1,-1,0,0,0,0,1,1,0,-1,-1,0,-1,0,0,1,0,0,0,0,0,0,-1,0,0,0,0,-1,0,-1,0,0,0,1,1,0,0,0,1,0,0,1,0,0,-1,0,-1,0,0,0,0,0,1,0,0,0,0,0
3846,0,-1,0,0,-1,1,0,0,0,1,0,0,0,0,0,1,-1,0,1,0,0,-1,-1,0,0,0,-1,1,0,1,1,0,0,0,-1,0,0,1,0,-1,1,-1,0,0,0,-1,0,1,0,-1,0,0,0,0,0,0,-1,-1,1,-1,0,0,1,-1
3847,-1,0,0,0,1,0,-1,0,1,-1,0,1,-1,-1,0,-1,-1,0,1,-1,0,1,-1,1,0,0,-1,0,0,-1,-1,0,0,0,0,0,0,-1,0,-1,0,0,0,1,1,0,0,0,0,0,0,0,1,0,0,0,0,-1,0,0,-1,0,1,0
3848,1,0,1,-1,-1,0,0,0,0,0,-1,0,0,0,-1,0,0,0,0,0,-1,0,0,1,0,0,0,-1,1,0,-1,1,1,0,0,0,0,-1,-1,0,0,-1,0,0,0,0,0,0,0,0,0,0,0,0,-1,0,0,1,0,0,0,-1,0,0
3849,0,0,0,0,0,-1,0,0,0,0,0,0,0,0,0,1,-1,0,1,0,1,1,-1,0,0,-1,-1,0,0,0,0,-1,0,0,-1,0,0,0,0,1,0,0,0,0,0,0,1,-1,0,0,0,-1,1,0,-1,-1,0,0,0,1,0,0,1,-1
3850,0,-1,-1,-1,0,-1,0,1,0,1,-1,1,0,0,-1,1,-1,0,0,0,-1,-1,0,0,1,-1,0,0,0,0,0,-1,-1,1,0,0,-1,1,0,1,-1,0,-1,1,0,0,0,1,0,1,0,0,0,1,1,0,0,0,0,0,1,0,0,0
3851,0,0,0,0,0,0,0,0,0,-1,0,0,-1,-1,0,0,0,0,0,0,0,0,1,0,0,0,-1,1,0,-1,1,0,0,0,0,1,1,0,0,0,1,0,-1,0,1,-1,1,0,0,0,1,0,-1,0,-1,1,0,0,0,0,0,1,0,0
3852,0,0,0,0,1,0,1,1,1,0,0,0,0,0,0,-1,0,1,1,0,0,0,0,0,1,0,0,0,0,-1,0,0,-1,0,0,0,0,1,0,0,-1,0,0,0,0,1,0,0,0,0,0,0,1,-1,1,1,0,-1,0,0,0,0,0,1
3853,1,0,-1,0,0,0,0,1,0,0,1,0,0,-1,0,1,0,-1,0,1,0,0,0,0,0,0,0,-1,-1,1,1,0,0,0,0,0,0,1,0,0,1,0,-1,0,0,0,0,0,1,-1,-1,0,0,0,0,0,0,0,0,-1,0,0,0,-1
3854,0,0,1,-1,0,0,0,1,-1,0,1,0,0,-1,0,0,-1,0,0,1,-1,1,0,1,0,0,0,1,0,0,0,0,0,0,0,1,0,-1,0,-1,1,0,0,0,0,0,1,0,1,0,0,0,-1,0,0,1,-1,0,0,1,0,0,0,-1
3855,0,0,-1,0,1,0,1,0,0,-1,1,-1,0,0,-1,0,0,-1,-1,0,0,0,-1,0,0,0,1,0,0,-1,1,0,-1,-1,0,0,1,0,-1,0,0,-1,0,0,-1,0,1,0,0,0,0,1,0,0,1,0,-1,0,0,0,0,0,0,0
3856,0,0,0,0,0,0,0,0,1,0,0,-1,0,0,0,-1,0,0,0,0,0,0,1,-1,-1,0,0,0,1,0,0,0,0,0,0,0,0,1,0,0,0,0,1,0,0,0,-1,0,0,-1,0,0,0,0,1,-1,0,0,0,0,0,0,0,1
3857,-1,0,0,0,0,0,1,0,0,1,0,0,1,-1,-1,0,0,0,-1,0,0,-1,-1,0,0,0,0,1,0,0,0,-1,0,-1,0,0,0,0,0,-1,0,-1,-1,0,0,1,0,-1,1,0,0,-1,-1,0,-1,0,0,0,0,0,-1,0,1,-1
3858,0,-1,0,1,0,0,0,0,1,1,-1,0,0,0,1,1,0,1,0,0,0,0,0,-1,0,0,-1,-1,0,-1,0,1,0,-1,1,1,-1,0,-1,0,0,0,0,1,0,-1,0,0,0,0,0,0,0,0,1,0,0,0,0,-1,0,0,0,0
3859,0,0,0,0,0,0,0,0,0,-1,-1,0,0,-1,-1,0,0,-1,0,-1,0,0,0,0,-1,1,0,1,0,0,0,0,0,0,0,0,0,0,0,-1,0,0,0,1,-1,0,0,-1,0,1,0,0,1,0,0,0,0,0,1,-1,0,1,0,1
3860,-1,0,-1,0,0,0,1,-1,0,1,-1,0,0,0,0,0,0,0,-1,0,0,0,0,0,0,1,0,0,0,1,1,0,1,0,0,0,1,0,-1,0,0,0,0,0,-1,0,1,1,0,0,0,1,0,0,0,0,-1,0,0,0,0,-1,1,1
3861,0,0,0,-1,0,1,0,0,0,0,0,0,-1,0,0,-1,0,0,0,0,0,0,1,0,0,1,0,0,-1,0,0,0,1,1,1,0,1,0,0,0,0,0,1,0,-1,0,0,0,0,1,0,0,0,0,0,0,-1,0,0,1,1,-1,0,-1
3862,1,0,0,0,0,-1,0,-1,-1,0,-1,0,1,0,0,0,0,1,0,0,0,0,0,-1,1,0,1,0,0,0,0,-1,0,0,1,0,1,0,0,0,-1,0,0,0,0,0,0,1,1,-1,0,0,0,0,0,0,0,0,0,0,1,0,-1,0
3863,0,0,0,1,0,0,0,0,1,0,0,0,0,-1,1,0,0,0,1,0,1,0,-1,0,0,0,0,0,0,0,-1,-1,0,1,0,1,0,0,0,1,-1,0,0,0,0,-1,0,0,-1,0,0,0,0,1,0,0,1,0,1,0,1,0,0,1
3864,0,1,0,0,0,0,0,0,1,-1,0,-1,1,1,0,0,0,0,0,-1,-1,-1,1,0,0,0,0,0,0,-1,1,0,0,0,0,1,1,0,0,0,1,0,0,0,1,1,0,0,0,1,-1,0,0,0,-1,0,0,1,0,1,-1,1,1,0
3865,0,0,-1,0,0,0,0,0,0,0,-1,0,1,0,-1,0,0,0,0,0,0,-1,-1,0,-1,0,0,0,0,0,0,0,-1,-1,-1,1,-1,0,0,0,0,1,0,1,0,0,0,0,1,-1,-1,0,-1,0,1,0,0,-1,-1,0,0,-1,0,1
3866,-1,0,0,1,0,1,0,0,0,1,0,0,0,0,0,0,0,0,0,0,0,0,0,0,0,0,1,0,-1,0,1,0,0,0,0,0,1,-1,0,0,0,0,0,1,0,0,-1,-1,1,-1,0,0,0,0,0,0,0,1,0,0,0,0,0,-1
3867,0,1,0,0,0,0,0,0,0,0,0,0,0,0,1,1,0,-1,-1,0,-1,1,0,0,0,0,0,-1,0,0,-1,0,-1,0,-1,0,0,0,0,1,-1,0,0,0,-1,0,-1,0,0,0,0,1,0,0,0,0,0,0,-1,0,-1,0,-1,0
3868,0,0,1,0,0,0,0,0,0,1,1,1,0,0,0,1,1,0,0,0,0,0,0,0,0,1,0,0,-1,1,0,0,1,1,0,0,1,0,0,0,1,0,0,0,0,0,0,0,-1,0,0,0,0,0,1,0,-1,0,0,0,0,0,-1,0
3869,0,0,0,0,0,0,1,0,0,1,0,0,0,1,0,1,0,-1,0,0,1,0,0,0,0,0,0,0,0,0,1,0,0,1,0,0,0,0,0,0,0,1,0,1,0,0,0,1,1,0,0,0,0,0,0,0,-1,-1,1,0,1,1,0,0
3870,0,0,-1,0,0,0,0,0,1,0,0,1,1,-1,0,1,0,0,-1,0,-1,-1,0,0,0,-1,0,0,0,-1,0,-1,0,1,-1,0,0,1,0,-1,0,0,0,0,1,0,1,0,1,1,-1,0,-1,1,0,1,0,1,0,-1,0,0,0,0
3871,-1,0,0,-1,0,0,0,0,0,0,0,0,0,0,1,1,0,0,0,0,-1,0,0,0,0,0,1,0,0,0,1,0,1,-1,0,-1,0,1,0,-1,1,0,0,0,-1,0,0,0,0,0,-1,0,0,0,-1,0,1,0,0,0,0,0,0,0
3872,0,0,1,-1,0,0,0,-1,1,0,-1,0,-1,0,0,0,1,1,-1,0,0,0,0,-1,0,0,0,-1,0,0,1,0,0,0,0,1,0,0,0,0,0,-1,0,0,0,-1,0,1,0,1,0,0,0,0,-1,0,0,-1,0,-1,0,0,0,-1
3873,0,0,0,0,1,0,-1,0,0,0,0,0,0,-1,0,1,1,0,1,0,0,0,1,0,0,0,1,0,0,1,1,0,0,-1,0,0,0,0,0,0,-1,0,1,1,0,0,0,-1,-1,0,-1,-1,0,0,-1,0,1,1,0,0,0,0,0,0
3874,0,0,0,0,-1,-1,0,0,-1,0,-1,0,0,-1,-1,0,1,0,0,1,1,0,0,0,1,0,1,1,0,0,0,0,0,-1,0,0,0,-1,-1,1,0,1,0,1,0,0,1,0,0,0,0,0,1,0,0,-1,-1,0,0,0,0,-1,0,-1
3875,0,1,0,0,0,1,1,0,0,0,0,1,0,0,0,0,0,-1,0,-1,0,0,1,0,0,0,0,-1,0,1,0,0,0,0,0,0,0,0,0,0,0,-1,-1,1,0,0,-1,0,0,0,-1,0,0,1,0,0,-1,0,1,-1,0,0,0,0
3876,0,-1,-1,0,1,0,0,0,0,0,0,0,0,0,0,1,-1,1,0,1,0,0,0,0,0,0,0,-1,0,1,-1,0,-1,0,0,0,0,0,0,0,-1,0,0,0,0,0,-1,0,1,0,0,0,0,0,0,0,0,0,0,0,-1,0,0,0
3877,0,0,-1,0,1,0,1,0,1,0,-1,-1,-1,1,0,-1,-1,0,0,0,0,0,0,0,0,1,0,0,1,-1,0,0,-1,0,0,0,-1,0,0,0,0,0,0,1,-1,0,-1,1,-1,1,0,-1,-1,-1,0,-1,-1,-1,0,0,1,0,-1,1
3878,-1,0,0,1,-1,0,0,0,0,0,0,-1,0,1,-1,0,0,0,1,1,0,1,0,0,0,0,0,1,0,0,0,0,1,0,-1,0,0,-1,-1,1,-1,0,1,0,0,1,-1,0,0,0,-1,0,1,0,-1,1,0,0,-1,1,0,1,0,-1
3879,0,1,0,-1,1,0,0,1,0,1,-1,0,0,0,-1,0,-1,0,0,0,0,0,0,-1,1,1,0,1,0,-1,0,1,1,1,0,0,0,-1,0,0,-1,-1,0,0,-1,0,1,0,0,0,0,0,-1,0,0,-1,0,0,0,0,1,0,0,0
3880,0,0,1,1,0,0,1,0,-1,0,-1,-1,0,0,0,0,0,0,0,1,-1,0,-1,1,0,-1,1,0,0,0,-1,0,0,0,0,0,0,0,0,1,0,1,0,0,0,0,0,0,0,1,0,0,0,0,0,0,1,0,0,0,0,-1,0,1
3881,0,0,0,0,0,0,0,1,0,0,0,0,-1,1,1,0,0,1,1,1,0,0,1,-1,-1,0,0,0,1,0,1,-1,-1,0,1,0,0,0,0,-1,0,0,0,0,0,0,0,0,0,0,0,0,1,-1,-1,0,0,0,1,0,0,0,-1,0
3882,-1,0,1,1,0,0,-1,1,0,0,0,0,-1,1,-1,0,0,0,1,0,0,-1,0,1,-1,0,0,0,0,0,0,0,0,-1,0,-1,1,0,0,0,1,0,-1,0,0,0,-1,0,1,0,1,0,1,0,0,0,0,0,0,1,0,0,0,-1
3883,0,1,0,0,1,0,0,0,0,1,1,-1,0,0,0,0,0,-1,-1,0,-1,1,0,0,0,0,0,0,0,0,0,0,0,1,0,0,1,0,0,0,0,-1,0,1,-1,1,0,0,0,-1,0,0,0,0,0,-1,0,1,0,0,0,1,0,0
3884,0,0,0,1,0,0,0,-1,-1,1,0,0,0,-1,0,0,0,-1,0,-1,0,0,0,0,0,-1,0,0,1,0,0,0,0,1,0,-1,0,0,-1,0,0,0,0,0,0,0,0,0,0,-1,0,0,0,0,0,0,0,0,0,0,0,0,1,0
3885,0,-1,0,0,0,-1,1,0,0,0,0,0,0,-1,0,-1,0,-1,1,1,0,1,0,0,0,0,1,0,0,1,0,0,0,0,-1,1,-1,0,-1,0,1,0,0,0,-1,-1,0,0,0,0,0,0,-1,0,-1,1,-1,0,1,0,0,0,0,-1
3886,0,-1,-1,0,0,0,0,0,0,1,0,-1,0,1,-1,0,0,0,1,0,-1,0,0,0,-1,0,0,-1,0,0,0,-1,0,0,1,0,0,0,0,0,1,0,0,1,0,0,0,0,0,0,0,0,0,0,1,0,1,0,0,0,0,1,0,1
3887,0,-1,0,0,0,0,0,0,0,-1,0,-1,0,-1,-1,0,0,1,0,0,1,0,-1,-1,-1,0,0,0,0,0,0,0,0,0,0,0,0,0,0,0,1,0,0,0,0,-1,-1,1,0,0,0,0,0,0,1,0,0,0,0,0,0,1,0,0
3888,1,1,1,0,0,0,0,1,-1,0,0,0,-1,0,0,-1,0,0,0,0,0,1,0,0,1,0,0,0,0,1,0,0,0,-1,0,0,0,0,0,-1,1,1,0,0,0,0,-1,-1,1,1,0,0,0,0,0,0,0,0,0,0,1,0,-1,-1
3889,0,1,-1,0,1,1,0,-1,0,0,0,0,0,0,0,0,0,0,-1,0,0,-1,0,0,-1,-1,0,0,0,-1,0,0,0,0,0,1,-1,0,0,0,0,-1,0,-1,0,1,0,0,0,0,0,1,0,1,-1,0,-1,0,-1,0,-1,0,0,-1
3890,0,0,0,0,0,0,0,0,1,0,0,0,0,0,0,1,0,0,0,-1,0,-1,0,0,0,0,0,0,0,-1,0,0,0,1,0,0,0,0,-1,0,0,0,0,0,0,-1,0,0,0,0,0,0,1,0,-1,0,0,-1,0,-1,0,1,0,1
3891,0,0,1,0,0,0,0,1,0,0,0,-1,-1,0,0,1,0,0,0,0,1,0,0,0,0,1,0,0,0,0,0,0,0,0,-1,1,0,0,0,-1,-1,-1,0,1,1,1,0,0,1,0,0,1,0,0,0,1,1,1,1,0,0,1,-1,0
3892,0,0,0,0,1,0,0,0,0,0,0,1,0,0,-1,0,1,0,-1,0,0,0,-1,0,0,0,1,0,0,-1,1,0,0,0,0,0,0,0,0,1,-1,0,-1,0,-1,0,0,0,-1,1,0,1,0,0,0,1,0,-1,0,0,0,0,0,1
3893,0,0,1,0,0,0,0,-1,0,1,0,0,0,0,0,1,1,0,0,-1,0,0,0,0,1,0,0,0,0,-1,0,0,1,0,0,0,1,0,1,0,0,0,0,-1,1,0,0,0,0,0,0,1,0,0,0,0,-1,1,-1,0,-1,-1,0,0
3894,0,-1,0,-1,0,0,-1,-1,0,0,1,-1,-1,0,0,0,-1,0,0,1,0,0,0,-1,0,0,-1,0,0,1,1,0,0,-1,0,0,0,1,1,0,0,0,0,0,0,0,0,0,0,-1,1,0,1,0,0,0,-1,1,0,0,-1,1,1,0
3895,0,1,1,0,-1,0,0,1,0,1,1,-1,0,1,0,0,-1,0,-1,0,1,0,0,-1,0,0,0,0,0,-1,0,1,0,0,0,0,0,0,0,0,1,1,0,0,0,0,0,0,0,1,-1,0,0,1,0,0,0,0,0,0,1,0,0,0
3896,1,0,1,0,0,1,0,0,0,0,0,0,0,-1,1,0,-1,1,0,1,-1,0,1,0,0,0,1,0,-1,0,0,1,-1,0,0,-1,0,-1,-1,0,0,0,0,1,-1,0,0,0,0,1,1,1,0,-1,0,0,1,0,-1,0,0,-1,0,0
3897,-1,0,0,0,1,0,0,-1,0,0,0,0,0,0,0,0,0,1,-1,0,0,0,-1,-1,-1,1,1,0,0,0,0,0,0,0,0,-1,1,0,0,0,0,1,0,0,1,-1,0,0,0,0,0,-1,0,0,0,0,-1,0,0,0,0,0,0,-1
3898,0,0,-1,0,0,1,1,0,0,0,1,1,-1,0,0,-1,0,0,0,1,0,1,0,1,0,0,0,-1,1,-1,0,0,0,0,0,1,0,0,-1,1,0,0,0,0,0,0,0,0,0,1,-1,0,0,0,1,0,0,1,0,0,-1,0,1,0
3899,0,1,0,-1,-1,0,0,0,-1,0,0,1,1,0,-1,0,0,0,0,0,0,0,0,-1,-1,1,0,0,1,0,0,-1,1,0,0,0,-1,-1,0,-1,1,-1,-1,0,0,-1,0,1,1,0,0,-1,0,-1,0,0,1,1,0,-1,0,0,0,0
3900,0,0,1,0,-1,0,0,1,0,-1,0,-1,0,0,0,1,0,-1,-1,0,1,1,1,-1,0,0,0,0,0,0,0,0,0,0,1,0,0,0,0,0,0,0,1,-1,0,0,0,0,-1,0,1,-1,0,-1,0,0,1,-1,0,0,-1,1,0,-1
3901,0,0,0,0,0,0,1,0,-1,-1,1,-1,0,0,0,-1,0,0,0,0,0,0,1,0,0,0,0,0,-1,-1,0,0,0,0,-1,0,0,-1,0,0,1,0,1,0,-1,0,0,0,0,-1,0,0,-1,0,-1,0,0,0,0,-1,0,1,0,0
3902,0,1,0,0,0,0,0,0,1,-1,0,0,0,-1,0,1,0,0,0,0,-1,0,-1,0,1,0,0,0,0,-1,-1,0,0,1,0,0,0,0,-1,1,0,0,0,-1,-1,-1,0,0,0,-1,-1,0,0,0,0,1,0,0,0,-1,0,1,0,0
3903,0,0,0,0,1,1,0,0,0,1,-1,-1,0,0,0,0,-1,0,-1,0,1,0,1,-1,0,0,-1,0,0,0,-1,1,0,0,0,0,1,0,1,0,0,0,0,0,1,0,-1,0,-1,0,0,-1,0,0,0,-1,0,1,0,0,0,-1,1,0
3904,-1,0,0,0,0,0,0,0,-1,0,0,1,1,0,0,1,0,0,0,0,1,0,-1,0,0,0,0,0,1,0,-1,0,0,-1,0,0,0,1,1,-1,1,0,0,1,0,-1,0,0,0,0,0,0,-1,-1,0,1,0,0,0,1,-1,0,-1,1
3905,0,0,0,0,0,0,0,1,0,0,0,0,1,0,0,0,0,0,0,1,-1,1,0,1,0,0,-1,0,-1,0,0,-1,0,-1,0,0,-1,1,0,-1,0,1,0,-1,1,0,1,-1,0,0,1,-1,-1,0,0,0,-1,0,0,-1,0,1,1,0
3906,1,0,0,0,-1,1,0,0,0,-1,0,-1,0,0,1,1,0,1,-1,0,1,0,0,0,0,0,0,0,0,0,0,0,1,1,0,0,-1,0,-1,0,0,0,0,0,-1,0,0,0,0,0,0,1,0,0,0,0,-1,-1,0,0,0,0,0,0
3907,0,0,0,0,0,0,0,1,0,1,0,0,-1,0,0,1,0,0,-1,0,-1,0,1,-1,0,0,0,0,1,1,-1,0,0,-1,1,0,0,0,0,1,1,0,0,0,0,0,0,0,0,-1,0,0,0,-1,0,0,0,0,-1,0,1,0,-1,-1
3908,0,0,0,0,0,0,0,-1,-1,1,1,0,0,1,0,0,0,0,1,-1,1,0,0,0,0,-1,0,0,1,0,0,0,0,0,0,0,0,0,0,0,0,0,1,1,0,0,0,0,-1,0,-1,-1,0,0,1,-1,-1,0,-1,0,0,0,0,1
3909,1,1,0,0,0,0,-1,1,0,0,1,0,0,0,0,0,0,0,0,0,1,0,0,1,0,0,0,1,0,0,0,0,-1,-1,0,0,0,1,0,0,1,0,1,0,0,1,0,0,0,1,0,0,0,0,0,0,-1,0,0,0,0,1,0,-1
3910,0,0,0,0,0,0,0,0,1,1,1,0,1,-1,0,0,0,0,-1,0,0,0,0,0,0,0,0,0,0,0,0,0,0,0,0,0,1,0,0,0,0,0,1,-1,0,0,0,0,0,0,0,0,0,1,0,0,1,0,1,0,0,0,0,0
3911,1,0,0,0,-1,1,1,0,-1,-1,0,1,0,0,-1,1,0,0,0,0,0,-1,0,0,0,0,0,0,-1,0,-1,1,0,0,0,0,-1,0,1,0,0,1,0,-1,0,0,-1,0,0,0,-1,-1,0,0,0,0,0,1,0,0,0,0,-1,0
3912,-1,0,1,0,1,0,0,1,0,0,-1,0,0,-1,-1,0,0,1,0,0,-1,0,0,0,0,0,0,0,-1,0,0,0,-1,1,0,0,0,-1,0,1,1,0,-1,0,1,-1,-1,1,0,0,0,0,0,0,0,0,0,0,0,0,0,0,-1,0
3913,0,0,0,1,0,0,0,0,1,0,0,0,0,0,0,0,0,0,1,0,0,0,1,1,-1,0,0,0,0,0,0,0,0,0,0,0,0,0,0,-1,0,0,-1,0,0,0,0,0,0,0,0,1,0,0,0,0,1,0,0,1,1,0,0,0
3914,1,0,0,1,0,0,0,0,-1,0,0,0,-1,0,0,0,0,0,0,1,0,1,-1,0,0,1,0,-1,0,0,-1,0,0,1,0,0,0,0,0,0,1,0,0,0,0,0,0,0,0,0,0,0,1,0,0,0,0,0,0,1,0,0,0,0
3915,0,0,0,0,0,1,0,0,0,0,-1,0,-1,0,0,-1,0,0,0,1,-1,1,-1,0,0,1,1,-1,0,0,0,0,-1,0,0,0,1,0,0,0,-1,0,0,0,-1,0,1,0,0,1,0,0,0,0,0,0,0,0,-1,1,1,0,1,0
3916,0,0,0,0,0,0,0,0,0,1,0,0,0,-1,1,0,0,0,0,0,-1,-1,-1,1,-1,-1,0,0,0,-1,0,-1,1,1,0,0,1,-1,0,0,0,0,1,0,1,-1,0,0,-1,0,0,0,-1,0,0,0,0,0,-1,1,-1,0,-1,1
3917,0,0,1,0,0,0,0,1,0,0,0,0,0,0,-1,1,-1,0,1,0,0,0,0,1,1,0,0,0,-1,-1,1,-1,-1,0,0,0,0,1,-1,0,0,0,0,1,0,-1,0,0,-1,0,0,1,1,0,0,0,0,-1,0,0,0,-1,0,0
3918,1,0,0,-1,0,0,1,0,0,0,0,1,0,0,0,0,0,0,0,0,1,-1,-1,1,0,1,0,1,0,0,0,0,0,0,0,0,0,0,0,1,0,-1,1,0,0,0,0,0,0,0,0,0,0,-1,0,0,0,-1,0,-1,0,0,0,0
3919,0,0,0,0,0,0,1,-1,-1,0,1,0,0,0,0,0,0,0,0,0,0,1,-1,0,0,0,0,1,0,0,0,0,0,0,0,0,0,0,0,0,0,-1,0,0,-1,0,1,-1,0,0,-1,0,0,1,0,-1,0,-1,0,0,0,1,0,0
3920,0,0,-1,0,0,-1,-1,0,0,0,-1,0,0,0,1,0,1,-1,0,0,1,1,0,-1,0,0,0,0,1,-1,0,-1,0,0,1,0,0,0,1,0,0,0,0,0,-1,-1,0,1,-1,0,0,0,0,0,0,0,-1,0,0,0,0,0,0,-1
3921,0,0,1,0,1,1,0,0,0,0,1,-1,1,0,0,0,0,0,0,0,0,0,0,0,0,0,0,0,-1,0,1,-1,1,0,0,0,0,0,0,0,0,0,0,0,1,0,0,1,1,0,0,0,-1,0,0,-1,-1,0,0,0,0,-1,0,0
3922,0,0,-1,1,0,0,0,0,0,0,0,1,-1,0,0,0,-1,1,0,0,0,0,0,0,0,1,0,1,1,0,-1,-1,0,0,0,0,0,1,0,0,0,0,0,1,0,0,0,0,-1,0,-1,0,1,0,0,-1,-1,1,1,0,-1,0,0,0
3923,0,-1,0,-1,0,1,-1,0,0,-1,0,0,0,1,0,0,0,0,0,0,1,0,0,1,0,0,0,0,0,0,0,0,0,1,1,0,1,-1,0,0,0,0,0,1,0,1,0,-1,1,0,0,-1,0,0,-1,0,0,0,0,0,1,1,1,-1
3924,-1,0,-1,-1,0,0,0,0,0,0,-1,0,0,-1,1,0,0,-1,0,0,0,1,-1,-1,0,-1,0,0,-1,0,0,0,0,0,0,0,-1,0,1,-1,-1,0,1,-1,0,0,0,0,-1,0,-1,1,0,0,0,0,-1,0,0,-1,0,0,0,0
3925,0,0,-1,0,0,0,0,0,0,0,0,0,0,-1,0,0,0,0,-1,0,0,0,0,0,1,0,-1,0,0,1,0,0,1,0,-1,0,-1,0,0,0,0,-1,0,0,0,0,0,1,0,1,-1,-1,0,0,-1,0,-1,0,0,0,0,0,0,-1
3926,0,0,0,0,0,0,0,0,0,0,0,0,-1,0,0,1,0,0,0,0,0,0,0,0,1,0,0,0,0,1,1,0,0,0,1,0,-1,-1,0,1,-1,0,0,0,0,-1,-1,0,1,1,0,0,0,0,-1,0,1,0,1,0,0,-1,0,1
3927,0,0,1,0,0,0,0,0,0,0,0,0,1,0,0,1,-1,0,0,-1,0,0,0,0,1,-1,1,1,0,0,0,-1,1,0,-1,0,-1,0,-1,0,-1,0,0,0,0,0,0,0,-1,0,0,0,0,1,0,0,0,0,-1,0,0,0,0,0
3928,0,0,-1,0,0,0,0,0,0,-1,0,0,0,-1,0,0,-1,0,1,0,0,-1,0,0,1,0,0,-1,0,-1,0,0,0,1,0,0,0,0,0,0,-1,0,0,0,0,0,0,0,0,1,0,0,0,-1,0,0,1,-1,0,1,0,0,1,-1
3929,0,0,0,0,0,1,0,0,0,1,-1,0,0,0,0,0,0,1,1,0,0,0,-1,0,0,0,1,1,-1,0,0,0,0,0,0,0,0,0,0,0,0,0,1,-1,0,1,1,0,0,0,0,0,0,0,-1,0,0,0,0,0,0,0,0,-1
3930,-1,0,1,0,0,0,0,0,0,1,1,0,-1,0,0,0,0,0,0,0,1,0,-1,-1,0,0,0,0,0,0,0,1,1,0,0,1,0,1,0,0,1,0,0,1,1,1,0,-1,0,0,1,0,0,1,1,0,1,0,1,0,0,1,1,1
3931,0,0,0,0,0,0,-1,0,0,0,0,0,1,-1,-1,-1,0,-1,0,0,0,-1,0,0,0,0,0,1,0,0,0,0,0,1,0,0,-1,-1,0,0,0,0,0,0,0,0,1,0,0,0,0,-1,0,-1,0,0,1,1,0,-1,1,1,-1,1
3932,0,0,1,0,0,0,0,0,0,0,0,-1,0,0,1,0,0,-1,0,0,1,0,0,1,0,1,1,1,1,1,1,0,0,0,1,1,0,0,0,0,0,-1,1,0,0,0,0,0,0,0,0,-1,0,0,1,0,-1,0,1,0,0,0,-1,0
3933,-1,0,0,0,0,0,1,1,0,1,1,1,1,0,-1,0,-1,0,1,0,0,0,-1,0,0,1,-1,0,0,1,0,-1,0,0,0,0,1,0,0,0,0,0,0,-1,-1,-1,0,0,-1,0,1,0,0,0,0,0,0,0,-1,0,0,0,0,0
3934,0,0,1,-1,0,0,0,0,0,0,1,0,-1,0,0,0,-1,1,0,0,-1,-1,0,0,-1,1,1,0,-1,0,0,0,0,0,-1,0,0,-1,0,1,-1,0,0,-1,0,0,1,0,0,-1,1,0,-1,0,0,0,0,0,0,-1,-1,0,-1,0
3935,0,0,0,1,0,0,1,0,0,-1,0,-1,0,0,0,0,0,0,0,1,0,1,-1,0,1,0,0,0,0,1,1,0,0,0,0,0,1,-1,-1,0,0,0,1,-1,0,-1,1,0,0,0,0,0,1,0,0,0,0,0,0,1,-1,0,0,-1
3936,0,0,0,0,-1,0,0,0,0,-1,0,1,1,0,0,0,0,0,1,0,1,0,0,0,1,0,0,0,0,1,-1,0,0,0,0,0,-1,0,0,0,0,1,0,0,0,0,0,1,1,0,-1,0,0,-1,0,-1,-1,0,-1,0,1,1,-1,0
3937,0,0,0,0,-1,0,0,-1,0,0,0,0,0,0,0,0,0,0,0,0,-1,0,0,1,0,0,0,-1,0,0,-1,0,0,0,0,0,-1,0,0,0,0,0,0,-1,0,0,0,0,0,-1,0,0,0,0,0,1,0,1,0,0,0,0,0,1
3938,0,1,0,0,0,0,0,1,0,1,0,0,0,0,0,0,0,-1,-1,1,0,0,0,0,0,-1,0,0,0,0,1,-1,0,0,-1,0,0,0,1,0,1,0,-1,0,-1,1,0,1,0,0,1,0,0,0,-1,0,0,0,0,0,0,0,-1,1
3939,0,0,-1,0,0,0,0,0,1,0,1,0,0,0,0,0,-1,1,0,0,0,0,0,0,0,0,-1,0,-1,0,-1,1,0,0,1,0,-1,0,0,0,1,0,-1,0,0,1,0,0,0,0,0,0,0,0,0,0,1,-1,0,0,-1,0,0,1
3940,0,0,0,-1,0,0,0,-1,0,0,1,0,-1,0,-1,0,0,0,-1,0,-1,0,0,0,0,0,0,0,0,1,0,-1,1,0,0,0,0,0,-1,0,0,1,0,1,-1,0,1,0,0,-1,-1,1,0,0,1,0,0,0,-1,0,0,0,1,0
3941,0,-1,0,-1,0,-1,1,0,0,-1,1,0,0,0,0,0,1,0,-1,0,1,-1,0,1,0,-1,1,-1,0,0,0,0,0,0,1,0,0,0,0,0,0,0,1,1,0,0,0,0,0,0,0,0,0,1,1,1,0,0,0,-1,-1,0,-1,0
3942,1,1,0,0,0,0,0,0,0,0,-1,0,0,-1,1,0,0,-1,1,1,1,0,1,1,0,0,0,0,0,0,0,1,-1,1,0,0,0,-1,-1,0,0,0,0,0,0,0,0,-1,0,0,0,0,0,0,0,0,0,-1,1,1,0,0,0,0
3943,0,-1,-1,0,0,1,0,0,0,1,-1,0,1,0,1,1,0,0,-1,0,0,0,1,0,0,0,0,0,-1,1,1,0,1,0,0,0,-1,1,-1,0,0,0,0,-1,0,0,0,0,0,0,-1,-1,-1,0,0,0,0,0,1,0,-1,0,0,1
3944,0,0,-1,0,0,0,0,0,-1,0,1,-1,0,0,1,1,0,1,-1,0,0,0,0,0,0,0,-1,0,-1,0,0,0,-1,-1,0,0,0,0,-1,0,-1,1,0,0,-1,-1,0,0,0,0,0,0,1,0,0,-1,0,0,-1,0,0,0,0,0
3945,0,0,0,0,0,0,0,0,0,0,0,-1,0,1,0,0,0,-1,0,0,0,0,-1,1,1,1,-1,1,0,0,0,0,0,0,0,0,0,0,1,0,0,0,-1,1,0,0,-1,0,-1,0,0,1,0,0,-1,0,0,-1,0,1,0,0,0,0
3946,0,0,0,1,0,0,-1,0,0,1,0,0,0,0,0,1,0,0,0,0,0,-1,0,-1,0,0,0,-1,0,0,0,-1,-1,0,0,0,0,-1,-1,0,1,0,-1,0,0,1,-1,0,0,-1,-1,0,0,0,0,0,0,-1,1,-1,0,1,0,0
3947,0,0,-1,-1,-1,-1,0,0,0,-1,-1,0,-1,0,0,0,0,0,0,0,0,0,0,0,0,0,0,0,0,0,0,1,1,1,0,0,0,0,0,0,0,0,0,0,0,-1,0,-1,0,1,0,0,1,0,0,0,0,0,1,0,0,0,0,0
3948,0,0,1,0,1,0,1,0,0,0,-1,1,0,0,0,0,-1,0,0,0,0,0,0,-1,1,0,1,0,0,0,0,1,0,0,0,0,0,0,-1,0,1,0,0,-1,0,-1,0,1,0,0,0,0,0,0,0,0,0,0,-1,0,0,-1,0,1
3949,0,0,0,0,0,1,0,-1,0,0,0,0,0,0,0,0,0,0,0,0,1,0,1,-1,-1,-1,0,0,0,1,0,-1,0,0,0,0,0,-1,0,0,1,0,0,1,-1,1,0,1,1,1,0,0,0,0,1,0,0,0,0,1,0,-1,0,0
3950,1,1,1,0,0,0,0,1,0,1,1,0,0,1,1,-1,0,0,1,0,0,0,1,-1,0,-1,1,0,0,-1,1,-1,1,0,0,0,-1,0,0,1,1,-1,1,1,0,0,0,-1,0,0,0,0,0,0,0,1,0,0,0,-1,0,0,0,1
3951,0,0,-1,1,0,-1,0,0,0,1,0,0,0,0,0,0,0,0,0,1,0,1,0,0,0,0,0,0,-1,0,0,0,0,-1,1,0,0,0,0,0,-1,0,0,0,0,-1,0,0,-1,0,0,0,-1,0,0,0,0,-1,0,0,0,0,-1,0
3952,-1,1,0,0,0,0,-1,0,0,0,0,0,-1,0,1,0,0,1,0,0,0,0,-1,0,1,0,0,1,0,0,0,0,0,0,0,0,0,0,0,0,-1,0,0,1,-1,1,0,1,1,0,0,-1,1,1,0,0,1,-1,1,0,0,1,-1,0
3953,1,0,0,0,0,0,-1,0,0,0,0,0,0,0,1,0,0,0,0,0,0,-1,0,1,0,0,0,0,0,0,0,0,0,0,0,1,0,-1,0,0,0,0,0,0,0,0,0,0,0,0,0,0,0,0,0,-1,0,1,-1,1,1,0,1,0
3954,0,0,1,-1,-1,0,0,1,1,-1,0,0,0,0,0,0,-1,0,1,0,0,-1,0,-1,-1,-1,0,0,1,1,-1,0,1,1,0,0,1,0,0,-1,0,1,0,0,0,-1,1,0,0,1,1,0,0,0,0,0,0,1,-1,0,-1,-1,-1,-1
3955,0,0,0,0,0,0,-1,1,0,-1,1,0,1,0,-1,0,0,-1,1,0,-1,1,0,0,0,0,-1,0,-1,0,1,1,0,1,0,-1,-1,0,-1,-1,0,0,1,0,0,1,-1,1,0,0,-1,0,0,0,1,0,0,0,0,0,0,1,0,0
3956,0,0,0,1,0,0,0,0,0,0,0,1,0,0,0,-1,0,0,0,0,0,0,1,1,0,1,0,1,0,0,0,1,-1,0,0,-1,0,0,1,0,-1,0,0,0,0,0,0,0,-1,0,1,0,0,0,0,-1,-1,0,1,-1,1,0,0,0
3957,-1,-1,1,0,-1,1,0,0,0,-1,-1,0,-1,0,-1,-1,0,0,0,0,0,-1,0,1,1,1,-1,0,0,-1,0,0,0,-1,0,0,0,0,1,1,0,0,0,-1,0,0,0,1,1,0,0,1,0,0,0,0,1,-1,0,-1,0,0,1,0
3958,0,1,0,0,0,0,0,0,0,0,-1,0,-1,1,0,1,1,-1,0,0,0,0,0,1,0,0,0,0,-1,0,0,-1,0,-1,-1,-1,0,0,0,0,0,1,-1,1,0,0,0,0,0,-1,0,1,1,0,0,0,0,0,0,0,0,1,0,0
3959,0,0,0,1,0,0,0,1,1,0,0,0,0,0,0,0,0,-1,1,0,1,1,0,1,-1,1,-1,1,-1,0,0,0,0,0,0,0,1,0,-1,0,0,0,1,0,0,-1,0,0,0,1,0,0,0,0,0,0,1,1,1,0,-1,0,-1,0
3960,-1,0,1,0,0,0,1,0,-1,-1,-1,1,1,0,0,0,0,0,-1,0,0,0,0,0,0,1,0,0,0,1,1,0,0,0,0,-1,-1,0,0,-1,0,-1,-1,-1,0,0,0,0,0,0,-1,-1,0,1,0,0,1,1,1,0,1,0,0,1
3961,0,0,0,0,0,1,0,1,0,-1,0,0,0,0,0,0,1,0,-1,0,0,-1,0,1,1,1,0,0,0,1,0,1,0,1,0,0,0,-1,0,0,1,-1,-1,1,0,0,-1,0,0,0,0,0,0,-1,0,1,-1,0,0,1,0,0,0,-1
3962,0,0,0,0,0,0,1,0,0,0,0,1,1,0,-1,0,-1,-1,-1,0,-1,0,0,1,0,0,1,0,0,0,0,0,0,-1,-1,0,0,0,0,0,0,0,0,0,0,0,0,-1,0,0,0,0,-1,-1,0,-1,1,0,0,0,1,0,0,0
3963,0,0,0,1,0,0,0,0,0,0,0,0,0,1,0,1,0,-1,0,-1,-1,0,0,0,0,0,0,0,0,0,1,-1,-1,1,-1,0,-1,0,0,1,0,0,0,0,0,-1,0,-1,0,-1,0,0,0,0,0,0,0,0,-1,0,1,0,0,0
3964,-1,0,0,1,0,-1,0,1,0,0,0,0,-1,0,1,0,0,-1,0,1,0,0,-1,0,0,0,0,0,0,0,0,-1,0,0,0,0,0,0,0,0,0,0,-1,0,1,-1,0,0,0,0,0,0,0,1,0,1,0,0,1,0,0,1,0,0
3965,1,-1,0,0,1,0,0,1,0,0,0,1,0,1,0,-1,0,0,1,1,-1,0,-1,1,1,0,-1,0,1,0,1,0,0,0,0,1,0,0,0,0,0,0,1,0,0,0,0,1,0,0,0,0,0,-1,0,-1,0,1,1,1,0,-1,1,0
3966,0,0,1,0,0,0,0,0,1,1,1,0,0,-1,-1,-1,1,0,0,-1,0,0,0,1,1,0,-1,1,0,0,1,-1,1,0,1,1,0,-1,0,0,0,1,0,0,0,0,-1,1,0,0,1,0,0,-1,1,0,0,0,1,0,1,-1,0,0
3967,-1,0,0,1,0,0,0,0,1,0,0,-1,0,0,0,0,0,0,0,-1,0,1,0,0,0,0,1,0,1,-1,0,-1,0,0,-1,0,0,0,-1,0,0,-1,0,0,0,-1,-1,0,0,-1,-1,0,0,0,0,0,0,0,0,0,0,0,-1,0
3968,0,-1,-1,0,1,-1,1,0,0,0,1,-1,0,1,0,0,0,0,0,0,-1,-1,0,0,0,0,0,0,-1,0,0,1,1,0,0,0,0,0,1,1,1,0,0,0,1,1,1,-1,0,0,1,1,0,0,0,-1,0,-1,0,1,-1,0,-1,0
3969,0,-1,0,0,0,0,1,0,0,0,0,0,1,0,0,0,0,0,0,0,-1,-1,0,0,0,0,0,0,0,0,0,0,-1,0,0,0,1,0,0,0,0,0,0,1,0,0,0,0,0,0,-1,0,0,0,0,0,-1,0,1,0,-1,0,0,1
3970,1,-1,0,0,0,0,1,-1,0,0,0,0,0,0,0,1,0,0,0,-1,0,0,0,0,1,0,0,0,0,1,0,0,0,0,0,0,0,1,1,0,0,0,0,0,-1,0,0,0,0,-1,1,0,0,0,0,-1,0,1,0,1,1,0,0,1
3971,0,0,0,0,-1,0,0,0,1,1,1,1,0,1,-1,1,0,0,1,0,0,0,0,0,0,0,-1,1,0,-1,0,1,-1,0,0,0,0,1,0,0,0,1,-1,1,0,0,-1,0,0,-1,0,0,0,0,0,0,0,0,0,0,0,0,0,0
3972,1,0,0,-1,-1,0,0,0,0,-1,0,0,0,0,0,0,0,0,0,1,-1,0,0,0,0,0,0,0,1,1,-1,1,0,0,0,0,0,0,-1,-1,0,0,0,0,0,1,-1,0,1,0,-1,1,0,0,0,0,1,0,-1,0,1,0,0,-1
3973,0,0,0,0,0,1,0,0,1,0,1,0,0,1,0,0,-1,0,0,0,-1,0,0,0,0,0,-1,-1,-1,0,0,0,0,0,1,-1,0,-1,-1,0,1,0,0,0,0,0,-1,-1,-1,1,0,0,-1,0,0,0,0,-1,0,1,1,0,0,0
3974,0,1,0,0,1,-1,0,-1,0,0,0,-1,-1,0,0,0,0,1,-1,-1,1,0,0,1,0,0,0,0,0,0,1,0,0,-1,0,0,-1,0,0,0,0,0,-1,1,0,0,-1,0,1,1,0,1,-1,-1,0,-1,-1,-1,0,-1,-1,0,-1,-1
3975,0,1,0,0,0,0,0,0,1,-1,0,0,0,1,0,0,0,0,0,0,1,1,1,-1,-1,0,0,0,0,0,-1,0,0,0,0,0,0,-1,1,0,0,0,0,0,-1,0,-1,1,1,0,0,-1,0,0,0,-1,0,1,1,0,0,1,-1,0
3976,0,0,0,0,1,0,0,-1,0,0,1,0,0,1,-1,-1,0,0,0,0,0,0,1,0,1,0,1,0,0,-1,0,-1,0,1,-1,0,1,1,-1,-1,0,1,0,0,0,1,0,0,0,0,0,0,1,0,0,1,0,0,0,0,-1,-1,0,1
3977,0,1,0,0,0,0,0,1,0,0,1,0,0,-1,0,0,1,1,-1,0,0,0,0,0,1,0,0,0,0,1,-1,-1,0,0,0,0,0,0,0,0,1,0,0,0,1,0,1,0,0,1,-1,0,0,0,0,1,0,-1,0,0,0,1,-1,1
3978,0,0,0,0,0,-1,0,0,0,-1,1,0,0,0,-1,0,0,-1,-1,0,0,0,1,-1,1,0,0,-1,0,-1,0,-1,0,0,1,-1,-1,-1,0,0,0,0,0,-1,-1,0,0,0,0,0,-1,1,0,0,-1,1,-1,0,1,0,0,0,-1,0
3979,0,-1,0,0,0,-1,1,0,0,1,-1,0,0,0,0,0,0,1,0,-1,0,0,0,-1,0,0,1,0,0,0,0,-1,0,0,0,0,-1,0,1,-1,0,0,-1,0,0,0,0,0,0,0,0,-1,0,0,1,0,0,0,0,0,0,0,1,-1
3980,1,0,1,0,0,0,-1,0,0,0,-1,1,1,0,0,0,0,0,0,-1,0,1,0,1,0,-1,0,0,0,-1,-1,0,-1,0,1,-1,1,0,0,0,0,0,1,0,0,0,0,0,0,1,0,0,0,0,1,0,0,0,1,1,0,0,0,0
3981,1,1,0,0,1,0,0,-1,0,0,1,1,0,1,0,0,0,0,0,-1,1,1,-1,0,-1,1,1,0,0,1,0,1,-1,-1,0,0,-1,0,-1,0,-1,0,0,1,0,0,0,0,0,0,0,1,0,0,0,0,0,1,0,0,0,-1,1,0
3982,0,0,0,-1,0,1,-1,1,-1,0,0,0,0,-1,-1,0,0,0,0,0,-1,0,0,0,-1,1,0,0,0,0,0,0,1,0,-1,0,-1,0,-1,0,-1,0,-1,0,0,0,1,0,0,0,0,0,0,0,0,0,0,0,0,0,1,-1,0,0
3983,1,0,0,0,0,0,0,0,0,0,0,1,1,-1,0,0,0,0,0,1,0,-1,0,1,0,0,-1,0,0,1,0,0,-1,0,0,0,0,0,0,-1,-1,0,-1,-1,0,0,0,0,0,0,0,-1,1,0,0,0,0,0,0,-1,1,0,1,0
3984,0,0,1,0,0,1,0,0,0,0,1,0,1,0,0,0,0,-1,0,0,0,-1,1,1,0,0,0,-1,1,-1,0,1,0,0,0,-1,0,-1,-1,1,0,0,-1,0,0,-1,0,0,0,0,0,0,0,0,0,-1,0,0,0,0,1,-1,0,0
3985,0,0,1,-1,0,0,0,0,0,1,0,0,1,0,0,0,1,-1,0,0,0,0,0,1,0,0,-1,0,0,0,0,0,-1,-1,-1,0,0,0,0,0,0,0,-1,0,0,0,0,0,1,0,0,-1,0,0,-1,0,0,0,-1,1,0,0,0,0
3986,0,0,0,0,0,0,0,0,-1,1,0,-1,0,-1,0,0,-1,1,0,-1,0,1,0,-1,1,0,1,0,0,0,-1,0,1,0,-1,0,0,-1,0,1,0,0,0,0,0,0,0,0,0,0,-1,0,0,1,0,0,0,0,-1,1,0,1,0,0
3987,0,1,1,0,0,-1,0,1,-1,0,0,1,0,0,0,0,0,1,0,-1,0,1,0,0,0,0,0,0,0,-1,0,1,0,0,-1,0,0,0,0,0,1,1,0,0,1,-1,-1,0,0,1,1,0,0,0,1,0,0,0,1,0,0,-1,-1,-1
3988,1,0,-1,1,0,0,0,0,-1,0,1,0,1,1,-1,1,1,0,1,0,0,0,0,0,0,0,0,-1,0,0,0,1,0,0,-1,0,0,-1,1,0,0,0,1,-1,0,0,1,0,-1,0,0,-1,0,1,0,-1,0,-1,0,-1,0,0,-1,1
3989,0,0,1,0,0,1,0,0,0,1,0,1,0,-1,0,0,1,0,0,0,0,0,0,1,0,-1,0,1,0,0,0,0,0,0,0,-1,1,1,0,0,-1,-1,0,1,-1,0,0,0,0,0,0,0,0,0,0,0,0,0,1,0,0,0,0,0
3990,1,1,0,0,0,0,0,1,-1,0,0,1,1,0,-1,0,1,0,0,0,0,0,0,1,0,1,0,0,0,0,0,0,1,-1,0,0,0,-1,0,0,0,0,0,0,-1,-1,0,0,0,0,1,0,0,0,-1,0,0,0,0,0,1,0,1,0
3991,1,0,1,1,0,1,0,0,0,0,1,0,0,1,0,0,1,0,0,0,1,1,0,0,0,0,1,0,0,0,0,0,-1,0,0,1,0,-1,-1,1,0,0,0,0,1,0,0,0,0,1,0,1,0,-1,1,0,0,0,1,-1,0,0,0,-1
3992,-1,0,0,0,1,0,-1,0,1,0,-1,-1,1,1,0,0,1,0,-1,0,0,0,0,1,0,1,0,0,1,0,1,0,0,0,-1,1,0,0,-1,0,0,0,0,0,0,0,0,-1,0,0,0,0,0,-1,1,0,0,0,-1,0,0,0,-1,1
3993,0,0,1,1,-1,0,0,0,0,1,-1,0,0,1,0,-1,-1,0,-1,0,0,0,0,0,0,0,0,1,0,0,-1,0,0,1,0,0,0,0,0,0,1,0,1,1,0,0,0,0,0,1,-1,1,0,0,0,0,0,0,-1,0,0,1,0,0
3994,0,1,0,0,0,0,0,0,0,-1,0,0,0,1,1,-1,0,1,0,0,1,0,0,0,0,0,-1,0,1,-1,0,1,0,1,0,1,0,0,0,0,0,0,0,0,0,1,0,0,0,0,1,0,1,0,0,0,0,-1,0,0,-1,0,1,0
3995,-1,0,0,0,1,1,-1,0,1,0,-1,0,0,1,0,-1,-1,1,1,-1,1,-1,0,-1,0,0,-1,0,0,-1,0,0,0,0,0,0,1,0,0,0,-1,-1,-1,-1,0,0,0,0,-1,0,0,0,-1,0,0,0,0,0,0,0,-1,0,0,0
3996,0,0,-1,-1,0,1,0,0,1,1,0,-1,0,-1,1,0,0,-1,0,-1,1,0,0,0,-1,1,0,0,-1,1,-1,0,0,-1,0,0,0,1,0,1,0,0,1,1,0,-1,-1,0,0,0,-1,0,0,0,0,0,0,0,0,-1,0,1,0,0
3997,0,-1,0,0,0,1,0,0,1,0,0,1,0,1,0,0,-1,0,-1,-1,-1,-1,0,0,0,0,0,1,1,-1,0,1,1,0,0,-1,0,0,1,0,0,-1,1,-1,0,-1,0,0,0,0,-1,0,0,0,1,-1,0,0,1,0,0,-1,0,0
3998,0,1,-1,1,0,-1,0,0,0,0,0,-1,1,0,1,-1,0,1,-1,-1,-1,0,-1,1,-1,0,0,0,0,0,-1,0,0,1,0,0,0,0,0,1,0,0,-1,0,0,-1,-1,0,-1,0,0,1,1,0,0,0,0,0,0,-1,0,-1,0,1
3999,0,0,1,0,-1,0,0,0,1,0,0,0,1,0,0,-1,0,-1,1,-1,0,0,0,0,0,-1,-1,1,1,0,0,1,0,0,1,0,0,1,-1,0,0,0,-1,0,1,0,0,0,0,1,0,-1,0,-1,1,0,0,1,1,0,0,0,1,0
4000,1,0,0,0,0,0,0,0,-1,0,0,0,1,0,0,0,0,0,0,-1,0,0,0,0,0,1,0,0,0,0,-1,-1,0,0,0,-1,0,-1,0,0,0,1,1,0,1,0,0,0,0,0,0,0,0,0,0,0,0,0,0,0,1,-1,1,-1
4001,0,-1,0,0,1,0,0,0,0,-1,0,0,0,0,0,0,0,1,0,1,0,0,1,0,0,0,1,-1,0,-1,1,0,0,0,0,0,0,0,0,0,0,-1,0,-1,0,-1,0,0,1,0,-1,1,0,0,-1,0,0,-1,0,1,0,0,0,1
4002,0,0,0,-1,0,0,1,1,-1,0,1,-1,0,-1,1,0,0,0,1,1,-1,0,-1,-1,-1,0,0,0,1,0,1,1,0,0,0,0,0,-1,0,0,0,0,0,0,-1,0,0,0,1,0,0,0,0,0,1,1,0,0,1,0,0,0,1,1
4003,0,1,0,0,1,0,0,0,-1,0,0,-1,0,0,0,1,0,1,1,-1,0,1,-1,0,0,0,0,0,-1,0,0,0,-1,0,0,1,0,0,0,0,0,0,0,0,0,0,-1,0,0,0,0,1,0,0,0,1,0,1,0,0,0,0,0,0
4004,1,0,0,0,0,0,1,0,1,0,0,1,0,0,0,0,0,0,0,1,0,0,0,0,0,1,0,0,-1,-1,0,0,-1,1,0,1,0,1,-1,0,0,0,0,0,0,-1,0,0,0,0,0,1,0,0,0,-1,-1,1,0,0,-1,-1,1,0
4005,0,0,1,0,0,0,0,0,-1,-1,1,0,-1,-1,-1,0,0,0,-1,-1,0,-1,0,-1,0,-1,0,0,-1,-1,1,-1,0,0,-1,1,0,0,-1,0,0,0,0,0,0,0,1,0,0,1,0,0,1,0,-1,-1,0,0,0,1,0,0,0,1
4006,0,0,0,0,0,1,-1,0,0,1,0,0,0,0,-1,-1,1,1,-1,0,-1,0,1,0,-1,0,-1,0,0,-1,1,0,1,0,0,0,0,0,-1,-1,0,-1,0,0,0,0,0,0,1,-1,0,0,0,0,0,0,0,0,0,1,0,0,1,0
4007,0,-1,0,0,1,-1,-1,0,0,0,0,0,-1,-1,0,0,-1,0,0,-1,0,0,0,0,0,0,0,0,0,0,0,-1,-1,-1,0,1,-1,0,0,0,0,1,0,0,0,0,-1,0,0,0,0,0,0,0,0,0,0,0,0,0,0,1,0,1
4008,0,0,0,1,0,-1,0,0,0,-1,0,0,0,0,0,1,0,1,1,0,0,1,1,0,0,1,1,0,1,-1,-1,1,0,-1,1,0,0,-1,0,0,1,0,0,0,0,0,0,1,-1,0,1,0,1,-1,0,0,1,0,0,0,-1,0,0,0
4009,1,-1,0,1,1,-1,0,1,1,0,0,0,0,-1,0,-1,0,0,1,0,0,0,0,1,0,0,0,0,0,0,0,0,0,-1,0,0,0,0,0,-1,0,0,0,0,0,0,1,1,0,1,0,0,0,1,0,0,0,0,0,-1,0,-1,0,0
4010,-1,0,0,0,0,0,0,0,0,1,1,0,0,0,0,1,-1,0,0,0,0,0,1,1,-1,1,0,0,1,0,-1,0,0,0,0,0,0,-1,0,-1,1,0,0,1,0,-1,1,0,0,0,0,0,0,1,0,-1,-1,0,1,-1,0,1,-1,0
4011,0,1,1,0,0,-1,0,0,0,0,0,0,0,0,0,1,0,1,-1,0,0,0,0,-1,-1,0,0,-1,0,1,0,0,0,0,-1,0,0,1,0,1,0,0,0,0,0,0,0,1,1,1,0,0,0,-1,1,0,0,-1,0,0,0,0,-1,0
4012,0,0,0,0,0,0,0,0,1,0,0,0,0,-1,-1,-1,0,0,0,-1,0,0,0,0,1,0,0,0,1,0,0,0,0,0,1,0,-1,0,0,1,-1,0,-1,0,-1,0,1,0,-1,0,0,0,0,1,0,0,0,1,0,1,-1,0,-1,0
4013,1,0,0,1,0,-1,-1,-1,0,1,0,0,-1,0,0,0,1,-1,-1,0,1,0,-1,0,-1,0,0,0,1,-1,0,1,0,0,0,0,0,0,0,0,1,0,-1,0,0,0,0,1,0,0,0,0,-1,1,0,0,0,0,0,0,0,0,0,-1
4014,0,0,0,0,1,0,0,0,0,0,0,0,0,0,0,-1,-1,1,0,0,0,1,-1,0,0,0,0,1,-1,0,0,0,1,0,0,0,1,0,-1,0,1,0,1,-1,0,0,0,0,0,1,0,0,0,0,0,0,0,0,0,0,1,0,0,0
4015,0,1,0,1,-1,-1,1,-1,0,0,1,-1,0,1,0,-1,0,-1,0,0,-1,0,0,-1,0,0,0,0,-1,0,0,0,0,0,1,0,0,-1,0,0,0,1,-1,0,1,1,1,1,0,0,1,1,0,-1,0,-1,0,1,1,0,0,-1,0,0
4016,0,0,0,0,0,0,-1,0,-1,0,0,0,0,0,0,0,0,0,1,0,0,-1,0,0,0,0,0,-1,-1,0,0,0,0,0,0,0,0,0,0,0,0,0,0,1,0,0,0,0,1,0,0,-1,0,0,0,0,0,0,1,-1,0,0,0,0
4017,0,0,0,-1,-1,0,-1,1,-1,0,0,1,-1,-1,0,0,0,0,0,-1,1,0,0,1,0,0,0,-1,0,1,1,1,1,1,-1,0,1,0,1,1,0,0,0,-1,-1,0,0,1,-1,-1,0,0,0,-1,0,1,0,0,0,1,-1,0,0,0
4018,-1,1,0,1,0,0,-1,-1,1,-1,0,0,0,0,0,1,0,0,-1,0,0,-1,0,0,0,-1,0,0,1,0,1,1,1,0,-1,0,1,0,-1,0,0,0,0,0,0,-1,0,1,0,-1,0,0,-1,0,0,0,1,0,-1,0,0,1,0,0
4019,0,0,0,-1,-1,0,0,-1,1,0,0,0,0,0,0,0,-1,0,-1,0,0,0,0,-1,0,-1,1,0,0,0,0,-1,0,0,0,-1,0,0,0,1,1,0,0,1,0,0,0,0,0,-1,0,-1,1,-1,-1,-1,0,0,0,1,0,0,1,0
4020,0,-1,1,0,-1,0,1,0,0,0,0,0,0,-1,0,0,0,0,0,0,0,0,0,0,0,0,0,0,0,0,1,0,0,0,0,0,-1,1,0,1,0,0,0,0,1,1,0,1,0,1,0,0,0,-1,0,0,0,0,0,0,0,1,0,0
4021,1,0,-1,0,1,-1,1,0,0,-1,1,0,-1,-1,0,-1,0,1,-1,0,-1,0,1,1,-1,0,0,1,0,0,0,0,-1,0,0,0,1,0,0,0,0,0,0,0,-1,0,0,0,0,0,0,0,1,0,0,0,0,-1,-1,0,0,0,-1,-1
4022,0,0,0,0,0,0,0,0,0,0,1,-1,0,1,0,0,0,0,0,0,0,0,0,1,0,-1,0,1,0,0,-1,0,0,0,1,0,1,0,-1,0,0,0,-1,0,1,-1,0,0,1,1,1,0,0,0,0,0,1,0,0,0,0,1,0,-1
4023,0,0,0,0,0,0,-1,0,-1,-1,0,1,0,0,-1,0,-1,-1,0,0,0,-1,0,0,-1,0,0,0,0,0,0,-1,0,0,0,0,0,0,-1,0,-1,0,1,1,-1,1,0,0,0,0,0,-1,0,0,0,-1,0,0,0,0,1,0,0,1
4024,-1,1,0,0,0,1,0,0,0,0,0,0,0,-1,-1,0,1,0,0,0,-1,1,0,0,0,-1,1,0,1,1,1,0,0,0,0,1,1,0,0,0,1,0,0,0,1,0,0,0,1,0,0,0,0,1,0,0,0,1,0,1,0,1,1,0
4025,0,1,0,-1,1,0,0,1,0,0,0,0,0,0,0,0,-1,-1,0,0,0,0,1,0,-1,-1,0,-1,0,0,0,0,0,0,0,0,1,0,-1,-1,0,0,0,0,1,-1,0,0,0,0,0,0,0,-1,0,0,0,1,0,-1,1,1,-1,1
4026,0,1,0,1,0,0,0,-1,0,0,0,0,0,1,-1,0,0,0,0,0,0,0,1,-1,-1,0,0,0,0,1,0,0,1,-1,0,0,1,0,-1,0,-1,0,1,0,0,0,0,0,-1,0,1,0,-1,0,1,0,0,0,-1,0,0,0,0,0
4027,-1,0,0,0,1,0,-1,-1,1,-1,0,0,1,0,-1,-1,0,0,0,0,1,0,-1,0,1,0,0,0,0,0,1,1,0,1,0,1,0,0,0,0,-1,-1,0,0,0,-1,1,-1,0,1,0,-1,-1,1,0,-1,0,0,0,0,0,0,0,0
4028,0,0,-1,0,1,0,-1,0,0,0,0,1,0,-1,0,0,0,1,0,0,1,0,-1,-1,1,0,-1,1,0,-1,0,-1,0,0,0,0,0,0,0,0,0,0,0,0,0,0,0,0,0,1,1,0,0,0,0,0,0,0,-1,0,0,-1,0,-1
4029,0,-1,-1,0,0,-1,0,0,0,1,0,0,0,1,0,0,0,-1,-1,0,0,0,1,0,-1,-1,0,0,0,0,0,0,0,0,-1,0,0,0,0,0,1,-1,-1,1,0,0,-1,0,0,0,-1,-1,1,0,1,0,0,-1,0,0,0,-1,0,0
4030,0,0,0,0,-1,-1,-1,0,-1,0,0,-1,1,0,0,0,0,0,0,0,0,0,0,0,-1,0,0,0,-1,-1,0,0,0,0,0,0,0,0,1,0,0,0,1,0,0,0,0,0,0,0,0,0,0,0,0,-1,-1,-1,0,0,0,0,1,1
4031,0,0,1,0,-1,0,0,0,1,0,0,0,-1,0,1,0,0,0,-1,-1,0,0,0,-1,0,0,-1,0,1,0,0,-1,1,1,-1,0,0,-1,0,0,0,0,0,1,-1,-1,0,-1,-1,0,-1,-1,1,0,0,0,1,1,1,0,1,0,0,0
4032,1,0,0,0,-1,0,0,0,0,1,0,-1,0,-1,0,0,0,0,0,0,0,0,0,0,1,0,0,-1,-1,-1,0,0,0,1,1,0,0,-1,0,0,0,-1,0,-1,0,0,0,0,1,-1,0,0,0,0,1,0,0,0,0,1,0,0,-1,-1
4033,1,-1,0,0,0,0,0,0,1,0,0,1,-1,0,0,0,-1,0,-1,0,0,0,0,0,0,0,0,-1,0,1,0,0,-1,0,-1,0,0,0,-1,0,0,0,-1,-1,0,1,0,0,1,0,0,0,0,0,0,1,0,0,0,1,0,0,0,0
4034,-1,0,0,0,-1,0,0,-1,0,0,0,1,0,0,0,0,0,0,-1,0,0,0,1,0,0,0,0,0,1,-1,-1,0,1,-1,0,0,0,0,0,0,0,0,0,0,0,0,1,0,1,0,1,0,-1,0,0,1,1,0,-1,0,0,-1,0,0
4035,0,-1,-1,0,1,-1,0,1,1,-1,0,0,1,1,0,0,-1,0,0,0,0,0,-1,1,0,1,0,0,0,1,0,0,0,0,0,1,1,0,0,0,0,0,1,0,1,0,0,0,0,0,1,0,0,0,1,0,0,0,0,0,0,0,0,0
4036,0,1,0,0,0,0,0,-1,0,1,0,0,-1,1,-1,0,-1,0,0,1,1,1,0,0,0,-1,-1,0,0,0,0,0,0,0,0,1,0,-1,0,0,0,-1,0,0,0,0,1,0,0,0,0,0,0,-1,0,1,1,-1,0,1,-1,0,0,0
4037,0,0,0,-1,0,0,-1,0,1,-1,0,0,0,0,1,0,0,0,0,-1,1,0,0,0,-1,0,1,0,0,1,-1,0,-1,0,0,0,0,0,0,1,0,0,0,0,-1,0,0,0,0,0,-1,0,0,-1,1,1,-1,0,1,0,1,1,-1,1
4038,1,1,0,1,0,-1,0,-1,-1,-1,-1,-1,0,0,0,1,0,0,1,-1,0,-1,0,1,0,0,1,-1,0,-1,0,0,1,0,0,0,0,-1,-1,0,0,0,0,-1,1,1,0,0,0,0,1,-1,0,-1,0,0,0,0,0,0,1,0,1,1
4039,1,0,1,0,0,0,-1,0,0,0,-1,1,-1,-1,0,0,0,1,-1,0,1,0,0,1,0,0,0,0,0,1,-1,0,1,-1,0,0,-1,-1,1,1,0,0,0,0,0,1,0,0,0,-1,1,0,0,0,0,0,0,1,0,-1,-1,0,0,0
4040,-1,-1,0,0,1,0,0,0,0,0,0,1,0,1,-1,0,0,0,-1,0,0,0,0,1,0,0,-1,0,0,0,-1,1,-1,0,0,0,0,1,1,1,0,-1,1,0,0,-1,0,0,-1,0,0,0,0,0,0,0,0,0,1,-1,-1,1,-1,0
4041,0,1,0,0,1,-1,-1,0,0,0,0,0,0,0,0,0,1,1,0,0,-1,0,0,0,-1,0,1,0,0,0,0,-1,0,-1,0,0,0,0,1,0,0,0,0,1,0,-1,0,0,0,1,1,0,-1,0,1,0,1,-1,1,0,0,0,1,0
4042,0,1,0,-1,-1,0,0,0,-1,1,1,0,1,-1,0,1,-1,1,-1,1,1,0,0,0,0,-1,1,0,0,0,-1,0,-1,0,0,-1,-1,0,-1,0,0,1,-1,0,0,0,0,0,0,0,0,0,1,0,0,0,0,0,1,1,0,0,0,0
4043,0,0,0,-1,0,0,0,-1,1,0,0,-1,0,1,1,0,0,0,-1,-1,0,0,0,0,0,-1,-1,0,0,1,0,0,0,-1,0,1,0,0,1,1,0,1,-1,0,0,0,-1,-1,0,0,-1,-1,0,1,1,1,-1,-1,1,0,0,0,1,0
4044,-1,0,1,-1,0,1,0,-1,0,0,0,0,-1,0,0,0,0,0,-1,0,-1,1,-1,1,1,0,0,0,0,0,1,0,0,0,1,0,1,0,0,-1,0,-1,1,0,1,0,0,-1,0,0,0,0,0,0,0,0,0,-1,0,0,1,1,0,1
4045,0,1,1,0,0,0,-1,0,-1,0,1,1,0,-1,-1,-1,0,-1,-1,0,0,0,1,0,-1,1,0,-1,0,0,0,1,0,1,-1,1,-1,0,-1,0,0,1,0,0,0,1,1,0,0,1,0,-1,1,1,0,-1,0,0,-1,0,0,0,1,0
4046,0,0,-1,0,0,0,0,-1,0,0,0,-1,0,0,1,0,0,0,0,0,-1,0,0,0,-1,0,-1,-1,0,0,0,0,-1,-1,0,0,0,0,-1,0,1,0,0,0,-1,0,0,0,0,0,0,0,0,0,0,0,-1,0,0,0,0,-1,0,0
4047,0,1,1,0,0,1,0,0,0,0,0,1,-1,0,-1,0,0,0,0,1,0,0,0,0,-1,0,1,0,-1,-1,0,-1,0,0,0,0,-1,1,-1,0,0,0,0,1,1,-1,1,0,0,1,-1,0,0,0,0,1,0,0,1,-1,0,0,0,0
4048,0,0,-1,0,0,0,1,-1,0,0,0,0,1,0,0,0,0,0,1,0,0,1,1,1,1,0,0,0,-1,0,-1,-1,0,0,0,0,0,-1,1,0,0,-1,-1,0,0,0,0,1,0,0,0,0,0,1,0,0,0,1,0,1,0,0,0,0
4049,0,0,1,0,0,-1,0,1,0,0,0,-1,0,1,0,1,-1,-1,1,1,-1,-1,1,0,0,1,0,0,0,1,1,0,-1,-1,0,1,0,-1,0,-1,0,1,0,0,0,-1,1,0,0,-1,-1,1,0,0,0,0,0,0,0,-1,0,0,-1,1
4050,0,0,0,0,0,0,0,-1,0,0,0,0,1,-1,-1,-1,0,0,0,0,0,0,0,0,0,0,0,0,-1,-1,0,0,0,1,-1,-1,0,0,-1,1,0,0,0,1,0,0,0,-1,1,0,1,0,1,0,1,-1,1,0,-1,0,0,-1,0,1
4051,0,0,0,0,0,0,0,0,0,-1,-1,0,0,0,0,1,1,0,1,1,-1,1,-1,0,0,0,1,0,0,0,-1,0,0,0,0,0,0,0,1,1,-1,-1,-1,1,0,1,1,0,0,1,0,-1,0,-1,1,0,1,0,0,0,0,0,0,0
4052,0,0,0,0,0,1,1,0,-1,0,0,-1,0,0,0,-1,0,1,-1,0,-1,0,0,0,-1,-1,1,0,-1,0,0,0,0,0,-1,0,0,1,0,0,0,-1,0,0,1,0,0,0,0,-1,1,0,1,0,0,1,0,0,0,-1,0,0,-1,0
4053,0,0,0,-1,1,0,0,1,0,0,0,0,1,0,0,0,0,0,0,0,0,-1,0,0,0,0,0,-1,0,1,0,0,0,1,0,0,0,-1,0,0,0,1,1,1,0,1,0,0,0,1,1,0,0,0,-1,-1,0,-1,0,0,0,1,0,1
4054,0,0,0,0,0,-1,0,0,0,0,0,0,1,0,0,0,1,0,-1,0,0,0,-1,-1,-1,0,0,0,0,-1,0,0,0,0,0,0,0,0,0,0,0,0,0,0,0,0,0,-1,0,0,0,0,1,0,1,0,0,1,0,0,0,0,0,0
4055,0,1,1,0,0,0,0,-1,0,0,1,0,-1,0,-1,-1,0,-1,0,0,0,0,0,1,0,0,0,0,0,1,-1,-1,0,0,0,0,1,0,0,1,0,-1,-1,0,0,0,1,0,0,0,-1,0,0,-1,0,0,0,1,-1,0,0,0,0,0
4056,0,0,0,0,1,0,1,0,0,0,0,0,-1,0,0,0,1,0,0,0,-1,0,0,1,0,0,1,-1,0,-1,0,1,0,0,1,0,0,0,0,0,0,0,0,0,-1,1,0,0,0,0,0,1,1,0,0,0,0,0,-1,0,0,0,0,-1
4057,0,0,1,1,0,0,-1,0,0,0,1,1,0,-1,0,0,1,-1,-1,0,1,0,-1,0,0,1,0,-1,1,-1,1,0,0,0,0,0,0,0,0,0,0,1,0,0,0,0,0,0,0,0,-1,1,0,0,1,1,0,0,0,0,0,0,0,-1
4058,0,0,0,0,-1,1,-1,0,0,-1,0,0,0,0,1,0,0,0,0,0,0,0,0,1,1,0,-1,0,0,1,0,0,0,0,1,-1,-1,0,0,1,-1,0,0,1,-1,0,0,1,0,0,0,0,0,1,1,-1,0,1,0,-1,0,1,1,0
4059,0,0,-1,0,0,0,-1,1,0,-1,0,0,0,0,0,-1,0,0,-1,0,0,0,0,-1,-1,0,0,0,1,-1,1,-1,1,0,1,-1,-1,0,0,0,-1,-1,0,-1,0,0,0,0,0,1,0,1,-1,0,0,0,1,0,0,1,0,-1,0,0
4060,-1,1,0,0,-1,0,0,0,0,0,0,-1,0,0,-1,0,0,0,0,1,0,0,1,0,0,0,0,0,0,0,0,0,0,-1,0,0,0,0,-1,0,0,0,-1,0,0,1,-1,-1,0,-1,1,0,1,-1,-1,0,-1,-1,0,1,0,-1,0,0
4061,0,-1,0,0,1,1,-1,0,-1,1,1,0,-1,0,1,0,0,0,0,-1,-1,1,0,-1,0,0,0,1,1,0,0,0,0,0,0,0,-1,-1,0,0,-1,0,-1,1,0,0,0,-1,0,-1,0,1,0,0,0,0,-1,0,0,0,0,0,-1,-1
4062,0,0,0,0,1,0,0,0,0,0,0,0,0,0,1,0,-1,0,0,0,0,0,0,1,0,0,0,0,0,0,0,0,0,0,0,-1,-1,0,0,1,0,0,0,1,0,-1,0,0,0,0,1,-1,0,0,0,0,1,1,0,0,0,0,0,0
4063,1,0,0,0,0,1,0,1,-1,0,-1,1,0,0,-1,-1,0,1,0,0,1,0,0,1,-1,0,0,0,1,0,0,0,-1,0,0,0,1,0,-1,1,0,0,-1,0,0,0,-1,1,0,-1,0,1,0,0,0,0,0,0,0,-1,-1,0,0,0
4064,0,0,0,0,-1,-1,0,0,0,0,0,1,1,0,0,1,0,1,0,0,0,1,0,0,0,1,0,1,0,0,0,0,0,0,0,1,0,0,0,-1,0,0,-1,0,0,0,0,0,0,1,1,0,0,-1,-1,1,0,1,0,0,1,0,0,1
4065,0,-1,-1,0,1,0,0,1,0,-1,0,0,0,1,0,-1,-1,0,0,0,0,0,0,0,0,-1,0,0,1,0,1,0,0,0,0,-1,1,-1,0,-1,-1,0,1,0,0,0,0,0,0,0,1,-1,0,-1,1,0,-1,0,0,1,0,0,0,0
4066,-1,0,0,0,0,-1,0,1,0,0,1,-1,0,0,0,0,1,0,-1,0,-1,0,0,-1,0,-1,0,0,0,0,0,0,1,0,1,0,0,0,0,0,0,0,1,0,-1,0,1,0,0,0,1,0,0,0,0,0,1,0,1,-1,0,0,0,0
4067,-1,0,0,0,0,0,0,0,1,-1,-1,0,0,1,1,-1,0,1,0,-1,0,1,0,0,0,0,0,0,-1,0,0,-1,0,-1,0,0,0,1,0,-1,0,0,0,0,0,1,-1,0,1,0,0,0,0,0,0,0,-1,0,0,1,0,1,-1,-1
4068,1,0,0,0,-1,0,-1,0,-1,1,0,-1,0,0,0,0,0,0,0,0,0,0,-1,1,-1,1,0,0,0,1,-1,0,0,0,0,-1,-1,0,0,1,-1,1,0,0,0,-1,0,0,1,0,0,0,0,0,1,1,1,0,1,0,1,0,0,1
4069,0,0,-1,-1,0,0,0,0,-1,0,1,-1,0,1,0,0,0,0,0,0,0,0,0,0,0,0,0,0,0,-1,0,1,0,-1,0,1,0,0,0,0,0,0,0,1,0,0,0,0,1,0,0,0,-1,-1,0,-1,-1,0,0,0,0,0,0,0
4070,0,0,0,0,0,0,0,-1,0,0,1,0,0,0,0,0,0,-1,0,0,-1,-1,1,0,-1,0,0,0,0,0,0,0,0,0,-1,0,0,0,0,0,0,1,0,0,1,0,0,-1,-1,0,1,0,-1,-1,0,1,-1,0,0,0,1,0,-1,1
4071,0,1,0,0,1,0,-1,0,1,0,0,0,-1,0,0,0,0,0,0,-1,1,-1,0,-1,0,-1,-1,0,0,-1,-1,0,0,0,0,1,0,0,0,0,0,0,0,0,0,0,0,1,0,0,-1,0,0,0,0,0,0,1,0,0,0,0,0,0
4072,0,0,0,-1,0,0,0,0,0,0,0,-1,0,-1,1,0,0,0,0,0,1,0,0,1,1,0,0,0,0,1,-1,0,0,1,-1,0,0,0,1,0,0,0,0,0,0,0,0,0,0,0,1,0,0,1,0,0,1,0,1,1,0,1,0,0
4073,0,0,0,0,1,0,0,0,0,0,0,0,0,-1,0,0,0,0,0,-1,0,0,0,1,1,0,1,0,0,0,0,-1,0,0,-1,-1,0,0,-1,-1,0,0,1,0,0,0,0,-1,1,-1,0,0,-1,0,0,0,0,0,1,0,-1,0,0,0
4074,-1,0,0,0,1,0,1,1,0,0,0,-1,-1,0,-1,0,0,0,0,0,-1,0,0,-1,-1,0,0,0,1,0,-1,0,0,0,0,1,-1,-1,1,0,0,0,1,1,0,0,0,0,-1,-1,0,1,-1,0,1,1,0,0,0,-1,0,0,0,0
4075,0,0,1,1,0,0,0,-1,0,0,0,0,0,-1,1,0,-1,1,0,-1,0,0,0,0,-1,1,0,0,0,0,0,1,-1,0,0,0,0,0,0,0,0,0,1,0,0,0,0,0,1,1,0,-1,-1,0,0,0,0,0,0,1,1,0,0,0
4076,-1,0,0,0,0,1,-1,0,1,0,0,-1,-1,-1,0,0,-1,0,0,0,0,0,-1,-1,-1,0,0,0,1,0,0,0,0,0,0,0,0,0,0,-1,1,0,1,1,1,1,1,-1,-1,-1,1,0,-1,0,0,-1,0,0,0,1,0,0,0,-1
4077,0,0,0,0,0,0,0,0,1,1,0,0,0,0,0,0,0,0,-1,1,0,1,-1,0,0,-1,-1,1,0,-1,0,0,0,0,0,-1,0,0,1,0,0,0,0,-1,0,0,1,0,0,0,0,0,-1,0,0,0,0,0,0,0,0,1,0,0
4078,0,0,0,0,0,1,0,0,0,0,0,0,0,0,0,-1,0,0,0,0,0,0,-1,0,0,0,0,0,0,0,0,0,0,-1,0,1,0,0,0,0,0,1,0,1,1,0,0,-1,0,1,0,0,0,0,0,0,-1,-1,0,0,0,-1,-1,0
4079,1,1,0,0,0,-1,0,0,0,-1,0,1,1,0,-1,1,0,0,-1,0,-1,1,0,-1,1,0,-1,0,0,1,0,0,1,0,0,-1,1,1,0,0,-1,0,0,-1,0,0,-1,0,-1,0,0,0,0,0,0,0,0,1,0,0,-1,1,0,0
4080,-1,0,0,-1,-1,0,-1,0,0,0,0,0,0,1,0,1,0,0,0,0,-1,0,1,0,0,0,0,1,0,0,0,0,-1,0,0,-1,0,1,0,0,0,-1,0,-1,-1,1,0,-1,0,-1,0,1,0,0,0,0,0,1,1,0,0,0,0,1
4081,0,0,-1,0,0,1,0,0,0,-1,0,-1,0,-1,0,1,0,-1,1,0,0,0,0,1,0,0,0,-1,0,0,1,-1,0,0,0,0,1,0,1,0,0,0,-1,0,0,-1,0,0,0,0,0,0,0,0,0,1,0,1,0,-1,0,0,0,0
4082,1,0,0,0,-1,0,0,1,1,-1,0,0,0,0,0,0,0,0,0,0,-1,0,1,0,0,0,0,0,0,0,0,0,0,-1,0,0,-1,0,0,-1,0,-1,-1,-1,0,0,-1,-1,0,0,-1,0,0,0,0,1,1,0,0,0,0,0,1,-1
4083,0,0,-1,0,-1,1,1,0,1,0,0,0,0,0,0,1,0,0,1,0,1,0,-1,1,0,1,1,0,0,0,-1,0,0,0,1,1,-1,0,0,0,-1,0,-1,0,0,-1,1,0,0,1,0,0,0,0,0,-1,0,1,0,0,1,0,0,0
4084,0,0,1,0,1,0,1,0,0,-1,0,0,0,1,0,0,1,0,0,1,1,0,-1,0,1,0,0,0,0,0,0,0,0,0,0,0,1,-1,0,0,-1,1,0,0,0,1,0,0,0,1,-1,-1,1,0,-1,0,1,0,0,-1,0,0,0,0
4085,1,0,0,0,0,0,0,0,0,0,0,1,1,-1,0,0,0,0,0,0,0,0,0,1,0,1,0,0,-1,-1,1,0,0,-1,1,0,0,0,0,0,0,1,1,1,0,0,0,0,0,0,0,0,0,0,1,1,1,1,1,1,0,-1,-1,0
4086,0,0,0,0,0,0,1,0,0,-1,0,0,0,0,-1,0,0,1,-1,-1,0,0,-1,0,0,0,1,0,0,0,0,1,-1,0,0,0,0,0,1,0,0,0,0,0,0,1,0,0,0,0,0,0,0,0,0,0,0,0,0,-1,0,0,0,-1
4087,0,-1,0,-1,0,0,0,1,-1,0,-1,0,0,0,0,0,0,0,0,0,0,0,0,0,-1,0,-1,0,0,-1,0,0,0,0,-1,0,1,-1,0,0,0,1,0,1,-1,0,-1,0,0,0,0,0,-1,-1,1,1,0,0,-1,-1,1,-1,-1,0
4088,0,-1,0,0,0,0,0,1,0,0,0,-1,0,-1,0,0,0,0,-1,0,1,0,0,0,-1,0,0,0,0,0,-1,0,0,-1,-1,1,0,1,-1,-1,0,0,0,0,0,1,0,-1,-1,0,-1,0,0,0,0,0,0,0,-1,0,1,0,-1,1
4089,0,0,0,0,0,0,0,0,0,0,1,0,0,1,0,1,-1,0,0,0,0,0,0,-1,-1,0,-1,-1,0,0,0,0,-1,0,1,-1,1,0,0,0,0,1,0,0,0,0,0,-1,0,0,0,1,-1,0,0,0,0,0,0,0,0,0,0,0
4090,-1,0,0,0,0,0,0,0,-1,0,0,0,0,1,0,0,-1,0,0,0,0,0,0,-1,0,-1,1,1,0,0,0,0,-1,0,-1,-1,0,1,0,0,0,0,1,0,1,0,0,1,0,0,0,-1,-1,1,1,0,-1,-1,0,-1,0,1,0,0
4091,-1,0,0,-1,0,-1,-1,0,0,1,0,-1,0,0,1,0,0,-1,1,0,0,0,0,0,0,1,0,0,0,0,-1,0,0,0,1,0,0,-1,0,0,0,0,1,0,0,0,1,0,0,0,-1,-1,0,0,0,-1,0,-1,1,-1,1,0,-1,-1
4092,-1,0,0,0,-1,0,1,0,1,0,0,0,1,0,0,0,1,-1,0,-1,0,0,1,0,1,-1,0,1,0,0,0,0,0,-1,1,0,-1,1,0,0,0,1,0,-1,0,1,-1,0,-1,0,0,0,0,0,-1,-1,1,0,0,0,0,1,-1,0
4093,0,0,0,0,0,0,1,0,0,1,0,0,0,0,0,0,1,1,0,0,0,0,0,0,0,1,0,-1,0,0,0,0,-1,0,0,0,0,0,0,1,0,0,1,0,0,0,0,-1,0,0,0,1,0,1,0,0,-1,-1,0,1,0,1,0,0
4094,-1,0,0,0,0,0,0,0,0,-1,0,-1,0,-1,0,0,0,0,0,0,-1,0,0,1,0,-1,1,0,0,0,0,0,0,0,0,0,0,0,0,0,0,0,-1,-1,-1,1,0,1,0,0,0,0,-1,0,-1,0,0,1,0,1,-1,0,0,0
4095,0,-1,0,-1,0,0,0,0,-1,0,0,-1,0,0,0,0,0,0,0,0,-1,0,0,1,-1,0,1,0,0,0,1,0,0,0,0,0,0,0,0,0,0,0,0,0,0,0,0,1,0,0,0,0,0,0,1,0,0,-1,0,0,0,0,1,0
