PEAK,0,1,2,3,4,5,6,7,8,9,10,11,12,13,14,15,16,17,18,19,20,21,22,23,24,25,26,27,28,29,30,31,32,33,34,35,36,37,38,39,40,41,42,43,44,45,46,47,48,49,50,51,52,53,54,55,56,57,58,59,60,61,62,63
0,-82,60,-85,-198,-8,8,29,188,-32,-9,-27,-26,47,22,-30,18,63,-11,164,53,-132,-2,-57,-21,5,30,88,23,-94,-58,-222,-38,150,-35,11,25,-50,-32,-10,-104,60,18,-90,-17,-221,179,-88,-13,11,49,36,21,-62,121,-7,-16,-106,21,31,19,-8,-8,-124,131
1,35,-96,-90,16,-113,3,-12,89,36,17,56,76,-68,102,12,111,14,14,-103,24,-76,8,-160,-7,-67,-33,35,-104,106,-42,1,4,148,-90,139,-23,16,48,-33,17,3,5,20,79,77,-62,-13,36,-23,-74,-1,32,70,6,-16,64,74,24,81,17,-16,-48,-4,18
2,-8,30,-123,-119,81,9,-10,-12,0,-131,127,-42,100,8,106,-11,46,78,19,17,110,-58,-156,-30,-135,50,-70,26,-40,-50,26,122,108,25,240,-12,38,162,14,55,238,38,33,167,-23,-4,122,-38,-57,-34,17,93,34,-34,-46,-135,-40,12,88,70,56,-16,70,135
3,-28,59,-114,-49,14,-48,-21,-96,36,-100,68,35,39,51,47,-84,11,-76,-56,71,-63,-88,-68,-144,-96,16,-18,106,-92,35,-17,-12,60,-27,10,-94,10,-117,-25,-27,-179,65,44,121,54,12,-171,18,-24,44,-22,-32,-53,-5,-6,15,51,3,16,-9,13,27,-84,-16
4,-75,32,4,-56,-52,90,-49,15,10,10,-23,4,24,23,-114,26,-27,-47,94,26,-69,-12,180,62,41,57,-6,44,0,-100,35,-50,129,41,-164,-144,18,-88,-22,6,-22,-72,1,60,204,-22,58,26,24,-33,2,-26,63,21,-36,86,22,-10,76,6,123,14,117,-119
5,0,-144,39,-62,66,-40,90,27,10,68,-30,-16,47,-100,-18,33,-7,18,40,10,92,95,-6,54,91,-71,-56,42,-17,-3,-22,-30,-58,-15,-52,69,-47,30,40,6,-2,9,-24,-40,-142,42,-48,80,-10,76,-8,-96,56,134,-1,-30,-158,84,-65,-17,-5,-73,-43,86
6,-15,100,-28,82,-62,104,33,120,-87,-26,78,-10,30,-3,27,-75,-82,105,2,22,26,16,-112,17,70,-40,-156,120,10,52,-37,32,31,48,35,-24,62,-16,41,25,-46,31,-17,-4,44,-51,106,-6,-17,-26,6,-10,73,-7,-8,111,17,25,-17,-47,38,38,40,25
7,56,9,73,-104,107,64,-40,229,-30,107,-136,-37,-168,-12,-40,32,-49,14,-10,-42,-156,43,1,-13,-28,20,-32,39,15,-63,25,-148,42,96,44,40,-3,-81,110,-15,-50,-50,36,-23,5,-45,175,60,22,-28,-10,-2,118,-59,-64,-44,306,-57,-82,20,5,46,-42,100
8,-3,34,41,-164,170,76,16,-26,87,61,-119,-55,137,-46,10,18,10,-47,138,7,90,103,94,-60,-29,48,-7,58,12,-58,76,-9,90,68,-122,31,-50,-14,44,-14,97,74,24,-99,-63,-18,45,113,24,5,52,-206,-59,-46,0,-140,-7,31,-48,-1,-44,58,112,29
9,-45,-126,4,34,-26,-53,54,-4,-57,-68,31,-46,125,38,26,-21,-39,6,-118,-32,30,27,-94,54,58,-125,17,-126,102,59,36,-101,18,-109,90,103,58,48,14,68,-32,-64,-86,74,12,48,66,-52,31,108,40,18,42,-30,18,-13,-86,-94,-15,-88,-21,-20,-109,-20
10,148,19,-54,2,62,-56,-74,117,75,-48,-127,40,-97,22,133,-54,-11,57,36,-37,54,-22,86,-35,-109,-9,-200,11,77,102,33,-119,-251,104,188,0,-11,-80,201,0,48,-59,-60,-60,49,72,-16,-90,10,66,48,3,19,-64,-1,161,45,-46,-24,-24,-18,74,-44,8
11,-97,104,286,41,-11,-65,84,-100,-22,-43,94,14,308,83,92,-68,-6,-108,-4,-97,-86,-74,9,24,-54,-22,98,89,-3,-21,51,-5,26,-17,-29,-62,36,-35,-170,-7,-80,23,-92,65,230,114,23,-120,-77,40,88,48,-65,-27,10,-24,45,-44,47,-8,65,-1,-249,96
12,18,-108,-17,-20,71,-2,33,-29,-72,65,21,-23,-162,-28,28,112,-68,-14,-54,2,-20,48,14,30,11,-64,94,-4,-14,-101,-24,88,110,-37,-270,61,41,44,-84,-42,25,140,169,105,-18,-146,25,169,53,-62,-40,106,44,76,-18,-100,-32,10,-88,-12,12,-14,81,-103
13,108,14,12,124,32,-16,8,-26,69,-47,31,-70,135,42,37,-1,-41,-85,126,5,162,-40,-24,-56,-108,109,1,0,-60,34,145,34,-56,-33,-13,-29,21,-30,-63,-53,-105,119,-11,1,-46,68,-93,-108,-15,-81,-47,68,-96,-104,-34,188,6,4,-52,36,-42,68,-81,-54
14,32,-50,61,45,-2,49,11,38,2,-44,77,-11,151,39,50,41,-22,-11,-98,-50,58,-55,-115,69,19,-36,-106,46,112,73,273,-83,34,19,354,-60,11,-21,94,50,52,-157,-67,-148,36,42,145,52,-10,64,48,-87,112,-63,-108,8,160,0,23,-29,50,54,21,164
15,138,-28,-158,26,-13,58,11,56,107,44,-54,-43,-67,47,-30,16,-16,-2,-21,2,15,98,-284,-76,-45,97,104,-87,-10,-88,102,100,128,31,-76,40,31,70,-11,-32,-58,68,-87,113,30,-68,-192,-2,-53,-55,-60,-70,151,-52,-7,9,50,43,40,9,-91,40,112,-116
16,65,13,18,26,51,36,19,14,-38,-48,-44,-31,208,6,56,-64,51,-3,28,-59,86,13,-2,28,14,16,-68,20,42,42,135,-88,-63,43,305,34,32,-26,-2,42,120,23,-111,-41,37,96,-15,-2,-5,92,17,115,78,251,-124,-55,62,-67,24,-34,-29,24,-17,152
17,-3,14,196,92,22,48,32,-66,-102,19,-43,63,-128,52,20,-76,-7,13,62,10,108,30,101,84,-10,-60,-60,79,-98,71,-74,71,-72,102,-34,11,46,-36,-44,-1,-7,27,-24,-54,186,-40,39,-138,-101,-53,66,174,38,113,-15,-91,-289,58,-9,-64,-5,-58,-103,-170
18,-21,6,53,-46,-134,53,49,217,122,-45,45,-10,-112,8,-77,-10,-78,-32,-2,88,-41,36,43,-108,-27,56,-33,-13,-70,-55,168,128,90,-92,128,47,-53,68,-29,-89,156,-4,5,-38,71,58,59,62,48,-4,-17,1,44,8,-81,-104,22,43,20,-30,19,-130,-29,-94
19,81,-4,-19,15,38,73,-6,180,-37,-18,-146,-30,-106,-74,24,3,16,56,-34,8,35,87,-57,-22,-21,43,-96,-104,42,5,-66,-57,-75,189,88,-29,-73,-38,137,-14,-25,-25,1,-58,-66,134,-84,-113,51,-26,-83,8,10,45,-67,50,-50,12,-91,11,-46,68,42,101
20,-54,121,-34,-89,42,84,-13,38,-5,38,30,49,-10,19,-61,-39,39,-15,-22,82,20,-10,94,-108,-69,98,-32,91,-36,-7,-84,184,104,-42,-77,-56,18,-66,-159,-39,18,109,-25,6,-431,14,-41,134,-45,-81,-42,-52,-161,-20,-50,-125,83,-34,82,62,-8,-87,69,-76
21,-68,20,-13,132,-104,-60,8,-91,69,-32,126,-20,-62,48,80,100,-21,-35,-172,19,-204,110,-40,33,27,-124,40,-79,17,-33,2,13,-36,-130,-124,27,51,76,7,-80,-7,-227,34,33,259,-26,15,35,83,43,113,60,-30,-97,116,100,-45,18,-10,-74,75,-18,-39,-15
22,-120,46,-90,44,-143,72,57,106,128,-82,-46,-60,-90,-35,4,-52,-85,60,-28,81,-31,8,-58,97,12,-41,-30,-39,82,-39,-5,99,18,-88,48,-20,2,81,-9,33,3,-112,10,80,58,-38,-34,-65,-10,-52,46,-92,126,-12,34,108,30,81,8,-18,60,-5,43,9
23,-39,156,-110,-18,-61,-9,-20,37,37,-22,109,-90,95,49,43,6,-47,125,-58,2,2,61,-24,-35,-68,-107,-78,69,18,20,-50,142,51,73,47,111,6,6,-38,21,83,32,41,98,67,-52,14,0,38,14,60,-74,84,-48,-22,-42,43,61,55,91,86,-22,106,120
24,-84,68,39,-38,-149,-1,-10,88,83,32,79,11,12,34,-46,0,-14,3,71,56,-142,96,-10,-112,-2,-24,-66,187,-30,-15,-20,6,62,-21,-272,-17,-20,-153,156,-34,-74,45,70,-144,116,-31,-160,-36,-45,-10,0,-44,20,167,29,125,-10,71,-12,5,8,-44,48,-43
25,94,-88,37,72,-43,-10,-14,41,100,48,67,8,45,94,-30,-24,-29,-41,-72,-28,-25,15,82,-92,-105,44,54,33,-38,12,-12,204,92,31,144,2,6,19,-82,7,-90,52,-68,-115,-200,-92,-62,18,-63,-54,-125,14,-6,-65,-63,-19,163,57,52,21,-32,-19,63,-78
26,-5,-2,-116,197,57,27,-25,38,115,-15,-14,-85,20,-32,-8,-130,-99,-84,90,73,-46,-101,182,-16,14,38,88,30,-78,-33,-13,-46,-229,-90,36,19,61,-21,-117,55,-142,-37,7,-2,-4,18,52,-111,-37,14,58,62,33,-144,31,198,62,108,-45,-14,31,6,24,125
27,33,172,22,-2,-31,-30,37,73,17,25,39,24,8,22,-27,69,76,0,122,0,-41,96,-12,-2,95,-8,1,-81,32,-7,-151,-30,50,-31,-135,-2,-97,16,-20,-127,120,77,55,-141,48,-26,-203,-17,33,41,40,-173,-55,157,3,196,-87,-17,-21,72,-60,-57,111,-56
28,127,52,118,82,110,-86,-52,26,99,153,-37,44,-130,-13,48,-55,40,9,-84,-106,-77,16,-82,-52,21,-16,-66,-89,-52,24,-47,11,10,37,105,-2,8,-48,139,43,-121,-129,-22,53,69,-80,-52,16,57,71,-63,-30,136,-198,13,-53,103,-77,-37,-13,-43,-42,-51,100
29,121,12,-72,51,-49,-52,-9,79,-86,-21,-93,30,-156,-116,-75,13,119,30,-4,-27,-199,-26,15,86,79,-46,114,-51,32,39,-66,-325,-14,-18,-4,-60,-23,-2,127,-38,-4,-137,-1,-60,125,-11,-130,-45,-70,42,-9,112,53,22,-24,154,12,5,35,4,-65,-10,63,8
30,46,-140,12,-129,6,-27,41,-122,52,19,-84,6,-57,-14,-25,-35,14,-82,94,-1,92,12,-172,-48,22,-20,152,-111,0,-53,12,124,-18,99,35,60,-81,49,-17,-37,24,-46,-22,48,58,-29,-27,-37,5,-30,-48,-102,65,-62,11,-193,-37,18,-70,-11,-47,82,24,-66
31,-37,58,85,-16,-25,-44,16,133,87,-62,-12,80,35,23,70,-108,3,57,51,-36,-146,-65,-109,-26,30,-37,-64,6,63,-34,-105,-49,50,71,-39,0,12,-70,124,30,-51,-95,-42,26,2,36,8,-102,20,-6,-21,84,-27,68,31,3,-50,7,13,-23,-20,71,-130,104
32,-45,-112,14,-56,-102,-23,-12,-139,-28,22,51,77,152,42,61,96,-27,113,140,-101,-105,79,12,96,103,-56,26,21,214,-31,48,-143,138,9,96,-27,17,-64,77,60,33,1,-71,-14,38,142,38,110,-52,78,-48,36,83,164,-90,68,-130,-84,54,33,-20,36,-1,122
33,-41,85,-23,9,-38,32,-4,100,-25,61,-82,-163,-25,-62,-45,-29,29,57,-24,-50,20,-2,54,-4,-39,61,58,-23,56,18,-83,116,-35,106,-1,46,-26,39,-260,21,-5,138,-39,122,-114,136,34,22,-6,-24,6,-36,-6,112,22,-162,138,15,29,46,10,-24,2,135
34,-47,-26,60,24,118,32,31,-41,-37,-52,118,-58,165,2,-15,-65,-2,-177,-46,9,-3,-131,8,21,-25,13,92,166,-32,34,42,32,-81,-62,-44,-44,85,30,-61,6,22,-28,-87,70,286,-26,60,-65,-7,-14,62,18,41,55,16,-26,-62,86,81,-36,80,6,-42,49
35,-48,-160,19,28,16,-130,-9,98,14,18,-22,1,106,62,2,16,32,77,-24,134,2,28,-46,1,89,30,-63,-14,-66,-36,-108,183,163,-62,278,27,-44,8,-81,33,-4,75,-21,8,-337,14,119,138,81,11,-120,84,47,-144,-36,-116,-76,45,-39,-88,-10,-28,44,-16
36,-80,-106,-149,24,103,67,-35,-72,-141,-45,-61,-61,23,52,8,92,-21,52,-12,51,124,-78,148,154,25,5,-66,-29,-34,47,-89,-207,-46,-50,110,1,7,-38,90,84,-90,7,-27,88,-102,-40,187,-130,16,84,123,-6,17,-22,-32,-168,-38,49,36,-24,68,-4,3,54
37,-4,264,178,42,68,25,40,-167,-33,-47,-155,-30,20,-24,-2,-169,29,7,184,-97,122,-53,36,-30,52,-61,28,34,-142,40,118,-277,-77,71,-61,3,27,-123,-151,-22,-146,-61,-118,-21,166,84,-18,-152,7,74,38,14,-98,-112,30,-27,-208,-87,3,26,-27,54,-192,-26
38,54,-138,-90,-94,-16,37,-115,40,57,59,48,86,4,70,80,94,-74,3,52,47,-3,59,45,-68,42,2,-119,189,101,3,-75,144,89,35,-90,-94,-30,-106,342,-26,-22,110,-20,-34,-97,-12,-105,6,-8,-16,-94,6,50,222,-66,54,99,-27,94,46,-28,13,43,-61
39,-6,-12,-80,-74,-146,-38,54,62,146,-94,28,-18,-138,-52,5,-31,25,13,57,48,43,96,-67,-66,-93,-48,127,-33,0,23,30,72,-2,-32,-25,-4,-30,176,88,-102,100,36,2,-85,-212,-10,-164,-40,-52,-73,-2,-21,22,-34,48,94,24,35,-40,-21,-30,67,13,-128
40,30,31,-21,58,58,114,35,20,3,41,32,-6,-118,60,-5,-30,19,-71,104,0,98,54,-41,49,-24,27,27,-110,-60,-36,67,73,0,68,158,-34,47,104,-125,8,239,-80,38,74,118,-8,28,-60,-82,-87,-4,126,147,29,-113,122,-74,-29,16,55,38,-80,45,-20
41,76,-62,-142,-111,-27,-12,-77,79,-89,70,-57,-106,66,-4,-82,51,15,-33,-75,-95,-132,1,78,10,39,-11,-47,-111,2,-27,-64,-224,-71,57,-112,115,-67,-59,72,-39,-89,54,-50,42,53,14,-28,30,84,118,48,-86,46,88,-26,61,27,-38,-69,5,4,-10,35,8
42,9,172,91,68,-26,-7,32,127,-80,28,12,21,60,74,-63,-57,-2,-11,-36,-83,-79,69,-164,72,127,-69,-50,14,77,61,50,9,78,76,26,52,43,-24,-121,-16,20,-92,-98,-29,52,64,-36,-49,-13,-16,0,60,44,121,12,120,-4,-74,43,-10,14,-54,-67,-8
43,-95,-102,-103,136,-38,23,28,-129,63,-14,12,56,27,121,59,-45,-8,-68,-58,104,-33,-28,240,-38,-81,34,-5,-96,-32,24,-31,176,-152,5,57,-104,-8,21,-106,-19,-29,-5,4,-48,-222,70,62,-60,-24,-20,48,108,8,-68,13,1,-87,-18,23,-45,50,12,-63,-2
44,-97,92,-45,-76,-45,-10,-26,103,-22,-92,-38,26,153,2,30,-38,23,58,-52,2,-97,-26,-32,-50,-12,-4,-25,-36,2,38,-44,-141,14,-50,191,-40,-38,-24,-44,22,24,-42,-38,-50,-60,6,-18,10,-28,13,-38,36,-35,-87,-16,40,46,-36,-50,5,-7,56,21,46
45,-36,-34,3,-161,48,-18,-4,65,15,-53,2,-20,-167,19,48,59,-76,-59,-24,36,-119,-7,-2,2,-97,90,-72,177,6,2,-97,40,-7,13,-281,-9,-16,-70,48,-27,-65,14,40,-57,-100,-18,-113,-84,-60,-47,11,-7,-75,159,-25,-2,138,69,34,-1,32,47,-28,-90
46,41,-26,14,112,59,-6,3,-101,-17,-72,41,29,-20,-8,43,-4,0,-5,187,14,168,-107,-50,155,12,-2,31,95,32,30,3,16,-56,-33,14,-46,43,29,112,-30,262,-13,48,-102,-10,14,-14,-169,-80,-99,14,156,-35,11,38,53,-80,30,82,24,-20,49,99,-10
47,0,9,-161,-161,50,65,-13,-79,-106,-18,-48,27,210,-90,4,21,52,-39,144,-48,-6,-116,64,46,13,-4,-10,-19,64,-66,-152,80,89,-48,137,-58,0,-15,-147,10,66,90,-46,42,-87,100,-65,50,1,79,-6,-56,-28,294,-22,49,-111,-31,7,22,55,14,-38,158
48,62,122,8,-62,36,8,-14,22,-47,7,-3,-17,-13,-16,-69,-73,77,47,104,-85,38,-2,162,76,-46,7,72,-1,-103,2,33,-101,-12,100,-91,84,-15,-33,-36,-76,-14,88,32,4,-48,56,-34,-48,-12,-62,47,89,-80,114,7,-71,-104,-68,-49,63,3,55,-150,-61
49,-17,127,-74,-3,-41,46,69,133,24,-70,23,12,-83,-58,48,-95,-22,-4,38,82,-90,19,-67,62,51,-68,-2,84,10,92,-47,-28,-87,-24,110,1,56,119,-150,-22,22,-145,-20,-99,217,62,-69,29,-30,47,-3,-100,123,11,-22,103,79,-26,-41,8,40,-28,-28,148
50,-106,-82,100,32,-92,38,43,82,-51,-23,193,-54,191,166,96,42,-38,60,28,-44,-49,76,-50,107,3,10,-47,190,113,19,7,-50,84,33,-28,27,-11,-50,-129,130,45,56,22,-22,210,101,2,-6,-118,73,75,-54,-5,276,-126,59,-26,-35,31,-31,73,0,23,12
51,-16,-37,69,39,-81,-45,45,36,96,49,-62,70,-248,-10,38,-98,-88,-44,-43,-124,-36,-4,117,-68,-47,-24,42,15,23,29,-22,-67,-60,1,-63,-47,-3,0,-27,12,-78,119,-1,79,-44,20,-148,-16,-92,-64,-63,166,-9,74,48,-175,54,-2,87,-57,-17,-68,-159,8
52,17,-78,44,16,-28,-77,16,-72,-55,9,-30,-12,-185,9,-19,92,63,-40,-14,31,-70,-12,-88,48,-22,-82,181,-72,-41,9,-98,-101,42,94,-136,-32,-28,74,-5,-102,-21,76,74,-9,6,-56,-160,-10,11,-80,-85,85,43,12,99,55,-39,45,-58,-10,-23,77,-12,-122
53,-73,50,12,-78,-26,48,44,-106,33,-59,26,-3,10,-42,34,35,31,-50,32,78,-8,-36,-25,20,-17,-42,138,-32,2,-55,67,23,-119,-95,-22,92,4,58,-95,-1,78,-223,-8,12,316,-24,-19,-46,10,-60,104,-21,-107,40,-4,48,-135,14,-10,44,63,81,-51,62
54,85,-274,-141,34,-62,-32,42,50,-37,1,16,-51,-58,17,-30,55,14,38,2,16,-4,18,-24,-15,-6,-54,59,-177,-4,-73,-98,64,100,-46,13,37,-58,-12,-107,-30,4,-97,9,24,-152,-30,32,138,46,104,-65,4,-31,89,-91,53,-23,-47,-71,-31,-22,16,47,-67
55,20,72,13,40,113,-52,-55,-78,40,35,91,72,-37,4,13,26,-2,-87,18,-40,-84,-115,70,-3,14,-30,-41,68,-46,-7,-145,153,21,-46,-194,-105,-54,-130,26,-101,-24,17,86,9,6,12,-94,9,51,50,23,-125,-114,78,113,61,6,77,-32,33,28,-45,-42,-31
56,-46,-16,-57,-113,-30,24,-18,-81,-6,-73,37,-9,-171,-18,14,74,-60,56,-56,-4,-79,-22,112,0,-4,-56,48,-92,56,-6,-45,-46,-168,-18,-158,68,-29,87,172,-21,29,36,3,132,138,62,100,28,36,8,92,-153,-28,22,41,-81,-46,36,-36,1,19,4,-33,-114
57,94,-14,0,64,72,-13,-21,-60,-15,5,-64,62,-86,-88,-79,-16,25,-46,31,-42,116,41,-10,44,-27,-11,22,-204,62,-37,-32,162,-81,-11,47,13,38,62,-3,-47,247,-175,53,-76,-55,-34,-46,-52,34,-80,-73,91,-70,-71,37,165,-156,-67,-83,47,-34,7,171,-128
58,-20,-32,36,-100,66,-82,-42,-19,1,22,28,38,-58,2,0,9,-44,76,8,-90,-18,27,4,-61,-35,6,-130,-44,-16,-5,-169,48,-47,-24,-28,24,-24,-22,91,114,-62,-51,-36,130,125,-74,17,-92,30,6,-130,-75,25,24,18,166,-26,-4,14,140,10,-60,-67,-4
59,38,-17,-37,-103,48,26,-84,-76,-5,41,-16,-101,152,20,-116,-20,82,-60,96,-12,63,-192,-100,46,-26,144,-38,-3,-156,-147,-106,38,169,103,104,32,-24,-72,57,-41,-15,52,11,102,47,-102,32,-14,107,-79,-42,54,-16,9,16,-107,74,33,42,-3,19,81,5,22
60,-26,111,106,-88,27,2,15,-72,20,46,34,30,-42,-52,32,-22,-15,10,6,-32,-150,30,-38,-65,2,34,42,126,-53,6,54,100,88,-19,-177,-16,-50,-19,242,-46,95,42,30,-86,102,34,-62,-68,-8,-27,-59,8,8,125,43,-33,-2,-50,-17,-11,-31,-76,-74,-54
61,56,-15,-172,6,-74,36,-130,-60,-24,6,-5,-94,4,58,-18,9,28,18,60,9,-41,14,80,-48,-34,44,-159,32,142,-18,26,-51,106,108,107,37,13,-76,-148,53,-58,43,-95,-3,-12,111,43,92,-8,-36,-10,37,-42,4,-72,132,130,-66,63,45,50,60,94,94
62,71,67,-128,-152,16,47,-74,92,2,100,-49,-66,-73,-67,-24,-10,-3,78,81,15,45,-122,42,52,-37,86,-144,24,-108,-27,-101,146,202,15,-148,14,-81,-119,163,-75,118,104,61,-23,-260,30,-14,-8,40,-86,-58,-24,-82,40,-14,-144,60,-31,22,66,-18,-61,37,71
63,-74,-94,188,166,-68,-34,134,-150,11,-12,96,25,-121,18,60,-44,-87,-9,-138,156,-65,-8,-43,-115,-10,-76,34,-14,-47,-61,-10,310,-80,13,-180,26,30,24,-59,-3,64,-81,74,39,-8,-4,31,-92,-3,14,-91,80,-6,-87,-20,-32,-64,77,48,-6,-20,-69,73,-66
64,0,0,0,0,1,0,0,-1,0,0,0,1,0,0,0,0,1,1,-1,0,0,-1,0,0,0,0,1,0,0,0,0,1,0,0,0,0,0,0,1,0,1,0,-1,0,0,0,1,0,-1,0,1,1,0,0,0,-1,1,1,0,1,0,1,0,0
65,1,0,1,0,0,0,-1,1,0,0,0,1,0,0,0,0,1,1,0,1,0,0,0,0,0,0,-1,-1,0,0,1,0,0,1,0,0,0,0,0,0,0,0,0,0,0,0,0,0,-1,0,-1,0,-1,0,0,0,1,0,0,0,1,0,0,0
66,0,0,0,-1,0,0,0,0,0,1,1,-1,0,-1,0,0,1,0,1,0,0,-1,0,0,0,-1,-1,-1,1,1,0,0,0,0,0,0,0,0,-1,0,-1,1,0,0,0,1,0,0,0,-1,0,-1,0,1,1,-1,-1,0,-1,0,-1,-1,0,0
67,0,-1,0,0,0,0,0,0,0,0,-1,-1,0,0,1,1,0,1,0,1,-1,-1,0,-1,0,1,0,0,0,0,0,0,1,1,0,-1,0,0,0,0,0,0,0,0,0,0,1,0,-1,1,0,0,0,0,-1,-1,0,0,0,-1,0,0,-1,0
68,0,0,1,-1,1,0,0,0,0,0,0,0,0,1,1,0,0,0,-1,0,0,-1,1,0,1,0,0,0,0,0,0,0,-1,0,0,0,0,0,-1,-1,0,0,0,1,0,0,0,-1,-1,-1,0,0,0,1,0,1,0,1,-1,0,0,0,0,0
69,1,1,0,0,0,1,-1,0,0,-1,0,1,0,0,-1,-1,0,0,0,0,1,0,-1,1,0,0,0,0,0,0,-1,0,-1,0,-1,0,0,0,0,0,0,-1,0,-1,0,0,0,0,0,1,0,0,1,0,0,0,-1,0,1,0,1,1,-1,0
70,1,0,0,0,0,-1,0,1,0,-1,0,0,1,0,0,1,1,0,-1,0,-1,0,0,0,0,0,1,0,-1,0,0,0,-1,0,-1,0,1,0,0,1,1,0,0,0,-1,1,0,0,-1,-1,0,0,0,0,1,-1,0,0,0,0,1,0,0,0
71,0,-1,0,0,1,-1,1,0,-1,0,1,0,0,0,1,0,0,1,-1,0,0,0,0,0,1,0,0,0,-1,1,1,1,0,1,0,0,1,1,0,1,-1,0,0,0,0,0,0,-1,0,0,0,-1,0,0,0,0,1,-1,-1,-1,0,0,0,0
72,-1,1,-1,0,1,0,0,1,1,0,0,-1,1,0,1,0,-1,1,0,0,0,0,0,1,-1,0,0,-1,0,1,0,0,-1,0,0,1,0,0,1,0,0,0,0,0,0,0,0,0,1,0,0,0,0,0,0,0,1,-1,0,0,-1,0,1,0
73,0,0,0,0,1,0,0,0,-1,0,0,-1,0,0,0,1,0,-1,0,0,0,-1,-1,0,1,-1,0,0,-1,-1,0,1,0,0,1,1,-1,0,0,0,0,0,-1,0,1,0,0,0,1,-1,0,-1,1,0,0,0,0,0,1,0,0,0,0,1
74,0,0,0,-1,1,0,0,-1,0,0,0,0,0,0,1,0,0,0,0,0,1,0,-1,0,0,0,0,0,-1,1,1,0,0,0,1,0,0,0,1,0,-1,0,0,0,1,1,0,0,1,1,0,0,0,0,1,1,1,0,0,0,0,0,0,0
75,1,0,0,0,0,0,0,0,0,1,1,1,0,1,0,-1,-1,0,0,0,0,0,0,0,0,0,0,0,-1,0,1,0,0,0,0,1,1,0,-1,1,0,-1,1,1,0,0,0,0,-1,0,0,-1,-1,1,1,0,-1,0,0,0,0,0,1,1
76,-1,-1,0,0,0,0,0,-1,-1,0,0,0,0,0,1,-1,0,0,1,0,-1,0,0,0,0,0,0,0,0,0,0,0,0,0,-1,0,-1,0,0,0,0,1,0,0,0,0,0,1,0,1,0,1,0,0,0,-1,0,-1,0,0,0,-1,0,0
77,0,0,1,0,0,0,0,0,0,0,0,0,0,0,0,0,0,0,0,-1,0,0,1,1,0,-1,-1,0,0,1,1,0,0,0,0,0,-1,1,1,1,0,1,0,-1,0,1,0,0,0,-1,0,0,-1,-1,1,0,0,0,0,0,0,-1,0,0
78,0,0,0,0,0,0,0,-1,0,0,0,0,-1,0,-1,0,0,0,-1,0,1,0,0,1,-1,1,0,0,-1,0,0,0,0,1,0,0,-1,-1,1,0,0,0,0,1,0,0,1,-1,0,0,0,0,0,0,-1,0,0,0,0,0,0,0,0,0
79,1,-1,-1,-1,-1,1,0,1,0,1,1,0,0,-1,0,0,0,0,-1,0,-1,0,0,1,0,0,0,0,0,-1,0,1,1,1,0,0,0,-1,0,-1,0,-1,0,0,0,0,0,0,-1,0,0,0,0,0,0,1,0,1,0,1,0,0,0,1
80,0,1,0,0,-1,0,1,0,1,0,0,0,0,0,-1,0,0,0,-1,-1,0,1,0,0,0,0,0,0,1,0,0,0,0,0,0,0,-1,0,-1,0,0,0,0,0,0,0,0,-1,0,0,1,-1,0,-1,0,0,0,0,0,-1,0,0,1,0
81,1,0,-1,-1,0,-1,0,-1,-1,0,0,-1,0,1,1,0,0,1,-1,0,0,1,0,0,0,0,1,-1,1,0,0,0,-1,1,0,-1,0,0,1,0,0,0,0,0,0,-1,1,1,-1,0,0,0,0,0,0,0,0,0,-1,0,0,0,0,-1
82,0,-1,-1,0,0,0,0,0,0,0,0,0,0,0,0,0,0,0,0,0,-1,0,0,0,0,0,0,0,0,0,0,0,0,0,1,-1,0,-1,-1,-1,0,0,0,0,1,1,0,-1,-1,0,0,-1,0,0,0,1,1,-1,0,0,1,0,0,1
83,0,0,0,0,0,-1,0,0,0,1,0,1,0,0,0,1,-1,0,0,0,0,0,-1,0,0,-1,0,-1,0,-1,0,0,0,0,0,0,0,1,-1,-1,1,0,0,0,0,-1,0,0,0,1,0,1,0,-1,0,0,0,0,0,0,-1,1,0,0
84,0,-1,-1,-1,0,0,1,0,-1,1,0,0,-1,0,-1,0,0,0,0,1,-1,0,0,0,0,0,0,-1,0,0,0,-1,1,0,-1,0,0,0,1,0,0,0,0,-1,0,0,0,0,0,-1,0,0,0,0,1,0,0,-1,-1,0,0,0,0,0
85,0,0,1,1,0,-1,0,-1,1,0,1,0,0,0,1,1,-1,0,1,1,0,0,1,-1,0,0,0,0,0,0,0,1,-1,0,1,0,0,0,1,-1,1,0,0,0,0,-1,0,0,0,-1,0,0,0,0,-1,0,0,1,0,1,0,0,-1,0
86,0,-1,0,0,0,0,0,0,0,0,-1,0,0,0,0,-1,1,0,0,0,-1,0,0,0,-1,-1,0,1,-1,-1,-1,0,0,0,-1,-1,0,-1,0,-1,-1,-1,0,0,-1,0,0,0,-1,-1,0,-1,0,0,0,0,0,0,0,0,0,0,-1,0
87,0,0,-1,0,0,0,0,-1,0,0,0,-1,1,0,0,0,0,0,0,0,1,1,-1,-1,0,1,0,0,0,0,0,1,0,0,0,0,0,0,0,-1,-1,-1,0,1,1,0,0,1,1,-1,-1,1,0,1,-1,0,0,1,0,0,0,0,-1,0
88,-1,0,0,1,1,0,0,-1,0,0,0,0,0,0,1,0,-1,0,0,0,0,0,-1,-1,0,0,0,0,0,0,0,0,0,0,0,0,0,-1,1,-1,0,0,-1,0,0,0,0,0,0,0,0,0,0,0,-1,-1,0,-1,-1,1,0,0,-1,-1
89,0,0,0,0,0,1,0,1,-1,0,0,0,0,0,-1,0,0,-1,0,0,-1,0,0,0,1,1,1,1,0,0,0,-1,-1,0,0,-1,1,0,1,0,0,0,0,1,-1,1,0,1,-1,0,0,1,0,0,1,1,1,-1,1,0,0,1,0,0
90,0,1,0,0,0,0,0,0,0,1,0,0,0,0,0,0,0,0,-1,0,0,0,0,0,0,0,1,0,0,0,1,0,0,0,0,0,0,0,0,0,0,-1,1,0,0,0,0,0,0,0,0,1,1,-1,0,0,0,0,-1,0,0,0,0,-1
91,1,1,0,0,1,0,0,1,0,1,0,0,0,1,0,-1,-1,-1,0,0,1,0,-1,-1,1,-1,0,0,1,0,-1,0,0,1,1,-1,1,0,0,0,0,0,1,-1,-1,0,0,1,-1,0,-1,-1,0,0,0,0,0,0,-1,-1,0,0,0,0
92,0,-1,1,1,-1,0,0,0,0,0,-1,0,0,-1,0,0,1,0,0,-1,1,1,0,1,0,0,0,0,0,0,0,-1,0,0,1,0,0,0,0,-1,0,-1,0,1,0,0,1,-1,0,0,0,0,1,0,0,-1,1,0,-1,0,0,0,0,0
93,0,0,0,0,0,0,0,0,0,0,0,0,0,0,0,0,0,0,0,0,-1,1,0,0,0,0,0,0,0,0,0,0,0,0,-1,0,0,0,0,0,0,0,-1,0,0,0,0,-1,1,0,0,1,1,0,0,0,1,1,0,1,0,0,-1,0
94,-1,0,0,0,1,-1,-1,0,0,-1,0,1,-1,0,0,0,0,0,0,-1,0,0,0,0,0,0,-1,0,1,-1,1,0,0,0,0,1,1,0,1,0,-1,0,1,-1,1,1,0,0,0,1,1,1,0,-1,-1,0,1,0,0,0,0,0,-1,0
95,1,0,0,0,0,0,0,0,0,1,-1,0,0,1,0,0,0,0,0,0,1,0,0,1,0,0,1,1,-1,1,1,1,0,1,0,0,0,0,1,-1,0,-1,-1,0,-1,0,-1,-1,-1,1,0,0,1,0,0,-1,0,1,1,0,-1,-1,-1,-1
96,1,0,-1,1,0,0,1,0,0,1,0,0,0,0,-1,1,1,0,0,0,0,0,-1,0,-1,-1,0,1,0,0,0,0,-1,0,1,0,-1,0,1,0,1,0,0,-1,0,0,0,1,0,0,0,0,0,0,0,0,-1,0,0,0,0,0,0,0
97,0,1,1,0,0,0,-1,-1,0,0,-1,0,-1,0,-1,0,0,0,0,0,0,0,0,1,-1,0,0,0,0,1,0,0,1,0,0,0,1,0,0,0,0,0,0,1,0,0,0,0,0,1,0,-1,0,0,0,0,0,0,1,0,0,0,0,0
98,1,0,0,0,0,0,0,1,0,0,0,0,0,0,0,-1,0,0,0,0,0,1,0,0,0,-1,0,0,0,0,1,0,0,0,0,0,0,0,-1,1,0,-1,0,-1,0,1,0,-1,0,1,1,-1,-1,0,0,0,0,1,0,1,0,1,0,0
99,1,1,0,0,0,1,0,0,0,0,0,0,1,0,-1,0,-1,0,-1,0,0,0,0,0,0,-1,0,0,0,-1,0,0,0,0,0,1,0,0,1,0,1,-1,1,-1,0,0,0,-1,0,-1,0,0,0,0,0,0,0,0,0,0,0,1,1,0
100,-1,0,0,1,0,-1,0,1,0,1,0,0,0,1,0,1,0,0,0,0,0,0,0,1,-1,1,0,0,0,0,0,1,0,0,0,0,0,-1,0,1,0,0,-1,1,0,0,1,0,0,1,1,0,1,0,1,0,0,0,0,-1,0,0,1,0
101,0,1,0,0,0,0,-1,0,0,0,-1,0,0,0,0,-1,0,0,-1,0,-1,0,1,1,0,0,0,-1,0,0,0,1,1,-1,-1,1,0,-1,0,0,-1,-1,0,0,0,0,0,0,-1,0,0,0,0,0,0,1,0,1,1,0,0,0,0,1
102,0,0,0,1,0,0,-1,0,1,0,0,0,0,1,0,0,1,0,0,0,1,-1,1,-1,1,0,0,1,-1,0,0,1,0,1,0,0,0,1,-1,-1,0,1,0,0,-1,0,0,-1,0,0,0,0,1,0,0,0,0,1,1,-1,0,1,1,0
103,0,0,-1,0,0,0,0,0,0,0,1,-1,0,0,-1,0,0,-1,0,0,0,0,1,-1,1,0,0,0,1,0,-1,-1,1,-1,1,0,0,-1,1,-1,-1,0,0,0,0,-1,0,1,1,-1,0,0,0,0,0,0,0,1,-1,0,0,0,0,0
104,0,0,0,0,0,0,0,0,0,0,0,0,-1,0,-1,0,0,1,0,1,0,1,-1,0,0,0,-1,0,0,0,1,0,0,0,0,0,0,1,1,0,1,0,1,1,-1,1,0,1,0,0,0,0,-1,1,-1,0,0,0,0,0,1,-1,0,1
105,1,0,0,-1,-1,0,0,0,1,1,0,0,0,0,1,0,0,1,1,-1,0,1,0,1,-1,0,0,1,0,-1,0,0,0,0,1,1,0,0,1,1,0,0,0,1,-1,1,0,0,0,0,0,0,0,1,0,0,-1,0,0,-1,0,0,-1,0
106,-1,-1,0,-1,0,0,-1,-1,1,0,1,0,0,0,0,0,-1,0,-1,0,-1,0,-1,0,1,0,0,0,0,1,0,0,0,1,-1,1,0,0,0,0,-1,0,0,0,-1,0,0,1,1,1,0,1,-1,1,0,-1,0,0,0,0,0,0,-1,0
107,0,0,0,0,0,0,0,-1,0,0,0,1,1,-1,0,1,0,1,0,1,0,0,1,0,0,0,-1,1,0,0,0,1,0,0,-1,0,-1,-1,0,0,0,-1,0,-1,0,0,0,-1,-1,0,0,0,-1,-1,0,0,0,0,1,1,0,0,0,0
108,-1,1,0,0,0,0,0,1,1,0,0,0,0,0,0,-1,1,0,0,-1,1,0,0,0,-1,0,0,-1,0,1,1,-1,0,0,0,0,0,0,-1,0,1,0,0,0,0,-1,0,0,-1,0,0,-1,1,1,0,-1,0,0,0,1,0,0,0,-1
109,0,0,1,1,0,0,0,1,-1,1,0,0,0,0,1,0,0,0,0,1,0,1,0,1,-1,0,0,0,0,-1,0,0,0,0,1,0,0,0,1,0,0,-1,-1,0,-1,-1,0,0,1,1,0,0,-1,0,0,0,1,0,-1,0,1,0,0,1
110,0,1,0,0,0,-1,0,0,0,0,0,1,0,-1,1,0,0,0,-1,0,0,0,0,1,0,-1,-1,1,1,-1,0,0,0,1,0,0,0,-1,0,0,0,-1,0,0,0,1,0,0,0,1,0,1,0,0,0,-1,0,0,0,1,0,1,0,0
111,0,0,0,0,0,0,0,0,0,0,0,0,0,1,0,0,0,0,1,-1,-1,0,0,0,0,0,0,0,-1,0,1,-1,0,0,0,1,-1,0,1,0,-1,0,0,0,0,-1,0,-1,1,-1,1,0,0,0,0,0,0,0,-1,0,0,0,0,0
112,0,-1,0,1,1,0,0,0,1,0,0,-1,0,0,0,0,0,-1,0,1,0,0,0,0,0,0,-1,0,0,0,-1,-1,0,0,0,0,-1,0,0,0,0,1,-1,1,1,-1,0,-1,1,0,0,0,0,0,1,0,0,0,0,0,0,-1,1,-1
113,1,-1,1,0,1,0,0,0,1,-1,0,-1,0,1,0,0,1,1,0,1,0,-1,0,0,0,1,0,0,0,1,-1,-1,0,0,0,1,0,0,0,0,0,0,0,0,0,0,0,0,0,1,1,0,1,0,-1,0,0,0,0,0,0,0,0,-1
114,-1,0,0,-1,0,-1,0,1,0,0,0,0,-1,0,0,0,1,0,0,0,0,0,0,-1,-1,-1,0,0,0,1,0,-1,-1,0,1,0,1,1,0,0,0,0,0,0,0,0,0,-1,0,0,1,0,0,-1,0,0,-1,-1,-1,0,0,-1,1,0
115,-1,0,-1,0,0,0,1,0,0,0,0,0,0,0,0,0,0,0,1,0,0,0,1,0,0,-1,-1,0,0,0,0,0,-1,0,0,-1,1,1,0,0,0,-1,0,-1,-1,0,1,0,0,0,0,1,0,0,0,1,-1,0,1,0,0,0,0,0
116,0,0,-1,0,0,1,1,0,0,0,1,1,0,0,0,0,0,0,-1,-1,1,0,0,1,1,1,0,0,-1,0,0,0,0,1,0,0,0,0,0,1,0,0,1,1,0,1,0,0,0,0,0,0,0,-1,0,0,0,0,0,0,0,0,0,0
117,0,0,1,-1,0,0,0,0,0,0,1,0,1,0,0,-1,0,0,1,0,0,0,0,1,1,0,0,1,1,0,0,0,1,0,0,-1,0,-1,1,0,0,0,1,-1,-1,1,-1,1,-1,0,0,0,0,0,1,0,0,-1,0,0,0,0,0,-1
118,1,0,1,-1,0,-1,-1,-1,0,0,-1,-1,0,0,0,0,0,0,1,1,0,-1,0,0,1,0,1,1,0,0,0,1,0,0,0,0,0,0,1,1,1,1,0,0,0,0,0,0,-1,0,1,1,-1,0,0,0,0,0,0,-1,1,-1,-1,0
119,0,0,0,1,0,0,0,1,0,1,-1,0,0,0,0,0,0,0,0,0,0,0,-1,-1,0,0,0,0,0,0,-1,-1,0,-1,0,0,0,0,-1,0,0,0,0,0,-1,0,0,0,0,0,0,1,0,0,0,0,0,0,0,0,0,0,0,0
120,1,1,0,1,-1,-1,0,1,0,1,0,0,0,-1,0,0,0,0,0,0,0,0,1,0,-1,0,0,0,0,0,0,1,0,1,0,0,0,0,0,1,0,0,0,-1,0,0,0,0,0,-1,1,-1,0,0,0,0,0,0,0,0,0,0,0,-1
121,-1,0,-1,1,-1,0,-1,0,0,0,0,0,0,0,0,0,1,1,-1,1,-1,0,0,0,0,0,0,0,1,1,0,0,0,-1,0,0,0,0,0,0,0,0,0,1,0,0,0,0,0,0,1,0,0,1,0,0,0,1,0,0,0,0,0,0
122,0,-1,0,0,0,0,0,0,0,0,0,0,1,0,-1,0,-1,1,0,0,0,0,1,0,0,0,0,0,1,0,1,0,0,0,0,0,0,0,0,-1,0,-1,0,1,1,0,1,0,0,1,0,0,-1,0,0,0,0,0,0,0,0,0,0,-1
123,0,1,0,0,0,0,0,0,0,-1,0,0,0,0,-1,0,-1,0,1,0,-1,-1,0,0,1,0,0,0,0,0,0,1,0,1,0,0,0,0,0,0,0,0,0,0,0,1,0,0,0,1,1,0,0,0,0,0,0,0,1,-1,-1,0,0,-1
124,0,0,-1,0,0,-1,1,0,-1,0,0,0,0,0,0,1,0,1,1,-1,-1,-1,0,0,0,1,0,0,0,0,0,1,0,0,1,-1,-1,0,0,0,0,0,0,0,0,0,0,0,-1,0,-1,0,0,0,-1,1,1,0,1,0,0,0,0,1
125,1,1,0,1,0,0,0,0,0,0,0,0,0,0,0,-1,-1,0,0,1,0,0,-1,0,0,-1,0,0,-1,1,0,-1,-1,1,1,0,0,0,0,0,-1,1,-1,0,0,0,-1,0,0,1,0,-1,0,0,0,0,0,1,0,0,0,0,-1,1
126,0,0,0,0,0,0,0,1,-1,0,0,1,0,0,0,1,1,0,1,0,0,1,0,0,0,0,0,0,0,0,-1,1,0,0,0,1,-1,0,0,1,0,0,-1,0,1,0,0,0,0,0,0,0,0,1,0,0,-1,-1,0,-1,-1,0,1,-1
127,1,-1,0,0,0,0,0,1,0,0,0,-1,1,1,1,-1,0,0,-1,0,1,0,0,-1,-1,0,0,0,0,0,-1,0,0,0,0,1,0,1,0,-1,-1,0,0,0,0,0,0,0,-1,0,0,0,0,0,-1,1,1,0,-1,0,0,0,0,-1
128,0,0,0,0,0,1,0,-1,0,0,0,-1,0,0,0,1,0,0,-1,0,0,0,0,0,-1,0,0,0,0,0,0,0,0,0,-1,0,0,0,-1,0,0,0,0,1,0,1,-1,0,0,0,0,-1,1,0,1,0,0,0,-1,0,1,0,0,0
129,1,1,-1,0,1,0,1,1,0,0,1,0,0,0,1,0,0,1,0,1,1,0,-1,0,0,0,0,0,-1,0,1,0,0,0,0,0,0,0,0,0,0,0,0,0,0,0,-1,-1,0,1,0,0,0,0,0,1,0,1,1,0,0,0,0,0
130,0,0,0,-1,0,1,-1,0,-1,0,0,0,0,0,0,0,0,0,0,1,-1,1,0,0,-1,-1,0,0,-1,1,0,-1,-1,-1,0,-1,-1,0,0,-1,1,0,0,0,0,0,0,1,0,0,1,0,-1,0,0,0,0,0,-1,1,-1,1,0,1
131,0,1,0,0,-1,0,0,0,1,0,1,0,0,0,0,0,1,1,0,0,0,0,0,0,0,-1,-1,-1,0,0,0,0,0,-1,1,0,-1,0,0,0,0,-1,-1,0,-1,-1,-1,0,0,1,0,0,1,0,-1,0,0,1,0,0,0,1,-1,0
132,0,0,0,0,0,-1,-1,-1,0,0,0,-1,0,1,0,0,1,0,1,0,-1,0,1,-1,-1,0,0,0,0,0,0,0,0,0,1,0,1,0,-1,-1,0,-1,0,0,0,0,0,1,0,0,-1,0,0,0,1,0,0,0,0,0,0,-1,0,0
133,-1,0,1,0,0,1,0,0,0,1,0,0,1,-1,-1,1,0,0,0,0,0,0,0,0,0,-1,-1,0,-1,0,1,0,-1,0,0,0,0,0,0,0,0,1,0,1,1,0,1,0,-1,1,-1,0,0,-1,0,-1,0,1,0,0,0,-1,0,0
134,-1,-1,1,0,0,0,0,0,0,0,0,0,0,1,0,0,-1,-1,0,1,0,-1,0,0,-1,0,0,0,1,0,0,0,0,1,0,0,0,0,-1,0,0,1,0,1,0,0,1,0,0,1,0,0,0,0,-1,0,1,0,0,0,0,0,0,0
135,0,0,0,1,1,0,0,0,0,0,0,-1,0,0,0,-1,0,-1,0,-1,1,0,1,-1,0,0,1,0,1,0,0,0,0,1,0,1,0,1,1,0,0,0,0,0,0,0,0,-1,0,0,-1,1,0,0,1,0,1,1,1,1,0,0,0,0
136,1,0,0,1,0,0,0,0,0,-1,0,0,0,0,0,0,0,1,1,-1,0,0,0,0,-1,0,1,0,0,0,-1,0,1,0,0,0,0,0,-1,0,1,0,-1,0,1,0,0,0,0,0,0,0,0,-1,0,0,0,0,0,0,0,0,0,1
137,0,1,0,0,0,0,0,-1,-1,0,0,0,0,-1,0,0,0,0,1,0,0,1,0,-1,1,1,0,0,0,0,-1,-1,-1,0,0,0,1,0,0,0,0,0,1,0,0,0,-1,-1,0,0,0,0,0,-1,1,-1,0,0,0,0,0,0,0,-1
138,-1,0,0,0,0,0,0,-1,0,0,0,0,1,1,-1,0,0,0,0,0,1,-1,1,0,0,-1,0,0,0,-1,-1,0,0,0,0,1,1,0,0,0,0,0,0,0,0,0,0,0,0,1,0,0,0,0,0,0,-1,-1,0,-1,-1,-1,1,0
139,0,0,0,0,1,0,0,0,0,0,-1,1,-1,1,0,0,0,0,1,-1,-1,0,0,0,0,-1,-1,0,1,0,-1,0,0,0,0,1,0,-1,0,0,-1,0,0,0,0,0,1,0,0,-1,0,0,1,0,1,-1,-1,1,0,0,-1,0,0,0
140,-1,0,-1,1,0,0,-1,0,1,-1,1,0,0,0,0,0,-1,0,0,0,1,1,0,0,1,0,0,0,0,0,1,-1,0,1,0,0,1,0,0,0,-1,0,1,0,1,1,0,0,-1,0,0,0,-1,0,0,0,0,0,0,0,0,-1,-1,-1
141,0,0,1,0,0,0,0,-1,0,0,0,0,1,0,1,0,1,0,-1,0,0,0,1,-1,0,0,0,0,0,0,0,-1,1,0,0,0,0,0,0,-1,-1,0,0,-1,0,1,0,-1,0,0,0,0,-1,0,-1,0,0,0,1,-1,0,-1,0,1
142,0,0,0,1,0,1,1,0,0,1,1,0,0,1,0,0,0,1,0,1,0,0,1,0,-1,0,1,0,1,0,0,0,1,0,0,0,0,0,0,0,-1,0,-1,1,0,-1,0,0,1,0,0,0,0,1,0,-1,0,1,0,-1,0,0,0,-1
143,1,0,0,-1,0,1,0,-1,1,-1,-1,0,0,0,0,-1,0,1,0,0,0,0,1,0,-1,-1,0,0,0,0,0,0,-1,-1,0,0,0,0,0,-1,0,0,0,1,0,0,0,1,1,0,0,1,0,0,0,0,0,1,0,-1,1,0,0,0
144,0,0,0,1,1,-1,0,0,0,0,0,1,1,0,-1,-1,0,0,1,0,0,0,0,0,1,1,0,0,1,0,0,1,0,0,0,-1,-1,0,0,0,0,0,1,0,0,0,0,0,-1,0,0,1,0,0,-1,0,0,0,0,-1,0,1,0,0
145,0,-1,0,1,0,0,1,1,0,-1,0,0,1,0,-1,-1,1,0,0,1,-1,0,0,1,0,0,0,1,0,0,0,1,0,0,-1,-1,0,0,0,0,0,0,0,-1,-1,0,1,-1,0,1,0,0,-1,-1,0,0,0,-1,0,0,-1,1,0,-1
146,1,0,0,0,0,1,0,-1,0,0,-1,-1,1,-1,0,0,1,0,0,1,0,0,1,0,1,0,0,0,0,-1,0,0,0,0,0,1,0,0,0,1,1,0,0,0,0,0,-1,-1,-1,0,0,1,0,0,0,0,0,0,1,0,1,-1,1,-1
147,0,-1,1,1,0,0,0,0,0,-1,1,1,0,0,0,-1,-1,1,0,1,0,0,0,0,-1,0,0,0,0,-1,0,1,0,1,0,0,0,1,0,1,0,1,0,0,0,0,0,0,-1,-1,0,0,0,-1,1,0,0,-1,0,-1,0,0,0,0
148,1,0,-1,1,1,0,0,0,0,0,1,0,1,-1,0,0,0,0,0,0,0,-1,1,0,0,1,0,1,0,0,0,0,1,-1,0,0,-1,1,1,0,0,0,0,0,0,0,0,0,1,0,0,-1,0,1,1,0,1,-1,0,0,0,0,1,0
149,0,0,-1,0,0,1,1,0,1,0,-1,-1,0,0,0,0,0,0,0,0,-1,0,1,0,0,1,0,0,0,0,0,0,0,0,-1,-1,0,0,1,-1,-1,0,0,0,1,0,0,0,-1,0,0,0,0,0,0,0,-1,0,1,0,0,0,0,0
150,0,0,0,-1,0,0,-1,-1,1,1,0,0,0,0,-1,0,0,0,0,0,0,0,1,1,0,0,0,0,0,1,0,1,0,0,-1,0,0,-1,1,0,0,0,0,1,0,0,0,0,0,-1,1,-1,-1,0,1,1,-1,0,0,0,0,0,-1,0
151,-1,0,-1,0,0,0,1,0,0,0,0,0,0,0,1,-1,0,0,0,1,0,0,0,1,0,0,0,-1,0,0,1,0,0,0,0,0,0,0,0,0,0,0,1,-1,0,0,0,-1,0,0,0,0,0,0,1,-1,0,0,0,0,0,0,0,-1
152,1,1,0,0,0,-1,1,0,0,0,0,1,0,0,0,0,0,0,1,0,1,0,0,0,-1,0,0,0,0,-1,-1,1,-1,0,0,0,-1,-1,0,0,0,-1,1,0,0,0,0,0,0,-1,-1,0,0,0,0,0,-1,0,0,-1,1,0,0,0
153,0,1,0,-1,1,0,0,1,0,1,1,0,0,0,0,0,1,0,0,0,0,0,0,0,0,0,1,0,0,0,0,-1,0,-1,1,0,0,0,0,0,0,0,0,0,0,1,1,-1,0,0,0,0,0,0,0,0,0,0,0,0,0,0,-1,1
154,0,0,-1,-1,1,1,0,-1,0,0,0,-1,0,-1,1,1,0,-1,0,1,0,0,0,0,0,1,0,0,1,1,-1,0,0,0,-1,0,-1,0,0,0,1,0,0,0,1,0,0,0,0,1,0,0,-1,1,0,0,1,-1,0,0,1,1,0,0
155,0,-1,0,0,1,0,1,1,-1,1,0,0,0,0,0,1,0,1,0,0,0,1,0,0,0,1,1,0,0,0,1,0,0,0,1,-1,0,1,0,0,0,0,0,1,1,1,1,0,0,0,0,1,-1,-1,-1,0,0,0,-1,0,0,-1,0,0
156,0,-1,-1,0,-1,0,0,0,0,0,0,-1,0,0,0,1,0,0,0,0,1,0,0,0,-1,-1,-1,0,0,0,1,0,-1,0,0,1,0,0,0,1,0,0,0,1,0,0,0,1,-1,1,0,0,0,0,-1,0,-1,-1,1,0,0,0,0,0
157,0,0,1,-1,0,0,0,0,0,0,0,0,1,0,0,0,0,0,1,0,0,0,0,1,0,1,0,1,0,0,0,1,0,0,0,-1,0,0,0,0,0,-1,0,0,-1,0,0,-1,0,0,-1,0,1,0,0,1,0,0,-1,1,-1,0,-1,1
158,0,0,0,1,1,1,0,0,0,1,-1,0,1,-1,-1,0,-1,0,-1,0,-1,-1,0,1,-1,0,-1,-1,0,-1,0,0,0,0,0,-1,0,0,0,0,-1,0,0,-1,0,0,-1,1,0,0,0,0,0,0,0,0,0,1,1,0,0,0,0,0
159,0,0,0,1,0,-1,-1,0,1,0,0,0,0,1,0,0,0,1,0,1,0,0,-1,0,0,0,0,1,0,0,-1,-1,0,-1,1,0,-1,0,0,-1,1,0,0,0,1,0,0,-1,0,0,0,0,0,-1,0,-1,0,0,0,0,-1,0,1,1
160,0,1,0,0,0,0,0,-1,0,-1,-1,0,0,0,-1,0,0,0,0,1,1,0,0,-1,1,-1,0,0,0,0,0,0,1,0,1,0,0,0,-1,0,0,0,0,1,0,0,0,0,0,0,0,0,0,0,-1,-1,1,1,1,0,0,0,0,0
161,-1,0,0,-1,0,0,0,1,-1,1,1,0,1,0,0,0,0,0,0,0,0,0,0,0,1,0,0,0,0,-1,0,0,0,1,1,0,0,0,-1,-1,-1,-1,0,1,0,-1,0,0,0,1,0,0,0,0,-1,0,0,0,0,0,0,-1,-1,0
162,0,1,-1,-1,-1,-1,0,-1,0,0,-1,0,0,-1,0,0,0,-1,0,-1,-1,0,0,-1,0,0,-1,0,0,0,0,0,-1,0,1,1,0,0,1,1,-1,-1,-1,0,0,0,0,0,1,0,0,0,0,0,0,0,0,-1,0,1,1,0,0,0
163,0,0,0,0,0,0,0,0,0,0,-1,0,-1,0,1,-1,0,0,1,0,0,-1,1,-1,0,0,0,0,-1,0,1,0,0,0,0,1,0,0,0,0,1,1,0,0,0,0,-1,0,0,0,-1,0,0,-1,0,0,0,-1,0,-1,0,0,0,0
164,-1,0,0,-1,0,-1,0,0,0,-1,-1,0,0,0,-1,0,0,-1,0,0,0,0,0,0,0,0,0,1,1,0,1,0,0,0,-1,0,0,0,-1,1,0,-1,0,0,0,0,0,1,0,0,0,-1,0,0,-1,1,0,0,0,0,0,1,0,-1
165,0,0,1,0,0,0,-1,0,0,-1,0,0,1,0,1,0,0,1,0,-1,1,-1,0,0,0,1,0,0,0,-1,0,0,0,-1,1,0,1,0,1,0,0,1,0,0,-1,-1,0,0,0,0,0,1,1,0,0,0,1,0,1,0,0,0,0,1
166,0,0,0,0,0,0,0,0,1,0,0,0,-1,0,0,0,0,0,-1,-1,0,-1,0,0,0,1,0,0,0,1,0,0,0,0,-1,1,1,0,0,0,-1,0,0,0,1,-1,0,1,0,0,1,1,1,0,1,0,0,-1,0,-1,0,0,0,0
167,1,0,0,0,0,-1,1,0,0,0,0,-1,-1,-1,0,0,0,0,0,-1,1,0,0,0,1,-1,-1,0,0,0,0,0,0,0,0,1,0,0,0,0,0,0,0,0,0,0,0,0,0,1,0,0,1,0,0,0,0,0,0,-1,0,1,0,0
168,0,0,1,0,0,0,0,0,0,1,-1,0,0,0,-1,-1,0,0,1,0,0,0,0,0,0,0,0,0,0,0,0,1,0,0,0,0,-1,0,0,0,1,0,0,-1,0,0,0,0,0,0,-1,1,0,1,-1,1,0,0,0,1,0,0,0,-1
169,0,0,0,-1,0,-1,0,0,0,1,0,1,1,1,-1,0,0,0,0,-1,0,0,-1,0,0,0,-1,0,0,0,0,0,-1,0,-1,0,0,1,0,0,0,1,0,-1,0,0,0,0,0,0,0,1,0,0,0,1,0,0,0,0,-1,1,0,0
170,1,-1,0,-1,0,1,-1,0,-1,1,0,0,1,0,1,0,0,1,1,0,1,0,0,0,0,0,0,-1,1,1,0,0,0,0,0,0,0,0,0,0,0,1,0,0,0,0,1,0,0,0,0,-1,-1,0,-1,0,-1,-1,0,0,0,0,-1,-1
171,0,-1,0,0,0,0,0,0,-1,1,0,0,0,-1,0,1,0,0,0,0,0,0,0,-1,-1,-1,0,1,0,-1,0,-1,0,0,0,0,0,0,0,0,0,0,0,-1,-1,0,0,-1,0,0,1,-1,0,0,-1,-1,0,-1,0,0,0,1,1,1
172,1,0,-1,0,0,0,0,0,1,0,-1,0,0,0,0,0,0,0,-1,1,-1,0,0,-1,1,0,0,0,0,0,0,0,0,1,-1,0,0,0,0,0,0,-1,0,-1,0,-1,-1,0,1,0,0,0,1,0,0,0,0,0,-1,0,0,1,0,1
173,0,0,0,0,1,0,0,1,0,-1,-1,0,0,0,0,0,1,0,0,1,0,-1,0,0,0,0,0,-1,0,0,0,-1,-1,0,0,-1,1,0,0,0,0,1,-1,0,0,0,0,0,0,0,0,1,0,0,0,0,0,-1,-1,-1,0,0,0,0
174,0,0,1,0,0,-1,0,0,0,0,-1,-1,-1,-1,0,0,0,0,0,-1,-1,0,0,0,0,0,0,-1,-1,0,0,0,-1,0,0,1,-1,0,0,0,1,0,0,-1,1,-1,0,0,0,-1,0,0,1,0,0,0,0,0,1,1,0,0,0,0
175,0,0,1,0,1,0,-1,0,0,-1,1,0,0,0,0,0,0,0,1,0,1,0,0,0,-1,1,0,1,0,1,-1,0,0,1,0,0,0,0,0,0,0,0,0,0,0,1,-1,0,1,1,0,0,-1,0,0,0,1,0,0,0,1,-1,0,-1
176,-1,1,0,0,0,0,0,-1,0,1,0,0,1,1,1,0,1,0,0,1,0,0,0,0,0,-1,0,0,0,1,0,1,1,0,0,0,0,-1,-1,0,1,0,0,0,0,0,0,0,0,1,1,0,0,-1,0,-1,0,0,0,0,0,1,0,0
177,0,0,0,-1,0,0,0,0,0,0,0,1,0,0,0,-1,1,1,-1,1,0,0,1,-1,0,1,0,1,0,1,1,1,0,1,0,0,-1,0,0,0,0,0,0,0,0,-1,0,0,0,0,1,0,1,1,0,1,0,0,0,0,0,-1,1,0
178,-1,-1,0,0,-1,0,0,-1,-1,0,0,0,0,1,0,0,1,0,0,1,1,0,0,0,0,1,0,0,0,-1,0,0,0,0,0,-1,0,-1,0,0,0,1,0,0,-1,0,0,0,0,0,0,0,-1,-1,0,0,0,0,-1,0,0,-1,0,0
179,1,0,1,0,-1,0,0,0,0,0,0,0,0,0,1,0,1,0,0,0,-1,0,0,0,0,0,-1,1,0,1,1,0,0,1,0,0,0,0,0,0,0,0,-1,0,1,1,0,0,0,0,0,0,0,0,0,-1,0,1,0,0,0,0,0,0
180,0,1,-1,0,1,0,1,-1,0,0,0,0,1,-1,0,0,-1,0,-1,0,0,0,0,0,-1,0,1,0,0,0,0,0,-1,0,0,0,-1,0,-1,0,0,1,1,0,0,0,0,0,0,0,0,0,-1,-1,0,-1,0,0,0,0,-1,-1,1,-1
181,0,0,0,1,0,1,-1,0,0,1,0,1,0,0,0,1,0,0,0,0,0,0,0,-1,0,0,-1,1,0,0,0,0,0,1,0,0,0,0,-1,-1,0,0,1,0,0,0,0,0,0,0,0,0,-1,0,0,0,-1,-1,0,0,0,0,-1,-1
182,0,0,1,1,1,-1,0,-1,0,-1,-1,0,-1,0,0,0,0,1,0,-1,0,0,0,0,0,1,1,-1,-1,1,1,0,0,0,1,1,0,1,0,0,0,-1,-1,0,0,0,0,0,0,0,0,0,-1,0,0,-1,1,0,1,0,0,0,0,-1
183,0,0,0,0,0,0,0,-1,0,0,0,-1,0,1,0,0,1,-1,0,0,0,1,-1,-1,0,1,-1,1,-1,1,-1,0,0,1,0,0,0,0,1,1,1,0,0,-1,-1,0,-1,0,1,0,0,1,0,0,-1,0,-1,0,-1,-1,0,-1,0,1
184,1,1,-1,-1,0,0,0,0,-1,0,0,0,0,1,0,-1,0,0,0,-1,-1,-1,0,0,0,0,0,0,0,-1,0,0,0,0,0,0,0,0,0,1,-1,1,0,1,1,0,1,0,0,0,0,0,0,0,0,-1,0,0,-1,-1,0,1,1,0
185,0,0,0,0,1,1,0,0,0,1,0,0,1,0,0,0,-1,0,-1,1,0,0,0,0,0,1,-1,1,-1,0,0,1,1,1,0,0,0,0,0,0,0,0,-1,-1,0,0,-1,1,0,0,0,1,-1,-1,0,0,1,0,1,1,0,0,0,0
186,0,0,-1,0,0,1,0,0,0,0,-1,0,-1,0,0,1,0,0,0,0,0,0,0,0,0,1,0,0,1,0,-1,1,0,0,-1,1,0,0,0,0,0,0,0,0,0,0,-1,0,0,0,-1,0,-1,0,1,0,0,0,1,0,1,0,0,0
187,0,0,0,-1,0,-1,-1,0,0,0,0,0,-1,0,0,0,0,-1,0,-1,0,0,1,-1,0,-1,0,0,-1,-1,0,0,0,0,0,1,0,0,0,0,0,0,0,-1,0,0,1,1,0,0,0,1,0,0,0,-1,0,0,0,-1,-1,0,0,0
188,0,-1,-1,-1,-1,0,0,0,0,0,0,1,0,0,0,0,0,0,-1,0,0,0,0,0,0,1,0,0,1,0,0,0,0,0,1,0,0,0,0,0,-1,-1,-1,0,0,-1,0,-1,0,1,0,0,0,-1,-1,0,0,1,-1,0,1,0,1,0
189,1,-1,-1,0,0,0,0,0,0,0,0,0,0,-1,-1,0,-1,0,0,0,-1,0,-1,0,1,-1,0,1,0,0,0,0,0,1,0,1,0,-1,-1,0,0,0,0,0,0,0,1,-1,-1,-1,0,0,0,0,1,1,0,0,0,0,1,1,0,0
190,-1,-1,-1,0,1,-1,0,1,0,1,-1,0,0,0,0,0,-1,-1,0,0,0,0,-1,1,0,0,-1,0,0,0,0,-1,0,0,0,0,0,0,0,1,0,-1,0,0,1,0,0,1,0,0,0,0,0,0,0,0,1,0,0,0,0,-1,0,0
191,0,0,0,-1,0,0,0,-1,1,0,0,-1,0,0,-1,0,1,1,0,0,0,1,0,-1,0,-1,-1,-1,-1,0,0,1,0,1,1,0,-1,0,-1,0,-1,0,-1,0,1,0,0,-1,1,-1,0,0,0,0,0,0,1,0,0,0,0,-1,-1,0
192,0,0,0,0,0,-1,1,0,0,-1,0,0,0,0,0,-1,-1,0,0,0,1,0,0,0,0,0,0,-1,1,0,1,0,0,-1,0,0,1,0,0,1,-1,0,0,0,0,0,0,1,0,1,-1,0,1,-1,0,0,-1,0,0,0,1,0,-1,0
193,-1,-1,1,0,1,0,0,-1,0,1,0,0,0,1,-1,-1,1,1,0,1,1,-1,1,0,0,0,-1,0,1,0,0,0,-1,-1,0,1,0,1,0,0,-1,1,0,-1,1,1,0,0,-1,0,0,-1,1,0,0,0,0,0,0,1,0,0,0,0
194,-1,0,0,1,0,-1,-1,0,-1,1,1,0,1,1,0,0,1,0,0,0,0,0,1,0,-1,0,0,0,0,0,0,0,0,1,0,0,0,0,1,0,0,0,0,0,0,-1,0,-1,0,-1,0,0,1,0,-1,0,0,1,1,-1,0,1,-1,-1
195,1,0,0,0,1,-1,-1,0,1,0,0,0,0,0,0,-1,0,0,0,0,-1,0,1,0,0,1,-1,0,0,0,1,-1,0,0,0,0,-1,-1,1,0,0,0,0,1,0,0,0,1,1,0,0,0,0,0,0,-1,-1,-1,0,1,0,0,0,0
196,0,0,0,1,0,0,0,0,1,0,-1,0,0,0,-1,1,-1,1,0,0,0,1,0,0,0,1,0,-1,-1,0,0,-1,1,0,0,0,0,0,-1,0,0,0,1,-1,0,0,0,0,-1,0,0,1,-1,0,-1,-1,1,0,1,0,-1,0,1,0
197,0,1,0,-1,1,1,0,0,0,0,0,0,0,-1,0,0,0,1,0,-1,-1,0,1,0,0,0,1,1,-1,0,0,-1,0,0,0,-1,-1,0,1,0,-1,0,0,0,-1,1,0,0,0,-1,0,1,-1,0,0,1,1,0,-1,0,0,1,0,0
198,-1,-1,1,0,0,0,0,-1,1,0,1,1,-1,0,0,0,0,0,0,0,0,0,-1,0,-1,0,-1,0,0,0,0,0,0,0,1,0,-1,0,-1,0,-1,0,0,0,-1,0,0,-1,1,0,0,-1,0,-1,0,0,-1,0,0,0,1,0,0,-1
199,1,0,-1,0,0,0,0,1,1,0,-1,0,0,0,0,0,0,1,0,0,0,-1,1,0,0,1,0,-1,0,0,0,0,0,0,0,0,0,-1,0,0,1,-1,0,-1,0,1,0,0,0,0,1,0,0,0,-1,0,-1,0,1,1,0,-1,0,0
200,1,0,0,-1,1,0,0,0,0,0,-1,-1,0,0,0,0,0,1,1,-1,-1,-1,1,0,0,0,0,1,0,0,0,1,1,-1,0,0,-1,1,0,-1,0,0,-1,-1,1,-1,-1,0,1,0,0,0,-1,0,0,0,0,1,-1,1,0,0,-1,0
201,0,0,0,-1,0,-1,-1,-1,0,0,0,1,1,0,0,0,-1,0,1,1,1,0,0,1,0,0,0,-1,0,0,0,1,0,0,-1,0,0,0,0,0,0,0,0,0,0,-1,0,1,-1,0,0,0,-1,0,-1,0,0,0,0,1,-1,0,0,0
202,0,0,0,0,0,0,0,1,-1,-1,0,0,0,-1,0,-1,0,1,1,0,1,0,0,1,0,0,-1,0,0,-1,0,-1,0,-1,0,0,0,-1,0,0,0,1,0,0,0,0,1,0,0,1,0,-1,0,1,-1,-1,0,0,0,0,0,0,1,0
203,-1,0,0,0,0,0,0,0,0,0,0,1,0,1,0,0,-1,0,-1,1,-1,0,-1,0,0,1,0,0,0,1,0,0,0,0,0,0,0,0,0,1,-1,1,-1,1,0,-1,0,0,0,1,0,0,0,0,0,1,0,0,0,1,-1,0,0,0
204,1,0,1,0,0,0,0,0,1,-1,0,1,0,0,0,0,0,1,0,0,0,0,-1,1,-1,-1,-1,0,-1,0,0,0,0,1,-1,0,0,0,-1,0,-1,0,0,0,-1,0,0,1,0,-1,1,0,0,0,-1,0,1,1,0,-1,0,1,0,0
205,1,0,0,0,0,1,0,1,0,0,-1,0,-1,0,0,0,0,0,-1,0,1,-1,1,1,1,0,1,0,0,0,0,1,0,0,0,-1,1,0,-1,-1,0,0,-1,0,-1,0,0,0,0,0,0,0,1,0,0,1,-1,1,0,0,0,0,0,1
206,0,0,0,0,-1,0,0,0,1,0,0,0,-1,0,0,-1,-1,1,-1,0,1,-1,0,0,1,0,0,1,0,0,0,0,-1,0,0,1,0,-1,0,-1,1,0,0,-1,0,-1,1,1,0,0,0,0,0,0,0,0,0,-1,1,-1,1,-1,1,-1
207,0,0,0,0,-1,0,0,0,0,0,0,1,0,0,0,0,-1,0,0,0,0,-1,0,0,1,0,-1,0,0,0,0,1,-1,1,0,0,1,-1,0,-1,0,0,-1,0,0,0,1,1,0,0,0,0,1,0,0,0,0,0,0,0,0,-1,0,0
208,-1,0,0,-1,1,1,0,0,0,-1,1,-1,1,-1,-1,0,1,0,1,-1,0,0,0,0,0,0,-1,1,-1,0,0,0,0,-1,-1,1,-1,0,-1,0,0,0,0,0,0,1,0,0,0,0,0,0,-1,0,0,1,-1,0,0,1,1,-1,0,0
209,0,0,1,1,0,-1,-1,0,0,1,0,-1,0,0,0,0,-1,0,0,-1,0,1,1,0,0,0,1,0,0,0,0,0,0,0,0,1,0,0,1,0,0,0,0,1,0,0,0,0,0,0,0,0,0,0,0,0,0,0,0,0,0,0,0,0
210,0,0,1,0,1,0,1,-1,0,0,0,0,0,0,0,-1,1,0,0,0,-1,-1,-1,1,0,0,0,0,0,0,1,0,1,1,0,0,0,0,1,-1,0,-1,0,0,-1,0,0,0,1,0,0,0,0,-1,0,1,0,0,0,1,1,0,0,0
211,0,0,-1,0,-1,-1,1,0,-1,0,0,1,1,-1,0,-1,0,0,-1,1,0,0,0,0,0,0,1,0,0,0,-1,-1,0,0,0,0,-1,0,0,0,1,0,1,-1,0,0,-1,-1,0,0,-1,-1,0,0,1,0,1,-1,1,0,0,0,-1,1
212,1,1,0,0,0,0,0,0,0,0,1,0,0,-1,-1,1,0,-1,0,0,0,1,1,-1,0,0,0,1,0,0,0,0,0,0,1,0,0,0,1,0,0,0,0,-1,0,0,1,0,0,0,0,-1,0,-1,0,0,0,0,0,0,0,0,0,0
213,0,0,-1,0,0,0,0,-1,0,-1,-1,0,0,-1,0,0,1,0,0,0,0,0,-1,0,-1,0,0,0,0,0,1,1,1,-1,0,0,0,0,0,-1,0,0,0,0,0,0,0,1,-1,0,-1,0,1,-1,0,0,0,0,0,-1,0,1,0,0
214,0,0,0,1,0,-1,1,0,0,0,0,0,0,0,1,0,0,0,0,0,0,1,0,-1,1,-1,0,0,1,0,0,-1,0,0,0,-1,0,0,1,0,0,1,0,0,0,0,0,1,0,0,0,0,0,1,-1,0,0,0,0,0,1,-1,-1,0
215,0,0,0,0,0,-1,0,0,1,0,1,0,1,0,-1,0,0,0,1,0,0,0,-1,0,1,0,0,0,0,0,0,0,0,0,0,0,0,1,0,0,0,0,0,0,-1,0,0,0,1,1,-1,1,0,0,0,1,0,0,-1,0,0,0,-1,1
216,0,0,0,1,0,0,-1,-1,1,1,0,0,0,0,-1,0,0,1,0,0,1,0,0,0,0,-1,-1,0,1,0,1,0,-1,0,0,0,1,-1,1,0,0,0,1,1,0,0,0,1,0,-1,1,0,-1,0,0,0,0,0,0,0,0,0,0,-1
217,0,0,0,-1,0,1,1,-1,-1,0,-1,1,1,0,0,0,0,-1,0,1,1,1,0,0,0,0,0,0,0,0,-1,1,0,0,0,-1,1,0,0,0,0,-1,0,-1,0,0,0,0,-1,0,-1,1,0,0,0,1,0,1,0,0,0,0,-1,1
218,-1,0,1,1,0,0,-1,1,0,-1,0,0,0,0,-1,0,0,1,0,0,1,-1,0,-1,1,0,-1,0,1,0,0,0,1,0,0,0,0,-1,0,1,1,-1,0,0,0,0,1,0,0,0,0,0,0,0,0,-1,0,0,0,0,1,1,0,0
219,0,0,0,0,0,0,0,1,0,-1,0,0,-1,0,0,1,0,0,0,0,0,0,-1,1,-1,0,-1,0,0,-1,-1,0,0,0,1,1,0,-1,0,1,1,1,0,1,-1,0,0,0,0,0,0,1,0,0,-1,1,0,0,1,0,-1,0,1,0
220,-1,0,0,0,0,0,1,0,1,-1,-1,0,0,-1,1,1,1,0,1,-1,0,0,0,0,0,0,0,0,0,-1,0,1,0,0,0,0,0,-1,0,1,0,0,0,0,-1,-1,0,0,0,0,0,0,0,0,-1,1,0,-1,0,0,0,0,0,1
221,0,1,0,0,-1,0,0,0,0,0,1,0,0,-1,-1,0,0,0,0,0,0,0,0,0,-1,0,1,-1,0,0,0,0,1,-1,-1,0,-1,0,0,0,0,1,0,0,-1,-1,0,1,0,0,0,0,0,0,-1,-1,0,0,0,1,-1,0,-1,1
222,0,1,-1,1,1,1,0,0,1,-1,0,0,0,0,-1,0,0,0,0,0,0,1,-1,0,0,0,0,0,0,0,0,1,0,0,-1,0,0,0,0,0,0,0,0,0,0,1,0,1,0,-1,1,0,0,0,-1,0,1,1,1,1,0,0,0,0
223,1,0,0,0,0,0,0,0,0,1,0,0,0,0,0,0,-1,0,0,0,1,0,1,0,0,0,0,-1,0,0,0,0,0,0,0,0,0,1,1,1,-1,0,0,0,0,0,0,-1,-1,1,0,0,0,1,-1,0,0,-1,0,-1,0,0,1,1
224,0,0,0,0,-1,0,0,0,0,-1,1,0,0,-1,0,1,0,0,0,0,0,0,0,0,0,0,-1,0,0,1,0,0,1,0,0,0,0,0,0,0,-1,-1,0,-1,0,-1,1,0,0,0,0,0,0,0,1,0,0,0,0,0,-1,1,-1,0
225,0,0,0,0,1,-1,0,-1,1,0,0,0,0,1,0,0,0,0,0,1,0,0,0,1,0,0,0,1,1,0,0,0,-1,0,0,-1,0,1,0,0,1,0,0,0,-1,0,0,-1,1,0,0,0,0,1,0,-1,-1,0,-1,0,0,0,0,1
226,0,0,1,0,0,1,0,1,-1,0,0,0,1,-1,0,1,-1,0,0,1,0,0,0,0,0,0,0,0,0,0,-1,0,0,0,0,-1,1,0,0,-1,0,-1,0,1,0,0,-1,0,0,-1,0,0,0,0,0,-1,0,0,0,1,0,-1,1,1
227,0,1,0,0,-1,1,0,0,0,0,0,0,0,0,0,0,-1,1,0,1,0,-1,1,0,-1,0,0,0,0,1,0,0,0,1,-1,1,0,1,0,0,0,0,0,0,0,0,0,1,0,0,1,1,0,1,0,-1,0,0,0,0,1,0,0,0
228,0,1,-1,0,-1,1,0,0,1,0,-1,0,1,1,0,0,1,0,0,-1,0,0,0,0,0,0,0,1,0,-1,1,0,0,0,0,0,0,0,0,0,-1,1,0,0,0,1,0,0,0,1,-1,1,0,0,0,0,0,0,0,0,0,1,0,-1
229,0,-1,0,0,1,0,0,1,-1,1,0,0,0,1,-1,0,0,0,1,0,0,0,0,-1,0,0,-1,-1,0,0,1,-1,0,0,0,0,-1,0,0,0,0,0,0,0,0,0,0,0,0,0,0,-1,0,0,0,0,0,0,0,0,-1,0,-1,0
230,-1,0,1,-1,-1,-1,-1,0,1,-1,1,0,0,0,0,0,1,0,1,0,1,1,0,0,0,0,0,0,0,0,0,0,1,0,0,0,-1,0,0,-1,0,-1,0,1,0,-1,0,1,1,0,0,1,0,-1,0,0,0,0,0,0,1,0,-1,-1
231,0,-1,-1,0,1,0,0,0,0,0,0,0,1,1,0,-1,0,-1,1,-1,1,0,-1,0,0,0,1,0,-1,1,0,0,0,1,1,0,0,0,-1,0,0,0,1,0,0,0,0,0,0,-1,0,1,0,1,0,0,0,0,1,0,-1,-1,0,-1
232,0,1,0,0,0,0,-1,0,1,0,0,1,0,0,0,-1,0,0,1,0,0,-1,-1,0,0,1,0,1,-1,0,0,0,0,1,0,0,-1,0,1,0,1,0,0,0,0,0,0,0,-1,0,1,0,0,1,0,0,0,1,0,0,0,0,-1,0
233,-1,0,0,0,-1,1,-1,0,0,0,0,0,-1,0,1,0,0,0,0,0,-1,0,0,0,0,0,0,-1,0,0,1,-1,0,0,0,1,0,1,0,0,1,-1,0,0,0,0,0,0,0,0,0,0,0,0,0,0,-1,1,0,0,0,1,1,0
234,0,0,0,0,0,0,0,0,-1,0,0,0,1,1,0,0,1,0,0,0,1,-1,0,0,0,0,-1,0,0,1,1,0,0,-1,0,0,-1,0,1,0,1,0,0,0,0,-1,0,0,1,0,0,0,1,0,0,1,0,0,0,0,0,0,1,0
235,-1,0,0,0,0,0,0,0,0,0,0,1,0,0,0,0,0,1,0,0,0,0,1,0,1,1,-1,1,-1,1,0,0,0,-1,1,0,0,0,0,1,1,0,0,0,0,0,-1,0,1,0,-1,0,-1,1,0,1,0,0,-1,0,-1,0,0,0
236,0,0,0,-1,0,0,-1,0,0,0,1,1,0,0,0,0,0,-1,0,0,0,1,0,1,-1,0,0,-1,-1,1,1,0,1,0,0,1,-1,0,1,0,0,0,1,0,-1,0,0,0,1,0,-1,0,-1,0,-1,0,0,1,0,0,0,0,0,0
237,-1,1,1,-1,0,0,-1,0,0,1,-1,0,-1,0,0,0,0,0,0,-1,0,0,0,0,0,0,0,0,1,-1,0,0,1,1,1,0,0,0,-1,0,0,1,0,1,0,-1,-1,0,0,0,0,-1,0,1,1,0,0,0,0,0,1,-1,0,-1
238,0,-1,0,0,0,0,0,1,0,-1,0,0,0,0,0,-1,0,0,1,0,1,0,0,0,0,0,-1,-1,1,1,0,1,0,0,0,0,0,0,1,0,0,1,0,-1,-1,1,1,-1,-1,1,0,1,0,0,1,0,1,-1,0,0,0,0,0,0
239,1,0,0,0,0,1,-1,0,1,-1,0,0,-1,-1,0,0,1,0,-1,0,0,0,-1,0,0,0,-1,0,0,0,0,1,0,0,0,0,0,1,0,0,-1,0,0,0,0,0,0,0,-1,0,0,0,0,1,-1,1,-1,0,1,0,0,0,1,0
240,0,-1,0,0,1,1,0,0,-1,0,0,0,-1,0,0,0,0,-1,0,0,0,-1,0,0,0,0,0,0,1,0,0,1,0,-1,0,1,0,0,-1,0,0,0,1,1,1,0,0,1,0,0,0,0,0,0,1,1,0,0,-1,1,-1,0,0,0
241,0,0,0,-1,0,-1,0,0,0,0,0,0,0,0,-1,1,0,0,0,0,0,1,0,0,1,1,-1,1,-1,0,0,-1,1,-1,0,0,0,0,1,1,0,-1,0,0,0,0,-1,0,0,1,1,1,0,1,1,0,1,0,-1,1,0,0,0,1
242,0,0,-1,0,0,0,-1,-1,1,1,-1,1,0,0,-1,0,-1,1,1,0,1,0,0,0,0,0,1,1,0,-1,1,0,-1,0,-1,-1,-1,0,1,-1,0,0,1,1,0,0,0,0,-1,0,0,0,1,0,0,0,0,0,0,0,-1,1,0,-1
243,-1,-1,-1,0,0,0,0,-1,-1,0,0,0,0,0,0,0,0,-1,0,0,0,0,0,-1,0,1,-1,0,0,-1,-1,0,1,-1,0,0,0,0,0,0,0,-1,-1,0,0,0,-1,0,0,0,1,0,0,-1,0,-1,0,0,-1,0,0,-1,-1,1
244,0,1,0,0,0,0,-1,0,0,0,1,0,0,1,1,0,1,0,-1,-1,-1,-1,-1,1,0,0,1,0,0,0,1,0,1,0,0,0,0,1,0,0,0,0,-1,0,0,0,1,0,0,0,0,0,0,0,0,0,-1,1,0,0,0,0,-1,0
245,0,0,1,0,1,0,1,1,1,-1,1,0,1,0,-1,0,-1,0,0,-1,-1,0,-1,0,0,0,0,1,0,-1,0,0,0,-1,1,0,0,1,0,0,1,1,1,0,1,0,0,0,0,0,0,0,0,-1,0,0,0,0,0,0,0,0,0,1
246,1,-1,0,0,0,0,0,1,0,0,-1,1,0,0,0,1,0,1,0,0,-1,0,1,0,0,0,0,0,0,0,0,1,1,0,-1,0,0,-1,0,0,0,0,-1,-1,1,0,-1,0,0,0,0,0,0,0,0,0,0,-1,0,1,0,-1,0,0
247,0,0,1,-1,0,-1,1,0,0,1,0,0,1,1,0,0,1,0,0,0,0,0,-1,1,0,0,0,0,0,0,1,-1,0,-1,0,1,0,0,-1,0,0,1,0,0,0,1,0,-1,0,0,0,0,0,0,-1,-1,0,-1,0,0,-1,-1,0,0
248,0,1,0,0,0,0,0,0,1,0,0,-1,0,1,0,1,0,0,0,0,0,0,0,0,0,1,0,-1,-1,0,1,0,-1,-1,-1,0,0,0,0,0,0,0,0,-1,0,0,0,0,0,1,1,0,0,0,-1,0,0,0,0,0,0,1,1,-1
249,0,0,1,1,-1,-1,-1,-1,1,1,0,0,0,0,-1,0,0,0,0,-1,1,-1,0,0,0,0,1,0,0,0,0,0,0,-1,0,1,0,1,0,-1,0,0,0,0,0,0,1,0,0,-1,-1,0,0,0,0,-1,0,0,0,0,0,0,-1,0
250,0,1,0,-1,0,0,-1,0,0,0,0,1,-1,0,0,0,0,-1,0,0,0,0,0,1,0,0,-1,0,0,-1,1,0,0,0,-1,0,0,0,0,1,0,-1,0,0,0,0,0,1,0,0,0,-1,0,0,0,0,0,0,-1,0,1,0,0,0
251,0,0,-1,1,0,-1,1,1,-1,0,1,-1,0,0,0,0,0,0,0,0,-1,0,0,1,1,1,0,0,0,0,0,1,-1,0,0,1,0,1,0,0,-1,0,0,0,0,0,0,-1,1,0,0,0,-1,0,1,0,0,0,0,0,-1,1,-1,0
252,0,1,0,1,0,0,1,0,0,0,-1,0,0,-1,1,-1,-1,0,1,-1,0,0,-1,-1,0,0,0,1,-1,0,0,-1,0,0,-1,0,1,0,0,0,0,0,0,0,0,0,-1,0,0,-1,0,0,-1,0,0,-1,0,0,0,1,0,0,1,1
253,0,-1,-1,0,0,0,0,0,-1,-1,0,0,0,1,0,0,0,0,0,1,-1,1,0,0,0,0,0,0,0,0,0,0,1,0,1,0,0,0,0,0,-1,0,0,1,0,0,-1,-1,0,-1,0,0,0,0,0,0,1,1,0,0,0,1,1,0
254,0,0,0,0,1,-1,0,1,0,1,1,0,0,0,0,0,0,0,0,1,0,0,0,1,0,-1,1,-1,-1,0,0,-1,0,1,-1,0,1,0,0,1,0,0,0,0,-1,0,1,0,0,-1,1,0,0,0,0,0,1,0,0,0,0,0,0,0
255,0,0,0,0,0,-1,0,0,0,0,0,0,0,1,1,0,0,0,-1,0,-1,1,0,0,0,1,-1,0,0,-1,0,1,0,0,1,1,0,0,1,0,-1,1,1,0,-1,-1,0,1,0,0,0,0,0,0,-1,-1,0,0,0,0,0,-1,-1,1
256,-1,0,1,0,0,0,0,0,0,0,0,-1,0,0,1,0,1,-1,0,0,1,0,0,-1,1,-1,0,0,0,0,0,0,0,0,0,1,1,0,1,0,0,-1,1,-1,0,0,0,0,0,1,0,0,0,0,-1,0,-1,0,0,1,0,-1,0,0
257,0,0,0,1,0,1,0,0,1,0,1,0,0,0,-1,-1,-1,0,1,0,1,-1,-1,0,-1,0,0,0,0,0,0,1,0,-1,0,0,0,1,-1,0,-1,0,0,-1,0,0,0,0,1,-1,0,0,0,-1,0,0,0,-1,0,1,0,0,1,-1
258,-1,1,0,1,-1,0,-1,0,0,1,1,0,-1,0,0,-1,0,0,0,-1,0,0,1,1,0,-1,0,-1,0,-1,0,0,1,0,0,0,1,0,-1,0,0,0,0,0,0,0,0,0,0,0,-1,1,0,0,0,-1,-1,0,0,0,0,0,0,-1
259,-1,0,-1,0,0,0,0,0,0,0,0,0,-1,0,0,1,-1,0,0,1,-1,0,0,1,-1,-1,0,0,-1,0,0,1,1,0,0,0,0,0,-1,0,0,0,0,1,0,1,0,1,1,-1,0,0,-1,0,0,0,1,0,-1,0,0,1,0,-1
260,0,1,0,-1,0,0,0,0,0,-1,0,0,0,0,0,-1,0,1,0,0,0,0,0,0,0,0,-1,0,0,-1,0,-1,1,0,0,-1,0,-1,0,1,0,-1,-1,0,0,0,0,0,0,-1,0,-1,0,0,0,1,0,0,1,1,0,0,0,0
261,0,0,0,-1,-1,0,0,1,0,-1,0,1,0,0,0,0,-1,0,0,0,1,0,-1,0,-1,-1,0,-1,0,-1,0,0,0,-1,1,1,-1,0,-1,0,0,0,1,0,0,0,0,0,-1,-1,0,-1,-1,1,0,1,0,0,0,-1,0,1,-1,0
262,0,0,0,0,0,0,0,0,0,0,0,1,0,0,0,0,0,-1,1,0,0,0,0,0,0,1,0,0,0,1,0,0,1,0,0,0,0,0,0,0,0,0,-1,0,0,-1,0,0,0,1,0,1,0,0,-1,0,0,0,0,0,0,0,0,-1
263,0,0,-1,1,0,0,-1,0,1,-1,0,0,1,0,0,0,0,0,0,-1,0,-1,0,0,0,0,0,0,1,0,0,0,0,0,0,0,-1,1,-1,0,0,-1,-1,-1,-1,-1,0,0,-1,0,0,1,-1,1,1,1,0,0,1,0,0,1,0,0
264,-1,0,-1,0,0,0,0,0,0,-1,0,0,0,0,0,-1,0,-1,1,-1,0,-1,0,-1,0,0,0,0,0,0,0,0,1,0,1,1,0,0,-1,0,-1,0,0,-1,0,-1,-1,1,0,0,0,-1,0,-1,0,1,0,0,0,1,0,0,-1,0
265,0,0,0,0,0,0,0,0,0,0,0,0,0,0,1,1,0,0,0,-1,-1,0,0,0,0,0,1,0,0,1,1,-1,0,1,1,0,-1,0,0,1,0,-1,1,-1,0,0,-1,0,-1,0,1,1,1,0,0,0,0,1,0,-1,0,0,1,0
266,0,0,0,0,0,0,0,0,1,-1,-1,0,0,0,0,0,0,0,0,0,0,0,0,1,0,0,0,1,0,0,-1,0,0,-1,1,-1,0,0,1,0,0,0,0,-1,-1,0,1,-1,0,-1,0,0,0,0,1,1,-1,-1,1,0,0,0,0,1
267,-1,0,-1,-1,1,1,0,1,1,-1,0,0,-1,1,-1,0,0,0,0,0,0,0,0,0,0,0,0,0,0,1,1,-1,-1,0,0,0,0,1,1,0,0,0,0,-1,0,0,0,1,0,0,0,0,0,1,0,-1,0,1,0,0,0,0,0,1
268,0,1,0,0,0,0,0,1,0,-1,0,0,0,1,0,1,0,0,-1,0,0,0,0,-1,0,0,-1,0,1,0,0,0,-1,0,0,0,0,0,0,1,0,1,1,1,1,0,1,0,1,0,0,1,0,0,0,-1,0,0,0,0,0,1,0,0
269,0,-1,-1,0,0,0,1,1,0,-1,-1,-1,0,-1,0,0,1,0,0,0,0,0,0,0,0,1,0,-1,0,0,0,-1,0,0,-1,0,0,0,0,0,1,0,0,0,0,0,-1,-1,1,-1,1,0,1,0,0,-1,0,1,0,0,0,-1,-1,0
270,0,0,0,-1,0,0,0,0,1,0,0,0,0,0,0,1,0,-1,0,0,-1,-1,0,0,0,1,0,0,0,0,0,-1,0,1,-1,0,0,-1,0,-1,1,1,-1,0,-1,-1,1,0,0,0,1,0,0,0,0,0,-1,0,0,1,-1,1,0,0
271,0,1,0,1,-1,1,1,1,0,0,0,0,0,0,-1,0,1,-1,1,0,0,1,0,-1,0,0,-1,0,0,-1,-1,0,0,0,0,0,0,0,-1,-1,-1,0,0,0,-1,1,0,-1,1,1,0,0,0,0,0,0,1,0,0,0,0,1,0,0
272,0,-1,0,0,0,-1,1,0,0,-1,-1,-1,-1,1,1,-1,0,-1,0,0,-1,0,0,-1,0,0,0,0,0,0,0,0,0,0,0,0,1,1,0,1,0,1,0,0,0,0,0,0,1,0,-1,0,0,0,0,0,0,1,0,0,1,1,0,0
273,0,0,0,0,0,0,-1,-1,0,0,-1,0,0,0,-1,0,0,1,1,1,0,0,0,1,-1,0,0,1,1,0,0,0,0,0,0,0,0,0,0,0,0,-1,1,0,1,0,1,0,0,-1,0,0,0,1,0,-1,-1,0,0,0,0,1,0,0
274,0,0,-1,0,0,0,0,1,-1,0,0,0,1,0,-1,0,0,0,0,0,0,0,0,1,0,0,0,-1,0,0,0,0,0,0,0,0,0,1,0,0,0,0,0,0,0,0,1,1,0,0,0,0,0,1,0,1,0,-1,0,0,0,0,0,0
275,0,-1,0,0,1,1,-1,-1,0,0,0,1,0,1,0,-1,0,-1,0,1,1,0,0,0,0,0,0,-1,0,-1,0,0,1,0,0,-1,0,0,0,0,0,0,0,0,-1,1,0,0,-1,0,0,0,0,0,0,0,0,0,0,0,0,0,1,0
276,0,0,0,0,0,1,-1,0,1,0,-1,0,0,1,0,-1,0,0,1,0,0,1,0,0,0,1,0,0,0,0,-1,1,1,0,0,0,0,0,0,0,0,0,1,-1,-1,0,0,1,0,-1,1,0,0,1,-1,0,-1,0,-1,1,-1,0,1,0
277,0,0,0,0,-1,0,0,1,0,0,0,-1,0,-1,-1,0,-1,1,0,0,-1,0,0,-1,-1,0,1,0,1,0,0,0,0,0,1,0,0,0,0,0,1,-1,1,0,0,0,-1,0,-1,0,0,0,0,0,0,0,0,1,0,0,-1,1,0,0
278,0,1,0,1,0,0,0,1,0,0,-1,-1,0,0,1,1,0,1,0,1,0,1,0,0,0,-1,0,0,0,-1,0,-1,0,0,0,0,-1,0,0,0,0,1,0,0,0,0,0,0,0,0,-1,0,-1,0,0,-1,1,0,-1,1,-1,0,0,0
279,0,0,1,0,0,0,0,0,0,0,0,0,0,0,0,1,1,0,0,-1,0,1,0,0,-1,0,0,0,0,0,1,0,0,-1,0,0,1,1,0,0,0,1,0,-1,0,1,0,-1,0,0,0,0,0,0,0,0,0,0,0,0,0,0,0,0
280,-1,0,0,0,-1,0,1,-1,-1,0,0,1,0,0,-1,0,0,0,0,0,0,0,0,0,0,0,0,1,0,0,1,0,1,0,0,1,0,0,0,0,0,0,0,0,1,1,0,1,0,1,0,-1,0,0,1,1,1,0,1,-1,0,1,0,-1
281,0,0,0,0,-1,0,0,0,0,0,0,0,0,0,0,-1,1,0,0,1,-1,0,0,0,0,0,0,0,1,0,0,0,0,0,0,0,-1,0,0,0,1,-1,0,-1,-1,0,0,0,0,0,0,0,0,0,0,1,-1,1,-1,0,-1,0,0,0
282,1,0,1,0,-1,0,1,-1,1,0,0,0,0,0,0,0,0,0,1,-1,1,0,-1,1,-1,1,0,0,-1,0,0,1,0,0,0,-1,-1,0,0,0,0,0,-1,0,0,1,1,0,0,0,-1,0,0,0,0,0,0,0,0,0,0,-1,0,1
283,1,0,1,-1,1,0,0,-1,0,1,0,0,0,0,0,1,-1,0,1,0,0,0,0,1,-1,0,1,0,0,1,0,0,0,0,0,0,0,0,0,0,0,0,1,-1,1,0,0,-1,0,-1,0,0,0,0,0,0,0,0,-1,1,-1,-1,0,0
284,0,0,1,1,0,0,0,1,-1,0,0,1,0,0,0,0,0,0,0,0,0,0,0,0,0,0,0,0,0,0,0,-1,0,0,0,0,0,-1,-1,0,0,0,1,0,0,0,0,0,0,-1,1,1,0,-1,1,0,1,0,0,0,0,0,0,1
285,0,1,0,0,1,0,0,-1,1,0,0,0,0,0,1,0,0,0,0,0,-1,0,-1,1,0,0,0,1,0,0,-1,0,0,0,0,0,0,0,-1,0,0,0,0,-1,0,0,0,0,0,0,-1,0,1,0,0,0,-1,0,0,0,0,0,1,0
286,0,1,0,0,0,0,0,0,1,0,-1,-1,0,0,0,1,-1,0,0,0,0,-1,0,0,-1,0,0,-1,0,0,-1,0,1,0,0,0,-1,1,0,0,1,0,0,0,1,-1,-1,0,1,0,-1,-1,0,-1,0,1,1,0,1,-1,0,0,0,-1
287,1,0,-1,-1,0,0,0,0,0,0,0,0,0,0,0,1,0,0,0,0,0,0,0,0,0,0,1,0,0,0,0,0,-1,0,0,0,0,0,0,0,0,0,0,0,-1,1,1,0,0,0,-1,0,0,0,-1,0,0,1,1,-1,1,0,1,1
288,1,-1,0,0,1,-1,0,0,-1,-1,0,0,0,0,0,0,1,0,0,0,0,1,0,0,-1,-1,-1,0,0,0,0,-1,-1,0,0,0,0,-1,0,0,0,1,1,0,0,0,0,0,0,0,0,0,-1,0,0,1,0,0,1,-1,0,0,-1,0
289,0,0,0,0,-1,0,1,0,0,-1,-1,1,0,0,0,0,0,-1,1,0,-1,1,-1,0,-1,0,0,0,0,0,0,0,0,0,0,-1,-1,0,1,0,0,0,-1,0,0,0,0,0,1,0,1,0,-1,0,0,-1,0,0,0,0,1,-1,-1,1
290,0,0,0,-1,0,-1,0,0,0,-1,0,0,0,-1,0,0,0,0,0,0,0,0,0,0,1,1,0,0,1,0,0,0,0,0,-1,0,0,0,0,0,0,1,-1,1,1,0,0,0,0,0,0,0,-1,0,0,0,0,0,-1,0,0,-1,-1,0
291,0,0,0,-1,1,0,0,0,1,0,0,-1,0,-1,0,0,-1,0,0,0,0,0,0,0,0,0,0,0,0,0,0,0,-1,0,0,1,0,1,1,0,-1,-1,0,0,0,0,-1,-1,0,0,-1,0,0,0,0,0,0,0,0,0,0,0,-1,0
292,0,0,0,0,0,0,1,1,0,0,-1,-1,0,0,0,0,0,1,0,0,0,-1,0,-1,0,-1,0,-1,0,0,0,0,0,1,0,1,0,0,1,0,0,0,0,1,0,0,1,0,0,0,1,0,1,1,0,-1,1,0,0,0,0,0,0,0
293,-1,0,0,0,1,0,0,0,1,0,1,0,0,0,-1,0,0,0,1,0,1,-1,-1,-1,0,0,1,-1,0,0,0,0,0,0,-1,-1,0,0,0,0,1,0,-1,-1,1,0,0,0,0,0,0,0,1,0,-1,0,0,0,0,1,0,0,-1,0
294,0,0,0,1,-1,0,1,0,0,0,0,0,0,-1,1,-1,-1,0,0,0,0,1,0,0,1,0,0,0,0,1,0,0,0,-1,0,0,0,-1,0,-1,0,0,1,0,0,0,0,-1,-1,1,1,0,0,-1,0,0,0,1,1,-1,0,-1,1,0
295,-1,1,-1,0,0,0,0,0,0,0,-1,0,0,0,0,0,0,0,-1,-1,0,0,0,0,0,0,0,1,0,1,0,0,-1,-1,1,0,-1,0,0,0,0,0,-1,0,1,0,0,0,0,0,1,0,0,0,0,1,0,0,0,0,1,0,0,0
296,0,0,0,0,-1,0,0,0,-1,0,0,0,0,1,0,1,0,0,1,0,0,1,-1,1,-1,1,-1,-1,0,0,0,0,1,-1,0,1,0,0,0,0,0,0,0,0,-1,0,0,0,0,1,0,1,-1,0,1,0,0,1,0,1,1,0,0,0
297,0,1,0,-1,0,-1,0,0,1,-1,0,0,0,0,0,0,-1,-1,0,0,-1,0,0,1,0,0,1,1,0,0,0,0,1,0,0,0,0,0,0,0,1,1,0,0,0,0,-1,0,0,-1,0,0,0,-1,0,1,0,1,0,0,0,0,-1,0
298,0,0,0,1,0,0,0,-1,0,1,0,-1,1,0,0,1,0,0,-1,1,-1,-1,-1,1,-1,0,0,0,0,0,0,0,0,1,0,0,-1,0,0,0,0,1,0,0,0,0,0,0,0,1,-1,0,0,0,0,1,-1,1,0,1,1,0,1,0
299,0,-1,0,-1,0,0,0,1,0,0,1,-1,0,0,0,0,1,0,0,0,0,1,0,0,0,0,0,0,0,1,0,0,0,0,0,0,0,0,0,0,1,0,0,0,0,0,0,-1,0,1,0,0,0,-1,1,-1,0,0,1,1,-1,0,1,0
300,0,0,0,0,-1,0,-1,-1,-1,1,0,0,0,0,-1,-1,0,0,0,1,0,0,-1,0,1,0,-1,1,-1,0,0,1,1,0,0,0,0,0,0,1,-1,-1,0,-1,0,0,0,1,0,1,0,-1,1,0,0,1,0,1,0,0,0,0,0,0
301,0,-1,0,1,-1,1,0,0,0,0,0,1,0,-1,-1,1,0,1,0,-1,1,0,0,0,0,0,1,0,1,0,1,0,0,0,0,0,-1,1,-1,0,0,0,0,0,-1,0,0,1,1,0,0,1,0,-1,0,1,1,0,1,0,-1,0,1,-1
302,0,0,0,0,1,1,0,0,-1,0,-1,0,1,0,0,1,0,1,-1,0,0,0,-1,-1,0,-1,0,0,0,1,0,-1,0,1,0,0,0,0,0,0,0,0,0,0,1,0,0,0,0,0,0,0,0,0,1,0,-1,1,-1,0,0,0,0,-1
303,0,0,0,0,0,0,0,-1,0,0,0,0,0,1,0,0,0,-1,0,1,-1,0,-1,1,0,0,0,0,0,0,1,0,0,0,-1,0,0,-1,0,1,0,1,0,1,0,1,0,0,0,0,-1,0,0,0,0,1,0,1,0,0,1,0,0,0
304,-1,-1,-1,0,0,-1,-1,0,-1,0,0,0,0,0,0,0,1,1,0,0,1,0,0,0,0,1,0,1,0,-1,0,0,0,0,0,0,-1,0,0,1,-1,0,0,0,0,1,0,0,0,1,0,0,0,0,-1,-1,0,1,0,1,1,0,0,1
305,1,0,0,1,1,0,-1,1,0,1,0,0,0,-1,1,0,0,1,0,0,0,-1,0,-1,-1,1,0,0,1,0,0,0,0,0,0,-1,0,0,0,0,-1,-1,0,0,-1,1,1,-1,0,0,-1,0,0,0,0,0,0,0,1,0,0,0,1,-1
306,-1,-1,-1,1,0,0,0,0,1,-1,0,0,0,0,0,0,0,0,-1,0,1,1,0,0,0,-1,1,-1,0,0,0,-1,0,0,0,1,0,0,0,1,0,0,-1,0,1,0,1,0,0,0,1,-1,0,0,-1,1,0,1,0,0,0,1,0,0
307,-1,-1,-1,0,0,0,1,0,1,-1,0,0,1,0,1,0,0,1,-1,0,1,0,-1,-1,0,0,0,0,0,-1,0,0,0,0,0,-1,-1,1,0,0,1,-1,1,0,-1,0,0,0,0,1,-1,-1,0,0,1,0,0,0,0,0,0,0,1,-1
308,0,0,-1,0,-1,1,0,0,0,1,0,0,0,0,0,0,0,1,1,0,-1,0,0,0,0,0,0,0,0,1,0,0,-1,1,0,1,0,1,0,0,0,1,0,0,-1,-1,0,-1,0,0,0,0,1,0,-1,0,0,0,0,1,-1,0,1,0
309,0,0,0,0,1,0,0,0,1,0,0,-1,0,0,0,0,0,0,0,0,-1,-1,-1,0,0,0,0,-1,0,0,0,-1,0,0,0,-1,0,0,0,1,0,1,0,0,-1,0,0,1,0,1,0,0,-1,0,0,0,0,0,0,-1,-1,0,-1,0
310,-1,0,0,-1,0,0,0,0,0,0,0,1,0,0,1,1,0,0,0,0,-1,1,-1,-1,0,0,0,0,0,0,-1,1,0,0,1,0,1,0,0,0,0,0,0,0,1,0,0,0,0,0,0,0,-1,0,1,0,0,0,1,1,1,0,0,0
311,1,0,0,0,0,1,-1,0,0,0,-1,0,0,0,1,1,0,0,0,0,-1,0,0,1,0,0,0,1,-1,0,0,0,0,1,0,0,0,0,-1,1,0,0,0,0,0,1,0,0,0,0,1,1,0,0,-1,0,1,0,0,0,0,1,0,0
312,0,0,0,-1,1,-1,0,-1,0,0,0,0,0,0,0,0,0,0,1,0,0,0,0,-1,0,0,0,-1,1,0,0,1,1,1,1,-1,0,-1,-1,-1,0,0,0,-1,0,0,-1,0,0,0,0,0,0,0,0,1,0,0,0,0,-1,0,0,-1
313,0,0,1,0,1,-1,0,0,0,0,0,0,0,0,-1,1,1,0,0,0,0,0,0,0,0,0,0,-1,0,0,-1,-1,-1,1,1,0,0,0,0,1,-1,0,0,0,0,-1,1,0,1,0,0,0,0,1,0,0,-1,0,0,0,0,0,0,1
314,-1,0,0,0,0,1,0,0,0,0,1,-1,1,-1,-1,0,0,0,-1,0,0,0,1,0,1,1,1,0,0,0,0,0,0,0,-1,0,0,1,0,0,1,0,0,-1,1,0,0,0,0,0,0,1,0,0,0,0,0,0,0,1,1,0,0,0
315,0,0,0,0,-1,0,0,1,0,0,0,1,0,0,0,-1,0,-1,0,-1,0,0,0,0,0,0,0,1,0,-1,-1,-1,0,0,0,0,-1,-1,-1,0,0,0,-1,0,0,1,0,1,0,0,0,1,-1,0,1,0,0,0,0,0,1,-1,1,0
316,0,0,1,0,0,0,0,0,0,-1,0,0,0,-1,0,0,0,-1,1,0,1,0,0,0,0,0,0,-1,0,0,0,1,-1,0,0,1,0,0,0,1,-1,0,-1,0,-1,1,0,0,0,0,1,-1,-1,0,-1,-1,0,0,1,0,1,-1,0,1
317,0,-1,0,0,0,0,-1,1,0,1,0,0,0,-1,0,0,-1,0,-1,-1,0,0,0,0,1,0,1,0,0,-1,1,0,0,0,0,-1,1,0,0,0,0,0,0,0,0,0,0,0,-1,0,0,0,1,-1,1,0,0,0,0,0,0,0,0,0
318,1,1,-1,-1,0,0,0,0,0,0,0,1,0,0,-1,0,0,0,1,0,-1,-1,0,0,1,0,0,0,0,0,0,1,-1,-1,0,1,0,0,0,0,1,1,-1,-1,0,0,0,0,0,0,1,-1,0,0,0,0,0,1,-1,0,1,0,0,0
319,1,0,-1,0,0,0,-1,1,1,0,-1,0,-1,-1,1,0,0,1,1,0,0,-1,0,0,1,0,0,0,0,0,0,0,-1,1,0,1,0,-1,0,0,0,0,0,0,0,0,0,1,1,0,0,0,0,0,0,0,0,0,0,0,1,1,0,0
320,0,1,1,0,1,0,0,0,-1,0,0,0,0,1,0,1,0,-1,-1,-1,-1,0,0,0,0,0,1,0,0,0,0,0,0,0,0,0,0,0,1,0,1,-1,1,0,0,0,0,0,1,-1,0,0,0,0,1,-1,0,0,0,-1,0,-1,1,0
321,-1,-1,0,0,1,0,0,0,0,-1,0,-1,1,0,0,0,1,0,0,0,0,0,-1,1,0,-1,0,-1,0,1,0,0,0,0,0,0,1,1,1,0,1,0,1,0,0,0,0,-1,0,0,0,0,-1,-1,1,0,1,0,1,0,1,0,0,1
322,-1,0,1,0,0,0,0,0,0,1,0,0,0,0,0,1,0,0,0,0,0,0,1,0,0,0,0,0,0,0,0,0,0,0,0,0,1,-1,0,0,0,-1,0,0,0,0,1,-1,0,-1,0,0,0,0,0,-1,-1,0,1,0,0,0,0,0
323,0,0,0,0,0,0,-1,0,-1,0,0,-1,-1,0,1,-1,0,0,0,0,0,0,0,0,1,0,0,0,0,0,0,0,-1,0,0,0,0,0,1,0,0,1,-1,0,0,0,-1,1,0,-1,0,0,1,-1,0,1,0,0,0,-1,0,0,0,0
324,0,0,0,0,-1,0,-1,0,-1,0,-1,0,0,1,0,0,0,0,0,1,1,0,0,1,-1,-1,0,0,-1,1,0,0,0,0,0,0,0,1,1,1,0,0,0,0,1,0,0,0,0,0,1,1,1,0,0,0,0,-1,0,-1,1,0,0,0
325,0,0,-1,0,-1,0,0,-1,-1,0,0,0,0,0,1,0,0,0,0,-1,1,-1,-1,-1,-1,0,0,-1,-1,0,0,-1,1,0,-1,-1,0,0,0,0,0,0,0,-1,1,0,1,-1,0,0,0,-1,1,0,1,-1,0,-1,1,0,-1,0,0,1
326,0,-1,0,0,1,0,0,0,-1,-1,0,0,0,1,1,0,0,0,0,-1,0,0,0,1,0,0,0,0,-1,-1,0,-1,0,0,0,-1,0,0,-1,0,1,0,0,0,0,1,0,0,0,0,0,0,-1,0,0,0,-1,0,0,-1,0,-1,1,0
327,0,0,0,0,0,0,0,0,0,0,0,0,1,0,1,0,0,0,0,1,0,-1,0,0,0,0,0,0,0,-1,1,0,0,0,0,-1,0,1,-1,0,1,0,0,-1,0,0,1,-1,0,-1,-1,1,0,0,0,0,0,0,0,-1,1,0,1,0
328,0,0,0,0,0,0,0,0,-1,0,1,-1,0,0,1,1,0,-1,1,1,0,-1,0,1,0,-1,0,0,1,0,0,0,0,0,-1,-1,0,1,0,0,0,0,0,0,0,0,0,0,1,0,0,0,0,-1,0,0,0,-1,0,0,1,-1,0,0
329,0,0,0,0,0,-1,-1,0,-1,-1,0,0,0,-1,0,-1,1,0,0,0,0,0,0,0,0,0,-1,0,1,0,1,0,0,0,1,-1,-1,0,0,1,-1,1,0,0,0,0,0,0,0,1,-1,0,0,0,1,1,0,0,-1,0,0,0,0,-1
330,0,0,0,0,-1,-1,0,-1,1,0,0,0,1,1,0,0,0,0,0,-1,0,1,1,-1,0,0,0,0,0,0,1,0,1,0,-1,1,1,1,1,0,0,0,0,-1,1,1,0,0,0,-1,0,0,0,0,1,1,-1,0,-1,0,1,0,0,0
331,0,1,0,-1,0,0,0,0,0,-1,-1,-1,1,0,0,1,0,0,0,0,1,0,0,0,0,-1,1,1,0,0,0,0,-1,0,0,0,0,0,1,-1,0,0,0,0,0,0,-1,0,0,0,0,0,0,0,0,0,1,0,0,0,1,0,0,1
332,0,0,0,0,0,0,0,0,-1,1,0,0,0,1,1,-1,0,0,0,0,0,0,1,0,0,0,-1,0,0,0,0,-1,-1,0,0,0,0,0,1,1,0,0,1,0,0,-1,0,0,-1,1,0,0,0,-1,0,-1,0,0,0,0,0,0,0,0
333,-1,0,-1,0,0,0,0,-1,0,0,1,-1,-1,0,1,1,0,1,0,0,0,0,0,1,0,-1,0,-1,0,0,0,0,-1,0,0,-1,-1,0,0,1,-1,0,0,1,0,-1,0,0,0,1,0,0,0,0,1,0,0,0,0,0,0,-1,1,0
334,1,-1,1,0,0,0,0,-1,0,0,0,0,0,0,-1,0,1,0,1,0,0,0,1,-1,0,1,1,0,0,0,0,0,0,1,0,0,1,0,1,0,1,0,0,0,0,-1,0,1,1,-1,1,1,0,0,0,0,0,-1,0,0,0,0,0,0
335,0,1,0,0,0,0,-1,0,0,1,-1,-1,0,0,0,0,0,0,0,0,1,0,0,0,0,0,0,0,0,-1,0,0,1,0,0,-1,-1,0,0,0,0,0,-1,0,0,-1,0,0,-1,0,-1,0,1,0,0,1,0,-1,0,-1,0,0,1,-1
336,-1,0,0,0,0,0,0,1,0,1,0,0,0,0,0,0,0,1,0,0,-1,0,-1,0,0,0,0,1,0,1,-1,0,0,-1,-1,-1,0,-1,1,1,1,0,1,0,0,-1,1,0,0,0,-1,0,-1,1,0,0,0,0,0,-1,0,-1,0,1
337,0,-1,0,-1,1,0,0,0,0,-1,0,-1,0,-1,1,0,0,0,0,0,0,0,1,0,0,0,0,1,1,0,0,0,0,0,1,-1,0,0,0,-1,0,0,1,0,0,-1,1,0,0,0,0,0,0,-1,0,0,0,0,0,-1,0,0,-1,0
338,0,1,0,0,1,0,0,0,1,0,0,0,-1,1,0,0,0,1,0,1,0,0,-1,-1,0,-1,0,-1,0,0,1,0,0,0,-1,-1,0,0,0,0,-1,0,0,0,1,0,0,0,-1,0,1,1,0,0,0,0,1,-1,0,0,0,1,0,-1
339,0,-1,0,0,0,0,0,-1,0,1,0,0,0,1,-1,0,0,-1,0,-1,0,0,0,0,0,1,1,0,0,0,0,0,0,1,0,0,0,0,-1,0,0,0,-1,0,0,0,0,-1,0,1,-1,0,-1,0,0,-1,0,0,0,-1,1,0,1,1
340,0,1,0,0,0,0,-1,0,0,-1,0,0,0,0,0,0,0,1,-1,0,0,-1,0,0,-1,-1,0,0,1,1,0,0,0,0,0,0,-1,1,0,0,0,-1,-1,0,-1,-1,-1,-1,0,0,0,-1,-1,0,0,0,-1,0,1,0,1,0,0,0
341,0,0,0,-1,-1,0,0,0,0,-1,0,0,0,0,0,-1,0,-1,0,0,0,-1,0,0,0,0,0,0,0,0,0,0,0,-1,0,-1,1,0,0,0,0,-1,0,0,0,-1,0,0,1,0,0,-1,0,0,-1,0,0,1,0,0,0,1,0,-1
342,0,0,0,0,1,-1,0,1,1,1,0,0,0,0,1,1,0,-1,-1,1,0,1,0,0,0,0,0,0,0,-1,-1,0,0,0,-1,0,0,0,-1,-1,-1,0,1,0,0,0,0,0,0,0,0,0,1,0,0,-1,1,0,0,0,0,0,0,0
343,0,1,0,0,0,0,0,1,0,1,0,0,0,1,0,0,1,1,0,0,0,0,-1,0,0,0,-1,0,0,0,0,0,0,1,0,0,0,0,0,0,0,0,0,0,-1,0,0,1,-1,0,1,0,0,0,0,0,0,-1,0,0,-1,0,0,0
344,1,-1,1,-1,-1,-1,-1,0,0,0,1,1,0,0,-1,0,0,-1,0,-1,0,0,-1,0,0,-1,1,-1,0,0,-1,0,0,1,0,0,0,0,0,-1,0,-1,0,1,0,0,0,0,0,0,0,-1,0,-1,0,-1,0,0,0,-1,0,-1,0,0
345,1,1,0,0,1,0,0,0,0,1,0,-1,0,0,0,0,0,0,0,0,0,-1,1,1,0,0,0,0,0,0,0,0,0,-1,0,0,0,0,0,1,0,1,0,1,0,0,0,0,0,0,-1,1,0,0,0,0,1,-1,0,0,0,0,0,0
346,0,1,0,-1,0,0,0,1,0,-1,0,0,0,0,0,0,0,0,0,0,0,0,0,0,-1,0,0,0,0,0,0,0,0,0,-1,0,-1,0,0,0,0,0,0,1,0,0,0,0,0,1,0,0,0,-1,0,-1,0,0,0,-1,0,-1,-1,0
347,0,0,0,1,0,0,0,0,1,-1,0,0,0,0,1,-1,0,0,0,1,0,-1,0,0,0,1,-1,0,1,1,-1,0,0,-1,0,0,0,0,0,0,0,0,0,0,0,0,-1,0,0,0,0,0,0,0,1,0,0,0,0,0,0,-1,0,0
348,-1,0,-1,-1,0,0,0,0,0,-1,-1,0,0,0,1,0,-1,-1,1,1,1,0,-1,-1,1,0,-1,-1,0,-1,0,0,1,1,0,0,0,0,1,0,-1,0,1,0,1,0,1,0,0,0,-1,0,0,1,0,0,1,1,0,0,1,0,0,0
349,0,1,1,0,0,1,0,0,1,0,1,0,0,0,1,0,0,0,0,0,0,0,-1,0,0,0,0,0,0,1,0,1,0,0,0,0,0,-1,1,1,-1,0,0,0,0,1,0,0,1,1,0,-1,-1,0,0,1,0,1,0,0,-1,-1,0,0
350,-1,-1,-1,0,0,1,0,0,-1,0,-1,0,-1,-1,0,0,0,0,0,-1,-1,0,0,0,-1,0,-1,1,0,0,0,-1,0,-1,0,0,0,0,-1,0,0,0,-1,0,0,1,0,-1,0,1,0,0,-1,-1,0,0,-1,0,0,0,-1,1,0,0
351,0,0,-1,0,0,1,1,1,0,1,-1,0,0,-1,1,0,1,-1,0,0,0,-1,-1,-1,0,0,1,0,0,0,-1,0,0,0,0,0,0,0,-1,0,0,0,0,0,0,-1,-1,-1,0,0,0,0,0,0,0,0,0,0,-1,0,-1,0,0,1
352,0,0,0,0,1,0,0,0,0,-1,0,-1,0,0,0,0,0,0,-1,0,-1,0,0,0,0,0,-1,0,0,0,-1,1,0,0,0,0,0,1,0,0,0,0,0,-1,0,1,0,0,0,0,0,0,0,0,0,-1,0,0,1,0,0,0,0,0
353,0,1,0,-1,0,0,0,-1,1,0,0,0,0,0,0,0,0,0,0,0,0,0,0,0,0,0,0,0,0,0,-1,-1,-1,0,0,0,0,1,0,1,0,0,-1,1,0,1,-1,0,0,-1,0,0,0,0,-1,-1,0,0,0,0,0,0,0,0
354,1,-1,0,-1,1,-1,-1,0,0,0,0,0,0,0,0,1,0,0,0,-1,0,1,0,0,0,-1,0,-1,0,0,0,0,0,0,0,0,0,0,0,0,0,0,0,1,0,0,1,-1,0,0,0,0,-1,0,0,-1,-1,1,0,0,0,-1,0,1
355,0,0,1,-1,0,0,0,-1,0,0,1,-1,0,1,-1,0,-1,0,0,0,0,0,0,0,-1,0,0,-1,-1,0,0,0,-1,0,0,0,-1,0,0,0,1,-1,1,-1,0,0,-1,0,1,1,0,1,0,0,0,0,1,0,0,0,0,0,0,-1
356,0,0,0,1,0,0,0,0,0,0,0,0,0,0,0,0,0,0,1,0,0,1,0,0,0,1,0,1,0,0,1,1,0,0,0,-1,0,-1,-1,1,0,0,0,0,0,1,1,0,0,1,1,0,1,-1,0,0,-1,0,0,-1,0,1,0,0
357,0,0,0,0,1,0,-1,0,0,0,0,0,1,-1,0,1,0,0,1,0,1,0,0,1,0,0,0,0,0,0,0,0,1,1,0,0,0,0,0,0,-1,0,0,-1,1,-1,1,0,0,0,0,0,1,0,0,0,0,1,-1,0,0,0,0,0
358,0,0,0,0,0,-1,0,0,1,0,-1,0,0,0,-1,1,-1,0,-1,1,0,0,0,-1,0,0,0,-1,0,1,0,0,0,0,0,0,1,0,-1,0,1,0,0,0,1,1,-1,0,0,0,0,0,0,0,0,1,0,-1,0,1,1,0,1,0
359,0,0,1,0,0,0,0,0,-1,0,0,-1,1,0,1,-1,0,1,0,1,1,0,0,-1,-1,0,0,-1,-1,0,0,0,0,0,0,-1,0,1,0,0,0,1,0,-1,1,0,1,0,-1,1,0,0,0,0,0,-1,-1,1,0,0,0,-1,-1,0
360,0,0,1,-1,0,0,0,0,0,1,0,1,0,-1,-1,0,1,0,0,1,0,0,1,1,0,0,0,1,0,1,-1,0,0,0,1,0,-1,1,0,0,1,-1,0,0,0,1,0,-1,-1,0,0,0,0,0,0,0,-1,0,0,1,1,0,-1,1
361,0,-1,0,-1,0,-1,1,-1,0,0,0,-1,0,0,0,-1,-1,0,0,1,0,-1,-1,1,0,0,0,0,0,0,0,0,-1,1,0,0,-1,0,1,-1,0,0,0,-1,-1,0,0,0,1,0,0,0,0,0,0,0,0,0,0,0,1,0,0,0
362,1,0,1,0,-1,0,0,-1,0,0,0,0,0,1,0,-1,0,0,0,0,0,0,-1,0,0,-1,0,0,0,-1,1,0,0,0,1,-1,0,1,-1,0,1,0,0,0,1,0,0,0,0,0,0,0,0,0,1,0,0,1,0,0,0,0,0,0
363,-1,0,0,0,-1,-1,0,1,0,1,1,0,0,0,0,0,1,0,0,0,0,0,0,0,0,0,0,0,-1,-1,0,0,0,0,-1,0,1,0,0,0,-1,0,0,0,0,0,0,0,0,-1,0,-1,-1,0,-1,0,0,1,0,0,0,0,-1,0
364,0,0,0,-1,1,0,0,0,-1,0,1,1,0,-1,0,0,1,0,0,0,0,-1,0,-1,0,0,0,0,0,1,0,1,0,0,0,0,-1,0,1,-1,0,0,0,0,1,0,-1,-1,0,0,0,-1,0,0,0,0,0,1,0,1,0,0,0,0
365,0,0,0,1,0,1,1,1,0,0,1,0,0,1,-1,0,0,1,0,0,-1,0,0,0,-1,1,0,0,-1,0,-1,0,1,-1,0,0,0,1,0,0,1,0,-1,0,1,0,0,0,0,0,0,0,0,0,0,-1,0,-1,0,0,0,0,0,0
366,0,0,1,0,0,-1,0,-1,1,0,0,1,-1,0,0,0,-1,1,0,0,0,-1,1,0,0,0,1,0,0,0,0,-1,1,0,0,0,0,0,0,1,0,-1,0,1,0,0,0,0,0,0,0,0,0,0,0,0,0,0,0,0,1,0,1,1
367,0,-1,0,0,1,1,1,1,0,0,0,-1,0,-1,-1,0,-1,0,1,0,1,1,-1,1,0,0,-1,-1,0,0,1,0,0,0,0,0,0,0,0,0,-1,0,0,0,-1,-1,1,0,0,0,-1,0,0,0,0,0,-1,1,0,1,0,0,-1,0
368,0,0,1,0,1,0,1,-1,1,0,0,0,-1,0,0,1,-1,0,0,0,-1,0,0,-1,1,0,0,0,1,0,0,-1,0,1,1,0,0,0,0,0,1,0,-1,0,0,0,0,0,1,-1,0,1,0,1,0,0,0,-1,0,0,0,0,0,0
369,-1,-1,0,0,-1,0,0,0,0,0,0,0,-1,0,-1,0,0,0,0,0,0,0,-1,1,-1,-1,0,0,0,-1,-1,0,0,0,1,0,0,0,0,-1,-1,0,0,0,1,1,-1,0,0,0,0,-1,0,1,-1,0,-1,0,0,0,0,1,0,-1
370,0,0,0,0,0,0,0,0,1,0,0,0,1,0,0,0,0,0,0,0,1,0,0,0,0,-1,0,0,0,0,1,-1,0,0,0,0,1,0,0,1,0,0,0,-1,0,0,-1,0,0,-1,-1,-1,0,0,-1,0,1,0,0,-1,-1,0,-1,0
371,0,0,1,0,-1,1,0,0,0,0,-1,0,0,0,0,-1,0,0,0,0,0,1,-1,-1,0,0,0,1,0,0,1,0,0,0,-1,0,0,1,0,1,0,-1,0,0,0,0,-1,1,1,0,0,1,0,1,0,-1,-1,0,0,1,1,0,0,1
372,-1,0,0,0,0,0,0,1,0,0,0,0,1,0,0,0,-1,0,1,0,0,1,0,1,0,0,0,0,0,0,-1,0,0,0,0,-1,0,0,0,0,0,1,0,0,-1,1,0,0,1,0,0,-1,-1,1,0,0,0,0,0,0,0,0,0,1
373,-1,0,0,0,-1,0,-1,-1,0,1,0,1,0,0,1,0,-1,0,0,1,0,-1,0,0,0,0,0,-1,0,0,1,0,0,-1,0,0,0,-1,0,0,0,1,1,0,0,0,1,1,-1,1,0,0,0,0,0,0,0,0,1,1,0,0,-1,0
374,0,-1,-1,1,0,0,1,0,0,0,1,0,1,0,0,0,0,0,1,0,1,0,0,0,-1,0,1,0,0,0,0,0,0,0,0,0,0,0,0,0,0,0,0,0,0,0,0,0,0,0,0,1,0,-1,1,0,0,0,0,0,0,0,1,1
375,0,0,0,1,1,-1,0,0,1,0,0,0,-1,0,0,0,0,0,0,0,0,0,-1,0,0,-1,0,0,-1,0,0,0,1,0,0,-1,0,0,0,0,-1,0,-1,0,-1,1,0,0,0,1,1,0,0,0,0,0,-1,0,0,0,0,0,0,1
376,-1,0,0,0,0,0,0,1,0,0,0,0,0,0,1,1,0,0,0,0,0,0,0,-1,0,0,0,0,-1,0,0,0,1,-1,0,0,0,1,0,0,-1,-1,1,0,1,-1,0,1,0,0,0,1,1,0,1,-1,0,0,0,-1,0,1,0,0
377,0,0,1,0,0,-1,0,0,0,1,0,1,0,0,1,0,1,0,0,0,1,0,0,1,0,0,0,0,0,-1,-1,0,-1,0,0,-1,1,0,0,0,1,0,0,-1,0,1,0,0,-1,1,1,0,-1,0,0,0,0,0,0,-1,1,0,-1,0
378,-1,-1,-1,0,0,0,0,0,0,0,1,-1,0,0,0,0,0,0,0,0,0,0,1,-1,0,0,0,1,1,0,1,-1,1,0,-1,1,0,-1,-1,0,-1,-1,1,1,0,-1,-1,0,0,0,-1,1,0,0,-1,0,0,0,0,0,0,0,0,0
379,-1,-1,0,1,1,0,0,1,0,0,-1,0,1,1,0,-1,0,1,0,1,1,0,0,0,0,0,0,0,0,0,1,0,0,1,0,0,0,0,0,0,-1,-1,-1,0,0,0,-1,0,0,-1,-1,-1,-1,0,0,0,-1,0,0,0,1,0,0,0
380,0,0,1,0,1,1,1,0,-1,0,0,-1,0,0,0,1,0,0,0,0,0,0,-1,1,0,0,0,0,0,0,0,-1,1,0,0,0,1,0,0,-1,-1,0,0,0,-1,1,0,1,0,0,0,1,-1,1,0,0,-1,0,0,-1,0,0,0,0
381,1,0,0,0,1,1,1,0,0,1,0,0,1,1,0,0,0,0,-1,0,1,1,-1,0,0,0,0,0,-1,0,0,0,1,1,1,0,0,0,0,0,1,0,1,1,-1,1,1,-1,0,0,0,0,0,0,0,0,-1,0,0,0,-1,0,1,-1
382,1,0,-1,0,1,0,0,-1,-1,0,-1,0,0,0,-1,0,0,1,0,1,0,0,0,0,1,0,-1,-1,-1,1,1,0,1,0,0,1,1,0,0,0,0,0,0,0,0,0,0,0,0,0,-1,-1,0,0,0,0,0,0,0,-1,1,0,0,0
383,0,0,0,1,0,0,-1,0,1,0,0,1,1,0,1,0,0,-1,0,0,0,0,0,0,0,1,0,0,0,0,0,0,0,0,1,0,1,0,-1,0,0,0,0,0,0,1,0,0,0,0,-1,-1,0,-1,0,0,0,0,0,0,-1,0,0,1
384,0,0,0,0,0,1,0,0,0,-1,0,-1,-1,-1,0,0,0,0,-1,-1,-1,0,1,1,-1,1,-1,1,1,0,0,0,0,0,-1,1,1,-1,-1,0,1,0,0,1,0,-1,0,-1,0,0,0,0,0,-1,0,1,0,0,0,0,0,1,0,0
385,0,-1,0,0,0,0,0,0,0,-1,0,1,-1,0,1,0,0,0,-1,0,1,-1,0,-1,0,0,0,0,-1,0,0,0,0,0,0,0,1,0,0,-1,0,1,0,0,0,-1,-1,0,0,0,1,0,0,0,0,0,0,0,0,0,0,-1,0,0
386,0,0,-1,0,0,0,0,0,0,0,0,0,1,0,0,0,0,0,1,-1,0,0,0,0,0,0,1,0,-1,0,0,1,0,-1,0,0,0,1,0,0,0,-1,0,1,0,0,0,-1,0,0,0,0,0,0,0,0,0,-1,0,1,1,-1,0,0
387,0,1,0,1,0,1,0,0,1,0,0,0,0,0,0,0,1,-1,0,0,0,0,0,0,0,0,0,1,0,0,-1,-1,0,0,0,0,0,0,-1,0,0,-1,1,-1,0,0,-1,1,1,0,0,-1,0,0,0,0,1,0,0,1,-1,-1,1,0
388,0,0,0,0,0,0,0,0,0,1,0,0,0,0,0,0,0,-1,-1,0,-1,0,0,0,0,-1,0,0,1,0,0,0,0,0,1,1,-1,0,-1,-1,0,1,0,0,1,0,0,0,0,1,0,0,0,1,1,0,0,0,0,0,1,0,1,0
389,0,0,1,0,0,0,-1,1,0,0,1,-1,0,0,0,0,0,1,0,0,0,1,-1,0,0,0,0,0,0,0,-1,0,0,0,1,-1,0,1,-1,1,1,-1,1,0,0,0,0,0,0,0,-1,0,0,-1,0,-1,0,-1,-1,0,0,0,0,0
390,0,0,-1,-1,0,1,1,0,1,0,1,0,0,-1,0,0,0,1,1,0,0,-1,-1,0,1,0,0,0,1,-1,-1,0,1,0,1,0,0,0,0,1,0,0,1,1,1,0,-1,0,0,0,1,1,0,0,0,-1,1,0,0,1,0,0,0,0
391,0,1,0,0,0,-1,0,1,0,-1,1,-1,0,-1,0,0,0,-1,-1,-1,0,-1,0,0,0,0,0,-1,0,1,0,0,0,0,0,0,0,0,-1,0,0,1,-1,0,0,-1,0,0,0,0,0,-1,0,0,1,0,0,0,0,0,0,0,0,-1
392,0,0,-1,0,0,0,1,0,0,0,-1,0,0,0,-1,0,1,1,0,0,1,-1,0,-1,0,0,0,0,-1,0,0,0,1,0,1,0,0,0,1,0,1,0,0,0,0,1,0,0,0,1,0,1,0,0,-1,0,-1,0,-1,1,0,0,0,0
393,0,-1,-1,0,0,0,0,0,1,-1,1,1,1,1,1,0,1,0,0,1,0,-1,0,0,0,1,0,-1,0,0,0,0,0,-1,0,0,1,-1,-1,0,1,-1,1,0,0,0,0,0,0,0,0,0,0,0,0,0,0,0,0,-1,0,1,0,0
394,-1,1,0,1,1,1,0,0,0,1,0,0,0,1,1,0,0,0,0,0,1,0,0,0,-1,0,-1,0,0,0,0,1,0,-1,0,-1,0,-1,0,1,-1,-1,0,1,0,0,1,1,-1,1,0,1,1,-1,0,0,0,0,0,-1,0,0,1,1
395,0,0,0,1,0,-1,0,1,0,0,0,0,1,0,0,0,-1,0,0,-1,1,1,-1,-1,0,0,0,1,0,-1,0,0,0,-1,0,0,-1,-1,1,0,0,0,1,0,1,0,0,0,0,-1,0,0,0,0,-1,0,0,0,0,0,1,0,0,0
396,0,1,0,0,0,0,0,0,0,1,1,-1,0,0,-1,0,0,1,0,0,0,0,0,0,0,0,0,0,-1,0,0,0,0,0,0,1,0,0,0,0,0,0,1,0,1,0,0,1,0,0,1,-1,0,0,-1,0,0,0,0,0,0,0,0,-1
397,0,1,0,0,0,0,0,0,0,0,0,-1,0,0,0,0,-1,0,0,0,-1,0,-1,0,0,0,-1,1,0,-1,0,-1,-1,1,0,0,0,0,0,0,-1,-1,-1,1,0,1,0,1,0,0,0,-1,-1,0,-1,0,0,1,0,0,0,0,0,0
398,0,1,-1,0,0,0,0,0,0,0,0,0,0,0,0,0,0,0,0,0,0,0,0,0,0,0,1,-1,0,0,0,-1,0,-1,0,0,0,1,-1,0,0,-1,0,1,1,0,0,0,0,1,0,0,0,0,0,-1,1,0,1,0,0,1,0,0
399,-1,-1,-1,0,0,1,0,0,0,0,0,0,0,0,1,-1,0,0,-1,0,0,0,0,1,0,1,-1,0,0,0,0,0,0,-1,0,0,0,0,1,1,0,0,1,0,-1,0,-1,0,0,1,0,-1,1,0,0,0,0,0,-1,1,0,0,0,0
400,0,0,-1,0,0,0,1,1,0,0,0,0,1,0,0,-1,0,0,0,0,0,0,0,0,0,0,0,0,-1,0,-1,0,0,-1,0,0,0,-1,-1,0,0,0,0,1,-1,1,1,0,0,0,-1,0,0,1,0,1,0,0,-1,0,1,1,0,0
401,0,0,-1,0,0,0,1,0,0,0,-1,1,0,0,0,0,1,0,0,0,0,1,0,0,-1,0,0,-1,0,0,0,0,-1,0,0,1,0,0,0,1,0,0,0,1,0,0,-1,0,0,0,0,0,0,1,0,0,0,-1,0,-1,0,0,0,0
402,1,0,0,0,-1,1,1,1,0,0,0,0,0,0,0,0,-1,0,1,0,0,-1,0,0,0,1,0,0,0,0,0,1,0,0,0,0,1,1,0,0,1,0,1,0,0,0,0,0,-1,-1,0,1,0,0,1,0,0,0,0,0,-1,1,0,0
403,-1,0,0,1,0,-1,1,0,1,0,0,-1,1,0,0,0,-1,-1,-1,1,0,-1,1,0,0,0,0,0,0,0,0,0,1,-1,0,0,0,0,0,0,0,0,-1,1,0,0,0,0,0,0,-1,1,0,0,-1,0,0,1,0,0,-1,0,0,0
404,0,-1,0,0,0,0,0,0,0,-1,-1,0,1,-1,1,0,-1,0,0,0,-1,1,0,0,0,0,-1,0,0,0,1,0,-1,0,1,0,1,0,0,0,0,-1,-1,-1,1,0,0,0,0,0,0,0,-1,0,0,0,1,0,0,0,0,0,1,1
405,0,1,0,0,0,0,0,0,-1,0,-1,-1,0,-1,1,0,1,-1,0,0,0,-1,1,0,0,0,0,-1,0,0,0,1,0,0,0,0,1,0,0,-1,-1,1,0,1,1,0,-1,-1,0,0,0,-1,-1,0,-1,0,1,1,0,-1,1,-1,0,0
406,0,-1,-1,0,0,0,0,0,0,1,0,0,0,0,0,0,0,0,0,0,0,0,0,-1,1,0,1,0,0,0,-1,0,0,-1,1,-1,0,0,-1,0,-1,1,-1,-1,0,-1,-1,0,0,0,0,-1,0,0,-1,1,0,-1,0,1,1,0,0,0
407,-1,1,0,0,0,0,0,0,0,1,0,1,0,0,0,0,0,1,1,0,-1,1,0,0,1,0,0,-1,1,0,0,0,0,0,1,0,-1,0,0,1,-1,0,-1,0,-1,0,0,0,-1,-1,0,0,0,0,-1,0,0,-1,0,0,0,0,1,0
408,0,0,0,1,0,0,0,-1,1,1,0,0,0,0,0,0,0,0,0,0,0,0,0,-1,-1,-1,0,-1,-1,0,0,-1,0,0,1,0,0,0,0,0,0,1,-1,0,1,0,0,0,1,0,0,0,0,0,0,0,0,0,0,-1,0,-1,0,0
409,0,0,-1,0,0,0,0,0,0,0,-1,1,0,0,0,1,0,0,0,1,0,0,0,0,0,1,0,0,0,0,0,-1,0,0,0,0,1,0,1,0,0,0,0,0,0,0,1,1,-1,0,-1,0,0,0,0,-1,0,0,0,-1,-1,0,-1,0
410,-1,1,0,0,0,0,-1,0,-1,0,0,0,0,0,0,1,0,-1,0,1,-1,1,0,1,0,0,0,0,0,0,0,1,0,0,1,0,-1,0,-1,0,1,0,0,0,0,1,0,1,0,0,0,0,0,0,0,0,0,0,-1,0,0,0,0,0
411,0,0,0,0,0,-1,0,1,0,0,0,0,1,1,0,0,-1,-1,-1,0,1,0,0,0,0,-1,1,0,0,0,0,0,0,0,-1,0,0,0,0,0,0,0,1,0,1,0,0,0,0,0,-1,-1,0,1,0,1,1,1,0,-1,0,0,0,0
412,0,0,0,-1,0,0,-1,0,0,0,0,0,0,0,0,-1,0,0,0,0,1,0,0,0,1,0,-1,-1,0,0,0,0,1,0,-1,0,0,0,0,0,1,0,0,-1,0,0,0,0,0,0,-1,0,0,1,0,0,0,-1,0,0,0,0,0,-1
413,0,1,0,0,0,0,0,0,0,0,0,0,0,0,0,0,0,0,1,0,0,0,1,-1,0,1,-1,0,0,0,0,0,0,0,0,0,-1,0,0,1,0,-1,0,0,1,0,0,-1,1,0,1,0,0,1,0,0,0,0,1,0,1,0,-1,0
414,0,1,1,1,0,-1,-1,0,0,-1,0,0,0,0,0,0,0,0,0,0,0,1,0,1,1,0,-1,1,0,0,0,1,0,1,-1,0,-1,-1,1,0,0,-1,0,-1,0,0,-1,0,0,1,0,1,0,1,0,0,0,0,-1,0,0,-1,-1,0
415,0,0,0,0,0,0,0,0,0,0,0,0,0,0,0,0,-1,1,0,0,1,0,1,0,0,0,0,0,1,0,0,1,1,0,0,0,1,-1,0,0,-1,0,0,1,0,-1,0,1,0,0,-1,0,0,0,0,0,0,1,1,0,1,0,0,1
416,0,0,-1,0,1,-1,0,0,1,0,0,-1,0,0,0,-1,0,0,1,0,0,0,0,0,0,-1,0,0,1,0,0,1,0,0,0,1,1,-1,0,0,0,0,1,0,-1,1,1,0,0,1,1,-1,0,1,0,1,0,0,-1,0,-1,0,-1,0
417,1,0,0,1,0,1,0,0,0,0,0,0,0,0,0,0,0,0,0,1,0,0,-1,0,0,1,0,-1,1,0,0,0,0,0,0,0,0,0,0,-1,-1,0,0,-1,-1,0,0,-1,0,-1,0,0,0,0,0,0,1,0,0,0,0,-1,0,0
418,1,0,1,0,0,0,0,-1,0,1,0,0,0,0,0,0,0,0,0,0,-1,0,-1,0,0,1,0,0,0,0,0,0,0,-1,0,0,-1,1,0,0,-1,1,0,0,0,0,1,0,1,0,0,1,-1,1,1,0,1,-1,-1,-1,0,0,0,0
419,1,1,-1,0,0,0,0,0,0,0,0,-1,1,1,-1,0,-1,0,-1,0,-1,0,1,-1,0,0,0,0,1,0,0,0,-1,0,0,0,0,0,-1,0,0,-1,1,0,1,0,0,0,0,1,0,0,-1,0,0,-1,0,0,0,0,0,0,-1,1
420,1,-1,0,-1,0,1,-1,0,1,1,-1,0,0,0,0,-1,0,0,0,0,0,0,0,0,0,0,0,0,0,0,1,0,0,0,0,-1,0,0,0,1,0,0,1,1,-1,0,0,0,0,0,0,0,1,0,0,0,0,1,1,0,-1,0,0,0
421,0,0,0,1,0,0,0,0,0,0,0,0,0,0,-1,0,0,0,0,0,0,0,0,0,0,0,0,1,0,1,-1,0,0,1,0,0,0,0,0,0,0,-1,0,-1,1,1,0,0,0,0,0,0,0,0,-1,0,0,0,0,-1,0,-1,0,1
422,1,1,0,0,0,0,0,0,-1,1,1,1,0,0,-1,0,0,0,1,-1,-1,0,1,0,0,0,-1,0,0,0,1,-1,0,0,0,0,1,0,0,0,0,0,-1,0,0,0,0,0,-1,0,0,0,1,0,0,0,0,1,0,0,0,0,0,0
423,0,0,1,0,0,1,0,0,0,0,0,0,0,0,0,0,-1,0,0,1,0,0,0,0,-1,-1,0,1,1,1,0,0,0,-1,-1,0,0,0,0,0,0,-1,0,0,0,0,0,0,-1,-1,0,1,0,1,0,1,-1,0,0,1,1,-1,0,0
424,0,-1,0,0,0,0,0,0,-1,0,0,1,0,-1,0,-1,1,0,-1,0,0,0,-1,0,0,0,0,0,0,0,1,-1,0,0,0,0,0,0,0,0,0,-1,-1,0,-1,0,0,0,0,0,-1,1,0,0,0,0,0,0,0,0,0,1,1,0
425,1,1,0,-1,0,0,0,0,0,0,1,0,0,0,0,0,0,0,0,0,0,0,0,0,-1,-1,-1,0,1,-1,-1,0,1,0,0,0,0,0,1,-1,0,1,0,0,1,0,-1,0,0,0,-1,0,-1,0,0,0,0,1,0,0,0,1,0,0
426,-1,0,-1,1,0,1,0,0,0,0,0,-1,0,0,0,1,1,1,0,0,0,0,0,-1,0,0,0,0,-1,0,0,-1,0,0,-1,0,0,1,0,0,0,-1,0,0,0,0,0,1,0,0,0,0,0,0,0,0,1,-1,0,0,0,0,1,1
427,1,0,1,1,0,0,-1,0,0,0,0,0,0,0,0,-1,0,0,0,-1,0,0,0,1,0,0,-1,0,0,-1,-1,0,0,1,0,0,0,0,0,0,1,0,0,0,0,0,0,0,0,0,-1,1,1,0,0,-1,1,0,0,0,0,0,-1,0
428,0,0,0,0,0,1,1,0,-1,0,-1,1,0,-1,0,0,0,0,0,1,0,0,0,-1,0,0,-1,0,1,0,0,0,0,-1,0,1,0,0,-1,0,0,1,-1,0,0,0,0,-1,0,0,0,0,1,0,0,0,0,0,-1,0,0,0,0,0
429,1,1,0,0,0,0,-1,0,1,0,0,0,0,-1,-1,0,-1,0,-1,0,-1,0,-1,0,0,0,0,1,0,0,1,-1,1,0,0,0,-1,1,1,1,0,0,0,-1,-1,1,0,0,0,0,0,0,-1,0,0,1,0,0,0,0,-1,1,0,0
430,1,0,0,-1,0,0,-1,0,0,-1,0,0,1,1,0,0,0,0,0,0,0,-1,0,1,0,1,0,0,1,0,0,0,0,0,1,0,0,-1,0,0,0,0,0,0,0,-1,0,0,0,1,0,0,0,-1,-1,0,1,0,1,-1,0,0,-1,0
431,0,0,0,1,-1,0,0,0,1,-1,0,1,1,0,0,0,1,1,0,0,-1,0,-1,0,0,0,1,0,0,0,0,1,0,0,-1,-1,0,0,0,0,0,0,1,0,0,0,1,0,1,0,1,1,0,-1,1,0,-1,0,0,0,-1,-1,0,1
432,1,0,0,1,1,0,0,1,-1,0,1,0,0,1,-1,-1,0,0,0,0,-1,0,0,-1,0,1,-1,0,0,0,0,0,0,1,0,0,0,0,0,0,0,0,0,0,0,1,0,0,0,0,1,0,0,0,0,1,0,1,0,0,0,0,0,-1
433,0,0,1,0,0,0,0,-1,0,-1,0,1,-1,0,0,0,0,0,1,0,0,0,0,-1,0,1,0,0,-1,0,1,0,-1,0,-1,0,1,-1,0,1,0,0,1,0,1,0,-1,0,0,0,0,0,0,0,1,0,0,1,0,0,0,0,0,0
434,0,0,0,0,1,0,1,0,0,0,1,0,0,0,0,0,0,0,-1,0,0,1,0,0,0,-1,0,0,1,0,-1,0,0,-1,0,0,0,0,-1,1,0,1,0,-1,0,1,0,-1,0,1,0,-1,0,1,0,0,1,-1,0,1,0,0,0,0
435,-1,0,0,0,0,0,0,-1,0,0,-1,-1,1,1,0,0,0,1,0,0,0,0,0,1,-1,1,0,1,1,0,0,-1,-1,0,0,0,-1,0,0,0,1,1,0,-1,1,1,1,0,-1,0,1,0,0,1,0,0,0,0,0,0,0,0,-1,0
436,1,0,-1,0,0,0,0,0,-1,0,0,0,1,0,0,1,1,1,-1,0,0,-1,1,0,0,1,0,1,0,-1,0,0,0,0,0,-1,1,0,-1,0,0,0,0,1,0,-1,-1,0,-1,0,1,0,0,1,0,0,1,-1,-1,0,0,0,-1,1
437,0,1,1,0,0,0,1,-1,0,-1,0,0,0,0,0,0,0,0,0,0,0,-1,-1,0,1,0,0,-1,0,0,0,-1,0,1,0,0,0,0,0,-1,-1,-1,0,-1,0,0,0,0,0,1,-1,0,-1,-1,0,0,0,0,0,0,0,1,0,1
438,0,0,0,0,0,0,1,1,0,0,0,0,1,-1,-1,0,0,0,0,1,0,1,0,1,0,1,-1,-1,0,0,0,0,1,0,0,0,-1,0,0,0,-1,-1,-1,0,1,0,0,0,0,-1,-1,0,0,0,0,-1,0,0,1,0,0,0,0,1
439,0,0,0,0,-1,0,1,0,-1,1,0,0,-1,0,0,0,0,0,-1,0,1,0,-1,1,0,0,0,-1,0,0,0,-1,1,0,0,-1,-1,1,-1,1,0,-1,-1,0,0,1,1,1,0,1,0,0,1,1,0,-1,0,0,0,0,1,1,0,0
440,0,0,0,1,0,0,0,0,0,0,-1,0,1,0,-1,1,0,0,-1,0,-1,-1,0,-1,-1,0,0,0,-1,0,0,0,0,0,-1,1,0,0,0,0,0,0,0,-1,-1,0,0,0,0,0,0,0,-1,0,0,1,0,0,0,0,0,0,0,0
441,1,0,1,0,0,0,0,0,0,1,0,1,0,0,0,0,0,0,0,0,1,0,-1,0,1,0,0,0,0,0,-1,0,1,0,1,0,0,1,0,0,0,0,0,0,1,0,-1,0,0,0,1,0,1,1,0,0,0,0,0,-1,0,0,0,0
442,0,-1,-1,-1,-1,0,-1,0,0,0,1,1,0,0,0,-1,-1,0,-1,0,0,0,0,0,0,0,0,0,1,0,-1,-1,0,0,0,-1,0,1,-1,0,0,0,0,0,0,0,0,1,0,0,0,0,1,0,-1,0,1,0,0,0,0,0,0,1
443,0,0,0,0,0,0,0,1,0,0,0,0,0,0,0,-1,0,0,0,0,0,0,1,0,-1,-1,0,0,1,1,0,0,1,0,0,1,-1,1,0,0,0,-1,-1,0,1,0,0,0,0,0,0,0,0,0,0,0,1,0,-1,0,1,0,0,1
444,-1,0,1,0,0,0,-1,1,0,0,0,0,1,1,0,0,1,0,0,1,0,1,0,0,0,0,0,0,0,1,0,1,0,-1,0,0,-1,0,1,0,0,0,0,0,-1,0,0,0,0,0,0,0,0,0,0,-1,1,0,-1,0,-1,0,0,0
445,1,-1,1,1,1,0,0,0,0,0,0,0,-1,0,0,-1,0,0,0,0,0,0,0,0,0,-1,0,-1,0,0,1,1,0,0,0,0,0,0,0,0,0,0,0,1,0,1,0,0,0,0,-1,0,0,0,0,-1,0,0,0,0,0,0,0,0
446,0,0,0,0,1,0,0,1,0,1,0,0,0,0,0,1,1,0,0,-1,0,-1,0,0,-1,-1,1,1,0,0,0,0,0,0,0,1,0,0,0,0,-1,0,1,0,1,0,-1,0,0,-1,0,0,1,1,1,1,0,0,0,1,0,-1,1,0
447,-1,0,1,0,0,-1,0,0,0,-1,0,-1,0,1,0,0,0,0,0,1,0,0,0,0,1,0,-1,0,0,0,0,1,0,0,0,0,0,-1,1,0,-1,0,0,0,-1,0,0,0,-1,0,-1,-1,-1,1,0,-1,0,0,1,1,-1,0,0,0
448,0,0,0,-1,1,0,-1,-1,0,0,0,-1,-1,0,-1,-1,0,-1,0,-1,0,0,0,1,0,-1,0,0,0,1,-1,0,0,0,1,1,0,0,-1,0,0,0,-1,-1,-1,0,-1,0,1,0,0,0,0,0,0,1,0,0,0,1,-1,0,-1,0
449,0,0,-1,1,0,0,0,0,0,0,1,0,0,0,-1,1,0,-1,-1,1,-1,0,0,0,-1,0,0,1,-1,-1,1,-1,0,1,-1,0,0,-1,0,-1,0,0,-1,-1,1,-1,-1,0,0,1,1,0,0,-1,0,0,0,0,0,0,-1,0,0,1
450,-1,0,0,1,1,-1,0,0,1,0,0,0,0,0,0,0,0,0,0,0,0,0,0,0,0,0,-1,1,0,0,0,0,0,0,0,1,0,0,0,0,-1,0,0,-1,-1,-1,1,0,0,0,0,0,-1,0,0,0,1,-1,1,0,0,-1,0,0
451,0,1,0,1,-1,-1,0,0,0,0,1,0,1,0,1,-1,0,0,0,0,0,0,0,0,0,0,-1,1,0,0,0,0,0,0,1,0,1,0,0,1,0,0,0,0,0,0,0,0,1,0,0,0,0,0,0,0,0,0,0,0,1,-1,0,0
452,1,0,0,0,1,0,0,1,0,0,0,0,0,0,0,-1,0,0,0,1,0,0,0,0,0,0,0,-1,1,0,0,1,0,1,0,0,0,-1,0,0,0,0,1,0,-1,1,0,-1,-1,0,0,0,1,0,0,-1,0,0,0,0,0,0,0,0
453,1,-1,0,0,0,0,0,0,1,1,0,-1,0,0,1,0,-1,-1,1,0,-1,1,0,-1,1,0,-1,0,0,1,-1,0,0,1,0,0,-1,0,0,1,0,-1,1,0,0,1,0,0,1,-1,0,0,0,0,0,-1,0,0,-1,0,0,1,1,0
454,0,1,1,1,0,-1,-1,0,0,-1,-1,-1,-1,0,0,-1,1,0,0,0,-1,0,0,0,0,0,0,0,0,0,0,0,0,0,1,0,-1,1,1,0,0,-1,0,0,-1,0,-1,0,0,0,0,0,1,1,0,1,0,-1,0,0,-1,0,0,0
455,0,0,0,0,-1,1,1,0,0,0,0,-1,0,1,1,0,0,0,-1,0,0,0,0,-1,1,0,0,-1,0,0,0,0,0,0,1,-1,0,0,1,-1,0,0,0,1,0,0,0,0,-1,0,0,0,0,0,0,1,0,0,0,0,0,1,0,1
456,0,0,0,0,1,0,0,1,1,-1,0,-1,0,0,-1,1,0,1,1,0,0,1,0,0,0,1,0,0,0,0,1,-1,1,0,0,0,0,0,1,0,0,0,0,0,0,1,0,0,0,1,0,-1,0,0,0,0,0,1,0,1,-1,-1,0,0
457,1,-1,0,0,0,1,0,1,0,1,0,0,0,0,-1,0,-1,0,0,0,0,0,1,1,0,0,0,0,0,0,1,-1,0,0,0,0,0,0,0,-1,0,-1,0,0,0,0,0,1,0,-1,0,0,0,0,0,0,0,0,0,-1,0,0,-1,0
458,1,0,0,-1,0,0,0,0,0,1,1,1,1,-1,1,1,-1,0,0,0,0,0,0,0,0,0,-1,1,0,0,1,1,0,0,0,-1,0,0,1,0,0,0,0,0,0,0,0,1,-1,0,0,-1,-1,0,0,0,0,0,0,0,0,0,0,0
459,1,0,0,0,0,0,0,0,0,0,1,0,0,0,1,0,1,1,-1,1,0,0,0,1,0,-1,1,0,0,1,-1,1,1,0,0,0,0,0,-1,1,0,0,0,0,0,0,0,0,0,1,0,0,0,1,1,0,0,0,-1,0,0,0,0,0
460,-1,0,0,1,-1,0,1,1,0,1,1,1,0,0,-1,0,-1,0,0,1,0,0,0,-1,0,0,-1,1,0,0,-1,0,0,0,1,0,0,-1,0,1,-1,0,0,-1,-1,-1,1,-1,-1,0,0,0,1,-1,0,0,0,-1,0,0,0,0,1,1
461,0,0,0,0,0,0,1,0,-1,1,0,0,0,0,0,-1,-1,0,0,1,0,-1,0,0,0,0,-1,0,0,0,0,0,0,1,0,0,-1,0,0,0,0,0,0,0,0,0,0,0,0,0,0,0,0,1,0,-1,-1,-1,0,0,0,0,0,0
462,0,-1,1,0,0,1,0,0,1,0,-1,0,0,0,1,-1,0,0,1,-1,0,0,0,0,0,0,0,-1,0,0,0,0,0,0,-1,0,0,1,0,0,0,0,-1,0,0,0,0,1,0,1,-1,0,1,1,1,0,1,0,-1,0,0,0,0,0
463,0,1,1,0,0,0,0,-1,-1,0,-1,0,0,0,0,-1,0,1,0,1,0,0,0,1,0,0,0,1,1,0,1,0,0,0,0,0,0,0,1,0,0,1,0,1,0,1,0,0,1,0,0,1,0,0,0,0,-1,-1,0,-1,1,0,1,-1
464,0,0,0,1,0,0,0,0,0,1,0,0,-1,-1,0,0,0,0,0,0,-1,1,0,-1,-1,-1,0,0,0,-1,0,0,0,0,1,-1,0,0,0,1,0,0,0,0,0,1,-1,-1,0,0,0,0,0,-1,0,1,-1,0,0,0,1,-1,0,-1
465,0,0,-1,1,0,0,0,1,0,0,0,0,0,-1,0,0,0,0,0,0,0,1,-1,0,-1,0,0,-1,1,-1,0,0,0,0,1,-1,0,0,0,0,1,0,0,1,0,0,-1,1,-1,0,0,-1,-1,0,0,0,0,0,-1,0,1,0,0,0
466,0,1,0,0,-1,1,0,-1,-1,-1,0,0,0,0,0,0,0,0,0,0,0,0,0,1,0,1,0,0,0,0,0,0,0,-1,-1,0,0,0,0,0,0,0,0,0,0,1,0,0,-1,-1,-1,0,0,-1,-1,-1,1,-1,-1,0,-1,0,-1,0
467,0,1,0,0,0,1,0,0,0,0,1,0,0,0,0,-1,0,-1,0,0,0,0,0,0,0,0,0,0,0,1,0,0,0,0,0,0,0,0,-1,0,1,-1,0,-1,0,-1,0,0,-1,0,0,0,1,0,0,0,0,-1,0,0,1,0,0,1
468,0,1,1,0,0,0,-1,-1,-1,0,0,0,0,0,0,0,0,0,-1,1,0,0,1,0,0,0,0,0,-1,0,0,0,0,0,0,1,0,0,0,1,1,0,1,0,0,0,0,0,0,0,0,0,1,0,0,0,0,0,0,0,0,0,1,0
469,0,1,-1,-1,0,0,0,1,1,0,0,0,-1,1,0,0,0,0,0,0,1,1,-1,0,-1,0,-1,-1,0,0,-1,0,1,0,0,-1,0,0,0,0,0,-1,0,0,0,0,1,0,0,0,0,0,1,0,0,0,0,0,0,1,0,-1,-1,0
470,-1,0,0,0,0,0,0,1,1,0,1,0,1,0,-1,0,-1,-1,0,0,0,-1,1,0,-1,0,-1,0,1,0,0,0,-1,0,-1,-1,-1,0,1,0,1,0,1,0,0,0,0,0,-1,0,-1,-1,0,0,0,1,0,0,0,-1,1,0,1,0
471,-1,1,-1,0,0,0,0,0,1,-1,0,0,0,-1,1,0,0,-1,0,0,1,0,0,-1,0,1,-1,0,0,0,0,0,0,0,1,-1,1,0,1,1,0,0,0,0,0,-1,0,0,0,0,0,0,0,0,0,0,1,0,0,0,0,0,0,0
472,-1,0,0,-1,0,-1,0,0,-1,-1,0,0,1,0,0,0,0,0,0,0,1,0,-1,0,0,0,-1,0,0,0,0,0,0,0,0,0,0,0,1,0,0,0,0,-1,0,0,0,0,0,-1,-1,0,-1,0,0,-1,0,1,0,-1,-1,0,0,0
473,0,0,-1,0,0,-1,0,-1,0,-1,0,0,0,0,1,0,1,0,1,0,1,0,0,-1,0,0,0,-1,1,-1,-1,1,0,0,-1,0,0,0,0,0,0,1,0,0,0,0,0,1,0,0,0,-1,0,0,1,1,0,-1,0,1,1,0,0,0
474,0,0,0,0,0,0,0,1,0,0,0,1,0,0,1,-1,0,0,0,1,0,1,0,1,-1,-1,-1,0,0,0,1,0,0,0,1,0,0,0,0,-1,-1,0,0,1,0,1,0,0,0,0,0,0,0,0,0,0,0,-1,-1,0,1,0,0,0
475,0,-1,1,0,0,0,0,0,-1,0,0,0,0,1,0,1,1,0,-1,-1,0,0,0,0,1,-1,1,-1,0,-1,-1,0,0,0,0,0,0,0,1,1,0,1,1,0,1,-1,0,1,-1,-1,1,0,0,0,0,0,1,-1,0,0,1,0,0,0
476,0,0,0,-1,0,0,-1,0,1,1,0,1,0,0,-1,-1,0,0,1,0,-1,1,0,-1,1,-1,0,0,0,0,0,0,0,1,1,-1,1,-1,0,0,-1,-1,0,0,1,0,0,0,0,0,-1,0,-1,0,0,0,0,0,1,0,0,0,0,0
477,0,0,0,0,0,0,0,0,-1,1,-1,-1,0,0,0,-1,0,0,-1,0,0,0,0,0,-1,1,0,0,0,1,-1,0,0,0,1,-1,0,0,0,-1,0,0,0,0,1,0,0,1,0,1,0,0,0,0,0,0,0,0,1,0,1,-1,-1,0
478,1,0,1,0,0,0,0,0,0,0,0,1,0,0,0,0,1,-1,0,0,0,1,0,0,0,0,0,0,0,0,0,-1,-1,0,1,-1,-1,0,1,1,0,1,1,0,0,0,0,0,1,0,0,0,1,0,1,-1,0,0,1,0,0,0,0,1
479,0,0,0,0,1,-1,-1,0,-1,0,-1,0,0,0,1,0,1,1,0,-1,0,1,0,0,1,-1,-1,0,0,0,0,0,0,0,0,0,0,0,0,0,1,1,-1,1,0,0,0,0,0,1,-1,0,-1,0,0,0,-1,-1,-1,1,0,0,0,1
480,0,-1,0,-1,0,1,0,1,0,1,0,0,0,0,1,0,0,0,1,0,0,0,0,0,0,-1,0,0,0,0,0,0,1,0,0,-1,1,0,1,0,0,0,0,0,-1,0,0,-1,0,0,0,0,0,0,0,0,-1,0,0,0,0,-1,0,0
481,0,0,0,0,0,0,0,0,0,0,0,0,0,1,0,-1,0,0,1,0,0,0,0,0,0,0,0,1,0,-1,0,0,-1,0,0,1,-1,0,0,0,0,-1,1,0,1,0,0,0,0,0,0,0,0,0,-1,1,0,0,0,0,0,0,-1,0
482,0,1,0,0,1,-1,0,1,0,0,-1,1,-1,0,0,0,0,0,1,0,1,1,0,0,0,0,-1,1,1,0,0,-1,0,-1,0,1,0,1,0,0,0,0,-1,0,1,1,0,0,0,0,0,0,-1,0,0,0,0,0,1,0,0,0,0,1
483,0,0,0,0,-1,0,0,1,0,0,0,0,0,0,-1,0,1,0,0,0,0,0,0,-1,0,1,1,0,0,-1,0,1,0,1,-1,0,0,1,-1,0,0,0,-1,0,0,0,0,0,0,0,0,0,0,0,0,0,-1,1,0,0,0,0,0,0
484,0,0,1,1,0,0,0,-1,-1,0,0,1,0,1,0,1,1,0,-1,-1,0,1,0,0,0,0,-1,0,1,1,0,0,-1,0,0,0,0,1,0,0,0,0,1,-1,1,0,0,0,0,1,0,0,0,0,0,0,-1,0,0,0,-1,0,1,0
485,0,0,0,0,-1,0,-1,0,0,0,0,1,0,0,1,0,0,-1,-1,0,-1,0,0,-1,0,0,0,1,-1,0,-1,0,0,0,0,0,1,-1,0,-1,0,-1,0,0,0,0,0,0,0,-1,1,1,0,0,0,-1,1,0,0,0,-1,1,0,0
486,0,0,0,0,0,1,0,0,0,0,0,-1,0,-1,0,0,0,0,0,0,0,0,1,0,0,-1,1,0,0,-1,0,1,0,0,0,1,0,0,0,-1,1,0,0,1,0,0,1,0,0,0,1,1,0,0,0,1,0,1,0,-1,0,0,0,1
487,0,0,-1,-1,0,-1,1,1,-1,0,0,0,-1,0,-1,0,0,0,0,1,0,-1,0,-1,0,1,0,-1,-1,0,1,-1,1,0,0,1,0,0,1,0,0,0,0,0,1,-1,0,0,0,0,0,1,0,1,0,1,0,-1,1,-1,0,0,0,0
488,0,0,-1,1,1,0,0,1,0,-1,1,1,0,1,-1,0,0,-1,0,0,0,0,1,-1,0,1,0,-1,1,-1,0,0,-1,0,0,0,0,0,-1,0,1,1,-1,0,-1,0,0,1,0,0,0,0,-1,1,-1,0,0,0,1,-1,0,0,0,0
489,1,0,0,0,0,-1,0,0,-1,0,0,0,0,1,-1,1,0,0,0,0,-1,0,0,0,-1,1,0,0,0,0,-1,1,-1,1,0,0,0,-1,1,0,1,0,0,0,0,1,0,0,0,0,0,-1,1,1,-1,1,0,0,0,0,0,-1,0,-1
490,0,1,0,1,0,0,0,0,0,0,-1,-1,1,0,0,0,0,0,-1,0,-1,0,0,0,0,-1,0,0,1,0,0,0,-1,1,-1,0,-1,0,1,0,0,1,0,0,0,0,0,1,0,-1,0,0,-1,0,1,0,0,1,1,0,0,0,0,1
491,0,-1,-1,0,0,0,0,1,1,0,-1,0,0,-1,0,0,0,0,1,1,0,0,0,-1,0,0,1,-1,-1,-1,1,0,0,1,0,0,0,-1,0,0,0,0,0,0,0,1,0,0,0,0,0,0,0,1,0,-1,0,1,0,-1,-1,0,1,0
492,1,0,1,0,0,0,0,0,0,0,0,0,-1,0,0,-1,-1,1,0,0,-1,0,-1,0,1,-1,0,1,1,0,0,1,0,0,0,0,-1,1,0,0,0,0,0,0,0,0,1,0,-1,0,0,-1,-1,0,0,0,0,0,1,0,0,0,0,0
493,0,0,0,0,0,0,0,0,0,1,0,0,0,0,0,-1,0,0,0,0,0,0,0,0,0,0,1,0,1,0,-1,-1,1,0,0,0,0,0,-1,0,0,1,1,1,0,0,0,0,0,0,0,-1,-1,0,1,1,1,-1,0,0,1,0,0,0
494,-1,-1,0,0,0,0,0,1,0,0,0,0,0,-1,-1,0,0,0,0,0,1,0,0,0,0,0,0,0,0,0,-1,0,0,0,0,0,0,0,1,0,0,0,0,1,-1,0,0,0,0,0,0,0,0,0,0,0,1,0,1,0,1,0,0,0
495,0,0,0,0,0,0,-1,1,0,1,0,0,0,0,-1,0,1,0,0,1,0,0,0,0,0,0,-1,-1,1,0,1,0,1,0,-1,-1,0,0,0,0,1,1,0,-1,0,1,0,0,-1,0,1,-1,0,-1,-1,0,0,-1,0,1,0,-1,1,-1
496,1,0,0,1,0,0,-1,0,-1,0,1,0,0,0,1,0,-1,0,-1,-1,1,0,0,0,0,1,0,0,0,0,0,0,1,0,-1,-1,0,0,0,0,0,0,1,0,0,0,0,1,-1,0,0,0,0,0,0,0,0,1,0,0,1,0,1,0
497,-1,0,1,0,0,1,1,0,0,-1,0,0,0,1,0,0,-1,0,0,-1,0,0,0,1,1,0,-1,0,0,1,0,0,0,1,1,1,0,0,0,0,0,0,-1,0,0,0,0,-1,1,0,1,0,0,0,0,0,0,0,-1,0,-1,0,-1,0
498,0,1,1,1,0,0,0,0,0,1,0,0,1,0,0,0,0,0,0,0,0,0,0,0,0,0,0,0,0,0,0,0,0,0,0,-1,0,1,1,0,-1,1,1,1,-1,0,1,0,-1,0,0,0,0,-1,0,1,0,0,1,-1,0,0,0,0
499,0,-1,-1,1,0,0,0,0,0,0,0,0,0,-1,1,0,0,0,0,1,0,1,0,1,0,-1,1,0,0,0,0,0,-1,-1,-1,-1,0,0,-1,1,-1,0,0,0,1,0,-1,0,0,0,1,0,0,0,1,1,1,0,0,1,-1,0,0,0
500,0,0,0,1,0,0,0,0,0,0,0,1,1,0,0,0,0,0,0,-1,0,-1,0,0,0,0,1,0,1,0,0,0,0,0,1,0,0,1,0,0,0,-1,-1,-1,-1,0,0,0,0,0,0,0,0,0,0,0,1,0,0,0,-1,-1,-1,0
501,0,0,0,0,0,0,0,1,0,0,0,0,0,0,0,0,0,1,0,0,-1,0,0,0,0,0,0,0,0,0,-1,0,0,0,-1,0,0,1,-1,1,0,-1,0,1,0,0,0,0,0,0,1,0,0,0,-1,1,0,0,0,-1,-1,-1,0,0
502,0,0,0,1,-1,0,0,0,0,0,0,0,0,0,0,1,0,0,0,0,1,-1,0,0,0,0,1,-1,0,0,0,1,1,0,0,1,0,0,0,0,0,0,0,0,-1,-1,-1,0,-1,0,1,0,-1,0,0,0,0,1,1,0,0,0,0,0
503,0,0,0,0,0,0,1,0,0,0,0,0,0,0,0,0,0,0,-1,0,0,0,-1,0,-1,0,0,1,0,0,-1,0,0,0,0,-1,0,0,1,1,0,0,0,0,0,-1,0,0,0,0,0,-1,1,0,0,0,0,0,0,0,0,0,0,0
504,0,0,0,0,-1,0,1,0,0,0,1,0,0,0,-1,0,0,0,0,0,0,-1,0,0,1,0,0,0,0,0,0,0,0,0,0,0,0,1,-1,-1,-1,0,0,0,0,0,0,0,-1,0,0,0,-1,1,0,0,0,0,1,0,0,0,1,0
505,0,0,1,-1,1,0,0,-1,1,-1,0,0,0,-1,1,-1,0,0,1,0,0,0,0,0,-1,0,-1,-1,0,0,0,0,1,0,0,0,0,0,0,0,0,0,0,0,0,0,0,1,0,1,0,0,0,0,0,0,0,1,0,0,0,0,0,-1
506,0,0,0,-1,-1,0,0,0,0,0,0,0,-1,1,0,1,0,0,1,0,-1,0,0,0,-1,0,1,-1,0,0,0,-1,1,1,1,0,-1,1,0,-1,0,0,1,0,0,0,0,-1,0,0,0,0,-1,0,0,0,0,-1,0,0,0,0,0,0
507,0,0,0,-1,-1,0,1,0,0,-1,-1,0,1,-1,0,0,-1,0,1,0,0,0,0,-1,0,0,0,1,0,-1,-1,0,1,0,0,0,0,0,0,1,0,-1,1,0,0,0,-1,1,-1,0,0,0,0,0,0,0,0,0,1,0,0,1,1,0
508,0,0,0,0,0,0,1,0,1,0,0,-1,1,0,0,1,0,0,0,0,0,0,-1,0,0,0,0,0,0,0,0,-1,0,0,1,1,0,-1,0,1,0,0,0,0,0,0,0,0,1,0,1,0,0,0,0,0,-1,0,0,0,0,0,0,1
509,0,0,0,0,0,0,-1,0,0,0,0,-1,0,1,0,0,0,-1,0,-1,-1,0,0,0,0,0,1,1,1,0,-1,0,0,0,0,0,0,1,-1,0,0,0,0,-1,-1,1,0,1,0,0,0,0,0,0,0,0,0,-1,0,1,0,0,0,-1
510,-1,0,0,1,0,1,-1,1,0,0,0,0,0,0,0,0,1,0,-1,1,0,0,0,0,0,0,1,0,0,0,-1,0,-1,1,0,0,0,1,0,1,1,0,0,-1,1,-1,-1,1,0,0,0,0,1,-1,-1,1,0,1,0,-1,0,1,-1,0
511,0,0,1,-1,-1,0,-1,0,0,0,0,1,0,1,1,0,1,-1,0,0,-1,1,-1,0,0,0,1,0,0,0,0,0,0,0,0,0,-1,0,0,-1,0,-1,1,0,-1,0,0,0,0,0,0,0,0,-1,-1,0,0,0,0,0,0,0,0,0
512,0,-1,0,0,0,1,1,-1,-1,0,0,-1,0,0,0,0,0,0,0,0,0,-1,0,0,1,1,1,0,0,0,0,0,0,0,0,0,0,0,0,0,0,0,0,0,0,0,0,-1,0,1,0,1,0,1,1,0,0,0,0,0,0,0,-1,-1
513,0,0,0,0,1,0,0,0,-1,1,-1,0,0,0,0,1,0,0,0,0,1,1,0,1,-1,1,0,0,0,0,0,0,0,-1,0,0,0,0,-1,0,1,0,1,1,1,0,-1,-1,0,1,1,1,-1,-1,-1,1,0,0,-1,1,0,0,0,0
514,1,1,-1,0,0,0,0,0,0,0,0,0,1,0,1,0,0,0,0,0,0,0,1,0,1,1,1,0,0,0,0,0,0,1,0,-1,1,0,-1,1,0,0,0,0,0,0,-1,0,0,0,0,-1,1,0,-1,0,-1,0,-1,-1,0,0,0,0
515,1,0,0,-1,-1,0,-1,0,0,-1,0,0,0,0,-1,1,0,0,-1,-1,0,0,0,-1,0,0,1,1,0,-1,0,0,0,1,1,1,0,0,1,-1,0,0,0,0,0,0,0,-1,0,0,-1,0,1,0,0,-1,0,0,-1,-1,0,0,-1,-1
516,0,0,0,1,1,1,0,0,0,0,1,0,0,0,0,-1,0,0,0,0,0,0,-1,0,0,0,1,0,1,1,1,0,1,0,-1,-1,0,0,1,0,0,1,0,0,-1,-1,0,-1,1,0,-1,-1,-1,0,-1,1,-1,0,1,0,0,1,0,-1
517,0,0,0,0,-1,-1,-1,0,0,0,0,0,1,-1,0,0,0,-1,0,0,0,0,-1,0,1,0,0,0,0,-1,-1,-1,0,1,0,1,1,0,0,-1,-1,0,0,-1,1,1,0,1,0,1,-1,0,0,0,0,0,0,-1,-1,0,0,0,0,0
518,0,-1,-1,-1,0,0,-1,1,0,0,-1,-1,1,0,-1,1,0,0,1,0,0,1,0,1,-1,0,0,0,0,0,-1,0,-1,0,0,1,0,0,0,-1,1,0,0,0,0,1,-1,0,0,0,0,0,1,0,0,0,0,0,0,0,0,1,0,0
519,0,1,0,0,0,-1,0,-1,1,0,0,1,0,-1,0,0,0,1,0,0,1,1,-1,0,1,-1,0,-1,1,0,0,0,0,0,0,0,0,0,-1,0,0,0,0,1,0,0,-1,0,0,0,0,0,1,0,-1,-1,0,0,1,0,0,1,1,-1
520,1,0,0,0,0,0,-1,0,1,0,0,0,0,0,0,0,1,0,0,0,0,0,0,0,-1,0,0,1,0,-1,0,-1,0,-1,-1,0,1,1,0,0,0,0,0,0,1,0,1,1,0,0,1,-1,0,0,0,-1,0,0,0,0,-1,0,0,-1
521,-1,1,0,0,0,0,-1,1,0,0,0,0,0,0,0,0,0,1,0,1,0,1,0,1,0,1,0,0,0,1,0,0,0,-1,0,-1,-1,1,1,1,0,1,0,-1,-1,0,-1,0,0,0,0,-1,0,0,0,0,0,0,1,-1,0,-1,0,-1
522,1,0,0,0,0,0,0,1,0,0,1,1,1,-1,-1,0,1,0,0,1,1,0,0,0,1,0,0,0,0,0,-1,0,0,1,-1,0,0,-1,0,0,0,0,0,0,-1,-1,-1,0,1,0,-1,1,0,-1,-1,0,-1,-1,-1,0,0,0,-1,0
523,1,-1,0,0,0,1,0,0,0,0,-1,0,0,0,0,0,-1,1,0,0,-1,1,0,0,0,0,0,0,0,1,-1,-1,0,0,0,0,0,-1,1,-1,0,0,0,0,1,0,0,1,0,0,0,0,-1,1,-1,1,1,0,0,0,0,-1,0,1
524,0,0,0,1,0,-1,0,1,0,0,0,0,0,0,1,0,0,0,0,0,-1,-1,1,0,0,0,1,0,0,0,-1,-1,0,-1,0,0,0,0,0,-1,0,0,0,0,0,0,0,0,0,-1,0,-1,1,0,-1,0,0,0,1,0,0,0,0,0
525,0,1,0,0,0,-1,0,1,0,-1,1,0,0,-1,1,0,0,0,0,0,0,1,-1,0,0,-1,0,0,0,0,1,0,1,0,0,0,0,0,0,-1,0,0,0,1,0,0,0,0,1,0,0,-1,1,0,0,0,0,0,1,0,0,0,0,0
526,0,-1,0,0,1,0,0,0,0,0,-1,0,0,-1,-1,0,0,0,-1,0,0,0,0,0,1,1,0,0,-1,0,0,-1,0,1,0,0,0,1,0,0,0,1,0,0,0,1,0,0,0,0,1,0,-1,-1,0,0,0,1,1,-1,-1,0,0,0
527,-1,-1,0,0,0,1,0,0,0,-1,-1,0,0,0,1,0,0,0,0,0,0,-1,1,-1,0,0,0,-1,0,0,1,0,-1,0,-1,0,0,0,0,0,1,0,0,0,-1,1,0,1,0,1,0,0,0,0,0,0,1,0,1,0,0,-1,0,-1
528,0,0,0,0,-1,0,-1,-1,0,0,0,0,1,0,0,0,-1,0,0,0,1,-1,1,0,0,0,0,-1,0,0,0,-1,0,-1,0,0,0,0,0,1,1,1,-1,0,1,0,0,-1,-1,0,-1,0,1,0,0,0,1,0,1,1,0,0,0,0
529,0,0,1,-1,0,0,0,0,0,0,0,0,0,0,0,0,1,0,0,-1,0,0,0,0,-1,0,0,0,-1,0,-1,0,0,1,0,0,0,0,0,0,1,0,-1,-1,0,1,0,0,1,0,1,0,0,0,0,1,1,0,0,0,0,-1,-1,0
530,0,-1,0,0,-1,0,1,1,0,0,-1,0,1,0,0,0,0,1,0,0,0,1,-1,0,-1,-1,0,-1,0,0,0,0,0,0,0,0,0,0,0,0,1,-1,-1,0,0,-1,-1,0,0,-1,0,1,0,0,1,0,1,0,0,-1,0,0,0,-1
531,-1,0,0,0,0,-1,-1,0,0,-1,0,0,1,1,0,0,0,1,0,0,1,1,0,-1,1,0,0,0,0,0,0,1,0,0,1,0,0,0,0,0,0,1,0,0,1,0,0,0,-1,0,0,-1,0,0,0,1,0,0,0,0,0,0,0,0
532,-1,0,0,0,0,0,0,0,0,0,0,0,0,0,0,1,0,0,1,0,0,1,-1,1,-1,0,0,1,-1,0,0,0,0,0,0,0,0,0,0,-1,-1,-1,-1,0,0,0,0,0,0,0,0,1,1,-1,0,1,1,1,0,0,1,0,0,0
533,1,0,1,0,0,-1,0,1,0,0,0,0,0,0,1,0,-1,0,0,0,0,0,0,0,0,-1,1,0,-1,1,0,0,-1,-1,-1,-1,0,0,-1,0,1,0,0,0,0,0,0,0,0,0,0,1,-1,-1,0,0,0,-1,1,0,1,0,0,0
534,1,1,0,0,0,-1,0,0,0,-1,1,-1,0,0,0,0,0,0,0,1,0,0,0,0,0,0,0,1,0,1,0,0,0,1,0,0,0,-1,1,0,0,0,1,-1,0,0,-1,1,0,0,1,0,0,-1,0,-1,1,0,0,-1,0,0,1,0
535,0,1,0,1,1,0,0,0,0,0,0,0,0,0,0,0,0,0,0,-1,0,1,1,0,-1,0,-1,0,-1,0,0,1,0,0,0,0,0,0,0,0,0,-1,-1,0,0,0,0,1,0,-1,-1,0,0,1,0,0,1,0,0,1,1,-1,0,0
536,0,1,0,0,0,0,0,-1,-1,-1,1,-1,-1,-1,-1,-1,1,0,0,0,0,0,0,1,0,0,0,1,1,0,0,1,-1,0,1,0,0,0,0,0,0,1,0,-1,0,-1,1,1,0,0,0,1,1,0,0,0,0,0,0,0,0,0,-1,1
537,0,1,0,-1,0,0,0,0,-1,0,1,1,0,0,0,1,1,0,0,0,0,-1,0,0,0,0,-1,-1,0,0,0,-1,1,1,1,0,0,0,0,1,-1,-1,0,0,0,0,0,0,1,1,0,1,0,0,0,-1,1,0,1,0,0,0,-1,1
538,1,0,-1,1,-1,0,-1,0,-1,0,0,0,0,0,1,1,-1,1,0,0,-1,0,0,0,0,0,-1,0,1,0,1,0,0,0,0,1,1,1,0,1,0,0,0,0,1,0,0,0,1,-1,0,0,0,0,0,0,-1,0,0,0,0,0,0,0
539,0,0,-1,0,1,0,1,-1,1,1,-1,0,-1,0,0,0,0,0,0,0,1,1,0,0,0,-1,0,-1,0,0,0,0,0,1,1,1,0,0,0,0,0,0,0,-1,0,-1,0,0,0,0,0,0,0,0,-1,0,0,1,0,0,0,-1,-1,0
540,0,0,0,0,0,0,0,0,0,0,0,1,-1,0,0,0,0,0,0,-1,0,0,0,0,0,0,0,1,0,-1,0,-1,0,0,-1,1,0,-1,-1,0,0,0,0,0,0,0,0,1,0,0,0,0,0,1,1,0,1,1,0,0,0,0,-1,0
541,0,1,1,1,0,0,-1,-1,1,-1,0,0,-1,0,0,0,0,0,0,0,0,0,1,0,0,-1,-1,0,1,-1,0,1,0,-1,0,0,0,-1,0,0,0,0,0,-1,0,1,0,0,0,-1,0,1,0,0,0,0,0,0,0,-1,0,0,0,0
542,0,0,0,-1,0,0,0,0,0,-1,0,-1,0,0,-1,0,0,0,0,1,0,-1,1,0,0,0,0,0,0,-1,0,0,0,0,0,0,0,0,-1,0,0,0,-1,0,0,0,-1,0,-1,0,0,0,-1,0,0,0,0,0,0,0,0,1,-1,0
543,0,0,-1,0,0,-1,0,0,-1,1,0,0,0,1,0,0,0,1,-1,1,-1,1,0,0,1,-1,0,0,-1,0,0,0,0,0,0,-1,0,0,1,0,0,1,1,0,0,0,0,0,0,-1,0,0,-1,0,0,-1,0,1,1,0,1,-1,1,0
544,0,1,-1,0,1,0,0,0,0,0,-1,0,1,0,1,1,1,-1,0,0,0,-1,0,0,1,0,-1,0,1,0,0,1,0,0,-1,0,1,0,0,0,1,0,1,0,0,0,-1,0,0,0,0,-1,0,-1,1,0,0,0,0,-1,0,0,-1,0
545,0,1,-1,-1,0,1,0,1,0,0,-1,-1,0,0,0,0,0,0,0,0,0,-1,0,1,-1,0,1,0,0,0,-1,0,1,0,-1,0,0,0,0,0,0,1,0,0,-1,0,0,0,0,0,0,1,1,0,0,0,0,0,0,0,0,-1,0,0
546,0,0,0,0,0,1,0,0,0,0,0,0,-1,0,0,-1,0,0,0,0,0,0,0,-1,1,0,1,0,-1,0,0,0,0,0,0,0,0,1,1,1,0,0,0,0,0,-1,1,0,0,-1,-1,0,0,0,0,0,0,0,0,-1,0,-1,0,1
547,0,0,0,1,0,0,-1,0,0,0,0,-1,0,-1,0,0,0,1,0,1,-1,0,1,0,0,0,0,0,0,0,1,0,0,0,0,0,0,0,0,0,0,1,1,0,0,-1,0,0,0,-1,1,1,0,0,-1,0,1,0,-1,0,1,0,1,1
548,0,0,0,-1,1,0,0,0,0,1,0,0,0,1,0,-1,0,1,0,0,0,0,-1,0,-1,-1,1,0,0,-1,0,1,0,-1,0,0,0,-1,0,-1,1,0,0,-1,-1,-1,0,0,0,0,0,0,0,0,0,0,-1,-1,0,0,-1,0,0,1
549,0,-1,0,-1,0,0,-1,0,0,0,0,0,0,0,1,0,0,1,0,0,0,0,1,-1,0,0,0,0,0,1,-1,0,0,0,0,0,0,0,0,0,-1,0,0,0,0,0,0,1,0,0,1,1,-1,0,0,-1,0,1,0,0,-1,0,1,-1
550,-1,0,0,0,0,0,-1,0,-1,1,0,-1,0,-1,0,0,0,0,0,0,0,-1,0,0,1,0,0,0,0,0,0,0,0,0,1,0,0,0,0,0,0,0,-1,0,0,-1,0,0,0,0,1,0,1,0,-1,1,0,1,0,0,-1,-1,0,0
551,0,-1,0,1,1,1,0,0,0,0,0,0,-1,0,1,-1,0,0,0,0,0,1,0,1,0,-1,0,0,0,-1,0,1,1,0,1,0,-1,0,0,-1,1,0,0,0,0,-1,0,0,0,0,0,1,0,1,0,0,0,0,0,0,-1,-1,0,0
552,0,-1,0,0,0,0,0,0,1,-1,0,0,1,1,1,-1,0,1,0,1,-1,0,1,1,0,0,-1,0,0,-1,-1,-1,0,1,0,1,1,1,-1,0,0,1,0,0,0,-1,0,0,0,-1,0,1,0,0,0,0,0,0,-1,0,0,0,1,0
553,1,0,0,1,0,0,1,0,0,0,0,0,1,0,0,0,0,-1,0,-1,0,0,0,0,0,-1,0,0,-1,0,1,1,-1,0,0,1,1,0,0,0,0,1,-1,1,0,0,0,0,0,1,-1,0,0,-1,1,-1,0,0,1,0,-1,0,0,0
554,1,1,0,1,0,0,-1,0,0,1,-1,0,-1,-1,-1,0,1,0,0,0,0,0,1,0,1,0,-1,0,-1,1,0,0,0,-1,1,0,-1,0,0,0,0,-1,0,0,0,-1,-1,-1,0,1,0,0,-1,0,0,0,0,0,0,0,0,0,0,1
555,1,0,0,0,1,0,0,0,1,1,0,0,0,-1,0,1,0,0,0,0,1,0,1,0,0,0,0,0,0,0,-1,0,0,1,0,0,0,-1,0,0,0,-1,0,-1,0,0,0,0,-1,1,0,0,0,0,1,0,0,0,-1,1,0,0,1,-1
556,-1,0,0,0,0,0,0,0,0,1,0,0,0,1,-1,0,0,0,0,1,0,-1,1,0,-1,1,0,0,1,0,1,1,0,0,0,0,-1,-1,0,0,1,0,0,0,-1,0,1,0,0,0,0,0,0,0,1,1,0,0,-1,-1,-1,0,0,0
557,-1,-1,0,-1,0,0,0,-1,1,0,1,0,0,1,0,1,0,0,-1,1,0,-1,0,0,0,0,-1,-1,1,1,-1,0,0,0,-1,-1,0,0,0,-1,0,0,0,0,0,-1,1,0,0,1,1,0,1,0,0,0,0,0,0,0,0,0,1,0
558,0,0,0,-1,0,0,0,1,-1,-1,0,0,1,0,0,-1,0,1,0,-1,-1,-1,0,0,0,0,0,0,0,0,0,-1,1,0,0,0,0,-1,0,0,0,0,0,1,0,0,0,1,0,0,-1,0,1,0,0,-1,0,1,0,-1,0,0,-1,0
559,0,0,0,0,1,0,0,0,0,-1,1,0,0,0,0,0,0,0,0,0,1,0,0,0,-1,0,0,0,0,1,0,0,0,0,1,0,0,-1,0,0,1,0,0,1,-1,0,0,0,0,1,0,0,0,0,1,0,1,1,1,1,0,0,0,0
560,0,1,0,-1,0,0,-1,0,0,0,-1,0,0,0,-1,0,0,0,-1,-1,0,0,-1,0,1,0,0,0,-1,0,0,0,-1,1,0,-1,0,1,0,0,0,1,0,1,0,0,0,0,0,0,1,0,-1,-1,0,1,0,0,0,-1,1,0,0,0
561,1,0,-1,-1,0,0,0,0,0,0,0,0,0,1,0,-1,0,0,1,-1,0,-1,-1,0,1,0,1,0,0,0,1,-1,0,0,1,0,0,0,0,0,0,0,0,0,-1,0,0,0,0,1,0,0,-1,0,0,0,0,-1,0,-1,1,-1,0,0
562,-1,0,1,1,-1,0,0,0,1,0,1,0,1,0,0,0,0,-1,1,1,0,-1,0,0,0,0,0,0,0,0,0,-1,0,1,1,-1,-1,0,-1,0,-1,1,0,0,0,0,1,0,0,0,0,0,-1,1,1,0,0,0,1,0,0,0,1,0
563,0,0,0,0,1,0,-1,-1,1,-1,0,1,0,0,-1,1,0,0,0,0,0,0,0,0,0,0,-1,0,1,0,-1,0,0,0,-1,0,0,0,0,0,0,0,-1,1,0,-1,0,0,1,-1,0,0,1,0,0,1,1,-1,0,0,0,1,0,0
564,-1,0,0,-1,0,0,0,-1,-1,0,0,-1,0,0,0,0,0,0,0,0,0,-1,0,0,-1,-1,0,0,0,-1,0,-1,1,0,0,1,0,0,0,1,0,1,0,-1,-1,-1,0,-1,1,1,1,0,0,0,0,-1,0,-1,0,-1,0,0,1,-1
565,1,0,0,0,-1,-1,-1,0,0,0,0,-1,1,0,1,0,-1,0,0,0,0,-1,0,0,0,0,0,0,0,0,-1,-1,-1,1,0,0,0,0,0,0,1,0,1,0,0,0,0,1,0,1,1,-1,0,0,0,0,0,0,1,0,0,-1,0,0
566,0,0,0,1,0,0,0,1,0,0,0,0,0,-1,-1,0,0,-1,0,0,1,0,1,0,0,0,0,1,0,1,0,-1,0,0,0,0,0,0,1,0,0,0,1,0,0,1,0,1,0,0,1,-1,0,-1,0,1,0,0,0,0,-1,1,-1,0
567,0,0,0,1,-1,0,-1,0,1,0,0,0,0,0,0,1,1,0,0,0,1,0,-1,1,0,-1,0,1,0,-1,1,0,0,1,1,-1,1,0,0,0,-1,0,1,-1,1,0,0,0,-1,0,-1,0,-1,0,0,-1,0,0,0,0,0,1,0,0
568,0,0,0,-1,0,0,-1,0,0,1,0,0,0,1,0,0,0,0,0,0,0,0,0,-1,0,0,0,0,-1,1,0,0,-1,-1,0,1,1,1,0,0,-1,0,1,0,0,0,0,0,1,0,-1,0,-1,0,0,0,-1,1,0,0,1,-1,0,-1
569,0,0,-1,0,0,0,0,0,0,-1,-1,-1,0,0,0,0,0,-1,-1,1,0,0,0,0,1,1,1,0,1,-1,1,0,1,0,1,0,0,0,0,1,1,1,1,0,-1,0,1,1,0,0,0,1,-1,-1,0,-1,0,1,0,0,0,0,-1,-1
570,0,0,0,0,0,1,0,0,0,0,0,0,0,0,0,0,0,0,0,-1,1,0,0,0,0,0,0,0,1,0,-1,0,-1,-1,0,0,1,0,-1,0,-1,0,0,0,0,0,0,0,0,1,0,1,-1,0,0,0,0,0,0,1,1,0,-1,0
571,0,1,0,0,-1,0,-1,0,0,-1,0,1,0,0,0,-1,0,0,0,0,1,0,0,0,0,0,0,0,0,0,0,0,0,0,0,0,0,1,0,1,-1,0,-1,0,0,0,-1,-1,0,0,0,0,1,0,-1,1,1,-1,-1,-1,-1,1,-1,0
572,0,1,0,0,-1,0,0,-1,0,0,0,1,0,1,-1,-1,0,1,1,0,1,0,0,-1,1,0,0,1,-1,0,0,-1,0,0,0,1,0,0,0,1,1,-1,-1,0,0,1,0,1,-1,0,-1,0,-1,0,0,1,0,-1,0,-1,-1,0,0,1
573,0,0,0,0,0,1,-1,0,0,0,0,0,-1,1,0,0,0,0,1,0,0,1,0,0,1,-1,0,0,0,0,0,0,0,1,0,0,-1,1,0,0,0,0,0,0,0,0,0,0,1,0,0,1,0,1,0,0,-1,0,-1,0,0,1,0,0
574,0,1,0,0,-1,0,-1,0,0,0,0,0,0,0,0,1,0,0,0,0,0,0,0,1,0,-1,0,0,0,0,0,0,0,1,0,-1,-1,0,0,0,0,0,0,0,0,0,0,-1,0,0,-1,0,0,0,1,0,0,-1,0,0,0,0,0,0
575,0,0,-1,0,1,0,0,0,-1,1,0,0,0,0,1,0,0,1,0,0,-1,0,0,0,0,0,0,0,0,0,-1,1,0,0,0,0,0,0,0,1,0,0,-1,1,1,-1,1,1,1,0,0,0,0,0,0,0,1,1,-1,0,0,0,0,1
576,0,0,0,0,1,1,-1,0,-1,1,1,0,0,0,0,0,1,0,-1,1,1,-1,0,-1,0,0,1,0,1,0,0,0,0,1,0,0,0,0,0,-1,1,0,0,1,1,0,0,1,-1,0,-1,1,-1,1,0,0,1,0,0,0,-1,1,-1,0
577,-1,0,0,0,-1,1,1,0,0,0,0,0,1,-1,0,0,1,0,1,0,1,-1,0,0,0,0,0,0,0,0,0,0,0,0,1,0,1,0,0,-1,0,-1,1,0,0,1,0,0,1,0,0,1,0,0,0,0,0,0,1,0,0,1,0,0
578,0,0,0,0,-1,-1,0,0,0,-1,0,0,1,0,-1,0,0,0,0,1,-1,0,-1,1,0,0,0,0,1,-1,1,0,0,1,0,1,0,0,0,0,0,0,1,-1,1,0,0,1,0,0,1,-1,0,0,1,0,0,0,0,1,0,1,0,0
579,0,-1,0,-1,-1,1,0,0,1,0,1,0,-1,0,0,1,0,0,-1,0,0,0,1,0,0,0,0,0,1,0,1,0,-1,0,0,1,0,-1,1,0,0,-1,0,0,1,1,-1,-1,0,-1,0,1,0,-1,0,1,0,0,0,1,1,0,0,0
580,0,-1,0,0,0,0,0,0,0,0,0,0,0,0,-1,1,0,0,-1,0,0,0,0,-1,0,0,0,0,-1,0,0,0,0,-1,0,1,0,0,0,-1,-1,-1,1,0,0,0,0,-1,-1,1,-1,-1,0,1,1,-1,1,0,0,-1,-1,0,1,0
581,1,0,1,0,0,0,0,-1,0,1,0,-1,0,1,0,0,1,0,0,0,1,1,1,0,0,-1,1,0,0,0,0,0,1,1,0,0,1,0,0,-1,1,0,-1,0,0,-1,-1,0,0,0,0,0,0,0,-1,0,0,0,1,0,0,0,-1,0
582,-1,-1,0,1,0,0,0,0,0,0,-1,-1,0,1,-1,0,1,-1,-1,0,0,0,0,0,1,1,1,0,-1,-1,0,-1,1,0,0,0,1,1,0,1,0,0,0,-1,1,0,-1,0,0,-1,0,0,-1,1,0,0,1,0,0,0,0,0,0,1
583,0,0,0,-1,-1,1,0,0,0,-1,0,0,-1,0,0,0,0,0,0,-1,0,0,0,-1,0,1,0,1,0,-1,0,-1,0,0,-1,1,1,1,0,0,0,0,0,1,0,0,0,0,-1,-1,0,0,0,0,0,-1,0,0,1,0,0,0,-1,-1
584,0,0,0,0,0,1,1,-1,0,0,1,0,0,0,0,-1,-1,1,1,0,0,-1,0,0,0,0,-1,1,0,0,0,0,0,0,0,0,0,0,0,1,-1,0,0,0,-1,-1,0,0,0,0,0,1,0,0,0,1,0,0,0,0,1,0,1,0
585,0,-1,1,0,-1,0,1,-1,0,0,0,-1,0,-1,0,1,-1,0,-1,-1,0,0,0,0,1,0,0,-1,0,0,1,0,0,0,0,0,0,0,0,-1,0,0,-1,-1,0,0,0,0,1,0,0,0,0,0,0,0,0,1,0,-1,-1,0,-1,0
586,1,1,1,0,1,0,1,0,-1,0,0,-1,0,0,0,0,0,1,0,-1,0,0,-1,1,0,1,1,0,1,0,0,0,0,-1,0,0,0,0,1,-1,0,0,0,0,0,0,0,-1,0,0,1,0,1,0,0,0,1,0,0,0,1,1,0,0
587,0,0,1,0,0,1,1,0,-1,0,0,1,0,1,0,0,-1,0,0,0,0,-1,0,0,0,0,1,0,1,0,0,0,1,0,-1,1,0,1,0,0,0,0,1,0,0,-1,0,1,0,0,0,1,0,0,0,0,0,0,0,-1,0,1,0,-1
588,0,0,0,0,0,1,0,0,0,-1,-1,0,1,1,-1,0,0,0,-1,1,1,0,0,1,1,-1,1,0,0,0,-1,0,1,0,0,1,0,1,1,0,0,1,0,0,0,1,0,-1,0,1,1,1,-1,0,0,-1,-1,0,0,0,0,1,0,-1
589,0,0,0,0,0,0,1,-1,0,0,1,0,0,-1,-1,-1,0,-1,-1,0,0,0,0,0,0,0,1,1,0,1,1,1,1,1,1,-1,0,0,-1,0,-1,0,-1,1,1,0,1,0,0,-1,0,0,-1,0,0,0,-1,0,0,0,0,-1,0,1
590,0,0,-1,1,1,1,0,0,0,0,0,0,0,0,1,0,-1,0,0,0,0,0,1,0,0,0,0,0,0,0,0,0,0,0,0,1,1,-1,0,1,0,1,0,-1,0,0,1,-1,0,0,0,0,0,1,0,-1,1,0,0,0,-1,0,1,0
591,0,-1,1,0,0,0,1,-1,0,0,0,-1,0,0,0,0,-1,0,-1,1,0,0,0,0,-1,-1,-1,0,0,-1,0,0,0,0,0,0,-1,0,0,1,0,0,-1,0,0,0,0,0,-1,0,-1,0,-1,-1,0,-1,0,0,0,0,0,1,0,-1
592,0,0,1,0,0,0,0,0,0,1,0,1,0,0,0,0,0,-1,1,0,1,0,0,0,-1,0,0,0,1,0,0,0,0,0,0,0,0,0,0,0,0,0,0,0,0,0,0,0,0,0,-1,-1,0,-1,0,1,0,0,0,-1,0,1,0,0
593,1,0,-1,0,0,0,-1,0,1,0,-1,0,0,0,0,0,0,0,1,0,-1,0,0,0,1,0,0,0,0,1,0,1,0,0,0,0,0,-1,0,1,-1,0,0,1,0,0,0,-1,-1,1,0,0,0,0,0,1,0,1,1,0,1,0,0,0
594,0,-1,-1,0,-1,-1,-1,0,-1,-1,0,0,0,-1,0,0,0,1,0,0,1,0,0,0,1,0,0,0,0,0,0,0,-1,0,0,1,1,-1,0,0,0,0,1,0,-1,0,-1,0,0,0,0,-1,0,-1,0,0,1,0,-1,-1,0,0,-1,0
595,0,-1,-1,0,0,0,0,1,0,0,0,0,0,0,0,-1,-1,1,0,0,0,1,1,1,0,0,-1,0,-1,-1,-1,-1,1,0,1,-1,-1,0,0,0,0,0,0,0,0,0,-1,1,0,0,0,0,0,0,0,0,1,0,0,0,0,0,1,0
596,0,0,0,0,0,1,-1,1,0,0,-1,0,0,0,0,1,0,1,1,-1,0,-1,0,0,1,0,0,0,-1,0,0,-1,0,1,-1,0,0,0,0,-1,0,0,1,0,0,0,0,-1,0,0,0,0,0,-1,0,0,0,0,0,0,0,0,0,0
597,1,0,0,0,0,0,-1,0,0,0,1,0,1,1,0,1,0,0,0,0,0,0,-1,0,0,-1,1,0,-1,0,0,0,-1,0,0,0,1,-1,0,0,0,0,0,0,0,0,0,1,-1,0,1,0,0,-1,0,0,0,0,0,-1,1,0,-1,0
598,0,0,0,0,0,0,1,0,0,0,0,1,1,0,-1,0,1,0,0,-1,0,0,0,-1,0,-1,0,0,0,0,0,-1,0,1,0,1,0,0,0,0,0,0,1,0,0,0,0,0,0,1,-1,1,0,0,-1,-1,0,0,-1,-1,0,0,0,1
599,0,0,1,0,0,0,0,1,0,0,0,0,-1,0,1,0,-1,0,0,0,0,0,-1,-1,0,-1,0,0,0,0,0,-1,0,-1,1,0,0,0,0,0,-1,1,0,0,0,0,1,0,1,0,0,0,-1,0,0,0,0,0,0,0,-1,0,-1,0
600,-1,0,-1,0,0,0,-1,0,0,-1,0,0,1,0,-1,0,-1,0,0,0,0,0,0,1,0,0,0,0,0,0,0,0,0,1,0,0,0,0,0,0,0,0,0,0,0,0,-1,0,0,0,0,0,-1,0,0,0,0,0,-1,0,0,1,0,0
601,0,0,1,0,1,-1,0,0,-1,0,0,-1,0,0,0,0,0,1,1,0,-1,1,1,0,1,1,0,0,0,0,0,0,0,0,1,0,1,1,0,-1,-1,0,1,-1,0,0,0,1,0,0,1,0,1,0,0,0,0,0,0,0,0,-1,0,0
602,-1,1,0,0,1,0,1,0,1,0,1,-1,1,0,0,-1,0,-1,0,0,0,0,0,0,0,0,0,0,0,0,0,-1,0,-1,0,0,0,0,0,0,1,0,-1,1,1,1,0,0,0,0,0,0,0,0,0,0,0,1,1,-1,1,1,0,1
603,0,0,0,0,0,-1,-1,0,0,-1,0,1,0,0,0,0,1,-1,0,1,0,-1,0,-1,-1,-1,0,0,0,0,0,0,0,0,0,0,1,-1,1,-1,-1,0,0,0,1,0,-1,-1,0,1,-1,-1,1,0,0,1,0,0,1,-1,-1,1,1,0
604,0,0,0,0,0,0,0,0,1,0,1,1,1,0,0,0,0,1,1,1,0,0,0,0,0,-1,0,0,-1,0,-1,-1,-1,0,0,0,-1,-1,0,0,0,0,0,0,-1,0,-1,1,0,0,-1,0,0,1,0,1,-1,0,0,0,-1,0,0,0
605,0,1,-1,0,1,-1,0,-1,0,-1,0,0,-1,-1,0,0,0,0,-1,0,1,0,0,0,1,0,0,0,0,0,1,0,1,0,0,0,0,1,0,0,1,0,0,0,0,0,0,-1,0,0,0,0,-1,0,0,0,-1,1,0,0,0,0,0,0
606,0,1,0,0,-1,-1,0,0,1,0,-1,0,-1,0,0,0,1,1,-1,1,-1,1,1,0,1,0,0,1,0,0,0,1,0,0,-1,-1,0,0,0,0,0,1,0,1,1,-1,0,0,1,1,0,0,0,0,0,-1,1,0,0,1,0,1,1,-1
607,0,0,-1,0,-1,0,0,1,0,-1,1,-1,0,0,0,0,-1,0,0,0,1,0,0,1,0,0,0,1,-1,0,1,0,0,0,0,0,0,0,-1,-1,0,0,1,0,-1,0,0,-1,0,-1,0,0,0,0,0,-1,0,0,0,1,0,1,0,0
608,1,0,0,0,1,-1,1,-1,0,0,-1,0,0,0,0,0,0,1,0,-1,1,0,0,0,0,0,1,1,-1,0,0,0,0,0,0,1,0,1,0,-1,-1,0,1,1,0,-1,0,0,0,0,1,-1,0,0,-1,0,-1,-1,-1,0,-1,1,0,0
609,0,0,0,0,0,1,0,0,0,0,0,0,-1,0,1,0,0,0,0,1,0,1,0,0,0,0,0,1,0,0,0,0,1,0,0,0,-1,0,1,0,0,1,0,-1,0,1,0,0,0,0,1,0,-1,-1,-1,0,0,0,0,0,1,1,0,0
610,-1,-1,0,0,1,1,-1,1,0,0,0,0,-1,-1,0,1,-1,0,0,1,0,1,0,0,-1,0,-1,0,1,0,0,1,0,0,0,0,1,1,-1,0,0,0,0,0,-1,-1,0,0,1,0,-1,0,0,0,-1,0,0,-1,1,-1,0,0,0,0
611,0,0,0,0,0,0,0,0,-1,1,0,1,0,0,-1,0,0,0,1,0,0,1,0,-1,0,0,0,1,1,-1,0,0,-1,0,0,0,0,1,0,0,0,0,0,0,-1,0,0,0,1,-1,0,-1,0,0,0,0,1,-1,1,0,-1,0,-1,1
612,0,0,1,1,0,-1,0,1,1,0,0,0,0,1,1,0,0,0,0,1,0,-1,0,0,0,0,1,0,0,0,-1,0,0,0,1,1,-1,1,0,0,1,0,0,-1,0,0,1,1,0,0,0,0,-1,1,1,0,0,-1,1,0,0,-1,-1,0
613,1,1,0,-1,1,0,1,0,0,0,-1,0,-1,-1,0,0,0,0,0,0,-1,0,0,1,-1,0,1,-1,0,0,0,0,0,-1,0,0,-1,-1,0,0,0,0,0,0,0,0,-1,0,0,-1,0,-1,0,1,0,1,0,0,0,0,1,-1,0,1
614,0,0,0,0,-1,-1,0,1,1,0,1,0,0,-1,0,0,0,1,-1,0,0,0,0,0,-1,1,1,0,0,0,-1,1,0,0,0,0,0,0,0,1,0,0,0,1,-1,0,0,0,-1,0,0,-1,0,0,-1,1,1,0,0,0,-1,0,0,1
615,0,0,0,1,1,0,1,0,0,0,-1,-1,0,0,-1,0,0,0,0,0,0,0,1,0,-1,0,0,0,0,0,0,0,1,-1,0,0,1,0,1,-1,0,0,0,0,1,0,0,0,0,0,-1,-1,0,0,1,1,0,0,1,-1,0,0,0,-1
616,0,1,0,1,-1,0,-1,1,0,1,-1,0,0,0,0,0,1,0,0,1,1,1,0,-1,-1,-1,0,0,-1,0,0,0,0,0,0,-1,0,1,0,-1,0,0,1,-1,1,0,0,0,-1,0,0,0,-1,0,0,0,0,0,1,0,0,1,0,0
617,0,0,-1,0,-1,0,0,0,0,0,0,-1,0,1,0,1,-1,0,0,0,-1,0,0,1,-1,0,0,0,0,0,0,0,-1,-1,0,0,-1,0,0,-1,0,0,1,1,0,-1,-1,0,0,0,0,1,0,1,0,0,0,0,0,-1,0,0,-1,0
618,0,0,0,0,0,0,0,0,0,1,1,0,-1,-1,0,1,0,1,-1,0,0,0,0,0,1,0,-1,0,-1,1,0,0,0,0,-1,-1,-1,-1,0,0,-1,0,0,0,-1,0,0,0,0,1,-1,0,-1,0,-1,0,0,0,-1,1,0,0,1,0
619,1,0,0,1,0,0,0,0,0,-1,0,0,0,0,1,0,0,1,-1,1,0,0,0,0,0,0,0,0,-1,1,0,0,0,0,0,0,1,0,1,1,-1,0,-1,1,-1,0,-1,1,0,0,0,-1,0,0,-1,0,-1,0,0,0,1,0,-1,-1
620,0,0,1,0,-1,0,0,0,1,0,0,0,0,0,0,0,0,0,1,0,0,0,-1,-1,0,0,-1,0,0,1,1,0,0,0,0,0,0,0,0,0,0,1,1,0,0,0,0,-1,0,1,0,-1,0,0,0,-1,-1,0,0,-1,0,0,0,0
621,0,0,0,0,1,0,0,1,0,0,0,0,1,0,0,0,0,1,0,0,-1,0,0,-1,-1,0,1,-1,1,0,0,0,-1,0,0,1,0,0,-1,1,0,0,0,0,0,1,1,0,-1,0,0,0,0,0,0,1,-1,0,0,-1,0,1,0,0
622,0,1,0,0,1,0,0,0,1,0,1,0,0,-1,0,0,0,0,0,0,0,0,1,0,0,0,0,0,0,-1,0,-1,-1,0,0,0,-1,-1,0,0,0,0,0,-1,0,0,0,0,0,0,-1,0,0,-1,0,-1,0,0,0,-1,1,0,1,0
623,0,0,1,1,1,0,0,0,0,0,0,0,1,1,0,0,0,-1,0,0,-1,0,0,1,1,-1,1,0,1,0,-1,-1,0,1,1,1,0,1,0,1,1,0,0,0,0,0,0,-1,1,0,-1,0,1,-1,0,0,0,0,0,-1,0,0,-1,0
624,0,0,0,0,0,-1,0,1,0,0,0,0,-1,0,0,0,-1,0,0,0,0,0,0,0,0,-1,1,0,0,0,0,-1,0,0,0,1,0,0,0,0,0,-1,0,-1,0,0,0,0,-1,0,0,1,0,1,0,0,0,0,0,-1,0,0,-1,1
625,0,0,-1,0,-1,-1,0,0,1,0,0,1,0,1,0,0,0,0,1,0,0,1,0,0,0,0,1,0,0,0,-1,1,-1,1,0,0,0,0,-1,0,0,1,0,1,0,0,0,0,-1,0,1,-1,0,0,0,0,0,1,1,1,0,1,-1,0
626,0,0,0,0,-1,0,0,0,-1,0,0,0,-1,0,-1,0,0,-1,0,0,0,-1,-1,0,0,0,-1,0,0,-1,0,-1,0,0,-1,-1,1,0,0,0,-1,0,0,1,0,0,0,0,0,0,0,0,0,0,1,1,0,0,1,0,0,0,0,0
627,0,0,-1,1,0,0,0,-1,0,1,0,0,0,0,0,1,0,0,0,-1,0,0,0,0,0,1,1,-1,-1,0,0,-1,0,0,0,0,1,1,0,0,0,1,0,0,1,0,0,0,-1,0,1,0,1,-1,1,1,-1,-1,1,0,0,0,0,1
628,-1,0,0,0,0,1,0,0,0,0,0,0,0,0,0,-1,-1,0,0,0,0,0,0,0,-1,1,-1,0,-1,0,-1,-1,0,0,0,1,0,0,1,-1,0,0,0,0,0,0,-1,0,0,0,0,1,-1,1,0,-1,0,0,-1,1,0,0,1,-1
629,0,0,0,0,0,-1,0,-1,0,0,0,0,0,0,0,-1,0,-1,0,-1,1,1,0,1,1,0,0,1,-1,1,0,1,0,0,-1,0,-1,0,0,1,0,0,0,0,0,1,1,-1,-1,0,0,-1,0,-1,0,-1,0,-1,-1,0,0,0,0,0
630,0,0,0,1,1,-1,0,0,0,0,0,-1,0,0,-1,0,1,-1,0,0,0,1,0,0,1,1,1,0,0,1,0,0,-1,0,1,-1,0,0,0,1,0,0,0,0,0,0,-1,0,0,0,0,1,0,0,0,1,0,0,0,0,0,0,-1,-1
631,-1,-1,-1,0,1,-1,0,0,0,1,1,0,-1,0,0,0,0,-1,0,0,1,0,0,-1,-1,0,0,0,0,-1,0,0,0,0,0,0,0,0,0,0,-1,-1,0,-1,1,1,0,0,0,0,-1,-1,0,1,0,0,-1,-1,1,1,1,-1,0,0
632,1,1,0,0,1,0,0,-1,0,0,0,0,-1,0,0,0,1,0,0,-1,-1,0,-1,1,0,0,1,0,-1,0,-1,0,1,-1,0,0,0,0,0,0,0,-1,0,0,0,-1,0,0,0,0,1,1,0,1,0,-1,-1,0,0,0,0,0,0,0
633,-1,0,0,0,-1,0,0,0,0,-1,0,0,0,0,1,0,0,0,0,0,0,0,-1,0,0,-1,0,-1,0,0,0,0,0,0,0,0,-1,0,0,0,0,0,0,0,-1,0,1,0,0,1,1,0,0,1,0,1,0,-1,0,1,-1,0,-1,1
634,-1,1,0,0,-1,-1,0,1,0,0,1,1,1,1,0,1,0,1,0,0,1,0,-1,0,1,0,0,0,0,0,0,0,0,0,1,1,0,0,-1,0,0,0,0,0,0,0,0,0,-1,0,0,0,0,0,0,0,0,1,-1,0,-1,0,1,0
635,-1,0,0,1,0,0,0,0,0,0,1,0,0,1,-1,0,-1,1,-1,0,0,-1,0,0,0,0,-1,0,-1,0,0,1,0,0,0,1,-1,1,0,0,-1,1,0,1,0,0,0,0,0,0,0,0,0,-1,0,1,0,0,0,1,0,0,0,0
636,0,0,0,1,-1,0,0,-1,0,0,-1,1,0,-1,0,0,0,0,-1,0,-1,0,0,0,0,0,0,1,0,0,-1,0,0,0,0,0,0,0,-1,0,0,0,0,-1,0,1,-1,0,0,0,0,0,0,1,0,1,1,-1,0,0,0,1,1,0
637,-1,-1,0,-1,-1,0,1,0,0,0,1,0,0,-1,1,-1,0,1,0,0,0,0,0,0,0,0,0,0,1,0,-1,0,-1,-1,0,0,-1,0,0,0,0,-1,0,1,0,0,0,0,0,-1,0,0,0,0,0,-1,1,0,-1,0,1,-1,-1,0
638,0,0,0,0,0,-1,0,0,0,-1,0,1,0,0,1,0,0,1,0,1,-1,0,-1,0,-1,0,0,1,0,-1,0,0,0,0,0,1,0,-1,0,0,0,0,0,0,0,0,0,0,0,1,-1,1,0,0,-1,0,0,0,0,0,-1,1,0,0
639,0,0,-1,0,0,0,0,0,0,-1,1,0,0,0,0,0,0,0,-1,1,0,1,0,0,1,0,1,0,0,1,0,1,-1,-1,-1,0,0,-1,0,-1,0,1,0,0,0,0,0,1,-1,0,0,0,0,0,0,0,0,1,0,-1,-1,-1,0,0
640,-1,0,0,0,0,0,0,0,0,0,0,0,0,0,0,0,0,0,-1,0,0,0,0,0,1,0,-1,0,0,0,1,1,0,0,0,-1,0,1,1,0,0,0,1,0,-1,0,0,0,0,0,0,1,-1,-1,1,-1,-1,-1,0,0,0,0,0,0
641,-1,-1,0,0,1,0,0,0,-1,0,0,1,0,0,0,0,0,0,0,0,0,0,1,0,0,0,0,-1,0,0,0,1,0,0,-1,0,0,1,0,0,0,-1,0,0,0,1,0,0,0,0,0,0,0,0,0,0,0,0,0,0,0,1,0,1
642,0,0,0,0,0,1,0,-1,0,0,0,0,0,0,0,0,0,0,-1,0,0,0,0,-1,0,0,0,0,-1,0,0,1,0,0,0,0,0,0,0,1,0,-1,0,0,0,0,0,0,0,0,0,0,-1,0,0,0,-1,0,1,-1,1,0,0,0
643,0,1,1,0,0,0,-1,0,1,0,1,0,0,1,0,-1,-1,-1,0,-1,1,0,1,0,1,0,-1,0,0,0,0,0,0,0,0,0,1,0,1,0,1,0,-1,0,-1,1,-1,0,0,-1,1,0,1,0,0,0,0,0,0,0,-1,0,0,1
644,0,0,0,0,1,0,1,-1,-1,0,0,0,0,0,-1,-1,0,0,-1,0,0,0,0,0,0,0,1,0,0,0,0,0,0,0,0,0,0,0,-1,1,0,1,0,0,0,-1,1,0,0,-1,1,1,0,-1,0,0,0,0,1,0,0,0,-1,0
645,0,1,1,0,0,0,0,0,0,0,0,0,0,0,0,1,-1,-1,0,0,0,0,0,0,-1,0,-1,0,0,0,0,0,1,0,0,0,0,0,0,0,0,0,0,-1,0,1,0,0,0,-1,1,0,0,1,0,0,0,0,0,0,0,-1,0,1
646,0,1,0,1,1,0,1,0,0,0,0,-1,0,0,-1,0,-1,0,0,0,1,-1,0,0,0,-1,0,0,-1,-1,1,1,-1,-1,1,0,0,0,-1,-1,0,0,1,1,0,0,0,0,0,0,0,1,-1,-1,0,0,1,0,1,-1,1,1,0,0
647,-1,-1,-1,0,0,0,0,0,0,1,0,0,0,-1,0,0,1,0,-1,1,0,0,0,-1,1,0,0,0,0,0,0,0,0,0,0,0,1,0,1,0,0,0,0,0,-1,0,0,0,0,-1,0,0,0,0,0,0,0,0,1,0,0,1,-1,0
648,0,0,-1,0,0,-1,0,0,-1,1,-1,0,0,0,-1,-1,-1,0,0,0,0,-1,0,1,0,1,0,1,0,0,0,0,1,0,0,0,1,0,0,0,1,-1,0,0,-1,-1,-1,0,1,1,0,1,0,0,-1,1,1,0,0,0,0,0,0,0
649,1,0,0,0,-1,0,0,0,-1,1,0,0,0,0,-1,1,-1,0,0,0,1,0,0,0,0,0,0,0,0,0,0,1,0,0,1,0,-1,0,0,-1,1,0,0,0,0,0,0,0,-1,0,0,0,1,-1,0,0,-1,0,0,0,1,-1,-1,0
650,-1,0,0,0,1,1,0,0,0,0,0,1,0,-1,0,0,1,1,0,0,0,1,0,-1,1,0,0,0,0,0,0,-1,0,0,-1,1,0,0,0,0,0,1,-1,0,0,1,0,0,1,0,1,0,0,0,0,0,-1,0,0,0,0,0,0,1
651,0,0,0,-1,-1,-1,-1,1,-1,0,-1,0,0,0,0,0,0,1,-1,0,-1,1,0,0,0,0,0,0,1,0,-1,-1,1,1,-1,0,0,0,0,1,0,1,0,-1,-1,1,0,0,0,0,0,0,0,0,0,0,0,0,0,0,0,-1,0,0
652,-1,0,0,0,0,-1,0,0,0,0,0,0,0,0,0,0,0,0,0,1,-1,0,0,0,0,0,0,0,0,0,1,-1,0,0,-1,0,0,0,0,0,0,1,1,1,0,1,0,0,0,-1,-1,1,0,1,1,-1,1,1,1,-1,1,0,-1,0
653,0,0,-1,-1,0,0,-1,0,0,1,0,-1,-1,0,-1,0,0,1,0,0,0,0,0,0,-1,0,1,-1,0,0,1,0,-1,0,0,0,0,0,1,0,1,0,0,1,0,0,-1,0,0,-1,0,0,0,-1,1,0,0,1,0,0,0,0,1,0
654,0,0,0,1,0,0,1,0,-1,1,0,0,-1,1,1,0,0,0,0,0,-1,1,1,0,0,0,0,0,0,1,0,0,0,0,0,1,0,0,1,-1,0,0,0,0,1,0,0,0,0,0,0,1,0,0,0,0,0,0,0,-1,0,0,-1,0
655,0,0,-1,-1,0,0,0,0,0,0,0,1,0,0,0,-1,0,1,-1,0,0,0,0,0,0,-1,1,1,0,0,-1,-1,1,0,1,0,-1,0,-1,1,1,1,0,-1,0,0,0,0,-1,0,0,1,1,0,0,-1,0,-1,1,0,0,0,0,0
656,0,0,0,1,0,0,0,-1,0,-1,0,0,0,1,0,0,0,0,0,0,0,0,0,1,1,0,0,-1,1,1,0,0,0,-1,0,1,0,0,0,0,0,0,0,1,0,0,0,-1,1,0,-1,1,0,0,0,0,0,0,1,1,1,0,-1,0
657,0,1,1,0,1,0,-1,0,1,0,0,0,0,0,0,0,0,1,0,0,-1,0,0,0,1,0,-1,0,1,1,0,0,0,0,1,0,0,1,0,0,0,0,1,0,0,0,0,0,0,0,-1,0,0,1,0,0,0,0,0,0,1,0,0,-1
658,0,-1,-1,0,0,0,0,0,0,1,0,0,-1,1,-1,0,-1,-1,0,0,0,1,-1,0,0,-1,0,-1,0,0,0,-1,1,0,1,0,-1,-1,1,0,-1,1,0,0,0,0,-1,1,0,0,0,0,0,0,0,0,0,0,0,0,-1,-1,1,0
659,1,0,0,-1,0,0,0,0,-1,0,0,0,0,0,0,0,-1,0,-1,0,-1,0,0,0,0,1,1,0,0,1,1,1,0,0,0,0,1,0,0,0,0,1,0,0,0,0,0,0,0,0,-1,0,0,0,0,0,-1,1,1,0,0,1,0,0
660,1,0,0,1,0,0,1,0,0,0,0,0,0,0,-1,0,0,1,0,0,1,0,0,0,0,0,0,0,0,0,0,-1,-1,-1,-1,0,0,0,0,0,0,0,0,0,-1,1,-1,1,0,0,0,0,0,0,0,0,1,0,0,1,0,0,-1,0
661,0,0,1,-1,0,-1,0,0,0,0,0,0,0,0,0,-1,-1,0,-1,0,0,-1,0,0,0,0,0,0,0,0,1,1,0,-1,1,0,0,-1,0,0,1,0,0,0,0,0,0,0,0,0,0,0,1,1,0,-1,0,0,0,-1,1,0,0,0
662,0,0,0,1,0,0,1,-1,-1,1,0,1,0,1,0,0,0,-1,0,0,0,0,0,-1,-1,0,0,0,0,0,0,0,0,0,0,0,0,0,0,0,-1,-1,1,0,-1,1,0,1,0,1,-1,1,1,0,-1,1,0,-1,-1,0,0,0,0,0
663,-1,-1,0,0,0,1,1,1,1,0,1,0,0,0,0,0,0,0,0,1,-1,1,0,1,1,0,0,-1,0,-1,-1,0,0,0,1,1,0,0,0,1,0,-1,-1,0,0,1,0,0,-1,0,0,0,0,0,-1,0,0,0,-1,1,0,0,0,0
664,0,0,-1,-1,-1,0,0,0,1,0,0,0,0,0,0,0,1,1,0,0,0,0,0,0,-1,1,-1,0,-1,0,1,-1,0,0,0,1,0,-1,-1,0,1,0,0,1,0,1,-1,0,0,0,-1,0,0,0,0,0,0,0,0,0,0,1,0,0
665,0,1,0,0,1,0,1,0,1,1,0,0,1,0,0,0,0,0,0,1,0,0,0,0,0,1,0,0,0,0,0,0,-1,0,-1,-1,-1,0,0,1,0,0,-1,-1,-1,0,0,0,0,0,-1,-1,1,0,0,-1,0,1,0,0,-1,-1,0,0
666,-1,-1,0,1,0,0,1,0,0,1,-1,0,0,0,0,0,-1,-1,0,1,0,0,-1,-1,0,1,0,-1,-1,0,0,0,0,0,-1,0,-1,0,-1,0,0,-1,1,0,-1,0,0,0,1,0,-1,-1,0,0,1,0,0,0,1,0,1,1,0,0
667,-1,0,-1,0,0,-1,0,0,0,-1,0,0,-1,1,-1,0,0,1,0,0,0,0,0,0,0,1,0,1,0,0,1,0,0,0,0,0,1,0,0,0,0,0,0,0,-1,0,0,0,1,1,0,0,1,1,1,-1,0,0,0,0,0,1,0,0
668,1,0,0,-1,-1,1,0,0,1,0,0,-1,-1,0,-1,0,-1,0,1,1,0,0,-1,-1,1,1,0,1,1,0,0,-1,0,0,0,1,0,0,1,-1,1,1,1,-1,0,0,0,0,0,0,0,0,-1,0,0,-1,0,-1,-1,1,0,0,0,1
669,0,-1,1,0,-1,1,0,0,0,-1,0,-1,0,0,0,-1,0,1,0,0,1,0,0,0,0,0,0,-1,-1,0,0,0,-1,-1,1,0,0,1,0,0,-1,1,0,0,0,0,0,0,0,0,0,0,-1,0,0,0,0,0,0,1,0,0,1,0
670,0,1,0,0,0,-1,0,1,0,0,0,0,0,0,0,0,0,-1,0,0,-1,1,0,0,0,0,1,1,-1,-1,0,0,-1,0,0,0,1,0,0,0,1,1,1,0,0,0,0,-1,0,0,0,1,0,0,1,0,0,0,1,1,0,0,1,1
671,-1,0,0,0,-1,0,0,1,0,0,0,0,0,0,1,0,0,0,0,0,0,0,1,0,0,1,0,0,-1,-1,1,0,-1,-1,0,-1,0,0,0,0,1,1,0,0,0,-1,0,0,0,0,0,0,0,0,0,-1,0,0,0,0,0,0,0,1
672,1,-1,0,1,0,1,0,1,-1,0,0,0,0,1,0,1,0,1,0,0,0,-1,-1,1,1,-1,-1,0,0,1,0,0,0,0,0,0,0,0,0,0,-1,0,0,0,1,0,0,0,0,0,0,0,0,0,0,-1,1,1,0,0,0,-1,0,-1
673,-1,1,-1,0,-1,0,0,0,-1,1,0,1,0,0,0,0,0,0,0,0,0,1,1,-1,0,0,0,0,0,0,0,0,0,0,0,0,0,0,0,1,-1,0,0,0,-1,0,1,1,0,-1,1,0,0,1,0,-1,-1,0,0,0,0,0,0,0
674,-1,1,-1,0,0,-1,0,-1,1,0,-1,1,0,0,-1,-1,0,-1,0,0,0,-1,-1,0,-1,0,0,0,0,-1,0,-1,0,1,0,0,0,0,0,0,1,0,-1,0,-1,-1,0,-1,0,0,-1,0,0,0,0,-1,1,0,0,0,0,0,-1,0
675,0,0,0,-1,0,0,1,0,0,1,-1,0,0,0,-1,0,0,1,0,0,0,0,-1,-1,-1,0,1,0,0,0,0,1,-1,0,0,1,0,0,0,0,0,0,0,-1,0,1,1,0,1,1,1,0,0,1,0,0,0,0,-1,0,0,0,0,0
676,-1,0,0,0,0,0,0,0,0,0,0,0,0,-1,-1,0,0,1,-1,0,0,0,0,-1,0,0,0,0,0,0,0,-1,0,0,1,0,0,0,0,0,0,0,1,1,0,0,0,0,0,0,1,-1,-1,-1,0,0,0,0,0,0,1,0,0,-1
677,-1,0,0,0,1,0,0,0,0,0,0,0,-1,0,0,0,1,0,-1,0,0,0,-1,0,1,0,0,1,0,0,0,0,0,-1,0,1,-1,0,-1,1,0,0,0,0,0,0,0,0,0,0,1,0,0,0,1,0,0,0,0,0,-1,0,-1,0
678,0,0,0,0,-1,0,1,0,0,0,1,-1,0,0,-1,1,1,0,0,0,-1,0,0,1,1,0,0,0,0,1,0,0,-1,0,0,0,0,-1,0,0,0,-1,1,0,0,0,0,0,-1,0,1,0,0,1,0,0,-1,0,1,-1,0,-1,-1,0
679,0,0,0,0,1,0,1,0,0,1,0,0,0,0,-1,0,0,0,0,0,0,0,0,-1,1,0,0,-1,0,0,0,-1,1,0,0,0,-1,0,0,0,-1,0,0,0,0,-1,0,0,-1,0,0,0,0,0,0,0,0,0,0,-1,1,0,0,1
680,0,0,0,-1,0,0,0,0,0,0,0,0,0,1,0,-1,-1,0,0,1,0,0,0,1,0,0,0,0,-1,0,0,0,0,0,1,0,0,0,1,0,0,-1,0,0,1,0,0,0,-1,0,1,0,0,0,0,1,0,0,0,-1,-1,-1,0,1
681,-1,0,0,0,0,0,0,1,1,1,0,0,-1,0,0,0,1,1,-1,1,0,-1,-1,1,1,-1,0,-1,-1,0,0,0,0,1,0,-1,-1,0,0,0,0,0,-1,0,1,0,0,0,0,1,0,0,-1,0,0,0,0,0,-1,0,0,-1,0,0
682,0,0,0,-1,0,-1,-1,0,0,1,0,0,0,-1,0,0,0,0,0,0,0,0,0,0,0,0,1,-1,0,0,0,0,0,0,-1,0,0,0,0,1,-1,1,-1,-1,0,0,0,0,1,1,0,1,-1,1,0,0,0,-1,0,-1,0,0,-1,0
683,1,0,0,1,1,0,1,0,-1,0,-1,-1,0,0,0,-1,1,0,0,0,0,0,0,0,-1,0,0,0,0,0,-1,0,0,-1,0,-1,1,0,-1,0,0,0,0,1,0,0,0,0,0,0,0,-1,0,1,0,0,0,0,-1,0,0,0,-1,0
684,1,0,0,0,0,0,-1,-1,0,0,0,-1,-1,0,0,0,1,0,0,0,0,0,0,0,-1,0,0,-1,0,0,0,-1,0,0,0,0,0,0,0,-1,0,1,0,-1,0,1,0,0,1,0,1,0,0,-1,0,1,0,-1,1,0,1,1,0,0
685,0,0,0,0,0,-1,1,1,0,0,0,-1,0,-1,0,0,0,-1,0,0,0,0,0,1,1,0,-1,0,0,-1,0,1,1,0,0,0,0,0,1,0,1,1,0,1,0,-1,0,0,0,0,0,0,0,0,0,0,0,1,0,0,0,1,0,0
686,1,0,1,0,1,0,-1,0,0,0,0,1,0,0,0,1,0,0,-1,0,-1,0,0,0,0,1,0,0,0,1,0,-1,0,1,0,0,0,-1,0,1,0,0,1,0,-1,0,0,0,0,0,0,0,0,0,0,-1,0,-1,1,-1,0,0,1,-1
687,0,0,0,0,0,1,0,0,1,0,0,1,1,-1,-1,-1,0,1,0,0,-1,0,0,0,0,0,0,0,0,1,0,-1,-1,0,-1,0,-1,-1,0,0,-1,0,0,0,0,0,0,0,0,-1,-1,0,1,0,-1,0,0,0,-1,-1,1,1,0,1
688,1,1,0,0,0,1,0,0,0,0,1,0,-1,0,0,1,-1,1,0,1,0,0,0,-1,0,0,0,0,0,-1,0,0,1,0,0,0,0,1,-1,0,0,0,0,1,0,-1,0,0,0,1,0,0,-1,-1,0,0,1,1,0,1,0,0,0,1
689,-1,0,1,0,0,0,0,0,0,0,0,0,-1,1,0,1,-1,0,0,1,1,1,0,0,1,0,-1,-1,0,-1,0,-1,0,0,0,-1,0,0,1,-1,-1,0,-1,0,0,0,0,1,0,-1,0,-1,-1,0,-1,0,0,0,0,0,0,-1,-1,1
690,0,1,1,0,-1,0,0,1,0,0,1,0,0,0,-1,0,0,0,0,1,0,0,0,0,1,0,0,1,0,0,1,-1,-1,0,0,0,0,-1,0,0,0,0,-1,0,0,0,1,-1,0,0,0,0,0,1,0,0,0,0,1,1,-1,0,0,0
691,0,0,0,1,1,0,0,1,0,0,0,0,-1,1,1,0,1,-1,0,0,0,0,0,0,0,1,0,0,0,-1,0,0,0,-1,0,1,1,0,0,-1,0,0,0,0,0,0,0,-1,0,0,1,0,0,1,0,1,-1,-1,1,-1,0,0,0,0
692,0,0,1,0,0,1,-1,1,0,-1,0,0,0,1,0,0,0,0,0,0,-1,0,0,0,0,-1,0,0,0,0,0,-1,0,0,0,1,0,0,0,0,0,1,0,0,-1,0,0,1,-1,0,-1,1,1,1,0,0,0,-1,0,-1,0,0,0,0
693,-1,0,0,0,1,0,0,0,-1,0,0,1,-1,-1,0,0,0,1,0,1,0,-1,0,0,0,0,0,0,1,0,1,0,0,0,0,0,-1,-1,0,0,0,-1,0,0,0,0,-1,0,1,0,0,0,0,0,1,0,-1,1,0,-1,0,1,1,0
694,0,1,0,0,0,0,0,0,0,1,-1,0,-1,0,0,-1,0,0,0,0,0,0,-1,1,0,0,0,0,1,0,-1,0,1,1,0,1,0,-1,0,0,0,-1,1,0,0,0,0,1,0,0,0,0,0,0,0,-1,1,0,-1,-1,0,-1,0,0
695,1,0,-1,0,-1,0,0,1,0,1,1,0,0,0,-1,0,-1,1,0,0,-1,0,-1,0,0,0,0,0,-1,0,0,0,1,0,0,0,1,0,0,0,1,0,-1,1,0,0,1,0,1,1,1,1,0,0,0,0,0,0,0,0,1,-1,0,0
696,0,0,0,0,0,-1,0,0,0,0,1,0,0,0,1,0,0,0,1,-1,0,0,0,-1,0,0,0,0,-1,1,-1,0,1,0,1,0,-1,0,0,0,0,0,0,0,0,-1,-1,0,0,1,0,0,0,-1,0,-1,0,0,0,0,0,0,0,0
697,0,0,1,0,0,0,0,1,0,0,0,0,0,0,-1,0,0,0,0,0,0,1,1,0,0,0,-1,-1,0,1,1,1,-1,0,0,0,-1,0,1,0,1,1,0,-1,0,1,0,0,1,1,1,0,0,0,0,0,0,-1,1,0,0,0,0,0
698,-1,0,-1,0,0,0,1,-1,1,1,0,0,0,0,0,0,0,0,0,1,0,0,0,0,0,0,0,0,0,0,0,0,0,0,1,0,0,0,0,1,0,0,0,0,1,0,0,0,1,1,-1,0,0,0,0,0,0,0,-1,0,0,0,0,1
699,0,1,-1,1,0,0,-1,0,0,0,0,0,0,0,0,0,0,0,-1,0,0,1,0,0,0,0,0,0,0,0,0,-1,0,-1,0,1,0,0,0,0,0,0,0,-1,0,-1,0,0,0,-1,0,0,0,1,1,0,-1,0,0,0,1,1,0,0
700,0,0,0,0,0,0,0,0,0,0,1,-1,0,1,0,0,0,0,0,1,0,0,0,0,0,0,0,0,1,1,1,0,0,1,0,0,-1,0,1,-1,0,1,0,0,1,0,0,0,0,0,0,0,0,0,0,0,1,0,0,-1,1,0,0,0
701,0,-1,0,0,0,0,0,0,1,0,1,1,-1,1,-1,0,0,-1,1,0,-1,0,0,0,0,0,-1,0,0,1,1,0,1,1,0,0,0,0,-1,-1,-1,0,0,0,0,0,0,0,1,-1,-1,0,1,0,1,0,-1,0,0,-1,0,0,0,-1
702,1,1,-1,-1,-1,0,0,1,0,0,0,0,0,0,0,0,0,0,0,-1,0,0,1,0,0,0,0,-1,0,-1,0,0,0,-1,0,-1,0,0,0,0,0,-1,0,1,0,-1,-1,0,1,0,0,0,1,0,0,-1,0,0,0,-1,0,1,-1,0
703,0,0,0,0,0,0,0,1,0,1,0,0,0,0,0,-1,1,0,1,0,0,0,-1,0,0,0,0,0,0,0,0,0,0,0,-1,0,-1,0,0,0,0,0,1,0,0,0,-1,0,0,1,0,0,0,0,1,-1,1,0,0,0,0,0,0,1
704,-1,-1,0,1,-1,0,1,0,0,0,1,0,1,1,0,0,0,0,0,1,0,-1,0,1,-1,1,0,1,-1,-1,-1,0,0,1,0,0,0,-1,0,1,0,1,-1,0,-1,0,0,0,0,0,0,-1,0,0,0,1,1,0,0,0,-1,0,0,0
705,1,0,0,0,0,0,0,0,0,1,1,-1,1,1,-1,0,1,0,1,0,0,0,0,1,0,-1,-1,0,0,1,0,1,0,0,0,-1,0,0,1,-1,1,1,-1,0,1,-1,1,-1,0,-1,0,0,0,-1,0,0,0,-1,0,0,0,0,1,0
706,0,0,-1,-1,-1,0,-1,0,0,0,0,0,0,1,0,0,0,1,-1,0,0,0,0,0,1,0,1,-1,1,0,1,0,1,0,1,-1,1,0,1,1,0,-1,1,0,1,0,0,0,0,0,0,1,0,-1,0,0,0,-1,0,0,1,0,-1,0
707,0,1,0,-1,0,0,1,0,1,0,0,-1,0,1,0,0,0,0,0,0,0,0,0,0,0,0,1,1,0,0,0,0,1,1,0,0,1,0,0,0,0,-1,0,1,0,0,0,0,0,0,1,0,0,-1,0,0,0,0,-1,0,1,0,0,0
708,0,0,0,0,0,1,0,0,0,0,1,0,1,-1,0,0,1,0,1,0,0,1,0,-1,0,1,0,-1,0,-1,-1,0,-1,0,0,-1,1,0,0,1,0,0,0,-1,1,-1,0,0,0,-1,0,-1,0,1,0,0,1,0,1,-1,0,0,0,1
709,1,0,0,0,0,-1,0,0,0,0,0,1,0,0,-1,0,1,0,-1,0,0,0,0,0,0,0,0,-1,0,0,-1,0,1,0,-1,-1,0,0,0,0,0,0,1,0,-1,0,0,0,1,0,0,0,1,0,0,0,0,0,1,-1,1,0,0,1
710,-1,0,0,0,-1,0,0,0,0,0,0,0,0,-1,0,0,0,1,0,1,0,0,1,-1,1,-1,0,0,1,0,1,0,0,0,0,0,1,0,0,0,0,0,1,0,-1,0,1,0,0,0,-1,0,0,0,0,0,-1,-1,0,0,0,-1,1,1
711,0,0,0,0,-1,0,0,0,0,0,1,1,0,0,-1,1,-1,0,0,1,1,-1,-1,0,-1,0,-1,0,0,0,1,1,0,0,1,0,1,0,0,1,0,-1,0,0,0,0,1,0,0,0,0,0,0,0,0,1,0,0,0,0,1,0,-1,1
712,-1,0,0,0,0,0,0,0,0,0,0,0,0,0,0,0,0,0,0,0,0,0,1,1,0,0,0,0,-1,0,0,0,0,0,0,1,0,-1,0,-1,0,0,0,0,0,1,-1,1,0,0,1,0,0,0,-1,0,0,1,-1,0,-1,0,0,0
713,0,0,0,1,0,0,0,0,0,0,-1,0,0,0,0,-1,0,0,1,0,0,0,1,-1,0,0,0,0,0,-1,-1,1,0,0,0,0,0,0,-1,1,-1,0,-1,0,0,0,0,1,0,0,0,1,1,0,0,0,0,0,0,0,0,0,0,-1
714,0,0,-1,0,-1,0,0,0,0,0,0,0,0,-1,0,0,0,0,-1,0,0,1,-1,-1,0,1,0,0,-1,0,0,-1,0,0,-1,0,0,-1,1,0,-1,1,0,0,0,-1,0,-1,1,0,0,1,0,0,0,1,0,0,0,0,-1,1,-1,0
715,-1,0,0,0,-1,1,1,0,0,0,-1,0,-1,0,0,-1,-1,0,1,0,1,0,0,0,0,0,-1,0,0,0,-1,0,0,0,0,1,0,-1,0,-1,0,-1,0,0,0,-1,0,1,0,1,0,0,-1,0,0,1,0,-1,0,0,0,0,-1,0
716,1,0,0,0,0,0,0,0,1,0,0,0,0,0,-1,1,-1,0,1,-1,0,0,-1,0,0,0,1,1,0,1,0,0,0,0,0,-1,0,-1,1,1,0,-1,1,0,0,1,-1,1,1,-1,1,0,-1,0,0,0,0,0,0,0,-1,0,0,0
717,0,0,1,0,-1,-1,0,0,0,0,-1,0,0,0,1,1,0,1,1,0,0,0,0,0,1,1,0,1,0,0,0,0,0,0,-1,0,1,0,0,0,0,0,-1,0,1,0,1,-1,1,0,0,1,-1,-1,1,0,0,0,1,1,0,0,1,0
718,0,0,1,0,1,0,0,-1,0,0,0,0,0,0,1,1,0,0,-1,0,0,0,0,0,0,1,1,0,0,0,0,0,0,0,0,0,0,0,-1,0,-1,0,0,1,0,0,0,0,-1,1,0,-1,0,0,-1,0,0,0,1,0,0,0,0,-1
719,0,1,0,-1,0,0,-1,-1,1,-1,0,1,0,-1,0,0,-1,0,1,-1,0,0,-1,0,0,0,-1,-1,0,0,0,-1,0,0,0,-1,0,0,0,0,0,0,0,0,0,0,0,0,0,0,0,0,0,0,0,-1,0,0,-1,0,0,0,1,0
720,0,-1,0,1,0,0,0,0,0,0,0,-1,1,0,1,0,1,0,0,0,0,0,-1,0,1,0,-1,-1,0,-1,0,1,0,0,0,1,0,-1,0,0,0,0,1,0,0,0,-1,0,0,0,-1,0,-1,0,0,0,0,0,0,0,0,0,0,0
721,0,1,0,0,0,0,0,0,0,1,0,0,-1,0,0,0,0,-1,0,-1,0,-1,0,0,1,0,0,0,1,1,0,0,0,0,0,0,0,1,0,0,0,1,-1,0,0,0,0,-1,0,0,0,0,0,1,0,0,0,0,0,1,-1,-1,0,0
722,0,0,0,0,0,0,0,1,0,0,0,0,0,0,0,0,0,-1,0,-1,1,-1,0,1,0,0,0,0,0,0,0,0,0,0,-1,0,-1,0,0,-1,1,-1,0,0,1,-1,0,0,0,-1,0,-1,0,0,0,0,-1,-1,0,0,0,1,-1,1
723,0,0,0,-1,0,0,1,0,0,0,-1,-1,0,0,-1,0,0,-1,0,-1,1,0,0,0,0,1,0,-1,0,-1,-1,0,-1,1,-1,0,0,0,0,0,-1,0,0,0,0,1,0,0,0,-1,0,0,1,0,0,0,-1,0,1,1,0,1,0,-1
724,0,0,0,0,0,0,0,0,0,0,0,0,0,0,0,0,1,-1,0,0,0,-1,1,1,0,0,0,0,1,-1,0,-1,0,0,0,0,0,0,0,0,-1,0,0,0,0,0,0,0,0,0,0,1,0,-1,1,0,0,0,0,0,1,0,-1,0
725,-1,-1,-1,0,0,-1,-1,0,0,0,0,1,1,1,0,0,1,0,0,1,0,-1,0,0,0,0,0,-1,0,0,0,0,0,0,1,0,-1,-1,1,1,0,1,1,0,0,1,0,0,0,1,0,0,0,1,1,0,0,1,-1,0,0,1,-1,0
726,0,1,0,0,1,1,0,1,0,1,-1,0,0,0,0,0,0,0,1,1,0,0,0,0,1,0,-1,1,0,0,0,0,0,0,1,0,1,0,0,-1,0,1,0,0,0,1,-1,0,-1,0,0,-1,0,0,0,-1,0,-1,0,-1,0,-1,0,1
727,0,0,0,0,0,1,0,0,0,-1,0,1,0,1,0,0,-1,0,0,-1,-1,0,0,0,1,-1,-1,0,0,0,-1,0,0,0,0,0,0,0,0,0,0,0,0,0,0,1,0,0,-1,-1,0,0,-1,0,0,0,-1,0,0,0,0,0,0,0
728,0,0,0,1,0,0,0,0,1,1,0,0,0,-1,0,-1,-1,0,-1,1,0,-1,0,0,0,-1,0,0,0,0,0,1,0,0,0,0,0,0,1,-1,0,1,1,-1,1,0,0,-1,0,1,0,0,-1,-1,0,1,0,0,1,1,1,1,0,0
729,1,0,0,-1,0,-1,0,0,0,0,0,0,0,0,-1,0,1,1,0,0,0,0,-1,0,0,0,0,0,0,0,1,0,0,-1,-1,0,0,0,1,1,0,0,-1,0,0,0,1,0,0,0,-1,0,0,0,-1,0,0,1,0,0,0,0,1,0
730,-1,0,0,0,0,1,0,0,1,0,-1,0,0,-1,-1,0,-1,-1,0,-1,0,-1,-1,0,1,1,0,-1,0,0,0,0,1,0,1,-1,-1,-1,0,0,0,0,0,0,0,-1,1,0,-1,0,-1,0,1,1,1,1,1,-1,0,1,0,0,0,0
731,0,0,0,0,0,0,0,-1,0,0,0,0,0,0,0,0,0,0,1,-1,0,-1,1,0,-1,1,-1,-1,1,0,0,-1,-1,0,-1,1,0,-1,1,-1,-1,1,-1,0,0,-1,0,0,0,0,0,1,0,0,-1,0,0,1,-1,0,-1,0,0,0
732,1,0,-1,-1,-1,0,0,0,1,-1,0,1,-1,0,0,0,0,0,0,0,0,0,1,1,-1,0,0,-1,0,0,0,1,-1,1,-1,-1,1,0,0,-1,0,0,-1,0,-1,0,0,-1,0,0,0,0,0,0,0,-1,1,0,0,0,0,0,0,0
733,1,0,0,0,0,-1,0,-1,-1,0,0,0,0,0,1,0,0,0,1,-1,0,-1,0,0,-1,-1,1,-1,-1,0,0,0,0,0,0,-1,0,1,1,-1,1,0,-1,0,-1,1,0,-1,0,0,1,0,1,0,0,0,0,1,0,0,0,0,0,0
734,0,-1,0,1,-1,0,-1,0,-1,-1,0,1,0,0,-1,0,0,0,0,1,0,0,0,1,0,0,0,0,1,-1,1,-1,0,0,0,1,0,0,0,0,0,0,-1,0,0,0,0,0,0,-1,-1,-1,1,0,-1,0,0,0,0,1,-1,-1,0,0
735,1,0,0,0,0,0,0,0,0,1,0,0,0,1,-1,1,1,1,-1,-1,0,0,0,-1,0,0,0,-1,0,1,0,-1,0,-1,1,-1,0,1,0,0,0,0,0,-1,0,-1,0,0,1,0,-1,-1,0,-1,0,0,-1,0,0,-1,0,0,0,-1
736,0,1,0,-1,0,0,-1,-1,0,0,0,1,0,0,0,0,0,0,1,0,0,1,0,1,0,1,-1,0,0,0,0,-1,0,0,1,0,1,1,0,0,0,0,0,0,0,0,0,0,0,0,0,0,1,0,1,0,0,-1,0,0,1,0,-1,1
737,0,-1,1,0,-1,0,-1,0,0,0,1,0,0,0,0,0,-1,1,0,0,0,0,0,0,0,1,-1,0,0,-1,0,0,0,0,-1,1,0,0,1,0,0,1,0,1,0,0,0,-1,0,0,0,0,-1,0,0,1,0,0,1,0,-1,1,0,0
738,0,-1,0,-1,0,1,1,1,1,-1,0,0,0,-1,0,0,0,0,0,1,0,0,1,0,-1,0,1,-1,0,0,0,0,-1,-1,0,0,0,-1,0,-1,0,0,0,-1,1,1,-1,0,0,0,0,-1,0,0,0,0,0,0,1,1,0,0,-1,0
739,0,-1,0,0,0,0,1,-1,0,-1,0,1,-1,0,-1,0,0,0,0,0,-1,0,0,-1,0,0,0,0,0,0,0,1,0,0,1,-1,0,0,-1,0,0,0,0,0,1,0,0,0,1,-1,0,-1,0,0,-1,0,-1,0,0,0,0,0,0,1
740,1,0,-1,1,0,0,1,0,0,0,0,1,1,0,0,0,-1,0,-1,0,0,1,0,-1,-1,-1,0,0,-1,0,0,0,1,0,0,1,1,-1,0,-1,0,0,-1,0,0,0,1,0,0,1,0,0,0,0,0,0,0,0,0,0,0,0,1,0
741,0,-1,0,0,1,0,0,0,0,0,1,1,0,0,0,0,0,0,0,0,0,0,0,0,0,0,0,0,1,-1,-1,0,0,0,0,-1,0,0,0,0,0,1,1,0,-1,0,0,0,0,-1,0,0,1,0,0,-1,0,0,1,-1,-1,0,0,-1
742,1,0,0,-1,0,0,0,0,0,0,0,1,0,0,0,-1,0,0,1,0,0,0,0,-1,0,1,-1,0,1,0,0,-1,1,0,0,0,0,0,0,1,1,-1,0,-1,-1,0,1,0,0,0,-1,0,1,-1,-1,0,0,0,1,-1,1,-1,0,-1
743,0,-1,-1,0,0,0,-1,-1,0,1,0,0,-1,-1,0,0,0,0,0,0,1,0,0,-1,-1,0,0,1,0,0,-1,0,0,0,-1,1,0,-1,0,0,0,0,0,0,0,-1,-1,0,1,0,-1,0,0,0,0,0,0,0,0,0,-1,0,0,-1
744,0,0,0,1,-1,0,0,1,1,0,1,-1,0,0,-1,0,0,-1,0,0,0,0,1,-1,0,1,0,0,-1,0,1,0,1,-1,0,-1,0,0,0,1,0,0,1,-1,0,-1,0,0,0,-1,0,0,0,0,0,-1,0,-1,-1,0,0,0,-1,1
745,0,0,0,0,0,0,0,1,0,0,0,1,0,0,0,0,0,0,0,-1,1,0,1,0,0,0,0,0,0,0,0,0,0,0,0,0,1,0,1,-1,0,0,0,0,0,0,1,0,-1,1,-1,-1,0,0,0,0,0,0,0,0,0,1,0,0
746,0,0,0,0,0,0,0,-1,0,0,-1,0,0,1,1,1,-1,0,1,1,0,0,0,0,1,0,0,1,0,0,0,-1,0,0,0,-1,0,1,0,-1,0,0,0,0,0,-1,-1,0,0,-1,-1,0,1,0,0,1,1,0,-1,0,0,0,0,-1
747,0,-1,0,0,1,0,1,0,-1,-1,0,-1,0,-1,-1,1,0,0,0,1,0,0,0,0,0,0,1,0,0,-1,1,0,0,0,1,1,0,-1,-1,0,0,-1,1,0,0,0,0,1,0,0,0,0,-1,1,0,0,0,0,-1,0,-1,1,0,0
748,-1,-1,1,0,0,0,-1,0,1,-1,-1,0,0,1,-1,0,1,-1,0,0,-1,0,-1,0,0,0,0,-1,0,0,-1,1,-1,1,0,0,0,0,0,0,0,0,0,0,0,0,1,0,0,0,0,1,0,0,0,0,1,-1,0,0,-1,0,-1,0
749,0,0,-1,0,0,0,0,0,-1,-1,-1,0,0,0,0,0,1,0,0,0,0,0,0,0,1,0,0,0,0,0,0,-1,1,0,-1,0,1,0,-1,1,0,-1,0,0,0,0,0,0,0,0,-1,0,1,0,0,-1,1,0,0,1,0,1,0,0
750,0,1,0,1,0,1,1,0,0,0,0,0,0,-1,0,0,1,-1,0,1,0,0,0,1,0,1,0,-1,0,0,1,0,0,1,0,0,0,0,0,0,0,0,0,-1,0,0,0,0,-1,0,-1,0,0,0,1,0,-1,-1,1,0,0,-1,0,0
751,0,0,0,0,0,0,0,1,-1,0,0,0,0,0,0,-1,0,0,0,0,1,1,-1,0,1,0,0,0,-1,0,1,-1,0,0,0,-1,1,0,-1,0,0,0,0,0,0,1,1,0,0,-1,0,-1,1,0,0,0,0,0,0,0,0,0,0,0
752,-1,0,0,0,-1,0,1,0,0,-1,0,0,0,0,0,0,-1,0,0,1,-1,0,0,0,-1,0,0,0,1,1,-1,1,0,0,0,1,0,0,0,-1,1,0,0,1,1,0,0,0,0,0,0,-1,0,0,0,1,0,0,0,0,0,0,0,0
753,1,1,0,0,-1,-1,0,0,0,1,0,0,1,0,-1,0,0,0,0,1,1,0,0,0,0,-1,0,0,0,0,0,0,1,0,0,1,0,0,0,-1,-1,0,0,0,-1,0,0,0,0,1,1,0,0,0,1,-1,0,-1,0,-1,-1,0,1,1
754,0,0,-1,0,0,0,0,0,0,0,0,0,0,0,0,0,0,1,0,-1,0,0,0,0,0,0,0,0,0,1,0,0,0,0,0,0,-1,1,-1,0,0,0,0,0,0,0,0,0,0,0,0,0,0,-1,-1,0,0,0,0,0,0,0,0,0
755,0,0,0,0,0,-1,0,0,0,0,1,0,0,0,0,-1,0,0,0,0,0,0,0,1,0,0,0,0,-1,0,-1,-1,0,1,0,-1,1,1,0,0,-1,0,-1,0,0,0,0,0,0,-1,0,0,0,-1,1,0,0,0,0,0,1,0,-1,1
756,0,0,0,-1,1,0,0,0,0,0,0,0,-1,-1,0,-1,1,-1,0,0,1,1,0,0,0,0,0,0,0,0,0,1,0,0,0,0,0,0,-1,1,1,1,-1,0,1,1,0,0,0,0,1,0,1,-1,-1,0,-1,0,-1,0,0,0,0,1
757,-1,1,0,0,-1,0,-1,0,-1,0,0,1,0,0,1,1,0,1,1,0,0,0,0,0,0,-1,0,0,0,0,0,0,0,1,0,1,1,1,0,0,0,0,-1,-1,0,0,0,1,1,-1,1,1,0,0,-1,-1,0,0,-1,-1,0,0,1,1
758,0,1,0,-1,0,0,-1,-1,-1,1,-1,-1,-1,0,0,0,1,-1,0,1,0,0,-1,0,0,1,0,1,0,0,0,0,0,-1,0,0,0,0,1,-1,0,-1,0,0,0,0,1,1,1,0,0,0,0,0,0,1,0,0,0,0,0,-1,-1,0
759,-1,-1,0,1,1,-1,-1,1,0,0,0,0,1,1,-1,0,-1,0,1,1,-1,0,0,0,1,0,0,1,0,0,0,0,0,0,-1,-1,-1,0,0,1,1,0,0,1,0,0,-1,1,1,0,-1,0,-1,-1,0,0,0,-1,0,-1,-1,0,0,0
760,0,-1,-1,0,0,1,0,0,1,0,0,0,-1,-1,0,0,-1,0,0,1,0,0,0,0,0,0,0,0,0,-1,0,1,0,0,0,0,0,1,0,0,-1,0,0,0,0,1,1,0,0,0,1,0,0,0,0,0,0,0,0,0,0,0,1,0
761,0,0,0,0,0,0,0,0,0,1,0,1,0,0,0,0,0,0,0,1,0,-1,0,0,0,0,1,-1,1,1,0,0,0,0,0,0,0,0,0,0,0,0,-1,-1,1,0,0,0,0,1,0,0,0,0,0,0,0,0,-1,0,0,0,-1,0
762,-1,-1,-1,0,0,-1,0,0,-1,0,-1,0,0,0,0,1,0,0,1,0,0,0,0,0,0,-1,0,0,0,1,0,0,-1,0,0,1,0,-1,1,-1,0,0,0,0,0,-1,-1,-1,0,0,0,0,0,0,0,1,0,1,0,1,-1,0,1,0
763,0,1,-1,0,0,0,0,0,1,0,0,0,0,0,0,0,0,-1,0,0,-1,0,1,0,-1,0,-1,1,-1,0,0,0,0,0,0,0,1,-1,-1,0,-1,0,1,0,-1,-1,0,1,0,1,0,0,0,-1,-1,1,0,0,0,0,0,0,0,0
764,1,0,0,0,0,-1,0,0,-1,-1,0,-1,-1,0,0,0,-1,0,0,1,0,0,-1,0,0,0,0,0,-1,1,0,-1,-1,0,0,0,0,-1,1,0,0,0,0,0,0,0,0,-1,0,-1,0,0,-1,1,1,1,1,0,1,0,0,-1,0,1
765,1,0,0,0,0,-1,0,0,0,0,1,0,-1,0,1,1,0,0,-1,0,0,0,0,1,0,0,0,0,0,0,-1,-1,0,0,1,0,0,-1,1,0,0,0,-1,0,1,0,-1,0,0,0,0,0,0,-1,0,-1,0,-1,1,0,0,0,-1,0
766,-1,0,1,0,-1,0,0,0,0,1,1,0,-1,-1,0,1,0,-1,0,0,0,-1,-1,0,0,0,0,-1,0,1,0,0,0,0,0,0,0,0,1,0,1,1,-1,0,0,0,0,-1,0,-1,1,0,1,1,1,-1,0,0,0,0,0,0,-1,0
767,-1,0,0,0,1,0,0,1,-1,-1,0,0,0,0,0,0,0,0,-1,0,0,-1,0,-1,0,0,0,0,0,0,0,0,0,-1,0,0,-1,1,0,0,0,0,0,0,0,1,-1,0,0,-1,0,0,0,1,0,0,0,0,1,1,-1,0,1,1
768,0,0,0,0,0,0,-1,1,0,-1,0,-1,-1,0,1,0,0,0,0,0,0,-1,0,1,0,-1,1,0,1,0,0,0,0,0,0,0,0,-1,-1,0,0,0,-1,0,0,1,0,-1,1,-1,0,0,0,1,0,0,0,-1,0,0,1,0,0,0
769,0,0,-1,-1,0,0,-1,-1,0,0,1,0,0,-1,0,-1,-1,-1,0,1,-1,0,0,0,0,0,-1,0,0,0,0,-1,0,0,0,-1,0,1,-1,0,0,0,0,0,0,0,0,1,0,0,1,-1,0,0,-1,0,0,0,0,0,0,0,0,0
770,0,0,0,0,1,1,0,1,1,-1,1,-1,0,0,-1,0,0,0,0,0,0,1,0,0,0,0,0,1,1,0,0,0,0,1,0,0,-1,1,0,1,0,0,1,0,0,0,0,1,0,0,0,0,0,-1,0,1,0,0,1,0,0,0,0,0
771,0,0,-1,0,0,0,0,0,1,0,0,0,0,0,0,0,0,0,0,0,0,0,0,-1,0,-1,-1,0,0,0,-1,0,1,-1,0,0,0,0,0,-1,0,0,1,-1,0,0,0,0,0,0,1,0,-1,1,0,-1,0,1,0,0,0,0,1,0
772,0,0,0,0,0,1,0,1,1,0,0,-1,0,1,1,0,0,-1,0,-1,0,0,0,0,0,0,0,0,0,-1,1,0,0,0,0,0,0,-1,0,0,0,0,0,-1,-1,1,-1,-1,-1,0,0,0,0,-1,0,0,0,1,0,0,0,1,0,0
773,-1,0,0,0,0,0,0,0,0,0,0,0,0,0,0,0,0,-1,0,0,0,0,-1,1,-1,0,1,0,0,0,0,0,0,0,0,1,0,-1,0,-1,0,-1,1,1,0,0,-1,0,-1,1,0,0,1,1,-1,0,0,0,0,0,0,-1,0,1
774,0,0,1,0,0,0,1,1,-1,1,0,1,0,0,0,0,0,0,0,1,0,1,0,0,0,0,1,0,-1,1,0,0,0,0,0,0,0,0,0,1,0,0,1,0,0,0,0,-1,0,0,-1,0,-1,-1,0,0,0,0,-1,0,0,0,0,0
775,0,0,0,1,-1,-1,0,0,0,0,0,0,1,0,0,0,0,0,-1,0,0,1,-1,1,1,0,0,0,0,0,0,0,0,0,0,0,1,0,-1,0,1,0,0,1,0,0,1,1,0,0,-1,0,0,0,1,1,0,1,-1,0,-1,-1,1,0
776,1,0,1,0,0,-1,0,-1,0,1,0,1,-1,0,-1,-1,1,0,-1,0,-1,0,0,0,0,0,0,0,0,0,0,1,0,1,0,0,0,-1,-1,0,0,0,-1,0,0,0,0,0,-1,0,0,0,1,0,0,0,1,1,-1,0,1,-1,-1,-1
777,1,-1,-1,0,0,-1,1,0,0,0,0,-1,1,1,0,-1,0,-1,1,-1,0,0,0,1,1,-1,0,-1,-1,-1,1,0,0,0,0,1,0,1,0,0,0,0,0,-1,0,0,0,0,0,1,1,-1,0,0,0,-1,-1,0,0,1,0,0,0,0
778,0,0,0,0,0,1,0,1,0,1,0,0,1,0,-1,1,-1,-1,-1,1,0,-1,0,0,0,0,-1,-1,-1,0,0,0,0,0,0,-1,0,1,0,0,1,-1,1,0,0,0,0,0,-1,1,-1,1,1,0,-1,1,0,0,0,0,0,0,0,-1
779,0,1,-1,0,-1,0,0,-1,1,-1,-1,0,1,0,0,0,0,0,-1,1,0,0,1,1,1,0,0,0,0,0,0,-1,-1,0,-1,1,0,0,1,0,0,0,-1,-1,0,0,0,0,0,0,0,-1,0,1,0,0,0,0,-1,0,0,0,-1,0
780,0,0,0,1,0,0,0,0,0,0,-1,0,-1,1,0,0,0,0,0,0,-1,1,0,0,-1,-1,0,0,0,-1,1,0,0,0,0,0,0,0,0,0,0,-1,-1,0,0,1,1,0,-1,1,-1,1,0,0,-1,0,0,0,1,1,0,0,0,1
781,0,0,0,0,-1,0,0,0,0,1,1,0,1,0,-1,0,1,1,0,0,0,0,-1,0,0,0,1,0,1,0,1,0,0,0,0,1,0,0,-1,0,0,0,0,0,0,0,-1,0,0,0,0,0,1,0,-1,0,0,0,0,-1,0,1,-1,0
782,0,1,0,1,0,1,1,1,0,0,-1,1,0,0,-1,0,-1,0,1,1,0,0,0,0,0,0,0,0,1,0,-1,1,0,0,-1,1,0,0,0,0,1,0,0,0,0,-1,-1,-1,0,0,1,0,0,0,0,0,0,0,-1,1,-1,0,0,1
783,-1,-1,0,-1,0,0,0,-1,1,0,0,0,0,-1,1,0,-1,0,0,1,0,1,1,1,0,1,0,-1,1,0,1,1,1,0,0,0,0,0,0,0,1,-1,0,0,-1,0,-1,0,1,0,0,0,1,0,-1,0,0,0,0,1,0,0,0,0
784,0,-1,-1,0,0,0,0,0,0,-1,-1,0,1,0,1,1,1,1,0,0,0,-1,0,0,1,1,-1,0,-1,0,1,0,-1,1,0,1,0,0,0,0,0,-1,0,0,0,0,0,1,0,0,0,0,0,0,0,-1,1,-1,0,1,0,-1,1,0
785,1,-1,1,0,0,0,1,0,0,-1,0,0,1,0,0,0,0,0,-1,0,0,0,0,-1,1,-1,0,0,1,0,1,0,1,0,0,0,-1,1,0,0,-1,0,-1,0,0,-1,0,-1,0,0,1,0,0,0,1,0,1,1,0,-1,-1,0,0,0
786,0,0,0,0,0,-1,0,0,-1,0,-1,0,0,0,0,0,1,0,-1,1,0,1,0,0,0,0,-1,0,0,0,-1,0,-1,1,0,0,-1,0,0,0,0,1,-1,0,0,0,0,0,0,0,0,-1,0,0,0,0,0,0,0,0,1,0,0,0
787,0,1,0,1,0,0,0,0,-1,0,-1,-1,-1,-1,0,0,1,-1,0,1,0,0,0,0,0,1,1,0,0,1,0,0,0,0,0,0,-1,0,0,1,0,0,0,-1,0,1,-1,0,-1,-1,0,0,0,0,0,1,1,0,0,0,-1,0,0,0
788,1,0,0,0,0,0,-1,0,0,0,-1,0,0,1,-1,0,0,0,-1,1,0,1,-1,0,-1,0,0,0,0,0,0,0,-1,0,-1,-1,0,0,0,0,0,0,0,-1,0,0,0,0,0,0,-1,0,0,0,0,1,0,0,1,0,0,0,0,0
789,0,0,0,0,0,0,0,0,1,0,1,0,0,0,0,0,0,0,0,1,0,-1,0,1,0,-1,-1,-1,0,0,0,-1,-1,0,0,-1,1,0,0,1,0,1,-1,0,0,-1,-1,0,-1,0,0,0,0,0,0,1,1,0,0,1,-1,1,-1,0
790,1,-1,1,-1,0,0,1,0,-1,1,0,0,0,0,0,0,0,-1,0,0,0,-1,1,1,0,0,0,0,0,1,0,0,0,0,0,0,0,-1,0,0,-1,0,1,0,-1,0,0,0,0,0,-1,0,0,1,1,1,1,-1,0,0,0,0,-1,0
791,0,0,-1,0,-1,0,0,0,0,1,1,-1,0,0,0,1,0,0,0,0,0,0,0,0,0,0,0,-1,0,0,-1,-1,0,0,0,0,0,0,0,0,0,0,1,1,0,0,0,0,0,1,0,-1,0,-1,0,0,0,0,0,-1,-1,0,0,0
792,0,1,0,0,0,0,0,0,0,0,1,0,0,0,0,0,1,0,0,0,1,0,0,1,0,0,0,0,0,1,0,-1,-1,-1,0,1,1,0,0,0,1,0,0,1,0,0,0,0,0,0,0,0,0,1,0,0,0,0,0,0,0,0,0,0
793,0,1,0,0,1,0,0,0,0,0,0,1,0,-1,0,0,0,0,0,0,1,0,0,0,0,0,0,0,-1,1,0,0,0,0,0,0,0,0,1,-1,-1,1,-1,0,0,0,0,0,0,1,1,-1,0,0,-1,0,0,-1,0,-1,0,0,0,0
794,0,0,0,1,0,-1,0,0,1,1,0,-1,-1,1,0,1,-1,0,0,0,0,0,-1,-1,0,0,0,0,0,1,0,0,-1,1,0,-1,0,-1,0,0,1,0,0,0,0,1,0,0,-1,0,-1,-1,1,0,0,0,0,0,1,0,0,-1,0,-1
795,-1,0,-1,-1,1,1,-1,0,-1,-1,0,0,0,0,0,0,0,1,1,0,-1,-1,1,0,0,0,0,0,0,0,0,0,1,0,0,0,-1,0,0,-1,0,0,1,0,0,1,0,0,1,0,-1,0,0,-1,1,0,1,0,0,0,0,0,0,0
796,0,0,0,0,-1,0,1,0,1,0,-1,-1,1,0,0,1,0,1,1,0,0,0,0,0,0,0,-1,0,-1,0,0,0,0,0,-1,0,0,1,0,1,0,0,0,0,0,-1,1,1,0,-1,0,0,0,-1,1,1,0,-1,0,0,0,0,0,0
797,-1,-1,-1,0,-1,0,1,-1,1,0,0,-1,-1,0,-1,-1,0,0,0,0,-1,0,0,-1,0,0,-1,0,0,-1,0,0,0,0,1,0,1,0,0,-1,0,0,-1,0,-1,1,0,0,0,0,0,0,0,0,0,-1,0,0,0,0,0,1,0,0
798,-1,0,0,0,0,0,0,1,-1,0,0,1,-1,0,0,0,-1,0,-1,0,0,0,0,1,0,0,1,0,1,0,1,-1,0,0,1,1,1,0,0,0,1,-1,0,1,0,0,-1,1,-1,0,1,0,-1,1,0,0,0,0,0,0,1,0,1,0
799,0,0,0,0,-1,0,0,-1,0,0,-1,0,-1,-1,-1,0,0,0,0,1,0,0,0,0,1,-1,0,-1,0,0,0,0,0,0,0,0,-1,-1,0,0,0,0,0,-1,0,0,0,0,0,1,0,1,0,0,0,1,0,0,-1,0,0,1,-1,1
800,0,1,0,-1,0,0,0,0,0,-1,1,0,0,0,0,0,0,-1,1,1,0,1,0,0,-1,0,-1,0,0,0,0,1,-1,-1,0,0,0,0,1,0,0,-1,0,0,0,1,-1,-1,0,0,0,-1,0,0,0,0,0,0,0,0,0,-1,1,1
801,-1,1,1,0,0,0,0,-1,1,0,0,0,0,-1,-1,-1,0,-1,0,0,0,0,1,-1,-1,0,0,0,1,0,1,1,1,-1,0,1,1,0,0,0,0,0,0,0,0,0,0,1,0,0,0,-1,0,0,1,0,0,-1,0,1,0,0,1,0
802,0,0,-1,0,1,0,0,1,-1,0,0,0,0,0,-1,0,-1,0,0,0,-1,0,0,1,0,1,0,0,0,0,1,0,0,0,-1,0,-1,1,0,-1,0,0,0,-1,1,-1,0,1,0,1,-1,1,0,0,0,0,1,0,0,0,0,1,0,0
803,1,0,0,0,1,0,0,0,0,0,0,0,0,0,-1,0,1,0,0,1,0,0,-1,1,1,0,0,0,1,-1,0,1,0,0,0,0,1,-1,-1,0,0,0,0,0,0,0,0,0,0,0,0,0,0,0,-1,0,0,1,0,-1,0,0,0,1
804,0,1,0,-1,0,0,0,1,0,1,0,0,0,0,-1,0,0,1,0,-1,0,0,1,0,0,0,0,-1,0,0,0,1,1,0,0,0,0,0,1,0,0,0,-1,0,1,-1,0,-1,0,0,0,0,1,-1,0,0,0,0,0,0,0,0,0,0
805,-1,0,0,-1,0,0,0,0,1,0,0,0,-1,-1,0,-1,0,0,1,0,-1,-1,0,0,0,0,0,0,0,0,-1,0,0,1,0,-1,0,0,0,0,0,1,0,0,0,-1,-1,0,0,0,0,-1,-1,0,0,0,-1,1,0,0,0,0,0,0
806,-1,0,1,1,1,-1,0,-1,0,0,-1,-1,0,1,1,0,1,0,-1,0,1,-1,0,0,0,0,0,0,0,-1,-1,0,0,1,1,0,0,0,-1,1,-1,0,0,-1,0,0,1,0,0,0,-1,0,0,0,1,1,0,0,0,1,0,1,0,0
807,1,0,0,0,-1,-1,0,0,0,0,-1,0,-1,1,0,0,-1,-1,0,1,0,-1,0,0,-1,0,0,1,0,0,-1,0,1,0,0,0,0,-1,0,0,1,1,-1,-1,1,0,-1,1,0,0,0,0,0,-1,0,1,-1,0,1,0,0,-1,1,0
808,1,0,-1,0,0,0,-1,0,0,0,0,-1,0,0,0,1,0,1,0,0,0,0,0,0,-1,-1,0,-1,1,1,0,0,0,0,0,-1,0,0,0,0,1,0,0,0,-1,0,0,0,0,0,0,-1,1,0,1,-1,0,0,0,0,-1,0,-1,0
809,0,0,0,-1,0,-1,0,1,0,-1,-1,1,0,-1,0,-1,-1,0,-1,0,0,0,-1,0,0,0,0,0,1,0,0,0,0,0,1,0,0,-1,0,0,-1,0,-1,0,-1,0,0,1,0,-1,0,0,1,-1,0,0,0,-1,-1,0,1,1,0,-1
810,0,1,0,1,0,0,0,0,1,0,0,0,0,0,0,-1,1,0,0,0,0,0,0,0,0,0,0,0,-1,0,0,0,0,0,0,1,0,0,-1,0,0,0,0,-1,-1,0,-1,0,1,0,0,0,0,-1,-1,1,0,1,0,1,0,0,0,-1
811,0,0,0,0,-1,1,0,-1,0,1,1,0,0,1,-1,1,1,0,0,0,-1,0,0,0,0,0,0,1,1,0,-1,-1,-1,1,0,0,0,0,0,1,0,0,0,0,0,0,0,0,1,0,1,0,0,0,0,0,-1,-1,0,0,-1,0,0,0
812,0,-1,0,-1,0,0,1,0,0,1,0,0,0,1,0,0,0,-1,0,0,1,1,0,0,0,0,-1,0,0,-1,-1,0,0,-1,0,0,1,0,0,-1,1,0,-1,0,0,0,0,0,0,0,0,0,1,0,0,0,-1,0,0,0,0,0,0,0
813,1,-1,0,0,0,0,1,0,0,0,-1,0,0,0,-1,-1,0,0,0,1,0,-1,0,0,0,0,0,0,0,1,1,0,-1,0,-1,1,0,0,0,1,0,0,0,0,0,0,0,0,0,0,0,0,1,1,0,0,-1,0,0,0,1,1,0,-1
814,0,0,0,0,-1,0,0,0,-1,0,0,0,0,0,0,-1,0,0,0,-1,0,-1,0,-1,0,0,1,1,0,-1,0,1,1,1,0,0,0,0,0,1,0,0,0,0,1,0,0,0,0,0,0,0,0,-1,1,1,0,0,0,1,0,0,0,0
815,1,0,1,-1,0,0,0,0,0,0,-1,1,0,-1,-1,0,0,0,0,-1,0,1,0,0,0,1,0,0,1,-1,0,0,0,0,0,0,0,-1,0,-1,-1,0,0,1,0,0,0,0,0,0,0,-1,0,0,-1,0,0,0,0,-1,0,0,0,0
816,1,0,1,-1,0,0,1,0,0,0,1,0,0,0,1,-1,1,0,1,0,0,-1,0,1,1,0,-1,0,-1,1,1,0,0,0,0,1,0,-1,0,0,0,0,0,-1,-1,0,1,0,0,0,1,0,0,1,0,0,1,0,-1,1,1,-1,0,1
817,-1,0,0,0,0,-1,0,0,-1,-1,0,0,0,0,-1,0,-1,0,-1,0,0,0,0,0,-1,0,0,1,1,0,0,0,0,-1,1,0,-1,0,1,1,0,0,-1,1,0,0,0,1,1,0,0,0,0,-1,-1,0,1,0,1,0,0,0,1,1
818,0,0,0,0,0,0,-1,1,0,0,1,0,0,0,0,-1,0,1,0,0,1,0,-1,-1,0,0,0,-1,0,0,0,0,0,0,1,-1,-1,0,1,0,0,0,1,0,0,0,0,0,-1,0,0,1,0,1,0,0,0,1,0,0,0,1,0,0
819,0,-1,0,1,1,-1,0,0,0,1,0,-1,1,-1,1,0,0,0,-1,0,-1,0,-1,-1,0,0,0,0,0,0,0,0,1,0,1,0,0,0,0,0,0,0,0,0,0,0,0,1,0,0,0,0,1,-1,0,-1,0,-1,1,0,0,-1,0,1
820,-1,0,0,0,-1,0,0,-1,0,0,0,0,-1,0,0,0,0,0,0,0,1,0,1,0,-1,1,0,0,0,0,0,0,0,-1,0,0,0,0,0,0,0,0,0,1,0,-1,1,1,0,0,1,0,0,0,-1,-1,-1,1,0,0,0,1,0,0
821,0,0,0,1,-1,0,-1,0,-1,-1,-1,0,-1,-1,0,0,0,0,-1,1,0,0,0,-1,0,1,0,-1,-1,0,0,0,0,0,0,0,0,0,-1,-1,0,0,0,1,0,0,0,1,0,0,-1,0,0,-1,0,-1,1,-1,0,0,0,1,0,0
822,0,1,0,0,1,0,1,0,0,1,0,0,0,0,0,0,0,0,1,0,0,1,-1,0,0,0,0,0,1,0,-1,-1,0,-1,1,0,1,0,-1,0,0,0,0,0,0,0,0,1,0,0,0,0,0,0,0,-1,0,0,0,0,1,0,0,0
823,0,0,0,0,0,0,0,-1,0,1,0,0,1,0,0,0,-1,1,0,-1,1,0,-1,0,0,0,1,-1,1,-1,-1,0,0,0,0,0,0,0,0,0,-1,0,-1,1,0,0,0,0,1,0,1,1,0,0,0,0,0,0,0,1,1,0,0,0
824,0,0,0,0,0,0,0,0,1,0,0,0,0,1,0,-1,-1,0,1,-1,0,-1,1,0,0,1,0,1,1,0,-1,-1,0,0,1,0,0,0,0,0,0,0,1,0,0,0,0,0,1,0,0,0,0,0,1,0,0,1,-1,0,0,0,0,0
825,0,0,0,0,0,1,0,1,0,1,-1,0,0,0,0,0,-1,1,0,-1,0,0,1,0,0,-1,0,1,0,0,0,0,1,0,0,-1,-1,0,-1,0,0,1,0,1,0,1,0,-1,1,0,0,-1,0,0,1,0,-1,0,0,0,1,1,1,1
826,0,0,0,0,0,-1,1,0,-1,0,1,1,-1,1,0,-1,0,1,1,0,1,0,0,0,1,-1,0,0,0,0,1,-1,0,0,0,0,1,0,0,0,0,0,0,0,0,-1,0,0,0,0,0,0,0,-1,1,0,1,0,0,0,0,1,0,0
827,1,0,0,0,0,0,0,0,0,0,0,0,0,0,0,-1,0,-1,0,-1,0,0,0,-1,0,1,0,0,0,-1,0,0,0,0,0,0,1,1,0,0,0,0,0,-1,0,0,1,0,0,0,-1,-1,1,1,0,0,0,1,0,0,-1,1,0,-1
828,1,1,0,0,0,0,1,0,0,1,0,0,0,-1,0,0,1,0,0,1,0,1,-1,1,-1,0,0,0,0,0,0,1,1,0,0,0,1,-1,0,1,0,-1,0,1,0,0,-1,0,1,0,0,0,0,0,-1,0,1,0,0,0,0,0,0,0
829,0,-1,-1,0,1,-1,0,0,0,0,0,0,0,0,0,0,0,-1,-1,0,0,0,0,0,0,0,0,0,0,0,1,-1,0,0,1,0,1,0,0,0,0,0,0,0,1,0,0,0,0,0,1,-1,0,0,0,1,0,0,0,0,1,0,0,0
830,0,0,-1,1,0,0,0,1,-1,0,1,0,0,1,0,1,-1,0,1,1,0,0,-1,0,0,1,0,0,0,1,0,0,0,0,-1,0,0,0,0,0,1,0,0,-1,1,-1,0,0,0,0,0,0,0,0,0,0,-1,0,1,0,0,1,0,0
831,0,0,0,0,1,0,1,1,0,0,1,1,0,-1,1,0,0,0,1,0,-1,0,-1,1,1,-1,0,1,0,0,0,0,0,0,-1,1,0,0,0,-1,1,0,0,0,0,0,1,0,0,0,1,0,-1,0,0,0,0,-1,0,0,1,0,0,0
832,1,-1,0,1,0,0,0,0,0,1,0,0,0,-1,1,0,0,0,0,0,-1,0,1,0,0,-1,0,1,0,0,0,-1,0,-1,0,0,1,0,-1,0,-1,0,1,-1,0,1,1,0,-1,-1,1,0,0,0,0,-1,0,0,0,0,-1,0,0,0
833,0,0,0,0,0,0,1,0,0,1,-1,0,0,1,0,-1,0,-1,0,0,0,0,0,0,0,1,0,1,0,0,0,0,0,0,0,0,0,-1,0,1,0,0,0,1,0,1,1,0,0,0,0,1,-1,0,1,1,0,1,0,0,0,0,1,0
834,0,0,-1,1,0,0,0,0,0,1,0,-1,0,0,0,0,0,0,-1,-1,0,-1,-1,0,-1,0,0,0,0,0,0,0,0,0,0,0,0,0,0,0,1,0,1,-1,0,-1,0,0,0,0,0,0,0,1,0,1,0,0,0,0,0,-1,1,0
835,0,0,0,0,0,1,-1,0,0,0,0,0,-1,0,0,0,-1,0,-1,-1,-1,0,-1,0,0,1,0,0,1,0,0,0,0,1,0,0,1,0,0,0,0,1,0,1,-1,0,0,0,0,-1,0,0,0,0,0,1,-1,0,0,0,0,1,-1,-1
836,0,0,-1,-1,1,0,0,1,-1,0,1,0,0,-1,1,1,1,-1,0,0,0,0,0,0,0,0,0,0,0,0,0,0,1,0,1,0,1,-1,1,1,0,0,0,0,-1,1,0,0,0,0,1,1,0,0,0,0,1,0,1,1,0,0,0,1
837,0,-1,0,0,0,-1,0,1,0,0,-1,1,0,0,1,1,0,0,0,0,0,1,-1,0,-1,0,0,1,1,0,0,-1,-1,1,0,0,0,0,0,-1,1,0,0,0,0,0,-1,0,0,0,1,0,0,0,0,0,1,0,-1,-1,1,0,0,0
838,-1,-1,0,-1,0,0,0,0,0,0,0,0,0,0,0,-1,0,0,0,0,0,0,1,1,0,-1,0,1,-1,0,0,0,0,-1,1,0,0,0,0,0,0,0,1,0,0,0,0,-1,0,0,-1,-1,-1,1,-1,0,0,0,-1,0,1,-1,1,0
839,1,1,-1,0,-1,1,0,0,0,0,0,0,0,-1,1,0,1,0,0,0,0,0,0,0,0,-1,0,0,0,0,-1,0,0,0,0,1,0,-1,0,0,0,1,0,1,1,0,0,0,-1,0,-1,0,1,0,1,0,0,1,0,0,-1,-1,0,-1
840,0,0,0,0,1,-1,1,0,0,0,0,1,-1,0,-1,0,-1,0,0,1,-1,0,0,0,0,0,-1,-1,0,1,-1,0,0,1,1,0,0,0,1,-1,-1,0,0,-1,1,-1,0,0,-1,0,1,0,0,1,0,0,1,0,0,0,1,1,1,-1
841,0,0,0,0,0,0,1,0,0,0,0,0,0,-1,0,1,0,0,-1,1,0,0,-1,0,0,0,0,1,0,0,0,-1,1,0,0,-1,0,0,-1,0,0,0,-1,0,0,0,0,0,-1,1,-1,0,0,0,0,0,1,-1,0,0,1,1,0,-1
842,0,1,1,0,0,0,0,0,0,0,-1,1,-1,0,0,0,0,0,1,1,1,1,1,1,1,0,1,0,1,-1,-1,-1,0,0,1,0,0,1,0,0,0,-1,0,0,0,1,-1,1,-1,0,0,0,-1,0,0,0,-1,-1,1,0,0,0,0,1
843,0,-1,0,-1,0,-1,-1,0,-1,-1,1,-1,0,0,0,0,1,-1,0,1,0,-1,0,1,0,0,0,0,0,0,-1,1,0,0,0,0,1,0,0,0,0,0,0,-1,0,0,0,0,1,0,0,0,0,0,0,0,0,0,0,0,0,0,1,-1
844,-1,0,0,-1,1,-1,0,-1,1,0,1,0,0,0,0,0,0,0,0,0,1,0,1,0,0,1,0,0,0,1,1,0,1,0,0,0,1,0,0,0,0,0,0,-1,0,0,0,0,0,1,0,0,0,-1,1,0,1,0,-1,0,0,0,1,-1
845,0,-1,1,0,-1,0,0,0,1,0,0,0,-1,0,-1,0,-1,0,0,-1,1,-1,0,1,1,0,-1,0,0,-1,-1,0,1,-1,0,0,0,0,0,1,0,-1,0,0,0,-1,0,0,0,0,1,0,-1,1,0,0,0,0,-1,0,0,0,0,1
846,0,0,1,0,0,0,0,0,0,0,1,0,1,1,1,0,-1,-1,0,0,0,1,0,0,1,0,0,-1,-1,-1,1,0,1,0,0,0,0,0,0,0,-1,-1,0,0,0,0,0,0,-1,0,1,0,0,1,0,0,0,-1,1,1,0,0,0,-1
847,0,0,1,0,0,0,0,0,0,0,-1,0,1,0,0,0,0,0,0,1,1,0,0,0,0,1,0,0,1,0,0,0,1,0,0,-1,0,0,0,0,0,1,1,0,0,0,-1,1,0,0,0,0,-1,0,0,0,0,0,0,0,0,0,0,-1
848,0,0,0,1,0,0,1,0,0,1,0,0,0,0,1,0,0,0,0,0,0,-1,0,0,0,1,1,1,-1,0,1,0,0,0,-1,0,0,1,0,0,0,0,0,0,0,0,0,0,0,-1,1,-1,-1,0,0,-1,0,0,-1,0,0,0,0,0
849,0,1,0,0,0,0,0,0,0,1,0,-1,0,1,0,0,1,0,0,0,0,1,0,0,0,0,1,0,0,-1,0,0,0,1,-1,0,0,0,-1,1,0,0,0,0,1,0,0,0,0,1,1,0,0,0,0,0,0,0,0,-1,-1,0,-1,1
850,0,0,0,0,0,0,0,0,1,0,0,0,0,1,1,0,0,0,0,0,0,0,0,0,0,1,-1,-1,1,0,1,0,-1,-1,0,0,-1,1,0,0,0,0,-1,1,0,0,0,1,-1,1,-1,0,1,0,0,0,-1,0,0,1,0,0,0,-1
851,1,0,1,0,-1,-1,0,0,1,0,0,0,0,0,-1,-1,-1,-1,0,-1,-1,0,0,0,-1,0,0,0,-1,1,0,0,1,0,0,0,1,0,0,0,0,0,0,1,0,0,0,-1,-1,0,0,0,0,0,0,-1,0,-1,0,0,0,0,0,0
852,0,0,1,1,0,0,0,0,0,-1,-1,0,1,0,0,0,-1,-1,0,0,0,1,0,-1,0,0,1,0,0,0,0,0,1,0,0,0,0,0,1,0,0,-1,0,0,1,0,1,0,0,1,1,-1,0,0,0,1,0,0,1,0,0,-1,0,0
853,0,0,1,0,0,0,0,0,0,-1,-1,0,0,1,1,0,0,-1,1,0,0,-1,0,0,0,0,-1,0,-1,-1,0,0,1,1,0,0,0,0,-1,1,0,1,0,0,0,-1,0,0,0,0,0,1,0,0,-1,-1,-1,0,-1,0,0,1,1,0
854,-1,0,0,1,0,0,0,0,0,0,0,0,0,0,0,0,-1,1,0,-1,0,0,0,0,0,-1,0,0,0,-1,1,-1,0,-1,0,0,0,1,0,0,0,-1,0,0,0,0,0,-1,1,1,0,0,0,0,1,1,-1,0,0,-1,-1,0,0,1
855,0,1,0,0,-1,0,0,-1,0,0,0,1,0,0,-1,0,0,0,1,0,0,0,0,1,1,-1,1,0,0,-1,0,0,-1,0,-1,0,0,0,0,0,1,0,-1,0,0,1,0,0,0,0,0,0,0,-1,0,0,0,0,1,-1,0,0,-1,0
856,0,0,0,1,-1,0,-1,0,-1,-1,0,0,-1,0,0,0,0,0,1,0,1,0,-1,0,0,1,0,0,0,-1,-1,0,0,-1,0,1,1,-1,0,0,0,1,0,0,0,0,0,-1,1,0,0,0,-1,1,0,0,0,-1,1,1,-1,0,0,0
857,0,0,0,0,1,-1,0,-1,0,1,1,0,0,0,-1,0,0,1,-1,-1,0,0,-1,1,0,-1,1,0,0,0,-1,-1,0,0,0,0,-1,0,0,0,0,-1,1,0,0,0,1,1,1,-1,0,0,0,-1,0,1,1,0,-1,0,1,0,0,0
858,0,0,-1,0,0,0,0,-1,0,0,-1,1,0,-1,0,0,0,0,1,0,0,0,0,0,0,0,0,0,0,1,1,0,1,0,1,0,1,0,0,0,0,0,0,0,0,0,-1,0,0,0,0,0,0,1,0,0,0,0,-1,0,0,0,0,0
859,0,0,-1,0,0,1,0,0,1,-1,0,-1,1,0,0,0,0,0,-1,0,0,0,-1,0,0,0,0,0,0,0,1,0,0,0,0,0,0,0,0,0,0,-1,-1,0,0,0,1,-1,-1,0,1,0,0,0,0,0,0,0,-1,0,0,-1,0,0
860,-1,1,1,0,1,0,1,1,0,0,0,-1,0,0,0,0,0,0,0,0,0,1,-1,0,1,0,0,0,-1,0,0,0,0,0,0,0,-1,0,0,1,0,0,0,-1,0,-1,0,0,0,0,0,0,0,1,0,0,0,0,0,0,-1,0,0,-1
861,-1,1,-1,0,0,1,0,0,1,-1,0,0,0,0,0,0,1,-1,0,1,0,0,0,0,0,-1,0,0,0,0,0,1,0,0,0,0,0,0,-1,0,1,0,1,-1,0,0,0,0,0,0,0,-1,-1,1,1,1,0,-1,1,1,-1,0,0,1
862,0,-1,0,0,-1,-1,0,1,-1,-1,0,0,0,-1,-1,0,0,1,0,0,0,0,0,0,0,0,0,0,0,0,0,0,1,0,1,0,0,0,0,0,0,0,0,1,0,1,1,0,0,0,0,0,0,1,1,0,1,0,0,0,-1,-1,0,1
863,0,0,0,0,0,-1,0,1,0,0,-1,0,0,-1,0,0,1,0,0,0,1,0,0,0,0,0,1,1,0,-1,0,0,0,-1,-1,1,0,-1,0,0,0,1,-1,0,1,-1,0,-1,0,0,0,0,0,0,1,1,0,0,0,0,1,0,1,0
864,0,0,1,0,1,0,-1,1,0,0,0,-1,0,1,0,0,0,1,0,0,0,1,-1,-1,0,0,0,0,1,0,0,0,0,-1,0,1,0,0,0,0,0,0,0,0,1,-1,0,0,-1,1,1,0,1,0,1,-1,1,-1,0,1,1,1,0,0
865,0,0,0,0,0,0,0,0,0,0,0,1,1,0,-1,0,-1,0,0,0,0,0,0,0,0,-1,0,0,0,1,0,0,1,0,0,-1,0,0,0,0,0,0,0,1,0,0,-1,1,0,0,0,0,0,0,0,0,0,1,1,0,1,1,0,-1
866,0,1,-1,0,0,0,0,-1,-1,0,-1,0,0,1,1,0,0,0,1,0,0,0,1,-1,0,1,0,0,-1,1,0,0,0,0,0,-1,0,0,-1,-1,0,0,0,0,-1,0,0,0,0,0,1,-1,0,0,-1,-1,0,1,0,0,0,1,0,-1
867,1,0,-1,0,0,0,0,1,0,0,0,-1,-1,0,0,0,0,1,0,1,1,0,-1,0,0,0,0,0,1,-1,0,0,0,0,0,0,1,0,0,1,1,0,0,0,0,-1,0,0,-1,-1,0,0,0,0,0,1,0,-1,0,1,-1,-1,0,1
868,0,0,0,-1,0,0,0,0,1,0,1,0,0,0,0,0,1,-1,0,0,1,0,-1,0,1,0,-1,0,0,-1,0,0,0,1,0,0,0,0,0,0,0,-1,1,1,1,0,0,0,0,0,0,0,0,1,-1,0,0,0,0,1,0,-1,-1,0
869,1,0,0,-1,-1,0,-1,1,1,-1,0,0,0,0,0,0,0,0,0,0,0,0,0,0,-1,0,0,-1,0,-1,-1,0,0,0,0,0,0,-1,0,-1,0,0,0,0,0,0,0,0,0,0,1,-1,-1,0,1,0,0,1,0,0,0,0,0,-1
870,1,0,0,1,0,0,-1,0,0,0,0,0,-1,1,-1,1,0,0,0,0,0,1,0,1,1,0,0,0,1,0,0,0,0,0,0,-1,1,0,1,0,0,0,0,0,-1,0,1,-1,-1,1,0,0,0,0,0,0,1,0,0,-1,0,0,-1,0
871,0,0,0,0,0,0,0,-1,0,0,0,1,-1,-1,0,0,-1,1,0,0,0,0,0,-1,0,0,0,0,1,1,0,-1,0,0,1,0,0,-1,-1,-1,-1,0,-1,0,0,0,0,0,0,-1,0,-1,1,0,0,1,-1,-1,1,-1,0,1,-1,0
872,1,-1,0,1,1,0,-1,1,-1,-1,1,0,-1,0,0,0,0,0,0,0,-1,0,1,0,0,0,-1,1,-1,0,0,0,0,0,0,0,1,0,0,0,0,1,0,0,1,-1,0,-1,0,0,0,0,0,0,0,1,0,-1,0,0,-1,0,0,-1
873,0,-1,0,0,-1,-1,1,0,0,0,0,-1,-1,-1,0,0,-1,1,0,0,-1,-1,-1,0,0,1,-1,0,0,-1,0,-1,0,0,0,0,1,0,0,0,0,1,0,-1,1,0,1,1,-1,1,-1,0,0,0,0,0,1,1,0,0,0,0,0,1
874,1,0,0,0,-1,0,0,-1,0,0,1,0,0,0,0,0,1,0,0,0,0,-1,1,1,0,-1,-1,0,-1,-1,0,-1,0,0,0,0,0,0,0,1,0,0,0,0,0,0,1,0,0,-1,0,1,0,0,0,1,0,0,-1,0,-1,1,0,0
875,-1,1,0,0,1,1,0,1,0,1,0,0,0,1,0,1,0,0,0,1,0,1,-1,0,0,-1,1,0,0,-1,1,0,-1,0,0,0,0,0,1,0,-1,0,1,0,0,1,0,0,1,0,0,0,0,0,0,0,0,1,0,0,1,0,-1,0
876,0,0,0,0,0,0,0,0,0,0,0,1,0,0,1,-1,0,0,1,0,0,1,-1,0,-1,0,1,0,1,1,0,0,0,0,1,1,1,0,0,0,0,0,1,-1,0,0,0,1,0,1,0,1,0,0,-1,0,0,-1,1,0,0,1,-1,0
877,0,0,0,-1,1,0,1,0,0,0,-1,0,0,-1,0,0,0,1,0,0,0,0,0,-1,0,0,-1,0,0,0,0,1,0,-1,0,1,0,0,0,-1,-1,0,0,0,0,0,0,0,0,-1,1,-1,0,0,0,0,0,-1,0,0,1,-1,-1,0
878,1,0,-1,1,0,0,0,-1,0,0,0,-1,1,1,0,-1,1,0,0,0,0,0,-1,0,-1,0,0,0,1,1,0,-1,0,0,0,-1,1,-1,0,0,0,-1,0,0,0,0,-1,0,-1,0,0,-1,-1,0,0,0,0,0,0,0,0,-1,0,1
879,0,0,0,1,-1,-1,0,-1,1,0,1,0,0,-1,0,1,0,1,0,0,0,0,-1,1,0,-1,0,-1,0,0,0,0,0,0,0,-1,0,0,1,-1,0,0,1,-1,0,1,0,0,-1,-1,0,0,0,1,-1,1,-1,-1,1,0,0,0,-1,0
880,1,0,0,1,0,-1,0,0,0,0,1,0,0,0,0,-1,1,0,0,0,0,0,0,-1,0,0,0,0,0,0,1,1,0,0,0,0,0,0,0,0,0,0,0,0,0,0,0,1,0,0,0,0,0,1,0,0,0,0,1,0,0,0,0,1
881,0,1,0,0,0,0,0,0,0,0,-1,0,0,0,0,0,0,0,0,0,-1,0,0,-1,0,0,0,0,0,0,-1,0,-1,0,0,0,1,0,0,0,1,-1,0,0,-1,-1,0,0,0,0,1,-1,0,-1,0,0,0,-1,-1,0,-1,-1,-1,0
882,0,0,-1,1,0,0,0,1,0,0,0,0,0,0,0,0,0,0,0,0,-1,-1,1,0,0,0,0,-1,-1,1,1,0,0,0,0,-1,-1,0,0,1,0,1,-1,0,0,1,0,0,0,0,0,0,0,0,1,0,0,0,1,0,0,1,-1,0
883,0,0,0,-1,0,0,0,-1,1,0,0,1,1,-1,0,0,0,0,-1,0,-1,-1,0,1,0,0,1,-1,0,0,0,0,0,0,0,0,0,0,1,0,0,1,0,0,1,0,0,0,1,0,0,-1,0,0,0,0,-1,0,-1,0,-1,0,1,0
884,-1,0,1,0,0,-1,-1,0,0,0,0,0,0,0,-1,1,1,1,1,1,0,1,1,0,0,1,0,0,0,1,-1,0,0,0,1,0,1,1,1,-1,0,0,-1,-1,0,0,0,1,-1,1,1,1,0,-1,-1,1,0,0,-1,-1,0,0,0,0
885,0,-1,-1,0,0,0,-1,1,0,0,0,0,-1,0,0,0,-1,0,-1,1,0,0,-1,1,1,0,0,-1,0,1,0,0,-1,0,-1,0,0,0,0,0,0,0,1,0,0,0,1,0,1,1,0,1,0,0,-1,0,0,0,0,0,0,0,-1,0
886,0,0,0,0,0,0,0,1,0,0,0,0,-1,0,0,0,0,0,0,-1,0,0,0,0,0,1,0,-1,0,-1,0,-1,0,0,-1,1,-1,0,0,0,0,0,0,0,1,0,1,0,0,1,0,-1,0,-1,1,0,1,0,0,-1,0,0,0,1
887,1,1,0,0,0,0,-1,0,0,0,0,0,0,0,-1,0,0,0,0,0,0,1,0,0,0,0,0,0,-1,-1,0,0,-1,0,-1,-1,0,1,0,0,0,0,0,0,1,0,0,0,1,-1,-1,-1,0,0,0,0,0,1,0,0,1,-1,1,-1
888,-1,0,1,0,0,-1,-1,0,0,0,1,0,1,-1,0,0,0,0,1,0,-1,-1,0,1,0,0,1,0,-1,0,1,0,1,1,-1,0,0,0,0,1,-1,0,0,0,0,0,-1,0,0,0,0,0,1,0,0,-1,0,0,1,-1,0,0,0,0
889,0,0,1,1,0,0,1,0,1,-1,1,0,-1,1,0,0,0,0,0,0,1,0,0,1,0,0,1,0,-1,0,0,0,0,1,0,-1,0,0,1,0,0,0,0,0,0,0,1,0,1,1,0,-1,0,0,-1,0,0,0,0,0,0,-1,-1,1
890,1,0,0,0,0,0,0,0,0,0,0,1,0,1,0,0,0,0,0,1,0,-1,1,-1,0,1,0,0,0,0,0,0,0,-1,-1,0,0,0,0,0,0,0,0,-1,0,0,0,-1,0,0,0,0,1,0,-1,1,0,0,0,1,0,-1,1,0
891,1,0,1,0,0,-1,-1,1,1,0,0,0,-1,1,0,0,0,0,1,0,0,0,-1,-1,0,0,0,0,1,-1,0,0,-1,0,-1,0,0,-1,0,1,-1,0,-1,-1,-1,0,0,-1,0,0,0,0,0,-1,1,0,1,-1,0,-1,0,0,0,-1
892,0,0,-1,-1,0,0,0,0,1,0,-1,0,0,0,0,0,0,0,0,0,-1,0,1,1,0,0,0,-1,0,0,0,0,0,0,0,1,1,0,1,1,0,-1,0,0,0,0,-1,-1,-1,0,0,0,0,-1,-1,0,0,0,0,0,0,0,0,-1
893,1,0,0,-1,0,0,1,0,0,0,0,0,1,1,-1,0,0,1,0,1,0,0,0,1,-1,0,0,0,0,0,-1,0,-1,-1,0,-1,0,1,1,-1,0,0,-1,0,-1,0,0,0,0,0,0,0,1,1,0,0,1,0,0,0,0,0,0,0
894,1,1,-1,0,0,0,0,0,0,0,1,1,0,1,-1,-1,0,0,1,0,0,0,0,0,-1,1,1,0,0,0,0,0,1,1,0,1,-1,1,0,0,0,0,0,-1,0,-1,0,-1,-1,-1,0,0,1,0,-1,-1,0,0,0,0,0,1,-1,0
895,0,0,0,-1,0,-1,0,-1,0,-1,-1,0,0,0,0,0,-1,0,0,0,0,0,0,0,0,0,0,-1,0,0,0,0,-1,1,0,1,0,0,0,1,1,-1,0,0,0,0,0,0,0,0,0,0,0,0,1,0,-1,0,0,0,-1,0,0,0
896,0,1,-1,0,0,-1,1,0,0,0,-1,-1,-1,0,0,-1,-1,0,0,1,0,0,1,-1,0,1,0,0,1,0,1,0,0,0,0,-1,0,0,0,0,1,0,0,0,0,1,0,0,0,0,0,-1,0,1,0,0,0,0,-1,-1,0,-1,0,0
897,1,0,0,0,0,0,-1,0,0,0,0,-1,0,-1,1,0,0,0,0,-1,0,0,0,0,-1,0,0,1,0,-1,0,0,0,0,1,0,1,1,0,0,0,-1,0,0,-1,0,1,-1,0,0,0,0,0,0,0,0,0,-1,0,1,0,-1,1,1
898,0,0,0,0,0,0,0,1,1,0,-1,0,0,-1,-1,1,-1,0,-1,0,1,0,0,0,0,0,1,-1,-1,-1,0,0,0,0,1,1,-1,1,0,0,-1,0,0,1,0,1,0,1,0,-1,1,0,0,0,0,-1,0,0,0,0,0,-1,0,0
899,0,-1,0,0,0,1,0,-1,-1,-1,1,0,0,-1,-1,0,0,1,0,1,-1,0,1,-1,0,0,-1,0,0,-1,1,0,0,0,0,0,0,0,0,0,0,-1,0,0,1,0,0,0,0,0,0,-1,0,0,0,1,0,1,0,0,-1,0,0,1
900,-1,-1,1,0,1,0,0,0,1,-1,1,0,0,0,0,1,0,0,0,0,0,0,0,0,1,0,1,0,0,0,0,0,0,0,-1,-1,-1,1,0,0,0,-1,-1,1,0,0,0,0,0,0,0,1,0,-1,0,1,0,-1,1,0,-1,0,0,0
901,0,0,0,0,0,-1,0,-1,0,0,1,1,0,0,0,0,0,1,0,0,0,0,0,0,-1,-1,-1,1,-1,1,1,0,0,0,0,0,0,0,0,0,0,0,0,0,0,0,0,0,0,0,-1,-1,0,0,0,0,0,0,0,0,0,1,0,0
902,-1,0,0,-1,0,0,0,0,-1,0,-1,0,0,-1,0,0,0,0,0,0,0,0,0,0,0,1,0,1,0,0,0,0,0,0,0,-1,0,0,0,-1,0,0,0,-1,0,0,0,0,0,-1,0,1,0,0,0,0,0,0,1,0,0,0,1,0
903,1,0,0,0,0,-1,1,0,0,1,-1,0,0,0,0,0,0,-1,1,0,-1,0,0,0,0,0,0,-1,0,0,0,0,-1,1,0,1,0,0,0,0,0,1,0,-1,0,0,0,0,0,0,0,-1,0,0,0,0,1,0,0,0,0,0,0,1
904,0,0,0,0,0,0,0,0,0,0,-1,0,0,0,-1,-1,0,-1,0,0,-1,0,0,1,1,0,0,0,0,0,-1,1,0,-1,0,0,0,0,0,0,0,0,0,-1,1,0,1,1,0,0,-1,1,0,0,0,0,0,1,1,0,0,0,0,0
905,0,0,0,0,0,-1,0,-1,-1,0,0,1,-1,0,-1,0,0,1,0,0,0,0,0,0,1,0,0,0,0,1,0,0,1,-1,-1,0,0,0,-1,1,0,0,-1,-1,1,0,0,0,0,0,0,-1,0,0,0,0,0,0,0,1,0,0,0,0
906,1,0,-1,0,0,0,1,0,0,-1,0,1,0,1,-1,0,0,0,0,-1,0,0,1,1,0,1,0,0,-1,0,0,1,0,1,-1,0,1,0,0,0,0,-1,-1,-1,-1,0,0,0,0,0,0,0,0,0,0,0,1,0,0,0,0,0,0,0
907,0,0,1,0,0,1,0,1,-1,1,0,1,0,1,1,0,0,-1,-1,1,0,0,0,0,0,0,1,-1,-1,0,1,0,1,0,0,0,1,0,1,0,-1,1,0,0,1,0,-1,0,0,0,0,0,0,-1,0,-1,1,0,0,0,0,0,0,0
908,0,1,0,1,1,0,1,0,0,-1,1,0,-1,-1,-1,-1,0,-1,0,1,-1,0,1,0,0,-1,0,0,0,0,1,-1,1,-1,0,0,0,1,-1,0,0,0,-1,0,-1,0,0,0,0,1,0,0,1,-1,0,0,0,1,0,-1,0,-1,1,0
909,0,0,0,0,0,0,0,0,0,0,1,1,0,-1,0,0,0,0,1,0,0,0,0,-1,0,1,0,0,0,0,0,0,1,1,-1,0,1,0,0,0,1,0,0,0,-1,0,0,0,0,0,0,0,0,0,0,0,1,1,1,0,0,0,0,0
910,1,0,-1,1,1,1,1,0,-1,0,1,1,1,0,-1,-1,0,0,0,1,0,0,0,0,0,0,0,1,0,0,0,0,0,0,0,0,0,0,1,1,-1,-1,0,-1,0,-1,0,0,0,0,0,0,0,0,0,0,0,0,-1,0,-1,-1,0,0
911,0,0,-1,1,-1,0,0,0,0,0,1,-1,0,0,0,0,0,0,0,0,0,0,-1,0,0,0,0,-1,1,0,1,0,0,0,0,0,0,0,0,0,0,0,0,-1,0,0,0,0,-1,0,1,-1,-1,0,-1,0,-1,0,0,0,0,0,1,0
912,0,0,0,1,0,0,0,1,0,1,1,0,0,-1,0,0,1,1,0,0,-1,-1,0,0,0,0,0,1,0,0,1,0,-1,0,0,0,-1,0,1,0,0,-1,0,0,0,0,-1,0,1,0,-1,1,-1,0,-1,0,0,0,0,0,0,0,0,0
913,1,0,0,0,1,0,0,0,0,-1,0,-1,0,-1,0,0,0,0,-1,1,-1,-1,0,0,0,-1,0,0,0,0,1,0,-1,-1,-1,0,0,-1,-1,0,0,0,0,0,-1,-1,0,0,0,-1,0,0,0,0,0,1,0,-1,1,0,0,0,0,0
914,0,0,1,0,0,0,0,0,1,0,0,1,1,-1,0,0,0,0,0,0,1,-1,0,0,1,0,0,0,-1,0,0,0,1,1,1,-1,0,0,0,0,1,0,0,0,0,0,0,1,-1,1,1,0,0,-1,0,1,-1,0,0,0,0,0,0,-1
915,0,0,0,0,0,-1,-1,-1,0,1,0,0,0,-1,0,0,0,1,0,-1,0,0,0,-1,0,0,0,0,0,0,1,-1,0,1,1,1,1,0,-1,-1,0,0,0,1,0,-1,0,0,0,0,1,0,0,0,0,0,0,1,0,0,0,0,1,0
916,-1,-1,0,-1,-1,0,-1,-1,-1,0,1,-1,0,1,0,1,0,0,0,-1,0,0,-1,0,1,0,1,0,1,-1,0,1,-1,-1,0,0,0,-1,0,0,1,0,0,1,1,0,0,0,0,0,0,-1,0,0,0,1,0,0,1,0,-1,0,1,0
917,0,0,0,-1,1,0,-1,0,-1,0,0,0,1,0,0,1,0,0,0,0,0,-1,0,0,-1,1,0,0,-1,0,0,0,0,-1,0,0,0,0,0,0,1,0,0,-1,-1,0,0,0,0,-1,0,0,0,0,-1,0,0,0,0,0,-1,0,0,0
918,0,1,0,0,1,-1,1,0,0,0,0,-1,0,0,0,-1,0,0,0,0,0,-1,1,0,0,0,1,-1,0,0,0,-1,0,0,0,1,0,1,0,0,0,-1,-1,0,1,0,-1,0,0,0,-1,0,1,0,0,0,0,0,0,1,0,0,0,1
919,1,0,0,0,0,0,0,0,-1,0,-1,0,1,-1,0,1,0,0,-1,0,0,0,0,0,1,0,-1,0,0,1,-1,0,0,-1,0,0,0,1,-1,0,0,-1,0,0,-1,0,0,0,0,1,0,0,0,1,0,1,0,0,0,0,0,0,0,0
920,0,1,0,0,0,1,-1,0,-1,1,0,0,-1,0,0,0,0,1,0,0,0,0,0,0,0,0,1,-1,0,0,0,0,0,1,0,1,0,1,1,0,0,1,0,0,1,0,-1,-1,0,0,1,0,1,1,0,0,-1,-1,1,0,0,0,1,0
921,0,1,-1,0,0,1,0,1,0,0,1,0,-1,0,-1,0,-1,-1,-1,1,0,0,0,0,0,0,0,0,0,0,0,0,-1,1,0,-1,0,0,0,0,0,0,0,0,0,0,0,0,-1,0,-1,-1,0,-1,0,0,0,0,1,0,0,0,0,0
922,0,-1,0,0,1,0,0,0,0,0,0,0,0,1,-1,-1,0,0,1,1,0,1,-1,-1,0,-1,0,0,0,0,0,-1,0,0,0,1,-1,0,0,0,1,0,0,0,0,0,0,0,0,0,0,0,1,0,1,0,1,0,0,0,0,0,0,0
923,0,0,0,0,0,0,0,0,0,0,0,0,0,1,0,0,-1,0,1,0,0,0,0,0,0,0,1,0,-1,0,1,0,0,1,0,-1,1,-1,0,1,-1,1,0,1,1,0,-1,0,1,-1,0,-1,-1,0,0,0,-1,0,0,1,0,0,1,0
924,0,0,0,0,0,0,1,0,0,-1,0,0,1,0,0,0,-1,-1,0,-1,1,0,0,1,0,0,-1,0,0,0,1,0,0,-1,-1,1,0,0,0,0,0,0,0,1,-1,0,1,0,0,0,0,0,0,1,0,-1,0,0,0,0,-1,0,0,1
925,0,0,0,-1,0,0,0,0,0,-1,0,-1,0,0,0,-1,0,0,0,0,0,0,0,1,-1,0,0,0,0,0,1,0,0,0,1,-1,1,-1,0,-1,1,0,0,-1,1,0,1,0,-1,0,1,0,0,0,1,-1,0,0,-1,-1,0,0,0,1
926,1,0,0,0,-1,0,0,0,0,0,0,0,1,0,0,0,0,0,-1,0,0,0,0,1,0,0,0,0,0,0,0,0,-1,0,0,0,1,1,0,0,0,0,0,0,0,0,0,0,0,0,0,-1,0,-1,1,0,0,0,0,0,0,0,0,0
927,0,0,-1,-1,1,-1,0,0,0,0,0,0,0,0,0,-1,0,0,1,-1,0,0,-1,0,0,1,0,0,0,0,0,0,0,-1,0,-1,-1,0,0,0,0,0,0,0,0,0,0,0,0,0,-1,0,0,-1,-1,0,0,1,-1,0,0,0,0,0
928,0,0,1,0,-1,1,0,-1,0,0,1,1,0,0,0,0,1,0,0,-1,0,0,0,0,1,0,-1,0,0,0,0,0,0,0,0,0,0,-1,0,0,0,0,1,0,0,0,0,0,-1,-1,0,0,0,0,0,1,0,1,0,0,0,-1,1,0
929,0,-1,0,1,0,1,-1,1,0,-1,0,0,1,0,0,-1,0,0,0,0,0,-1,0,0,0,0,1,0,0,0,1,0,0,1,0,-1,0,0,0,0,0,0,0,0,0,0,1,1,0,0,0,0,0,0,0,1,0,0,-1,0,1,0,0,-1
930,-1,-1,-1,-1,0,1,-1,0,0,1,-1,-1,1,0,0,-1,0,0,-1,0,0,-1,-1,-1,0,0,0,0,1,1,0,0,0,0,1,0,0,0,0,0,-1,0,0,0,0,0,1,0,-1,0,0,1,0,0,1,0,0,0,0,0,0,0,0,-1
931,0,0,0,1,-1,0,0,1,0,1,0,-1,0,0,-1,0,0,0,0,-1,0,0,0,1,0,0,0,-1,0,0,-1,0,-1,1,1,-1,0,1,0,-1,0,0,0,0,0,1,0,-1,-1,0,0,0,1,0,0,0,-1,0,-1,1,1,0,0,0
932,0,1,0,0,0,0,-1,0,0,0,0,0,0,0,0,0,1,0,0,0,1,0,0,0,0,0,0,0,1,0,0,0,0,-1,0,1,0,1,1,0,0,0,1,0,0,1,0,0,1,1,0,0,0,0,-1,1,-1,1,0,1,0,0,0,-1
933,0,0,0,-1,0,0,0,1,0,1,1,-1,1,1,0,0,1,0,0,0,0,0,0,1,-1,1,1,0,0,0,0,1,0,0,-1,1,0,0,0,0,1,0,1,1,0,0,0,1,0,0,0,0,0,0,0,0,0,-1,0,0,0,0,0,0
934,0,1,0,0,0,0,0,1,1,0,0,1,-1,0,0,0,1,0,1,-1,0,1,-1,0,0,0,0,0,-1,0,0,0,0,1,0,0,-1,0,0,0,0,1,0,0,0,0,0,0,0,0,0,1,0,0,-1,0,0,0,0,-1,1,0,1,-1
935,0,0,0,0,1,0,1,0,0,-1,0,0,0,-1,0,0,0,0,0,1,0,-1,0,0,-1,-1,0,0,0,0,0,0,0,-1,0,-1,0,0,0,0,-1,0,0,0,-1,0,0,-1,0,0,0,0,0,0,0,1,0,0,1,0,-1,0,1,0
936,0,0,-1,1,0,0,1,0,-1,0,0,0,0,0,-1,0,0,0,0,0,0,0,-1,0,0,0,0,-1,-1,-1,1,0,0,-1,0,-1,0,-1,0,0,0,0,0,0,1,0,0,0,-1,0,0,1,0,-1,0,0,1,0,0,-1,0,1,0,0
937,1,0,0,-1,0,0,0,-1,0,1,0,1,1,0,0,1,-1,-1,0,1,1,0,0,-1,-1,1,0,0,-1,1,0,0,0,-1,1,0,0,0,1,0,0,1,0,0,0,1,0,0,0,0,0,1,0,1,0,0,-1,0,0,0,1,0,0,0
938,0,0,1,1,0,0,0,-1,0,-1,-1,0,0,-1,0,0,0,0,0,0,-1,0,-1,0,-1,-1,1,0,0,0,0,0,0,0,0,1,-1,-1,0,0,0,0,-1,0,0,0,0,0,0,0,0,0,1,0,0,-1,0,1,-1,1,0,1,0,0
939,0,0,1,-1,0,-1,-1,0,0,0,0,0,-1,0,1,0,-1,-1,-1,0,1,0,0,1,-1,0,0,0,0,0,0,0,1,-1,0,0,-1,-1,1,0,0,-1,1,0,0,0,1,0,0,0,1,0,1,0,0,0,0,0,0,0,-1,0,0,-1
940,1,0,0,0,0,-1,0,0,-1,1,1,0,0,0,1,0,0,-1,0,-1,0,-1,-1,0,0,0,0,0,1,1,0,0,-1,0,-1,-1,1,0,0,0,0,-1,0,0,0,0,-1,0,0,0,0,0,0,0,1,0,0,0,-1,0,0,-1,0,0
941,1,0,1,1,0,0,0,1,-1,1,0,0,-1,0,0,0,-1,-1,1,0,0,0,1,0,0,1,1,0,0,0,0,1,0,0,0,1,-1,0,0,1,0,0,1,0,1,0,0,-1,1,0,1,0,0,0,0,1,-1,0,0,0,0,-1,0,0
942,1,0,0,-1,0,0,0,0,0,0,0,0,0,1,-1,0,0,0,1,0,0,0,0,0,0,0,-1,0,0,-1,0,0,-1,0,0,0,1,0,0,0,1,0,0,0,-1,0,-1,0,0,0,0,0,0,0,-1,0,0,0,0,-1,0,0,1,0
943,0,0,0,0,0,1,0,0,0,0,0,1,0,1,-1,-1,-1,0,1,0,-1,1,1,1,0,-1,0,1,1,0,0,0,0,0,1,0,0,0,-1,0,0,0,0,0,0,-1,0,0,0,-1,1,0,0,1,0,-1,1,0,1,0,0,0,0,1
944,0,0,-1,1,0,0,-1,0,0,0,0,0,0,-1,0,0,1,0,1,0,1,0,0,0,0,0,0,0,0,1,-1,1,0,0,0,0,-1,1,-1,0,1,0,-1,1,0,0,0,-1,0,0,0,1,0,1,1,0,0,0,-1,0,0,-1,0,0
945,0,0,-1,0,-1,0,0,0,1,0,0,0,0,1,0,-1,1,0,0,0,0,1,0,1,0,0,0,0,0,0,0,0,0,-1,0,-1,-1,0,0,0,0,1,0,0,0,0,0,-1,-1,1,0,0,1,0,0,0,0,0,-1,-1,1,0,1,-1
946,0,0,0,0,-1,0,0,1,1,0,0,0,1,-1,0,-1,0,0,0,0,0,0,0,0,-1,0,-1,-1,0,0,1,0,-1,0,1,1,1,-1,0,0,0,1,1,0,0,0,0,0,0,0,0,0,0,1,0,0,-1,0,1,0,0,0,0,1
947,0,0,-1,0,0,0,0,-1,0,0,0,0,0,0,0,0,0,0,-1,0,1,-1,-1,0,0,0,0,-1,-1,0,1,-1,0,-1,1,0,0,0,1,1,1,0,0,0,1,0,0,1,1,-1,-1,0,1,-1,0,0,0,-1,0,0,-1,1,0,0
948,0,0,0,0,0,0,0,-1,0,0,0,-1,0,0,0,-1,0,0,0,0,0,0,0,1,1,0,0,0,1,0,0,0,0,0,0,0,-1,1,0,0,0,0,0,0,0,-1,1,0,0,-1,0,-1,1,1,0,1,0,0,0,-1,0,-1,0,-1
949,0,-1,1,-1,0,-1,-1,0,0,-1,0,1,0,-1,0,0,0,0,0,0,0,0,0,0,-1,1,1,0,0,-1,0,0,-1,0,0,1,0,-1,0,1,0,-1,0,-1,-1,0,0,0,0,0,1,0,0,0,0,0,0,1,0,0,-1,-1,1,-1
950,-1,0,0,-1,0,0,0,1,1,-1,-1,0,0,1,0,1,-1,0,0,1,-1,-1,0,0,0,0,0,0,-1,0,0,0,1,-1,0,0,-1,0,0,0,0,-1,0,-1,0,0,-1,0,0,0,0,-1,0,0,0,0,0,0,0,0,0,0,0,0
951,1,-1,0,0,1,-1,-1,1,-1,0,-1,0,0,0,0,0,0,0,0,0,1,0,0,0,0,0,0,0,0,-1,-1,0,0,0,0,-1,1,-1,0,0,0,0,0,0,0,1,-1,1,1,0,0,0,0,-1,0,0,0,0,0,1,1,0,0,0
952,0,-1,0,0,0,0,0,-1,0,0,-1,0,0,0,1,0,0,0,1,0,-1,0,0,0,0,1,0,0,0,0,-1,0,0,0,0,0,0,0,0,0,1,-1,0,-1,0,0,-1,0,0,0,0,0,1,0,0,1,0,0,0,0,0,0,0,0
953,0,0,-1,1,1,-1,0,0,1,0,0,0,0,0,1,-1,0,0,-1,0,0,0,0,0,0,0,0,0,0,0,0,1,-1,1,0,0,0,0,1,-1,0,0,1,1,0,0,1,0,0,0,0,0,0,0,1,0,0,1,-1,0,0,0,-1,0
954,0,0,0,0,0,1,0,0,1,0,0,0,1,0,0,0,0,0,0,0,0,-1,0,0,0,-1,0,0,0,0,0,0,1,1,-1,0,-1,0,0,0,0,0,0,1,0,0,1,0,1,0,-1,0,-1,0,-1,1,0,0,0,1,0,0,1,-1
955,0,0,0,0,-1,-1,1,1,0,0,0,-1,0,0,0,0,0,1,-1,0,0,-1,1,-1,0,0,0,0,-1,0,-1,-1,1,0,0,0,0,0,0,0,0,0,0,1,0,-1,1,0,0,1,0,1,0,0,0,1,0,-1,0,1,-1,0,0,0
956,1,0,1,0,-1,-1,0,0,0,0,1,0,1,0,1,0,-1,0,0,-1,1,0,0,0,0,-1,0,-1,1,0,0,0,0,0,1,0,-1,0,0,0,1,-1,0,1,0,0,0,0,0,0,0,-1,0,0,0,0,0,1,-1,0,-1,0,0,0
957,0,0,0,0,0,0,0,0,1,0,0,0,0,0,0,0,0,1,0,0,0,0,-1,0,1,0,0,1,1,0,0,-1,0,1,1,0,-1,0,0,-1,-1,0,0,-1,1,0,0,0,-1,0,0,-1,-1,0,0,0,-1,0,0,0,1,1,0,0
958,1,0,0,1,0,0,0,0,0,0,1,0,0,-1,0,0,0,-1,0,-1,0,-1,0,0,0,1,1,1,0,0,0,0,1,0,0,1,0,-1,0,-1,0,-1,-1,0,0,-1,0,1,0,0,1,1,1,1,0,0,-1,1,0,0,1,0,0,0
959,1,-1,0,1,0,0,0,0,1,-1,0,0,0,0,0,0,0,1,-1,0,0,0,-1,0,0,1,1,0,-1,-1,0,-1,0,-1,0,1,-1,0,-1,1,0,0,0,0,-1,0,1,0,0,1,1,-1,0,0,0,0,0,0,0,1,1,-1,0,0
960,0,0,1,0,-1,-1,0,0,0,0,0,1,0,0,0,1,0,0,1,0,0,0,1,0,0,0,0,0,0,-1,0,0,0,-1,1,-1,0,1,0,0,0,0,0,0,1,0,0,1,0,-1,0,0,1,1,0,1,1,1,0,0,0,0,0,1
961,0,0,0,0,0,0,-1,1,0,1,1,0,0,0,1,0,1,0,-1,0,0,0,-1,-1,-1,0,0,0,0,0,0,0,0,0,-1,1,0,-1,0,0,0,0,0,-1,0,-1,0,0,-1,1,1,1,1,0,0,0,0,1,0,0,1,-1,-1,1
962,0,0,0,0,0,1,0,-1,0,0,0,0,1,0,0,0,-1,0,0,0,1,0,0,0,1,0,1,0,0,0,0,-1,1,0,-1,0,0,1,1,0,0,-1,0,0,0,0,0,0,0,0,0,0,0,0,-1,1,0,0,0,0,0,0,0,0
963,0,0,0,0,0,0,0,0,0,-1,-1,1,-1,0,0,0,0,0,0,0,1,0,0,0,0,1,0,0,0,0,0,1,0,0,0,0,0,0,-1,1,0,0,1,0,0,1,1,0,1,-1,0,0,0,0,-1,1,0,0,0,0,0,0,0,0
964,0,1,-1,0,0,-1,0,0,-1,0,0,-1,0,0,0,0,0,0,0,1,1,0,0,1,1,1,0,0,0,-1,0,1,-1,0,0,0,0,0,0,0,0,0,1,0,-1,0,-1,0,1,0,0,0,-1,0,0,0,1,0,1,-1,0,0,0,0
965,0,0,0,0,1,-1,0,1,1,0,0,0,0,1,-1,-1,1,0,0,0,0,0,0,0,1,0,0,0,-1,1,0,0,0,0,0,0,-1,1,0,0,0,-1,0,-1,0,0,0,0,0,0,-1,-1,0,0,0,1,0,1,1,-1,0,0,0,0
966,0,0,-1,0,0,1,0,0,0,0,-1,0,-1,1,0,0,0,0,1,0,0,0,1,1,0,0,0,0,1,0,0,0,0,1,0,0,0,0,0,0,0,0,0,0,0,-1,0,0,0,-1,0,0,-1,1,0,0,0,0,-1,1,0,-1,0,-1
967,0,0,1,0,0,0,0,0,-1,0,0,0,0,1,-1,-1,0,0,-1,-1,-1,-1,1,0,-1,0,1,0,0,0,0,0,0,0,0,0,0,1,0,0,1,0,0,0,1,0,-1,0,0,-1,0,0,0,0,1,1,0,-1,-1,0,-1,-1,1,0
968,0,1,0,0,0,-1,1,0,-1,0,0,0,0,1,0,0,1,0,-1,0,-1,0,0,-1,1,0,0,0,1,0,0,1,0,1,0,-1,-1,0,1,-1,1,0,0,0,0,0,0,0,-1,0,1,0,1,1,0,-1,0,0,0,-1,0,-1,0,0
969,0,0,0,-1,0,0,1,-1,-1,0,-1,0,0,0,1,0,1,0,1,0,0,0,0,0,-1,0,0,0,0,-1,1,0,0,-1,-1,0,0,-1,1,0,1,1,-1,0,0,0,0,0,0,-1,1,-1,0,-1,0,1,-1,1,0,0,-1,0,-1,0
970,0,-1,0,1,0,-1,0,-1,0,1,0,0,0,-1,0,-1,1,0,0,0,0,0,-1,0,0,1,0,0,0,-1,-1,-1,0,0,0,0,0,0,0,-1,0,0,0,0,-1,1,0,0,0,-1,0,0,0,0,0,0,0,1,1,0,-1,0,1,0
971,0,1,-1,0,-1,0,-1,-1,1,1,0,0,0,0,0,0,0,-1,-1,-1,0,0,0,-1,0,0,0,0,1,-1,0,0,1,-1,0,-1,1,0,0,1,-1,0,-1,0,0,0,0,-1,0,0,0,0,-1,0,0,0,0,-1,0,1,0,0,0,0
972,0,-1,0,0,0,0,1,0,0,0,0,0,-1,0,0,-1,0,0,0,0,0,0,1,0,0,1,0,0,0,0,0,1,-1,-1,1,0,0,0,0,0,1,1,0,1,-1,0,0,0,-1,0,0,0,0,0,1,0,1,0,-1,1,-1,0,0,-1
973,0,0,0,-1,0,0,-1,0,0,0,0,1,0,-1,0,0,0,0,-1,0,0,0,1,0,0,1,0,0,0,0,0,0,0,0,0,1,0,0,0,0,0,-1,1,0,0,1,0,0,0,0,-1,1,-1,1,0,0,1,-1,-1,-1,1,-1,0,0
974,0,-1,1,0,0,0,0,0,0,0,-1,-1,0,0,0,-1,0,0,-1,0,1,0,0,0,0,0,0,0,-1,0,0,0,0,0,0,0,0,1,0,0,1,0,0,0,1,1,1,1,1,0,-1,0,1,0,0,0,1,0,0,0,0,0,1,-1
975,0,0,1,0,0,0,-1,0,0,0,-1,0,0,0,0,0,0,0,0,0,0,0,0,0,0,1,0,0,0,0,-1,1,0,0,0,0,0,0,0,0,0,0,0,0,0,0,-1,-1,-1,1,0,0,0,-1,0,0,0,1,0,0,-1,0,0,0
976,-1,0,1,0,0,0,0,0,1,0,0,0,0,0,1,0,-1,0,-1,0,0,-1,0,0,0,0,-1,0,0,0,0,0,1,0,0,-1,-1,0,0,0,0,0,0,0,0,0,1,0,0,1,0,0,1,0,0,0,0,1,0,0,0,0,0,0
977,0,0,1,0,0,1,0,-1,0,0,0,0,0,0,1,-1,0,0,0,0,1,-1,0,-1,-1,1,1,0,0,0,0,-1,-1,0,0,1,1,1,0,0,1,0,1,0,-1,0,-1,0,0,0,1,0,1,-1,0,1,0,-1,0,1,0,-1,0,1
978,0,-1,0,1,0,-1,0,-1,0,0,0,0,0,0,0,-1,-1,0,0,0,0,0,0,0,0,0,0,0,0,0,-1,1,0,-1,-1,1,0,0,0,1,0,1,1,0,1,0,0,-1,-1,0,0,0,0,-1,1,0,0,0,0,0,0,-1,0,0
979,0,0,0,0,0,0,-1,-1,0,0,1,0,0,0,0,0,0,-1,1,0,1,-1,0,0,1,0,1,1,0,0,0,1,0,-1,0,0,1,0,0,0,1,0,-1,0,0,0,0,0,0,-1,0,0,0,-1,1,0,0,0,1,0,0,0,-1,-1
980,-1,-1,0,-1,0,0,-1,0,1,0,0,0,0,0,0,-1,0,0,0,0,-1,-1,0,1,0,0,0,0,0,-1,0,0,0,0,0,0,0,0,0,0,0,1,0,0,0,1,1,0,0,0,0,0,0,0,1,1,0,0,-1,-1,1,1,0,1
981,0,0,1,-1,0,0,1,0,-1,0,0,0,0,0,0,0,1,-1,-1,-1,-1,0,-1,0,0,-1,0,0,0,0,0,0,0,0,0,0,0,0,0,0,0,0,0,-1,0,0,1,-1,0,0,-1,1,1,1,1,0,0,0,1,0,-1,0,0,-1
982,0,0,0,-1,0,0,-1,0,0,1,0,0,1,0,-1,0,-1,0,-1,-1,0,0,0,0,0,0,0,0,0,0,0,0,0,0,1,0,-1,1,0,0,-1,0,0,0,0,1,0,0,1,0,1,0,-1,1,0,-1,0,0,0,0,0,0,0,0
983,1,0,0,0,0,1,-1,1,0,0,-1,0,0,0,1,0,1,0,0,0,0,1,-1,1,0,0,1,0,0,0,0,0,0,0,0,0,0,0,0,1,0,1,0,0,0,1,0,0,-1,1,0,1,0,0,0,0,-1,1,0,0,0,0,0,1
984,0,0,0,0,1,0,-1,0,0,-1,0,0,0,0,0,0,0,0,0,0,0,-1,0,1,0,1,0,1,0,-1,0,0,-1,1,1,0,0,1,0,0,-1,-1,0,0,0,0,0,0,-1,0,-1,0,-1,0,0,0,0,0,0,0,1,0,0,1
985,0,1,0,0,0,-1,0,0,0,0,0,0,0,0,0,-1,0,1,0,0,0,0,1,0,0,0,1,0,0,0,0,0,0,0,0,0,0,0,1,-1,0,0,-1,0,1,0,0,-1,0,1,0,0,1,0,0,0,0,0,0,0,0,-1,1,0
986,0,-1,1,1,1,0,0,0,1,1,-1,0,1,0,0,0,0,0,0,0,0,0,0,0,0,0,1,0,0,1,1,0,0,0,-1,-1,0,-1,0,-1,0,0,0,-1,0,0,0,0,0,0,0,-1,0,1,0,0,0,0,0,1,0,-1,0,0
987,0,1,0,-1,0,0,0,0,0,0,0,0,1,0,-1,0,-1,0,0,-1,0,0,-1,0,0,1,0,-1,-1,1,0,0,0,1,-1,0,0,1,0,1,0,1,1,-1,0,0,1,0,1,0,0,-1,0,0,0,-1,1,0,-1,0,0,1,1,0
988,0,0,0,0,0,0,0,0,1,0,0,0,0,0,0,-1,0,0,0,0,-1,-1,0,-1,0,0,0,-1,-1,0,0,0,0,0,0,0,0,0,0,-1,0,-1,0,0,-1,-1,-1,-1,1,-1,0,0,0,0,-1,1,0,0,0,0,0,1,0,-1
989,0,-1,0,0,0,0,0,-1,0,0,0,0,1,0,0,-1,0,0,0,-1,0,0,0,0,-1,0,0,-1,1,0,0,0,-1,1,0,0,0,0,-1,0,0,0,0,0,-1,-1,0,0,0,0,0,0,1,-1,1,0,1,1,-1,0,0,1,1,0
990,1,0,0,1,-1,1,0,0,0,-1,-1,-1,0,1,0,0,0,0,0,-1,-1,0,0,-1,0,0,-1,0,0,0,0,0,0,0,0,0,-1,1,0,0,0,1,0,0,-1,0,0,1,-1,0,1,0,-1,0,-1,-1,0,0,0,0,0,-1,0,-1
991,0,0,0,0,-1,0,-1,0,0,1,1,0,1,0,-1,0,0,0,1,0,0,0,1,0,1,0,-1,0,0,0,0,0,0,0,0,1,0,0,-1,1,-1,0,-1,0,1,0,0,1,-1,0,0,0,0,0,-1,1,0,0,0,0,0,1,0,0
992,0,0,0,0,-1,0,1,1,0,0,0,0,0,0,0,0,0,0,0,1,0,-1,0,0,0,0,-1,0,0,0,0,0,0,0,0,0,-1,0,0,0,0,-1,0,-1,0,-1,1,0,0,0,0,0,0,0,0,0,0,0,0,0,0,0,0,0
993,0,0,1,0,0,0,0,0,1,-1,-1,1,0,-1,0,0,0,0,0,0,-1,1,0,-1,0,1,0,0,0,0,0,1,0,0,0,0,0,0,0,0,0,-1,0,0,0,1,1,0,0,0,0,1,-1,-1,0,0,0,0,0,0,-1,0,0,0
994,-1,0,-1,1,0,0,0,0,0,0,0,-1,0,0,0,0,1,0,-1,0,0,0,0,1,0,-1,0,0,0,0,1,-1,0,-1,0,0,0,0,0,0,0,0,0,1,0,0,1,1,0,0,0,0,0,0,1,0,0,0,-1,1,0,0,0,0
995,0,0,0,0,0,0,0,0,1,0,1,1,0,-1,0,-1,0,-1,-1,0,0,-1,1,1,-1,0,0,0,1,0,0,0,-1,0,0,0,0,0,0,0,-1,0,1,0,0,0,-1,0,0,-1,0,0,0,0,0,-1,1,-1,0,0,1,1,0,0
996,0,0,0,0,0,1,1,0,0,0,0,0,0,0,0,0,0,-1,-1,-1,0,0,0,-1,-1,1,0,0,0,-1,0,-1,0,0,0,-1,0,-1,1,-1,-1,0,0,0,0,-1,-1,0,0,0,0,0,0,0,0,0,1,0,1,0,0,0,0,1
997,-1,0,0,0,0,0,0,0,-1,0,-1,1,0,1,1,0,0,-1,-1,0,0,0,-1,0,1,0,-1,0,0,0,0,0,0,0,-1,0,0,0,-1,0,0,0,0,-1,0,0,0,0,1,0,0,0,0,0,0,0,0,0,0,1,0,-1,0,1
998,0,0,0,0,-1,0,0,0,0,0,0,-1,0,-1,0,0,-1,0,1,-1,1,-1,0,0,-1,0,-1,0,1,0,0,0,-1,-1,0,0,-1,0,-1,0,0,-1,0,0,-1,0,-1,0,0,0,0,-1,0,0,1,0,1,0,0,0,0,0,0,0
999,1,-1,-1,0,1,0,-1,0,0,1,0,0,0,0,-1,1,0,0,1,0,1,0,0,0,1,0,0,0,0,0,1,0,0,0,0,-1,0,1,-1,0,0,1,0,0,-1,0,0,0,0,1,0,0,0,0,-1,0,0,0,0,0,0,0,0,0
1000,1,0,0,0,0,0,0,0,1,1,0,0,0,1,-1,0,-1,0,0,0,0,1,1,0,0,0,0,-1,0,0,0,0,0,0,0,0,0,0,0,0,0,1,0,1,0,1,0,0,1,-1,0,-1,1,0,0,0,-1,1,0,-1,-1,-1,0,0
1001,-1,0,0,-1,-1,1,0,0,1,0,0,0,0,0,0,1,-1,0,0,0,0,0,-1,1,0,0,0,0,0,0,0,1,0,-1,0,0,0,1,0,0,0,0,0,0,0,0,0,-1,0,0,0,0,0,-1,1,0,-1,1,0,-1,0,0,0,0
1002,0,-1,0,0,1,-1,1,-1,1,-1,0,0,-1,-1,1,0,0,0,0,0,0,0,0,0,-1,0,0,1,0,0,-1,0,0,-1,0,0,0,0,0,0,0,0,1,1,0,0,0,0,0,0,0,0,0,-1,0,-1,0,0,0,-1,0,0,0,0
1003,0,1,0,-1,0,0,0,0,-1,0,1,-1,0,-1,0,-1,1,-1,0,-1,1,0,-1,1,0,0,0,-1,0,0,0,-1,0,0,1,0,0,-1,1,0,0,1,0,0,-1,0,-1,0,0,0,0,0,0,-1,-1,0,1,0,1,0,1,0,0,0
1004,0,0,0,1,-1,0,0,0,1,1,0,-1,0,0,0,0,-1,-1,0,0,0,0,0,-1,0,0,0,0,0,0,-1,1,-1,0,0,-1,1,0,1,0,1,-1,0,0,0,0,0,-1,-1,0,0,0,0,1,0,-1,-1,-1,0,0,-1,-1,1,1
1005,1,0,-1,0,1,-1,0,1,-1,1,0,1,0,0,0,0,0,-1,0,0,0,1,1,1,0,0,0,1,0,1,-1,1,0,0,0,1,0,0,1,0,0,0,1,0,0,0,0,0,1,0,0,-1,0,0,0,0,1,0,0,0,0,-1,1,0
1006,0,0,-1,0,0,0,0,0,0,-1,1,0,0,0,0,0,-1,0,0,0,-1,0,-1,0,0,0,0,0,0,0,-1,0,0,0,0,0,-1,0,-1,0,0,-1,0,1,1,0,-1,0,0,0,-1,-1,0,-1,0,0,0,0,-1,-1,0,0,0,0
1007,0,0,0,0,0,1,0,0,0,0,0,1,0,-1,0,0,0,1,1,1,0,0,1,0,1,-1,-1,0,-1,0,0,0,-1,0,0,0,0,1,0,1,0,0,0,-1,0,1,0,0,0,0,0,1,0,0,0,0,0,1,0,0,0,0,0,0
1008,0,-1,0,-1,-1,0,0,0,1,0,0,0,0,1,0,0,1,0,0,0,0,0,1,0,0,0,0,1,1,0,0,0,-1,1,0,0,0,-1,0,0,0,-1,0,1,0,0,0,0,1,0,0,0,0,-1,1,0,1,1,1,0,0,-1,0,1
1009,0,-1,0,-1,0,0,0,0,0,0,0,1,0,0,1,0,0,0,1,0,0,0,0,0,0,1,0,-1,1,1,0,0,0,0,1,0,0,0,0,0,0,0,0,0,0,0,0,0,0,0,0,-1,0,0,-1,0,0,1,0,-1,0,1,1,0
1010,0,0,0,1,0,-1,0,1,-1,-1,-1,0,0,1,0,0,0,0,0,0,-1,0,0,0,1,0,0,1,-1,0,0,0,0,0,-1,0,0,0,0,0,0,0,0,0,0,0,0,-1,-1,0,-1,0,0,-1,0,0,1,-1,-1,0,-1,1,0,0
1011,-1,0,0,0,-1,1,-1,0,0,-1,0,0,1,0,1,-1,1,0,1,0,-1,0,1,0,0,0,0,0,1,0,0,0,1,0,-1,1,1,0,0,-1,1,0,0,-1,0,1,-1,0,0,1,-1,0,0,0,0,-1,0,0,0,0,-1,1,0,1
1012,1,0,0,0,1,0,0,0,0,-1,0,0,0,0,-1,0,0,1,0,0,1,0,0,-1,0,-1,-1,1,0,1,0,1,0,0,0,0,-1,0,1,0,1,-1,0,0,0,0,0,-1,0,0,0,-1,0,0,1,0,0,0,-1,0,0,0,0,0
1013,0,0,0,0,0,0,-1,0,-1,1,0,1,0,0,0,0,0,0,1,0,0,0,1,0,-1,1,0,-1,0,0,0,1,0,0,0,-1,1,0,0,-1,0,0,0,0,1,-1,0,0,-1,1,0,1,-1,0,0,0,0,0,1,0,0,0,1,0
1014,0,-1,0,1,0,1,0,0,0,-1,1,0,1,1,0,-1,0,0,0,0,-1,-1,0,1,0,0,-1,0,0,0,1,0,0,0,0,-1,0,0,0,0,1,0,0,1,0,0,0,0,0,-1,0,0,0,0,1,0,0,0,0,-1,0,0,0,0
1015,0,0,-1,0,0,-1,0,0,0,0,0,-1,1,1,-1,0,0,0,0,0,0,0,-1,1,1,1,-1,0,1,0,0,-1,0,0,-1,0,1,0,-1,0,1,0,-1,0,0,1,0,-1,0,0,-1,0,-1,0,0,0,-1,-1,0,0,0,0,0,0
1016,0,0,0,0,-1,0,-1,0,0,0,0,0,-1,0,0,0,-1,0,0,-1,-1,0,0,0,0,0,0,0,1,0,0,1,0,0,0,1,-1,-1,0,0,1,0,0,0,0,1,0,-1,0,0,1,0,0,-1,1,0,0,0,0,1,0,0,0,-1
1017,0,1,0,0,-1,0,1,0,0,-1,0,0,-1,0,1,0,0,0,-1,-1,0,0,0,0,0,0,0,0,0,0,1,0,1,0,0,0,0,1,0,0,0,0,0,0,0,0,0,0,-1,0,0,-1,1,0,1,-1,-1,0,0,1,0,-1,0,0
1018,0,0,0,0,0,0,0,0,0,0,0,0,0,0,-1,-1,1,0,0,0,0,1,0,1,1,0,1,0,0,0,-1,1,1,0,1,0,-1,0,0,0,0,0,-1,-1,1,0,0,0,0,0,-1,0,-1,0,1,0,0,0,0,-1,-1,0,1,0
1019,0,0,-1,1,1,0,0,0,0,0,0,0,0,0,1,0,1,0,-1,0,0,0,0,0,1,0,0,1,0,0,1,-1,-1,0,0,1,0,-1,1,0,0,0,0,0,-1,-1,0,0,1,0,1,0,-1,0,0,-1,0,0,-1,0,0,-1,0,1
1020,-1,0,-1,0,0,0,0,0,-1,0,0,-1,0,0,0,1,0,-1,-1,-1,0,0,0,0,0,0,0,1,-1,0,-1,1,0,0,0,-1,0,-1,0,0,-1,0,-1,0,0,1,0,0,0,0,0,0,0,0,0,1,0,0,0,0,0,1,0,0
1021,-1,0,0,-1,-1,-1,0,0,1,0,-1,0,-1,0,1,1,0,0,0,-1,-1,-1,0,0,0,0,0,-1,0,-1,0,0,0,0,0,0,0,1,-1,-1,-1,-1,0,1,-1,1,0,0,-1,1,0,0,0,0,1,0,0,1,0,0,0,0,0,0
1022,-1,0,0,0,-1,1,1,0,0,0,1,0,0,0,0,0,0,-1,0,0,0,0,0,0,0,0,1,0,0,0,0,1,0,-1,0,-1,0,0,0,0,0,0,0,0,1,0,0,-1,0,0,0,1,0,0,0,0,0,0,-1,0,0,0,1,0
1023,1,0,0,0,-1,0,1,-1,0,1,0,-1,-1,0,0,0,1,0,-1,1,0,0,0,0,0,1,0,0,1,0,0,0,1,0,1,0,1,0,0,0,0,-1,0,-1,0,1,-1,1,0,0,0,1,0,0,0,1,1,0,0,-1,0,1,-1,1
1024,0,1,0,0,0,0,0,0,1,0,1,-1,0,0,0,-1,0,0,-1,0,-1,0,-1,-1,1,0,-1,0,0,0,-1,0,-1,-1,0,1,0,1,0,0,1,-1,1,0,0,0,0,0,1,0,-1,0,-1,0,0,0,1,0,1,0,-1,0,0,0
1025,0,0,-1,-1,0,1,0,0,-1,0,0,-1,0,0,-1,0,0,0,0,0,-1,0,0,0,0,0,1,-1,0,0,0,0,0,1,-1,0,-1,-1,-1,1,1,0,-1,-1,-1,0,0,-1,0,1,0,1,-1,0,1,0,1,0,0,-1,0,0,0,1
1026,0,1,1,-1,1,0,0,1,-1,0,0,-1,0,0,0,0,-1,-1,0,0,0,0,-1,0,0,0,0,0,0,0,0,0,1,0,-1,-1,-1,0,0,0,-1,0,1,0,1,-1,0,0,-1,0,-1,1,1,0,0,1,1,1,0,0,0,1,-1,0
1027,-1,0,0,0,0,1,-1,0,0,0,0,-1,0,0,0,0,1,-1,-1,0,0,0,0,0,0,0,0,0,0,0,0,0,0,0,0,0,0,1,0,0,0,0,-1,0,0,0,0,0,-1,-1,0,1,1,0,1,0,0,0,0,0,0,0,0,0
1028,0,-1,1,-1,0,1,0,0,0,0,0,0,0,-1,0,0,-1,-1,0,0,1,0,0,0,0,1,1,0,0,0,0,0,0,0,0,0,0,0,0,1,0,0,-1,1,0,0,-1,0,1,0,0,0,0,-1,1,0,0,0,-1,0,-1,-1,0,0
1029,0,0,0,0,0,0,1,0,0,0,0,0,0,0,-1,0,-1,0,1,0,-1,0,0,1,0,0,0,0,0,-1,0,1,0,1,-1,0,0,0,0,0,0,1,-1,-1,-1,1,0,0,0,-1,0,0,1,1,0,1,0,1,0,0,-1,0,0,0
1030,1,1,0,0,0,0,0,-1,0,0,0,0,0,-1,0,0,1,0,0,0,-1,0,0,1,0,0,0,0,0,0,0,0,1,-1,0,-1,1,0,0,0,0,0,1,0,0,0,-1,-1,0,1,0,0,0,0,-1,0,0,0,0,-1,0,0,0,-1
1031,0,0,0,1,0,1,0,0,0,1,0,0,0,0,0,-1,0,0,0,0,0,0,1,0,0,0,-1,1,1,0,0,-1,0,0,-1,0,0,0,1,0,-1,0,0,0,0,0,0,0,0,-1,1,-1,1,0,1,-1,-1,0,0,0,0,0,0,0
1032,1,0,0,1,-1,0,0,0,0,0,0,0,0,0,0,0,0,0,-1,0,0,0,0,0,0,0,1,-1,-1,1,0,0,0,0,0,0,0,0,0,0,0,-1,1,0,0,0,0,0,1,0,1,1,0,0,0,0,0,0,0,0,0,0,0,0
1033,1,0,0,-1,0,-1,0,0,0,1,-1,0,0,-1,0,-1,1,-1,-1,0,-1,0,1,-1,0,0,-1,1,1,1,1,0,0,0,0,0,-1,0,0,1,1,-1,0,0,0,-1,0,1,0,0,0,-1,1,0,0,0,0,0,0,1,0,0,1,0
1034,1,0,-1,0,1,0,0,0,0,1,-1,0,-1,0,-1,-1,0,0,-1,0,0,0,-1,0,-1,0,0,1,0,1,0,0,0,0,1,0,0,0,1,0,0,0,-1,0,-1,0,1,0,-1,-1,0,-1,0,0,-1,0,0,-1,0,0,0,-1,-1,0
1035,0,1,0,0,1,0,0,1,0,0,0,-1,0,0,0,0,-1,0,1,0,-1,0,0,1,0,0,1,1,0,-1,0,-1,0,0,1,0,0,0,0,1,0,0,0,0,-1,0,-1,0,1,0,-1,-1,0,1,0,-1,0,0,1,0,0,0,-1,0
1036,0,1,0,1,0,1,0,-1,0,0,0,0,0,0,0,0,1,0,0,0,0,0,-1,0,0,0,0,0,0,1,1,-1,1,0,0,1,1,1,0,0,-1,0,1,0,0,0,0,1,-1,0,1,0,0,1,0,0,0,1,0,-1,1,0,1,0
1037,0,0,-1,0,0,1,1,0,1,1,0,0,0,-1,0,0,0,0,0,1,0,1,0,0,0,0,0,-1,0,0,0,0,0,0,0,-1,1,0,0,0,0,0,0,-1,1,1,0,0,0,0,0,0,0,0,0,0,1,0,-1,0,1,0,-1,1
1038,-1,0,1,0,-1,0,0,-1,0,0,0,1,0,0,0,-1,0,0,0,-1,0,0,0,1,0,0,0,0,0,0,0,0,0,0,0,0,1,0,-1,0,0,0,0,0,0,0,-1,0,1,0,0,-1,0,0,0,1,0,-1,0,0,-1,0,-1,0
1039,0,0,0,0,0,0,0,0,0,0,0,1,0,-1,-1,0,0,-1,0,0,0,0,0,0,0,0,1,1,0,1,-1,0,0,-1,0,0,0,0,0,0,0,0,0,0,0,0,-1,1,-1,0,0,0,1,0,0,0,0,1,0,0,1,0,0,0
1040,0,1,-1,1,-1,1,-1,-1,-1,0,-1,0,0,0,1,0,0,0,1,0,-1,0,1,0,0,-1,0,1,0,0,0,-1,0,1,0,0,0,-1,0,-1,0,0,0,0,-1,-1,-1,-1,0,-1,0,0,-1,0,0,0,1,1,0,0,-1,0,-1,0
1041,0,0,0,0,0,0,0,0,0,0,0,0,1,0,0,0,0,1,0,0,0,0,-1,0,0,0,1,0,0,1,0,0,0,1,-1,0,0,1,1,0,0,0,0,0,-1,0,0,0,-1,0,0,0,-1,0,1,0,0,0,1,0,1,0,0,0
1042,0,1,0,1,1,0,1,-1,0,0,0,0,1,0,-1,0,1,0,1,1,0,1,0,0,0,1,0,0,0,1,-1,1,1,0,1,0,1,0,0,-1,0,0,0,0,0,0,0,0,0,-1,0,-1,0,-1,0,0,1,-1,-1,0,0,0,0,0
1043,0,0,-1,0,-1,-1,0,-1,0,1,0,0,1,1,0,0,0,0,0,-1,0,0,0,0,0,0,0,1,1,0,0,0,0,0,0,0,0,0,0,0,0,-1,0,0,0,0,-1,-1,0,0,0,0,1,0,0,0,1,-1,0,0,0,0,0,0
1044,1,0,0,0,0,0,-1,-1,1,-1,0,0,0,1,1,0,0,1,0,-1,-1,0,0,-1,0,0,1,0,0,0,0,0,1,1,1,1,0,0,-1,0,0,0,1,0,0,0,0,0,0,0,0,-1,-1,-1,0,0,1,-1,0,0,0,0,-1,1
1045,0,0,-1,0,0,1,-1,-1,0,0,0,0,0,-1,-1,0,0,0,0,0,1,0,1,1,0,0,0,-1,-1,0,0,-1,-1,0,1,1,0,-1,0,0,0,0,0,0,-1,0,-1,0,-1,0,0,0,0,0,0,0,0,0,0,0,0,0,0,1
1046,-1,0,0,0,0,-1,0,-1,1,1,1,0,0,0,0,0,0,1,0,-1,0,0,0,0,0,1,0,0,0,0,1,0,-1,0,0,0,0,1,-1,1,0,-1,-1,0,1,0,-1,0,0,0,1,1,0,0,-1,0,0,0,0,0,1,0,1,0
1047,0,0,0,0,0,-1,0,-1,0,-1,0,0,0,0,1,0,0,0,0,0,0,0,-1,0,0,1,0,0,0,0,-1,1,0,1,0,0,1,1,1,1,0,1,-1,0,0,0,1,0,0,0,0,0,0,0,0,0,0,0,-1,1,1,0,-1,0
1048,-1,0,-1,1,1,0,0,0,-1,0,0,0,-1,0,0,0,0,0,0,0,0,0,0,1,0,0,0,0,-1,0,-1,1,0,0,1,1,0,0,0,-1,0,0,0,0,-1,-1,0,-1,0,1,1,0,1,0,0,1,1,-1,-1,1,0,0,-1,-1
1049,0,-1,-1,0,1,0,0,0,0,0,0,-1,0,1,1,0,0,-1,-1,-1,-1,0,0,0,-1,0,0,0,0,0,0,-1,0,1,-1,0,0,0,0,-1,-1,0,0,0,0,-1,0,0,-1,-1,1,0,0,0,0,0,-1,0,0,0,0,0,0,0
1050,0,0,-1,0,0,0,0,0,0,-1,0,0,-1,0,0,0,1,-1,0,1,-1,1,-1,-1,0,0,0,0,0,0,0,1,-1,-1,0,0,0,0,0,-1,0,0,0,0,-1,0,0,0,1,0,0,0,0,0,0,0,-1,0,0,0,0,0,0,0
1051,0,0,1,0,0,1,1,0,0,0,0,0,1,1,1,-1,0,0,0,0,0,0,-1,0,-1,1,1,0,0,0,0,1,0,0,0,-1,-1,-1,-1,0,0,1,0,1,0,-1,0,0,1,1,0,0,0,0,0,0,0,0,0,1,0,0,-1,0
1052,0,1,-1,0,1,0,0,0,0,0,0,1,0,0,0,0,-1,0,0,0,-1,0,1,0,0,-1,0,0,1,0,1,-1,1,0,0,0,1,0,0,0,0,1,0,1,0,0,-1,0,0,0,0,0,0,0,0,1,0,0,0,1,1,0,1,0
1053,1,0,0,0,-1,-1,0,1,-1,0,0,0,0,1,0,0,-1,0,0,0,1,1,0,0,0,0,0,0,0,-1,-1,1,0,0,0,1,0,0,1,0,0,1,1,0,1,0,0,1,0,0,1,0,0,0,0,0,0,0,0,0,0,0,0,0
1054,0,0,0,0,0,-1,0,-1,0,0,1,0,0,-1,0,0,0,0,0,0,0,0,0,0,-1,0,0,1,-1,0,0,0,0,0,0,1,-1,0,0,0,-1,1,0,0,1,0,1,0,0,0,0,0,0,0,0,0,1,-1,0,0,0,-1,0,0
1055,0,0,0,0,0,0,0,0,0,0,0,-1,0,0,1,0,1,0,0,0,0,1,0,-1,0,-1,1,0,0,0,0,1,-1,-1,0,-1,0,-1,-1,0,1,-1,0,-1,0,0,1,1,1,0,1,0,0,0,1,0,0,0,1,-1,-1,0,-1,-1
1056,0,0,0,1,0,1,-1,1,-1,-1,0,0,0,0,1,0,0,0,0,0,0,1,0,0,-1,-1,1,0,1,0,0,0,0,0,0,1,0,0,0,0,0,0,0,-1,0,0,0,0,0,-1,0,1,1,0,0,0,-1,0,0,-1,0,0,0,0
1057,0,1,0,-1,0,0,1,-1,1,1,0,1,-1,0,1,0,0,1,1,1,1,0,1,1,0,0,0,0,0,0,1,0,0,1,-1,0,0,0,0,0,1,0,-1,0,0,0,0,1,0,-1,0,0,-1,0,1,0,0,0,0,0,-1,0,0,0
1058,0,0,0,0,0,-1,0,-1,0,-1,0,1,0,1,0,0,0,0,0,0,0,0,0,1,-1,-1,0,0,0,1,1,1,0,-1,0,0,1,-1,-1,-1,0,0,1,0,1,1,-1,-1,0,-1,0,0,-1,0,0,0,-1,0,0,-1,-1,0,0,1
1059,0,1,0,0,1,0,0,0,0,0,0,0,0,-1,0,0,-1,0,0,0,0,1,-1,-1,0,0,-1,0,0,1,1,0,0,1,0,0,0,0,1,0,0,0,0,1,0,0,-1,0,0,-1,1,0,0,1,1,0,0,0,0,0,1,0,1,0
1060,0,0,0,0,0,0,0,-1,0,1,-1,0,0,-1,1,0,1,0,0,0,1,0,0,-1,0,0,1,0,0,0,0,0,0,1,0,0,1,0,0,0,-1,1,0,1,0,-1,0,0,0,0,0,0,-1,-1,-1,0,0,0,0,0,0,-1,1,0
1061,1,0,0,0,1,0,0,0,0,0,0,0,0,1,0,0,1,1,0,-1,1,0,1,0,0,0,0,0,0,-1,0,0,0,0,1,1,0,1,0,1,0,0,1,0,0,0,0,1,0,0,0,0,0,1,0,1,1,0,0,1,1,-1,0,0
1062,0,0,0,1,0,0,0,0,0,0,1,0,1,-1,0,0,0,-1,0,0,0,0,0,0,0,0,-1,1,0,0,1,0,0,0,1,0,0,0,0,1,-1,1,0,0,1,0,0,0,0,-1,0,0,0,0,0,0,-1,0,0,1,0,-1,0,0
1063,1,0,0,0,0,1,0,-1,1,0,0,0,0,-1,-1,0,-1,0,-1,0,-1,0,0,-1,1,1,-1,0,1,1,-1,0,0,0,0,0,1,-1,0,0,0,0,1,0,0,-1,0,0,0,0,0,0,0,0,0,0,-1,0,0,1,-1,-1,1,0
1064,0,1,0,0,1,0,0,0,0,-1,0,-1,1,0,0,1,-1,-1,0,0,-1,-1,0,-1,0,1,0,0,0,0,0,1,1,1,-1,0,0,0,-1,0,-1,1,0,-1,-1,-1,0,0,-1,0,0,1,0,0,0,0,-1,-1,1,1,0,1,0,0
1065,-1,0,0,0,-1,0,0,1,0,-1,1,0,0,0,0,0,-1,1,1,0,0,0,1,0,-1,0,0,0,0,0,-1,0,-1,0,0,1,-1,0,0,0,0,0,0,0,0,0,0,0,1,0,0,0,0,1,-1,0,0,0,1,1,0,0,1,1
1066,1,0,-1,-1,1,0,0,0,-1,0,1,0,0,0,0,0,0,0,0,1,0,-1,-1,1,0,0,0,0,0,0,0,0,0,0,0,-1,0,1,0,1,0,0,0,-1,0,1,0,1,0,0,0,1,1,-1,0,0,0,0,0,1,0,-1,0,0
1067,0,0,0,0,1,0,0,0,0,0,-1,0,0,-1,0,1,0,-1,0,0,-1,0,1,0,0,0,1,-1,0,-1,-1,0,1,0,0,1,-1,0,0,0,0,1,0,0,0,0,0,-1,0,0,0,0,0,0,0,1,1,0,0,0,0,0,1,0
1068,0,0,0,1,1,-1,0,0,0,1,-1,0,-1,0,0,1,-1,0,0,0,0,-1,0,0,-1,1,0,0,-1,0,-1,0,0,-1,1,0,-1,-1,0,0,-1,0,0,1,0,-1,0,0,-1,0,0,0,0,0,-1,0,0,-1,0,0,0,0,0,0
1069,0,-1,0,1,0,-1,-1,0,1,0,0,0,1,0,-1,0,0,1,1,-1,0,-1,1,1,1,1,0,0,0,0,1,0,0,1,-1,0,0,0,0,-1,0,0,-1,0,0,0,0,0,1,-1,1,1,-1,1,-1,-1,-1,-1,-1,0,0,1,0,1
1070,1,0,0,0,-1,0,0,0,0,0,0,0,0,0,0,-1,0,0,1,0,0,0,-1,0,0,-1,0,0,0,0,0,-1,0,0,0,0,0,0,0,0,1,-1,-1,0,1,0,-1,0,0,-1,0,0,1,0,0,-1,0,1,0,0,-1,0,0,0
1071,0,1,1,-1,0,-1,0,-1,0,0,0,1,0,0,0,1,0,-1,0,-1,0,0,0,0,0,1,0,-1,0,1,0,0,0,-1,0,1,1,0,1,0,0,1,-1,0,-1,-1,0,1,0,0,0,0,0,0,0,-1,0,0,0,1,0,-1,0,-1
1072,-1,0,0,0,0,0,1,0,1,1,0,1,0,-1,0,0,0,0,1,0,0,0,0,-1,0,-1,0,0,-1,0,0,1,0,-1,0,0,-1,1,1,0,0,0,0,1,1,-1,0,0,0,-1,0,-1,1,1,-1,0,0,-1,0,0,0,1,0,-1
1073,1,-1,0,0,-1,-1,-1,1,0,1,-1,1,1,0,1,0,1,-1,-1,0,0,0,0,1,1,0,0,0,0,0,0,0,-1,0,0,0,1,0,0,0,0,0,-1,0,1,0,-1,0,1,0,-1,0,0,0,0,0,0,-1,0,0,1,1,1,-1
1074,1,0,0,0,0,0,-1,0,0,0,1,0,0,0,-1,-1,0,0,0,0,0,1,-1,0,1,0,0,0,0,0,0,0,-1,0,0,-1,0,0,0,0,0,-1,0,0,0,0,1,0,-1,1,0,0,0,0,0,0,0,-1,0,0,0,0,0,0
1075,0,0,0,-1,0,-1,0,0,0,1,0,0,0,0,-1,-1,0,0,0,0,1,1,0,1,0,0,0,0,0,0,0,0,-1,1,1,0,-1,0,1,0,0,0,1,-1,0,1,0,0,0,-1,0,1,-1,0,0,0,0,1,0,0,0,1,1,0
1076,-1,1,0,1,0,-1,0,1,-1,0,0,0,-1,-1,-1,-1,0,0,0,0,0,1,-1,-1,0,1,1,1,1,-1,1,0,0,1,1,1,1,-1,0,0,1,0,0,0,0,0,0,-1,1,0,0,0,1,-1,0,1,0,0,0,0,0,0,1,0
1077,0,0,0,0,-1,0,-1,0,-1,0,0,-1,0,0,0,1,0,0,-1,0,-1,0,1,1,0,1,-1,0,0,0,0,0,-1,-1,0,1,0,0,0,1,0,0,0,1,0,0,-1,1,0,1,0,-1,1,0,0,0,0,0,1,0,1,1,0,0
1078,0,0,0,0,0,1,0,0,0,0,0,0,-1,0,0,0,0,0,1,0,1,-1,0,0,0,1,0,0,1,0,1,0,0,1,-1,-1,1,1,1,1,-1,0,1,-1,0,0,0,-1,0,0,0,0,0,0,1,-1,1,0,0,0,-1,0,0,0
1079,0,-1,0,0,0,0,0,1,0,0,0,1,0,-1,1,0,0,-1,0,-1,0,1,-1,0,-1,0,0,0,0,1,-1,1,1,1,1,0,0,-1,0,0,-1,0,1,1,0,0,0,0,0,0,0,0,0,0,0,0,-1,0,-1,0,-1,1,1,0
1080,-1,0,1,0,1,0,0,-1,1,0,0,1,1,0,0,0,-1,0,0,-1,0,0,1,-1,-1,0,0,1,0,-1,0,0,0,1,1,0,0,1,1,0,-1,0,-1,0,0,-1,0,0,-1,0,0,-1,1,-1,0,0,0,1,1,0,0,-1,0,0
1081,1,0,0,0,-1,0,0,-1,0,0,0,0,-1,0,0,0,0,0,1,-1,0,0,-1,0,0,0,1,-1,1,0,0,0,-1,0,0,1,1,1,0,-1,-1,0,-1,0,0,0,0,-1,0,0,0,0,0,0,0,-1,0,0,0,1,0,0,-1,0
1082,0,0,0,0,-1,-1,0,0,0,0,0,0,0,-1,1,-1,0,0,0,0,1,1,1,-1,1,0,0,-1,0,1,0,0,0,0,0,0,0,1,0,0,0,-1,-1,1,1,0,1,1,0,-1,-1,1,0,1,0,0,0,-1,0,0,0,1,0,0
1083,0,1,0,0,0,0,-1,0,0,0,0,1,0,-1,0,0,0,1,0,-1,0,0,0,0,-1,0,-1,0,0,0,0,1,-1,1,0,0,0,0,1,1,-1,0,0,0,0,1,-1,0,-1,-1,0,0,0,0,-1,0,1,1,0,0,0,0,0,1
1084,0,1,0,0,-1,0,0,0,0,0,1,0,-1,0,-1,0,0,1,0,1,0,1,0,0,0,0,0,-1,0,-1,-1,1,0,-1,0,0,-1,0,0,0,0,0,0,0,0,0,-1,0,0,0,0,-1,0,0,-1,0,-1,0,0,-1,0,0,-1,-1
1085,-1,0,0,0,0,-1,0,-1,0,1,0,0,0,0,0,0,0,0,0,0,0,0,-1,0,0,1,-1,0,0,-1,0,0,0,-1,0,0,-1,0,-1,0,0,1,0,0,1,1,0,0,0,0,0,0,-1,-1,1,1,0,0,0,-1,0,1,0,0
1086,0,0,-1,0,0,0,0,0,0,1,0,0,-1,1,-1,0,-1,0,-1,-1,0,0,0,1,-1,1,0,0,0,0,1,0,0,-1,0,0,0,0,1,0,0,0,1,0,-1,0,1,0,0,1,0,1,-1,0,0,1,1,0,-1,0,0,-1,0,0
1087,-1,1,0,0,0,0,0,0,1,1,-1,0,1,0,1,0,0,0,0,0,0,1,0,0,0,1,0,-1,-1,0,-1,0,1,0,0,-1,0,0,0,0,-1,-1,0,0,-1,0,-1,-1,0,0,0,1,0,0,1,0,-1,-1,1,0,0,0,0,0
1088,1,1,0,-1,1,0,-1,-1,-1,-1,0,1,0,0,0,1,0,-1,-1,-1,0,0,1,0,-1,1,0,0,0,0,-1,0,-1,0,0,-1,-1,-1,0,0,0,-1,0,0,-1,0,0,1,1,1,-1,1,0,1,0,0,0,1,1,0,-1,0,0,1
1089,0,-1,0,1,1,0,0,0,0,0,-1,0,0,0,1,0,0,0,1,0,0,1,0,-1,-1,0,0,0,0,1,-1,-1,0,1,0,0,-1,-1,-1,1,0,-1,-1,-1,0,0,0,0,-1,0,0,0,1,1,-1,-1,0,0,0,1,0,0,0,0
1090,0,0,0,1,0,0,0,1,0,0,1,0,0,0,0,1,1,0,1,0,-1,0,0,0,1,1,1,0,0,1,0,1,1,0,1,1,0,0,1,0,-1,0,0,0,0,0,-1,0,0,0,0,-1,0,0,0,0,0,1,0,0,0,1,-1,1
1091,0,-1,0,0,0,0,-1,0,1,0,0,0,0,-1,-1,0,0,0,0,0,0,0,0,-1,0,0,0,1,0,1,0,-1,1,0,0,-1,-1,0,-1,1,0,0,0,0,-1,0,0,0,0,0,0,-1,0,0,-1,0,0,0,0,0,-1,0,0,1
1092,0,0,0,-1,1,0,0,1,0,0,0,0,-1,0,0,0,0,1,0,0,0,1,0,1,0,0,0,0,0,1,0,0,0,1,1,0,0,0,0,0,0,-1,0,0,0,-1,0,1,0,0,0,0,0,1,0,0,-1,-1,0,0,0,0,0,1
1093,0,1,0,0,-1,0,1,0,1,0,0,0,0,0,0,0,0,0,-1,0,0,0,0,0,0,1,1,0,-1,0,0,-1,1,1,0,0,0,0,-1,0,0,0,-1,0,0,1,0,-1,0,0,0,0,0,0,0,0,0,-1,0,0,0,0,-1,-1
1094,0,0,0,0,-1,0,1,0,0,1,1,0,0,1,-1,0,1,0,1,1,0,0,0,0,0,-1,-1,-1,0,-1,-1,0,0,0,0,0,0,0,0,1,0,0,0,0,0,0,0,0,1,0,1,0,0,0,0,0,0,0,0,0,0,1,0,0
1095,0,1,0,0,0,0,0,0,-1,0,0,1,0,0,0,0,0,0,0,-1,-1,0,1,-1,-1,0,0,0,0,0,0,0,1,-1,1,-1,-1,0,0,-1,0,0,0,0,0,0,0,0,0,0,0,0,1,0,0,-1,1,-1,0,0,0,0,1,0
1096,0,-1,1,0,0,1,0,0,-1,1,-1,-1,0,0,-1,0,1,1,0,1,0,0,1,0,1,1,0,0,0,0,0,-1,0,-1,-1,0,0,0,-1,-1,0,1,0,0,0,0,0,0,-1,1,0,0,0,-1,0,1,0,0,0,-1,0,0,0,-1
1097,0,-1,0,1,-1,1,-1,0,1,0,0,-1,0,-1,0,0,-1,0,0,0,0,0,0,0,1,1,-1,1,1,0,1,0,0,0,0,0,1,0,-1,-1,1,1,0,0,0,0,-1,0,0,1,-1,0,0,-1,1,0,-1,1,1,0,0,0,1,0
1098,-1,0,0,0,0,1,0,1,0,0,0,1,0,-1,-1,-1,0,0,0,1,0,0,0,0,1,1,-1,-1,1,0,0,0,-1,0,-1,1,1,-1,0,-1,1,0,0,-1,-1,0,0,0,-1,0,0,0,0,-1,-1,1,0,1,-1,0,-1,0,0,0
1099,0,0,0,-1,0,0,-1,1,0,0,-1,0,-1,0,0,0,0,1,-1,0,0,1,-1,0,1,1,0,0,1,0,0,-1,0,0,1,0,0,0,-1,0,0,0,0,0,0,0,0,1,0,0,0,-1,0,1,0,0,-1,-1,-1,-1,0,0,0,0
1100,0,-1,0,1,0,0,0,0,1,0,-1,0,0,0,-1,0,-1,0,0,-1,0,0,-1,-1,0,0,0,-1,1,0,1,1,-1,-1,0,1,0,0,0,0,1,-1,0,0,0,0,0,0,0,0,0,0,0,0,0,-1,0,0,1,0,0,0,0,0
1101,-1,0,0,-1,-1,0,0,0,1,0,-1,0,0,0,1,0,1,0,-1,0,0,0,1,0,0,0,0,0,0,-1,0,0,0,0,0,0,0,0,1,0,0,0,0,0,-1,0,0,1,1,0,0,-1,0,0,0,0,0,0,0,-1,0,-1,-1,0
1102,0,0,-1,0,0,0,0,0,0,0,1,1,0,-1,0,0,1,-1,0,-1,-1,0,0,0,0,1,1,0,0,0,-1,-1,0,-1,-1,0,-1,0,0,0,0,0,1,1,0,0,0,-1,-1,0,0,0,0,-1,0,0,0,0,0,1,0,-1,1,0
1103,0,0,-1,-1,0,0,0,0,0,-1,-1,0,1,-1,0,-1,0,0,0,0,0,1,0,-1,0,-1,-1,0,0,-1,-1,-1,-1,-1,0,-1,-1,0,0,-1,-1,0,-1,0,0,0,1,-1,0,1,-1,0,0,-1,-1,-1,0,0,0,0,0,-1,0,0
1104,-1,0,0,0,0,1,0,-1,1,0,1,0,0,0,0,-1,0,-1,0,1,0,0,1,1,0,-1,0,0,0,1,0,1,0,-1,0,0,0,1,0,1,0,0,1,0,0,0,0,0,1,0,0,1,0,-1,0,1,0,0,0,-1,-1,-1,0,1
1105,0,1,0,1,1,0,1,-1,0,0,0,0,-1,1,0,0,0,-1,-1,0,0,0,0,0,0,0,0,1,0,0,0,-1,0,0,1,0,1,0,0,0,0,0,1,0,-1,0,1,0,0,-1,1,-1,-1,0,0,0,0,0,0,-1,0,0,0,0
1106,-1,-1,0,-1,0,1,0,-1,0,0,1,1,0,0,0,0,-1,0,0,0,0,1,0,1,0,0,-1,0,0,0,0,0,0,0,0,0,0,0,0,0,0,-1,0,0,-1,0,0,0,0,0,0,0,-1,-1,0,0,1,-1,1,0,1,0,1,0
1107,0,0,0,0,-1,0,0,1,0,0,-1,0,1,0,0,-1,1,0,0,0,1,0,0,0,0,1,-1,0,0,1,0,1,0,0,0,0,0,0,0,0,1,-1,0,0,0,0,0,0,0,0,0,0,0,0,0,-1,0,-1,0,0,0,1,0,-1
1108,0,0,0,0,0,0,0,0,1,0,0,0,1,-1,0,0,0,0,1,0,1,1,0,0,0,-1,0,0,-1,0,-1,0,-1,1,-1,0,0,0,0,0,1,0,0,0,0,0,-1,1,-1,0,-1,0,1,0,0,1,0,0,0,0,0,0,0,-1
1109,1,-1,0,0,0,0,0,-1,1,0,0,0,1,1,-1,0,0,1,0,1,1,0,0,-1,0,0,0,1,0,0,0,0,0,-1,-1,0,-1,1,0,0,1,0,0,0,1,0,0,0,0,0,0,0,-1,0,-1,0,1,-1,0,0,1,0,0,0
1110,0,-1,0,0,1,0,0,1,0,0,-1,0,0,0,0,0,0,0,0,0,0,0,0,1,0,-1,0,0,0,0,0,0,1,0,0,-1,0,0,0,0,1,-1,0,1,0,0,1,-1,0,0,0,0,0,0,0,-1,1,0,0,0,-1,1,0,0
1111,0,0,0,-1,-1,0,0,0,0,-1,0,0,0,1,0,-1,0,-1,0,0,0,1,0,-1,0,1,0,-1,-1,0,-1,-1,0,0,0,0,0,-1,0,0,-1,0,1,0,0,0,1,0,-1,0,0,-1,-1,1,0,0,-1,1,-1,0,0,0,-1,-1
1112,1,-1,0,0,0,1,-1,-1,0,1,1,-1,0,0,0,-1,0,0,1,-1,0,1,1,0,0,0,-1,0,0,-1,0,0,0,0,0,0,0,0,0,-1,0,0,0,0,0,-1,-1,0,0,-1,1,0,0,1,0,0,-1,0,0,-1,0,0,0,1
1113,-1,0,0,1,1,-1,-1,0,0,1,1,0,0,0,0,0,0,1,1,0,1,-1,-1,0,0,1,0,0,0,1,-1,1,0,0,0,0,0,-1,0,0,1,0,0,0,0,0,0,0,-1,-1,0,1,-1,0,1,0,0,0,0,0,0,0,1,0
1114,1,0,0,0,0,0,0,0,0,0,0,0,0,0,0,0,0,0,0,0,0,-1,0,0,0,0,0,1,-1,-1,0,0,0,0,-1,0,0,1,0,-1,0,0,0,0,0,0,0,0,0,0,-1,0,0,0,0,-1,0,1,0,0,0,0,1,0
1115,-1,0,0,1,-1,0,0,-1,0,0,1,1,-1,1,1,0,0,0,0,0,0,0,-1,0,0,0,1,0,0,1,0,-1,0,0,0,1,-1,0,0,-1,-1,0,0,0,0,1,0,0,0,-1,1,0,0,0,0,-1,0,-1,0,0,0,0,1,0
1116,0,0,-1,1,0,1,0,-1,0,0,0,0,0,0,0,1,1,0,0,0,-1,0,0,0,0,0,-1,1,1,0,0,0,0,-1,-1,0,0,0,0,0,1,-1,0,1,1,0,0,1,0,1,-1,-1,0,1,1,-1,0,0,1,0,1,0,0,0
1117,0,1,-1,-1,0,-1,0,0,0,1,0,0,1,0,1,1,0,0,0,1,0,0,0,0,0,-1,0,-1,0,1,0,0,0,0,0,1,0,-1,-1,0,-1,0,0,1,-1,0,-1,0,-1,1,1,0,0,0,1,-1,0,0,1,0,0,0,0,0
1118,0,0,0,0,-1,0,1,1,-1,0,0,0,0,0,0,-1,0,0,0,0,0,-1,0,0,0,0,0,0,0,-1,-1,0,0,-1,0,0,1,1,-1,-1,0,0,-1,0,0,0,0,1,0,-1,0,0,0,0,1,0,1,0,0,-1,0,1,0,0
1119,0,1,0,0,0,0,-1,0,0,0,0,0,0,-1,0,0,0,1,0,1,0,0,-1,0,1,1,0,1,0,1,-1,0,0,-1,1,-1,-1,0,1,0,-1,0,1,-1,0,0,0,0,-1,0,0,0,0,0,1,-1,0,0,1,0,-1,-1,0,0
1120,1,0,-1,1,0,0,0,-1,0,0,-1,-1,1,1,1,0,0,0,1,0,-1,0,0,0,1,0,0,0,1,0,1,-1,-1,-1,1,0,1,0,0,0,0,0,1,0,-1,0,0,0,0,-1,1,1,0,1,0,-1,-1,0,0,0,0,1,-1,0
1121,0,0,0,1,0,-1,0,0,-1,-1,0,-1,-1,1,0,1,-1,1,0,0,1,-1,0,0,1,0,0,-1,0,0,1,0,0,0,0,0,0,0,0,0,0,0,-1,0,-1,1,0,-1,0,0,0,0,0,0,1,-1,0,1,0,1,0,0,0,0
1122,0,0,0,0,0,0,0,0,1,-1,1,1,1,0,0,1,1,1,0,0,1,1,0,1,0,0,1,0,0,-1,0,0,0,0,-1,0,1,-1,-1,0,0,1,1,1,0,0,0,1,0,0,0,0,0,1,0,0,0,1,0,0,0,0,0,-1
1123,1,-1,0,-1,0,0,-1,-1,1,-1,0,0,0,0,0,0,0,0,0,-1,0,1,-1,0,0,0,0,0,-1,0,0,0,0,0,0,0,0,0,0,0,0,0,0,0,0,1,0,0,1,0,1,0,1,0,0,0,0,1,0,0,0,-1,0,0
1124,-1,0,0,0,1,0,1,0,0,0,1,0,0,-1,1,0,0,0,-1,1,0,0,0,1,0,-1,0,0,0,1,0,0,1,-1,0,0,0,0,0,1,1,-1,0,0,0,0,0,0,0,0,1,0,0,0,-1,1,0,0,-1,1,0,0,-1,1
1125,0,0,0,1,0,0,0,1,0,0,-1,1,0,0,-1,-1,1,0,0,-1,0,0,0,0,0,0,0,0,0,0,0,0,1,0,0,0,0,-1,-1,0,0,1,0,0,0,0,0,0,0,0,-1,0,0,1,0,0,-1,0,-1,-1,0,0,-1,0
1126,0,-1,0,0,-1,1,0,0,0,1,-1,0,1,0,0,0,0,1,-1,0,0,0,0,0,-1,0,0,0,0,0,1,1,1,0,0,0,1,-1,-1,-1,-1,0,0,0,0,0,0,0,0,0,0,1,0,-1,0,0,0,0,0,0,0,0,-1,0
1127,-1,0,0,1,1,0,0,0,0,0,0,0,0,-1,0,0,0,1,-1,1,-1,0,0,0,1,-1,0,0,0,0,0,1,-1,1,0,0,1,0,-1,0,-1,0,-1,0,0,0,-1,1,0,0,0,0,0,0,1,-1,-1,-1,1,0,0,0,0,-1
1128,0,-1,1,0,0,1,0,-1,-1,0,1,0,0,1,0,0,0,0,1,0,0,0,0,0,-1,1,-1,-1,0,1,0,1,0,0,-1,-1,0,0,-1,0,1,-1,0,0,-1,0,1,-1,0,1,1,0,1,0,0,0,1,0,-1,0,0,0,-1,0
1129,0,0,0,0,-1,0,0,1,0,0,0,1,0,0,1,0,0,0,0,0,0,0,1,0,0,0,-1,0,0,-1,-1,1,0,0,-1,-1,-1,0,0,0,0,0,0,0,0,-1,0,0,1,-1,0,0,1,0,1,1,0,-1,0,0,0,0,-1,0
1130,0,1,1,0,-1,-1,0,0,-1,1,0,0,1,-1,0,-1,0,0,0,1,0,0,0,-1,0,0,0,-1,0,0,0,-1,0,0,0,0,0,1,0,0,0,0,0,-1,0,0,-1,1,0,0,0,0,0,0,1,0,1,0,0,0,0,1,0,0
1131,1,-1,1,-1,0,-1,-1,0,1,1,0,-1,0,0,0,0,0,1,1,-1,0,0,0,0,-1,1,1,0,0,0,0,0,0,0,0,0,0,0,1,0,0,0,1,0,0,-1,0,0,-1,0,0,0,0,0,0,0,0,0,0,-1,0,0,0,-1
1132,0,0,0,-1,0,0,0,1,0,1,-1,0,0,0,1,0,0,-1,0,1,0,-1,-1,1,1,0,0,1,1,0,0,0,0,0,0,0,-1,-1,0,0,0,0,0,0,0,0,0,1,1,0,1,0,-1,1,-1,0,0,0,1,0,1,-1,0,1
1133,1,0,0,0,1,0,0,-1,-1,0,0,1,1,0,0,1,1,0,0,-1,1,-1,-1,0,0,1,1,0,1,1,0,-1,-1,0,0,-1,-1,-1,0,-1,0,0,-1,0,-1,-1,0,-1,0,1,0,1,0,0,0,-1,0,-1,0,0,-1,1,1,0
1134,-1,0,1,0,1,0,1,1,0,0,0,1,-1,-1,0,1,-1,0,0,0,0,-1,0,0,1,0,0,0,0,0,0,-1,0,-1,0,0,0,0,0,0,0,0,-1,1,0,0,0,1,0,-1,-1,1,0,0,-1,0,0,1,0,0,0,0,1,0
1135,-1,0,0,-1,1,0,1,-1,0,0,0,0,-1,0,0,0,1,-1,1,0,-1,0,0,1,0,-1,0,0,1,0,-1,-1,0,0,0,0,1,1,-1,0,0,0,0,0,0,-1,0,-1,-1,0,0,0,0,0,0,1,-1,0,0,0,0,0,-1,-1
1136,0,1,0,-1,0,0,1,-1,0,1,-1,-1,1,0,0,0,0,0,0,-1,1,1,0,0,-1,0,0,0,0,-1,0,1,0,0,-1,1,1,0,0,0,0,-1,0,-1,0,0,-1,0,-1,0,0,0,1,0,0,0,0,-1,0,1,0,-1,1,0
1137,-1,0,0,0,0,0,0,0,0,0,0,1,-1,1,1,1,-1,0,0,1,0,-1,1,0,0,0,0,0,0,0,0,-1,0,1,-1,0,0,0,0,0,1,-1,0,0,0,0,1,0,1,0,0,-1,0,0,-1,-1,0,0,0,0,-1,0,0,0
1138,1,0,0,0,0,0,-1,0,0,1,0,0,0,0,1,-1,1,0,1,0,-1,1,0,0,-1,0,0,-1,0,0,-1,1,0,-1,-1,0,-1,1,-1,0,0,0,1,1,0,1,-1,0,1,0,1,0,0,0,0,0,-1,0,0,-1,0,0,0,-1
1139,0,0,0,1,-1,1,0,0,0,0,-1,1,0,0,0,1,1,0,0,0,-1,1,0,-1,0,0,1,0,0,0,0,1,0,0,0,0,0,1,0,0,0,0,1,-1,1,0,-1,0,0,1,0,0,0,0,0,0,-1,0,0,0,0,0,0,0
1140,0,1,0,0,0,0,0,-1,0,0,0,0,-1,0,0,-1,0,0,1,0,0,0,0,0,0,1,0,0,0,-1,0,0,-1,-1,0,0,0,1,0,0,1,-1,0,1,0,0,0,0,0,0,-1,1,0,1,0,-1,0,0,0,0,0,0,1,0
1141,1,0,1,1,1,1,0,0,0,0,0,0,0,0,0,0,0,-1,-1,0,1,0,0,0,0,0,-1,0,0,0,0,0,0,-1,0,1,-1,0,-1,0,1,0,0,0,-1,-1,-1,0,1,0,0,0,0,1,-1,1,0,0,0,1,0,0,0,0
1142,-1,0,-1,0,0,0,-1,0,-1,0,1,0,0,0,0,1,0,0,0,0,0,1,0,0,0,-1,-1,0,0,-1,-1,0,0,1,0,0,-1,0,1,0,1,0,0,0,0,1,0,1,0,0,0,-1,-1,-1,0,-1,0,0,0,0,0,1,0,0
1143,0,0,0,0,0,0,0,-1,1,0,0,0,0,-1,1,0,0,1,0,0,-1,-1,0,0,1,0,0,0,0,0,1,0,0,1,0,0,0,0,0,0,1,0,-1,0,1,0,0,0,0,0,1,-1,-1,-1,0,0,-1,-1,0,1,0,1,0,-1
1144,0,-1,0,-1,0,0,0,0,0,1,0,0,1,0,0,0,0,-1,0,1,0,0,0,0,0,0,0,0,0,1,1,0,-1,1,0,0,-1,0,0,0,0,-1,0,1,0,1,0,0,0,-1,1,0,0,0,0,0,1,-1,0,0,0,-1,0,0
1145,-1,0,0,1,0,0,0,0,0,0,-1,0,1,0,0,0,1,-1,-1,-1,1,0,0,0,1,0,1,0,0,0,-1,-1,0,-1,0,1,0,0,0,1,-1,-1,0,-1,0,-1,1,0,0,-1,0,0,0,0,0,1,0,0,0,-1,1,0,-1,1
1146,1,1,-1,0,-1,-1,0,-1,0,0,1,-1,0,0,0,0,-1,0,-1,0,0,0,-1,-1,0,1,-1,0,0,0,0,0,-1,0,0,0,0,0,1,0,0,-1,0,0,1,1,1,0,0,-1,-1,0,-1,1,-1,0,0,-1,-1,0,1,0,0,0
1147,0,0,0,0,0,-1,0,0,1,-1,0,1,0,0,-1,0,0,0,0,0,0,0,1,0,-1,0,1,0,-1,0,1,1,0,0,0,-1,-1,-1,0,1,0,0,1,1,-1,-1,0,0,0,0,0,0,-1,-1,1,0,0,-1,0,-1,0,0,0,0
1148,1,0,1,0,0,0,1,0,1,0,0,0,0,0,0,1,0,1,1,-1,-1,0,0,-1,-1,0,0,0,0,0,-1,1,0,-1,0,0,1,1,0,0,0,0,0,0,-1,0,-1,0,0,0,0,-1,0,1,0,0,0,0,0,0,-1,0,1,0
1149,0,-1,0,0,1,0,-1,0,-1,0,0,0,0,0,0,0,0,-1,1,0,1,1,-1,1,0,1,-1,0,0,0,0,-1,0,0,0,0,1,0,0,0,1,0,-1,-1,-1,-1,0,1,0,0,0,0,0,-1,-1,0,0,1,0,0,0,1,0,0
1150,0,0,0,0,1,-1,1,0,-1,-1,0,1,-1,0,0,0,0,0,0,-1,1,0,0,0,-1,0,0,-1,-1,0,0,0,1,0,-1,0,1,-1,0,-1,0,0,0,-1,0,0,0,-1,0,0,0,0,0,1,0,0,-1,0,1,0,0,0,0,1
1151,0,0,0,-1,0,1,-1,0,0,0,0,1,0,0,0,0,1,0,1,0,-1,0,0,0,0,-1,0,1,-1,-1,0,0,1,0,0,-1,1,1,0,0,1,1,0,0,1,-1,-1,0,0,-1,0,0,0,0,0,0,-1,-1,0,0,0,-1,0,1
1152,0,0,-1,0,0,0,1,1,1,0,-1,0,1,0,0,0,0,0,1,0,1,-1,1,0,0,0,0,1,1,0,0,0,0,-1,0,0,0,-1,0,1,1,0,0,0,1,0,0,0,0,0,0,1,0,0,-1,1,0,0,0,1,0,0,0,-1
1153,0,0,0,1,-1,0,0,0,-1,-1,0,0,1,0,1,0,0,0,0,0,0,0,0,0,0,-1,0,1,0,0,0,0,0,0,0,0,1,1,0,0,1,1,0,-1,-1,0,-1,1,0,0,-1,-1,1,1,0,0,0,0,0,0,0,0,0,0
1154,0,0,-1,1,0,1,0,0,-1,0,1,0,0,0,0,0,1,0,1,0,0,0,0,0,-1,0,0,0,0,0,0,0,0,0,0,0,0,0,0,-1,0,1,-1,0,0,-1,0,0,-1,-1,0,0,-1,0,0,0,1,0,0,-1,0,0,0,-1
1155,1,0,1,0,0,1,1,-1,0,0,0,0,0,-1,0,1,1,-1,0,0,0,0,0,-1,0,0,0,0,0,0,1,1,1,-1,0,1,-1,0,0,0,0,0,-1,1,1,-1,0,0,0,0,1,0,0,1,1,0,-1,0,0,0,-1,0,0,0
1156,0,1,-1,0,0,0,0,0,0,0,-1,1,0,0,0,0,0,1,1,0,0,0,0,1,0,0,0,0,1,1,0,-1,0,0,0,0,0,-1,0,0,0,0,0,0,0,0,0,1,1,0,0,0,0,1,0,0,0,0,0,1,-1,0,1,0
1157,0,0,1,0,0,-1,-1,0,-1,0,1,-1,0,0,0,0,-1,0,0,-1,0,-1,0,-1,-1,-1,0,-1,0,0,0,-1,0,0,1,0,-1,1,0,0,0,-1,0,0,0,0,0,-1,0,0,0,0,0,0,0,0,0,0,0,0,0,0,-1,1
1158,1,1,-1,0,-1,-1,0,-1,1,0,0,0,0,1,1,1,0,-1,0,1,1,0,0,1,0,-1,0,0,0,1,-1,0,-1,0,1,0,0,1,0,0,0,0,0,1,0,0,0,0,-1,-1,0,0,0,-1,0,1,-1,-1,0,1,0,1,0,1
1159,0,0,0,0,0,0,-1,0,-1,0,-1,0,0,0,1,-1,-1,0,1,0,0,1,0,0,1,0,0,0,0,-1,0,0,0,0,-1,0,0,0,0,0,-1,0,-1,0,0,1,-1,0,0,0,0,0,0,0,-1,0,0,0,1,0,0,1,0,-1
1160,-1,0,0,0,0,0,1,0,0,1,0,1,0,1,0,1,-1,0,0,0,-1,0,0,0,0,1,0,0,0,0,1,1,0,0,0,0,0,-1,-1,0,1,0,0,0,0,0,1,0,-1,0,1,1,1,0,1,1,-1,1,0,0,-1,-1,-1,0
1161,0,-1,-1,1,0,1,0,0,1,1,-1,0,0,-1,1,0,0,-1,0,0,0,0,0,0,0,0,-1,0,1,0,0,0,-1,-1,0,0,1,1,-1,1,0,0,-1,1,1,1,0,1,1,0,1,0,-1,0,0,0,1,0,1,1,-1,0,0,0
1162,0,0,1,0,0,0,1,0,0,0,1,-1,1,0,1,0,0,-1,0,0,-1,1,-1,0,0,0,0,-1,0,-1,0,0,0,0,0,0,0,0,0,1,0,0,-1,0,0,0,0,0,-1,1,1,1,-1,0,0,1,-1,-1,0,1,1,1,-1,1
1163,0,0,0,0,0,-1,0,0,1,1,0,-1,1,0,0,0,0,-1,1,0,0,0,0,0,0,0,0,1,0,0,0,0,0,0,0,0,0,0,-1,0,0,-1,0,-1,0,0,0,1,0,1,-1,1,0,0,0,0,-1,0,-1,0,0,0,0,0
1164,1,0,-1,0,0,0,1,0,0,0,0,0,0,-1,1,0,0,-1,0,1,-1,1,-1,0,0,0,0,0,0,-1,0,0,-1,0,0,0,0,-1,-1,0,0,0,0,0,1,0,1,-1,1,0,0,0,0,0,0,0,-1,0,0,1,0,-1,0,0
1165,0,0,0,0,0,-1,0,0,0,1,-1,0,0,0,0,0,0,1,1,0,0,0,0,0,1,0,0,0,0,0,1,0,0,0,1,1,-1,-1,0,0,0,1,-1,0,0,0,-1,1,0,0,0,-1,-1,0,1,0,1,0,1,0,0,0,-1,0
1166,0,0,0,0,-1,0,0,0,1,1,1,0,0,1,0,1,0,0,0,0,0,0,0,1,0,-1,0,0,0,0,0,0,0,0,-1,0,0,-1,0,0,-1,0,0,-1,-1,1,0,0,0,0,0,0,0,0,0,0,0,0,-1,0,0,-1,0,0
1167,0,-1,-1,1,0,0,0,0,1,-1,1,1,0,0,0,0,0,-1,1,0,0,0,0,0,1,1,0,0,0,0,0,-1,0,1,0,0,1,0,1,0,1,0,-1,0,0,-1,0,0,0,0,0,1,0,0,1,-1,-1,1,0,0,0,-1,-1,0
1168,0,0,1,0,0,0,0,0,0,-1,1,1,0,0,0,0,0,0,1,1,0,0,0,0,0,0,1,0,0,0,0,0,0,0,0,0,1,-1,0,0,1,0,0,0,0,0,1,-1,0,0,1,0,0,-1,1,1,0,0,0,0,1,0,0,0
1169,0,0,-1,0,1,0,-1,0,0,0,0,-1,0,0,0,0,1,0,0,1,0,-1,1,1,0,0,0,0,0,0,-1,1,1,0,0,-1,0,-1,0,-1,0,0,1,0,0,0,-1,-1,-1,0,0,0,0,1,0,0,1,0,0,1,1,1,1,-1
1170,-1,0,0,0,0,0,0,0,0,1,0,0,0,0,0,0,0,0,0,-1,-1,0,1,0,0,0,0,0,-1,0,0,1,0,0,0,-1,0,0,0,-1,0,0,1,0,0,0,-1,0,0,0,-1,0,1,1,0,0,0,0,0,0,-1,0,-1,0
1171,0,0,-1,0,0,-1,0,0,0,1,0,0,1,0,1,1,0,0,0,0,0,0,0,0,-1,0,-1,0,0,-1,-1,0,-1,1,-1,0,0,1,0,0,1,0,0,0,0,0,0,0,0,0,0,0,0,0,0,0,0,0,0,0,-1,-1,0,1
1172,-1,0,1,-1,0,1,0,-1,0,0,0,0,0,1,-1,0,1,1,0,0,1,0,-1,0,0,0,0,0,-1,-1,0,0,0,0,0,0,0,0,-1,0,0,0,0,-1,0,1,0,0,0,-1,1,1,0,1,0,1,0,0,0,0,1,0,1,0
1173,0,0,0,0,0,1,0,-1,-1,-1,0,-1,0,0,1,1,0,-1,0,1,0,-1,-1,0,0,1,0,-1,0,1,0,1,0,0,0,0,0,-1,-1,1,0,0,0,0,0,0,0,0,0,0,0,0,0,-1,0,1,0,0,0,0,-1,-1,0,0
1174,-1,0,0,0,-1,0,0,0,1,0,0,0,1,0,0,0,-1,0,0,-1,0,0,0,0,0,1,0,0,0,1,0,0,1,0,0,1,0,0,0,0,0,1,0,0,0,0,0,-1,-1,0,0,1,0,0,-1,0,0,0,0,0,1,1,1,0
1175,-1,0,1,1,0,0,0,0,-1,0,1,0,0,-1,0,-1,-1,1,0,1,0,0,-1,0,0,0,0,0,0,0,0,0,-1,0,-1,0,-1,0,0,0,0,0,-1,0,0,-1,0,-1,0,0,1,0,1,1,0,0,-1,-1,0,0,0,1,1,1
1176,1,1,0,0,-1,1,1,-1,0,0,0,0,0,1,1,1,0,0,0,0,0,0,0,1,0,0,0,0,-1,0,0,0,1,0,0,0,-1,1,0,-1,0,-1,-1,0,0,0,0,1,0,-1,1,0,1,-1,0,0,0,1,0,0,1,0,1,0
1177,0,0,0,-1,-1,-1,-1,0,0,0,1,0,0,0,0,0,0,0,0,0,1,0,0,0,0,0,0,-1,0,0,0,0,1,1,1,1,0,0,0,0,0,1,0,0,-1,0,0,0,-1,-1,0,0,1,1,0,-1,0,1,1,1,1,-1,0,1
1178,0,1,0,-1,0,0,0,0,1,0,0,1,0,0,0,1,0,0,-1,0,0,0,0,0,0,0,0,0,0,0,1,0,0,0,0,0,1,0,-1,1,0,1,0,0,1,0,1,1,0,-1,0,0,-1,0,0,-1,0,1,1,0,0,-1,0,0
1179,0,-1,0,0,0,1,0,1,0,0,0,-1,1,0,0,0,0,0,0,1,0,0,0,0,0,0,1,0,0,1,1,0,0,-1,1,0,-1,-1,0,0,0,0,0,0,1,0,-1,0,0,0,0,1,-1,-1,0,0,1,0,-1,0,0,0,0,0
1180,0,0,0,0,1,1,-1,1,0,1,0,0,0,0,1,1,0,0,1,0,-1,1,0,1,0,0,1,0,1,0,0,0,1,-1,0,1,0,0,0,0,0,0,0,1,0,1,1,0,1,0,1,1,0,-1,0,0,0,0,1,1,0,0,0,1
1181,0,0,-1,1,1,-1,0,0,-1,1,1,0,0,0,-1,0,0,0,-1,0,-1,0,0,-1,1,1,0,1,0,0,0,0,-1,-1,0,0,0,0,-1,0,0,0,0,1,0,-1,0,0,0,0,-1,0,0,0,0,0,1,0,0,0,0,0,0,0
1182,1,0,0,0,0,-1,-1,0,0,0,1,0,-1,0,1,0,-1,0,0,0,0,0,1,0,1,0,0,0,0,1,0,0,0,0,0,-1,0,0,-1,1,0,0,0,0,1,0,0,0,0,0,1,0,0,0,-1,0,0,0,1,-1,-1,-1,0,0
1183,1,0,0,0,0,-1,0,0,-1,0,1,1,0,0,0,0,1,1,0,1,-1,0,0,0,0,0,0,1,0,0,0,0,0,-1,0,0,1,1,0,0,1,0,0,-1,1,0,1,0,-1,1,0,0,0,0,-1,0,1,0,-1,1,0,0,1,0
1184,0,-1,0,1,0,1,0,0,0,0,1,0,0,-1,0,1,-1,-1,0,1,0,0,0,0,0,0,0,1,0,1,1,0,0,0,0,0,0,-1,0,1,0,0,0,0,0,0,0,-1,-1,0,1,-1,1,0,-1,1,0,0,0,0,0,0,0,-1
1185,0,0,0,1,0,1,1,0,0,1,0,0,0,-1,0,0,-1,0,0,1,0,0,0,0,-1,0,0,0,0,0,0,0,0,0,0,0,0,0,0,-1,-1,0,0,0,0,0,0,0,0,0,0,-1,0,1,0,1,0,0,-1,-1,0,0,0,1
1186,0,1,0,-1,1,0,0,1,-1,0,0,0,-1,-1,0,0,-1,-1,0,0,0,0,1,0,0,0,0,0,0,0,0,0,0,0,0,1,0,0,0,0,0,0,0,1,1,-1,0,0,0,0,0,0,0,-1,0,0,0,1,1,-1,0,1,0,-1
1187,0,0,1,0,-1,0,0,1,-1,0,0,0,0,0,0,0,0,0,0,-1,0,0,-1,-1,-1,0,0,0,0,-1,1,1,1,0,0,0,0,-1,0,0,1,0,0,0,0,0,-1,1,1,0,0,0,0,0,0,0,1,0,1,-1,0,0,0,0
1188,0,0,0,0,0,0,-1,0,0,0,0,0,1,0,0,1,0,1,0,0,0,0,0,-1,0,0,0,-1,0,1,0,1,0,0,1,0,0,1,0,0,1,0,0,0,0,0,0,1,0,1,0,-1,0,-1,0,0,-1,0,-1,0,0,0,1,0
1189,-1,0,0,0,0,0,0,0,0,1,0,-1,0,0,-1,0,0,0,1,0,0,1,0,0,0,-1,0,0,0,-1,0,-1,0,0,-1,-1,-1,0,0,0,0,0,1,0,-1,1,1,0,0,0,0,0,0,0,1,0,1,0,-1,0,0,-1,-1,-1
1190,0,0,0,0,0,0,1,-1,1,0,1,1,0,0,-1,0,0,0,1,0,0,-1,0,1,0,0,1,0,0,0,0,0,-1,0,-1,0,-1,0,0,0,1,1,0,-1,0,0,-1,0,1,0,-1,0,0,-1,0,0,0,0,0,0,0,1,-1,-1
1191,0,1,1,1,0,0,0,0,0,0,1,0,0,-1,0,0,0,0,0,0,1,1,-1,0,-1,0,0,-1,0,-1,0,0,0,0,0,0,1,1,1,0,-1,0,0,0,1,0,0,0,0,0,1,-1,-1,-1,0,-1,-1,0,0,0,1,-1,0,-1
1192,0,0,0,-1,0,0,0,0,-1,-1,0,0,0,0,0,0,0,0,0,0,-1,0,0,0,0,1,0,0,0,0,0,0,0,0,-1,-1,0,0,0,0,0,1,0,0,1,0,0,1,0,0,1,0,0,0,0,-1,1,0,0,1,-1,0,0,0
1193,0,-1,0,0,0,0,1,0,0,0,0,1,0,-1,0,0,1,0,0,-1,0,0,0,1,1,0,0,1,0,0,0,0,-1,0,-1,0,0,0,0,-1,-1,0,0,-1,0,0,-1,0,0,0,0,-1,0,0,0,0,0,0,1,0,0,0,0,0
1194,0,0,0,-1,0,-1,0,0,0,0,0,0,0,0,0,-1,-1,0,-1,0,0,0,0,0,0,0,-1,0,0,0,-1,0,0,0,0,0,1,0,1,1,0,0,0,0,0,0,0,1,-1,-1,0,0,0,0,0,1,0,0,0,0,0,1,0,0
1195,0,0,1,0,-1,0,0,-1,0,0,0,-1,1,-1,0,0,0,-1,0,0,0,0,0,0,0,-1,0,0,0,0,-1,0,-1,1,-1,0,1,0,-1,-1,-1,0,0,0,0,-1,-1,0,0,0,-1,0,0,0,0,0,0,0,1,1,0,0,1,0
1196,0,0,-1,1,-1,0,0,-1,-1,-1,0,0,0,-1,0,0,0,1,0,0,0,0,0,0,-1,0,1,0,-1,-1,0,0,0,0,0,0,0,-1,0,0,1,1,0,-1,1,1,0,1,0,1,-1,0,0,0,0,0,1,-1,0,0,0,0,0,-1
1197,-1,0,0,0,0,0,-1,0,0,0,-1,0,-1,-1,0,1,0,1,0,-1,0,0,0,0,0,1,0,-1,-1,0,0,0,-1,0,-1,-1,0,0,0,-1,1,-1,0,0,0,0,0,0,1,-1,-1,0,1,0,0,0,0,0,0,0,0,0,1,0
1198,0,0,0,0,0,0,0,0,1,-1,1,0,-1,0,0,-1,0,0,1,-1,-1,0,0,-1,-1,0,0,-1,1,0,1,0,-1,0,0,0,-1,0,-1,1,0,0,0,1,0,0,0,1,0,0,-1,-1,0,0,0,0,0,0,0,0,0,-1,0,0
1199,0,0,0,1,0,0,0,0,0,-1,-1,-1,1,0,1,1,0,0,0,0,0,0,0,0,0,0,0,0,0,0,1,0,0,0,0,0,0,1,0,0,0,0,0,0,1,-1,0,1,-1,0,-1,0,0,0,0,0,0,0,0,0,1,0,0,1
1200,0,0,0,0,1,-1,-1,0,-1,0,0,0,0,0,1,0,0,1,0,-1,0,1,0,0,0,-1,0,-1,0,0,0,-1,0,0,0,0,0,1,0,-1,-1,0,0,-1,0,0,0,-1,0,0,0,-1,-1,0,0,-1,0,0,1,1,0,1,-1,0
1201,1,0,0,0,0,-1,0,0,0,1,0,0,0,0,1,1,0,0,0,0,0,0,-1,-1,1,1,0,1,0,0,1,-1,0,-1,0,1,1,1,0,-1,0,0,0,0,1,-1,0,0,0,0,0,-1,0,0,0,0,0,0,0,1,0,1,-1,-1
1202,1,0,1,0,0,0,0,0,0,0,-1,-1,0,1,0,0,0,0,0,-1,0,-1,-1,1,1,1,0,0,0,1,0,0,0,0,0,0,0,0,1,1,0,0,0,-1,-1,0,-1,-1,1,0,0,0,1,-1,0,1,-1,-1,0,0,0,0,0,0
1203,0,0,0,0,0,0,0,0,0,0,0,0,-1,-1,0,0,0,0,0,-1,0,0,0,1,0,0,-1,0,0,0,0,1,1,0,-1,0,0,1,1,-1,0,0,0,0,0,-1,0,0,-1,1,1,1,0,0,-1,1,0,0,0,1,0,0,0,0
1204,0,1,-1,0,0,0,-1,0,0,1,0,0,0,1,0,-1,0,0,0,0,0,1,0,0,0,1,0,0,1,0,0,0,0,0,0,1,0,0,1,0,-1,-1,-1,0,1,0,0,0,0,-1,0,0,0,0,0,0,0,-1,0,-1,0,0,0,0
1205,0,1,1,-1,0,0,0,-1,-1,0,0,0,0,0,0,-1,0,0,0,0,0,0,1,0,0,0,-1,-1,-1,0,0,0,0,0,-1,0,0,0,0,0,0,-1,-1,0,0,0,0,1,-1,0,0,1,0,0,-1,0,1,1,0,0,0,0,-1,0
1206,0,0,-1,0,0,1,0,0,-1,1,-1,0,0,0,0,0,0,0,0,1,0,0,-1,0,0,0,0,-1,1,0,0,0,0,0,0,0,0,0,0,0,0,0,1,0,0,1,1,0,0,0,0,0,-1,-1,0,-1,0,0,0,0,0,0,0,0
1207,1,0,0,-1,0,0,0,1,1,0,0,-1,0,0,0,0,0,0,0,0,0,0,0,0,0,0,0,0,0,0,0,0,-1,0,0,0,1,-1,0,0,-1,-1,0,0,0,1,-1,0,1,1,0,-1,0,0,1,0,0,0,0,-1,1,0,0,0
1208,0,0,0,-1,0,-1,0,-1,0,-1,0,0,-1,1,1,1,0,0,0,0,0,0,1,1,0,0,0,0,-1,0,0,1,1,0,0,1,0,1,-1,0,0,0,1,0,0,0,0,0,0,1,0,-1,0,-1,0,0,-1,0,-1,-1,0,-1,0,0
1209,0,0,0,0,0,1,0,0,0,0,1,0,1,0,0,-1,0,0,0,0,-1,1,0,0,0,-1,0,1,-1,-1,0,-1,0,0,1,1,-1,0,0,1,1,0,0,0,1,0,0,0,-1,0,0,0,0,1,1,0,1,0,1,1,0,1,0,0
1210,0,-1,0,0,0,0,1,0,0,0,-1,-1,-1,-1,0,0,0,0,1,0,0,0,-1,-1,0,1,0,0,0,-1,0,0,0,-1,0,0,1,0,0,1,0,0,0,0,0,1,0,0,0,-1,1,1,1,0,1,0,0,0,0,-1,0,1,0,0
1211,0,1,-1,0,-1,0,0,0,0,0,0,0,0,0,-1,-1,0,0,0,0,-1,0,0,-1,0,-1,0,-1,0,0,0,0,0,0,-1,-1,0,0,0,1,0,0,0,0,0,0,-1,0,0,0,0,0,0,0,1,0,-1,0,1,0,0,0,0,0
1212,1,0,0,0,0,0,0,0,1,0,0,0,1,0,-1,1,0,1,0,-1,0,0,0,0,0,1,1,1,0,0,0,0,-1,0,0,-1,0,0,1,0,1,0,0,0,0,0,0,0,0,0,1,1,-1,0,-1,0,0,0,0,0,0,-1,0,0
1213,0,0,0,-1,0,-1,0,0,0,0,0,0,-1,-1,1,0,0,0,0,0,0,0,0,0,-1,1,-1,0,0,-1,0,0,0,1,1,0,0,0,0,0,0,0,1,0,-1,0,0,-1,0,1,0,0,1,0,0,0,0,0,0,1,0,-1,0,0
1214,0,0,0,0,1,1,0,0,0,0,-1,0,1,1,0,1,0,1,0,-1,0,-1,0,0,1,1,0,0,-1,0,1,0,1,0,-1,1,-1,0,-1,0,1,0,0,0,0,1,0,0,0,0,0,0,0,0,0,0,0,-1,0,-1,0,0,0,-1
1215,0,0,0,1,0,0,1,0,0,0,0,0,0,0,-1,1,0,0,0,0,0,0,0,0,0,-1,-1,0,0,0,-1,0,1,0,0,0,-1,0,0,0,0,0,1,0,0,0,-1,0,-1,0,1,0,0,1,-1,-1,0,0,-1,-1,0,0,0,1
1216,0,0,1,0,1,0,0,0,0,0,0,0,0,0,1,0,-1,-1,0,0,1,0,0,0,-1,1,0,0,0,0,0,-1,0,0,0,0,0,0,0,0,0,0,0,0,0,0,0,0,0,0,0,1,0,0,1,0,0,0,0,0,0,0,1,0
1217,0,0,0,0,0,-1,0,0,1,0,0,0,0,0,0,0,0,0,-1,0,0,1,0,0,0,-1,-1,0,0,1,0,0,0,0,0,0,0,0,0,1,-1,0,0,0,0,0,1,0,1,0,0,0,1,1,1,0,0,-1,-1,-1,1,-1,0,0
1218,0,0,1,0,0,0,0,0,0,0,1,-1,-1,0,0,0,-1,0,1,0,0,0,0,-1,0,0,0,0,-1,0,0,0,1,-1,0,0,0,0,0,0,0,1,0,0,0,0,1,0,-1,0,0,1,0,1,0,0,0,0,0,0,-1,1,0,1
1219,0,0,1,1,1,0,1,0,-1,1,-1,0,0,0,0,0,1,0,1,-1,0,0,0,0,0,0,0,-1,-1,0,0,-1,0,1,0,0,0,1,0,0,0,0,0,0,0,0,0,0,1,1,0,0,0,0,0,0,0,1,0,-1,0,0,0,0
1220,0,1,0,-1,-1,1,-1,0,0,-1,0,0,0,1,-1,-1,0,-1,-1,1,1,-1,-1,0,0,0,0,-1,-1,0,1,0,0,-1,-1,0,0,0,1,-1,0,0,1,0,0,0,0,0,0,-1,1,0,1,0,-1,0,1,0,1,0,0,-1,0,-1
1221,0,0,0,0,0,0,0,0,0,1,0,1,-1,0,0,-1,-1,0,0,0,1,1,0,0,1,-1,0,-1,0,1,-1,-1,0,1,0,0,0,0,0,0,0,0,1,0,0,-1,-1,0,0,-1,1,-1,0,0,-1,0,0,0,0,0,0,0,1,0
1222,0,0,0,0,0,-1,0,0,1,-1,-1,0,0,0,-1,-1,1,-1,0,0,0,0,0,0,1,0,0,0,0,1,-1,0,1,1,0,-1,0,0,-1,0,0,1,0,0,0,0,0,1,-1,0,1,0,0,0,-1,0,0,1,0,0,1,0,0,1
1223,-1,1,1,-1,0,0,0,0,0,-1,0,0,1,0,0,-1,1,0,1,0,0,0,1,-1,0,0,0,1,0,0,0,0,0,0,0,0,1,0,0,0,0,0,0,1,0,0,-1,0,-1,1,-1,1,1,0,0,1,1,0,0,-1,-1,-1,0,0
1224,-1,0,1,-1,0,0,0,0,0,1,0,0,0,0,0,0,0,0,0,0,0,0,1,0,0,0,0,-1,0,0,0,0,0,0,0,0,0,-1,-1,0,0,0,0,0,0,1,0,1,-1,0,-1,0,1,1,0,-1,0,0,0,0,0,0,-1,0
1225,0,0,0,-1,0,0,1,1,0,0,-1,1,0,0,1,0,1,-1,0,0,0,0,0,1,1,0,1,0,-1,0,1,0,0,0,0,-1,0,-1,0,0,0,0,-1,-1,0,0,0,0,-1,0,0,0,0,0,1,0,1,1,0,0,0,-1,0,-1
1226,0,1,0,-1,0,0,0,0,-1,-1,-1,0,0,0,0,0,0,1,-1,0,0,1,0,-1,0,0,0,0,1,0,1,0,0,0,-1,0,-1,-1,1,0,0,-1,0,0,0,0,0,0,0,-1,1,0,0,1,0,-1,-1,1,-1,0,-1,0,0,1
1227,0,0,0,1,-1,-1,0,0,0,0,0,1,0,0,0,0,-1,0,0,0,-1,-1,0,0,0,-1,1,1,-1,0,0,0,1,1,1,0,0,0,0,0,-1,1,0,0,0,0,1,0,1,0,-1,0,-1,-1,0,-1,1,0,0,0,-1,1,0,0
1228,-1,0,0,0,0,-1,0,-1,1,1,-1,0,0,0,-1,0,0,1,0,0,0,0,0,0,0,0,0,0,0,1,-1,1,0,1,0,0,1,1,0,0,1,0,0,0,0,1,0,0,0,1,0,0,1,0,0,0,0,0,0,0,1,0,1,1
1229,1,1,0,0,1,0,-1,1,1,0,1,0,0,-1,0,-1,0,1,0,0,0,-1,-1,1,0,1,0,-1,0,0,0,-1,0,1,0,0,0,1,-1,0,1,-1,-1,0,-1,0,0,0,0,1,0,0,1,0,0,0,0,1,1,0,1,0,-1,0
1230,0,0,0,0,0,0,-1,1,-1,0,1,0,0,0,0,-1,-1,0,0,0,0,0,1,0,0,0,0,0,1,0,-1,1,0,0,-1,0,1,1,-1,0,0,0,1,0,-1,-1,0,0,-1,0,0,0,0,0,0,0,1,0,0,0,0,0,0,-1
1231,0,0,-1,0,0,0,0,0,1,0,0,0,1,0,0,0,0,1,0,-1,0,-1,-1,-1,0,0,0,0,0,0,0,-1,0,0,1,1,1,0,0,-1,-1,0,1,0,-1,0,0,-1,1,-1,0,0,1,0,0,1,1,-1,0,0,1,1,0,-1
1232,0,0,1,-1,0,-1,-1,0,0,0,0,1,-1,-1,0,0,-1,0,0,0,-1,-1,0,0,0,0,1,0,1,1,0,1,1,0,0,-1,0,-1,1,0,0,0,0,0,-1,0,0,-1,0,0,0,-1,0,1,0,0,0,0,0,0,-1,1,-1,0
1233,0,0,0,1,0,0,1,0,0,0,1,0,0,0,0,0,-1,0,0,0,0,1,0,0,0,1,0,-1,-1,-1,0,1,0,0,-1,1,-1,0,0,1,1,0,0,0,0,0,0,1,-1,-1,0,0,0,0,-1,-1,0,0,-1,0,0,0,0,-1
1234,1,0,1,0,0,-1,0,0,0,0,0,0,-1,1,0,1,0,1,1,0,1,0,1,0,0,1,0,0,-1,0,0,0,1,0,0,0,0,0,0,-1,0,0,1,1,0,1,0,0,0,-1,1,0,-1,-1,0,1,0,-1,0,-1,0,-1,0,-1
1235,1,0,-1,0,0,1,0,-1,0,0,1,0,0,-1,0,0,0,0,-1,0,0,0,0,0,0,0,1,0,-1,0,0,-1,0,0,0,0,0,0,0,0,1,0,1,1,0,0,0,0,1,0,0,-1,0,0,0,-1,0,0,0,0,0,0,0,0
1236,0,0,0,0,-1,-1,0,0,0,0,0,1,0,0,0,0,0,-1,0,0,0,0,0,1,0,0,0,1,0,1,0,0,0,0,0,0,0,0,0,1,0,0,0,1,0,0,0,0,0,0,0,1,0,0,0,0,1,-1,0,-1,0,0,1,0
1237,-1,0,-1,0,0,0,1,0,1,1,0,-1,1,0,-1,0,0,0,1,0,0,1,1,1,0,1,-1,0,0,0,1,0,0,0,0,0,0,-1,0,0,-1,0,0,0,1,-1,-1,1,0,1,0,0,0,-1,1,0,0,0,0,0,0,0,0,0
1238,1,0,0,-1,-1,-1,1,0,0,1,0,0,0,1,0,-1,0,1,0,0,0,-1,-1,0,0,0,0,1,-1,1,-1,0,1,1,0,0,0,0,0,0,-1,0,0,0,0,0,1,1,0,0,0,0,-1,1,0,-1,0,0,0,-1,0,0,0,0
1239,0,0,-1,-1,1,0,1,0,0,1,0,0,0,0,0,0,0,1,0,0,0,0,-1,0,0,0,0,-1,0,1,-1,0,-1,0,-1,1,0,0,-1,1,0,0,0,0,0,0,0,0,0,0,1,0,0,1,0,0,0,0,0,0,0,1,-1,0
1240,0,-1,0,-1,1,0,0,0,0,0,0,0,0,1,0,1,1,0,1,0,0,0,0,0,0,-1,0,0,1,0,0,0,0,0,0,0,0,0,0,0,-1,0,0,0,0,0,1,0,1,0,-1,0,0,0,0,-1,0,1,0,0,0,0,0,1
1241,1,0,0,0,0,1,1,1,0,0,1,-1,0,0,0,-1,0,1,0,0,-1,-1,0,-1,0,0,1,-1,0,-1,0,1,0,1,-1,0,0,-1,0,0,-1,0,0,0,1,0,0,0,0,1,0,0,-1,-1,-1,0,0,0,1,0,0,0,-1,0
1242,0,0,0,1,1,1,0,1,0,0,0,0,-1,0,-1,-1,1,-1,0,0,0,0,0,-1,0,-1,0,1,0,0,0,0,0,0,0,0,0,1,0,0,0,0,-1,0,0,0,0,0,0,0,0,-1,0,-1,0,1,0,1,0,-1,0,0,0,-1
1243,0,0,0,1,0,-1,0,0,0,0,0,0,0,0,0,-1,-1,0,0,0,1,0,0,0,1,0,0,0,1,0,0,0,0,0,-1,1,0,0,0,0,0,-1,0,0,0,0,0,-1,-1,-1,0,0,1,0,0,0,-1,0,0,0,1,1,0,1
1244,0,-1,-1,0,-1,-1,0,0,1,0,0,0,0,1,0,0,0,1,0,0,-1,1,0,0,-1,-1,0,0,0,1,-1,1,1,0,0,0,0,0,0,0,0,0,1,-1,1,0,-1,0,0,0,0,1,-1,0,0,0,0,1,0,0,0,0,0,1
1245,1,0,1,0,-1,0,0,0,0,0,0,0,0,1,0,1,-1,0,0,0,1,0,0,-1,1,0,0,0,-1,-1,0,-1,1,0,0,1,0,0,0,0,0,0,0,-1,0,0,0,-1,0,0,1,0,0,0,0,1,-1,-1,0,1,0,0,0,-1
1246,-1,0,-1,0,0,-1,1,1,-1,0,-1,0,-1,0,0,1,0,0,0,0,0,0,0,0,0,-1,0,0,0,0,0,0,0,1,0,-1,1,1,0,0,1,1,0,1,1,-1,-1,0,0,1,0,1,0,0,0,-1,0,0,0,1,-1,0,1,0
1247,0,0,0,1,0,1,0,0,0,0,0,-1,0,0,-1,1,1,-1,0,0,1,0,1,1,0,0,0,0,0,-1,0,0,0,0,-1,0,0,0,0,0,1,0,0,0,0,0,0,0,1,-1,0,-1,1,0,-1,0,0,0,0,0,0,0,0,0
1248,0,0,1,0,0,1,0,0,0,0,0,0,0,1,0,0,0,1,0,0,-1,-1,-1,1,0,0,1,0,0,0,0,0,1,0,0,0,0,0,1,1,-1,1,0,0,0,0,0,0,0,0,0,-1,1,0,0,1,-1,0,0,0,0,-1,0,0
1249,0,0,-1,0,-1,0,-1,0,0,0,1,0,0,0,0,1,0,-1,0,1,0,0,0,0,0,0,-1,1,0,1,0,0,0,0,0,1,-1,0,0,0,0,0,0,0,-1,-1,0,0,0,1,0,0,0,1,0,1,1,1,0,0,0,1,0,0
1250,0,0,1,-1,0,1,-1,0,0,0,0,0,-1,0,0,0,-1,0,0,-1,0,0,-1,0,0,0,-1,0,0,0,0,0,0,0,0,0,1,0,0,-1,0,0,0,0,0,1,0,0,0,0,0,0,1,0,0,0,0,-1,0,0,0,-1,-1,0
1251,0,0,0,0,-1,0,0,0,0,-1,-1,0,0,-1,-1,0,0,0,0,0,0,0,0,0,1,-1,0,0,0,0,0,0,0,0,-1,0,0,0,0,-1,0,0,0,-1,0,0,1,0,0,0,0,0,-1,0,0,-1,0,0,0,0,-1,0,-1,-1
1252,0,0,0,1,1,0,-1,0,-1,0,-1,-1,-1,1,-1,0,1,-1,-1,0,0,0,0,0,0,0,0,-1,0,0,1,0,-1,0,0,-1,0,0,-1,1,0,0,0,0,1,-1,-1,1,1,0,0,0,0,0,-1,0,0,-1,0,0,-1,1,0,0
1253,1,0,-1,0,0,0,-1,0,0,0,0,0,0,0,-1,0,-1,0,0,0,0,0,0,-1,0,1,0,0,-1,0,-1,0,0,-1,-1,0,-1,0,0,0,1,0,0,-1,1,1,-1,-1,0,-1,0,0,0,0,0,-1,0,-1,0,0,-1,0,-1,0
1254,0,0,0,0,0,-1,1,0,-1,0,1,0,0,0,-1,-1,0,0,-1,-1,0,1,0,0,0,0,-1,0,0,0,0,-1,0,0,0,1,-1,-1,0,-1,0,0,0,0,0,1,0,1,0,1,0,-1,1,0,0,0,-1,0,-1,1,-1,0,0,0
1255,0,0,0,-1,1,0,0,-1,0,1,-1,0,0,1,1,0,0,-1,0,0,-1,0,0,0,-1,1,0,0,0,1,0,0,1,-1,0,-1,0,0,-1,0,1,1,0,0,0,0,1,0,0,0,0,0,-1,1,0,1,-1,0,-1,-1,0,0,-1,0
1256,1,0,0,0,-1,0,1,0,-1,0,1,1,0,0,0,1,0,-1,0,0,0,0,0,0,0,0,0,0,0,0,0,0,0,0,0,0,0,1,0,-1,0,0,1,0,1,1,-1,0,-1,0,0,-1,1,0,0,1,0,-1,-1,0,0,1,1,1
1257,1,0,0,1,0,0,-1,0,-1,0,0,0,0,0,0,0,0,0,0,1,0,0,0,1,0,0,1,0,0,0,1,0,1,0,0,1,-1,1,0,0,0,0,0,0,0,0,0,0,0,-1,1,0,0,0,0,0,1,0,0,0,-1,0,0,0
1258,1,0,0,0,0,0,-1,0,0,0,1,1,0,0,1,0,0,-1,0,1,1,0,0,0,-1,0,0,0,0,0,-1,0,0,1,0,-1,0,0,-1,1,0,0,-1,0,0,1,0,1,0,0,0,0,1,0,0,1,0,0,0,-1,0,0,0,0
1259,0,0,0,0,-1,1,0,0,-1,0,0,-1,0,0,-1,1,0,0,0,0,-1,0,-1,0,0,-1,-1,0,1,0,0,1,0,1,0,0,0,0,0,0,0,0,1,0,0,0,1,0,0,0,0,1,0,0,0,0,-1,1,0,0,1,0,0,0
1260,0,0,0,0,1,0,0,0,0,1,0,0,0,0,0,1,0,0,0,0,0,0,1,0,0,0,0,0,0,0,0,0,-1,0,0,1,0,-1,0,1,0,1,1,0,0,0,0,-1,1,0,0,0,1,-1,0,-1,0,1,0,0,0,1,0,1
1261,0,0,0,0,0,0,0,-1,0,0,0,0,0,0,0,0,0,0,0,0,-1,1,0,0,0,0,1,-1,0,-1,0,0,0,0,1,-1,1,0,-1,1,-1,0,1,0,1,-1,0,0,-1,1,0,1,0,0,0,-1,-1,-1,0,1,0,-1,0,0
1262,0,0,1,0,0,0,0,-1,1,0,1,1,0,-1,0,0,0,0,0,-1,0,1,0,0,1,-1,0,0,0,0,0,0,0,1,1,0,0,0,1,-1,0,1,0,0,0,0,0,0,0,0,-1,0,0,1,-1,1,0,0,0,0,0,0,-1,0
1263,0,0,-1,0,0,0,0,0,1,1,-1,1,-1,-1,1,0,1,1,-1,1,1,0,0,0,0,0,-1,0,0,0,0,1,1,0,0,0,1,-1,0,0,0,0,0,1,1,1,1,0,0,0,-1,0,0,0,0,0,0,0,0,0,0,0,-1,1
1264,0,0,0,0,0,1,1,0,-1,0,0,0,0,0,-1,0,1,-1,1,0,0,0,1,0,-1,0,-1,0,0,0,1,0,1,0,0,1,0,0,0,0,0,0,0,1,0,0,-1,1,1,-1,0,-1,1,0,0,-1,-1,0,0,0,0,0,0,0
1265,-1,0,0,0,0,0,1,0,0,0,0,0,0,0,-1,0,0,1,0,-1,0,0,0,-1,1,-1,1,1,1,-1,0,0,0,0,0,0,-1,1,0,-1,0,0,1,0,0,0,0,0,0,0,0,0,0,-1,1,1,0,0,0,0,1,1,1,0
1266,0,0,0,0,-1,1,0,0,-1,0,0,1,0,0,1,0,0,0,-1,0,-1,-1,0,1,0,0,0,0,0,0,0,0,0,-1,-1,0,0,0,1,-1,0,0,-1,-1,0,0,0,0,1,0,0,1,0,0,-1,1,0,1,0,-1,0,1,1,0
1267,0,-1,0,-1,0,0,-1,0,-1,0,0,0,1,0,0,-1,-1,0,-1,0,0,-1,0,1,-1,1,-1,1,-1,-1,-1,1,0,0,0,1,0,0,1,0,1,-1,-1,0,0,0,-1,0,0,0,1,0,0,1,0,-1,-1,1,0,0,0,0,0,0
1268,0,-1,0,0,0,1,1,-1,-1,1,-1,-1,0,1,0,0,0,-1,0,1,-1,0,0,0,-1,0,0,-1,0,-1,0,1,0,1,0,-1,-1,-1,0,0,0,0,0,0,0,0,-1,1,0,0,0,1,0,1,-1,0,0,0,-1,0,0,0,-1,-1
1269,0,0,-1,0,0,0,1,0,0,0,0,0,0,0,-1,0,-1,0,-1,0,0,0,0,1,1,0,0,-1,0,-1,-1,0,1,1,0,0,-1,-1,-1,-1,1,-1,0,0,-1,0,0,1,0,-1,1,0,0,0,0,0,0,0,0,1,1,0,0,0
1270,-1,0,0,0,-1,0,0,0,1,0,0,0,0,0,1,-1,0,-1,1,1,-1,0,0,0,-1,0,0,0,0,0,0,0,1,0,0,0,-1,0,-1,0,-1,0,0,0,0,0,0,0,0,-1,0,0,0,0,0,0,0,0,0,0,-1,0,-1,0
1271,0,0,1,0,0,0,0,0,0,-1,0,0,-1,-1,0,-1,0,-1,1,0,-1,-1,-1,0,0,1,0,0,0,0,-1,-1,-1,0,-1,0,1,0,0,0,0,0,-1,0,-1,-1,0,-1,0,0,0,0,1,0,0,0,0,1,0,0,0,0,0,0
1272,0,-1,0,0,0,0,0,0,-1,-1,0,-1,0,0,1,-1,0,0,0,0,0,0,1,0,0,0,0,0,0,0,0,0,-1,0,-1,-1,0,1,1,0,0,1,1,0,-1,0,0,-1,0,1,0,0,-1,0,0,1,-1,0,0,0,0,1,0,0
1273,0,0,0,1,0,1,0,0,-1,0,0,0,0,-1,0,0,0,-1,0,-1,0,-1,0,-1,1,0,0,0,1,0,-1,0,0,0,0,0,0,0,0,1,0,0,0,0,0,0,0,0,1,1,0,0,0,0,0,0,0,0,0,1,0,0,0,0
1274,0,-1,0,1,1,-1,1,0,0,0,0,1,-1,0,-1,0,0,-1,0,1,0,0,0,0,1,1,0,0,-1,0,-1,0,1,1,-1,0,1,0,-1,0,0,0,1,1,0,0,-1,0,1,0,0,1,1,0,0,0,0,0,-1,0,0,0,0,0
1275,0,0,0,0,0,-1,0,0,0,1,0,1,0,0,0,1,0,0,0,0,0,0,0,-1,1,1,-1,0,0,0,0,-1,0,0,0,0,0,0,0,0,-1,0,0,0,-1,0,0,-1,-1,0,1,0,1,0,0,1,0,0,0,0,0,0,1,0
1276,-1,0,0,1,0,0,-1,0,0,-1,-1,0,0,0,-1,0,0,0,1,0,-1,0,0,-1,-1,1,0,0,0,0,0,-1,-1,0,0,1,-1,1,0,0,0,0,0,0,0,0,0,0,0,-1,0,0,0,1,-1,1,0,0,0,0,0,1,0,1
1277,0,-1,0,1,0,0,0,-1,0,0,0,-1,1,-1,-1,0,0,-1,0,0,0,0,0,1,0,1,0,-1,1,-1,0,0,0,0,0,0,0,0,0,0,0,-1,0,0,0,0,1,0,1,0,-1,0,0,0,1,0,-1,1,0,0,0,0,1,1
1278,0,1,0,1,0,0,0,0,0,0,1,0,0,1,0,0,0,0,0,1,1,0,0,1,0,-1,1,0,0,1,0,0,1,0,0,-1,0,0,0,1,0,0,0,0,0,-1,0,0,1,0,0,0,0,1,0,0,0,0,0,0,1,0,0,0
1279,1,0,0,0,0,-1,0,0,0,0,0,0,0,0,0,-1,0,-1,0,0,0,1,1,-1,0,0,0,1,0,0,-1,-1,0,0,-1,-1,0,1,1,0,0,-1,0,-1,1,0,1,0,1,1,0,0,0,0,-1,0,0,1,0,0,-1,0,0,-1
1280,1,0,0,0,0,-1,1,0,0,0,0,0,0,1,0,0,0,0,-1,0,0,0,-1,1,1,0,0,1,0,-1,0,0,0,1,0,0,0,0,-1,0,-1,0,0,-1,0,1,0,1,0,-1,1,1,1,0,0,1,0,-1,0,0,0,0,0,1
1281,-1,-1,0,-1,0,1,0,0,1,1,0,1,1,0,0,0,0,0,0,0,0,-1,0,1,1,0,1,1,0,0,1,0,0,-1,0,0,0,0,0,-1,1,0,0,0,0,0,0,0,1,0,0,0,0,0,0,-1,0,1,1,0,-1,0,1,0
1282,1,-1,0,1,0,-1,0,0,0,0,-1,-1,0,0,-1,0,0,0,0,1,0,0,0,0,0,1,0,0,0,0,1,0,0,0,0,0,0,0,0,1,0,-1,0,0,1,1,1,0,0,0,-1,0,0,1,0,0,0,0,0,-1,1,0,0,-1
1283,0,-1,0,0,0,0,1,0,0,0,1,0,0,0,1,0,0,0,0,1,1,1,0,0,0,-1,0,1,0,0,-1,0,0,-1,-1,1,0,-1,-1,0,-1,0,-1,1,0,0,0,1,0,0,1,0,0,1,0,-1,0,0,-1,0,0,0,1,0
1284,0,1,0,1,0,0,1,0,-1,0,0,0,0,0,1,0,0,0,0,-1,-1,-1,0,0,0,-1,1,0,0,0,0,0,0,0,0,-1,-1,0,0,0,1,0,0,0,0,0,1,0,1,0,0,-1,0,0,-1,-1,-1,0,0,1,-1,0,0,1
1285,0,0,0,0,1,0,0,0,0,0,-1,-1,0,0,0,0,1,0,0,1,0,-1,1,0,-1,-1,0,-1,0,0,-1,0,0,0,0,0,0,1,1,0,0,0,0,0,0,0,0,-1,1,0,0,0,0,0,1,0,0,0,0,0,1,0,0,0
1286,0,1,0,-1,-1,0,0,0,0,0,0,0,0,0,0,0,0,0,1,1,0,0,0,0,1,0,0,0,1,0,1,0,0,0,0,0,0,0,0,-1,0,1,0,0,1,1,0,0,0,0,1,-1,1,1,1,-1,0,1,-1,-1,0,1,0,0
1287,0,0,0,0,0,-1,0,-1,0,0,0,0,1,0,0,0,-1,0,-1,-1,1,1,0,-1,-1,1,0,0,0,1,0,0,0,0,-1,0,0,0,0,0,-1,0,0,0,0,1,-1,0,0,0,0,-1,0,0,0,-1,0,0,0,0,-1,0,0,-1
1288,-1,-1,0,0,0,0,1,0,0,0,0,0,0,0,0,1,0,0,0,0,1,-1,1,-1,0,0,0,0,0,0,0,0,0,0,-1,0,0,-1,0,0,0,-1,1,0,1,0,0,1,0,0,-1,0,0,0,0,0,0,-1,1,-1,0,0,0,-1
1289,1,0,1,0,0,0,0,1,1,0,-1,0,-1,-1,1,0,0,-1,0,0,1,1,0,0,1,0,0,0,-1,0,-1,0,0,0,0,0,1,0,0,0,0,-1,-1,-1,-1,0,0,1,0,0,0,1,-1,0,0,0,1,0,1,0,-1,0,0,0
1290,0,-1,-1,0,0,0,-1,1,-1,0,0,-1,0,-1,0,0,1,0,0,0,0,1,0,0,0,-1,-1,1,0,0,0,-1,-1,0,-1,0,1,0,0,0,0,0,-1,0,-1,0,0,0,-1,0,1,0,0,0,0,0,0,0,1,-1,0,0,0,0
1291,0,-1,0,-1,0,0,0,1,0,0,0,1,0,0,0,0,1,0,-1,0,1,-1,0,-1,1,0,0,0,0,0,0,0,0,0,0,-1,0,0,0,0,0,0,0,0,0,0,0,1,1,1,0,0,0,0,0,1,0,0,0,1,1,0,0,0
1292,0,1,1,0,0,0,0,0,-1,0,1,1,0,1,1,0,0,1,0,-1,-1,-1,0,1,-1,0,0,-1,0,1,0,0,1,0,0,0,0,0,0,0,0,0,0,-1,1,0,-1,0,-1,1,0,-1,-1,0,1,0,0,0,-1,0,1,0,0,0
1293,0,0,0,0,1,1,0,0,0,0,1,-1,0,0,0,0,0,0,1,0,0,0,0,0,1,0,0,0,0,1,0,0,0,1,0,0,0,0,-1,0,0,1,0,0,0,0,0,0,-1,0,0,1,0,1,-1,0,0,0,-1,-1,0,0,0,0
1294,0,-1,0,0,0,0,0,0,0,0,0,0,-1,0,0,0,0,0,0,-1,0,0,1,0,0,0,0,1,1,0,0,0,0,0,0,-1,-1,0,0,0,0,0,-1,0,0,0,0,0,0,0,0,0,0,0,0,0,1,0,0,-1,0,0,0,0
1295,1,0,0,0,0,0,0,-1,-1,0,0,-1,0,0,0,-1,0,0,-1,0,0,0,0,1,-1,-1,0,-1,1,0,0,0,1,0,1,0,0,1,0,0,0,0,0,0,-1,0,0,-1,0,0,0,0,0,1,0,0,1,1,0,1,0,0,0,-1
1296,0,0,0,0,0,-1,0,0,-1,0,1,0,0,0,0,0,-1,1,1,0,0,-1,1,0,0,0,-1,-1,-1,0,1,0,0,0,0,0,0,0,-1,0,0,0,1,0,0,0,1,-1,0,0,0,0,0,0,-1,0,0,1,0,-1,1,1,0,0
1297,0,-1,0,0,0,0,0,1,0,0,0,1,1,1,1,0,0,-1,-1,0,0,0,0,0,0,1,0,0,1,0,-1,0,0,0,0,0,0,0,0,0,0,0,0,0,1,1,0,0,0,0,0,0,-1,0,0,0,0,0,0,0,0,0,0,1
1298,0,1,0,0,0,1,0,0,-1,0,0,0,0,1,0,0,0,0,0,1,-1,0,0,0,0,0,0,0,0,-1,-1,0,0,-1,1,1,1,0,0,0,0,0,0,-1,-1,0,0,0,0,0,0,1,-1,-1,0,0,0,0,0,-1,0,0,0,0
1299,1,0,1,0,0,0,-1,0,1,0,0,0,0,0,0,1,0,1,0,0,0,0,-1,0,0,-1,0,0,0,0,0,0,0,0,0,1,0,0,-1,0,0,0,0,0,-1,1,0,0,0,0,0,0,1,0,1,-1,0,-1,-1,1,-1,1,0,1
1300,0,0,0,0,0,0,0,0,0,1,1,-1,0,1,-1,0,0,0,0,1,1,0,0,0,1,0,-1,-1,0,0,0,0,1,0,0,1,-1,1,0,0,0,0,1,-1,1,-1,1,0,0,0,0,0,1,0,0,0,0,0,1,1,0,-1,0,0
1301,-1,-1,-1,0,0,-1,0,0,0,0,-1,0,0,0,0,1,0,0,1,-1,0,0,0,0,0,1,-1,0,0,0,-1,0,0,0,0,0,-1,0,-1,-1,0,0,1,-1,0,1,0,0,0,-1,0,0,1,-1,0,0,0,1,0,-1,0,0,1,1
1302,0,0,1,1,0,0,0,0,1,1,0,1,0,0,0,0,1,0,1,0,0,1,0,0,0,0,0,0,-1,0,0,0,0,0,0,0,-1,0,0,0,-1,0,-1,-1,-1,0,0,-1,1,1,-1,0,0,1,0,0,0,1,0,0,-1,-1,-1,0
1303,0,0,0,0,0,1,0,0,-1,0,0,0,0,0,1,0,0,-1,0,0,0,0,0,0,-1,0,0,0,0,-1,0,0,0,0,1,-1,-1,0,1,0,0,0,-1,0,0,0,0,0,0,0,0,0,0,1,0,-1,0,0,-1,-1,0,-1,-1,-1
1304,0,0,1,0,1,0,-1,1,1,0,1,0,0,0,0,0,0,0,1,0,0,0,1,0,-1,0,0,0,0,-1,-1,0,1,0,0,0,0,-1,0,0,-1,0,0,1,0,0,0,0,0,-1,0,1,0,0,0,0,1,1,0,0,0,-1,0,0
1305,0,0,0,1,1,0,0,0,0,0,1,-1,-1,-1,0,0,0,1,-1,0,0,0,0,0,0,0,0,0,1,-1,-1,-1,0,0,0,0,0,-1,0,1,1,0,1,1,1,0,0,0,1,0,0,1,0,0,0,-1,-1,0,-1,0,0,-1,1,-1
1306,0,0,0,0,0,-1,0,0,-1,0,0,1,1,1,0,0,1,0,1,0,0,0,0,-1,0,0,0,0,-1,0,-1,0,0,0,0,1,1,0,0,0,0,0,-1,1,1,0,0,0,0,-1,0,1,0,0,0,0,1,0,0,0,-1,-1,0,0
1307,0,0,0,-1,-1,0,1,0,0,0,0,0,1,0,0,-1,-1,0,0,0,-1,0,0,1,1,0,-1,0,0,0,0,0,1,0,0,-1,1,0,0,1,0,0,0,0,0,0,0,0,0,0,0,0,0,0,0,0,0,0,-1,0,1,0,0,0
1308,1,1,1,1,0,1,0,0,0,0,-1,0,0,-1,0,0,0,1,0,-1,0,-1,0,0,0,0,0,0,1,0,0,0,0,1,0,1,0,0,0,0,-1,0,0,1,0,0,0,0,0,0,0,0,1,0,1,-1,0,1,0,0,0,0,-1,0
1309,0,0,-1,-1,0,0,0,0,0,0,0,-1,0,1,1,0,0,1,1,0,0,-1,-1,1,1,1,-1,0,0,1,0,0,1,0,0,0,0,0,0,0,0,0,0,-1,0,-1,1,-1,1,1,0,0,0,1,0,0,0,-1,0,0,0,0,0,0
1310,0,0,-1,0,-1,0,0,0,0,0,0,0,1,0,1,0,0,0,0,-1,0,0,-1,0,0,0,0,0,0,1,0,0,0,0,0,0,0,-1,1,0,0,0,0,0,1,1,1,0,0,-1,0,0,0,0,1,0,0,1,0,0,0,0,0,0
1311,0,1,0,1,0,-1,1,0,0,0,0,1,0,-1,1,0,0,0,0,0,1,1,0,0,-1,0,0,-1,0,1,-1,-1,0,0,0,-1,0,0,1,0,0,0,0,0,0,0,-1,0,0,0,0,0,0,0,-1,0,-1,0,0,0,0,-1,0,1
1312,-1,0,-1,0,0,0,0,0,1,0,0,1,1,-1,-1,0,0,0,0,0,1,-1,0,0,1,0,0,1,-1,0,0,0,-1,1,1,-1,0,0,-1,0,1,0,0,0,0,0,0,0,0,-1,0,0,0,-1,0,-1,0,0,0,0,-1,-1,-1,1
1313,0,1,1,0,0,-1,0,1,0,0,1,1,-1,0,0,0,0,0,-1,0,0,-1,0,0,1,-1,0,1,0,0,0,1,-1,0,0,-1,0,-1,0,-1,0,0,0,0,0,0,0,0,0,0,0,0,0,0,0,0,-1,0,-1,-1,-1,0,0,1
1314,-1,0,0,0,0,0,0,0,0,0,0,0,1,0,0,0,0,0,0,0,1,0,0,0,-1,0,1,-1,0,0,-1,-1,0,0,1,0,0,0,-1,0,0,0,0,0,0,0,0,0,0,-1,-1,-1,0,1,0,0,0,0,0,-1,0,0,0,0
1315,1,0,0,0,0,0,0,0,0,-1,0,-1,0,-1,-1,-1,0,0,0,0,1,0,1,0,0,1,-1,-1,0,0,0,0,0,0,0,-1,-1,0,0,0,0,0,0,0,-1,0,-1,0,1,0,0,0,0,1,0,0,0,0,0,-1,0,0,0,1
1316,0,0,0,0,-1,1,-1,0,0,0,0,-1,0,-1,-1,1,-1,-1,0,0,1,-1,-1,0,0,0,-1,0,-1,1,0,1,0,0,0,0,0,0,0,-1,1,0,1,1,1,0,0,1,-1,0,0,0,0,0,1,-1,0,0,0,0,1,0,0,0
1317,0,-1,-1,0,-1,0,0,0,-1,1,0,0,0,0,-1,0,0,0,0,0,0,-1,0,1,0,0,0,0,0,0,1,-1,0,0,0,0,-1,1,-1,0,0,0,0,-1,0,0,0,0,0,0,1,0,0,1,0,0,0,0,-1,0,0,1,-1,0
1318,0,1,0,0,0,0,0,1,0,0,-1,0,0,0,0,-1,0,0,0,0,-1,0,-1,0,0,0,0,0,1,0,0,0,1,0,0,0,0,1,-1,0,-1,0,0,-1,0,1,0,0,0,-1,0,0,0,0,1,-1,0,1,-1,1,0,0,0,0
1319,0,-1,0,0,1,0,1,0,-1,1,0,0,0,0,0,0,1,0,0,0,0,0,0,0,-1,0,0,-1,0,0,0,1,0,0,0,0,0,0,0,0,1,0,0,0,0,0,0,-1,0,0,0,0,0,1,1,0,0,0,0,-1,0,1,0,1
1320,0,1,0,0,0,0,-1,0,0,0,0,-1,-1,-1,0,0,0,0,0,0,0,1,1,1,0,0,0,0,0,0,0,0,0,-1,0,0,0,0,0,0,1,0,0,0,0,-1,0,-1,0,0,0,0,0,0,1,1,0,0,0,0,1,0,-1,0
1321,-1,0,-1,0,0,-1,-1,0,0,0,0,0,1,0,0,0,0,0,1,0,0,0,0,1,0,1,0,-1,0,0,0,0,-1,0,0,0,0,0,-1,0,0,0,0,0,0,-1,0,0,-1,0,0,0,0,0,0,0,1,-1,1,0,0,1,0,1
1322,0,0,0,0,0,0,-1,0,0,1,-1,0,1,0,0,0,1,0,-1,0,0,1,0,1,0,0,0,0,1,-1,0,0,0,1,0,0,0,0,1,0,0,0,0,0,1,0,0,0,0,1,-1,0,-1,0,0,0,0,0,0,0,0,0,0,0
1323,-1,-1,1,-1,0,0,-1,-1,0,0,0,0,0,0,1,0,0,0,1,0,-1,0,0,0,-1,0,0,0,0,0,0,0,1,0,0,0,0,1,1,1,0,0,0,-1,1,0,1,0,-1,0,0,0,0,0,0,0,0,-1,0,0,0,-1,-1,-1
1324,0,0,1,0,0,0,0,0,0,0,0,0,0,0,0,1,0,-1,0,1,0,0,0,-1,-1,-1,0,1,0,0,1,0,0,0,1,0,0,0,0,1,0,-1,0,0,0,0,0,1,0,1,0,1,-1,0,0,-1,0,0,0,0,1,0,0,0
1325,-1,0,0,0,1,-1,0,1,0,0,0,1,0,0,0,0,0,0,0,0,-1,0,1,1,0,0,0,1,0,0,0,0,-1,0,0,0,0,0,0,0,0,0,0,0,0,-1,0,0,0,0,0,0,0,-1,1,-1,-1,1,0,1,0,-1,0,1
1326,0,0,0,0,-1,0,0,0,-1,0,1,0,0,0,0,-1,1,0,0,0,0,0,-1,1,-1,0,0,0,0,0,0,1,0,-1,-1,-1,-1,0,1,0,0,0,-1,0,0,0,0,0,0,-1,0,0,-1,0,1,1,0,0,0,0,-1,0,0,0
1327,0,0,0,0,1,0,0,0,0,1,0,0,0,0,0,0,1,0,1,0,1,-1,0,-1,1,1,0,0,1,0,1,0,0,0,1,0,-1,1,0,0,-1,0,0,0,0,1,1,0,0,-1,1,0,-1,0,-1,0,0,0,0,0,0,-1,1,1
1328,1,0,0,1,-1,0,-1,0,0,1,0,0,1,1,1,0,0,1,0,0,0,1,-1,0,-1,0,-1,0,0,0,0,0,1,1,0,0,-1,0,0,0,1,0,0,0,-1,0,1,1,0,0,0,0,0,0,0,0,0,0,1,-1,-1,-1,-1,0
1329,0,0,0,0,-1,0,1,0,0,1,0,0,0,0,-1,0,0,-1,0,0,1,0,1,0,1,1,0,0,1,0,1,0,0,0,0,0,1,0,1,1,0,-1,1,0,0,0,0,0,0,1,0,0,0,0,0,-1,0,0,-1,0,-1,0,0,0
1330,0,0,0,-1,0,0,0,0,0,0,0,0,0,1,1,-1,0,0,0,0,0,-1,0,-1,0,0,0,0,0,1,1,0,-1,0,0,0,0,0,0,1,0,1,1,0,0,0,0,0,-1,0,0,0,-1,0,0,0,0,0,1,0,1,-1,0,-1
1331,0,0,-1,0,-1,-1,-1,0,0,-1,0,1,0,0,1,-1,-1,0,0,0,-1,1,0,-1,0,-1,-1,0,0,-1,0,1,0,-1,0,1,0,0,0,0,0,0,0,0,1,0,1,0,0,0,0,0,0,1,0,0,0,0,0,0,1,0,0,1
1332,-1,0,0,0,0,0,0,0,1,0,0,-1,0,1,0,0,0,-1,0,-1,0,1,0,0,-1,0,0,0,1,-1,0,-1,-1,0,0,0,0,1,0,1,-1,0,0,-1,0,1,0,0,-1,-1,0,-1,0,0,0,0,0,0,0,0,-1,0,0,0
1333,0,0,-1,0,0,0,0,0,0,-1,0,0,-1,0,-1,0,-1,0,1,-1,0,0,-1,0,1,-1,0,0,0,0,1,0,0,0,1,1,0,0,0,0,-1,0,1,0,0,0,1,0,0,0,0,0,-1,1,0,0,-1,0,0,-1,1,0,0,0
1334,1,-1,0,0,1,-1,0,-1,-1,0,0,1,0,0,0,-1,0,0,0,0,0,0,0,1,1,0,0,1,0,1,0,1,0,-1,-1,0,0,0,0,0,0,0,1,0,0,1,0,0,-1,0,0,1,0,0,1,-1,-1,0,0,1,0,0,0,0
1335,0,0,-1,0,-1,0,1,-1,-1,0,0,0,0,-1,1,0,-1,1,0,0,0,0,0,0,0,0,0,0,-1,0,1,0,-1,0,0,0,0,0,0,0,0,0,1,0,0,0,0,1,-1,-1,0,0,1,1,0,0,-1,0,0,0,0,0,0,0
1336,0,0,0,0,0,-1,1,0,0,0,1,1,0,0,0,1,0,-1,-1,-1,-1,0,1,0,1,0,-1,0,0,1,0,1,1,-1,0,0,0,0,0,-1,0,0,0,-1,-1,0,0,-1,1,-1,0,1,-1,0,0,1,0,0,0,0,0,0,1,-1
1337,-1,1,0,0,0,-1,1,0,0,1,0,0,0,0,0,-1,0,1,1,-1,0,0,0,0,0,0,0,0,0,0,0,0,-1,0,0,-1,0,0,-1,0,0,-1,0,0,0,0,1,0,0,0,-1,0,0,0,1,0,0,0,0,0,0,1,0,0
1338,0,0,0,0,0,0,0,0,0,0,0,0,0,0,0,-1,0,-1,-1,-1,0,0,0,-1,-1,1,0,1,0,-1,0,-1,0,0,0,-1,0,1,0,0,0,1,0,1,-1,1,0,0,0,1,0,0,0,0,0,0,0,0,0,0,0,0,0,0
1339,0,0,0,0,-1,0,0,-1,0,-1,1,-1,0,0,1,1,1,1,-1,0,0,-1,0,0,-1,-1,0,0,0,-1,0,-1,0,1,0,0,-1,0,1,0,1,0,1,0,0,0,1,0,0,0,0,1,0,1,1,0,0,1,0,-1,1,0,1,0
1340,-1,0,1,0,0,-1,0,0,0,-1,0,0,0,1,0,0,0,0,-1,0,0,0,0,0,0,0,-1,0,0,0,1,1,0,1,-1,1,0,1,-1,0,0,0,0,0,0,0,0,0,0,0,0,0,0,-1,0,0,1,0,1,0,0,0,0,-1
1341,-1,0,1,-1,0,0,0,1,1,0,-1,0,0,0,0,1,1,1,-1,0,0,0,0,0,0,1,0,0,0,0,-1,0,0,0,0,0,0,0,0,0,0,0,0,0,1,0,0,0,0,-1,-1,-1,-1,1,0,0,0,1,0,0,0,0,0,0
1342,-1,0,-1,0,1,-1,0,1,-1,0,0,0,-1,0,0,1,0,0,1,0,0,0,0,-1,1,0,1,1,0,0,0,0,0,0,0,0,0,0,-1,-1,0,1,1,1,-1,0,0,0,-1,0,0,1,0,1,0,0,1,1,0,0,0,1,0,0
1343,0,0,-1,1,0,0,0,0,1,-1,0,0,-1,0,0,0,1,0,1,0,0,1,1,1,0,-1,-1,0,0,0,-1,1,0,0,0,0,0,0,0,0,0,-1,0,-1,0,0,-1,1,0,1,0,0,1,0,-1,0,-1,0,-1,0,-1,0,0,0
1344,0,0,0,0,0,0,1,0,-1,0,0,0,0,0,0,1,-1,0,-1,0,0,-1,0,0,0,-1,1,1,0,0,0,0,1,1,0,-1,0,0,0,0,0,-1,0,0,0,1,0,0,1,0,0,-1,0,0,0,1,0,-1,0,-1,0,-1,-1,0
1345,-1,0,0,0,0,0,0,0,0,0,0,0,-1,0,0,0,0,0,0,0,0,0,0,-1,-1,1,1,-1,0,0,0,0,1,1,-1,0,0,0,0,0,0,0,0,0,0,-1,0,-1,1,-1,0,0,1,-1,-1,0,-1,0,0,1,0,1,-1,0
1346,0,0,0,0,0,-1,1,1,-1,-1,0,0,1,0,0,-1,-1,-1,0,-1,-1,0,1,0,1,0,0,0,0,-1,0,0,1,-1,0,0,0,0,1,0,-1,1,-1,-1,0,1,1,0,0,0,0,1,0,0,0,1,0,0,0,-1,0,0,0,0
1347,-1,-1,0,0,1,0,0,0,1,0,0,0,0,0,0,1,0,0,0,1,0,0,-1,-1,0,0,0,1,0,1,0,0,0,1,0,-1,-1,0,0,0,0,0,0,0,0,0,-1,1,0,0,-1,0,0,0,0,0,1,0,0,0,0,-1,0,-1
1348,-1,0,-1,0,0,0,1,0,0,0,0,-1,1,1,0,1,1,0,0,0,-1,1,0,0,0,-1,-1,0,0,-1,1,0,0,0,0,1,0,1,0,0,0,0,1,0,-1,0,1,0,-1,0,1,-1,0,0,1,0,1,0,0,0,0,0,0,-1
1349,0,0,-1,0,0,0,0,0,0,0,1,1,0,0,-1,0,0,1,0,0,1,1,0,1,0,0,0,0,1,-1,1,0,0,0,1,0,0,0,0,0,0,-1,0,0,0,1,1,0,-1,-1,0,1,0,1,0,0,0,-1,1,-1,-1,0,1,0
1350,0,0,0,-1,0,-1,0,0,0,-1,0,0,0,1,1,1,0,0,0,0,0,0,0,0,1,0,-1,0,0,0,-1,0,-1,0,0,0,1,0,0,0,0,0,0,0,-1,0,-1,1,0,1,0,0,0,0,-1,0,0,0,1,0,0,0,1,0
1351,0,-1,0,0,0,1,0,0,0,-1,-1,-1,0,-1,0,-1,0,-1,0,0,1,1,0,0,0,0,0,0,0,0,0,0,0,0,0,0,-1,1,0,-1,0,1,0,1,1,-1,0,0,0,1,0,1,0,0,0,0,0,-1,0,0,0,0,1,0
1352,0,0,0,0,-1,0,-1,0,0,0,0,-1,0,0,-1,0,0,0,-1,0,0,1,-1,-1,0,0,0,-1,0,0,0,-1,0,0,1,0,0,1,0,1,0,0,0,0,0,-1,0,-1,1,1,0,0,-1,0,0,-1,0,0,0,0,-1,0,0,0
1353,1,0,1,-1,0,0,0,0,1,0,-1,0,-1,1,-1,0,0,-1,0,0,0,1,0,-1,0,0,-1,0,0,0,0,0,-1,-1,0,0,0,1,0,0,0,0,0,1,0,0,1,-1,0,0,-1,-1,0,0,1,0,0,1,0,0,0,-1,0,-1
1354,0,0,0,0,0,1,0,0,0,1,0,0,0,1,-1,0,-1,1,0,0,0,0,1,-1,0,0,0,-1,-1,0,0,0,0,0,0,0,0,0,0,0,0,0,0,0,-1,0,0,0,0,0,0,-1,0,0,0,0,0,0,0,1,0,0,0,1
1355,0,0,0,0,0,0,0,0,0,0,1,0,0,0,0,0,1,1,0,1,-1,-1,0,0,0,-1,-1,-1,-1,0,-1,0,0,0,0,0,0,0,0,0,0,0,0,1,0,0,0,0,0,0,0,0,0,0,0,0,0,0,-1,1,0,1,-1,0
1356,0,0,0,0,1,-1,0,0,0,0,0,0,0,0,-1,0,0,1,0,0,0,0,0,0,0,0,0,0,0,0,0,0,0,1,0,0,0,0,-1,-1,0,0,1,-1,1,0,0,1,0,1,0,0,1,0,0,0,0,-1,0,0,0,0,-1,0
1357,0,0,0,0,0,-1,0,-1,1,1,0,0,1,0,0,0,0,0,1,-1,0,1,0,0,1,0,1,0,1,1,0,0,0,1,0,-1,0,0,0,0,-1,-1,0,-1,0,0,0,0,0,0,0,0,1,0,0,-1,0,-1,0,1,0,0,0,0
1358,-1,0,-1,0,0,1,0,-1,0,1,0,0,1,1,0,-1,0,0,-1,0,0,0,-1,1,-1,0,0,0,0,0,0,0,-1,-1,0,0,-1,0,1,0,0,0,0,0,-1,0,-1,1,0,0,0,0,0,-1,0,0,-1,0,0,0,0,0,0,0
1359,1,0,0,0,-1,-1,0,0,0,0,-1,0,0,1,-1,0,0,0,0,1,-1,1,0,1,-1,0,0,-1,-1,0,0,0,0,0,0,0,0,0,-1,0,0,1,0,0,-1,-1,0,-1,0,0,1,0,0,0,1,0,0,0,-1,0,0,0,0,0
1360,0,0,0,1,0,-1,-1,-1,-1,0,0,1,1,0,0,0,-1,0,0,1,0,1,-1,0,0,-1,0,0,0,1,-1,0,0,0,0,0,-1,0,0,0,0,0,1,0,1,0,0,0,0,0,0,0,0,0,0,1,0,0,-1,0,-1,1,0,-1
1361,0,0,0,1,0,0,0,1,0,1,-1,0,0,0,0,1,-1,-1,0,0,0,1,0,0,-1,0,-1,0,0,-1,0,-1,0,0,1,-1,0,0,0,1,0,0,-1,0,0,0,0,-1,0,1,0,-1,1,0,0,0,1,1,0,0,-1,0,-1,0
1362,0,0,1,-1,-1,0,0,0,0,0,1,0,-1,0,0,0,0,1,0,0,0,1,0,0,0,0,1,1,0,0,-1,0,0,0,0,0,0,0,1,-1,0,0,0,0,0,1,0,1,0,1,0,0,0,0,1,1,-1,0,0,-1,0,0,0,0
1363,0,0,0,1,1,0,1,0,0,1,0,0,0,-1,-1,-1,0,0,0,-1,0,0,0,-1,0,1,0,1,0,0,0,0,1,0,0,0,-1,0,0,0,0,0,0,-1,0,0,0,0,0,1,0,0,0,1,1,0,0,0,0,0,0,-1,0,0
1364,0,0,1,0,0,0,0,-1,1,1,0,0,0,0,0,1,-1,0,0,0,1,-1,0,-1,0,0,-1,0,1,0,0,0,0,0,0,0,0,0,-1,0,-1,-1,1,1,0,1,0,1,0,0,1,1,0,-1,-1,0,0,0,1,0,0,0,0,0
1365,1,-1,0,0,0,0,-1,0,-1,-1,0,0,1,0,-1,-1,1,1,0,0,0,0,0,0,0,0,-1,0,1,0,-1,1,0,1,-1,0,-1,0,-1,0,0,0,0,0,1,0,0,0,0,0,-1,1,1,1,0,0,0,0,0,0,0,1,0,0
1366,-1,1,0,0,0,0,0,-1,0,0,1,0,0,0,0,-1,0,0,-1,0,0,0,0,0,0,1,1,-1,0,0,0,0,0,1,0,0,0,0,-1,0,-1,0,0,0,0,-1,-1,0,0,0,-1,1,1,0,0,0,0,0,0,0,0,-1,0,0
1367,-1,1,0,0,0,0,0,0,0,0,-1,1,0,-1,1,0,0,1,-1,0,0,0,0,0,1,0,0,0,0,0,-1,1,1,0,1,0,0,1,0,0,1,-1,0,0,0,0,1,0,0,0,0,0,0,0,0,1,-1,-1,0,0,0,0,1,0
1368,0,0,-1,0,0,-1,1,1,0,0,-1,-1,-1,0,0,0,0,0,0,0,0,0,-1,0,0,1,0,0,-1,1,0,-1,0,0,0,0,0,-1,0,0,1,-1,0,0,-1,0,-1,0,0,-1,-1,0,0,0,0,0,0,0,0,-1,1,-1,0,0
1369,1,0,0,0,0,0,1,-1,-1,-1,0,0,-1,0,0,0,0,1,1,0,-1,-1,-1,-1,0,0,0,0,0,0,-1,0,0,1,1,0,0,0,0,-1,0,1,0,0,1,0,0,0,0,1,1,0,0,1,-1,-1,1,1,0,0,0,0,0,0
1370,0,0,1,-1,0,0,0,-1,0,0,0,-1,0,0,-1,0,0,0,1,0,-1,-1,0,1,1,0,0,0,0,0,-1,-1,1,0,-1,0,0,0,0,0,0,0,0,0,0,0,1,-1,0,0,0,0,-1,-1,0,1,1,1,0,0,1,0,0,0
1371,0,-1,0,-1,0,0,0,0,0,-1,0,0,0,-1,0,1,0,0,0,-1,0,0,0,0,0,0,0,1,0,0,0,0,0,1,1,-1,0,0,1,0,0,0,0,0,-1,1,0,1,0,-1,-1,-1,-1,0,0,0,0,0,0,-1,0,1,0,0
1372,0,0,0,1,0,0,1,0,1,-1,1,0,0,0,-1,-1,0,0,0,0,1,0,0,0,0,0,-1,0,1,-1,0,0,-1,0,0,1,0,1,0,0,0,1,0,0,0,1,1,0,0,-1,0,1,-1,0,0,-1,-1,0,0,0,0,1,0,0
1373,0,0,0,0,0,0,0,0,-1,-1,0,0,1,1,0,0,1,-1,0,0,0,-1,1,0,0,1,-1,0,0,0,0,1,0,-1,0,0,0,0,-1,0,0,0,0,-1,0,0,1,-1,0,0,0,1,0,0,0,0,0,0,0,0,0,0,0,-1
1374,0,1,0,0,0,1,-1,0,0,0,0,0,0,0,0,-1,1,0,0,0,0,-1,0,0,0,0,-1,0,0,0,0,0,1,-1,0,0,-1,0,0,-1,0,1,0,0,-1,0,0,-1,-1,0,0,0,0,1,0,-1,1,0,-1,-1,-1,1,0,0
1375,0,0,0,0,0,0,-1,0,0,0,1,0,0,0,0,-1,0,1,0,0,-1,0,0,0,0,0,1,-1,0,0,0,1,0,-1,0,0,1,0,0,0,-1,0,1,0,0,1,1,-1,0,0,0,1,-1,1,0,1,0,0,0,0,0,1,0,0
1376,0,1,0,1,0,1,0,-1,0,0,0,-1,0,-1,-1,0,-1,0,1,0,-1,0,0,0,0,-1,0,-1,0,0,0,0,0,1,0,-1,0,0,-1,0,0,-1,0,1,0,0,1,0,1,-1,0,0,0,0,0,0,0,0,-1,-1,-1,1,1,1
1377,-1,0,0,0,0,0,0,0,0,1,1,0,0,0,0,1,1,1,0,0,0,0,-1,0,0,0,1,0,0,0,0,0,0,-1,0,0,1,0,1,-1,0,0,0,0,0,0,0,-1,0,0,0,0,1,0,1,0,1,0,0,0,1,0,-1,1
1378,0,0,0,0,0,-1,1,1,0,0,-1,0,0,-1,1,-1,0,1,0,0,0,0,0,1,-1,0,0,0,0,0,0,0,1,0,0,-1,0,1,-1,0,0,-1,1,-1,0,0,0,0,0,0,1,0,1,0,1,-1,0,0,0,0,0,0,0,0
1379,-1,0,0,0,0,0,0,0,0,0,1,0,-1,0,0,1,0,0,0,1,0,0,0,0,0,0,0,1,0,0,0,0,1,0,0,0,0,0,0,-1,0,0,0,1,-1,-1,0,1,0,0,0,0,1,1,0,0,0,0,0,0,0,0,0,1
1380,0,-1,0,0,1,0,0,-1,0,0,0,1,0,0,1,0,0,0,0,-1,0,0,1,0,-1,0,0,-1,-1,0,0,0,0,0,0,-1,0,0,1,-1,1,0,0,1,0,0,0,0,1,-1,0,-1,1,0,0,0,-1,0,0,1,0,0,0,0
1381,0,1,1,1,1,0,-1,-1,0,0,0,1,-1,0,0,0,-1,1,-1,0,0,1,0,-1,0,0,1,0,0,-1,0,1,0,1,0,1,0,0,0,0,0,0,0,1,1,-1,0,0,0,0,0,0,-1,0,1,0,0,1,0,0,0,0,0,0
1382,0,0,-1,1,0,0,0,0,0,0,0,0,1,0,0,0,-1,-1,0,0,0,1,0,0,1,0,0,0,-1,0,0,1,-1,0,-1,0,0,0,1,-1,0,1,1,1,-1,-1,0,1,0,0,1,0,-1,0,0,0,1,0,-1,0,0,0,-1,-1
1383,1,0,0,0,0,1,0,1,1,0,0,-1,0,1,1,0,-1,0,0,1,1,0,0,0,1,0,0,0,0,0,0,-1,1,0,0,-1,0,0,0,0,0,0,0,0,0,0,0,-1,0,1,0,1,0,0,0,0,0,0,-1,-1,0,-1,0,1
1384,0,0,0,0,-1,0,0,0,0,0,0,0,0,0,1,0,0,0,1,0,0,0,0,0,1,0,0,-1,0,1,1,0,0,0,1,0,-1,0,0,0,-1,0,0,-1,1,0,-1,1,0,-1,1,-1,-1,-1,-1,-1,0,0,0,0,1,0,0,1
1385,0,-1,-1,0,0,0,1,0,0,0,0,0,0,0,0,1,0,1,0,-1,0,0,1,0,0,0,0,0,1,0,0,0,1,1,0,0,0,0,0,0,1,-1,-1,0,0,0,1,1,0,0,0,0,0,-1,-1,0,-1,0,0,0,-1,0,0,0
1386,1,0,0,1,0,0,0,0,0,0,1,0,-1,-1,0,0,1,0,0,0,0,-1,0,0,0,0,1,0,0,-1,0,1,0,0,0,1,-1,0,1,0,0,-1,0,-1,0,0,-1,0,1,0,0,0,0,0,0,0,-1,0,0,0,0,0,1,0
1387,0,0,1,0,0,0,0,-1,0,0,1,0,0,-1,0,0,1,1,0,-1,1,0,0,0,1,0,0,-1,0,0,1,1,1,0,0,0,0,0,0,0,1,0,0,0,0,0,0,1,-1,-1,-1,0,0,0,0,0,0,0,0,0,0,0,-1,0
1388,0,0,-1,1,1,0,0,0,0,0,0,-1,0,0,0,0,0,0,0,0,1,0,1,-1,-1,-1,-1,-1,1,0,0,0,0,0,1,0,1,0,0,0,0,0,1,0,-1,0,0,0,-1,0,0,0,-1,-1,0,-1,1,0,0,0,0,0,0,0
1389,-1,0,0,1,0,0,1,0,0,0,0,0,-1,0,0,0,1,1,0,0,-1,0,0,0,1,0,0,-1,0,-1,0,-1,-1,0,0,0,1,0,0,0,0,0,1,1,1,0,1,-1,-1,1,1,0,0,0,-1,0,0,0,1,0,1,0,0,-1
1390,-1,1,1,-1,-1,-1,0,-1,-1,0,0,0,0,0,0,0,0,0,-1,1,0,1,0,0,0,1,0,0,1,0,-1,0,0,0,0,0,0,-1,0,0,-1,0,-1,0,1,-1,-1,-1,0,1,0,0,-1,-1,0,1,0,0,0,0,0,0,0,1
1391,1,0,-1,0,0,1,0,0,0,0,1,0,0,0,0,-1,0,0,-1,-1,-1,-1,0,-1,0,-1,-1,0,0,1,0,1,0,-1,0,0,1,0,1,0,-1,1,0,-1,-1,0,0,0,0,1,0,0,0,0,0,0,0,0,0,0,1,0,0,0
1392,0,0,0,1,0,1,1,-1,0,1,-1,1,1,0,-1,0,0,1,0,0,0,0,0,0,0,-1,0,0,-1,0,-1,0,0,0,0,1,0,0,0,0,1,-1,-1,0,-1,0,0,0,0,0,-1,0,1,1,1,1,0,0,0,1,1,0,0,1
1393,-1,0,0,-1,0,0,0,1,1,-1,0,-1,1,0,0,1,0,0,-1,0,0,0,0,0,0,0,1,0,-1,0,0,-1,0,0,0,-1,1,0,0,-1,0,0,-1,0,0,1,1,-1,0,0,0,1,0,1,-1,0,-1,0,-1,0,0,0,-1,0
1394,1,0,0,0,-1,0,0,1,0,-1,0,-1,0,0,1,0,0,0,-1,0,0,0,0,0,1,0,0,0,1,-1,0,1,0,0,-1,0,0,0,1,0,-1,0,0,0,0,0,0,0,-1,0,0,-1,0,0,0,1,-1,0,0,1,0,-1,-1,0
1395,0,0,-1,0,0,-1,1,0,0,0,0,1,-1,0,0,1,1,0,-1,0,-1,0,0,0,0,-1,0,0,0,0,0,0,0,-1,-1,1,0,0,0,-1,-1,0,0,0,-1,-1,0,0,0,0,-1,0,-1,1,0,0,1,0,0,1,0,1,-1,-1
1396,1,0,0,-1,-1,1,0,0,0,-1,0,0,0,-1,1,1,0,0,1,0,0,1,0,0,0,1,0,1,0,0,1,0,0,0,0,-1,1,0,0,0,0,0,1,0,0,0,1,0,0,0,-1,0,0,0,0,0,0,0,0,0,0,0,0,-1
1397,0,0,0,0,0,0,0,-1,0,0,0,0,-1,1,0,0,0,0,0,-1,0,-1,-1,0,1,-1,0,0,0,0,0,0,1,0,0,-1,0,0,0,0,1,0,0,0,0,0,0,0,0,1,0,0,0,0,0,0,0,0,-1,-1,0,0,1,0
1398,0,0,0,0,0,0,0,1,1,0,-1,-1,1,0,0,0,-1,0,0,0,0,0,0,0,0,0,0,1,-1,0,0,-1,-1,0,0,-1,0,0,-1,0,0,0,0,0,0,0,1,0,-1,0,1,0,0,0,0,0,0,0,0,1,-1,0,0,1
1399,0,0,1,1,1,-1,0,0,0,0,0,0,0,1,1,0,0,-1,-1,0,0,0,-1,0,0,0,0,-1,-1,0,0,0,-1,0,0,0,0,0,0,0,1,1,0,0,0,0,0,0,0,-1,0,0,1,0,0,0,0,0,0,-1,1,1,0,1
1400,1,0,0,0,1,0,0,1,0,0,0,1,0,1,0,0,0,0,-1,0,0,-1,-1,0,0,0,0,-1,0,-1,0,0,1,0,0,0,0,0,0,0,1,0,1,-1,0,1,0,0,0,1,0,0,0,1,0,0,1,-1,0,0,0,-1,0,0
1401,0,0,0,0,0,0,0,0,-1,-1,-1,0,0,1,1,-1,0,0,0,0,0,0,0,0,1,0,0,1,1,0,-1,1,0,-1,0,0,0,0,0,0,0,-1,0,0,1,0,0,0,0,0,0,0,0,1,-1,0,0,1,0,1,0,0,0,0
1402,-1,0,0,0,0,1,0,0,0,0,0,0,0,1,1,0,0,1,0,0,-1,-1,0,0,-1,-1,0,0,1,-1,0,-1,0,0,0,-1,0,0,0,0,0,1,1,0,0,1,0,0,1,0,0,0,0,0,0,-1,0,0,0,0,1,-1,-1,0
1403,0,-1,0,1,0,-1,0,0,-1,0,0,0,0,1,-1,0,0,1,0,0,0,0,-1,0,0,0,0,0,1,0,1,1,0,0,1,0,0,1,0,0,0,1,0,1,0,1,0,-1,0,1,-1,0,0,0,-1,0,0,0,0,1,0,-1,0,1
1404,0,0,0,0,1,1,1,0,0,0,0,1,0,0,0,0,0,0,-1,0,0,1,1,0,0,0,0,0,-1,0,-1,-1,-1,0,0,-1,-1,-1,-1,0,0,0,0,0,0,-1,0,0,0,1,0,1,0,0,0,0,0,0,1,1,0,0,0,0
1405,0,0,0,0,1,0,0,0,0,0,-1,1,0,0,-1,0,-1,1,0,0,1,0,0,-1,-1,0,0,-1,0,0,0,0,0,0,-1,0,0,-1,1,0,-1,0,0,1,0,0,0,0,0,-1,-1,0,-1,0,0,0,0,0,0,0,-1,-1,0,1
1406,-1,0,-1,0,1,0,0,0,0,0,0,1,0,0,1,0,0,0,0,-1,-1,0,0,1,0,-1,0,1,1,0,0,0,0,0,0,0,0,1,0,-1,0,0,1,-1,1,1,1,0,-1,0,-1,0,1,1,1,0,0,0,-1,0,1,0,0,0
1407,0,0,0,0,0,1,-1,0,1,0,1,-1,0,0,-1,0,-1,0,1,-1,0,-1,-1,0,0,0,1,0,0,0,1,-1,0,0,0,0,0,1,0,1,0,0,0,0,-1,-1,0,-1,-1,0,0,0,1,0,0,0,1,0,0,0,0,-1,1,1
1408,0,0,0,0,0,0,-1,0,0,0,-1,1,0,1,0,-1,0,0,0,1,0,0,0,0,1,0,0,0,1,1,-1,-1,1,0,0,0,0,0,0,0,-1,0,0,0,1,0,0,0,1,0,-1,-1,0,0,0,-1,0,-1,0,0,0,0,1,0
1409,0,0,0,0,0,0,0,0,0,0,-1,0,0,0,0,1,-1,0,0,-1,0,0,0,0,1,0,0,0,1,0,1,0,1,0,-1,-1,1,-1,0,1,1,0,-1,-1,0,0,-1,0,-1,0,0,0,-1,0,0,0,-1,0,0,0,0,0,0,0
1410,-1,0,0,0,1,1,0,-1,0,-1,0,0,1,0,0,-1,1,0,0,-1,0,0,0,0,0,-1,0,0,1,0,0,0,0,0,0,0,-1,0,0,-1,0,0,0,0,0,0,0,-1,0,0,0,0,-1,1,1,-1,-1,0,0,1,-1,-1,0,0
1411,0,0,0,1,0,0,0,0,1,0,0,0,0,0,0,1,1,-1,1,-1,0,1,0,0,-1,0,1,0,1,0,0,0,0,0,0,0,0,0,-1,0,1,0,0,0,1,-1,1,0,0,1,0,0,0,0,0,0,0,0,1,0,-1,0,0,0
1412,0,-1,0,-1,0,0,0,0,-1,0,-1,0,0,1,0,0,1,0,0,0,0,0,0,1,1,-1,0,0,0,1,0,0,1,1,0,1,1,0,0,0,0,0,0,0,0,-1,0,0,0,1,0,0,0,0,0,0,1,1,1,0,0,0,-1,-1
1413,0,0,0,0,0,-1,0,0,0,-1,0,-1,0,0,0,0,1,0,-1,0,0,0,1,0,0,0,0,0,0,-1,0,1,0,0,-1,0,0,0,0,0,0,0,1,-1,0,1,0,0,0,0,0,0,0,0,-1,0,1,1,0,1,1,0,-1,0
1414,0,0,0,0,0,-1,0,0,0,0,0,0,-1,1,0,1,0,0,-1,0,0,0,1,0,0,-1,1,-1,0,0,0,0,0,1,0,0,0,0,0,0,0,0,0,-1,0,1,0,0,0,-1,0,0,0,0,-1,0,-1,0,0,0,-1,0,0,0
1415,-1,-1,1,-1,-1,-1,0,1,-1,0,0,0,0,0,0,-1,0,0,1,-1,1,0,-1,0,0,0,0,0,1,0,0,0,0,0,-1,0,0,1,0,0,1,-1,0,0,0,1,1,0,0,0,-1,0,-1,0,-1,-1,-1,0,-1,0,0,0,0,0
1416,0,1,1,-1,0,0,0,0,0,0,0,1,0,1,-1,0,0,1,0,0,0,-1,-1,0,1,-1,0,1,0,0,0,1,-1,0,-1,0,0,0,1,0,0,0,0,0,0,0,1,0,0,0,1,0,0,0,0,0,1,1,0,0,0,0,0,0
1417,-1,0,0,1,0,-1,1,0,0,0,0,0,1,0,-1,1,0,0,0,0,0,-1,0,1,0,-1,-1,1,-1,0,0,0,-1,1,-1,0,0,0,1,0,0,1,0,1,0,1,-1,0,0,0,0,0,0,0,0,1,0,0,1,0,0,0,0,0
1418,0,0,0,0,0,0,0,1,0,0,0,0,0,0,0,0,0,1,0,1,0,-1,0,0,-1,0,0,0,0,1,0,1,0,-1,0,0,0,0,0,0,0,1,1,1,1,0,0,-1,0,-1,0,0,0,1,0,0,1,0,0,0,0,-1,1,0
1419,1,0,0,0,0,0,0,0,-1,-1,1,1,0,0,0,0,0,1,-1,0,0,0,0,0,0,0,0,0,0,0,0,0,1,0,0,0,0,0,0,1,-1,-1,-1,0,0,0,0,-1,0,1,0,0,0,-1,0,0,0,0,0,1,0,0,0,0
1420,0,0,-1,0,0,1,0,0,1,0,0,-1,1,0,0,1,0,1,0,0,0,0,-1,0,0,0,1,0,0,-1,0,0,0,-1,0,0,0,0,0,0,0,0,0,0,-1,0,1,-1,-1,0,1,0,0,0,0,1,0,1,0,0,0,1,-1,1
1421,0,1,0,0,0,0,-1,0,0,-1,-1,0,0,0,0,-1,1,0,0,0,0,0,1,0,0,0,1,1,1,0,0,0,1,0,0,0,1,0,1,0,-1,0,1,0,1,-1,0,1,-1,0,0,-1,0,-1,0,0,0,-1,-1,0,0,-1,0,0
1422,0,0,-1,0,0,0,-1,0,0,1,-1,0,0,1,0,1,-1,0,1,1,-1,0,1,0,0,0,0,0,0,0,0,0,0,0,0,0,0,-1,0,1,-1,0,0,0,-1,1,0,1,0,1,1,0,1,0,0,0,0,0,0,0,1,0,0,0
1423,0,1,0,1,0,0,-1,-1,-1,0,1,0,0,0,0,0,0,1,0,0,0,-1,0,-1,0,0,0,0,0,0,0,1,1,-1,0,0,0,0,0,-1,-1,1,0,0,1,1,0,0,0,0,-1,1,0,0,0,0,0,1,0,0,0,0,0,-1
1424,0,0,-1,1,0,-1,0,-1,0,0,0,0,1,0,0,0,-1,0,0,1,0,0,0,0,0,-1,0,-1,0,-1,0,0,0,1,1,0,0,0,0,0,0,1,0,1,1,0,-1,0,1,0,0,1,0,-1,0,0,0,0,-1,0,1,0,-1,0
1425,0,-1,1,1,0,0,0,0,-1,0,-1,0,1,0,1,0,-1,-1,-1,1,1,0,-1,0,0,-1,-1,-1,-1,-1,0,0,-1,0,1,0,-1,0,1,1,0,0,-1,0,1,0,0,0,0,0,0,0,0,0,-1,0,0,0,-1,-1,0,-1,1,-1
1426,-1,0,0,0,1,1,0,0,0,-1,0,0,1,0,0,0,0,0,0,1,0,0,0,0,0,0,0,0,1,1,0,0,1,0,0,0,0,0,0,0,0,0,-1,0,0,0,0,0,0,0,1,0,0,-1,0,1,0,0,0,1,0,0,0,0
1427,0,0,0,1,0,0,0,0,0,1,0,0,0,0,1,1,0,-1,0,0,0,-1,0,0,1,0,0,0,0,1,1,1,0,0,0,-1,0,1,1,0,1,0,-1,1,0,0,0,0,-1,0,0,0,0,0,0,-1,-1,-1,1,1,0,0,0,0
1428,0,0,0,0,0,0,0,-1,0,0,0,0,0,0,-1,0,0,-1,-1,-1,-1,1,0,0,0,0,0,-1,0,0,0,-1,0,0,0,0,0,1,0,0,0,0,0,1,-1,0,0,0,1,0,0,0,0,0,0,0,0,0,0,-1,0,0,-1,1
1429,-1,-1,0,0,0,0,0,0,0,0,1,0,0,0,-1,-1,1,-1,1,0,0,-1,0,-1,0,0,1,0,1,0,0,-1,0,0,0,0,0,0,0,1,0,0,0,0,0,1,-1,0,0,0,0,-1,0,0,0,0,0,-1,0,0,-1,0,0,0
1430,0,-1,-1,0,0,0,0,0,0,1,1,0,0,0,-1,1,0,0,1,-1,0,0,-1,0,0,0,0,0,0,0,1,0,-1,0,0,0,-1,0,-1,0,1,1,0,0,1,1,0,0,0,0,-1,0,0,0,0,0,-1,0,0,0,0,0,0,1
1431,0,0,0,-1,0,0,-1,0,-1,0,0,-1,0,0,-1,1,0,-1,0,0,0,-1,-1,0,0,0,0,0,0,1,-1,0,0,-1,0,0,1,0,0,0,0,1,0,0,0,1,0,-1,1,0,-1,0,0,1,1,1,0,1,0,0,0,0,0,0
1432,0,-1,0,0,-1,0,0,0,0,0,0,0,1,0,0,0,0,1,0,-1,1,1,0,-1,0,1,1,-1,0,0,0,-1,0,0,0,0,0,0,0,0,0,0,0,1,0,0,0,0,1,1,1,0,0,0,-1,0,1,0,1,0,0,0,0,0
1433,-1,1,1,0,0,0,0,0,0,0,0,0,0,-1,0,0,-1,-1,0,0,-1,0,1,0,0,0,0,-1,0,1,0,-1,0,0,1,0,1,0,0,1,0,0,0,0,0,0,-1,-1,0,0,0,0,-1,0,0,0,0,0,0,-1,-1,1,0,0
1434,0,0,0,-1,0,1,0,0,-1,-1,0,0,0,0,0,0,1,-1,1,0,0,1,0,-1,-1,1,0,0,-1,0,0,0,1,0,0,1,-1,0,0,0,0,0,0,0,-1,0,-1,0,0,0,0,-1,0,0,0,1,0,0,0,0,0,-1,-1,0
1435,1,0,0,0,0,0,0,0,-1,0,-1,1,0,0,1,1,-1,0,0,0,0,0,-1,0,-1,0,1,0,0,1,-1,1,0,0,0,1,-1,0,0,0,-1,0,-1,0,-1,1,1,0,0,1,0,0,0,0,0,0,0,-1,0,0,0,0,0,0
1436,-1,0,0,0,-1,0,1,0,1,0,0,0,0,-1,0,-1,1,-1,0,0,0,1,0,-1,0,0,-1,-1,0,1,0,0,0,0,1,0,0,1,0,-1,0,0,0,0,0,0,0,-1,0,0,0,0,0,1,0,0,1,1,0,-1,0,0,0,0
1437,0,0,-1,0,0,1,0,-1,0,-1,0,1,0,1,0,0,0,-1,0,-1,0,0,1,1,-1,-1,0,0,0,0,0,0,-1,0,0,0,0,-1,0,0,0,1,0,0,0,0,0,1,0,0,0,0,0,-1,1,1,1,1,0,-1,0,1,1,0
1438,0,0,0,-1,1,-1,0,0,1,0,-1,0,-1,0,1,0,0,0,0,1,0,0,0,0,0,0,0,0,1,1,0,0,-1,0,0,0,0,1,0,1,1,0,1,0,0,0,1,0,0,1,0,1,0,0,1,-1,0,0,0,1,0,0,0,0
1439,0,0,0,-1,0,0,-1,1,0,0,0,-1,0,-1,0,0,-1,0,1,0,0,0,0,0,0,0,1,0,0,0,0,-1,0,0,0,1,1,0,1,-1,0,0,0,0,0,0,0,1,-1,0,0,0,1,1,0,0,-1,0,0,1,1,0,0,0
1440,0,-1,0,0,0,0,0,0,0,-1,-1,0,0,0,1,0,0,0,0,-1,0,1,1,-1,0,-1,0,1,0,0,0,0,0,1,0,0,0,0,0,0,0,0,0,0,0,0,0,-1,0,0,0,0,1,0,0,-1,0,0,-1,1,1,-1,0,0
1441,0,-1,0,0,0,-1,-1,0,0,-1,-1,0,0,-1,0,0,-1,1,0,1,0,0,-1,0,1,-1,0,0,0,-1,0,-1,0,0,0,0,1,0,0,0,0,-1,-1,0,-1,0,0,0,0,-1,-1,0,-1,0,0,-1,0,0,0,1,0,-1,-1,0
1442,0,0,0,0,1,-1,1,1,0,1,0,0,0,-1,0,0,0,0,0,0,-1,0,0,0,1,1,-1,1,-1,1,0,-1,0,0,0,0,0,1,0,0,-1,0,0,0,0,0,1,0,1,1,0,1,0,1,0,0,0,0,0,-1,0,0,0,0
1443,0,-1,0,1,1,0,0,-1,1,-1,0,0,0,1,0,-1,0,0,1,0,0,-1,0,1,-1,0,0,1,0,0,1,0,0,0,0,0,0,0,0,0,1,1,0,0,0,-1,1,0,0,-1,0,0,1,-1,0,0,0,-1,0,0,0,0,0,1
1444,0,0,0,1,0,0,-1,0,0,-1,0,-1,-1,0,0,0,0,0,0,0,1,0,0,0,0,0,0,-1,1,0,0,0,0,-1,0,0,0,-1,0,0,0,0,0,0,-1,0,0,0,-1,0,0,1,0,0,0,-1,0,0,0,0,0,0,0,0
1445,0,0,0,0,0,0,0,0,0,-1,0,0,0,0,0,0,1,0,1,0,1,-1,1,0,0,1,0,0,0,0,1,0,0,-1,1,-1,0,0,0,1,0,1,0,0,0,0,1,-1,0,1,0,0,1,0,1,0,-1,-1,0,0,0,-1,0,0
1446,0,1,-1,0,0,0,0,0,-1,0,0,-1,0,-1,0,0,1,-1,0,0,0,1,0,0,0,0,0,0,0,-1,1,0,-1,1,0,0,0,1,0,0,0,0,0,-1,0,1,0,1,0,-1,0,0,0,0,0,0,1,0,0,1,-1,0,-1,1
1447,-1,0,1,-1,0,1,0,-1,-1,-1,0,1,-1,0,0,1,-1,0,0,0,0,0,-1,-1,0,1,0,0,0,0,0,-1,0,0,0,0,0,0,-1,1,0,1,0,0,0,-1,0,0,-1,0,0,0,0,1,0,-1,-1,-1,0,0,0,0,1,0
1448,0,0,0,0,1,0,0,0,1,1,0,0,-1,0,0,0,0,0,0,0,0,0,0,-1,0,0,0,0,0,1,0,1,0,1,0,-1,0,0,0,0,0,0,0,-1,0,0,-1,-1,0,0,-1,0,0,0,0,0,0,-1,1,0,0,0,0,0
1449,1,0,0,0,0,0,0,0,-1,0,0,1,0,0,0,0,0,0,0,0,1,0,0,-1,0,0,0,0,0,-1,0,1,0,1,0,1,1,0,0,0,-1,0,0,1,0,0,-1,-1,0,0,0,0,0,0,0,0,0,1,0,1,0,0,1,0
1450,-1,-1,0,0,0,0,0,0,-1,-1,0,0,0,0,0,0,1,0,0,0,-1,0,0,0,0,0,1,1,0,-1,-1,-1,0,0,-1,0,0,-1,-1,0,-1,0,0,-1,0,0,0,0,0,0,0,0,0,1,1,0,0,0,0,-1,0,-1,0,0
1451,0,-1,0,1,0,0,0,1,0,1,1,-1,1,1,1,0,0,1,0,0,0,1,0,-1,0,1,0,0,-1,0,1,0,0,0,0,0,0,0,-1,0,1,0,-1,-1,0,0,0,0,0,-1,0,0,0,0,0,0,-1,0,0,0,0,0,0,0
1452,-1,0,-1,-1,0,0,0,0,0,1,0,1,1,0,0,0,0,0,-1,0,0,0,0,-1,0,1,0,0,0,0,0,0,0,1,0,0,1,0,0,0,0,1,0,-1,0,0,0,0,0,1,0,0,1,0,0,0,0,0,0,0,0,1,-1,1
1453,0,-1,0,0,0,0,0,-1,0,1,0,1,0,1,0,0,-1,0,1,0,0,0,-1,-1,0,1,0,0,1,0,0,1,0,0,0,-1,-1,0,-1,-1,0,-1,0,0,1,0,0,0,-1,0,1,-1,-1,1,1,0,0,1,0,0,0,0,0,0
1454,1,0,0,1,0,0,0,-1,-1,0,0,-1,0,0,1,0,-1,0,0,0,-1,0,0,-1,0,1,0,0,0,0,0,0,0,0,1,0,0,-1,1,0,0,0,1,0,0,0,1,0,0,0,0,1,1,-1,-1,0,0,0,0,0,0,0,1,-1
1455,-1,1,1,-1,0,0,0,0,1,0,0,0,-1,0,0,-1,0,1,-1,1,0,1,0,0,0,-1,0,0,0,0,0,-1,0,1,0,0,0,0,1,0,-1,0,0,0,-1,0,0,0,0,0,0,-1,0,0,0,-1,1,0,1,-1,0,-1,-1,-1
1456,-1,0,0,0,0,0,0,0,0,-1,0,0,0,0,1,1,-1,0,0,0,0,0,0,1,0,0,0,0,0,0,0,0,0,0,0,-1,1,0,0,0,1,0,0,0,-1,0,-1,0,0,-1,0,1,0,0,0,-1,0,0,0,0,-1,0,1,-1
1457,0,0,0,0,1,0,0,0,0,0,0,1,-1,1,0,1,0,0,0,-1,1,0,0,-1,0,0,1,1,0,-1,1,0,1,0,1,0,0,0,0,-1,0,0,0,0,0,0,0,0,0,1,0,1,0,1,0,-1,1,0,0,0,1,-1,0,0
1458,0,0,0,-1,0,0,0,-1,0,1,0,0,0,0,0,0,1,0,0,-1,-1,0,0,1,0,0,0,0,0,0,0,-1,-1,0,-1,0,0,0,1,0,0,0,0,0,1,0,0,0,0,1,0,1,0,0,0,0,0,0,0,-1,1,1,0,1
1459,0,-1,-1,0,1,0,0,0,0,0,0,0,0,-1,0,0,1,1,0,-1,0,-1,0,1,-1,0,0,0,-1,1,0,0,0,-1,0,0,0,0,0,1,1,-1,0,-1,0,0,1,0,0,0,-1,0,-1,0,0,0,1,1,1,1,0,1,0,0
1460,1,1,0,-1,1,-1,0,1,0,1,0,0,0,0,0,-1,0,0,0,0,1,-1,0,0,0,0,0,0,-1,1,0,0,0,0,0,0,0,0,-1,-1,0,0,-1,0,1,0,0,-1,0,0,-1,0,0,-1,0,0,0,0,0,0,1,0,0,-1
1461,1,0,0,0,0,1,0,0,1,0,0,0,0,1,0,0,0,1,0,-1,0,0,-1,0,-1,-1,0,-1,0,0,0,0,-1,0,-1,0,-1,0,-1,-1,0,0,0,0,1,0,-1,0,0,0,0,-1,0,1,0,-1,0,0,0,0,0,1,1,0
1462,1,0,0,0,0,0,1,0,0,0,-1,-1,1,0,0,0,0,-1,0,0,0,0,0,0,-1,0,0,0,0,0,-1,0,0,1,0,0,-1,0,0,1,0,0,0,-1,0,1,0,0,-1,0,0,-1,0,0,0,-1,0,0,0,0,0,0,0,1
1463,1,-1,0,0,0,0,0,0,1,0,0,0,1,1,-1,0,0,-1,-1,-1,-1,0,0,0,0,0,1,0,0,1,0,0,0,1,0,0,0,1,-1,1,0,0,1,0,0,-1,1,0,0,-1,-1,1,0,-1,1,0,0,-1,-1,-1,0,0,-1,0
1464,0,0,0,0,1,0,-1,-1,0,0,0,-1,0,0,0,0,-1,-1,-1,0,0,0,1,1,0,0,1,0,1,-1,1,1,0,0,-1,0,0,0,1,0,0,0,0,1,0,0,0,1,0,-1,0,-1,0,0,0,1,0,1,0,0,0,0,0,-1
1465,0,-1,-1,0,0,0,0,0,0,0,0,1,0,1,1,0,-1,0,1,0,0,1,1,0,-1,0,0,0,1,0,0,-1,0,0,0,0,1,0,-1,1,0,1,0,0,0,0,-1,0,-1,-1,0,1,0,-1,0,-1,0,0,1,0,0,0,-1,0
1466,0,0,-1,0,0,0,1,0,0,-1,0,1,0,0,0,-1,0,1,0,-1,-1,0,0,0,1,0,-1,0,0,-1,0,-1,-1,-1,0,-1,0,1,0,0,0,0,0,0,0,1,0,-1,1,0,0,-1,0,0,0,0,0,0,0,0,0,1,1,1
1467,0,-1,0,-1,-1,0,0,0,0,1,0,0,0,1,0,0,0,0,0,0,0,1,0,-1,0,0,0,-1,0,1,0,0,-1,0,0,1,0,1,0,1,0,1,1,0,0,0,0,0,-1,1,-1,0,0,0,0,-1,0,0,0,0,1,0,1,-1
1468,-1,-1,0,0,0,-1,0,0,0,0,0,0,0,0,1,0,0,0,0,0,1,0,-1,0,0,0,1,0,1,0,0,0,0,0,0,0,0,1,0,-1,-1,0,-1,0,1,0,0,0,0,0,0,-1,0,-1,0,1,0,0,0,1,1,0,0,0
1469,-1,-1,0,0,-1,0,0,0,0,-1,0,1,0,0,-1,0,0,1,0,0,0,1,0,0,-1,0,0,0,0,0,-1,1,0,1,0,0,0,1,0,-1,0,0,-1,1,0,0,0,0,0,0,0,0,0,-1,0,0,0,0,-1,1,0,0,1,1
1470,0,0,-1,0,1,0,0,0,0,0,0,0,0,0,-1,-1,-1,-1,1,-1,0,0,0,1,1,0,0,1,-1,0,0,1,-1,1,0,0,0,0,0,0,0,0,-1,0,0,0,0,0,0,0,0,1,-1,0,1,1,0,0,-1,0,0,0,-1,0
1471,-1,0,0,0,0,0,1,0,0,0,-1,1,0,0,0,-1,-1,0,1,-1,0,0,1,0,0,0,0,0,0,0,0,0,-1,0,0,-1,0,0,0,0,0,0,0,0,1,1,0,0,1,1,1,0,-1,0,1,0,-1,-1,0,0,-1,-1,0,-1
1472,0,0,0,-1,-1,0,0,0,0,0,1,0,0,0,0,-1,-1,0,0,-1,1,0,0,0,0,0,-1,1,0,0,0,0,0,0,1,-1,0,-1,0,0,-1,0,0,1,0,0,0,0,0,0,1,-1,0,0,0,0,0,0,0,0,0,0,0,0
1473,0,1,0,0,1,-1,0,0,0,0,-1,0,1,1,1,0,-1,0,0,-1,1,-1,0,0,0,0,-1,0,1,-1,0,0,1,-1,0,0,0,1,-1,0,0,0,0,0,0,-1,0,-1,1,0,0,-1,0,0,0,0,0,-1,0,1,0,0,0,-1
1474,0,0,0,1,0,1,0,0,1,0,1,0,0,-1,0,1,0,0,0,0,0,1,1,-1,0,0,0,-1,-1,-1,0,0,0,0,0,-1,1,1,0,0,-1,1,0,0,0,-1,-1,0,-1,0,0,0,0,-1,-1,0,0,-1,0,1,-1,0,1,0
1475,0,1,0,1,0,0,0,-1,0,0,0,1,0,1,0,1,0,0,-1,0,0,0,0,1,0,0,0,0,-1,0,0,0,0,0,0,0,1,0,0,0,0,1,0,-1,-1,1,-1,1,0,1,0,-1,1,-1,1,1,0,1,0,0,0,0,0,-1
1476,0,0,0,0,0,0,0,0,-1,-1,-1,-1,0,0,0,1,0,0,0,0,-1,0,0,0,1,1,1,0,0,1,-1,0,0,0,0,1,0,-1,0,0,0,0,0,0,0,0,1,-1,0,1,0,0,0,1,0,-1,0,-1,1,0,1,-1,0,-1
1477,0,0,0,0,-1,0,0,-1,0,0,0,0,1,0,0,0,0,1,0,1,1,0,0,-1,0,0,0,0,0,0,0,0,0,0,0,0,0,1,1,-1,0,-1,0,0,-1,0,0,0,-1,0,-1,0,0,0,0,0,0,0,0,0,-1,0,0,0
1478,0,0,0,0,-1,0,0,0,0,1,0,0,0,0,1,1,0,0,1,-1,0,0,0,0,0,0,1,0,0,0,0,0,0,0,0,0,1,-1,0,0,0,0,0,-1,1,1,0,0,-1,0,0,0,0,0,0,0,0,0,0,0,-1,1,0,1
1479,1,0,-1,0,0,0,0,1,1,0,1,0,0,0,-1,0,0,0,0,0,0,1,-1,1,0,0,0,0,0,-1,0,0,1,-1,-1,0,1,0,1,0,0,0,0,0,0,1,0,1,0,-1,0,0,0,0,0,0,0,0,-1,1,0,-1,0,1
1480,0,0,0,0,0,0,0,0,0,-1,0,0,0,0,0,1,0,-1,1,0,0,0,1,-1,-1,0,0,0,0,1,0,0,0,1,0,0,0,0,0,0,0,0,-1,0,0,0,0,0,0,0,0,0,0,0,0,0,0,0,-1,0,0,0,0,1
1481,0,1,-1,1,1,0,0,1,0,1,0,0,0,-1,0,1,0,-1,0,-1,0,0,1,0,1,0,0,0,0,-1,0,-1,1,-1,0,-1,0,0,1,0,1,1,0,0,0,0,0,0,-1,0,0,0,0,-1,0,1,0,1,0,0,0,-1,0,1
1482,1,0,0,-1,-1,0,0,1,1,-1,0,0,0,0,0,0,0,-1,0,0,0,0,0,1,0,0,0,-1,0,0,-1,0,0,0,0,0,-1,1,0,0,0,1,0,-1,0,0,0,-1,0,1,-1,0,0,0,1,-1,1,0,0,0,0,0,0,0
1483,0,0,1,0,-1,0,1,0,0,1,0,1,-1,0,0,0,-1,1,0,0,0,0,1,0,-1,0,0,0,0,0,0,0,-1,0,1,1,0,1,1,1,0,1,1,-1,-1,0,0,0,0,0,0,0,0,0,0,0,0,0,0,0,0,0,1,0
1484,0,0,0,0,1,0,0,0,0,1,1,1,1,0,0,0,0,0,0,0,0,0,0,0,0,0,1,-1,-1,0,-1,0,0,0,0,0,0,0,0,-1,0,0,0,0,1,0,-1,-1,0,0,0,0,0,0,0,0,0,0,1,1,-1,0,0,0
1485,0,0,1,0,0,0,0,1,-1,0,-1,0,1,0,-1,-1,0,0,1,-1,1,0,0,0,-1,1,0,0,0,0,0,-1,-1,0,0,0,0,0,0,0,1,0,1,0,0,0,0,0,0,0,1,-1,0,0,-1,0,-1,1,0,0,0,0,0,0
1486,1,0,0,0,0,-1,0,-1,-1,-1,0,0,0,0,0,0,1,0,1,0,0,0,0,0,0,-1,0,0,0,0,0,0,-1,0,0,0,-1,-1,0,0,1,0,-1,0,-1,0,0,0,1,0,0,0,0,0,1,0,-1,0,0,-1,0,1,1,0
1487,0,1,-1,0,1,-1,0,0,1,0,0,1,0,0,-1,1,-1,0,0,0,1,0,0,0,0,0,0,0,-1,0,0,0,0,0,0,0,0,0,1,0,0,0,0,0,0,0,0,0,0,0,0,0,0,1,0,0,0,0,0,-1,-1,-1,0,0
1488,0,1,0,0,0,1,0,0,-1,0,0,1,0,0,-1,0,0,0,0,-1,0,0,-1,0,0,0,0,0,0,1,0,0,0,0,0,0,0,1,0,0,0,1,0,0,1,0,-1,1,0,0,0,-1,0,0,0,-1,0,0,-1,0,0,0,0,-1
1489,0,1,0,0,0,0,0,0,0,0,-1,0,0,1,-1,0,-1,1,0,0,0,0,0,0,-1,-1,1,0,0,0,1,0,0,1,0,1,0,1,-1,0,0,1,0,0,1,0,0,-1,0,0,-1,0,0,0,0,-1,-1,1,0,0,1,0,-1,0
1490,0,0,0,1,0,-1,0,0,-1,1,1,0,0,0,-1,0,0,0,0,0,0,-1,0,0,0,0,0,-1,-1,0,1,0,0,0,0,1,0,0,0,0,0,0,0,0,0,0,1,0,0,0,-1,0,0,0,1,0,0,0,0,0,0,-1,0,-1
1491,0,-1,0,0,0,0,0,0,-1,1,0,0,0,0,0,0,-1,1,0,-1,0,0,0,-1,0,0,0,1,1,1,1,1,1,0,1,1,0,0,1,0,-1,0,-1,-1,0,1,-1,0,1,0,0,0,1,0,-1,0,0,-1,-1,-1,0,0,0,0
1492,0,0,0,0,0,-1,0,0,0,0,0,0,-1,0,-1,0,-1,0,0,0,0,0,0,0,1,0,0,0,0,-1,1,-1,0,0,1,0,0,0,-1,0,0,-1,0,0,0,0,0,0,0,-1,0,0,0,0,1,0,1,0,0,0,0,-1,0,-1
1493,0,-1,0,-1,0,0,1,0,1,0,0,-1,0,0,-1,0,0,-1,0,0,-1,0,1,0,0,0,0,-1,0,0,0,0,0,0,0,0,0,-1,0,0,1,0,0,0,0,0,0,0,1,1,0,-1,-1,0,0,-1,0,-1,0,0,0,0,0,0
1494,0,0,0,0,0,0,-1,-1,1,0,0,1,1,1,0,-1,0,0,0,0,0,0,0,0,0,0,0,-1,0,0,-1,1,0,0,0,-1,0,0,0,0,0,0,-1,-1,-1,0,1,1,1,1,0,0,0,0,-1,-1,1,1,0,0,-1,1,-1,0
1495,0,0,0,0,0,1,-1,0,0,0,0,0,0,0,0,1,0,0,-1,0,0,1,1,0,0,0,-1,-1,0,0,-1,0,0,0,0,1,1,-1,1,0,1,0,-1,0,0,0,0,-1,0,0,0,0,0,0,0,0,0,0,-1,1,0,0,1,-1
1496,1,1,0,1,0,0,0,-1,-1,0,0,1,1,0,0,0,-1,0,0,1,0,0,0,-1,0,0,0,0,0,1,0,-1,1,0,0,0,0,0,0,0,0,0,0,0,0,0,0,0,1,0,0,0,-1,0,1,1,-1,0,1,1,0,-1,0,0
1497,0,0,0,0,0,0,0,1,0,1,0,0,0,0,0,0,0,0,0,1,0,0,0,0,1,0,0,0,0,1,0,-1,0,0,-1,1,0,0,0,0,0,1,0,0,0,0,1,0,0,0,0,0,0,0,0,0,1,0,0,1,0,0,0,1
1498,1,0,0,0,0,0,1,1,1,0,0,0,0,0,0,0,1,-1,1,1,0,-1,0,0,-1,1,0,-1,0,0,1,0,0,1,0,-1,0,-1,-1,0,-1,-1,0,0,0,0,0,1,0,0,0,-1,0,0,0,-1,-1,0,-1,0,-1,0,0,0
1499,1,0,0,-1,0,0,0,0,-1,0,0,1,0,0,0,0,-1,0,1,0,0,0,0,0,0,0,1,0,1,0,0,0,1,-1,1,0,-1,1,1,0,0,0,0,0,-1,0,0,1,-1,0,1,0,0,1,0,-1,0,1,0,0,0,-1,0,0
1500,-1,-1,1,0,-1,-1,0,-1,0,0,1,0,-1,0,0,0,0,0,1,-1,0,0,0,1,0,0,0,1,-1,0,-1,-1,0,0,0,0,0,0,0,-1,0,0,0,0,1,0,1,0,0,-1,0,0,1,0,-1,0,0,0,0,0,-1,0,0,-1
1501,0,0,-1,0,-1,0,0,0,0,1,0,0,0,0,0,0,0,0,0,0,0,0,0,0,0,0,0,-1,0,-1,1,1,0,1,-1,0,0,0,0,-1,0,0,0,0,1,0,-1,0,1,1,1,0,0,0,-1,-1,0,1,0,1,0,-1,0,0
1502,1,-1,0,-1,0,0,-1,0,0,0,0,0,0,0,0,0,-1,0,0,-1,0,0,0,0,0,-1,-1,1,1,0,-1,0,0,0,0,-1,1,0,0,0,0,0,0,0,-1,0,-1,0,0,1,0,-1,1,0,1,0,0,0,0,0,0,0,0,1
1503,0,1,0,1,0,-1,0,0,0,0,1,1,0,1,0,0,1,0,0,0,0,0,0,-1,0,0,-1,-1,0,-1,0,0,0,-1,0,0,0,-1,-1,-1,0,1,0,1,1,-1,0,-1,0,-1,0,0,0,0,1,-1,1,0,0,-1,0,0,0,0
1504,0,1,0,0,0,1,0,-1,0,0,0,0,0,-1,-1,-1,0,0,0,1,-1,0,0,0,1,-1,0,0,0,0,0,0,0,1,1,0,0,0,-1,0,0,0,0,0,1,-1,0,1,0,0,0,1,-1,-1,1,0,0,0,0,0,-1,1,0,-1
1505,0,1,0,0,0,-1,1,0,0,0,0,0,0,0,0,0,1,1,0,0,0,0,0,-1,-1,1,0,0,0,0,0,-1,1,0,0,0,0,0,1,-1,0,0,-1,0,0,-1,0,-1,0,-1,0,0,1,0,-1,0,0,0,0,0,-1,0,1,0
1506,0,0,-1,-1,1,-1,0,0,0,-1,0,1,0,0,1,1,-1,0,0,0,-1,0,-1,0,0,0,0,0,0,1,0,0,0,0,0,-1,0,0,0,0,0,1,1,1,0,0,0,0,0,0,-1,0,0,0,0,0,-1,0,0,0,-1,-1,0,0
1507,-1,-1,0,0,0,0,1,1,0,0,1,1,0,-1,0,1,1,1,-1,1,0,0,1,0,1,0,0,0,0,0,0,-1,0,0,0,0,1,-1,0,0,0,0,0,0,0,0,0,0,1,1,1,-1,-1,0,0,0,0,0,0,1,0,0,0,0
1508,-1,1,0,1,-1,1,0,0,0,0,0,1,0,-1,0,0,0,1,0,0,0,0,0,0,1,-1,1,0,-1,0,0,0,0,0,0,0,-1,1,-1,0,0,1,0,0,0,1,0,0,0,1,1,0,0,0,0,1,0,0,-1,1,0,0,0,0
1509,0,0,0,0,0,0,0,-1,1,0,-1,0,0,0,0,-1,0,-1,1,0,1,0,0,0,0,0,0,1,0,0,0,0,-1,1,1,0,0,0,0,0,0,0,-1,0,-1,0,1,0,0,0,-1,0,0,-1,0,-1,0,-1,0,-1,0,-1,0,0
1510,0,0,0,1,1,0,0,-1,-1,0,1,0,0,-1,0,0,0,1,-1,1,0,0,0,1,1,0,0,1,0,0,0,1,0,0,-1,0,-1,0,-1,-1,0,1,-1,0,0,0,0,-1,0,0,0,1,-1,0,0,1,0,-1,-1,0,0,0,1,-1
1511,0,1,0,0,0,0,-1,1,1,0,0,-1,-1,-1,0,1,0,0,0,0,0,-1,0,-1,0,0,-1,0,0,0,0,0,1,0,0,0,-1,0,0,-1,0,0,0,-1,0,0,-1,0,0,-1,0,0,0,0,0,0,0,0,0,0,0,0,0,1
1512,0,0,0,1,0,-1,0,-1,0,0,0,0,0,0,0,0,0,1,1,-1,0,0,0,0,0,0,0,0,1,0,1,0,0,0,0,0,0,0,0,0,0,1,0,0,1,0,0,1,0,0,-1,0,0,0,0,0,0,-1,0,0,0,0,0,0
1513,1,0,0,0,0,0,0,0,0,0,0,0,0,0,1,0,-1,-1,0,0,0,0,1,0,0,0,0,0,0,-1,0,0,0,1,0,0,1,0,0,1,0,-1,0,0,-1,0,1,-1,-1,0,0,0,1,0,0,0,1,1,0,0,0,0,0,0
1514,1,-1,0,0,-1,0,0,0,0,1,1,0,1,0,0,0,0,-1,1,-1,1,0,0,0,0,-1,0,0,0,0,1,0,-1,0,0,0,-1,0,0,0,1,0,-1,0,0,1,0,0,0,-1,0,0,1,0,-1,0,0,-1,0,1,0,0,0,1
1515,0,0,0,1,0,0,-1,0,0,0,-1,0,1,1,-1,1,0,-1,1,0,0,-1,0,0,0,-1,0,0,1,0,1,-1,0,-1,0,0,0,1,0,1,0,0,0,-1,-1,-1,0,1,0,0,1,0,1,-1,0,0,0,0,0,1,-1,-1,1,0
1516,0,0,-1,0,0,-1,0,0,0,0,0,0,0,1,0,0,0,0,1,1,0,0,0,-1,0,0,-1,0,0,0,0,0,0,0,0,0,0,1,0,-1,0,-1,-1,-1,1,1,0,0,0,0,0,0,1,0,1,0,0,0,0,-1,0,1,0,1
1517,0,1,0,0,0,0,0,-1,-1,-1,0,0,-1,-1,-1,1,1,1,0,0,0,0,0,0,0,1,0,0,0,-1,0,0,1,-1,-1,0,1,1,0,1,0,-1,1,1,0,0,0,-1,0,1,1,0,0,1,1,1,1,0,0,0,0,0,-1,0
1518,0,0,-1,0,1,1,0,-1,0,1,-1,1,-1,-1,0,0,0,0,-1,0,0,0,0,0,0,1,0,1,0,0,1,0,0,0,1,0,-1,0,0,0,0,1,0,0,0,0,1,0,0,-1,0,-1,0,0,0,0,1,1,-1,0,0,0,0,0
1519,0,0,0,0,0,0,0,0,0,0,0,0,0,0,0,0,0,0,0,0,0,1,0,0,0,0,-1,-1,0,0,0,0,-1,1,-1,0,0,-1,0,0,-1,0,0,0,0,-1,0,0,0,0,0,1,1,0,1,1,0,1,1,-1,0,0,0,0
1520,0,1,-1,1,0,1,0,0,0,-1,0,0,0,0,1,0,0,0,1,1,1,1,1,0,0,0,0,1,-1,-1,1,-1,0,0,1,0,0,0,0,0,0,0,0,0,0,1,0,-1,0,0,1,0,-1,0,0,1,-1,-1,-1,-1,0,-1,0,0
1521,1,1,0,0,0,0,0,0,0,0,0,-1,0,-1,0,0,0,0,0,0,0,0,0,0,0,0,0,0,0,0,1,1,1,0,0,1,0,0,1,-1,0,0,0,0,1,0,0,1,-1,0,0,0,0,0,-1,0,0,1,0,0,0,0,1,0
1522,1,0,-1,0,0,0,0,1,1,0,0,0,0,0,-1,0,1,0,0,-1,0,0,0,0,-1,0,1,0,1,0,0,0,-1,-1,1,0,0,-1,0,1,0,0,1,0,0,0,0,0,0,1,-1,-1,0,-1,0,0,0,1,1,1,0,0,0,0
1523,0,-1,0,-1,0,0,0,0,0,0,-1,0,1,0,0,0,0,0,0,0,1,0,1,0,0,1,-1,-1,0,0,-1,0,-1,1,0,1,0,0,0,-1,0,0,-1,-1,0,0,0,0,0,0,0,1,1,0,1,0,0,1,0,-1,1,1,0,1
1524,0,-1,0,1,0,0,1,0,1,1,-1,0,1,-1,1,0,0,0,1,0,-1,1,0,0,0,0,-1,0,0,0,0,1,1,0,0,0,-1,0,1,0,0,0,0,0,0,0,0,0,0,0,0,0,0,0,0,-1,0,0,1,0,-1,1,1,0
1525,0,0,1,0,0,1,0,0,0,0,0,1,1,0,0,-1,0,-1,-1,0,-1,1,1,0,0,0,-1,0,0,0,0,0,0,0,-1,0,0,0,1,0,-1,0,0,0,-1,0,-1,0,0,-1,0,-1,1,0,0,-1,1,0,-1,0,0,0,0,0
1526,0,-1,0,-1,-1,0,-1,-1,0,0,0,-1,0,0,0,1,1,0,0,-1,1,0,0,0,-1,0,1,0,0,0,1,0,0,1,-1,0,0,0,1,0,0,0,0,0,1,0,0,0,-1,0,0,1,-1,0,0,-1,0,-1,0,1,1,-1,0,0
1527,0,0,1,0,0,0,0,1,0,0,0,1,0,0,0,0,-1,1,0,-1,0,0,0,0,1,0,0,0,0,0,0,0,0,1,0,0,1,-1,0,1,0,0,0,1,-1,1,0,0,-1,1,0,0,0,1,0,0,0,0,0,0,1,0,0,0
1528,0,1,0,0,0,0,1,-1,-1,0,0,-1,0,1,0,-1,0,1,0,0,0,0,-1,0,1,0,0,0,0,0,0,0,0,-1,0,-1,0,0,0,0,1,-1,0,-1,1,-1,0,0,0,-1,-1,0,0,0,0,-1,0,1,0,-1,0,-1,0,0
1529,1,0,0,0,0,0,-1,0,1,0,0,0,-1,1,0,0,0,-1,0,0,0,0,0,0,-1,-1,0,-1,0,0,0,1,-1,1,0,1,-1,0,1,-1,0,1,0,-1,0,0,-1,1,-1,0,0,0,0,0,0,0,0,1,0,0,0,0,0,0
1530,0,0,0,0,-1,0,0,0,0,0,0,0,0,0,0,0,1,0,0,0,1,-1,0,0,0,0,0,0,0,0,0,-1,0,0,0,0,0,0,1,0,-1,-1,-1,-1,1,1,1,1,1,0,1,1,1,0,0,0,1,0,0,0,0,0,0,0
1531,1,0,0,0,0,0,0,0,0,0,1,0,1,0,0,-1,-1,0,0,0,1,0,0,-1,0,-1,1,0,1,-1,1,0,-1,0,0,0,-1,0,1,-1,0,0,1,0,0,0,0,0,1,0,0,-1,-1,0,-1,-1,0,0,0,0,0,-1,1,0
1532,0,0,0,1,0,0,0,-1,1,-1,0,1,1,0,0,0,0,1,0,0,-1,0,0,0,0,0,-1,0,0,1,0,0,0,1,0,-1,0,0,0,0,0,-1,0,-1,0,0,0,0,0,0,0,-1,0,0,-1,1,1,1,0,0,0,0,1,0
1533,0,0,1,0,0,0,-1,-1,0,-1,0,-1,1,0,-1,0,-1,0,0,0,0,1,0,0,0,0,0,0,0,0,0,0,0,0,0,0,0,0,-1,0,1,1,-1,0,-1,0,1,1,0,0,-1,0,0,0,0,-1,0,1,0,-1,0,0,0,0
1534,0,0,-1,0,0,0,-1,0,-1,0,1,0,0,0,0,0,0,0,0,-1,0,1,0,-1,1,0,0,0,0,-1,0,0,0,0,0,0,0,0,0,0,1,0,0,-1,1,1,0,1,0,0,0,0,-1,0,1,-1,-1,1,1,0,-1,1,0,-1
1535,0,0,0,1,0,0,0,-1,0,0,0,0,0,0,1,-1,0,0,0,1,1,1,0,-1,0,0,1,0,0,-1,0,0,0,0,1,1,1,0,1,0,-1,0,0,-1,0,0,0,0,0,0,0,0,0,0,0,0,-1,0,0,0,0,0,-1,1
1536,1,1,1,0,0,1,0,0,0,0,0,0,0,0,0,1,0,0,0,0,0,0,0,0,0,0,-1,0,0,0,0,0,0,0,-1,0,-1,0,0,0,-1,0,0,-1,0,1,-1,0,1,1,0,0,0,1,0,0,0,-1,0,0,0,0,0,0
1537,-1,1,0,0,1,0,0,0,0,0,0,-1,0,0,0,0,0,0,1,0,1,-1,1,-1,1,0,0,-1,0,0,0,0,0,0,0,0,1,1,0,0,0,0,-1,-1,0,1,0,-1,0,0,0,1,0,0,0,0,0,1,0,0,1,0,0,0
1538,0,0,-1,-1,0,0,0,0,0,0,0,0,-1,0,0,-1,0,-1,0,-1,-1,1,0,0,0,0,0,0,0,0,0,0,0,-1,1,0,0,0,1,0,0,0,0,0,0,0,0,0,0,0,-1,0,0,0,1,1,-1,1,1,0,0,-1,1,-1
1539,-1,0,0,0,1,1,0,0,0,0,0,-1,0,0,0,0,0,0,0,0,0,0,1,-1,0,0,1,0,-1,-1,0,1,0,0,1,-1,0,0,0,0,0,0,0,0,0,0,1,1,0,-1,0,-1,0,-1,-1,0,0,-1,1,0,0,0,0,0
1540,0,0,0,0,0,0,0,-1,0,0,0,0,0,0,0,-1,0,0,-1,0,0,0,0,-1,1,0,0,0,0,-1,0,0,0,0,0,0,0,0,1,0,-1,0,-1,0,0,1,0,0,0,0,-1,0,0,-1,0,1,1,-1,0,0,1,-1,-1,0
1541,0,0,-1,0,0,0,-1,-1,0,1,0,0,-1,-1,0,0,0,0,0,-1,0,0,-1,0,1,0,0,0,0,1,1,0,0,0,1,0,0,-1,1,0,0,0,-1,1,0,0,0,0,0,1,-1,0,1,0,0,0,0,0,1,0,0,1,0,1
1542,0,1,-1,0,-1,-1,0,0,0,0,1,0,0,-1,0,0,-1,0,0,-1,1,0,0,0,0,0,1,0,0,0,0,1,0,1,0,-1,0,0,0,0,0,0,0,-1,-1,1,0,0,1,1,0,1,0,1,-1,0,-1,-1,0,0,0,0,1,0
1543,-1,1,0,0,-1,-1,0,1,0,0,1,1,1,0,-1,0,0,1,0,-1,0,0,0,-1,1,0,0,-1,1,1,0,0,0,0,0,1,0,0,0,-1,0,0,0,0,-1,1,-1,-1,0,0,1,0,0,0,0,1,0,0,1,0,0,0,0,1
1544,0,0,1,0,0,1,0,1,-1,1,0,-1,1,1,0,0,0,0,0,0,1,0,0,0,0,0,0,0,0,0,0,0,0,0,-1,0,0,0,1,-1,0,1,0,1,0,0,0,0,0,0,1,0,0,0,0,1,1,0,1,0,0,1,-1,-1
1545,0,-1,0,0,-1,0,0,0,-1,0,0,0,0,-1,0,0,0,1,0,0,0,0,1,0,0,-1,0,1,-1,0,-1,0,0,-1,0,-1,0,0,0,0,0,0,1,-1,0,0,0,0,-1,0,0,0,0,0,-1,1,-1,0,0,1,0,0,0,0
1546,1,0,-1,0,1,-1,0,0,0,1,0,0,0,0,0,0,1,1,0,1,0,0,0,0,1,-1,0,1,1,0,0,0,1,0,0,1,0,0,0,0,-1,0,-1,0,-1,0,0,0,0,0,-1,0,-1,-1,0,0,0,0,-1,0,0,1,-1,1
1547,-1,1,0,1,0,-1,-1,0,0,0,1,0,0,0,0,0,1,0,1,0,0,0,0,0,0,-1,-1,0,0,-1,0,0,0,-1,1,0,-1,-1,0,1,0,0,-1,0,0,0,0,0,1,1,1,0,-1,0,0,1,1,0,1,1,0,0,0,0
1548,1,0,0,0,0,0,0,0,1,0,0,0,0,0,1,0,0,-1,-1,0,0,-1,0,0,0,0,0,1,-1,0,0,-1,0,0,1,1,0,0,1,-1,0,0,0,0,0,0,0,0,0,-1,0,-1,1,0,0,0,0,0,0,0,0,0,0,1
1549,1,0,0,0,1,0,-1,0,-1,-1,0,0,0,0,0,0,0,0,0,-1,0,1,-1,0,-1,-1,0,0,-1,-1,1,-1,0,0,0,0,0,0,0,0,0,1,0,0,0,0,1,1,0,0,0,0,0,-1,1,0,-1,0,0,1,-1,0,-1,0
1550,1,0,1,0,0,-1,0,1,-1,0,1,0,0,0,0,-1,-1,0,1,0,0,0,0,0,0,0,0,1,0,0,0,0,1,0,0,-1,0,0,-1,0,0,0,1,0,1,-1,1,-1,1,0,0,-1,0,0,0,0,0,0,1,0,0,0,0,0
1551,0,1,0,0,0,0,0,1,0,1,0,0,0,0,1,0,0,-1,0,0,0,1,0,0,0,0,0,0,0,0,-1,-1,1,-1,1,0,1,0,1,0,0,0,1,0,0,-1,0,0,0,0,0,1,0,0,0,0,0,-1,0,0,0,0,-1,0
1552,0,1,0,1,-1,0,0,0,0,1,-1,1,0,-1,-1,0,-1,-1,0,-1,0,0,1,-1,0,-1,0,0,0,0,-1,1,0,0,0,0,0,0,1,0,0,0,0,1,-1,0,0,0,1,-1,0,0,0,1,1,1,0,0,0,0,0,1,-1,0
1553,1,1,0,-1,1,0,0,1,0,0,0,0,0,0,0,-1,0,1,0,1,0,1,1,-1,1,0,1,1,1,1,1,-1,0,1,0,0,0,-1,1,-1,0,0,0,0,0,0,0,0,0,1,0,0,-1,-1,0,0,0,0,0,1,0,-1,0,0
1554,0,0,0,-1,0,0,0,-1,1,0,1,0,0,0,0,0,0,0,1,1,1,-1,0,0,0,1,0,0,0,1,0,-1,0,0,0,0,0,0,-1,0,-1,0,0,0,-1,0,0,1,-1,0,0,1,1,-1,0,0,0,0,-1,0,0,0,1,0
1555,0,0,0,0,0,-1,0,0,-1,1,0,1,0,0,1,0,0,0,1,1,0,0,-1,-1,0,0,0,-1,0,0,-1,0,1,0,1,0,0,1,1,0,0,0,0,-1,1,0,0,0,0,1,0,1,0,0,-1,0,1,0,0,0,0,1,0,1
1556,0,0,0,0,0,0,0,-1,0,-1,1,-1,-1,0,0,0,0,1,0,1,1,-1,0,0,0,1,0,1,0,-1,0,1,0,0,0,0,1,-1,0,0,-1,0,0,0,0,-1,0,0,1,0,1,0,-1,-1,-1,-1,1,1,0,0,0,0,0,0
1557,1,0,0,0,0,0,0,0,0,-1,0,1,0,-1,0,0,1,0,1,0,-1,0,0,0,1,0,0,0,0,-1,0,0,0,0,0,1,-1,0,0,1,0,1,0,1,0,0,0,0,1,0,0,1,0,0,0,1,0,0,-1,-1,0,0,0,1
1558,-1,1,1,0,1,0,0,1,1,0,0,1,0,0,0,-1,0,0,1,0,1,0,1,0,0,0,0,1,0,0,0,0,0,0,0,0,1,1,0,-1,1,1,0,0,1,0,0,1,0,1,0,0,0,1,0,0,1,0,0,0,0,0,0,0
1559,-1,0,0,0,1,1,0,0,0,1,1,0,0,1,0,0,-1,1,0,0,0,0,0,0,0,0,-1,-1,0,0,0,0,0,0,1,1,-1,0,-1,1,1,1,-1,0,0,0,1,-1,1,0,0,0,0,0,-1,1,0,0,-1,-1,-1,-1,0,0
1560,-1,0,1,0,0,0,1,0,1,0,0,0,0,1,-1,0,0,0,0,0,0,0,0,-1,0,-1,1,1,0,0,0,1,1,-1,1,0,1,0,-1,0,0,1,0,0,1,-1,-1,0,1,0,1,1,0,0,0,0,0,0,0,1,0,0,-1,0
1561,0,0,-1,-1,0,0,1,1,0,-1,1,0,1,0,1,1,0,0,0,0,0,0,-1,0,0,0,0,0,0,1,0,0,0,-1,0,-1,0,0,0,0,0,1,0,0,1,0,0,0,0,0,-1,1,0,0,0,0,0,1,0,0,0,-1,1,0
1562,-1,0,-1,0,0,-1,0,0,0,0,0,0,0,0,0,0,-1,1,0,0,0,0,0,0,0,0,0,0,-1,-1,-1,0,0,0,0,0,0,0,1,0,0,0,-1,1,0,0,0,1,0,0,0,0,0,0,0,0,1,1,0,0,-1,0,0,-1
1563,-1,1,0,0,0,0,0,0,1,0,0,0,0,-1,1,1,0,0,1,0,0,1,0,0,0,0,-1,-1,1,1,1,-1,0,-1,-1,0,0,1,0,0,0,1,0,0,1,-1,0,0,0,0,0,0,-1,0,0,0,0,0,0,-1,0,1,-1,0
1564,0,1,0,-1,0,0,0,0,0,0,1,0,1,0,-1,1,1,0,0,0,0,1,0,0,0,1,0,1,0,0,0,0,0,0,0,0,1,0,0,0,0,0,1,0,0,-1,0,0,0,0,1,0,0,0,0,-1,-1,0,0,1,0,0,0,0
1565,0,1,0,1,0,0,-1,0,1,0,-1,-1,0,-1,0,0,1,0,1,1,0,0,0,0,0,0,0,-1,0,1,1,0,1,0,0,1,0,0,0,0,1,1,0,0,-1,0,1,1,0,-1,0,0,0,-1,0,-1,0,0,0,1,1,-1,0,0
1566,0,0,0,0,0,0,1,1,0,0,0,0,0,-1,0,0,-1,-1,0,0,0,0,0,0,-1,0,0,0,0,0,0,0,1,-1,0,0,0,0,1,1,0,0,-1,1,0,0,0,1,0,0,0,0,0,-1,-1,0,0,0,0,0,0,-1,0,0
1567,0,0,1,0,0,0,-1,1,1,-1,0,0,-1,0,0,-1,0,1,0,0,1,0,0,0,0,-1,0,0,-1,0,-1,0,1,0,0,0,0,-1,0,1,0,0,0,0,0,1,1,0,-1,0,0,0,0,1,1,1,-1,0,0,1,0,0,0,0
1568,0,1,-1,0,0,1,1,-1,-1,0,1,-1,-1,0,0,0,-1,-1,-1,0,1,-1,0,0,0,0,0,0,1,0,0,0,0,0,1,0,0,0,0,-1,0,0,-1,0,0,0,1,-1,0,1,0,-1,-1,0,1,1,0,0,-1,0,0,0,0,-1
1569,0,0,0,1,1,0,0,-1,0,-1,0,1,0,0,1,0,1,0,-1,0,0,0,0,0,0,0,0,1,1,0,0,0,1,0,-1,0,-1,1,0,0,-1,-1,0,0,0,0,1,-1,0,0,0,0,0,-1,0,0,0,0,-1,1,0,-1,0,0
1570,0,0,-1,0,1,0,1,1,1,-1,0,0,0,1,0,0,0,0,0,0,0,0,0,0,0,0,0,-1,1,0,0,1,0,0,0,0,0,1,0,1,1,0,0,0,0,1,-1,0,0,0,0,0,0,-1,-1,0,1,1,0,0,1,-1,1,0
1571,0,0,0,0,0,-1,0,-1,0,0,0,-1,1,0,1,0,0,-1,0,0,0,-1,0,0,0,0,-1,0,-1,0,-1,0,0,1,0,0,0,0,0,0,0,0,0,0,0,-1,0,1,0,0,-1,1,0,0,0,0,-1,0,0,0,0,0,0,0
1572,1,0,-1,-1,0,0,0,-1,1,0,-1,0,-1,1,0,1,0,-1,-1,0,0,0,1,0,0,0,0,0,1,0,0,0,0,0,1,1,0,-1,0,1,-1,0,0,-1,0,0,-1,1,0,0,1,0,0,0,1,0,-1,-1,0,0,0,0,0,-1
1573,0,0,0,0,0,-1,0,0,-1,0,0,1,0,0,1,0,0,0,0,0,0,-1,0,0,-1,1,0,0,1,-1,1,0,0,1,0,0,0,0,0,1,0,0,0,-1,1,0,1,0,0,0,0,1,0,-1,0,0,0,0,0,0,0,0,0,0
1574,0,1,0,0,0,0,0,0,1,0,0,0,-1,1,1,0,0,0,0,1,0,0,0,0,-1,-1,0,0,0,0,-1,0,0,0,0,-1,1,0,0,0,0,0,0,1,0,0,0,-1,0,1,1,-1,0,-1,1,0,0,0,0,0,0,0,0,1
1575,0,-1,0,1,0,-1,0,0,0,0,1,-1,0,0,0,-1,0,-1,0,0,1,0,0,0,0,0,0,0,0,0,1,0,0,0,0,-1,0,1,-1,1,1,-1,-1,0,1,0,0,0,0,0,0,1,0,0,1,0,0,1,0,0,0,-1,-1,0
1576,-1,0,0,0,0,1,0,0,-1,-1,-1,-1,0,1,0,0,1,0,0,-1,1,0,0,0,0,-1,0,0,0,0,0,0,0,0,0,1,0,0,0,0,0,0,0,0,0,0,0,1,0,0,1,0,0,0,-1,0,1,1,-1,0,1,0,0,1
1577,0,0,0,-1,0,0,1,0,0,1,0,0,0,-1,-1,-1,0,0,0,0,0,0,0,1,0,0,1,1,0,-1,0,0,-1,0,0,0,1,0,0,1,0,0,0,0,0,0,0,0,1,0,1,0,0,0,0,-1,0,0,1,0,0,0,1,0
1578,1,0,0,0,0,0,0,1,0,0,1,0,0,0,0,1,0,0,-1,1,1,0,0,0,0,-1,0,0,-1,0,0,0,0,-1,0,0,1,0,0,0,0,0,0,-1,0,-1,0,-1,-1,0,-1,0,0,0,0,0,-1,0,1,1,-1,-1,0,1
1579,0,0,0,0,1,0,0,-1,0,0,0,-1,-1,0,0,-1,0,-1,0,0,1,0,0,1,0,0,1,0,-1,0,0,0,0,0,0,-1,0,0,1,0,0,1,0,0,0,0,-1,-1,0,0,-1,-1,1,0,0,0,1,-1,1,1,-1,0,0,0
1580,0,0,0,0,-1,0,0,-1,0,1,-1,0,0,1,-1,-1,0,0,-1,1,1,-1,0,0,1,-1,0,0,0,0,-1,0,0,0,0,1,-1,0,1,0,0,0,-1,0,0,0,0,0,1,0,0,0,0,0,0,0,0,0,0,0,0,-1,1,-1
1581,0,1,0,0,0,-1,0,0,0,-1,0,0,0,0,0,0,0,-1,0,0,1,0,1,0,1,0,0,0,0,0,0,1,0,-1,0,0,0,0,1,-1,0,0,-1,0,1,1,0,0,0,0,0,1,0,0,-1,0,-1,0,1,0,0,0,0,-1
1582,0,0,0,0,0,0,0,-1,0,0,0,-1,0,0,1,0,0,0,0,0,-1,0,0,0,0,0,0,0,-1,0,1,0,0,0,1,1,0,0,0,-1,1,0,1,1,0,1,0,1,0,0,0,0,0,1,0,-1,0,0,1,0,0,0,0,1
1583,0,-1,0,0,0,0,1,0,0,0,0,1,-1,1,-1,0,0,0,-1,0,0,1,0,1,1,-1,0,1,0,0,-1,0,0,0,-1,0,1,-1,-1,0,0,1,0,0,-1,1,0,-1,0,0,0,-1,0,0,0,0,0,1,0,1,0,1,0,-1
1584,-1,0,-1,0,0,-1,0,-1,0,0,-1,0,1,1,0,-1,0,0,1,0,0,0,0,0,1,-1,1,0,0,0,1,0,0,1,0,1,-1,0,-1,0,0,-1,-1,0,0,0,0,0,0,-1,0,0,1,0,1,1,0,0,1,0,0,0,-1,0
1585,0,1,0,0,0,0,0,-1,0,0,1,0,0,0,0,0,0,0,0,-1,0,0,1,-1,1,1,-1,0,0,0,0,0,1,0,0,0,0,0,0,0,0,-1,0,0,0,-1,0,0,0,-1,0,0,-1,0,0,0,1,1,1,0,0,1,0,-1
1586,0,0,-1,0,0,-1,0,0,0,1,1,1,0,1,0,0,-1,0,0,0,0,1,-1,0,-1,0,0,0,0,0,1,0,0,0,0,0,1,-1,0,0,1,-1,0,0,0,1,0,0,1,0,0,1,1,0,0,0,0,1,0,0,0,1,1,-1
1587,0,0,0,0,0,-1,0,1,-1,0,0,1,-1,-1,1,-1,0,1,-1,0,-1,0,1,1,0,0,-1,0,1,0,0,0,-1,0,0,-1,0,0,0,0,-1,0,0,0,-1,1,0,0,-1,1,0,0,0,0,0,0,0,0,1,0,0,0,0,0
1588,-1,-1,0,0,0,1,0,0,0,1,0,1,1,-1,0,0,0,0,0,1,-1,-1,0,0,0,0,0,0,-1,0,-1,0,0,1,0,0,1,0,0,-1,0,0,0,1,-1,0,0,0,0,0,0,-1,0,1,0,0,0,0,0,0,0,0,0,0
1589,1,-1,0,0,0,0,0,1,1,0,0,-1,1,0,0,0,0,-1,0,0,0,0,0,0,0,0,0,0,0,0,0,0,0,0,0,0,0,-1,-1,-1,0,1,0,0,0,-1,0,0,0,0,0,0,0,1,-1,0,0,1,1,-1,1,0,0,0
1590,0,0,-1,-1,0,1,-1,0,0,0,1,0,0,1,0,1,0,0,0,0,0,0,1,-1,0,0,1,1,0,0,1,0,1,0,0,0,0,-1,-1,0,0,0,0,1,0,0,1,1,1,1,0,0,0,0,0,0,0,0,-1,0,0,0,0,-1
1591,0,0,1,0,0,0,0,0,1,0,0,0,0,0,0,0,0,0,0,1,0,0,-1,0,0,-1,0,0,-1,0,0,0,0,0,0,0,0,-1,1,0,0,0,-1,-1,-1,0,0,0,-1,0,0,-1,0,0,0,-1,0,1,0,-1,-1,1,0,1
1592,0,-1,0,0,0,1,0,1,0,1,0,0,1,1,0,0,0,0,0,0,0,-1,-1,0,0,0,0,1,0,0,0,0,1,0,0,-1,0,0,0,0,0,0,0,1,0,0,1,-1,-1,1,0,0,1,-1,1,-1,0,-1,0,-1,-1,0,0,0
1593,0,-1,1,0,0,1,0,1,0,0,0,-1,1,1,1,1,-1,0,0,1,-1,0,1,0,0,0,0,-1,-1,0,0,-1,0,0,0,1,-1,0,0,0,-1,1,0,0,0,0,-1,0,1,0,-1,0,0,0,0,0,0,0,0,0,0,1,0,0
1594,0,0,0,0,-1,0,0,1,-1,0,0,-1,0,0,0,0,0,0,1,0,-1,0,1,0,-1,0,0,-1,1,0,0,0,0,1,0,-1,0,1,0,-1,1,1,1,1,1,1,0,-1,0,0,0,0,0,0,0,0,0,0,0,0,0,0,-1,-1
1595,0,0,1,0,1,1,-1,0,0,0,-1,0,0,0,0,-1,0,1,1,-1,1,0,0,0,-1,0,1,1,-1,1,0,1,0,1,0,0,0,-1,1,0,1,0,0,0,0,0,1,1,0,0,1,1,0,0,0,0,0,1,-1,0,0,0,-1,0
1596,1,0,0,-1,-1,1,-1,-1,0,-1,-1,0,0,0,-1,0,0,0,0,0,1,0,0,0,0,0,0,0,0,0,1,0,0,1,0,1,0,0,0,1,0,0,-1,0,-1,0,-1,1,0,0,1,0,1,0,0,0,1,0,1,0,0,0,0,0
1597,1,0,1,0,0,-1,1,0,0,0,0,0,-1,0,0,0,0,0,0,0,-1,-1,0,0,0,-1,0,-1,0,0,0,0,0,0,0,-1,-1,0,0,0,0,0,0,-1,0,0,0,1,0,0,0,0,-1,0,-1,-1,0,0,0,1,0,0,0,0
1598,0,0,1,0,-1,0,0,0,0,0,0,0,0,0,0,1,0,0,1,0,0,0,-1,0,0,0,1,0,0,0,0,0,-1,0,1,0,1,0,-1,-1,0,0,0,1,0,0,0,0,1,-1,0,1,-1,0,0,0,0,0,0,-1,0,0,0,0
1599,0,-1,0,0,1,0,-1,0,1,-1,-1,-1,1,-1,-1,0,0,0,0,-1,-1,0,0,1,0,0,-1,0,-1,1,0,-1,0,0,0,-1,-1,0,0,0,0,0,0,-1,0,0,-1,1,1,0,0,0,-1,0,0,0,0,-1,0,1,0,0,0,0
1600,0,0,0,-1,1,-1,-1,0,0,1,0,0,-1,-1,-1,0,-1,-1,0,1,-1,0,0,0,0,0,1,0,1,-1,-1,1,0,-1,1,0,0,0,0,0,0,1,0,-1,0,0,0,1,0,0,0,0,-1,1,0,1,0,0,-1,0,1,0,0,-1
1601,0,0,0,1,0,1,0,1,-1,0,0,1,0,0,0,0,0,0,-1,-1,0,0,0,0,0,0,0,-1,0,0,0,1,0,0,0,-1,0,0,-1,1,1,1,1,1,0,1,0,0,0,0,0,1,0,0,0,0,0,0,0,-1,0,-1,0,0
1602,0,0,0,-1,0,0,0,0,0,0,0,-1,0,0,-1,0,1,0,-1,0,0,1,0,0,1,0,-1,-1,0,1,0,0,1,1,0,0,1,0,0,0,0,0,1,0,1,0,0,0,0,-1,0,0,0,0,-1,0,0,0,0,0,0,0,-1,0
1603,0,1,1,0,0,0,-1,0,-1,0,0,0,1,0,0,-1,1,0,0,0,0,0,1,0,1,1,0,0,0,0,0,-1,-1,0,0,0,-1,0,0,1,0,0,-1,-1,0,-1,1,1,1,0,0,0,0,-1,0,1,-1,0,0,0,0,1,0,1
1604,1,-1,0,0,0,0,0,0,-1,-1,0,0,0,0,1,0,0,0,0,0,-1,0,0,-1,0,-1,-1,0,-1,0,1,0,-1,0,0,0,0,0,0,0,0,0,0,0,0,-1,0,0,0,0,-1,0,0,-1,1,-1,0,1,0,0,0,-1,1,0
1605,0,0,0,0,1,0,0,0,0,-1,1,1,0,0,0,0,-1,1,0,0,0,-1,1,1,0,0,0,0,1,0,0,0,1,-1,1,1,0,1,0,-1,-1,0,1,0,0,0,-1,0,0,1,0,1,0,0,0,0,-1,1,1,0,0,-1,0,1
1606,0,0,0,-1,0,0,-1,0,0,1,0,0,0,1,0,1,0,1,0,0,0,0,0,1,1,0,1,0,0,-1,1,0,0,0,0,-1,0,0,0,0,0,-1,0,0,0,1,0,0,1,1,0,-1,0,-1,0,0,1,0,0,0,0,-1,0,0
1607,0,1,0,0,0,0,0,0,0,1,0,0,0,0,1,0,1,0,0,0,0,0,0,0,0,1,0,0,-1,-1,0,0,1,0,0,0,0,0,0,0,1,1,-1,0,-1,1,0,0,0,-1,0,0,0,-1,0,0,-1,0,0,1,0,0,0,1
1608,0,0,0,0,-1,0,0,0,0,0,0,0,0,0,0,1,0,0,0,0,0,0,0,1,0,0,0,0,0,1,0,-1,0,1,0,0,1,0,0,1,-1,0,1,0,0,0,1,-1,-1,0,1,0,-1,0,-1,0,0,0,0,0,-1,1,0,0
1609,0,0,0,-1,0,0,1,0,0,0,0,1,0,0,0,0,0,0,0,0,0,1,-1,0,0,0,0,0,1,0,1,-1,-1,0,0,1,-1,0,-1,0,-1,0,0,0,0,1,0,0,0,1,0,0,-1,-1,0,0,0,1,0,1,-1,0,-1,-1
1610,0,0,0,0,0,0,0,0,0,0,-1,0,-1,-1,-1,1,0,1,0,-1,1,-1,0,0,0,1,0,0,0,-1,1,1,0,0,0,0,0,0,1,0,0,0,0,0,0,0,-1,-1,1,-1,1,1,1,0,0,0,0,1,0,0,0,-1,-1,0
1611,0,0,0,0,0,-1,0,1,1,0,0,0,0,0,0,0,0,0,0,0,0,1,0,0,0,0,0,0,0,0,0,1,0,0,0,1,-1,-1,1,0,1,0,0,-1,0,0,0,-1,0,0,0,0,0,0,-1,0,0,1,0,-1,0,0,0,0
1612,0,0,-1,0,0,1,0,1,0,0,0,1,-1,0,0,0,-1,0,1,0,0,0,0,0,0,0,0,0,-1,0,-1,0,0,0,0,0,0,0,0,1,-1,0,0,0,-1,-1,0,0,-1,0,1,0,0,0,0,0,0,1,0,0,1,0,0,0
1613,1,0,-1,0,0,0,-1,0,-1,0,1,0,1,0,0,-1,0,-1,1,0,0,0,0,0,0,0,0,0,-1,0,1,0,0,0,0,0,0,0,0,0,0,1,0,0,-1,0,0,-1,1,1,0,0,1,0,1,0,-1,0,0,0,0,0,-1,1
1614,0,1,0,0,0,1,1,0,-1,1,1,1,0,0,0,-1,0,0,-1,0,0,0,0,0,0,0,0,0,0,1,0,0,0,0,0,0,0,-1,-1,0,1,0,0,0,1,0,0,0,0,0,0,0,0,1,0,-1,0,0,-1,0,0,0,-1,-1
1615,0,0,0,0,0,0,-1,0,-1,0,0,0,0,0,1,0,1,0,1,0,0,0,0,0,0,-1,0,0,0,0,0,0,0,0,-1,0,0,0,1,0,1,1,0,0,0,0,-1,0,1,0,1,0,-1,0,0,-1,1,1,0,0,0,0,-1,1
1616,-1,0,-1,-1,0,0,0,0,1,0,1,1,1,0,1,1,0,0,0,0,0,0,0,1,-1,0,0,0,0,0,0,0,1,0,-1,0,-1,0,-1,0,0,-1,0,0,0,0,0,1,0,0,1,0,1,0,1,1,0,1,1,-1,1,-1,0,-1
1617,-1,0,0,0,0,0,1,0,0,0,0,0,-1,0,0,1,0,0,0,1,0,0,0,-1,-1,0,0,-1,-1,1,1,0,0,0,0,0,1,0,0,0,0,0,0,1,-1,0,0,0,0,0,0,1,-1,1,0,0,1,0,0,0,0,0,0,0
1618,1,0,0,0,0,0,1,0,0,0,0,0,0,0,0,1,0,0,0,-1,0,1,-1,0,0,1,0,1,0,0,0,-1,-1,-1,1,0,0,0,0,0,0,0,0,0,0,0,0,-1,0,0,0,0,0,0,0,0,0,0,0,0,0,0,1,1
1619,-1,-1,0,-1,0,0,0,1,0,0,-1,0,-1,0,0,0,0,1,0,0,1,0,1,0,1,0,0,0,0,0,0,0,-1,0,-1,0,0,1,0,1,0,0,-1,1,0,0,0,0,-1,-1,0,0,0,0,0,1,-1,-1,1,-1,0,0,0,0
1620,0,-1,1,0,1,1,0,-1,0,0,0,0,0,0,0,0,0,0,1,1,1,0,0,1,1,0,-1,-1,0,0,1,0,0,0,0,-1,0,0,-1,0,1,0,0,0,0,0,0,0,-1,0,1,0,0,0,0,0,1,0,-1,0,0,0,0,0
1621,1,0,0,0,-1,0,1,0,0,-1,0,0,0,0,0,0,1,1,0,0,-1,0,-1,0,-1,0,0,0,0,0,0,-1,-1,0,0,0,0,1,-1,0,0,1,0,0,0,0,0,0,1,0,0,0,0,0,0,1,0,0,0,1,0,0,-1,1
1622,1,0,1,0,0,1,0,1,0,0,0,0,-1,0,0,0,0,1,0,0,1,0,0,0,0,0,0,0,0,0,-1,1,0,-1,0,-1,0,0,0,0,0,0,0,0,-1,0,0,0,0,0,0,-1,0,0,1,0,0,0,0,0,1,0,0,0
1623,0,0,0,1,-1,0,-1,0,0,0,0,0,1,1,0,-1,0,0,0,0,0,0,0,0,0,0,0,0,0,1,0,1,0,-1,1,0,0,0,-1,0,0,0,1,1,0,0,0,0,0,0,1,-1,0,0,0,0,-1,0,0,1,0,0,0,0
1624,0,0,0,0,0,1,-1,0,1,0,0,0,-1,0,0,0,0,1,0,0,0,0,-1,1,0,0,0,0,1,0,1,-1,0,0,0,-1,-1,0,0,0,0,0,-1,0,-1,0,0,-1,0,0,-1,0,0,1,-1,0,1,1,0,0,-1,0,0,-1
1625,0,0,-1,1,0,0,-1,-1,0,0,1,1,0,0,0,0,0,1,0,1,1,0,1,0,-1,0,1,0,0,0,-1,0,-1,1,0,-1,1,0,0,0,0,0,-1,0,0,0,-1,1,-1,0,0,0,0,0,-1,0,-1,-1,-1,-1,0,0,-1,0
1626,0,0,0,-1,0,0,0,0,0,0,-1,0,0,1,0,0,0,1,0,0,0,1,1,0,-1,0,1,1,0,0,0,0,-1,-1,0,0,-1,0,1,0,1,0,0,0,0,1,1,0,1,0,0,0,1,0,1,1,1,-1,1,0,1,0,0,0
1627,0,1,0,1,0,0,0,0,0,0,-1,0,0,0,0,1,1,0,-1,0,0,1,0,0,1,0,1,0,0,0,1,0,0,-1,1,0,1,1,1,0,-1,-1,1,0,1,0,0,0,-1,0,0,0,0,-1,0,0,1,0,-1,1,0,0,0,0
1628,0,0,0,-1,0,-1,1,0,1,1,0,1,1,0,0,0,-1,0,0,0,-1,1,0,1,0,-1,0,0,0,-1,0,1,0,0,0,0,0,1,0,1,0,0,0,0,0,0,0,0,0,0,0,0,0,0,1,0,0,0,0,0,-1,0,0,-1
1629,-1,0,-1,0,0,0,0,-1,-1,-1,0,0,0,0,-1,1,0,0,0,1,1,-1,0,0,-1,0,-1,-1,-1,0,-1,0,0,0,0,0,0,-1,-1,0,0,0,0,1,-1,0,0,0,0,0,0,-1,1,0,0,0,-1,0,0,0,0,0,0,0
1630,0,1,-1,1,0,-1,0,1,0,0,0,0,1,0,0,0,0,0,-1,-1,0,0,0,1,1,0,0,0,0,0,1,-1,1,-1,0,0,0,0,0,1,0,1,-1,0,-1,0,0,0,1,0,0,0,0,0,0,0,0,-1,0,0,0,1,0,-1
1631,0,0,0,0,0,1,0,0,0,0,0,0,0,0,-1,-1,0,0,-1,0,0,0,0,0,0,0,1,-1,0,0,0,-1,-1,0,1,0,0,0,0,0,-1,0,0,0,-1,0,0,-1,1,-1,0,1,0,0,1,1,0,-1,0,0,0,0,0,-1
1632,0,0,1,0,0,0,-1,0,0,0,0,0,0,1,-1,0,0,0,0,0,0,1,0,0,-1,0,0,0,0,0,0,0,0,0,0,0,0,1,1,0,1,0,0,0,0,1,0,0,-1,0,0,0,0,1,-1,-1,0,-1,0,0,0,0,0,0
1633,0,-1,1,0,0,0,0,0,0,0,0,0,1,0,-1,0,-1,0,-1,0,1,0,0,0,1,-1,0,0,0,-1,1,0,1,1,0,0,0,0,0,-1,-1,0,0,0,0,0,0,0,0,0,0,0,0,0,0,0,0,0,-1,0,0,0,0,0
1634,0,0,0,-1,1,0,0,0,0,0,0,0,0,0,0,0,1,0,0,-1,0,-1,0,0,0,0,0,0,-1,-1,-1,0,1,0,0,0,1,0,-1,0,0,0,0,0,0,1,-1,0,0,0,0,0,-1,0,1,0,1,0,-1,1,1,0,0,-1
1635,0,0,0,-1,0,0,0,0,0,0,1,0,0,0,0,-1,0,0,0,1,-1,1,0,-1,0,0,1,0,0,-1,0,0,1,0,0,0,1,0,0,-1,1,0,0,-1,0,0,0,0,0,-1,0,-1,0,1,1,0,0,0,-1,0,-1,1,0,0
1636,0,1,0,-1,0,0,0,-1,0,0,1,0,0,0,0,0,1,1,0,0,0,1,1,-1,-1,-1,0,0,0,0,1,0,-1,0,-1,0,-1,1,1,0,0,1,0,0,0,0,0,0,0,-1,0,-1,1,0,0,0,0,0,0,0,0,0,0,0
1637,0,0,0,-1,0,1,0,0,0,0,0,0,0,0,0,0,0,0,0,-1,1,-1,0,0,0,-1,0,1,0,1,0,0,1,1,0,0,0,1,0,0,1,0,0,1,0,-1,0,-1,1,0,0,0,0,0,0,0,-1,0,0,0,1,0,0,0
1638,0,-1,0,0,-1,0,0,1,0,0,0,-1,1,0,0,-1,0,1,-1,-1,0,0,0,0,0,1,-1,1,0,0,0,1,0,0,0,0,0,1,0,0,-1,1,-1,0,0,1,1,0,0,1,0,1,-1,-1,-1,0,0,1,0,1,1,0,-1,-1
1639,0,0,0,0,0,0,0,1,0,0,0,0,0,0,0,1,0,-1,0,1,0,1,0,1,-1,0,0,-1,0,0,1,0,0,0,1,1,1,-1,0,0,0,0,1,-1,0,1,0,0,0,-1,0,0,0,0,0,0,0,0,-1,0,1,0,0,0
1640,0,0,0,0,0,1,1,0,-1,0,0,0,1,0,-1,0,0,1,1,0,0,0,1,-1,0,-1,1,0,0,0,-1,0,0,0,0,0,0,0,-1,0,0,0,0,0,0,0,0,0,-1,0,0,1,0,0,0,0,0,0,-1,0,0,1,1,-1
1641,0,0,1,0,1,1,0,1,0,0,0,-1,1,1,0,-1,0,0,-1,0,-1,0,0,0,0,1,0,0,0,0,0,0,0,0,0,0,-1,-1,0,1,1,0,0,-1,0,0,0,1,0,0,0,0,0,1,1,0,0,1,0,0,0,0,-1,1
1642,0,0,-1,1,0,0,0,0,0,0,0,1,0,-1,-1,-1,1,0,0,0,0,0,0,0,0,0,0,0,0,1,0,1,0,0,0,1,0,1,-1,0,1,0,0,0,0,1,0,0,0,0,1,0,1,0,1,0,0,0,1,0,0,0,1,0
1643,0,0,-1,0,-1,0,0,0,0,-1,-1,1,0,1,0,0,1,0,0,1,-1,-1,1,0,-1,0,1,-1,0,0,0,0,-1,0,-1,0,-1,-1,0,0,0,0,0,-1,0,1,-1,0,0,1,1,0,0,-1,0,0,0,0,-1,0,0,0,1,0
1644,0,0,1,0,0,0,0,0,0,0,0,0,0,-1,1,1,-1,0,0,1,0,0,0,1,0,0,0,0,1,0,0,0,0,-1,0,0,-1,1,0,1,-1,0,0,0,0,0,0,1,0,0,0,-1,0,1,1,0,0,1,0,-1,0,0,1,0
1645,0,0,0,-1,0,0,0,1,-1,1,0,0,1,0,0,0,0,0,0,-1,0,1,0,0,0,1,0,0,-1,0,-1,1,0,0,0,0,0,0,0,0,-1,0,0,0,0,0,0,0,0,0,0,1,-1,0,0,0,0,-1,0,0,0,-1,0,-1
1646,1,0,0,1,0,1,0,-1,0,0,0,0,0,0,0,-1,-1,0,0,0,0,0,0,0,0,1,1,-1,0,0,0,1,0,0,0,0,-1,0,0,0,0,-1,0,1,0,0,-1,0,0,-1,0,-1,0,0,0,0,0,1,0,0,1,0,-1,0
1647,0,0,0,0,0,1,0,0,0,0,0,1,0,1,1,1,-1,0,0,1,0,1,0,1,1,0,0,0,0,0,1,1,1,0,0,0,0,0,0,0,1,0,0,0,1,0,-1,1,0,1,0,0,-1,0,0,0,0,0,0,1,0,0,0,0
1648,0,0,0,0,1,0,1,0,0,0,0,-1,-1,0,0,0,-1,0,-1,0,1,1,1,1,0,0,0,0,0,0,-1,-1,0,0,0,-1,0,0,0,0,0,0,0,0,-1,0,1,1,0,0,0,0,0,0,1,0,-1,0,0,0,0,0,-1,0
1649,0,0,-1,0,0,1,1,-1,0,0,0,0,0,0,1,1,0,1,1,0,0,0,0,-1,0,0,1,0,0,1,-1,0,0,0,1,0,-1,0,-1,0,-1,1,0,0,0,-1,0,1,0,0,0,0,0,0,0,-1,-1,-1,1,-1,0,0,0,0
1650,0,0,-1,1,0,0,1,1,0,0,0,1,0,0,1,0,0,-1,0,0,0,0,0,0,0,1,0,-1,0,0,0,0,0,0,-1,0,0,0,0,-1,1,0,0,-1,0,1,1,0,-1,0,0,0,0,1,-1,0,-1,0,0,0,0,-1,0,0
1651,0,0,0,0,1,0,0,-1,-1,0,0,1,0,0,0,0,0,0,0,0,-1,0,0,0,1,0,0,0,1,0,0,0,0,0,0,0,0,0,0,-1,-1,0,0,0,0,0,0,-1,0,-1,-1,0,1,0,0,0,0,1,-1,1,-1,0,-1,1
1652,0,-1,-1,0,1,0,1,-1,0,0,-1,0,1,-1,1,0,0,1,0,0,0,0,-1,0,0,-1,-1,1,0,0,0,-1,1,0,0,1,0,0,0,0,1,0,0,0,0,1,-1,1,0,0,1,-1,-1,0,1,0,0,0,0,0,0,-1,0,0
1653,-1,-1,0,1,-1,0,1,1,0,0,0,0,0,1,0,0,0,0,1,0,0,-1,1,-1,0,0,0,0,-1,-1,0,-1,-1,0,-1,-1,-1,0,-1,0,-1,0,-1,0,-1,0,-1,0,0,1,0,0,0,0,0,1,-1,0,0,1,1,0,0,1
1654,0,0,1,0,0,0,0,0,-1,1,0,0,1,0,0,0,0,0,0,0,-1,1,0,0,0,0,0,0,0,0,-1,-1,-1,0,0,-1,0,1,0,1,0,-1,1,0,0,0,1,0,1,-1,0,-1,0,1,1,0,0,0,-1,1,0,1,0,0
1655,-1,0,-1,0,0,-1,-1,0,0,0,0,-1,0,0,0,1,0,1,1,0,-1,0,-1,0,-1,0,0,0,0,0,0,-1,-1,0,0,0,0,0,-1,1,1,0,0,1,0,0,0,0,0,0,0,0,0,0,0,0,0,-1,0,1,0,0,0,0
1656,0,0,0,1,0,0,1,0,0,0,-1,0,0,0,0,0,1,0,0,0,1,1,-1,0,0,1,1,-1,0,0,0,1,1,0,0,0,0,-1,-1,0,0,1,0,0,0,-1,0,1,1,-1,-1,0,1,0,0,0,0,-1,1,0,0,0,0,0
1657,0,0,1,1,1,0,0,0,0,-1,1,1,1,0,0,-1,1,0,0,0,-1,-1,-1,0,1,0,0,0,0,0,0,1,0,0,0,0,1,-1,0,0,0,0,-1,-1,0,0,0,0,1,1,-1,0,1,0,0,0,1,0,0,0,0,0,0,0
1658,0,0,0,1,-1,0,0,0,0,0,0,0,0,-1,0,0,1,0,0,0,0,0,0,0,0,1,-1,0,0,0,0,1,-1,1,0,1,-1,-1,0,0,0,-1,0,0,0,0,0,0,0,0,0,0,0,-1,0,-1,0,1,0,0,1,-1,0,0
1659,0,0,0,0,1,0,1,0,0,0,0,0,0,0,-1,0,0,0,-1,0,0,0,0,0,0,1,0,1,0,0,0,0,0,-1,-1,0,-1,1,0,0,0,0,1,0,0,-1,0,-1,0,0,1,-1,0,0,0,0,1,0,1,0,1,0,0,0
1660,-1,0,0,0,0,1,0,-1,0,0,0,1,0,1,1,0,0,1,-1,-1,0,-1,0,0,0,-1,-1,0,1,0,0,0,-1,0,1,0,0,-1,0,0,1,-1,0,1,-1,0,0,0,1,0,-1,0,0,1,0,1,0,-1,0,0,0,0,0,0
1661,1,0,0,0,0,0,0,-1,-1,0,-1,0,0,0,1,0,0,0,0,0,1,1,1,0,0,0,0,-1,0,0,-1,0,0,1,-1,0,1,0,0,0,0,0,1,0,-1,-1,0,0,0,0,1,0,0,1,-1,0,0,0,0,0,0,-1,0,1
1662,0,1,1,0,0,0,-1,0,0,0,0,0,-1,0,0,0,-1,-1,1,-1,1,0,0,-1,0,-1,1,0,1,-1,1,0,1,0,0,0,0,0,0,0,0,0,0,0,0,0,0,0,0,1,-1,0,0,-1,-1,0,0,0,0,-1,-1,0,0,0
1663,0,0,0,0,0,1,0,1,-1,0,0,0,0,0,-1,1,0,-1,0,0,-1,0,0,0,1,0,0,0,0,1,1,1,-1,0,0,0,1,0,0,0,0,0,0,0,1,0,0,0,0,0,0,1,0,0,0,-1,-1,0,0,0,0,-1,0,-1
1664,0,-1,1,0,1,0,0,0,-1,1,0,1,1,0,0,0,-1,0,0,-1,0,0,-1,-1,0,1,0,0,-1,0,1,0,0,-1,0,0,-1,0,1,-1,0,0,-1,0,0,-1,0,0,0,0,0,0,1,-1,0,0,1,1,1,0,-1,0,0,0
1665,-1,0,1,0,-1,-1,0,0,0,0,0,1,1,-1,0,0,0,0,-1,1,-1,0,-1,0,1,0,0,0,0,-1,0,1,0,0,-1,0,0,0,1,0,1,0,0,0,1,0,0,0,-1,0,0,1,0,-1,0,0,1,0,1,1,0,1,0,-1
1666,0,0,0,-1,0,-1,0,0,1,0,1,0,0,0,0,0,0,0,0,1,0,-1,0,-1,0,0,0,-1,-1,-1,0,0,-1,0,0,0,0,-1,0,0,-1,0,0,1,-1,0,0,0,0,0,0,0,0,0,0,0,0,0,0,1,0,-1,0,-1
1667,0,0,0,1,1,0,0,-1,0,1,0,0,0,0,-1,0,-1,-1,-1,0,1,-1,0,1,0,0,0,1,1,-1,-1,0,0,-1,1,0,-1,1,0,0,0,0,0,0,1,0,0,-1,0,0,0,0,0,-1,0,0,0,1,0,0,0,0,0,0
1668,0,0,1,0,0,0,0,1,1,-1,1,1,0,-1,0,0,1,-1,0,0,0,-1,-1,0,0,1,1,0,0,0,-1,0,-1,-1,0,1,0,0,1,0,0,0,0,0,1,0,1,0,-1,1,1,0,-1,0,1,-1,1,-1,0,-1,0,0,0,0
1669,0,0,1,0,-1,-1,0,0,0,0,0,0,-1,0,0,1,0,0,0,0,1,0,0,0,0,0,0,0,0,0,0,0,-1,0,0,1,0,0,0,0,0,0,0,0,0,-1,0,1,0,0,0,0,1,-1,0,0,0,-1,-1,-1,0,0,0,0
1670,1,0,0,1,0,0,1,0,0,1,0,0,0,-1,0,0,0,0,0,-1,0,-1,0,0,0,0,0,0,0,1,0,-1,-1,0,0,-1,1,0,1,0,0,0,0,0,0,0,0,1,1,1,1,0,0,0,0,0,-1,-1,0,0,0,-1,0,1
1671,-1,0,0,0,-1,0,0,0,-1,0,-1,0,1,-1,-1,0,0,0,0,0,-1,0,0,-1,0,0,0,1,0,1,0,1,0,-1,-1,1,1,0,1,0,1,-1,0,0,0,0,0,0,1,0,-1,0,0,0,-1,1,0,0,0,0,1,0,0,0
1672,0,0,1,0,-1,1,0,0,1,0,0,0,0,0,0,0,0,0,0,0,0,0,1,0,0,1,1,0,0,0,-1,-1,-1,1,0,-1,1,-1,0,-1,0,0,0,0,0,0,0,-1,0,0,0,0,0,0,0,0,0,-1,0,0,0,0,0,0
1673,1,1,-1,0,-1,0,0,-1,-1,0,1,0,0,-1,0,0,0,0,0,0,0,-1,0,0,0,0,0,1,0,0,-1,0,0,1,0,-1,1,-1,0,1,0,0,0,1,0,1,-1,0,0,-1,-1,-1,0,0,0,0,0,0,0,-1,0,0,0,1
1674,0,0,0,1,0,0,1,0,-1,-1,-1,0,-1,0,0,-1,0,0,-1,0,0,0,1,0,0,1,0,0,1,1,0,1,0,0,0,0,-1,1,-1,1,0,1,0,-1,0,0,-1,1,0,1,0,0,1,0,0,0,0,1,1,0,0,-1,0,0
1675,0,0,0,0,0,0,1,0,1,0,-1,-1,0,1,0,-1,1,-1,0,0,0,0,0,1,0,0,0,0,0,0,0,0,0,0,0,0,0,0,0,-1,0,-1,0,-1,0,0,0,1,0,0,0,1,0,0,0,0,0,1,-1,0,-1,-1,-1,1
1676,1,0,0,0,-1,0,0,0,-1,-1,0,0,0,0,0,-1,1,-1,0,0,0,0,0,0,0,0,0,0,1,0,0,0,0,0,0,1,1,0,0,0,0,-1,0,0,0,-1,-1,0,-1,-1,0,1,1,1,0,0,0,0,1,-1,0,0,0,0
1677,0,-1,0,0,-1,-1,0,0,1,1,0,0,0,0,0,0,0,0,0,-1,0,0,-1,-1,0,1,0,1,0,1,0,0,1,-1,-1,0,0,1,1,0,0,0,0,-1,1,0,1,1,-1,0,0,0,-1,0,0,0,0,0,1,-1,0,0,0,0
1678,-1,0,0,0,1,0,0,0,-1,-1,0,0,0,1,0,-1,0,0,0,0,-1,-1,0,-1,1,-1,0,1,0,0,1,-1,0,0,0,0,0,0,0,-1,0,0,0,0,1,1,0,-1,1,1,0,-1,1,0,1,0,0,0,-1,0,0,-1,-1,0
1679,0,1,-1,-1,0,0,1,0,0,0,1,0,0,0,0,1,-1,-1,1,0,0,0,-1,0,0,0,0,0,0,1,0,0,0,0,0,0,0,0,0,1,0,0,0,0,0,-1,0,0,0,0,0,1,0,0,0,0,-1,0,0,0,1,0,-1,0
1680,0,0,0,1,0,0,0,0,1,0,1,-1,0,0,0,0,0,-1,0,0,0,0,-1,-1,0,-1,0,0,-1,0,1,0,0,1,0,-1,0,-1,0,1,1,-1,-1,0,0,-1,0,0,1,0,0,0,-1,0,1,0,1,-1,0,0,0,0,0,1
1681,-1,0,0,0,0,0,1,0,0,0,0,0,0,0,0,0,-1,0,0,-1,-1,0,-1,0,0,0,0,0,-1,1,0,0,-1,-1,1,0,-1,0,0,-1,0,0,0,0,1,0,0,1,0,0,-1,1,0,0,-1,1,0,0,0,1,1,0,0,0
1682,1,1,0,0,0,1,0,0,1,0,-1,0,0,0,0,0,0,0,-1,0,0,0,-1,0,0,0,0,1,0,0,0,0,1,0,-1,0,0,0,0,0,1,0,-1,0,0,0,0,0,-1,0,0,0,0,0,1,0,0,0,-1,0,-1,0,0,0
1683,0,0,0,0,-1,-1,0,-1,0,0,-1,0,0,1,0,0,0,-1,0,0,1,-1,0,0,0,-1,-1,0,0,0,0,0,1,0,0,1,0,0,0,-1,0,1,1,0,0,1,0,0,-1,0,0,-1,-1,1,0,1,0,0,0,0,0,-1,0,0
1684,0,-1,0,-1,0,0,1,0,0,-1,0,0,1,0,1,-1,-1,0,0,1,1,0,0,1,0,0,0,1,1,0,1,0,1,-1,0,0,-1,0,0,0,0,0,0,-1,0,0,0,0,1,0,0,0,0,0,0,0,1,0,1,1,-1,1,0,0
1685,0,-1,-1,1,1,0,0,1,0,1,1,0,0,-1,0,1,0,-1,-1,0,1,0,1,0,0,1,1,-1,0,0,1,1,0,0,0,-1,0,1,-1,1,0,0,-1,0,0,1,0,0,0,0,0,1,1,1,0,0,0,0,0,1,0,-1,0,0
1686,-1,1,0,-1,-1,0,0,0,0,0,0,0,0,1,0,1,0,0,0,-1,0,0,0,1,0,0,1,0,1,0,1,0,0,0,0,-1,0,0,-1,1,0,0,0,0,0,0,0,0,0,1,0,0,0,0,1,0,-1,0,0,1,1,0,-1,0
1687,0,-1,0,-1,1,0,0,1,1,0,0,0,-1,0,0,0,1,0,0,-1,0,1,-1,0,0,0,0,0,0,-1,0,0,0,1,0,0,0,0,0,1,1,1,-1,0,-1,0,0,0,-1,-1,1,0,0,1,0,-1,-1,0,0,-1,-1,1,-1,-1
1688,0,0,1,-1,0,0,1,0,0,-1,0,0,0,0,0,0,0,0,0,0,-1,0,0,0,1,1,1,0,1,-1,-1,0,0,0,0,-1,0,0,0,1,0,0,0,1,0,0,0,0,0,-1,0,0,0,0,0,0,-1,0,1,-1,0,0,1,-1
1689,-1,0,0,0,0,0,-1,1,-1,0,1,1,0,0,0,-1,0,0,0,0,1,0,0,0,0,0,0,0,1,-1,-1,0,0,-1,0,1,0,0,0,-1,0,1,-1,-1,-1,0,0,0,0,0,-1,0,0,0,1,0,0,0,1,-1,-1,1,0,-1
1690,0,0,0,-1,0,0,0,1,0,0,0,-1,0,0,-1,0,-1,0,1,0,0,-1,0,0,0,0,-1,0,0,0,-1,0,0,0,0,0,1,0,1,0,0,0,0,-1,-1,-1,-1,0,0,1,0,0,0,0,0,0,1,1,-1,0,0,0,0,1
1691,0,0,0,0,0,0,0,0,0,0,0,-1,1,0,0,0,0,0,-1,0,0,1,0,0,0,0,0,1,0,0,0,0,0,0,0,0,0,1,0,0,0,0,0,0,0,0,0,0,0,0,1,-1,0,0,0,0,0,0,0,-1,0,0,0,1
1692,-1,0,0,0,0,-1,1,0,0,1,0,0,0,-1,0,0,0,0,0,0,0,1,1,0,0,1,-1,0,-1,1,-1,0,0,0,1,0,1,1,1,0,0,1,1,0,-1,-1,0,-1,0,-1,0,0,-1,-1,0,0,0,0,-1,0,0,-1,0,0
1693,1,-1,-1,0,0,-1,1,0,-1,0,1,1,1,-1,0,0,-1,0,0,0,0,0,-1,-1,0,0,0,0,1,0,0,0,-1,0,0,1,-1,0,1,0,0,0,0,0,1,0,0,0,0,0,0,0,0,0,1,0,0,1,0,0,-1,0,0,-1
1694,-1,0,1,-1,-1,0,0,0,0,0,1,-1,1,0,1,-1,-1,0,0,-1,-1,-1,-1,0,0,-1,0,0,0,0,0,0,1,0,0,0,-1,1,0,1,-1,-1,0,0,-1,0,0,0,-1,1,0,0,1,0,-1,-1,0,0,0,0,0,0,1,0
1695,0,0,1,0,-1,1,0,1,0,0,-1,-1,-1,0,-1,0,0,-1,1,0,0,0,1,0,-1,0,0,0,1,0,0,0,-1,1,0,0,0,0,-1,0,-1,1,1,0,0,-1,0,0,0,1,1,1,0,0,0,1,0,0,0,0,0,0,0,0
1696,1,0,0,0,0,1,0,1,0,-1,0,0,-1,0,0,0,-1,1,0,0,0,1,1,0,1,-1,0,0,0,0,0,0,0,-1,1,0,1,0,-1,0,-1,1,0,1,0,0,0,0,1,0,0,1,0,-1,0,1,0,0,-1,0,0,0,1,1
1697,-1,0,0,1,0,0,1,1,0,0,0,0,0,0,1,0,0,0,0,0,1,0,0,0,0,1,1,-1,0,0,0,-1,0,0,0,1,1,0,0,0,1,0,0,0,0,1,0,0,0,0,1,0,0,0,0,0,0,0,0,1,0,-1,0,0
1698,1,0,0,0,1,0,1,1,0,-1,0,1,0,0,0,0,0,1,1,0,-1,-1,1,-1,0,0,0,0,0,0,0,-1,0,0,-1,-1,-1,0,-1,-1,0,0,0,0,0,0,0,1,1,-1,-1,-1,0,0,0,0,0,0,1,1,0,0,0,0
1699,-1,0,0,1,0,1,-1,1,-1,0,0,0,0,-1,0,0,0,1,0,1,0,0,1,0,-1,1,0,0,0,0,0,0,0,0,0,0,0,1,0,-1,0,-1,1,0,0,-1,0,0,0,1,0,-1,0,1,0,0,0,0,0,0,-1,0,0,0
1700,0,-1,0,-1,0,-1,1,0,-1,0,1,0,0,0,0,0,0,0,-1,0,0,0,-1,0,0,0,0,1,0,0,-1,0,0,0,1,0,-1,0,0,0,1,0,-1,0,0,0,0,0,1,0,0,0,0,0,0,0,0,0,0,0,0,0,0,1
1701,0,0,1,-1,-1,0,0,-1,0,0,-1,0,0,0,0,-1,0,0,0,1,0,1,0,0,1,0,1,0,0,0,0,0,1,0,0,0,0,0,0,-1,0,0,0,0,0,0,0,0,0,-1,-1,-1,0,-1,-1,0,0,1,0,-1,0,0,0,0
1702,-1,-1,0,-1,0,0,1,0,0,0,0,0,0,-1,0,0,0,0,1,-1,0,0,0,0,-1,0,0,0,0,1,-1,0,0,-1,0,0,0,0,0,0,0,0,0,1,-1,0,0,1,0,0,0,0,0,0,0,0,0,0,0,0,0,0,0,1
1703,0,0,0,0,0,0,-1,0,0,0,0,0,1,-1,1,0,0,1,0,0,0,0,0,0,1,0,0,0,-1,-1,-1,1,0,1,0,1,1,-1,0,0,-1,0,0,0,1,0,0,0,0,1,0,0,0,0,0,0,-1,-1,0,-1,1,0,1,-1
1704,0,0,-1,-1,0,0,0,0,0,1,-1,-1,0,0,0,0,0,0,0,-1,1,-1,0,1,0,1,0,0,1,0,0,0,0,-1,0,0,0,0,-1,0,0,1,0,-1,0,0,0,-1,0,-1,0,-1,0,-1,0,-1,0,0,0,0,-1,0,1,1
1705,1,0,0,1,0,1,0,1,0,0,1,0,0,-1,-1,0,0,0,0,0,0,0,-1,0,0,0,0,0,0,0,0,0,0,1,0,0,1,0,0,0,-1,1,0,-1,-1,0,0,0,0,1,-1,0,0,0,0,0,1,0,-1,-1,1,1,1,-1
1706,1,0,0,1,0,-1,0,0,0,0,0,0,0,0,0,0,1,0,0,-1,0,0,1,1,0,0,0,0,0,-1,0,1,-1,0,0,0,0,0,-1,-1,-1,0,0,0,1,0,-1,0,-1,1,0,0,0,1,0,0,-1,1,0,0,0,1,1,-1
1707,0,0,0,0,0,0,-1,0,0,0,0,0,0,1,1,0,0,1,0,-1,0,0,0,0,0,0,0,-1,-1,-1,0,1,1,0,0,0,1,0,-1,0,0,0,-1,0,-1,0,1,1,0,0,0,0,1,0,0,0,0,0,1,0,1,-1,0,0
1708,0,0,0,0,0,1,1,0,-1,0,-1,0,0,-1,-1,1,0,0,0,-1,-1,0,1,0,-1,0,0,0,0,0,0,0,0,0,0,0,0,1,0,0,0,-1,1,0,0,1,1,1,1,0,-1,0,0,0,0,-1,0,1,1,0,0,1,-1,0
1709,0,0,-1,1,1,0,-1,-1,1,0,0,-1,0,-1,0,0,-1,0,0,0,0,-1,0,0,0,0,-1,0,0,0,-1,1,0,0,0,0,0,0,0,-1,0,0,0,0,-1,-1,-1,0,0,0,0,-1,1,0,0,0,-1,0,0,-1,0,0,1,-1
1710,-1,0,0,-1,1,0,0,0,0,0,0,-1,0,0,1,-1,0,-1,-1,0,1,0,0,-1,1,0,1,1,0,0,1,-1,-1,0,0,0,0,0,0,0,0,-1,1,-1,0,0,0,0,1,-1,0,0,1,0,-1,-1,-1,1,1,0,0,0,0,0
1711,1,0,-1,-1,1,0,-1,0,-1,0,0,-1,0,0,-1,0,-1,1,0,-1,1,0,0,0,0,0,0,0,1,0,-1,0,-1,1,0,-1,-1,-1,0,0,0,0,0,-1,1,0,0,0,-1,0,-1,0,1,0,-1,1,1,1,1,0,0,0,0,0
1712,0,0,0,0,0,0,0,0,0,-1,1,0,-1,1,0,-1,0,-1,-1,0,-1,-1,-1,0,0,0,0,0,0,0,0,0,0,0,-1,1,0,0,0,-1,0,0,0,1,0,0,1,0,0,0,0,-1,1,0,0,0,0,1,0,-1,0,0,1,0
1713,-1,1,0,0,0,0,0,0,0,1,0,0,0,0,1,0,0,-1,0,0,-1,1,0,1,-1,-1,-1,0,0,0,0,-1,0,0,0,0,0,-1,0,1,1,0,0,0,-1,0,0,-1,0,-1,0,1,0,0,0,-1,0,-1,0,1,0,0,0,0
1714,0,1,0,0,0,-1,0,0,0,0,1,0,0,0,0,0,1,0,0,0,0,0,0,0,0,0,0,1,0,0,0,0,0,0,0,1,1,0,0,-1,0,1,0,0,0,1,-1,0,-1,0,0,0,0,-1,0,0,0,0,0,0,0,0,-1,0
1715,-1,0,0,0,-1,-1,0,0,1,1,1,0,0,1,-1,0,1,0,1,0,-1,1,0,0,0,0,0,-1,1,0,1,1,-1,1,1,0,-1,0,0,0,-1,0,0,1,0,0,1,0,0,0,0,0,0,0,0,0,0,1,0,1,1,1,0,0
1716,0,1,0,0,0,0,1,1,-1,0,0,1,0,-1,1,-1,1,0,1,0,0,0,0,0,-1,0,0,0,0,0,0,0,1,-1,0,0,0,0,0,-1,-1,0,0,0,0,0,0,-1,0,1,1,0,0,0,0,-1,1,0,-1,0,0,0,1,-1
1717,0,0,0,1,0,1,0,-1,-1,-1,1,0,0,0,1,-1,0,0,1,0,-1,0,0,0,1,0,0,0,0,0,-1,0,0,-1,0,0,0,0,1,0,0,-1,0,0,0,0,-1,0,0,0,1,0,-1,0,1,-1,0,0,0,0,0,0,0,-1
1718,0,0,1,0,-1,1,0,0,0,-1,-1,1,0,0,0,0,1,0,0,0,0,1,1,0,0,0,0,0,-1,1,0,0,0,1,0,1,0,1,1,0,0,-1,1,-1,0,-1,0,0,1,0,0,0,1,0,0,-1,0,0,-1,-1,0,0,1,1
1719,1,0,0,0,0,0,-1,-1,1,0,0,0,1,-1,0,1,1,1,0,-1,0,0,0,0,0,-1,0,0,0,0,0,0,0,-1,0,0,0,1,0,0,0,0,1,0,0,0,-1,-1,-1,0,-1,1,0,0,-1,-1,0,0,-1,0,0,0,-1,-1
1720,0,0,-1,0,0,0,1,0,0,1,0,0,0,-1,-1,0,0,1,0,-1,0,-1,-1,1,0,0,1,0,0,0,0,0,0,0,1,0,0,-1,-1,0,0,0,0,-1,0,0,0,0,-1,1,1,0,0,0,1,1,0,0,0,1,0,0,0,0
1721,0,0,0,0,-1,0,0,0,1,0,-1,0,-1,0,0,0,0,0,0,0,1,-1,-1,0,0,1,0,1,0,-1,0,0,0,1,0,-1,0,0,0,0,0,-1,0,0,0,0,0,1,1,1,0,0,-1,0,-1,0,0,0,-1,-1,0,0,-1,0
1722,0,1,0,-1,1,0,-1,0,0,0,-1,1,0,-1,0,0,0,1,0,1,0,0,0,1,0,0,0,0,1,0,0,0,-1,0,0,0,0,1,1,0,0,1,-1,1,-1,0,0,0,0,0,0,1,0,0,0,0,0,0,-1,0,1,0,0,0
1723,0,0,0,-1,0,0,1,-1,0,1,0,0,0,0,0,0,-1,0,0,0,0,0,0,0,0,0,0,1,0,0,-1,1,0,-1,0,0,0,0,0,0,1,-1,0,0,1,1,0,0,0,0,0,1,-1,1,0,1,0,0,0,-1,-1,1,0,1
1724,-1,0,0,0,0,1,0,1,1,0,1,0,1,0,-1,1,0,0,-1,0,0,0,0,0,1,0,-1,0,0,0,0,1,-1,-1,0,0,0,0,0,1,0,0,1,-1,0,-1,-1,0,0,1,-1,0,0,-1,0,0,0,0,0,0,1,0,0,0
1725,1,0,0,1,0,0,0,0,0,-1,0,-1,0,0,0,-1,1,0,-1,-1,0,-1,0,1,0,-1,0,0,0,0,0,0,1,0,0,-1,0,1,1,1,0,0,0,0,0,0,-1,-1,0,0,0,0,0,0,1,-1,0,0,0,0,0,1,0,0
1726,0,0,0,0,0,-1,0,0,-1,0,-1,0,0,0,0,-1,1,0,0,0,-1,-1,-1,0,0,-1,0,1,0,0,0,0,0,-1,0,1,-1,1,0,0,0,1,1,0,0,0,1,0,0,1,-1,0,0,1,-1,0,1,0,0,0,0,0,0,0
1727,1,1,-1,0,0,-1,-1,-1,0,1,0,0,1,1,0,-1,0,0,0,1,1,-1,1,0,0,0,-1,0,0,0,1,-1,0,0,0,0,0,0,0,0,-1,1,0,0,1,-1,0,0,0,0,0,0,0,0,0,0,0,0,0,0,0,0,1,0
1728,0,1,-1,0,0,0,0,0,0,0,0,0,0,-1,1,1,0,0,0,0,0,0,-1,0,0,1,0,0,0,-1,0,0,-1,0,0,0,1,0,0,0,-1,0,0,0,1,-1,-1,0,0,0,0,0,0,0,0,1,0,0,0,0,1,1,0,0
1729,1,1,-1,0,0,0,0,-1,1,-1,0,0,0,-1,0,1,1,0,0,0,-1,1,0,0,0,0,-1,0,0,0,1,0,0,0,0,0,-1,1,-1,0,1,0,-1,0,0,1,-1,0,0,1,-1,0,0,0,0,0,-1,-1,1,0,-1,0,0,0
1730,0,0,0,-1,0,1,0,1,0,1,1,0,0,1,0,1,1,0,-1,0,0,0,0,0,0,-1,1,1,0,1,0,0,0,1,-1,0,1,0,0,0,0,0,0,0,-1,-1,0,1,-1,0,0,0,0,-1,-1,1,0,0,1,0,0,0,0,0
1731,1,0,0,0,0,0,0,-1,0,0,0,0,1,1,0,0,0,-1,0,0,0,0,0,0,-1,1,0,0,0,-1,0,0,-1,-1,1,0,-1,-1,-1,0,0,0,0,-1,0,0,0,0,0,0,0,0,-1,0,-1,-1,0,0,-1,0,0,0,1,0
1732,-1,0,0,0,-1,0,0,0,1,0,0,-1,-1,-1,-1,0,0,0,0,0,0,-1,0,1,0,0,-1,0,1,0,0,-1,0,0,0,0,0,0,0,0,0,0,-1,0,0,0,0,1,0,0,0,0,0,0,0,0,0,0,0,0,0,0,-1,0
1733,0,0,1,0,0,0,0,0,0,0,-1,0,-1,0,1,0,-1,1,0,-1,0,0,0,0,0,-1,0,0,1,1,0,0,0,1,0,0,0,0,0,-1,0,0,-1,1,0,1,0,-1,-1,0,0,0,1,0,1,0,0,0,0,0,0,0,0,0
1734,1,0,-1,0,-1,0,0,1,0,0,0,-1,0,0,1,0,0,0,0,-1,0,0,0,0,-1,-1,-1,-1,0,0,0,-1,0,0,0,0,0,0,0,-1,0,0,0,0,1,-1,0,1,0,0,1,-1,1,0,1,0,-1,1,0,0,0,0,-1,0
1735,-1,0,1,0,0,0,0,1,0,0,0,-1,0,0,0,0,0,1,0,0,0,0,-1,0,0,0,0,0,0,0,-1,0,0,-1,1,0,0,1,0,1,-1,0,1,0,0,0,0,0,0,1,0,1,1,0,0,0,1,0,0,0,0,0,0,0
1736,0,0,0,1,0,0,-1,0,0,0,0,0,0,0,-1,1,0,0,0,-1,-1,0,-1,0,0,-1,0,-1,0,1,1,1,1,-1,0,0,-1,0,-1,-1,0,0,-1,0,0,0,1,0,0,0,0,1,0,-1,0,0,0,0,0,1,0,0,0,0
1737,0,1,0,0,-1,0,0,-1,0,0,1,1,0,-1,-1,-1,1,0,0,0,-1,0,0,0,1,0,0,0,0,0,-1,-1,0,1,0,1,1,0,0,1,0,-1,-1,-1,1,0,0,-1,1,0,1,0,-1,-1,0,0,0,1,0,0,0,0,-1,-1
1738,0,0,0,0,0,0,-1,0,0,-1,0,0,-1,0,0,0,0,0,1,1,0,0,0,-1,0,0,0,-1,0,0,-1,1,-1,0,0,1,-1,0,0,0,0,0,0,0,0,0,1,0,-1,0,0,-1,0,-1,0,0,0,0,-1,0,0,0,0,0
1739,0,-1,0,0,1,0,0,1,0,0,1,1,0,-1,0,0,1,0,-1,1,1,0,1,0,0,0,0,0,0,0,0,0,0,0,-1,0,-1,-1,0,0,0,0,1,0,0,1,-1,0,0,0,-1,0,0,1,-1,0,0,1,0,0,0,-1,0,0
1740,0,1,0,0,0,0,0,0,1,1,1,0,-1,-1,0,1,0,0,0,0,0,0,0,-1,1,0,1,1,0,0,0,-1,0,0,0,0,0,0,0,0,0,0,1,0,1,0,0,-1,-1,0,0,1,0,0,0,0,1,0,0,-1,0,-1,0,-1
1741,-1,0,0,0,0,0,0,0,0,0,0,0,1,1,0,1,1,0,-1,0,0,1,0,0,0,-1,0,0,0,0,0,-1,-1,1,0,0,1,0,0,0,0,0,0,0,1,0,0,0,0,-1,0,1,-1,0,0,0,0,0,0,0,1,-1,-1,0
1742,0,0,1,0,0,0,-1,1,0,0,-1,0,1,1,0,0,-1,0,0,-1,0,-1,0,0,0,1,-1,0,1,0,-1,0,0,0,1,0,0,1,-1,0,0,0,0,-1,1,1,-1,0,1,0,0,0,0,1,0,-1,0,0,0,1,1,0,0,0
1743,0,0,1,0,0,0,1,0,0,0,0,0,0,0,0,0,0,0,0,0,-1,0,0,-1,0,0,-1,0,0,-1,0,1,0,0,0,0,-1,0,0,0,-1,0,-1,0,0,-1,0,0,0,-1,0,0,0,0,0,1,0,0,0,0,-1,0,0,0
1744,0,-1,0,0,-1,0,0,0,0,0,-1,1,0,0,0,0,-1,0,0,0,0,0,0,0,1,0,1,0,-1,1,0,0,0,0,0,1,0,0,0,0,1,0,0,-1,0,0,0,-1,0,-1,0,0,0,0,0,-1,0,0,0,-1,1,0,0,0
1745,1,1,0,0,0,-1,-1,1,0,0,0,-1,-1,0,0,0,0,0,0,-1,0,0,0,-1,0,0,0,-1,0,1,1,-1,0,0,1,0,-1,1,-1,0,0,1,0,0,1,0,0,0,0,0,0,0,0,0,0,0,-1,1,0,0,1,-1,0,0
1746,-1,-1,-1,-1,0,0,0,-1,-1,0,0,1,0,0,-1,0,0,0,-1,0,-1,0,-1,0,0,0,0,0,1,0,0,0,0,-1,0,-1,0,1,0,0,1,1,0,0,1,0,0,0,0,0,0,0,0,0,0,0,0,-1,0,0,1,0,-1,0
1747,-1,0,0,0,0,0,0,0,0,0,1,0,0,1,1,0,0,0,0,0,0,-1,0,-1,1,0,0,0,-1,0,0,0,-1,0,0,1,0,0,0,0,0,1,0,0,0,0,0,1,-1,0,0,0,-1,0,0,-1,1,0,0,0,0,-1,-1,1
1748,-1,0,0,-1,0,0,-1,0,0,0,-1,-1,0,0,-1,0,0,0,0,0,0,1,0,-1,0,0,1,1,0,-1,0,1,-1,0,1,1,0,0,0,0,0,0,0,0,1,1,0,0,0,0,0,-1,-1,0,0,0,1,0,0,0,0,0,-1,-1
1749,1,-1,0,0,0,0,-1,1,0,0,1,-1,0,1,0,0,0,0,0,0,0,1,0,0,0,0,0,-1,-1,0,0,0,0,0,0,0,-1,0,0,0,-1,0,-1,0,0,0,0,-1,0,0,0,0,0,0,0,-1,0,-1,0,0,0,1,0,0
1750,0,0,0,0,0,0,-1,0,0,0,1,0,1,1,0,-1,0,0,-1,0,0,1,0,1,0,0,-1,0,0,0,-1,-1,0,0,0,0,0,-1,1,0,0,0,0,-1,0,0,-1,0,-1,0,1,0,0,0,-1,1,0,1,0,0,0,-1,0,1
1751,0,0,-1,-1,-1,1,1,0,-1,-1,1,0,-1,0,1,0,0,0,1,0,1,0,0,0,-1,0,0,1,0,0,0,0,0,0,0,0,0,0,0,0,0,0,0,0,1,0,0,1,0,-1,0,0,0,0,0,0,0,0,0,0,0,0,0,0
1752,0,0,0,0,0,0,-1,0,0,0,-1,0,0,-1,0,0,0,0,-1,0,0,0,0,0,0,1,-1,1,0,0,0,0,-1,0,-1,1,0,0,0,0,0,1,0,0,0,0,0,0,0,0,0,0,0,-1,0,0,0,0,0,0,1,0,0,0
1753,-1,-1,0,0,-1,-1,-1,0,0,0,1,-1,0,0,0,1,0,1,-1,0,0,0,0,-1,1,0,-1,0,1,0,-1,0,-1,0,0,1,1,0,1,0,-1,-1,0,0,0,0,-1,-1,-1,0,-1,1,0,-1,-1,-1,0,0,-1,0,0,0,-1,0
1754,0,1,-1,0,0,0,-1,0,-1,0,0,0,0,0,0,0,0,0,0,0,0,0,0,0,-1,1,0,0,1,0,1,0,-1,0,0,0,0,0,0,0,0,0,1,0,0,-1,0,0,1,-1,1,0,0,0,0,0,1,0,0,0,-1,-1,0,0
1755,0,0,-1,0,0,0,1,1,0,0,0,0,0,1,0,0,-1,0,-1,0,0,0,0,0,1,-1,0,-1,0,0,0,-1,-1,0,0,-1,1,0,0,0,-1,-1,0,0,0,1,0,0,0,0,1,-1,0,0,1,1,-1,-1,1,0,0,0,0,0
1756,0,0,0,0,-1,0,-1,1,0,0,0,-1,1,0,0,0,0,0,0,0,0,-1,0,0,0,0,1,0,0,0,0,1,1,0,0,0,1,0,1,0,0,0,-1,0,0,0,0,1,0,0,-1,0,0,0,0,0,0,0,0,1,1,1,0,0
1757,0,0,0,0,0,0,1,0,0,0,-1,0,0,0,0,0,0,0,1,0,0,0,0,0,-1,1,0,-1,0,0,0,0,1,0,0,0,1,0,0,-1,0,0,0,0,0,1,0,-1,-1,1,0,-1,0,0,0,0,-1,0,0,1,1,0,0,0
1758,0,0,0,0,0,0,0,0,1,0,1,0,0,0,0,0,0,0,0,1,1,0,-1,0,-1,-1,0,0,1,1,0,0,0,-1,0,0,0,1,1,0,0,0,0,0,0,0,0,0,1,0,0,-1,0,0,1,1,0,0,0,1,0,0,0,0
1759,1,0,0,0,0,-1,1,0,0,-1,0,0,0,0,-1,1,0,1,1,-1,-1,-1,0,0,-1,0,0,0,0,0,-1,1,0,-1,0,1,1,0,0,0,0,0,0,0,1,0,0,0,-1,0,0,0,0,0,0,0,0,1,0,0,0,0,-1,0
1760,0,0,1,0,0,0,1,0,0,1,0,-1,0,0,-1,0,1,0,-1,1,0,0,0,1,-1,0,0,0,1,1,0,1,-1,0,0,0,0,0,0,0,1,0,0,-1,0,1,0,0,-1,0,0,0,0,0,0,0,-1,0,-1,1,0,0,1,0
1761,0,0,0,0,0,0,0,-1,0,-1,0,-1,-1,0,0,1,0,0,-1,-1,0,0,0,0,0,0,0,0,-1,0,0,0,-1,0,-1,0,0,1,0,0,0,-1,0,0,-1,-1,0,-1,0,0,1,0,0,-1,0,0,0,0,0,0,0,-1,0,1
1762,0,-1,-1,0,1,0,0,-1,0,0,0,0,-1,0,-1,0,0,0,-1,-1,1,0,0,0,1,0,0,0,0,-1,0,0,0,-1,0,-1,0,-1,0,1,0,0,-1,-1,-1,0,-1,0,0,0,1,1,0,0,-1,0,1,0,0,0,-1,0,0,0
1763,0,0,0,0,0,-1,0,0,-1,0,1,-1,1,0,-1,0,0,1,1,0,0,0,0,1,0,-1,0,0,0,0,0,-1,0,-1,-1,0,0,0,-1,0,0,0,0,0,1,-1,-1,1,0,0,0,0,0,0,0,0,0,0,0,0,0,1,0,0
1764,0,0,-1,1,0,-1,1,0,0,0,0,0,0,0,0,0,0,0,-1,0,0,1,1,1,-1,0,0,1,0,1,1,0,1,0,0,0,0,-1,0,1,0,-1,0,0,0,0,-1,-1,0,0,-1,0,1,-1,0,0,0,0,0,-1,0,0,0,0
1765,0,0,0,-1,0,0,0,0,0,0,0,1,0,0,-1,0,0,-1,1,0,0,-1,1,-1,-1,0,1,0,0,1,0,0,0,1,0,0,-1,0,0,0,1,0,0,0,0,0,-1,1,1,0,0,0,0,0,0,0,0,0,1,0,1,0,0,0
1766,1,0,0,1,1,0,-1,0,0,0,0,0,-1,-1,-1,0,0,1,-1,0,0,0,1,0,0,0,1,-1,0,0,0,-1,-1,0,1,1,0,0,0,-1,0,-1,1,-1,1,0,0,0,-1,0,0,0,0,0,-1,1,0,0,0,0,0,0,0,0
1767,0,-1,1,-1,0,0,0,0,0,0,0,1,0,0,0,0,0,0,0,0,1,-1,0,0,-1,0,1,0,0,0,0,1,0,0,-1,1,0,0,1,0,0,0,0,1,1,0,1,-1,0,-1,-1,1,0,1,0,-1,1,1,0,0,-1,0,0,0
1768,0,0,1,0,0,0,0,0,0,0,0,0,0,0,0,0,0,0,-1,0,0,0,0,0,0,0,1,0,1,-1,1,0,1,0,0,1,1,0,1,0,0,1,0,0,0,1,0,0,0,0,0,0,1,0,-1,0,0,0,0,0,1,0,0,1
1769,0,0,1,0,1,0,-1,0,0,0,0,0,0,0,1,0,0,0,0,-1,0,0,1,0,0,0,1,0,0,0,0,1,0,0,0,0,0,-1,0,0,0,-1,0,0,-1,0,0,0,0,-1,0,-1,0,-1,0,0,0,-1,1,-1,0,0,0,1
1770,0,0,0,0,0,0,0,1,0,0,-1,1,0,0,0,1,0,0,-1,1,0,0,0,0,0,0,0,1,0,0,0,0,0,0,0,1,1,0,0,0,1,0,-1,-1,-1,1,-1,-1,1,0,-1,-1,1,0,1,0,0,0,0,0,1,-1,0,0
1771,0,0,1,-1,0,-1,0,0,1,-1,0,0,0,0,1,0,0,0,0,1,0,0,1,0,0,-1,0,0,1,0,-1,0,0,0,0,1,0,0,0,-1,0,0,0,1,0,0,0,-1,0,1,0,-1,0,0,-1,1,0,-1,1,0,0,0,0,1
1772,0,1,0,0,0,0,1,0,0,0,0,0,1,-1,1,1,0,0,0,-1,0,0,1,1,-1,0,-1,-1,0,0,0,0,0,0,0,1,0,0,1,0,0,-1,-1,-1,0,0,0,1,0,-1,0,0,-1,1,1,1,-1,1,0,-1,-1,1,-1,0
1773,-1,0,0,-1,0,1,-1,-1,0,0,0,0,0,1,0,-1,0,-1,1,0,0,1,0,0,0,0,1,0,0,0,0,0,0,0,-1,0,0,0,0,0,0,0,0,0,-1,0,-1,-1,0,0,1,0,0,0,0,-1,0,0,1,0,0,1,-1,-1
1774,0,0,1,1,1,0,0,0,0,1,0,0,0,0,-1,0,1,0,1,0,0,0,0,1,0,0,0,0,0,0,0,1,0,0,0,-1,0,0,-1,0,0,0,0,0,0,0,0,0,0,-1,-1,0,0,0,0,0,0,0,0,-1,1,-1,0,-1
1775,1,0,1,0,-1,0,0,0,0,0,-1,0,1,0,0,1,0,1,0,0,-1,0,0,0,0,1,-1,0,-1,-1,0,-1,1,0,0,1,0,-1,0,0,1,1,0,1,0,0,-1,0,-1,0,0,-1,0,-1,1,0,0,0,-1,-1,0,0,0,0
1776,0,0,0,1,1,0,0,0,0,1,-1,0,0,0,0,-1,-1,0,0,1,0,0,0,0,0,0,-1,0,0,0,0,0,0,0,1,0,0,1,0,1,0,0,0,0,1,0,1,0,-1,0,0,-1,0,0,0,-1,0,1,0,0,0,0,0,0
1777,1,0,0,0,0,-1,0,-1,0,0,0,0,0,-1,0,0,0,1,0,0,0,0,-1,0,0,0,0,0,1,0,0,1,-1,1,0,0,-1,0,0,0,0,1,0,0,0,-1,0,0,0,0,0,0,-1,0,0,0,0,0,-1,0,0,0,0,0
1778,0,0,0,0,0,0,1,-1,0,0,0,0,0,0,1,1,0,0,0,0,0,1,1,0,0,1,0,0,1,0,0,0,0,1,-1,0,-1,-1,0,0,0,0,-1,0,0,-1,0,-1,0,0,1,1,-1,0,0,0,0,0,0,0,0,0,0,0
1779,-1,-1,0,0,1,-1,0,0,0,1,0,0,-1,-1,0,0,-1,0,-1,1,0,0,0,1,0,0,0,0,0,0,1,0,0,0,0,0,0,0,1,0,1,0,0,0,-1,0,0,0,0,0,0,0,0,0,0,0,0,0,1,0,0,0,0,0
1780,0,0,0,0,0,0,0,0,0,0,0,-1,0,1,-1,0,-1,-1,0,0,0,0,0,0,-1,1,0,0,0,0,0,0,1,0,0,1,1,-1,0,0,1,-1,0,1,0,-1,0,1,0,0,0,0,0,0,-1,-1,0,0,1,0,1,-1,1,0
1781,1,-1,0,0,0,0,0,0,0,1,1,-1,-1,0,0,0,0,0,0,1,0,0,0,0,1,0,-1,1,0,0,0,0,0,1,0,0,0,0,0,-1,0,-1,0,1,0,0,0,0,0,1,0,-1,1,0,0,1,0,-1,0,0,0,-1,0,0
1782,0,0,0,0,-1,0,0,0,0,0,1,0,0,0,0,0,0,-1,0,0,0,1,0,1,0,0,0,-1,0,-1,0,0,-1,1,0,0,0,0,-1,-1,0,0,0,-1,0,0,0,1,0,-1,0,0,0,1,0,0,1,0,0,1,-1,0,0,0
1783,0,0,-1,-1,-1,1,0,0,0,0,0,-1,0,-1,1,0,0,0,1,0,0,0,-1,1,0,0,1,0,0,0,0,0,0,0,-1,1,0,0,-1,1,0,-1,0,0,0,-1,0,-1,0,0,1,-1,0,0,0,-1,-1,0,0,1,0,1,-1,0
1784,0,-1,0,0,1,1,1,0,0,1,1,1,-1,0,0,1,-1,0,0,0,-1,-1,0,0,1,1,0,1,0,0,0,-1,-1,0,0,-1,-1,1,0,0,1,0,0,1,0,1,1,-1,0,0,-1,-1,0,0,0,1,0,1,0,0,-1,-1,0,0
1785,0,-1,0,0,0,0,0,1,1,-1,0,-1,-1,0,1,0,0,0,1,0,1,0,0,1,0,-1,0,0,-1,0,-1,0,1,0,0,0,0,0,0,0,-1,0,0,0,1,0,0,-1,0,0,0,0,1,0,-1,1,0,0,0,0,0,1,0,-1
1786,0,0,1,0,0,-1,-1,0,0,0,1,0,-1,0,0,0,0,1,0,1,0,0,-1,1,0,0,0,0,1,1,0,1,-1,0,0,0,0,0,-1,-1,0,0,-1,0,-1,0,1,0,0,0,0,0,1,0,-1,-1,0,1,0,0,-1,0,-1,0
1787,0,1,1,0,-1,0,0,1,0,0,0,-1,0,0,0,1,-1,0,0,0,0,1,0,-1,0,0,0,0,0,0,1,0,0,0,0,0,1,0,0,0,0,0,0,0,0,0,0,0,0,1,1,-1,0,0,0,0,-1,0,1,1,1,0,0,0
1788,1,0,0,0,1,0,-1,0,1,0,0,0,1,0,-1,1,0,0,1,0,0,0,-1,0,0,0,1,1,0,0,1,0,0,0,0,0,0,0,0,0,0,-1,0,1,0,0,-1,1,0,0,0,1,0,0,0,0,0,0,0,0,-1,0,0,0
1789,0,1,0,0,0,0,1,0,0,-1,0,0,1,0,1,0,0,0,0,-1,0,0,0,0,1,1,0,0,0,0,0,0,-1,-1,0,0,0,1,0,0,-1,0,0,-1,1,0,0,0,0,0,0,-1,-1,-1,0,-1,0,0,0,0,-1,0,0,0
1790,0,0,0,0,0,0,0,0,1,0,0,0,0,1,-1,-1,-1,0,0,0,0,0,0,-1,1,0,1,0,0,0,0,0,1,0,0,1,0,0,0,-1,0,1,0,0,0,0,1,0,0,0,0,1,-1,0,0,-1,-1,0,0,0,0,1,0,0
1791,0,0,-1,-1,0,-1,1,0,0,0,0,0,-1,0,-1,0,0,0,1,0,0,0,0,0,0,0,0,1,0,-1,0,-1,0,0,0,-1,1,0,1,0,0,0,0,0,0,0,0,0,0,0,0,0,0,1,0,0,1,0,0,0,1,0,0,0
1792,0,-1,1,0,-1,0,0,0,0,0,0,0,1,0,0,0,-1,1,0,1,-1,-1,0,0,-1,0,0,-1,0,1,-1,-1,0,0,0,0,1,-1,-1,1,0,0,0,0,0,0,0,0,0,0,0,0,0,0,0,1,0,0,0,1,0,0,0,-1
1793,-1,0,-1,0,0,0,0,0,-1,1,0,0,0,0,1,-1,0,1,-1,0,0,0,0,1,0,0,0,1,-1,1,1,-1,-1,0,0,1,0,0,-1,0,0,0,0,0,0,1,0,1,0,0,-1,-1,0,-1,0,0,0,0,0,-1,1,1,0,0
1794,0,0,-1,1,0,1,1,0,1,-1,0,-1,-1,-1,0,1,0,0,1,0,0,1,0,1,1,0,0,-1,0,0,0,0,0,0,0,1,0,0,1,0,0,1,-1,1,0,-1,0,0,0,0,-1,0,0,0,0,0,0,1,0,0,0,0,-1,-1
1795,0,1,-1,-1,0,0,0,0,0,0,0,0,1,0,-1,0,1,0,0,0,1,0,-1,0,-1,-1,1,-1,0,0,0,-1,0,0,1,0,0,0,0,0,0,0,0,0,-1,0,0,1,0,0,0,-1,0,0,0,0,0,-1,0,0,1,0,0,0
1796,-1,-1,0,-1,0,0,0,0,0,1,-1,0,1,-1,1,-1,1,-1,0,0,-1,0,1,1,0,0,0,0,1,-1,-1,0,0,0,0,0,0,0,0,0,0,1,1,0,0,0,-1,1,0,-1,1,1,0,-1,-1,0,0,0,1,0,0,0,0,1
1797,0,-1,0,0,1,0,0,0,0,1,0,1,1,0,-1,0,0,0,0,-1,0,0,-1,0,0,0,0,0,0,0,0,0,-1,0,0,-1,0,-1,-1,0,0,0,0,0,1,0,0,0,0,0,0,0,1,0,0,0,0,0,0,0,0,0,-1,0
1798,-1,0,0,-1,0,-1,0,-1,0,0,-1,0,0,-1,1,0,0,0,0,0,0,0,-1,0,0,-1,0,1,-1,0,-1,0,1,1,1,0,-1,0,0,0,1,-1,0,-1,0,0,0,-1,1,1,0,0,-1,0,-1,0,-1,0,0,-1,0,-1,0,0
1799,-1,0,0,0,0,-1,0,0,0,0,0,1,0,0,1,0,0,1,0,0,1,0,1,-1,1,1,-1,0,0,-1,0,0,0,0,1,1,0,0,0,1,0,0,0,-1,-1,0,1,1,0,0,0,0,-1,0,0,-1,0,0,0,0,0,0,1,0
1800,0,0,-1,0,0,1,0,0,0,0,0,0,0,0,-1,0,0,-1,0,1,0,-1,0,1,0,0,0,0,0,0,0,0,0,0,0,0,0,1,0,0,-1,0,0,0,1,0,0,-1,0,0,0,0,0,0,0,1,1,-1,-1,1,-1,0,1,0
1801,0,0,1,0,0,-1,0,0,0,0,1,0,0,-1,1,0,-1,0,0,0,0,-1,-1,0,1,-1,0,0,0,-1,1,0,0,0,0,1,0,0,1,0,0,0,1,-1,0,0,0,0,0,0,0,0,0,0,0,0,-1,0,1,1,0,0,0,1
1802,1,0,0,0,0,0,-1,0,0,0,0,0,0,0,1,0,0,0,0,0,0,-1,0,0,0,0,0,-1,1,-1,1,0,0,-1,0,0,0,0,0,0,1,1,0,1,-1,0,1,-1,0,0,0,0,0,0,0,0,1,-1,1,0,0,1,0,0
1803,0,1,0,0,0,-1,0,0,0,0,0,0,0,1,0,0,0,0,0,0,0,0,0,0,1,0,0,1,0,-1,-1,-1,0,1,0,0,0,0,1,1,1,-1,0,1,0,-1,1,-1,0,-1,0,0,0,0,-1,0,0,-1,-1,0,-1,0,-1,-1
1804,1,0,-1,1,-1,0,1,0,0,0,-1,0,0,-1,1,0,0,0,0,0,1,0,0,-1,-1,1,1,1,0,0,0,0,-1,-1,1,0,-1,0,0,1,0,1,-1,1,0,1,0,0,0,-1,0,0,0,0,0,0,1,0,0,0,0,0,-1,0
1805,0,0,-1,-1,0,-1,0,0,-1,1,0,0,0,0,0,0,0,0,0,-1,0,-1,0,-1,0,0,-1,0,0,0,0,0,0,0,1,0,0,1,-1,-1,0,0,0,0,0,0,0,-1,1,0,0,1,-1,-1,0,0,0,-1,0,0,0,0,-1,0
1806,0,0,1,1,0,0,-1,0,0,1,0,0,0,-1,0,-1,0,0,-1,0,1,-1,1,0,0,0,1,0,-1,0,0,0,0,0,1,0,0,1,0,1,0,1,-1,0,0,1,0,-1,-1,0,0,1,0,0,0,-1,0,0,0,1,0,0,1,0
1807,0,0,0,1,0,0,0,0,0,0,0,0,0,0,0,0,0,0,0,0,0,1,0,0,1,0,1,0,0,0,1,-1,-1,1,0,0,0,0,0,0,0,1,0,1,1,1,1,-1,0,1,0,-1,0,-1,0,-1,1,0,0,0,1,1,-1,1
1808,-1,0,0,-1,0,0,0,0,0,0,0,-1,-1,0,0,0,0,-1,0,0,0,1,0,0,1,1,-1,1,0,0,0,0,0,0,1,0,-1,0,0,0,0,0,-1,0,0,1,-1,1,0,1,0,0,0,0,0,0,0,1,0,0,0,-1,0,0
1809,0,-1,0,0,0,0,0,1,0,0,0,-1,-1,0,0,0,0,0,0,0,-1,0,-1,0,0,0,0,0,0,-1,0,0,0,1,1,0,-1,1,0,-1,1,1,1,1,0,-1,-1,0,1,1,-1,0,0,0,-1,1,0,1,0,-1,1,-1,0,0
1810,-1,0,0,0,0,0,0,1,-1,-1,-1,0,0,1,-1,0,0,0,-1,0,0,1,-1,1,0,0,0,0,0,0,-1,0,0,0,0,0,1,0,-1,0,0,-1,0,1,1,0,0,-1,0,1,0,0,0,1,0,0,-1,-1,0,0,0,1,0,0
1811,-1,0,0,0,0,1,0,0,0,-1,0,-1,0,-1,1,1,-1,0,0,0,0,0,0,0,0,0,0,0,0,0,-1,0,0,-1,-1,0,0,0,0,0,0,0,0,0,0,0,0,0,0,0,1,1,1,0,0,0,0,0,1,0,0,0,0,0
1812,0,0,0,1,1,1,1,0,0,-1,0,1,0,-1,1,0,0,0,0,1,0,0,-1,0,-1,-1,0,0,0,-1,0,0,0,0,0,1,1,0,0,-1,1,0,-1,0,1,0,0,0,0,-1,-1,0,-1,-1,0,0,1,0,0,0,-1,0,-1,1
1813,0,0,0,0,-1,0,0,0,0,1,-1,-1,0,0,0,0,0,1,-1,0,0,0,0,1,0,0,-1,0,0,0,-1,0,-1,0,-1,0,0,0,0,-1,0,0,0,-1,-1,1,0,0,0,1,-1,1,-1,0,1,0,1,0,0,0,0,0,0,-1
1814,0,1,1,0,0,0,1,0,0,0,0,0,1,0,0,0,-1,0,0,0,0,0,1,0,0,0,-1,0,0,0,0,1,0,-1,1,-1,0,0,-1,0,0,0,0,1,0,0,0,0,0,0,0,0,0,1,0,0,0,1,0,0,1,0,0,0
1815,0,0,0,0,0,0,0,1,1,-1,-1,0,-1,-1,0,-1,1,0,0,0,0,0,-1,0,-1,0,0,0,-1,0,0,0,-1,0,0,0,1,-1,0,0,-1,0,0,0,1,-1,0,0,0,-1,0,0,0,1,1,1,0,0,1,0,0,1,0,0
1816,-1,0,0,-1,1,0,0,0,0,0,-1,0,0,0,0,0,0,1,1,-1,-1,0,0,0,0,0,0,0,0,0,1,0,0,0,0,0,0,0,-1,0,-1,1,0,0,1,0,-1,-1,1,-1,1,0,0,0,0,1,0,0,0,0,-1,0,0,0
1817,-1,0,0,1,1,0,0,0,-1,0,-1,0,0,0,0,-1,0,0,-1,0,0,1,-1,0,0,0,0,1,0,0,-1,0,-1,-1,-1,-1,-1,0,-1,0,0,0,-1,0,0,1,0,0,0,0,-1,1,0,-1,0,0,0,0,1,0,0,1,0,0
1818,-1,-1,0,-1,0,0,0,0,0,1,0,0,0,-1,0,-1,0,1,0,1,0,-1,1,0,0,0,0,0,0,0,0,1,-1,1,-1,0,0,0,0,1,0,-1,0,1,0,-1,0,0,0,0,0,-1,0,0,0,-1,0,0,0,0,-1,0,1,0
1819,1,0,0,0,-1,0,1,1,0,0,1,0,1,0,0,0,0,0,0,0,1,0,0,-1,0,1,0,0,0,0,0,0,1,0,1,0,0,0,0,0,-1,0,0,0,0,0,0,0,0,-1,0,1,0,1,0,0,0,1,1,-1,1,0,0,0
1820,0,-1,0,0,1,1,0,0,0,0,0,0,0,1,1,1,0,0,0,0,0,0,0,1,1,1,1,0,0,0,0,0,-1,0,-1,0,0,0,0,0,1,0,0,0,0,0,0,0,0,1,-1,0,0,0,0,-1,-1,0,0,0,-1,0,1,-1
1821,0,0,0,0,0,0,1,0,0,1,0,0,0,1,-1,0,0,0,-1,0,1,0,0,0,0,1,0,0,0,0,0,0,0,1,0,0,0,0,0,0,0,0,0,1,0,0,0,-1,1,0,1,0,0,0,0,1,0,0,0,0,0,0,0,0
1822,-1,0,1,1,0,0,0,1,0,0,0,0,0,0,0,0,0,0,0,0,0,1,0,1,-1,0,-1,-1,0,0,-1,1,0,-1,-1,0,0,0,0,0,0,1,0,0,0,0,1,0,0,-1,0,-1,0,0,0,0,0,0,0,0,0,1,-1,1
1823,0,0,1,0,-1,0,0,0,1,0,0,0,-1,0,1,1,1,0,0,-1,0,0,0,0,-1,0,0,1,1,0,0,0,1,1,0,-1,1,-1,0,0,0,0,1,1,1,0,0,1,0,0,-1,0,0,0,-1,0,0,0,0,1,0,0,0,-1
1824,-1,0,-1,-1,0,0,0,0,0,0,1,-1,0,0,0,0,0,0,1,-1,-1,0,0,0,0,0,1,0,0,0,1,1,0,0,-1,-1,0,1,0,0,-1,-1,0,0,0,0,-1,0,0,0,0,0,-1,-1,0,1,1,0,0,0,0,0,0,0
1825,0,-1,-1,0,0,0,0,0,1,0,0,1,-1,0,0,0,1,0,0,-1,0,0,-1,0,0,0,0,0,0,0,0,-1,0,0,0,-1,1,0,0,0,1,0,0,0,-1,0,0,-1,0,0,0,0,1,1,0,0,-1,0,0,0,-1,1,0,-1
1826,1,0,0,1,-1,1,0,1,0,0,0,0,0,0,-1,0,0,0,0,0,0,1,0,0,0,0,1,0,0,-1,-1,-1,-1,0,-1,1,0,0,0,0,0,0,1,0,1,0,0,1,-1,0,0,0,-1,-1,0,0,0,0,0,0,0,-1,1,0
1827,0,0,0,0,0,0,0,0,0,0,0,0,0,1,0,0,0,0,0,1,-1,-1,0,-1,0,0,0,1,0,0,0,0,0,-1,0,-1,0,0,1,0,0,0,1,0,1,1,0,1,0,-1,0,0,-1,0,0,1,0,0,-1,0,0,0,0,0
1828,1,1,1,0,0,1,0,0,0,1,0,0,0,1,0,0,0,-1,0,0,-1,-1,-1,0,0,0,0,0,1,0,0,0,-1,0,0,0,1,1,0,0,0,0,-1,-1,0,0,0,0,1,0,1,0,1,-1,1,-1,1,-1,0,1,1,0,-1,0
1829,-1,-1,1,0,0,0,1,0,0,-1,0,0,0,1,0,0,0,1,0,0,0,0,1,1,0,0,-1,-1,0,0,0,0,0,0,0,1,1,1,0,1,0,0,0,0,0,-1,0,0,0,0,-1,0,-1,0,1,0,0,-1,0,1,0,0,0,0
1830,-1,0,0,-1,-1,0,0,0,0,0,0,0,0,0,0,0,0,0,0,0,0,0,1,1,1,0,0,0,0,-1,0,1,0,0,0,0,1,0,0,0,0,0,1,1,0,0,1,-1,-1,-1,0,0,0,0,-1,0,-1,0,0,-1,0,0,0,0
1831,0,0,0,0,0,0,0,0,-1,1,0,1,0,0,0,1,0,0,0,-1,0,0,0,0,-1,0,1,0,-1,1,0,1,-1,0,0,0,1,0,0,0,1,0,1,0,0,0,0,0,1,-1,1,0,0,1,0,1,0,0,0,1,0,1,-1,0
1832,0,-1,1,0,0,0,-1,0,0,0,0,0,1,1,0,1,0,-1,1,0,0,0,-1,0,0,1,0,0,0,0,1,0,-1,-1,1,-1,1,0,1,0,0,1,1,0,1,0,0,-1,-1,-1,-1,0,1,0,0,0,0,0,0,0,0,1,1,0
1833,0,0,0,-1,0,0,-1,0,1,1,0,0,0,0,1,1,0,1,0,-1,0,0,1,0,1,0,0,-1,0,1,0,0,1,-1,0,0,0,-1,1,0,1,-1,-1,0,0,0,0,0,-1,-1,0,0,0,0,0,1,1,0,0,0,0,0,-1,0
1834,-1,0,0,0,0,0,-1,0,-1,0,0,0,0,0,0,1,1,0,0,0,1,-1,1,1,1,0,1,0,0,0,-1,0,0,0,-1,0,0,0,0,1,-1,0,0,0,0,1,0,0,0,0,0,0,1,0,0,0,-1,0,0,-1,1,1,0,-1
1835,0,0,0,0,0,1,0,1,0,0,0,0,0,0,0,0,0,0,0,-1,0,0,0,0,-1,0,0,0,0,0,-1,0,0,0,0,0,0,1,0,0,0,-1,0,1,1,0,1,-1,-1,0,1,0,1,1,-1,0,0,0,0,-1,-1,0,0,1
1836,0,0,0,0,0,0,0,0,-1,-1,0,1,-1,0,0,1,1,0,1,0,0,-1,0,-1,0,-1,0,1,0,-1,1,0,0,0,0,0,0,-1,0,1,-1,-1,0,0,0,0,0,0,0,0,0,0,1,-1,0,0,1,0,-1,0,1,-1,1,0
1837,0,0,0,0,0,1,0,0,0,0,1,0,1,0,0,0,0,-1,0,0,0,0,0,-1,0,-1,0,0,0,0,1,0,0,0,0,0,0,-1,0,0,1,0,0,0,0,0,-1,1,0,0,1,0,-1,0,-1,0,0,0,-1,0,0,0,0,0
1838,-1,0,-1,0,0,-1,-1,1,0,1,0,-1,1,0,0,0,0,0,1,0,0,0,1,0,1,0,0,0,-1,-1,-1,-1,0,0,-1,0,-1,0,0,0,0,0,0,0,0,0,0,0,1,0,0,0,0,-1,0,0,0,0,-1,0,0,1,0,0
1839,0,1,0,0,-1,1,0,-1,1,0,1,-1,0,0,0,0,-1,-1,0,0,0,-1,1,-1,0,0,-1,0,0,-1,0,0,0,0,1,-1,0,0,0,1,0,0,1,0,1,0,-1,0,1,0,0,1,-1,0,0,1,0,0,1,0,0,1,-1,-1
1840,0,-1,1,-1,0,-1,0,1,1,0,0,1,0,0,-1,0,0,0,-1,0,0,-1,0,0,0,0,1,1,1,-1,-1,0,0,0,1,0,0,0,0,0,0,0,0,0,1,0,0,0,-1,0,0,0,0,0,0,0,0,0,1,1,0,1,0,0
1841,0,-1,1,0,0,-1,0,0,0,0,0,0,1,0,0,0,0,-1,0,0,0,-1,1,1,0,0,0,0,-1,1,0,-1,0,1,0,0,1,0,0,0,0,0,0,0,0,1,1,0,0,0,0,0,0,0,0,0,0,0,0,-1,-1,0,-1,0
1842,0,0,0,0,0,-1,0,0,1,0,-1,1,0,0,0,0,1,0,0,0,1,0,0,0,0,0,0,-1,1,0,0,0,-1,0,0,0,0,0,0,-1,0,-1,-1,0,0,-1,1,0,0,0,0,-1,0,0,0,0,0,1,0,-1,0,0,0,0
1843,1,-1,0,0,0,0,-1,0,1,0,-1,0,0,-1,0,0,-1,0,0,0,0,-1,0,1,-1,-1,0,0,0,0,0,0,0,0,0,0,0,0,0,1,0,1,0,0,0,1,0,1,1,0,-1,1,0,-1,0,0,1,1,0,1,-1,1,1,0
1844,0,0,0,-1,-1,0,0,0,0,0,-1,-1,0,1,0,0,-1,0,0,-1,0,0,0,0,-1,0,-1,0,0,0,0,0,1,0,1,0,1,-1,-1,1,1,-1,0,1,0,-1,0,-1,0,0,1,0,0,-1,0,0,1,0,0,0,0,-1,0,0
1845,0,0,0,0,0,-1,0,1,0,0,0,-1,-1,0,0,0,0,0,0,-1,0,1,1,0,0,0,0,0,0,1,1,0,1,0,0,0,-1,0,-1,0,-1,0,0,0,0,-1,0,0,0,0,0,-1,0,0,0,0,0,0,0,0,-1,-1,0,0
1846,1,-1,0,1,1,1,1,0,0,-1,0,0,-1,0,1,1,0,0,1,0,0,0,0,0,0,-1,-1,1,0,1,0,0,-1,1,0,0,1,0,1,0,0,0,-1,1,0,0,1,1,-1,0,-1,0,0,0,-1,0,0,0,-1,0,1,0,0,0
1847,0,0,0,0,0,1,0,0,0,-1,0,0,1,1,0,1,0,0,0,0,1,-1,1,-1,0,0,0,0,0,1,1,1,1,1,0,-1,1,0,-1,1,0,1,0,0,0,-1,0,1,0,0,0,-1,0,0,0,0,-1,0,0,1,1,0,1,0
1848,0,0,0,-1,0,-1,0,0,1,0,0,1,1,0,-1,0,0,0,0,0,0,0,1,-1,0,0,0,0,0,0,0,-1,1,0,-1,1,1,0,0,0,0,0,-1,-1,0,1,0,0,0,-1,-1,1,-1,1,0,-1,0,0,0,0,0,0,0,0
1849,0,0,0,0,0,0,-1,0,0,0,0,0,0,-1,1,-1,1,1,1,0,-1,0,0,1,0,1,0,1,0,0,1,0,0,-1,1,0,1,0,0,0,0,0,0,-1,0,-1,1,0,1,0,0,1,0,0,1,0,0,0,1,0,1,1,1,-1
1850,0,0,0,1,0,1,1,0,1,0,1,0,0,0,0,0,0,1,0,0,1,1,0,0,0,0,1,0,0,0,0,1,0,-1,1,0,0,0,0,0,-1,0,0,0,0,0,0,0,-1,0,-1,-1,0,0,0,1,0,-1,0,0,-1,0,-1,-1
1851,0,0,0,0,-1,0,0,0,0,0,0,0,0,0,0,-1,0,0,-1,1,0,0,-1,0,0,0,0,0,1,0,0,0,0,0,0,0,1,1,0,0,0,1,0,1,0,0,0,-1,-1,-1,-1,0,1,0,0,0,0,0,0,1,0,0,0,0
1852,-1,0,0,0,0,0,1,-1,0,1,0,1,0,1,0,-1,0,-1,0,0,0,0,1,-1,-1,0,0,1,0,-1,0,-1,0,0,0,0,-1,-1,0,0,1,-1,0,1,-1,0,-1,1,0,0,-1,0,1,-1,0,0,0,0,-1,0,1,0,0,0
1853,1,1,-1,0,0,0,1,0,0,0,-1,0,1,0,1,1,0,0,1,0,0,0,0,0,0,1,0,0,0,1,0,0,0,0,0,-1,0,0,0,0,1,0,0,-1,0,1,0,0,-1,1,0,0,1,1,-1,0,-1,0,0,0,0,-1,0,0
1854,0,0,-1,0,0,-1,0,0,0,0,1,-1,1,0,1,0,-1,1,0,-1,1,-1,0,0,0,0,-1,1,-1,-1,0,-1,0,0,-1,0,0,0,0,1,0,0,1,0,-1,0,0,1,0,0,0,0,-1,0,0,0,1,0,0,1,1,1,0,0
1855,1,0,0,1,0,0,0,0,1,1,0,0,1,0,0,0,0,0,-1,0,-1,0,-1,0,0,0,-1,-1,1,0,0,1,0,0,0,-1,1,0,-1,0,0,0,0,1,0,0,-1,0,0,0,-1,0,0,-1,0,0,0,-1,0,0,0,0,1,0
1856,-1,0,0,-1,1,0,0,0,1,-1,0,0,-1,0,0,0,-1,0,-1,1,0,0,1,-1,0,0,0,0,-1,1,1,0,0,0,1,-1,0,-1,1,0,1,0,0,1,1,0,-1,-1,1,0,0,-1,0,0,0,-1,1,0,0,0,0,0,0,-1
1857,-1,0,1,0,0,0,-1,0,0,-1,0,-1,-1,0,1,0,-1,-1,-1,0,0,0,0,0,0,0,0,0,1,0,1,-1,0,0,0,0,1,1,1,0,-1,0,0,0,-1,-1,0,-1,0,0,0,0,0,0,0,1,0,0,1,0,1,-1,0,1
1858,0,0,-1,0,1,0,-1,0,-1,0,1,0,0,1,0,0,0,-1,-1,-1,0,0,-1,0,-1,0,1,-1,-1,1,0,0,0,0,0,0,0,0,0,0,1,0,-1,0,0,0,0,-1,1,-1,0,0,0,0,0,0,0,0,0,-1,0,0,1,0
1859,-1,0,1,0,0,0,0,1,0,0,0,-1,-1,-1,0,1,0,0,1,0,0,-1,0,1,1,0,1,0,0,-1,0,1,-1,0,0,0,-1,0,0,0,0,0,1,0,0,0,0,-1,1,0,0,0,0,-1,0,0,0,0,0,0,0,-1,0,0
1860,0,0,0,-1,1,-1,-1,-1,0,0,0,-1,0,0,-1,1,1,0,0,-1,0,0,-1,0,0,0,-1,0,0,0,0,0,-1,0,0,0,0,0,0,-1,0,0,0,0,1,0,0,0,1,0,0,1,0,-1,0,0,0,0,1,0,1,0,1,0
1861,0,0,-1,0,0,0,-1,0,0,0,0,0,0,1,0,0,0,0,0,0,0,0,0,1,0,0,1,0,0,0,-1,0,0,0,0,0,0,0,0,1,-1,0,0,0,-1,0,0,0,0,0,-1,-1,0,0,0,0,0,0,-1,-1,0,0,1,-1
1862,0,0,0,0,0,0,1,-1,0,0,1,0,1,-1,0,0,0,0,1,0,0,0,0,1,0,0,-1,0,0,0,0,0,0,0,1,0,0,1,0,1,0,0,0,-1,0,1,0,0,1,0,-1,0,0,-1,0,-1,1,0,0,-1,0,0,0,0
1863,0,-1,1,0,0,0,1,0,0,0,1,1,0,0,0,-1,0,0,0,-1,0,0,0,1,0,0,0,1,-1,0,0,1,0,0,1,0,0,-1,0,0,0,1,0,1,1,0,0,0,-1,0,0,-1,-1,0,0,-1,1,0,0,0,0,0,-1,1
1864,1,0,0,1,-1,1,-1,0,0,-1,0,-1,0,0,0,0,-1,-1,1,1,1,1,0,-1,0,0,0,0,0,0,0,0,0,1,0,1,0,0,-1,0,-1,0,-1,0,0,1,-1,1,1,0,0,-1,1,0,0,1,0,0,0,0,0,0,0,-1
1865,0,0,1,-1,-1,1,0,1,0,0,0,1,0,0,-1,-1,0,0,0,0,1,0,-1,0,0,1,-1,0,1,0,0,-1,1,0,0,0,0,1,-1,1,1,1,1,0,1,0,0,0,0,1,1,0,0,1,-1,0,-1,1,1,0,-1,0,1,-1
1866,0,0,0,1,-1,-1,1,0,0,1,0,0,0,1,-1,0,0,0,-1,0,-1,1,0,1,0,-1,0,0,0,0,0,-1,-1,0,0,0,-1,0,0,-1,1,0,0,-1,0,0,0,1,0,-1,0,-1,0,1,1,0,0,0,-1,0,-1,1,0,0
1867,0,-1,0,1,0,0,1,0,0,0,0,0,0,0,1,0,1,0,0,0,-1,0,0,-1,-1,0,0,0,0,1,1,0,0,0,0,-1,0,0,1,0,0,0,0,0,0,0,0,0,0,0,0,0,0,0,0,-1,0,0,0,0,0,1,0,0
1868,1,-1,0,1,0,0,0,0,-1,0,1,0,0,-1,0,0,0,1,-1,-1,0,0,0,0,0,0,1,0,0,0,0,-1,0,0,0,0,0,0,0,1,0,0,-1,-1,0,1,0,0,1,0,0,0,0,0,0,0,0,0,0,0,0,0,1,0
1869,0,-1,-1,-1,0,0,0,-1,0,-1,0,-1,-1,1,0,0,0,0,-1,0,1,1,0,0,0,-1,0,1,-1,1,0,0,0,0,-1,1,0,-1,0,0,0,0,0,0,1,-1,0,0,1,-1,0,1,0,0,0,1,1,0,1,0,0,1,0,0
1870,0,0,-1,0,1,-1,0,0,0,0,0,0,0,0,0,0,1,0,0,1,-1,-1,0,-1,1,0,0,-1,0,-1,-1,0,1,0,-1,-1,1,0,0,0,0,-1,0,1,0,0,0,0,0,-1,0,0,0,0,-1,0,0,0,-1,0,0,0,0,0
1871,0,0,-1,0,-1,0,0,0,0,0,0,1,0,0,0,0,0,0,1,1,-1,-1,0,0,0,0,0,0,0,0,0,0,-1,0,-1,0,0,0,1,-1,1,0,-1,-1,0,0,0,1,0,-1,1,1,0,0,0,0,0,0,-1,1,0,0,0,1
1872,1,0,0,-1,0,0,-1,0,1,-1,0,0,-1,0,1,1,0,0,1,0,1,0,0,0,-1,-1,-1,1,1,1,-1,0,0,0,1,0,0,0,-1,0,0,1,0,1,-1,-1,0,-1,0,0,1,0,0,0,0,0,1,1,-1,-1,-1,0,1,1
1873,0,1,0,0,-1,0,0,1,0,0,1,1,0,-1,0,0,0,1,1,0,0,0,0,1,1,0,0,1,0,0,0,0,0,0,0,0,0,0,0,1,1,0,-1,-1,0,0,1,0,0,1,0,0,0,0,0,1,-1,1,0,1,0,-1,0,0
1874,0,0,-1,0,0,1,0,-1,0,-1,-1,0,0,1,1,0,-1,0,0,0,0,-1,0,-1,1,0,1,0,0,-1,1,0,0,-1,0,1,1,0,0,-1,1,1,1,1,0,0,-1,0,-1,0,0,0,0,-1,1,0,0,0,1,0,-1,-1,0,0
1875,-1,-1,-1,-1,0,0,0,-1,0,0,0,0,0,0,0,0,0,0,0,0,1,0,0,0,1,0,0,1,1,0,1,0,0,0,0,0,0,0,0,-1,-1,0,0,0,0,0,0,0,-1,0,0,0,0,0,1,1,0,1,0,0,1,-1,0,0
1876,0,0,0,0,0,0,1,1,0,1,0,0,0,0,0,0,0,0,1,-1,1,0,0,1,0,0,0,-1,0,0,0,0,0,0,-1,0,0,1,-1,0,0,1,0,1,0,0,0,0,0,0,0,1,0,0,0,-1,-1,1,1,0,0,0,-1,-1
1877,0,0,1,0,0,0,0,-1,-1,0,-1,-1,0,0,0,1,-1,1,0,1,0,0,-1,0,0,0,-1,0,0,0,0,0,1,0,0,0,0,0,0,0,0,0,0,0,0,-1,0,0,0,1,0,0,-1,1,0,1,0,0,0,1,-1,0,-1,-1
1878,0,-1,-1,-1,0,-1,0,0,0,0,1,-1,0,-1,0,1,1,1,1,0,-1,-1,1,-1,0,-1,0,0,-1,0,0,-1,1,0,0,0,0,0,0,1,1,0,0,0,0,-1,1,0,1,-1,-1,0,0,0,-1,-1,0,0,0,0,0,1,0,0
1879,1,0,0,0,1,-1,0,0,0,0,0,0,0,0,0,-1,0,0,1,1,0,0,0,1,0,0,0,0,0,0,0,0,0,0,0,1,0,0,0,1,1,0,0,0,0,0,-1,0,0,1,1,1,0,0,-1,0,1,0,0,-1,0,0,0,0
1880,1,1,0,0,-1,0,0,1,1,-1,0,0,0,0,-1,0,0,-1,0,0,-1,1,0,0,0,1,0,0,1,0,0,-1,1,0,0,0,0,0,0,0,0,0,1,0,0,0,0,0,0,-1,0,-1,0,-1,0,-1,0,0,-1,0,1,0,0,1
1881,1,0,-1,1,-1,0,1,0,0,1,0,-1,1,-1,-1,0,0,0,0,0,0,0,0,0,-1,1,0,0,0,1,-1,-1,0,0,-1,0,0,0,1,0,0,1,0,-1,1,0,-1,0,0,0,-1,-1,0,0,0,0,0,1,0,0,0,0,0,0
1882,0,0,-1,0,-1,0,1,0,0,0,0,0,0,0,0,0,1,-1,1,0,1,0,0,0,0,1,0,0,-1,0,0,0,1,-1,0,0,0,-1,0,1,0,-1,0,0,0,1,0,0,1,0,0,0,1,-1,0,0,1,-1,0,0,0,-1,0,1
1883,0,0,1,0,0,0,1,0,0,0,0,-1,-1,-1,0,0,0,0,0,0,0,0,0,0,-1,0,1,0,0,0,0,0,0,-1,-1,0,0,0,0,1,0,0,0,-1,1,0,0,-1,0,0,0,0,1,1,0,0,-1,0,0,0,0,0,1,1
1884,0,1,0,1,0,0,0,0,1,0,1,-1,0,0,0,1,0,0,1,-1,0,0,0,-1,1,-1,1,0,1,0,-1,0,0,0,0,0,0,0,-1,0,1,1,-1,-1,0,0,0,-1,0,0,0,-1,0,-1,0,0,0,0,1,-1,0,1,-1,0
1885,0,0,1,0,0,0,0,1,0,0,0,0,0,-1,-1,1,0,0,0,0,0,0,0,0,0,0,0,0,0,0,-1,0,1,-1,0,1,1,0,1,0,0,1,0,0,-1,0,0,0,1,0,1,0,1,-1,0,0,0,0,0,0,-1,0,0,1
1886,0,0,0,0,-1,0,0,-1,0,0,-1,0,-1,0,0,-1,0,0,0,0,-1,0,0,1,0,0,-1,0,0,-1,0,0,1,-1,-1,0,0,0,1,1,0,0,0,-1,0,-1,-1,0,0,1,0,-1,0,0,0,-1,0,0,1,-1,0,-1,0,0
1887,1,0,1,0,-1,-1,-1,0,0,1,0,0,0,0,1,1,-1,0,0,0,1,-1,-1,0,0,0,0,0,0,-1,0,-1,0,0,0,0,0,0,0,1,-1,0,0,-1,0,0,0,-1,0,0,0,0,0,1,0,0,0,0,0,0,0,0,0,0
1888,0,-1,0,0,0,0,-1,0,1,0,-1,0,-1,-1,-1,0,0,1,0,0,0,-1,0,1,0,0,0,0,0,0,0,0,1,-1,0,0,1,1,0,0,0,0,0,0,0,0,0,0,0,-1,0,0,-1,-1,0,0,0,-1,0,0,1,0,0,0
1889,0,0,0,0,0,0,-1,1,0,0,0,-1,0,-1,0,1,1,-1,-1,0,1,1,0,-1,1,0,0,0,0,1,-1,0,1,0,1,1,1,0,0,1,0,-1,0,0,-1,1,0,0,1,0,0,0,1,0,0,-1,1,1,0,-1,0,1,0,1
1890,0,0,-1,-1,-1,0,0,0,-1,0,-1,1,-1,0,0,0,-1,1,-1,0,0,0,-1,0,0,1,1,-1,0,0,0,1,0,-1,0,0,1,0,0,1,0,0,0,1,1,0,-1,0,-1,-1,0,0,1,1,0,0,0,-1,0,0,0,1,-1,0
1891,-1,0,0,0,0,1,1,0,0,0,0,0,0,0,0,-1,1,0,1,0,0,0,-1,0,0,0,-1,0,0,0,1,0,0,0,0,0,0,-1,1,0,-1,0,1,0,1,0,-1,0,0,-1,0,0,1,0,0,0,-1,0,0,-1,1,1,1,1
1892,-1,0,0,-1,0,0,-1,-1,0,0,-1,1,0,0,-1,0,0,0,0,0,-1,0,0,1,0,0,1,0,-1,0,-1,0,-1,0,-1,0,0,1,0,1,1,0,-1,1,0,0,0,0,0,0,-1,1,0,0,0,1,0,0,-1,1,-1,1,0,0
1893,0,-1,-1,-1,1,0,0,0,-1,0,0,0,-1,0,-1,0,0,1,0,0,1,1,1,1,-1,0,0,-1,0,1,0,0,1,1,0,-1,-1,0,0,-1,0,0,-1,1,1,-1,0,0,0,0,1,0,0,0,0,-1,0,0,-1,0,0,1,-1,1
1894,0,0,-1,0,0,1,0,1,0,0,1,1,0,0,-1,0,0,0,0,0,0,1,0,0,0,0,1,0,1,1,0,0,1,0,0,0,0,1,0,0,1,-1,0,1,0,0,1,0,-1,0,0,0,0,0,0,0,0,0,1,-1,1,-1,0,0
1895,0,0,-1,1,0,0,1,0,0,0,0,0,0,0,0,0,0,0,1,1,0,-1,0,0,0,0,0,-1,0,0,-1,0,-1,0,0,0,-1,0,0,1,0,0,-1,0,0,0,0,0,0,0,0,0,-1,0,0,0,1,0,-1,0,1,0,0,-1
1896,-1,0,0,0,-1,0,0,0,-1,0,0,0,1,0,-1,0,0,0,-1,1,0,0,-1,0,-1,1,-1,-1,-1,0,0,-1,1,0,1,0,0,0,1,0,-1,0,0,0,0,0,1,-1,0,0,0,-1,0,0,1,-1,-1,0,1,0,0,0,0,1
1897,0,0,0,0,0,0,0,0,0,0,1,0,-1,0,-1,0,0,-1,0,-1,-1,1,0,1,1,0,-1,-1,0,0,0,0,1,0,-1,0,0,0,0,0,0,0,-1,0,0,0,1,0,0,0,-1,-1,0,0,0,0,0,0,0,0,0,0,0,0
1898,-1,0,0,1,1,0,1,-1,1,0,0,0,0,-1,0,1,0,0,-1,1,1,1,0,1,1,-1,0,-1,0,0,0,0,1,0,0,1,-1,0,0,0,0,0,0,0,0,1,1,1,-1,-1,0,0,0,0,0,0,0,0,0,0,0,0,0,1
1899,-1,0,-1,1,0,0,-1,1,0,1,0,0,0,0,0,0,0,1,1,0,0,0,0,-1,-1,0,0,0,0,1,1,0,0,1,0,-1,1,0,0,0,0,1,0,0,0,0,1,-1,0,1,0,-1,-1,1,0,0,1,1,0,1,0,0,1,0
1900,0,0,0,0,0,0,0,0,0,1,1,0,0,1,-1,1,0,-1,1,0,0,0,1,1,-1,0,0,1,1,0,0,0,0,0,0,1,0,0,0,1,0,0,0,-1,1,-1,0,1,0,1,1,-1,1,0,0,0,1,0,0,1,-1,1,0,0
1901,0,0,1,-1,0,-1,0,0,0,0,0,0,0,1,0,0,1,0,0,1,1,0,0,0,0,0,0,0,0,-1,0,0,0,0,-1,-1,0,1,0,0,0,0,0,0,0,-1,0,1,0,1,1,1,0,0,0,0,0,0,-1,-1,0,0,1,0
1902,1,1,0,-1,0,-1,0,0,0,0,1,-1,1,-1,-1,0,0,-1,0,0,0,-1,0,0,0,1,-1,-1,1,0,-1,0,1,0,0,0,0,0,0,0,0,0,0,0,0,1,0,0,0,0,0,0,0,-1,0,0,0,0,-1,-1,0,0,0,-1
1903,1,0,1,0,-1,0,-1,0,0,0,-1,0,0,0,-1,0,0,0,-1,0,-1,0,0,1,0,0,-1,-1,0,0,-1,0,1,0,0,0,1,0,0,0,0,0,0,0,0,0,0,0,0,0,1,0,-1,0,0,0,0,0,-1,0,0,0,0,0
1904,0,0,0,0,0,0,-1,0,0,0,0,1,-1,0,1,0,0,1,0,-1,0,1,1,0,0,0,1,0,0,0,0,1,0,0,-1,0,0,0,1,0,0,0,1,1,0,-1,0,0,0,0,-1,0,1,-1,0,-1,0,0,0,-1,0,1,0,-1
1905,1,0,0,-1,0,-1,0,1,0,0,0,0,-1,0,0,0,1,0,1,1,0,-1,0,0,0,-1,1,0,1,0,0,1,-1,0,0,0,1,-1,0,0,1,0,0,0,1,0,-1,0,-1,1,0,-1,-1,1,1,0,1,1,1,0,0,0,0,0
1906,1,0,-1,0,0,1,-1,0,-1,-1,0,0,0,0,0,0,0,1,0,0,0,-1,0,0,0,-1,0,-1,0,-1,0,0,0,1,0,1,0,-1,0,0,0,0,0,-1,-1,0,0,-1,1,-1,1,0,1,1,1,0,0,0,0,0,-1,0,0,0
1907,0,0,0,1,0,1,0,0,0,0,0,1,1,-1,0,0,1,-1,0,1,0,0,-1,-1,0,0,0,0,-1,-1,0,0,0,-1,1,0,-1,0,0,0,0,-1,0,0,0,0,0,1,0,0,0,0,-1,0,0,0,0,-1,0,0,0,0,0,1
1908,0,1,0,0,0,0,0,1,0,0,0,0,-1,0,0,-1,0,0,0,0,0,0,0,0,0,1,0,0,0,0,0,0,0,0,1,-1,0,0,-1,0,1,0,0,-1,0,-1,0,0,0,0,-1,0,0,0,0,-1,0,0,0,-1,0,1,1,-1
1909,0,1,-1,0,0,0,0,-1,0,0,0,0,0,-1,-1,0,0,0,0,0,1,0,0,1,0,0,1,-1,-1,0,0,0,1,0,0,-1,0,-1,0,0,0,0,-1,0,0,-1,-1,0,0,0,0,-1,0,-1,0,0,0,0,0,1,0,0,0,-1
1910,0,1,0,0,0,0,0,0,0,1,-1,-1,-1,1,0,1,1,0,0,-1,0,0,0,-1,0,0,0,0,0,0,0,0,0,0,0,0,0,1,-1,1,0,0,0,0,0,0,0,-1,0,-1,0,1,1,0,0,0,0,0,0,1,0,0,0,1
1911,0,0,0,0,0,0,0,0,0,0,1,-1,-1,1,0,0,1,0,0,0,0,-1,-1,0,1,0,0,0,0,0,0,0,0,0,0,0,0,0,-1,0,0,-1,0,0,1,0,1,0,1,1,0,0,1,0,0,0,0,0,0,0,0,0,1,1
1912,-1,0,-1,0,0,-1,0,0,1,0,0,0,0,-1,1,1,0,0,0,0,-1,0,0,0,0,0,0,0,-1,0,0,0,1,0,0,0,0,1,0,0,0,-1,0,-1,0,0,0,0,0,0,0,0,1,1,0,-1,-1,0,0,0,1,0,0,0
1913,0,0,0,0,-1,0,0,-1,0,0,0,-1,0,0,1,0,0,0,0,0,0,0,0,0,-1,1,0,1,-1,-1,0,1,0,0,0,-1,0,0,0,1,0,0,0,0,-1,-1,-1,0,0,0,1,-1,0,0,-1,0,0,1,0,0,1,0,0,0
1914,0,0,0,1,1,0,0,0,0,0,-1,0,0,0,0,-1,-1,0,1,1,0,0,0,0,0,0,-1,0,0,0,0,1,0,-1,0,-1,0,1,-1,0,0,1,-1,-1,-1,0,0,-1,0,-1,0,0,-1,-1,0,-1,1,0,0,-1,1,-1,0,1
1915,0,1,0,0,0,0,0,-1,-1,0,-1,0,0,1,0,0,0,0,0,1,-1,-1,0,0,0,0,0,0,0,1,0,0,0,1,0,1,-1,0,0,1,0,1,0,0,1,0,0,0,0,0,0,0,-1,1,1,0,0,0,0,0,1,0,0,0
1916,0,0,1,0,0,0,0,-1,0,0,0,1,1,0,0,0,0,0,-1,0,0,0,0,1,0,0,-1,0,-1,1,0,-1,0,0,0,0,0,0,-1,0,0,0,0,-1,1,0,1,0,1,0,-1,0,-1,0,-1,-1,0,0,0,0,0,1,1,1
1917,-1,0,-1,0,1,1,-1,-1,0,0,-1,0,-1,-1,0,0,0,1,0,0,-1,0,-1,1,0,0,0,-1,0,-1,0,1,0,1,0,0,1,0,0,0,-1,0,0,0,0,1,0,0,-1,0,0,0,0,0,0,0,0,0,0,1,1,0,0,1
1918,0,0,-1,-1,0,1,0,0,1,0,0,1,-1,0,1,0,0,1,0,0,1,-1,-1,0,1,0,-1,-1,1,0,0,0,0,-1,0,0,-1,0,1,1,-1,-1,-1,0,0,1,0,-1,0,0,0,0,0,0,1,0,1,0,1,1,0,1,1,0
1919,0,-1,1,1,0,0,0,1,0,-1,1,0,0,1,0,0,0,0,1,0,0,-1,0,0,1,0,0,-1,0,-1,-1,1,-1,0,0,0,0,0,0,0,1,0,0,-1,1,0,0,0,0,0,1,-1,0,1,0,1,-1,0,0,1,0,0,0,1
1920,0,0,0,0,0,0,0,-1,0,0,-1,0,0,-1,0,0,0,0,0,1,0,0,0,0,-1,0,0,0,0,0,0,0,1,0,0,1,-1,1,0,-1,-1,1,0,0,0,0,1,0,-1,-1,0,-1,-1,1,1,1,1,0,0,0,0,0,1,0
1921,0,0,1,-1,0,0,0,0,0,0,-1,0,0,-1,-1,0,1,0,0,0,0,-1,0,1,0,0,0,1,1,0,1,0,-1,1,-1,0,0,-1,0,-1,-1,0,0,0,0,-1,0,1,-1,0,0,0,0,-1,0,0,1,0,-1,-1,1,0,0,0
1922,-1,0,1,0,0,0,0,0,1,0,1,0,-1,0,0,0,0,0,0,1,0,0,0,0,0,0,-1,-1,0,0,0,0,0,0,1,-1,-1,1,1,0,0,0,0,1,0,1,0,-1,0,0,1,1,0,0,0,0,0,-1,1,-1,0,1,0,0
1923,0,0,1,0,0,1,0,0,1,0,0,0,-1,0,1,0,-1,-1,0,1,0,0,0,0,0,0,0,0,0,0,-1,0,0,0,-1,0,0,0,0,0,0,-1,0,1,-1,0,1,-1,1,1,0,0,-1,0,1,0,0,0,0,0,0,0,0,0
1924,-1,0,0,0,0,1,0,0,0,0,0,1,0,1,0,0,0,-1,1,1,0,0,1,0,0,-1,0,0,1,0,0,-1,-1,0,0,0,0,0,0,0,0,1,0,1,0,1,-1,0,-1,1,0,0,1,0,-1,0,0,0,0,0,0,0,-1,0
1925,0,-1,0,1,-1,0,0,1,0,1,0,0,0,-1,0,0,0,1,0,1,0,0,0,0,0,0,0,0,0,-1,0,0,1,0,0,-1,-1,0,1,1,0,0,0,0,0,0,0,-1,0,0,0,0,0,0,0,0,1,0,-1,0,0,0,-1,-1
1926,0,0,1,0,0,-1,0,0,0,1,0,0,0,-1,-1,0,0,0,0,0,0,1,0,0,0,1,0,0,0,1,0,0,0,0,0,1,0,0,0,0,1,0,-1,-1,0,0,0,1,0,-1,1,0,1,0,0,0,0,0,1,0,0,0,0,0
1927,0,1,0,0,0,1,0,0,0,-1,0,0,-1,0,1,1,1,-1,-1,0,0,0,0,0,0,-1,0,0,0,0,0,0,1,0,-1,0,-1,0,0,1,-1,0,0,0,0,0,0,0,0,1,0,0,0,0,0,0,0,0,-1,0,0,1,0,0
1928,1,0,0,1,0,0,0,0,-1,0,1,1,0,0,0,-1,0,0,0,0,0,0,0,-1,1,0,0,0,0,0,0,-1,0,0,0,0,0,0,0,0,0,0,0,1,0,0,0,0,1,0,0,-1,0,0,1,1,-1,1,0,0,0,-1,0,1
1929,0,0,0,1,0,0,1,0,-1,0,-1,-1,0,0,-1,0,0,1,0,0,0,1,-1,0,0,0,0,0,0,0,0,0,0,-1,0,1,0,1,1,1,-1,0,0,0,1,-1,0,0,1,0,0,-1,0,0,0,0,-1,1,0,0,1,0,0,0
1930,0,1,0,0,0,0,-1,0,1,0,0,0,0,0,0,0,0,1,0,0,0,0,1,0,-1,-1,0,0,0,0,0,0,1,-1,-1,0,0,1,0,1,0,1,0,-1,0,0,0,-1,0,0,1,0,0,-1,0,0,0,-1,-1,0,0,0,0,-1
1931,0,0,0,-1,0,0,0,0,0,0,0,0,0,0,0,0,1,1,-1,1,0,-1,-1,0,-1,1,0,0,0,0,0,0,1,0,0,0,0,0,0,0,0,0,-1,-1,0,1,0,0,-1,0,-1,0,0,-1,-1,0,0,0,1,0,0,-1,0,0
1932,-1,0,0,1,0,0,0,-1,0,1,-1,-1,0,0,1,-1,-1,1,1,0,0,0,0,-1,-1,0,0,0,1,0,-1,1,0,-1,-1,1,0,0,0,1,0,1,0,0,0,0,0,0,0,1,1,0,0,0,-1,-1,0,1,1,1,1,0,0,0
1933,1,1,-1,-1,0,0,0,0,0,0,0,0,-1,0,0,0,-1,0,0,-1,1,0,0,0,0,-1,0,1,0,0,0,0,0,0,-1,1,0,-1,1,0,1,0,1,0,1,0,-1,-1,0,0,0,-1,0,-1,-1,1,-1,-1,0,-1,-1,1,0,0
1934,0,0,0,0,0,0,0,0,0,1,0,-1,-1,0,0,0,0,-1,0,0,-1,0,-1,-1,0,0,0,0,0,0,0,0,0,0,0,0,0,0,1,0,0,0,0,0,1,-1,0,0,0,0,-1,1,0,0,0,0,0,0,0,0,0,0,0,0
1935,0,0,-1,0,0,0,0,0,0,-1,0,0,-1,0,0,1,0,0,0,-1,0,0,-1,0,-1,0,-1,1,1,-1,0,1,1,1,0,-1,0,1,-1,0,1,0,0,0,0,-1,0,0,0,0,-1,1,-1,0,0,-1,0,0,0,0,0,0,0,1
1936,-1,0,0,0,0,1,0,0,-1,0,0,0,1,0,1,0,0,1,0,0,1,0,0,-1,-1,0,1,0,0,1,0,0,1,0,0,1,-1,0,0,1,0,0,0,0,0,0,0,-1,0,1,-1,0,1,0,-1,0,0,0,0,0,0,0,1,0
1937,0,1,0,0,0,0,0,0,0,0,1,1,1,0,1,0,-1,0,0,0,1,1,0,0,0,0,-1,-1,0,-1,0,0,1,1,0,1,-1,-1,0,-1,0,0,0,1,0,1,0,0,0,0,-1,-1,0,0,0,1,-1,0,0,0,0,0,0,0
1938,1,-1,1,0,0,0,0,0,0,0,-1,1,1,0,0,0,0,0,0,0,-1,0,-1,-1,1,0,0,1,0,0,0,0,-1,0,0,1,0,0,0,0,1,0,0,0,0,0,0,0,0,1,1,-1,0,0,0,-1,0,-1,-1,0,0,0,0,1
1939,0,0,-1,0,0,1,1,-1,0,0,1,0,1,1,1,-1,1,1,0,0,-1,0,1,-1,0,0,0,0,1,0,1,0,0,0,-1,-1,1,0,-1,0,1,0,0,0,1,0,0,0,1,0,-1,-1,0,1,0,0,0,0,0,-1,0,1,-1,-1
1940,0,0,0,-1,0,-1,0,-1,0,1,-1,0,0,0,0,1,1,-1,0,0,0,0,1,0,1,0,0,0,-1,-1,-1,0,0,0,0,-1,-1,1,0,0,1,0,0,0,-1,0,0,0,1,0,0,0,-1,1,1,0,0,-1,0,0,0,0,1,0
1941,-1,1,1,0,0,0,-1,-1,0,0,1,0,0,0,0,0,-1,1,0,-1,0,1,0,0,0,1,0,0,0,0,0,-1,-1,1,1,0,1,0,0,-1,0,1,0,1,0,0,-1,0,1,1,-1,0,1,0,0,1,0,0,0,0,1,1,0,0
1942,0,0,0,0,0,0,0,1,1,0,0,0,0,0,-1,0,0,0,-1,0,0,0,0,0,0,0,0,0,-1,0,0,0,-1,-1,-1,0,0,0,0,1,0,0,0,0,1,0,0,0,-1,0,-1,0,0,0,1,-1,-1,0,0,0,0,-1,0,0
1943,1,0,-1,0,1,0,0,0,0,0,0,0,0,0,-1,0,-1,0,0,0,-1,1,0,0,1,0,0,1,-1,0,0,0,0,-1,0,1,0,0,0,0,-1,0,0,0,0,0,-1,1,0,0,-1,-1,-1,1,0,0,-1,0,0,1,-1,1,0,0
1944,0,1,1,1,0,0,0,0,0,0,0,0,0,0,0,1,0,0,0,0,0,0,-1,-1,0,-1,-1,1,-1,0,1,0,-1,0,-1,0,-1,0,0,0,0,1,-1,0,0,0,0,-1,0,1,0,0,0,1,-1,1,0,0,0,0,-1,0,0,0
1945,1,-1,0,0,0,0,0,0,0,0,0,0,0,0,0,0,0,-1,0,0,1,-1,0,0,1,0,0,0,0,1,0,0,0,0,0,0,0,1,0,-1,0,1,-1,-1,1,0,0,1,1,1,0,0,0,0,0,0,0,1,0,-1,0,0,0,0
1946,1,0,0,0,-1,0,0,1,0,0,1,0,1,0,1,0,0,0,0,1,0,0,1,0,0,0,1,0,0,0,0,0,1,0,1,1,-1,1,0,0,-1,0,0,0,0,0,0,-1,-1,0,-1,0,-1,1,-1,0,0,0,0,0,-1,0,0,0
1947,0,0,0,0,0,1,0,0,0,0,0,1,-1,0,-1,-1,0,0,0,0,0,-1,0,0,0,1,0,0,0,0,0,-1,0,0,1,0,0,0,0,1,1,0,0,1,1,0,-1,0,0,0,1,0,-1,0,0,0,0,0,-1,0,0,0,0,1
1948,0,0,0,0,1,0,0,0,0,-1,1,0,0,0,0,0,0,0,0,0,1,0,0,0,1,0,0,0,0,-1,1,0,0,-1,0,0,0,0,0,0,1,0,-1,-1,0,0,0,0,1,1,0,-1,1,-1,0,0,0,0,0,0,-1,0,0,0
1949,0,0,0,0,0,0,0,-1,0,1,-1,0,0,0,-1,0,0,0,1,0,1,0,-1,0,-1,-1,0,0,1,0,-1,-1,0,0,0,1,0,-1,0,-1,0,0,0,0,0,0,0,0,0,0,0,0,0,0,1,0,-1,1,-1,-1,1,1,0,0
1950,0,0,1,0,-1,1,0,0,1,0,0,-1,0,1,0,1,0,1,0,1,1,0,0,0,1,0,1,0,-1,0,0,0,0,0,0,1,0,0,0,0,0,0,-1,0,-1,1,0,1,-1,1,0,0,1,-1,0,0,0,1,1,0,-1,0,0,1
1951,1,1,0,-1,0,1,-1,-1,1,1,0,1,0,0,0,0,0,0,0,0,-1,0,0,1,0,0,-1,0,1,0,0,-1,0,0,1,0,0,1,0,0,0,1,0,0,-1,1,0,1,0,-1,0,1,1,0,0,0,0,-1,-1,1,-1,0,-1,-1
1952,0,0,-1,0,0,0,0,0,0,-1,-1,0,0,1,0,0,0,0,0,0,0,0,-1,-1,-1,-1,1,0,1,0,1,-1,0,-1,0,0,-1,0,0,1,0,-1,1,0,0,0,-1,0,0,0,-1,0,0,0,0,-1,0,0,-1,0,0,0,0,0
1953,0,0,0,0,-1,0,0,0,1,0,0,0,-1,-1,0,-1,1,-1,0,0,1,-1,0,-1,0,-1,0,0,0,0,-1,0,0,-1,-1,0,0,0,0,-1,0,-1,0,0,1,0,0,0,0,0,-1,-1,0,0,0,0,0,0,0,0,0,0,-1,0
1954,0,0,0,0,0,1,0,-1,0,0,-1,0,1,0,0,0,1,0,0,-1,-1,1,-1,0,0,0,1,0,0,0,0,-1,-1,0,0,0,0,0,0,0,0,0,-1,0,0,0,0,0,0,0,-1,0,1,1,0,0,-1,1,0,0,0,0,0,0
1955,1,0,0,0,0,0,0,0,0,0,1,0,0,0,0,-1,0,0,1,0,0,1,0,1,0,0,0,0,0,0,-1,0,0,0,0,1,0,0,0,0,0,0,0,-1,0,-1,1,0,-1,0,-1,0,0,0,0,0,0,-1,1,-1,-1,0,0,0
1956,0,-1,0,-1,0,0,0,1,1,0,1,-1,0,0,0,0,0,1,0,0,-1,0,0,0,0,0,1,0,0,0,0,0,0,0,0,0,0,0,0,0,0,0,1,0,1,0,0,1,0,0,0,0,-1,0,0,1,-1,0,0,0,0,0,1,0
1957,0,0,-1,1,-1,1,1,-1,0,0,0,-1,-1,-1,0,0,0,-1,1,0,0,-1,0,0,0,1,0,0,0,0,-1,1,1,0,0,1,0,0,0,0,0,0,0,1,0,0,0,-1,0,0,0,1,0,-1,0,1,0,1,-1,-1,0,0,-1,0
1958,0,0,0,0,0,-1,1,0,0,0,0,1,0,0,1,0,0,0,-1,0,0,0,1,0,1,-1,1,0,0,0,0,0,0,-1,-1,0,0,0,0,-1,-1,0,0,0,0,0,1,0,0,1,0,-1,0,0,-1,0,0,1,0,0,0,0,0,0
1959,-1,0,0,0,0,0,0,0,0,-1,0,1,0,0,0,-1,1,0,0,0,0,0,0,0,0,0,0,0,0,0,0,-1,1,1,0,0,0,-1,1,1,1,0,0,0,0,-1,1,0,1,1,1,0,-1,0,-1,-1,0,0,0,0,0,0,0,0
1960,0,0,0,0,1,0,-1,1,0,0,-1,0,0,1,0,-1,0,0,-1,0,0,0,0,0,-1,0,-1,0,0,0,0,0,0,-1,0,0,1,0,0,0,0,0,0,0,0,0,1,0,0,-1,-1,1,0,1,1,1,0,0,0,0,0,0,1,0
1961,0,0,-1,0,1,0,1,0,0,1,0,-1,0,0,1,0,-1,0,0,1,-1,0,-1,0,-1,0,0,0,0,0,-1,0,0,0,-1,0,0,0,0,0,0,0,-1,0,0,0,-1,0,0,0,0,0,0,0,0,1,1,0,0,0,0,0,0,0
1962,1,-1,0,-1,0,0,0,0,0,0,0,0,0,0,0,0,-1,-1,0,0,0,1,0,1,0,0,-1,0,-1,0,0,1,0,1,0,0,0,-1,0,1,-1,0,0,0,0,0,-1,0,0,0,0,0,0,1,0,0,1,-1,0,0,0,0,0,0
1963,0,0,0,0,-1,0,0,0,0,0,0,0,0,-1,-1,1,0,1,1,-1,0,-1,-1,0,1,-1,0,1,0,0,0,0,0,0,-1,0,0,0,1,0,1,0,0,0,0,-1,0,-1,0,0,0,1,0,1,0,0,0,0,-1,-1,0,0,-1,1
1964,-1,0,0,0,1,-1,1,0,1,0,-1,-1,1,0,0,0,0,0,0,-1,0,-1,0,1,0,1,0,0,0,0,0,-1,0,0,-1,1,0,-1,0,0,0,1,0,0,0,0,-1,0,0,1,-1,0,-1,1,1,1,-1,0,0,0,0,0,0,0
1965,1,1,0,0,0,1,1,0,1,0,0,1,1,0,0,0,1,1,0,-1,0,0,1,0,0,0,0,1,0,0,0,0,0,-1,0,0,0,0,0,0,0,0,0,1,0,-1,-1,-1,-1,0,0,1,1,1,0,-1,0,0,0,1,-1,0,0,0
1966,1,0,0,-1,0,0,0,-1,1,0,0,0,0,0,1,0,0,0,0,0,0,0,0,0,1,0,0,0,1,0,0,1,0,0,0,1,0,0,0,0,0,0,0,0,0,1,0,0,0,-1,1,0,0,0,0,-1,-1,0,0,1,0,1,0,0
1967,-1,-1,0,0,1,1,0,1,1,-1,-1,0,0,0,0,0,0,0,-1,1,0,0,0,0,0,0,0,0,0,0,1,1,0,-1,0,0,0,-1,0,0,0,0,0,0,0,0,0,1,1,0,0,0,0,0,0,-1,0,0,0,1,0,0,-1,0
1968,0,1,-1,1,0,-1,0,0,-1,0,0,-1,-1,-1,0,-1,0,-1,-1,-1,0,0,1,0,0,1,0,0,0,1,0,1,0,0,0,-1,0,0,0,-1,0,0,0,0,1,0,1,1,0,0,1,1,0,1,1,-1,0,1,0,0,-1,0,0,0
1969,0,0,1,-1,-1,-1,0,0,0,-1,1,0,1,0,0,-1,1,0,1,0,0,0,0,0,0,0,0,0,0,0,0,0,-1,0,-1,-1,0,-1,0,0,0,-1,0,0,-1,0,1,0,0,1,0,1,-1,0,0,0,0,0,0,0,0,0,1,-1
1970,0,0,0,0,0,1,0,0,0,0,0,0,0,-1,0,-1,0,-1,0,0,-1,0,0,0,-1,0,1,-1,1,0,0,-1,0,1,-1,0,0,-1,0,1,0,0,0,0,0,0,-1,0,0,0,0,0,-1,0,1,0,-1,0,0,0,0,0,-1,0
1971,1,0,1,0,0,0,0,1,0,1,0,0,1,0,-1,0,0,0,0,0,0,0,0,0,0,0,0,0,0,0,0,-1,0,0,-1,0,0,0,0,0,0,0,0,0,-1,1,0,0,0,0,0,0,1,0,0,1,-1,-1,0,0,0,-1,0,-1
1972,0,0,-1,-1,-1,1,1,0,0,0,0,0,0,1,0,0,0,0,0,0,0,0,0,-1,0,0,1,0,0,0,0,0,-1,-1,0,0,0,0,0,0,0,0,0,1,0,1,1,-1,0,1,0,1,1,-1,0,0,0,0,0,0,1,0,0,0
1973,0,0,1,0,0,0,0,0,0,-1,0,0,1,-1,1,0,1,0,-1,0,0,1,0,0,0,0,-1,0,0,0,0,1,0,1,-1,0,0,0,0,0,-1,0,0,0,0,0,0,0,0,1,0,-1,0,0,-1,0,0,0,1,-1,0,0,-1,-1
1974,0,0,-1,0,0,-1,0,0,1,0,0,1,0,0,-1,0,0,1,0,0,-1,1,0,1,1,0,0,-1,0,1,0,0,0,0,0,0,0,-1,0,0,0,0,0,-1,0,0,-1,0,-1,0,0,-1,0,0,0,-1,0,0,0,0,-1,0,0,0
1975,-1,0,1,0,0,0,-1,0,0,0,0,0,0,0,-1,-1,0,-1,0,-1,0,-1,0,0,0,0,0,-1,0,0,1,0,-1,1,0,1,1,-1,-1,0,1,0,0,0,1,0,0,0,-1,0,0,0,0,0,-1,0,-1,-1,0,-1,0,0,0,0
1976,-1,1,0,1,1,1,0,1,0,0,1,0,1,0,0,1,0,1,0,0,0,0,0,0,0,0,0,0,0,0,-1,-1,0,1,0,1,0,0,0,-1,-1,1,0,0,0,0,0,-1,0,-1,0,0,0,0,1,0,0,-1,1,-1,1,0,0,0
1977,0,0,0,0,0,0,1,1,-1,0,-1,0,0,0,0,0,0,-1,0,0,0,-1,1,0,0,0,1,0,0,0,0,0,1,1,0,0,0,-1,0,0,0,0,1,-1,-1,0,0,0,0,-1,0,0,-1,-1,0,1,1,1,0,0,1,0,1,-1
1978,0,0,0,0,1,0,0,-1,0,0,0,0,0,1,0,-1,0,0,0,0,0,0,0,0,0,0,1,0,0,0,0,1,0,0,-1,0,0,0,0,0,0,0,0,0,0,-1,-1,0,0,0,-1,-1,1,0,0,0,1,1,0,0,0,0,0,0
1979,0,0,0,0,1,1,0,-1,-1,0,0,0,0,-1,-1,0,-1,0,0,1,0,0,-1,-1,1,1,0,1,0,0,0,0,0,0,0,0,0,-1,0,1,0,0,0,0,0,1,1,-1,0,0,0,0,-1,0,0,1,0,0,0,0,0,0,-1,0
1980,0,-1,0,1,-1,-1,0,1,1,0,0,0,0,0,0,-1,0,0,0,0,0,1,0,0,0,0,-1,1,0,0,-1,-1,0,-1,-1,0,1,-1,-1,1,0,0,1,0,0,0,1,0,1,1,-1,1,0,0,0,-1,1,0,0,1,-1,0,0,0
1981,0,0,0,0,1,-1,-1,1,-1,1,0,0,0,0,0,-1,0,-1,0,0,0,0,0,0,0,0,-1,0,-1,0,0,-1,-1,-1,-1,0,1,1,0,0,0,-1,1,1,1,1,-1,-1,1,0,0,0,0,-1,0,1,1,1,-1,0,-1,1,0,0
1982,0,1,0,1,1,-1,0,-1,-1,1,0,1,-1,1,0,1,0,0,0,0,0,0,0,-1,1,1,0,0,1,0,0,1,0,0,0,0,-1,0,0,1,0,1,0,-1,0,0,0,0,0,0,-1,0,-1,0,1,0,1,-1,0,0,0,0,0,0
1983,0,0,0,-1,0,0,0,1,0,0,1,0,0,-1,0,0,1,0,0,0,0,0,0,0,0,0,0,1,0,0,0,1,0,0,1,0,0,0,0,0,0,1,0,0,0,0,-1,0,0,0,0,0,-1,0,0,0,0,0,1,-1,-1,0,0,0
1984,0,0,0,0,1,0,1,0,1,-1,0,0,-1,0,0,0,0,0,-1,1,0,0,0,0,1,1,0,1,0,0,0,0,0,0,1,0,0,0,-1,0,-1,-1,-1,0,1,-1,0,-1,-1,0,-1,0,0,-1,0,0,0,0,1,0,0,-1,0,1
1985,0,1,-1,0,0,0,0,1,0,1,-1,0,0,0,1,0,0,0,-1,0,1,0,0,0,0,0,0,0,0,1,-1,-1,0,0,0,-1,0,0,0,0,1,0,0,1,1,1,1,-1,0,0,0,0,1,-1,0,0,0,0,0,0,-1,-1,0,0
1986,0,-1,0,0,0,0,-1,1,0,0,1,0,1,0,0,0,-1,0,0,1,0,0,-1,0,0,-1,1,0,0,0,0,0,0,0,0,0,1,-1,0,1,-1,0,0,0,1,0,0,0,0,1,-1,0,0,0,0,1,-1,0,0,-1,1,1,-1,0
1987,1,0,0,0,0,-1,0,0,0,-1,0,0,0,0,0,0,0,1,0,0,1,0,0,0,1,0,0,-1,0,0,-1,1,0,1,0,1,0,-1,0,0,0,-1,0,0,-1,-1,-1,-1,0,1,0,0,0,-1,1,1,0,-1,1,-1,0,0,1,0
1988,0,-1,-1,0,1,0,0,0,0,1,1,0,-1,0,1,0,0,0,0,0,-1,1,0,0,0,0,1,1,1,0,1,0,1,-1,0,-1,0,0,0,0,0,0,-1,0,0,0,-1,0,0,0,0,-1,0,0,0,1,1,0,0,-1,1,0,0,0
1989,0,1,1,0,0,0,0,0,1,0,1,1,0,0,0,0,0,1,-1,0,0,1,0,1,1,0,0,0,0,0,0,0,1,0,0,0,0,0,0,-1,1,0,0,1,0,0,-1,0,0,0,-1,1,0,0,0,1,0,0,0,0,1,0,-1,0
1990,0,-1,0,0,0,0,0,1,0,1,1,0,0,0,-1,-1,0,1,1,0,0,0,-1,0,1,1,0,0,0,1,0,0,0,0,0,0,0,0,-1,0,0,0,0,0,0,-1,0,1,1,1,0,0,0,-1,0,0,0,1,0,-1,0,1,0,0
1991,0,0,0,1,1,0,0,0,0,1,0,0,1,0,0,-1,1,0,0,0,1,0,0,0,0,0,0,1,0,0,0,0,-1,0,-1,1,1,0,0,-1,0,0,0,0,0,1,0,1,-1,0,0,0,0,0,-1,0,0,0,0,0,0,-1,-1,0
1992,-1,0,0,0,1,1,0,0,0,-1,0,0,-1,1,0,0,0,0,0,0,0,-1,1,0,0,0,0,0,0,0,0,-1,1,0,0,-1,0,0,0,0,0,0,0,1,0,0,1,1,0,0,0,-1,0,0,0,0,-1,0,1,1,0,0,0,-1
1993,-1,0,0,1,0,-1,0,-1,0,0,0,0,1,1,0,0,-1,0,0,0,-1,0,0,0,1,-1,0,0,0,0,-1,0,0,-1,0,0,-1,0,0,0,1,0,0,-1,0,1,1,0,0,0,0,0,0,0,-1,0,0,0,0,0,1,1,0,0
1994,0,0,0,0,1,-1,-1,0,0,0,-1,1,1,-1,0,0,-1,0,-1,0,0,0,-1,0,0,0,0,0,1,0,-1,-1,0,0,-1,-1,-1,0,0,0,0,-1,0,0,0,0,0,0,0,0,1,0,-1,1,-1,0,0,-1,1,0,-1,0,1,1
1995,0,1,1,0,-1,1,0,0,-1,0,1,1,-1,-1,0,0,0,0,0,0,1,-1,0,1,0,-1,0,-1,-1,0,-1,1,-1,1,0,-1,0,0,0,0,-1,-1,1,0,0,0,0,0,0,0,0,-1,1,0,0,1,0,-1,0,0,0,0,0,-1
1996,1,1,0,-1,1,0,0,0,0,0,0,0,-1,0,0,0,0,0,-1,0,-1,0,1,0,0,0,0,0,-1,0,0,1,1,0,0,0,0,0,0,0,0,-1,1,0,0,-1,-1,0,0,1,-1,0,0,0,-1,0,-1,0,0,0,0,0,0,1
1997,0,1,-1,-1,0,-1,0,0,0,-1,0,0,0,1,0,0,0,0,0,1,0,0,-1,0,1,0,0,0,0,1,0,1,0,0,0,0,0,-1,0,1,1,1,0,1,0,0,0,0,1,0,-1,0,0,0,0,0,-1,0,-1,-1,-1,1,0,-1
1998,-1,0,0,0,0,0,0,-1,0,1,0,0,0,0,1,1,-1,0,-1,0,0,0,0,0,0,0,1,1,0,0,1,0,0,1,-1,0,0,0,0,0,0,0,0,-1,0,0,0,0,0,-1,-1,1,0,1,0,-1,0,0,-1,0,0,0,-1,1
1999,0,0,0,0,0,0,0,0,0,0,0,0,1,0,0,0,-1,0,-1,0,1,0,1,0,0,1,1,0,-1,0,0,0,-1,-1,0,0,0,1,0,0,0,1,0,0,-1,1,0,0,1,-1,0,-1,0,0,0,-1,0,-1,0,0,1,0,0,1
2000,0,1,0,1,-1,-1,0,-1,0,0,-1,0,0,0,0,0,1,-1,0,0,0,0,0,0,0,0,0,0,-1,-1,0,0,0,0,0,0,0,-1,-1,0,0,0,0,1,0,-1,0,0,1,-1,0,0,-1,-1,0,0,-1,-1,1,0,0,0,1,0
2001,0,0,0,1,0,0,0,0,1,0,0,0,0,-1,0,0,0,0,1,-1,-1,0,1,0,0,0,0,0,0,0,1,0,0,0,0,1,-1,0,0,-1,0,1,0,0,-1,1,0,0,0,0,1,0,0,0,0,0,0,0,1,-1,-1,0,-1,1
2002,0,-1,1,0,1,0,0,0,0,0,0,1,1,0,0,0,0,-1,1,1,0,0,-1,0,0,1,0,0,1,0,0,-1,0,0,0,0,0,0,-1,1,0,-1,0,0,0,1,0,0,1,0,0,-1,0,-1,0,0,0,0,1,-1,0,0,0,-1
2003,0,0,0,0,0,0,0,-1,0,1,0,0,0,0,-1,0,1,0,0,0,1,0,0,1,0,-1,0,-1,-1,0,0,0,0,0,0,-1,0,0,0,0,1,1,1,0,0,1,0,0,0,0,0,0,1,0,0,-1,0,0,-1,-1,0,1,0,1
2004,0,0,0,-1,1,0,0,-1,0,1,-1,0,-1,0,1,0,0,0,0,1,1,0,-1,0,0,0,0,0,0,0,-1,0,0,1,0,0,-1,1,0,-1,0,-1,0,-1,0,1,0,0,0,-1,0,0,0,-1,0,0,0,0,0,1,0,1,0,0
2005,1,0,0,0,1,-1,0,0,1,0,0,-1,1,0,0,0,0,1,0,0,1,0,1,-1,0,0,1,0,1,0,0,-1,0,0,0,-1,0,1,0,0,0,0,0,0,0,-1,-1,0,0,-1,0,1,0,1,0,0,-1,0,0,0,-1,0,0,0
2006,0,0,1,1,0,0,-1,0,0,0,0,1,-1,-1,0,1,-1,0,0,0,-1,0,0,0,0,0,0,1,0,0,0,0,0,1,1,0,-1,-1,0,0,0,0,-1,1,1,0,0,1,0,0,1,0,0,-1,0,-1,1,0,0,0,0,1,-1,1
2007,0,-1,0,-1,1,0,0,0,0,0,1,0,0,1,1,0,0,0,-1,1,0,-1,1,1,-1,1,-1,0,0,1,-1,0,0,0,0,0,0,1,-1,0,0,0,0,0,0,0,0,1,0,0,1,0,0,0,0,0,-1,0,0,0,0,0,0,0
2008,0,0,0,0,-1,0,-1,0,1,0,-1,1,0,0,0,0,0,0,0,0,-1,0,0,-1,-1,-1,0,1,-1,-1,0,0,1,0,0,-1,0,0,1,0,-1,0,0,-1,0,0,0,1,0,0,-1,0,0,-1,0,0,1,0,0,0,-1,0,0,-1
2009,0,0,0,0,0,1,0,1,0,0,0,-1,0,-1,-1,0,0,0,1,1,0,0,0,0,0,0,0,-1,0,0,0,0,-1,-1,-1,0,0,0,1,0,0,0,0,1,1,1,-1,0,0,0,1,0,0,0,1,-1,1,-1,0,1,0,0,1,0
2010,0,1,0,-1,0,1,0,0,-1,0,0,-1,-1,0,-1,-1,1,0,0,0,0,-1,0,0,0,0,0,0,-1,0,0,0,-1,0,0,0,0,0,0,0,-1,0,-1,-1,0,0,0,0,0,0,1,1,0,0,0,0,0,1,1,1,0,1,0,0
2011,1,0,-1,0,-1,0,-1,0,0,0,0,0,0,0,0,0,0,-1,-1,1,0,0,0,0,0,0,1,0,0,0,0,-1,0,0,1,1,-1,1,1,0,0,0,0,0,0,1,0,0,1,1,1,-1,0,-1,-1,0,-1,0,0,0,1,0,0,-1
2012,0,1,1,0,0,1,0,0,0,1,1,0,-1,0,0,1,0,0,0,0,0,0,-1,0,0,1,1,0,1,0,0,0,0,0,0,1,0,1,0,0,0,-1,-1,0,1,0,1,1,0,0,-1,0,0,0,1,0,0,0,0,1,0,0,1,0
2013,0,0,1,0,0,1,-1,1,-1,1,0,-1,0,0,0,0,0,0,0,0,0,0,0,0,1,0,0,0,0,-1,0,0,0,0,0,0,0,0,0,0,-1,0,-1,0,1,1,0,0,-1,0,0,0,0,0,0,0,1,0,0,0,0,0,0,-1
2014,-1,0,0,1,1,0,0,0,1,0,0,1,0,0,-1,1,0,1,0,0,0,-1,0,1,0,1,0,0,0,0,0,0,0,0,0,1,0,0,0,1,0,0,0,0,0,1,0,0,1,0,0,0,0,1,1,0,-1,-1,0,0,0,0,1,0
2015,0,-1,0,0,0,0,0,0,0,1,1,0,0,0,0,1,0,0,1,0,0,0,0,0,0,0,0,0,0,0,1,0,1,0,0,0,0,0,0,0,0,0,-1,0,0,0,0,0,0,0,-1,0,-1,-1,1,1,0,0,-1,1,0,0,0,0
2016,0,1,0,0,-1,0,0,0,0,1,-1,0,0,1,1,-1,0,0,0,0,0,0,-1,1,0,1,0,0,0,0,0,0,0,0,-1,-1,-1,1,0,0,0,0,0,0,-1,1,0,0,0,0,0,1,0,0,0,-1,-1,0,0,0,-1,0,0,1
2017,-1,0,0,1,0,0,-1,-1,1,0,0,0,0,0,0,0,0,1,0,1,0,0,1,0,0,-1,-1,0,0,0,0,0,0,0,0,0,1,0,0,0,-1,-1,0,-1,1,0,-1,0,-1,1,1,-1,0,0,-1,1,-1,-1,0,-1,0,1,0,0
2018,-1,0,1,0,1,0,0,1,0,0,0,0,1,0,0,0,0,0,0,0,-1,1,0,0,0,0,0,0,1,1,0,-1,0,1,0,0,1,0,-1,0,1,0,0,1,-1,1,0,0,0,0,1,0,0,1,0,0,0,-1,0,0,0,0,0,0
2019,0,-1,1,0,0,0,0,0,-1,0,-1,0,-1,-1,0,0,0,0,0,0,0,0,0,0,-1,0,-1,0,0,0,0,0,0,0,0,0,0,0,0,0,0,0,0,1,0,0,0,0,1,0,0,1,1,0,0,0,-1,0,0,0,0,0,0,0
2020,0,0,-1,0,1,0,1,1,0,0,0,0,0,0,0,0,0,-1,0,1,1,0,0,0,0,0,0,0,0,0,1,0,0,0,0,0,0,0,0,0,-1,0,1,0,-1,0,1,-1,0,0,0,0,1,0,-1,0,-1,0,0,0,1,0,-1,-1
2021,0,0,1,0,1,0,-1,0,0,0,0,1,-1,0,0,0,0,-1,0,1,0,0,1,0,-1,1,0,0,0,0,0,0,0,1,0,0,0,0,0,0,0,0,0,0,0,0,0,0,1,1,1,0,0,1,-1,1,0,0,0,1,-1,1,0,0
2022,0,0,0,-1,0,1,0,1,0,-1,0,0,0,1,0,0,0,0,1,0,1,-1,0,0,0,0,0,0,0,1,-1,0,0,0,0,0,0,0,0,0,1,1,0,0,1,-1,1,0,0,1,0,0,0,0,0,0,0,0,0,0,0,-1,0,0
2023,0,0,1,0,0,0,0,0,1,0,1,0,0,0,0,0,0,0,0,-1,0,0,0,-1,1,0,0,-1,-1,0,0,0,0,0,1,1,0,1,0,0,0,0,-1,0,-1,0,0,-1,0,-1,1,0,-1,-1,0,1,1,1,-1,-1,0,-1,0,0
2024,0,1,0,0,0,0,0,0,0,-1,0,0,0,0,0,-1,1,0,1,0,1,1,0,-1,0,0,0,1,0,-1,0,0,0,0,0,0,0,-1,0,-1,-1,1,0,1,0,0,0,0,0,0,1,-1,0,0,0,-1,0,1,0,-1,0,0,-1,0
2025,0,1,0,0,1,0,0,0,0,0,0,0,1,1,0,0,-1,-1,-1,0,0,0,0,0,1,0,0,1,0,1,-1,0,0,0,0,0,0,-1,0,0,-1,0,1,0,0,0,1,0,-1,0,0,-1,0,0,0,-1,0,0,0,-1,0,-1,0,0
2026,-1,0,0,-1,0,0,-1,0,0,0,1,0,0,0,-1,0,0,0,1,0,-1,-1,0,-1,0,-1,0,0,0,0,0,-1,0,1,0,-1,0,0,0,0,-1,0,-1,0,0,0,0,0,-1,1,-1,-1,-1,0,0,0,0,0,0,-1,0,1,0,1
2027,0,1,0,0,0,-1,0,0,0,-1,0,0,1,0,-1,0,1,0,0,0,0,1,0,0,0,0,-1,0,-1,1,0,1,-1,-1,0,0,1,1,0,-1,0,-1,1,0,0,-1,0,0,0,-1,0,0,1,0,0,-1,0,1,-1,0,0,0,1,0
2028,0,0,1,0,0,0,1,-1,1,0,0,0,0,0,1,0,0,1,0,1,0,0,-1,0,0,0,0,0,1,0,-1,0,-1,0,-1,0,0,0,-1,1,0,0,-1,0,-1,0,0,-1,1,1,0,-1,0,-1,1,0,1,1,0,0,0,1,0,0
2029,0,0,0,0,-1,-1,0,0,1,0,0,0,-1,0,0,-1,0,-1,-1,0,0,0,0,0,1,0,0,0,0,0,0,0,0,0,0,0,0,0,0,0,0,-1,0,1,1,0,-1,0,0,1,0,1,1,0,1,0,0,-1,0,0,0,-1,0,-1
2030,0,0,0,0,0,0,-1,-1,0,1,0,-1,0,0,0,-1,0,1,0,0,1,1,1,0,0,0,0,0,0,1,0,0,0,0,1,0,0,0,0,0,0,0,0,1,0,-1,0,1,0,1,1,0,0,0,0,1,0,0,0,0,-1,0,0,0
2031,-1,0,1,1,1,-1,0,0,-1,-1,1,0,0,1,0,1,0,0,1,0,-1,-1,0,1,0,-1,0,0,0,0,0,0,-1,0,0,0,-1,1,0,-1,1,-1,0,-1,0,-1,0,1,0,0,0,0,0,1,0,0,-1,-1,1,1,1,0,0,0
2032,0,0,0,0,0,-1,0,0,0,0,0,1,1,0,0,0,-1,1,0,-1,0,0,0,0,0,1,1,0,-1,0,0,0,1,0,0,-1,0,0,0,-1,0,0,-1,0,0,0,0,0,0,0,0,-1,0,0,1,0,0,0,0,1,1,-1,0,0
2033,-1,0,-1,0,-1,1,0,1,0,0,0,0,0,0,-1,1,0,-1,0,0,0,0,1,0,1,0,-1,-1,0,1,1,-1,0,0,1,0,-1,0,1,0,1,0,0,0,1,0,0,0,1,-1,1,-1,0,-1,1,0,0,0,0,0,0,0,0,0
2034,0,0,0,0,0,0,-1,-1,-1,-1,0,1,-1,0,1,0,0,-1,0,0,-1,0,0,1,-1,0,0,0,0,0,0,1,0,-1,-1,0,-1,1,0,0,1,0,0,0,-1,0,0,1,0,0,0,-1,0,0,0,0,0,1,0,0,-1,0,-1,0
2035,0,-1,0,0,0,0,0,-1,0,1,-1,0,0,1,0,0,0,0,0,1,1,0,0,-1,0,0,0,1,-1,0,0,-1,0,0,0,0,0,0,0,0,-1,0,1,0,-1,0,0,0,-1,0,0,0,0,0,0,1,-1,-1,0,0,0,1,0,0
2036,0,0,-1,1,0,0,-1,1,1,0,0,1,1,0,0,-1,-1,0,-1,0,0,0,0,0,0,1,0,0,0,-1,1,0,0,1,1,0,-1,0,0,-1,0,-1,0,0,0,0,0,0,1,0,-1,0,0,0,0,1,0,0,0,0,1,-1,-1,1
2037,0,0,-1,0,0,-1,0,0,0,0,0,0,1,0,0,0,0,0,0,0,0,1,0,0,-1,0,1,0,0,0,1,1,0,0,0,0,0,1,1,-1,0,0,0,-1,1,1,0,0,0,-1,0,1,0,1,1,0,0,0,1,0,0,0,1,1
2038,0,0,0,-1,0,0,-1,-1,1,0,0,0,0,0,0,-1,0,0,0,0,0,0,1,0,0,-1,1,0,0,0,0,1,0,0,0,0,1,0,0,1,-1,0,0,1,0,-1,0,-1,1,-1,-1,0,-1,1,1,0,0,0,1,-1,0,0,0,0
2039,1,0,0,-1,0,1,1,0,0,0,0,1,0,0,0,0,0,0,0,0,0,0,0,-1,-1,0,0,0,0,-1,0,0,-1,0,0,0,0,1,-1,0,0,0,-1,-1,0,-1,0,-1,1,-1,0,1,-1,0,0,-1,0,1,0,0,0,0,0,0
2040,-1,0,0,-1,0,0,0,0,-1,0,1,0,-1,-1,0,0,0,0,1,0,0,0,1,0,-1,0,0,0,0,0,0,0,0,0,0,0,0,0,0,0,0,1,0,0,0,0,1,0,1,0,0,0,0,0,0,0,0,0,1,0,0,0,0,-1
2041,0,0,0,0,-1,0,0,0,-1,0,0,0,0,0,0,1,0,0,0,-1,-1,1,-1,0,0,0,0,0,0,0,0,1,0,1,0,0,0,1,0,1,0,0,0,1,0,0,0,0,0,-1,0,1,0,0,0,0,0,0,0,0,0,0,1,1
2042,0,0,1,0,0,1,0,0,0,1,0,0,-1,0,0,0,1,0,0,0,0,1,-1,1,0,0,0,1,0,0,0,1,-1,0,0,-1,0,0,0,0,0,0,0,0,1,0,0,0,0,0,-1,1,1,1,0,0,1,-1,0,1,-1,0,0,0
2043,0,0,-1,-1,0,1,-1,0,0,0,0,0,0,1,0,0,0,0,-1,0,0,0,0,0,-1,1,0,0,0,0,-1,0,0,0,0,0,0,0,0,0,0,0,0,-1,0,0,0,0,0,-1,-1,1,0,0,0,0,1,1,0,-1,-1,0,1,1
2044,0,0,0,0,0,-1,0,0,-1,0,0,0,0,1,0,-1,-1,0,1,0,1,0,-1,0,-1,0,0,0,1,0,0,-1,0,0,0,0,-1,0,-1,0,0,-1,1,0,1,1,0,1,-1,0,1,1,1,0,0,0,1,0,0,0,1,0,1,0
2045,0,0,0,-1,0,0,0,0,0,1,0,1,-1,0,0,0,0,0,0,0,0,0,0,0,-1,0,0,0,1,1,1,0,0,0,0,-1,1,0,0,-1,0,0,0,0,0,0,0,-1,-1,0,0,0,0,-1,1,1,-1,0,1,0,0,1,0,1
2046,1,0,-1,0,0,0,0,0,0,1,0,1,0,-1,0,0,0,0,1,0,-1,0,0,0,0,1,1,0,1,1,0,0,0,1,0,0,0,0,0,0,0,0,0,1,0,0,0,0,0,0,0,1,0,0,0,1,1,1,1,0,-1,1,0,-1
2047,0,-1,0,0,0,1,-1,0,0,-1,0,0,0,0,0,0,-1,0,0,0,0,1,0,0,-1,0,1,-1,0,0,-1,0,0,0,-1,0,0,0,0,1,0,0,0,0,0,1,0,0,0,0,0,0,0,-1,0,0,0,-1,-1,0,0,1,1,0
2048,0,1,0,0,1,0,1,0,1,1,0,0,0,-1,-1,0,0,-1,0,-1,-1,1,1,0,0,1,0,0,0,0,0,0,0,0,0,0,0,0,-1,0,0,1,-1,1,0,0,-1,1,0,0,-1,1,0,0,-1,1,0,1,-1,0,-1,0,0,0
2049,0,0,0,1,-1,1,0,0,-1,0,0,1,0,-1,0,0,-1,0,0,0,1,0,0,0,0,0,0,0,0,0,-1,0,0,0,0,0,0,0,1,-1,0,-1,1,0,0,1,0,0,1,0,-1,1,1,0,-1,0,-1,0,0,0,-1,0,1,0
2050,-1,0,0,0,0,0,-1,0,0,0,-1,0,-1,1,0,-1,-1,-1,0,-1,0,0,0,1,0,-1,0,1,1,0,0,0,1,0,0,0,0,-1,0,0,-1,0,0,-1,0,-1,-1,0,-1,0,0,0,1,1,0,1,1,0,0,0,0,-1,0,0
2051,1,-1,0,-1,0,-1,0,0,0,0,1,0,1,0,0,0,-1,-1,0,0,1,0,0,0,0,0,0,0,0,0,0,0,0,-1,1,0,0,0,0,0,0,-1,0,0,0,-1,0,0,0,1,0,0,1,0,0,0,0,1,0,0,1,0,-1,0
2052,0,0,0,0,0,0,1,0,-1,1,-1,0,0,-1,0,0,0,1,0,0,0,0,0,0,0,1,1,1,-1,0,1,0,1,-1,0,0,0,-1,0,0,-1,0,0,0,0,0,0,0,0,-1,0,0,1,-1,-1,1,-1,1,0,-1,0,0,1,0
2053,0,0,0,1,0,0,-1,-1,0,0,1,-1,0,0,-1,0,1,-1,0,0,1,0,0,1,0,1,1,0,0,0,-1,-1,0,0,0,-1,0,0,0,0,0,0,0,1,0,0,1,-1,0,0,1,0,-1,0,0,1,0,0,0,0,0,0,0,1
2054,0,0,0,1,-1,1,0,-1,0,0,0,-1,0,0,-1,0,1,1,1,-1,1,1,0,0,0,0,0,1,1,-1,-1,-1,-1,0,-1,-1,0,0,0,1,1,-1,0,1,-1,0,0,0,-1,-1,0,0,1,-1,-1,0,0,1,0,1,-1,-1,0,0
2055,1,0,0,0,0,0,0,0,0,0,0,0,1,0,1,1,0,0,0,-1,0,0,1,0,0,0,0,0,0,0,0,0,0,0,0,0,0,1,1,0,0,1,-1,1,0,0,-1,0,0,0,0,0,0,0,-1,-1,0,-1,0,0,1,0,1,-1
2056,0,0,-1,-1,0,0,0,1,0,0,0,0,0,1,1,0,-1,0,1,1,0,0,0,0,0,0,0,0,1,0,0,0,0,0,0,0,0,1,0,0,0,-1,-1,0,0,-1,0,0,1,1,-1,0,0,1,0,0,0,-1,-1,0,0,-1,0,0
2057,0,0,0,-1,1,1,0,0,1,0,1,0,1,1,1,0,1,-1,0,-1,0,-1,0,1,0,-1,0,1,0,0,-1,0,1,0,0,0,0,0,0,-1,-1,0,0,1,0,0,0,-1,0,-1,0,0,0,0,1,1,1,0,0,0,0,0,0,0
2058,0,0,0,1,0,0,0,-1,1,0,1,1,0,0,0,0,0,0,0,0,1,0,-1,-1,-1,0,0,0,0,1,0,1,0,0,0,1,0,0,-1,1,0,0,0,-1,-1,0,0,0,0,0,-1,0,0,0,0,0,0,0,-1,0,0,0,-1,0
2059,1,0,0,0,0,1,1,-1,0,0,1,0,1,0,-1,0,0,0,0,0,0,0,0,1,1,0,1,0,1,0,-1,-1,0,0,1,0,0,0,0,0,0,1,0,0,1,0,0,0,0,1,0,-1,0,-1,0,0,-1,1,0,1,0,0,0,1
2060,1,-1,0,0,0,1,0,0,1,0,0,1,1,1,0,-1,0,1,0,0,0,-1,1,0,-1,0,-1,0,0,0,0,1,-1,1,0,0,-1,1,-1,0,1,0,-1,0,1,-1,0,0,0,0,-1,0,1,0,0,0,0,0,0,0,0,0,0,1
2061,0,0,0,1,0,0,0,1,-1,0,0,0,0,1,1,1,0,1,0,1,0,0,1,0,1,1,0,0,0,1,0,0,0,-1,-1,0,-1,-1,0,0,-1,0,0,1,0,-1,0,0,-1,0,0,-1,0,0,0,-1,-1,0,-1,0,0,0,0,0
2062,0,0,0,0,0,1,0,0,0,0,0,-1,0,0,0,0,1,0,0,1,0,-1,1,0,1,1,1,1,0,1,0,-1,0,0,0,0,-1,0,1,0,1,-1,0,-1,0,0,0,0,-1,0,0,0,0,0,0,-1,0,1,-1,0,0,0,1,1
2063,0,-1,-1,0,0,0,0,1,1,0,1,0,0,1,-1,0,-1,0,1,0,0,0,0,-1,1,0,1,0,0,0,0,-1,0,0,0,1,0,-1,0,0,0,0,-1,1,1,0,0,0,0,-1,-1,0,1,0,0,0,0,0,0,0,1,0,0,1
2064,1,0,0,1,0,1,0,0,1,0,0,0,0,1,0,0,-1,0,0,0,0,-1,-1,0,0,0,-1,0,0,-1,0,0,-1,0,1,0,0,-1,1,1,0,0,0,0,0,0,-1,0,0,-1,0,0,0,0,0,1,0,0,0,1,0,0,-1,-1
2065,-1,0,0,0,0,0,0,0,0,0,0,1,0,1,-1,1,0,0,0,-1,0,0,0,0,0,0,0,0,0,0,0,0,0,0,0,0,0,0,0,0,1,0,0,0,-1,1,1,0,0,-1,1,0,0,0,-1,0,0,0,0,0,0,0,0,1
2066,-1,0,1,0,1,0,1,0,0,0,0,-1,0,0,1,-1,0,0,0,1,0,0,0,0,-1,1,0,1,0,1,0,0,0,0,-1,1,-1,0,0,1,1,-1,0,0,-1,1,1,0,1,0,0,0,0,0,0,1,1,0,1,0,-1,0,0,0
2067,0,-1,0,1,0,0,0,-1,1,0,0,0,0,0,0,-1,0,-1,0,0,0,-1,0,-1,0,-1,0,0,0,-1,0,0,0,0,0,0,1,-1,0,1,0,1,1,1,1,0,0,0,0,0,0,-1,1,0,0,0,0,1,0,0,0,-1,0,0
2068,0,0,0,-1,0,0,0,0,1,0,0,0,0,0,1,0,0,0,-1,1,1,-1,-1,-1,0,0,-1,1,0,0,0,0,0,0,0,0,1,1,0,0,0,-1,0,0,0,1,0,0,0,0,0,0,0,1,1,-1,0,0,1,0,-1,0,1,0
2069,-1,-1,0,0,0,-1,0,-1,0,0,-1,0,0,0,0,0,1,0,-1,0,0,-1,0,0,0,-1,0,0,0,1,1,0,0,0,0,0,1,0,0,0,0,1,1,1,0,0,-1,1,-1,0,0,0,0,0,0,0,0,1,0,0,0,1,1,0
2070,1,-1,0,0,0,0,0,-1,0,1,0,1,1,0,1,0,1,0,0,0,0,-1,0,-1,-1,0,0,-1,-1,1,0,0,0,0,0,1,0,0,0,0,1,-1,0,-1,-1,0,0,0,1,0,0,0,0,0,0,0,0,0,0,0,-1,0,-1,0
2071,0,0,1,0,0,0,0,-1,1,-1,0,0,0,0,0,0,0,-1,0,0,0,0,0,0,-1,0,0,0,0,0,-1,0,0,1,0,1,1,0,0,-1,0,0,1,1,0,1,0,0,0,0,0,0,0,0,0,-1,0,0,-1,0,-1,0,1,0
2072,1,0,0,1,-1,0,1,0,0,0,-1,-1,0,0,1,0,0,-1,1,0,1,-1,1,0,1,0,1,-1,1,0,0,0,-1,-1,-1,0,0,0,0,0,0,0,0,0,1,0,0,1,0,0,0,1,0,0,0,1,0,0,0,0,0,0,0,1
2073,0,1,0,0,1,1,0,0,-1,0,-1,1,0,0,0,0,1,0,0,-1,0,1,-1,0,0,1,0,0,0,0,0,0,0,0,-1,0,0,0,0,0,0,0,0,-1,1,-1,0,-1,1,0,0,0,0,0,0,0,0,0,0,1,0,0,-1,0
2074,1,1,-1,0,0,0,1,-1,0,0,0,1,-1,-1,0,0,0,0,1,0,-1,1,0,1,0,0,0,0,0,0,-1,0,0,0,0,0,0,0,-1,-1,1,0,0,0,0,0,0,0,-1,0,0,0,0,1,1,-1,0,0,0,0,-1,0,0,0
2075,-1,0,1,0,0,1,0,-1,0,0,0,-1,0,-1,0,0,0,0,0,0,-1,0,0,0,0,0,-1,0,0,0,0,1,0,1,0,1,0,0,-1,0,-1,-1,0,0,0,1,0,0,0,0,-1,0,1,-1,1,0,0,0,0,0,0,0,-1,0
2076,1,0,0,0,0,0,0,0,0,0,1,0,0,0,0,1,0,1,-1,0,0,-1,1,0,-1,0,0,0,0,0,0,0,1,1,-1,0,0,0,0,0,0,1,0,0,-1,0,0,0,-1,0,0,0,0,0,0,0,0,-1,0,0,1,0,0,0
2077,0,0,-1,0,1,0,0,0,1,-1,0,0,0,0,0,0,1,0,-1,0,0,1,0,1,0,0,1,0,1,1,0,0,-1,0,0,-1,0,-1,1,0,0,0,0,0,0,0,0,0,-1,0,1,0,-1,0,0,0,0,1,0,0,0,0,1,0
2078,0,0,0,0,0,1,0,1,0,0,-1,0,1,0,0,1,-1,0,0,1,1,0,-1,0,0,1,1,1,0,-1,-1,0,0,0,0,-1,0,1,0,0,1,1,0,0,0,0,-1,0,0,0,0,0,1,0,0,-1,0,1,-1,1,-1,0,0,-1
2079,0,0,0,0,0,0,0,1,1,-1,-1,0,0,1,1,0,0,-1,-1,1,0,-1,-1,-1,0,0,0,-1,0,1,0,0,-1,0,-1,0,-1,1,-1,-1,0,-1,0,-1,0,1,-1,0,1,-1,1,1,0,0,0,0,0,-1,-1,1,0,-1,0,0
2080,0,0,1,0,0,0,-1,0,-1,0,0,-1,0,1,0,-1,1,0,0,0,0,0,0,-1,0,0,0,0,1,0,1,1,-1,1,0,0,1,0,-1,-1,-1,0,0,0,0,0,0,0,1,1,0,1,-1,-1,0,0,-1,-1,0,0,0,0,0,1
2081,0,0,-1,0,-1,0,0,-1,0,0,0,-1,0,1,0,0,0,1,0,0,1,0,0,1,1,1,0,-1,0,0,0,0,0,1,0,0,-1,0,0,0,-1,0,0,0,0,0,0,1,0,1,0,-1,0,-1,0,-1,0,0,-1,-1,0,1,-1,0
2082,0,0,-1,0,0,0,0,1,0,0,0,0,0,0,-1,0,-1,0,0,1,0,0,0,0,0,1,0,1,1,0,1,0,0,1,-1,0,1,-1,1,0,0,0,0,0,-1,0,0,0,0,0,0,0,-1,1,0,0,-1,0,0,0,0,0,1,0
2083,0,0,0,0,0,1,0,-1,0,1,0,0,-1,0,0,0,0,0,0,0,0,0,0,0,0,0,0,-1,0,0,0,0,1,0,1,1,0,0,0,0,0,0,0,1,-1,0,-1,0,0,0,-1,0,0,0,-1,-1,0,-1,0,0,0,1,1,0
2084,0,-1,1,0,0,-1,0,1,0,0,0,1,-1,0,0,-1,1,0,0,0,0,0,-1,0,1,-1,0,0,0,1,0,0,0,0,1,0,1,1,0,0,0,0,0,0,0,0,0,0,0,-1,0,1,0,0,0,0,1,0,0,0,0,-1,1,0
2085,0,0,0,0,0,-1,0,0,1,0,0,0,1,1,0,1,-1,0,0,0,0,1,0,0,-1,-1,0,-1,1,0,0,0,0,0,0,1,0,-1,0,0,0,0,-1,0,0,0,0,0,0,0,0,-1,1,0,0,0,0,0,0,0,0,0,0,-1
2086,0,-1,1,1,0,1,0,1,0,0,-1,0,0,0,-1,0,1,-1,0,1,0,1,0,0,0,0,1,1,0,0,0,0,0,1,0,0,-1,0,0,0,1,-1,0,0,0,1,0,0,1,0,0,1,1,0,0,1,-1,0,0,0,0,-1,0,0
2087,0,0,0,0,0,0,-1,-1,0,1,0,-1,0,0,0,0,0,0,0,0,0,-1,0,-1,1,0,-1,0,0,1,0,0,0,0,0,0,0,0,0,0,-1,0,0,0,0,0,-1,0,0,-1,0,-1,0,0,0,1,-1,0,1,1,-1,0,0,0
2088,0,0,0,-1,0,1,1,0,0,0,0,0,-1,0,0,1,0,-1,-1,-1,0,0,0,0,0,0,-1,0,0,0,0,0,0,0,-1,0,-1,-1,0,0,-1,0,0,0,0,-1,0,1,0,-1,0,1,0,-1,0,-1,-1,0,0,0,0,0,1,1
2089,-1,0,0,0,-1,0,0,0,0,-1,0,-1,-1,0,0,0,1,0,0,0,1,-1,0,0,0,0,0,0,0,-1,0,0,1,-1,0,1,1,0,0,0,0,0,0,-1,0,0,1,0,0,0,1,0,0,1,0,0,0,0,1,-1,0,1,0,0
2090,-1,-1,-1,0,0,1,0,0,0,0,0,0,0,0,0,0,0,-1,1,0,1,1,-1,0,0,0,0,0,0,0,0,0,0,0,0,0,0,0,0,0,0,0,1,0,0,-1,0,1,0,0,0,-1,1,-1,1,0,-1,-1,-1,0,-1,-1,-1,1
2091,0,0,0,0,-1,0,1,0,-1,0,0,0,0,0,0,0,0,0,0,0,0,0,0,0,0,0,-1,1,0,0,0,0,0,0,1,-1,0,-1,0,0,1,-1,0,0,1,0,0,-1,0,0,0,0,1,0,-1,0,1,0,0,0,0,0,0,0
2092,0,1,0,0,0,0,0,1,1,0,-1,0,1,0,0,-1,0,0,0,-1,0,0,0,-1,0,0,0,-1,-1,-1,0,1,-1,0,0,0,0,1,0,0,-1,0,1,0,0,0,1,-1,0,-1,1,-1,0,0,0,0,-1,0,0,-1,0,1,0,1
2093,0,0,0,0,0,0,1,-1,1,1,1,0,0,0,0,0,1,-1,0,-1,-1,0,0,0,0,0,0,1,-1,0,0,0,-1,0,0,-1,0,0,0,0,0,0,1,0,1,0,1,0,0,0,0,0,0,0,1,-1,0,0,0,0,-1,0,-1,0
2094,0,0,0,-1,0,0,1,-1,-1,1,0,0,0,0,-1,0,0,0,1,0,0,-1,0,0,0,0,-1,-1,0,0,-1,0,0,0,0,-1,0,0,0,0,-1,-1,0,0,1,0,0,0,1,0,0,1,0,1,0,1,0,0,1,0,-1,0,0,0
2095,-1,0,1,0,1,0,0,0,0,0,0,1,1,1,0,0,-1,0,-1,0,0,0,0,1,0,0,-1,0,-1,0,0,0,0,0,0,0,-1,0,1,-1,0,-1,-1,0,0,-1,0,0,0,0,0,1,0,0,0,0,0,1,0,0,0,0,0,1
2096,-1,-1,0,0,0,0,1,1,0,1,0,1,0,0,1,0,0,0,0,0,0,1,0,0,-1,0,1,0,0,-1,0,0,0,0,0,0,1,0,0,-1,0,-1,0,0,0,-1,0,-1,1,1,0,0,-1,0,0,0,0,0,0,0,-1,0,0,0
2097,0,0,0,0,0,0,1,1,-1,0,-1,0,0,-1,-1,0,0,0,1,-1,-1,0,0,0,0,0,0,-1,0,0,0,-1,0,0,1,0,0,0,1,0,0,0,0,0,0,0,-1,0,1,0,-1,0,0,0,0,1,-1,0,-1,0,0,0,0,-1
2098,0,0,0,0,0,1,0,-1,0,0,1,0,0,-1,0,0,-1,0,-1,1,-1,1,1,0,0,0,0,0,0,0,0,0,0,-1,0,0,1,-1,0,1,0,0,0,1,1,0,0,1,0,-1,0,0,0,0,1,0,0,1,0,-1,0,-1,1,0
2099,0,0,0,0,0,0,0,0,-1,-1,0,0,0,0,0,0,0,1,0,0,0,1,0,0,-1,0,0,-1,-1,-1,0,0,1,1,0,-1,1,1,-1,0,0,0,-1,0,0,0,-1,-1,0,1,0,0,0,0,0,-1,-1,0,0,-1,1,-1,1,0
2100,0,1,0,0,0,0,0,-1,0,0,0,0,0,0,0,0,0,0,0,-1,0,0,0,-1,0,1,0,1,0,0,0,0,1,0,0,-1,0,0,0,0,0,1,0,0,1,0,0,0,0,0,0,-1,1,1,0,0,0,0,-1,0,1,0,1,1
2101,1,0,1,0,1,0,0,0,0,0,0,0,0,0,-1,0,-1,0,1,-1,0,0,0,0,0,0,0,0,0,0,1,0,-1,0,0,0,0,0,1,1,0,0,0,0,0,-1,0,0,0,0,-1,0,0,1,0,-1,0,-1,0,0,0,0,0,1
2102,0,0,0,0,1,0,0,0,0,0,0,0,0,0,-1,0,0,0,1,0,1,0,1,0,0,1,0,1,-1,0,-1,0,0,0,-1,0,0,-1,-1,-1,0,1,0,1,-1,1,0,0,-1,0,0,0,0,1,1,0,0,0,-1,-1,0,0,0,0
2103,0,0,0,1,0,0,0,0,0,1,0,0,-1,0,0,0,1,1,-1,0,0,0,0,0,-1,0,1,0,0,1,1,-1,1,0,-1,0,0,0,0,0,0,0,0,0,0,1,0,-1,-1,0,0,-1,0,0,1,0,0,0,-1,0,0,1,0,0
2104,0,-1,0,0,0,-1,0,0,1,1,-1,-1,-1,1,1,0,1,0,0,0,0,0,0,-1,-1,-1,0,-1,0,0,0,0,0,0,0,0,1,0,1,0,1,0,0,-1,0,1,0,0,1,-1,0,0,0,0,0,1,0,0,0,0,-1,0,1,-1
2105,0,-1,0,0,1,0,0,1,0,1,-1,1,0,0,0,0,0,-1,0,0,0,0,0,0,1,1,-1,0,-1,0,0,0,0,0,-1,1,0,-1,0,0,0,0,1,0,0,1,1,1,1,0,0,0,0,0,0,1,0,0,0,0,1,0,0,1
2106,-1,-1,0,0,-1,0,0,0,-1,0,1,1,0,0,0,1,0,1,0,0,0,1,0,0,-1,0,0,1,1,-1,1,-1,-1,0,0,0,0,0,0,0,0,1,0,0,0,0,0,1,0,0,1,0,1,0,0,-1,0,0,0,0,0,1,1,1
2107,0,0,0,-1,0,-1,0,0,0,0,-1,0,0,-1,0,0,1,0,0,1,1,0,0,0,0,-1,1,1,0,0,0,-1,0,0,0,0,1,-1,0,0,0,-1,0,-1,-1,0,-1,0,0,1,0,0,0,0,0,0,0,0,0,1,-1,1,0,0
2108,1,0,0,1,0,0,1,0,0,0,0,0,0,1,-1,0,1,-1,0,0,-1,1,0,1,0,0,0,0,0,-1,0,0,1,0,0,1,0,0,0,0,0,0,0,0,0,1,0,0,0,1,-1,0,0,1,0,0,0,0,0,0,0,0,0,0
2109,-1,-1,-1,0,-1,0,1,0,0,0,0,0,-1,0,0,1,-1,0,-1,0,0,1,0,0,1,1,1,-1,0,0,0,-1,0,0,1,0,0,-1,1,0,0,0,0,0,0,0,0,0,0,0,0,0,0,1,0,0,1,0,0,0,0,-1,0,0
2110,1,1,1,0,1,0,0,0,0,1,0,0,1,1,1,0,-1,1,0,0,-1,0,0,0,0,0,-1,0,0,1,1,-1,-1,0,0,0,0,0,-1,0,1,1,0,0,0,0,-1,0,1,1,0,0,0,0,0,0,0,0,0,0,1,-1,0,-1
2111,0,-1,0,0,0,1,1,0,0,0,0,0,0,0,0,0,0,0,-1,0,0,0,0,-1,1,0,0,0,0,1,0,-1,-1,0,0,0,-1,0,0,-1,0,1,0,-1,0,1,0,1,-1,-1,0,1,0,0,1,0,0,0,0,0,0,0,-1,0
2112,1,1,0,0,-1,0,0,0,1,0,1,0,0,0,0,0,0,0,0,1,1,1,0,0,0,0,0,0,0,0,1,0,-1,-1,0,0,0,-1,1,-1,0,1,0,1,-1,1,1,0,-1,0,0,0,0,0,0,0,0,0,-1,-1,-1,0,0,0
2113,-1,1,1,0,-1,-1,-1,-1,1,0,1,-1,0,0,0,0,1,0,0,-1,0,-1,1,0,0,0,0,0,0,1,0,0,0,0,1,0,0,-1,0,-1,1,0,-1,-1,0,0,0,0,0,0,0,0,1,-1,0,0,-1,0,0,-1,0,0,0,0
2114,-1,0,0,1,0,0,0,-1,-1,1,-1,0,0,-1,0,0,-1,-1,0,-1,-1,0,0,0,1,0,1,0,0,0,0,-1,0,1,0,1,1,0,1,0,0,0,-1,0,0,0,-1,1,0,1,-1,0,0,1,1,-1,0,0,0,0,0,-1,0,0
2115,0,0,0,0,1,0,-1,0,0,0,0,1,0,-1,0,1,-1,1,-1,0,1,0,-1,0,-1,0,0,0,0,0,1,1,0,0,1,0,0,0,-1,0,-1,-1,0,0,0,0,0,0,1,0,0,-1,-1,0,0,0,0,0,0,1,0,0,0,1
2116,0,0,1,1,0,-1,0,1,0,0,1,-1,0,0,0,0,0,0,0,0,0,0,0,0,1,0,1,0,0,0,0,0,1,1,0,1,0,1,1,0,0,0,-1,1,0,0,-1,1,0,-1,1,0,-1,-1,0,0,0,0,-1,0,-1,0,0,0
2117,0,0,0,0,0,-1,0,0,1,0,1,-1,0,0,0,0,1,-1,0,0,0,0,0,0,0,0,1,0,0,0,1,1,0,1,0,-1,-1,1,0,0,-1,0,0,0,0,-1,0,-1,0,0,-1,-1,1,1,0,0,-1,0,0,1,-1,0,0,1
2118,1,0,0,0,1,0,0,0,1,0,0,0,0,0,0,0,0,1,0,1,1,0,0,0,1,0,1,0,-1,1,-1,-1,0,0,0,0,1,-1,0,0,-1,0,1,1,0,0,0,-1,-1,1,0,-1,0,-1,1,0,1,1,0,0,0,0,0,1
2119,0,0,0,0,0,1,0,0,1,1,-1,1,0,0,-1,1,0,0,1,1,0,-1,0,0,-1,0,0,0,0,0,0,1,-1,0,0,1,-1,1,0,1,0,0,0,0,0,0,0,-1,-1,0,1,-1,0,0,0,-1,-1,0,0,0,0,0,0,0
2120,0,0,1,0,0,-1,1,0,0,0,1,0,-1,1,-1,0,0,0,-1,0,-1,-1,0,-1,0,0,0,1,0,0,0,0,0,0,1,-1,1,0,1,0,0,1,1,-1,0,0,-1,-1,0,0,0,0,0,1,0,0,0,0,0,0,0,-1,0,-1
2121,1,0,-1,0,0,1,0,-1,0,1,0,0,1,0,0,0,0,1,-1,0,0,0,0,0,1,0,-1,1,1,0,0,0,0,0,0,-1,0,-1,0,0,1,0,0,1,0,0,1,0,1,-1,0,0,0,1,0,0,0,0,1,0,-1,0,1,0
2122,0,0,0,0,0,0,0,-1,0,0,1,0,1,0,0,1,1,0,0,0,0,0,1,1,1,0,1,0,0,0,-1,0,0,1,0,1,-1,-1,0,0,-1,0,0,0,0,0,0,0,0,-1,-1,0,0,0,-1,0,0,0,0,1,0,0,0,0
2123,-1,0,0,0,0,0,0,0,-1,0,1,-1,0,0,0,-1,-1,0,0,-1,1,1,0,0,0,0,-1,0,0,0,0,0,-1,-1,0,0,1,0,0,0,0,0,-1,-1,-1,-1,0,0,0,-1,0,0,0,1,-1,0,0,-1,1,-1,-1,1,0,1
2124,0,1,0,1,-1,0,0,0,-1,-1,0,1,0,0,0,0,-1,0,0,0,0,0,0,0,0,0,0,0,0,1,-1,0,0,0,0,-1,0,0,0,1,1,0,0,0,1,-1,0,0,1,0,0,-1,-1,0,1,0,0,-1,0,0,1,0,0,1
2125,0,0,1,1,0,0,1,0,1,1,0,0,0,0,-1,0,0,0,0,0,1,1,1,-1,-1,0,0,0,-1,0,0,1,1,1,-1,0,-1,0,-1,0,0,0,0,1,0,0,0,1,1,0,0,-1,0,0,0,-1,0,0,0,0,0,0,-1,0
2126,0,0,0,0,0,0,-1,0,0,0,0,0,0,0,0,0,0,-1,0,0,0,-1,0,0,0,-1,0,0,0,0,0,0,0,0,1,1,1,-1,0,0,0,0,0,0,-1,0,1,0,0,0,0,0,0,0,1,-1,-1,0,-1,-1,0,0,0,0
2127,0,-1,0,-1,0,0,0,1,0,1,-1,-1,-1,0,0,0,0,0,0,0,-1,0,1,0,0,1,0,0,1,0,0,-1,-1,0,0,0,-1,0,-1,0,-1,0,0,0,0,1,0,0,-1,0,0,0,0,0,1,1,-1,1,0,0,0,-1,0,0
2128,-1,0,1,-1,-1,0,0,0,-1,0,0,0,-1,0,0,-1,-1,1,1,1,0,0,0,0,1,-1,0,0,0,1,-1,0,0,-1,-1,0,0,0,0,0,1,0,0,-1,-1,0,1,-1,-1,0,1,-1,0,1,0,0,-1,-1,0,-1,0,0,0,0
2129,0,0,-1,0,-1,0,0,0,0,0,0,0,0,-1,1,-1,0,0,0,0,-1,1,1,1,0,0,0,1,0,-1,0,1,1,0,0,0,0,0,0,1,0,0,0,0,-1,1,0,0,-1,0,0,0,0,0,-1,1,0,0,0,0,0,-1,0,0
2130,0,0,0,-1,0,0,-1,0,-1,0,-1,-1,0,0,0,0,0,0,0,0,0,1,1,0,-1,0,0,1,-1,0,1,0,1,0,-1,0,0,0,1,0,0,0,0,-1,0,0,0,1,1,1,0,-1,0,0,0,-1,0,1,-1,0,1,0,0,0
2131,1,1,-1,0,1,0,0,0,0,0,-1,-1,1,0,1,0,0,0,0,0,-1,0,-1,0,1,0,0,0,0,0,-1,0,0,0,0,0,-1,0,1,1,0,-1,0,1,-1,1,-1,0,0,0,0,0,0,0,0,0,0,-1,0,-1,0,1,0,0
2132,0,1,0,-1,0,-1,0,0,0,0,0,-1,1,0,0,0,0,0,0,0,0,1,1,0,-1,0,1,-1,-1,0,0,0,0,0,0,0,0,0,-1,0,0,1,0,0,-1,0,0,0,0,0,0,0,0,1,0,0,0,-1,0,0,1,0,0,0
2133,0,1,0,-1,0,0,1,0,0,0,0,1,0,0,0,1,0,0,-1,0,0,0,0,0,-1,0,0,0,0,1,-1,-1,0,0,0,0,0,0,0,1,1,1,0,0,0,0,0,1,0,0,0,-1,0,0,0,1,0,0,0,-1,0,0,-1,0
2134,-1,0,0,0,0,1,0,0,1,0,1,0,0,0,0,-1,0,0,1,-1,0,-1,0,0,0,0,0,0,0,0,0,0,0,0,-1,0,0,0,1,0,0,-1,0,1,1,1,1,1,0,-1,0,0,-1,0,0,-1,0,0,0,0,-1,0,0,1
2135,0,0,1,1,0,0,0,0,0,0,0,0,0,0,0,0,1,0,0,0,1,0,0,0,0,0,0,1,0,-1,1,0,0,1,0,1,0,0,0,0,0,0,-1,0,0,0,0,1,0,1,-1,0,-1,0,1,0,0,-1,0,0,0,0,0,0
2136,0,0,-1,0,1,-1,1,0,0,0,-1,1,0,0,0,-1,0,0,-1,0,0,0,0,1,-1,1,0,0,0,1,0,0,0,0,1,-1,0,0,0,0,0,0,0,-1,0,0,0,-1,-1,0,0,1,0,0,0,0,0,0,0,-1,0,0,0,0
2137,0,0,0,0,-1,0,0,0,0,0,0,-1,0,1,1,-1,0,0,1,0,0,-1,0,0,1,0,-1,0,-1,0,0,0,1,-1,0,0,0,1,0,1,0,0,-1,0,0,0,0,0,-1,0,0,1,1,0,0,-1,0,1,-1,0,0,-1,1,0
2138,0,0,0,0,0,0,-1,0,0,0,1,0,0,0,0,1,0,0,0,-1,-1,0,0,0,0,0,0,0,0,0,-1,1,0,-1,0,0,0,1,0,0,0,-1,0,0,0,0,-1,0,0,0,1,0,-1,0,1,0,0,1,0,0,-1,0,-1,-1
2139,-1,0,0,0,0,-1,0,0,1,0,0,0,0,0,0,0,-1,1,1,0,1,-1,-1,0,-1,-1,0,0,0,0,-1,0,0,0,-1,-1,0,0,1,1,1,1,0,1,1,0,0,0,1,0,1,0,-1,0,1,0,1,0,-1,-1,0,1,0,0
2140,0,0,0,1,0,0,-1,0,1,0,1,0,-1,0,-1,0,0,0,-1,0,0,0,0,0,0,0,-1,0,0,-1,0,-1,0,0,0,-1,0,0,0,1,-1,0,0,0,0,-1,0,-1,0,0,1,0,1,-1,0,0,-1,0,0,1,0,0,0,0
2141,0,0,0,0,0,0,0,0,0,-1,0,1,0,0,-1,0,0,1,-1,0,0,0,1,0,-1,0,0,-1,-1,0,0,-1,1,0,0,0,0,-1,-1,1,-1,0,0,0,0,0,0,0,1,0,0,0,-1,1,0,-1,0,0,0,0,-1,0,0,-1
2142,0,0,1,1,1,-1,0,1,0,0,0,0,-1,0,0,-1,0,0,1,0,0,0,0,-1,0,1,0,0,1,0,0,1,0,0,1,0,1,0,-1,0,0,0,0,0,0,0,0,0,-1,-1,0,0,0,0,0,1,0,0,0,-1,1,-1,0,0
2143,0,0,0,-1,0,0,0,0,0,0,0,0,-1,0,1,-1,0,0,1,0,0,1,0,1,0,0,0,0,0,0,-1,0,0,0,0,0,1,0,0,-1,-1,0,0,0,0,0,0,0,0,0,0,0,0,-1,0,0,0,1,0,-1,0,0,1,0
2144,-1,-1,0,0,-1,0,0,-1,0,-1,0,0,0,-1,0,-1,0,0,-1,0,1,0,0,0,1,0,0,1,0,0,-1,1,0,1,0,0,1,1,1,0,0,0,0,-1,0,0,0,0,0,-1,1,0,1,0,0,0,-1,0,-1,0,0,1,-1,0
2145,1,-1,0,1,0,0,0,0,-1,0,0,1,0,0,0,0,0,0,0,0,-1,0,0,0,0,0,0,0,0,0,-1,-1,0,0,0,1,0,0,0,0,0,0,0,0,-1,-1,-1,0,1,0,0,-1,0,0,0,1,0,0,0,1,0,0,0,0
2146,0,0,0,0,1,0,0,0,0,0,0,0,0,-1,0,0,1,0,0,0,1,1,0,0,1,-1,-1,0,1,0,0,-1,0,0,0,0,0,1,0,0,0,0,0,0,0,0,0,-1,-1,-1,0,1,-1,1,0,0,0,1,0,-1,0,0,0,0
2147,0,0,1,0,0,1,0,-1,-1,1,0,1,0,0,0,0,0,-1,0,1,0,0,0,0,-1,0,0,0,1,0,0,-1,-1,0,0,0,0,0,0,1,0,-1,-1,0,0,1,0,0,0,1,0,0,0,-1,0,1,0,0,1,0,-1,0,0,0
2148,-1,0,0,0,0,0,-1,1,0,0,0,1,-1,1,0,0,0,0,0,-1,0,0,0,0,0,0,1,0,-1,0,0,-1,-1,0,0,0,0,0,0,-1,1,0,-1,0,0,1,0,1,0,-1,0,1,-1,0,1,0,0,0,0,0,0,0,-1,1
2149,0,0,0,1,0,0,-1,-1,0,-1,0,-1,0,0,1,0,0,1,1,1,0,0,0,1,1,1,0,-1,-1,0,0,0,0,1,0,0,-1,1,0,1,0,0,0,0,0,-1,1,-1,-1,0,0,1,0,-1,0,0,1,0,0,0,-1,0,0,0
2150,0,0,1,0,0,-1,0,0,0,0,0,-1,0,-1,-1,-1,0,0,0,1,0,0,0,-1,1,0,0,-1,0,-1,0,-1,0,-1,0,1,0,1,-1,0,1,-1,0,1,0,1,1,0,0,0,0,-1,0,1,-1,1,0,-1,0,1,0,0,0,0
2151,0,0,0,0,0,0,1,0,0,0,-1,-1,0,0,-1,1,1,-1,0,0,-1,0,0,1,0,0,0,0,0,1,0,0,1,0,0,0,-1,0,0,0,0,0,1,-1,0,0,1,0,0,0,0,0,0,0,0,0,-1,0,0,0,0,0,0,0
2152,0,0,0,1,0,0,0,0,1,0,0,1,0,1,0,-1,1,0,0,0,1,0,0,1,-1,0,0,0,0,1,0,0,1,1,0,0,0,0,0,-1,0,0,0,0,0,0,-1,0,0,0,1,0,0,-1,0,0,0,0,0,0,0,-1,0,0
2153,0,0,-1,0,0,0,0,0,0,0,1,1,0,0,0,0,-1,-1,0,0,0,0,0,0,1,-1,1,0,0,0,0,0,0,0,1,0,1,0,-1,0,0,0,-1,0,0,-1,1,1,0,-1,0,0,0,0,0,0,-1,-1,0,0,0,0,0,1
2154,0,0,0,-1,1,-1,1,1,0,-1,-1,1,1,1,-1,1,0,0,0,0,0,0,-1,0,0,0,1,0,-1,-1,0,0,0,0,0,0,0,0,0,1,0,0,1,0,-1,1,0,0,0,0,1,1,1,0,0,1,1,0,0,-1,0,0,0,0
2155,0,0,-1,-1,0,0,0,0,0,-1,-1,0,0,0,0,-1,0,-1,0,1,0,0,0,0,-1,0,-1,0,0,-1,1,0,0,1,1,0,0,0,0,1,0,-1,1,0,1,0,0,0,-1,0,0,0,1,0,0,0,-1,0,0,0,-1,0,0,1
2156,-1,-1,0,0,0,1,0,0,-1,0,0,0,0,1,0,0,-1,0,1,0,0,0,0,0,0,0,0,-1,1,1,0,0,0,-1,0,0,0,0,0,1,0,0,0,0,1,1,0,0,0,1,-1,1,-1,0,-1,0,-1,1,0,0,0,-1,-1,0
2157,0,0,0,-1,-1,0,0,-1,0,0,0,1,0,0,0,0,-1,0,0,0,-1,0,0,0,-1,0,0,0,0,0,1,0,0,-1,0,-1,-1,0,0,0,1,0,0,0,0,0,1,0,-1,0,1,1,0,0,-1,0,1,1,1,-1,0,0,0,0
2158,1,0,1,0,0,0,-1,-1,1,0,0,-1,0,1,-1,0,0,0,0,0,0,-1,1,0,0,1,-1,0,0,1,0,0,0,0,1,-1,0,-1,0,-1,1,-1,0,-1,-1,0,0,0,-1,1,-1,1,1,0,0,0,1,1,0,0,1,0,-1,1
2159,-1,0,1,0,0,0,-1,0,1,0,0,0,0,0,0,0,0,0,0,0,0,0,0,0,0,0,0,0,0,0,-1,0,0,0,0,0,0,1,0,1,-1,0,0,1,0,1,-1,0,0,0,0,-1,0,0,-1,0,0,0,0,-1,0,1,0,-1
2160,-1,0,0,1,0,-1,0,1,0,0,0,0,1,0,-1,0,0,0,0,0,0,-1,1,0,0,0,-1,1,1,-1,0,1,0,1,0,-1,-1,-1,1,0,0,0,0,0,0,-1,0,0,1,0,0,0,0,-1,1,0,0,-1,0,0,0,0,0,0
2161,0,0,0,0,0,0,0,0,0,0,0,0,0,0,0,0,1,1,1,1,0,0,1,0,0,0,0,0,0,0,0,0,0,-1,-1,0,-1,0,0,0,1,0,0,0,1,0,-1,0,-1,0,0,0,-1,0,0,0,-1,-1,0,0,1,0,0,1
2162,0,0,1,0,0,0,0,0,-1,1,0,0,-1,-1,0,0,0,1,1,1,0,0,-1,0,-1,1,0,0,0,0,0,0,1,0,0,-1,0,0,-1,0,-1,0,0,0,-1,1,1,0,0,0,1,1,0,0,0,-1,0,0,0,-1,-1,0,0,0
2163,-1,0,1,0,-1,0,0,0,0,0,0,1,0,0,0,-1,0,0,-1,0,1,0,1,0,0,1,-1,-1,0,1,0,0,0,1,0,0,0,0,0,-1,1,0,0,0,1,1,-1,1,0,0,0,0,-1,-1,0,1,0,0,0,-1,0,-1,0,0
2164,0,0,0,0,1,1,0,-1,1,0,0,1,0,0,0,0,0,-1,0,1,0,0,0,-1,0,-1,0,0,0,0,-1,1,0,0,0,0,0,1,0,0,1,0,0,1,0,0,0,1,0,1,0,0,-1,0,0,0,0,-1,0,0,0,0,0,-1
2165,-1,0,0,0,0,0,0,0,-1,0,0,0,-1,0,0,-1,0,-1,-1,0,1,0,0,1,0,-1,1,-1,0,0,0,0,0,0,0,0,0,0,0,1,0,0,0,-1,-1,0,-1,0,0,0,1,0,-1,0,0,0,-1,0,-1,0,0,0,0,1
2166,0,-1,0,0,-1,0,0,0,0,0,0,0,-1,1,0,0,0,0,0,0,0,-1,-1,0,-1,1,-1,0,0,0,0,0,-1,0,0,1,-1,0,0,0,0,0,0,0,0,0,0,0,0,1,-1,-1,1,0,1,0,0,0,0,1,-1,0,-1,0
2167,0,0,0,0,0,0,1,-1,0,0,0,0,0,0,0,0,0,0,-1,0,0,-1,0,0,0,0,0,1,0,1,0,0,0,0,0,0,0,0,0,-1,0,1,0,0,0,-1,1,-1,0,0,0,0,-1,0,0,0,-1,0,1,0,0,0,0,0
2168,1,-1,0,0,-1,1,0,0,1,0,0,-1,0,0,0,1,-1,0,1,1,0,-1,1,1,1,0,-1,0,0,0,0,-1,0,0,0,1,-1,0,0,0,0,-1,0,1,0,-1,0,0,0,-1,0,0,0,0,0,0,0,0,0,0,0,0,0,-1
2169,0,0,0,1,0,-1,0,1,0,0,0,0,0,0,0,-1,-1,0,0,1,0,0,1,0,1,0,0,-1,0,0,0,-1,0,0,0,0,0,1,-1,0,0,0,1,0,0,1,1,-1,0,0,1,-1,0,0,0,0,0,0,0,-1,-1,-1,0,0
2170,1,0,0,0,0,-1,0,0,0,-1,0,0,-1,0,-1,0,-1,0,0,0,0,-1,0,-1,0,-1,0,1,0,0,1,0,1,0,1,0,0,-1,0,-1,1,-1,0,0,0,0,0,1,0,0,1,0,0,0,0,0,-1,-1,0,1,0,0,1,0
2171,0,0,0,-1,0,0,0,0,0,0,0,0,0,0,0,1,0,0,0,-1,0,1,-1,0,0,0,0,-1,-1,1,1,0,0,1,0,0,1,0,0,-1,0,0,0,0,0,1,0,0,0,0,0,0,-1,1,0,0,0,0,0,0,0,0,0,0
2172,0,0,-1,-1,0,0,0,0,0,0,-1,0,1,-1,0,0,0,0,0,-1,-1,0,0,0,0,-1,-1,0,1,0,-1,0,0,0,1,0,-1,0,0,-1,0,0,-1,0,1,1,-1,0,0,-1,-1,0,0,0,0,0,-1,1,-1,0,0,0,-1,0
2173,0,0,0,-1,-1,0,0,0,0,0,1,0,0,-1,1,0,0,-1,0,1,-1,0,0,0,0,1,0,0,-1,0,0,0,0,0,0,-1,0,0,0,0,-1,0,0,0,0,-1,0,0,-1,1,-1,1,0,0,0,0,-1,0,0,0,0,0,1,0
2174,0,0,-1,0,-1,0,0,0,1,0,0,-1,0,1,0,0,-1,0,0,0,-1,0,0,0,-1,0,0,0,0,-1,0,0,-1,0,0,-1,-1,0,0,0,0,0,-1,0,-1,0,0,0,0,0,0,0,0,0,-1,0,0,0,-1,0,1,0,0,0
2175,0,0,0,1,0,0,-1,1,0,0,0,1,0,1,0,0,-1,1,0,1,1,0,0,0,1,0,0,0,0,-1,0,0,0,0,0,-1,0,0,0,1,1,0,0,1,0,0,0,0,-1,0,0,1,0,0,1,0,0,0,0,0,0,0,0,0
2176,0,0,0,0,0,1,0,0,0,0,0,0,0,0,0,0,0,1,1,0,1,1,-1,0,-1,1,0,0,0,0,-1,1,-1,0,1,-1,0,1,0,0,-1,-1,0,0,0,-1,-1,-1,-1,0,0,0,1,0,-1,0,-1,0,1,-1,1,-1,0,1
2177,0,0,-1,0,0,1,1,-1,0,0,1,0,0,0,0,0,1,1,0,0,0,1,0,-1,0,0,0,0,0,0,0,0,0,0,0,1,1,1,0,-1,1,1,0,0,0,-1,1,0,0,1,0,0,0,0,0,1,-1,0,0,0,0,0,-1,-1
2178,0,0,0,0,0,0,0,0,0,0,0,0,0,0,0,-1,0,-1,0,0,0,0,0,0,0,0,0,0,0,0,0,0,0,0,-1,1,0,-1,-1,-1,0,0,-1,0,0,0,0,0,0,0,0,0,-1,-1,0,0,0,1,0,0,0,-1,0,0
2179,0,-1,0,1,0,0,-1,0,-1,0,0,0,0,1,0,0,0,0,0,0,0,0,0,-1,0,0,1,-1,0,0,0,0,0,-1,0,0,-1,1,0,0,0,-1,0,1,0,0,0,0,0,0,0,0,0,0,0,0,0,0,-1,0,0,-1,0,0
2180,-1,0,0,0,0,0,-1,0,-1,0,0,0,0,0,0,0,0,-1,1,0,0,0,0,0,1,0,0,-1,0,-1,0,0,0,-1,-1,0,1,0,0,0,1,0,0,0,0,0,0,1,0,0,0,0,0,0,0,0,0,1,0,0,0,0,-1,-1
2181,0,1,0,0,0,0,0,0,0,0,-1,0,1,0,1,0,0,0,0,1,1,0,0,1,1,1,0,0,0,0,0,0,-1,0,0,1,0,1,0,0,0,0,1,-1,0,0,0,-1,0,0,0,0,0,-1,-1,0,-1,-1,-1,1,0,0,1,0
2182,0,0,0,1,0,0,0,0,0,0,0,0,0,0,0,1,-1,0,1,0,0,0,0,1,0,0,0,-1,0,0,0,1,0,0,0,-1,-1,0,0,0,0,0,0,-1,0,0,0,-1,0,0,0,-1,0,0,0,0,0,0,0,0,1,0,1,0
2183,0,-1,0,0,0,-1,0,-1,0,1,0,1,-1,0,0,0,0,-1,0,-1,-1,0,0,-1,-1,1,-1,-1,0,0,0,0,-1,0,0,0,0,0,-1,0,0,0,0,1,0,0,-1,1,0,0,-1,0,0,1,0,-1,0,1,-1,-1,0,0,0,0
2184,0,0,1,1,-1,1,0,-1,0,0,0,0,0,0,1,1,0,0,0,0,0,0,1,1,0,0,0,-1,0,-1,0,0,0,-1,1,-1,-1,1,0,-1,0,0,0,0,1,0,0,0,0,0,-1,0,0,0,0,1,0,0,1,-1,0,0,0,1
2185,0,0,0,0,0,0,0,0,1,0,0,1,1,0,0,-1,0,0,-1,-1,-1,1,0,0,0,0,1,-1,0,1,0,1,0,0,0,-1,0,-1,0,0,1,0,0,0,0,0,0,0,0,0,0,1,-1,1,0,-1,0,0,-1,-1,-1,0,0,1
2186,0,0,-1,0,-1,0,-1,-1,-1,0,1,-1,1,0,0,-1,-1,0,0,0,0,-1,0,1,0,0,0,0,1,0,1,0,1,0,1,0,0,0,0,0,-1,0,0,0,0,0,0,0,1,0,0,0,1,1,0,0,0,-1,0,0,-1,-1,1,0
2187,0,-1,0,1,0,0,0,0,0,1,1,1,0,0,1,0,0,0,0,1,0,0,0,0,0,-1,0,-1,-1,1,1,-1,1,0,0,0,0,1,1,0,0,0,1,0,0,-1,0,0,-1,1,-1,0,0,-1,1,1,0,1,1,-1,0,0,0,0
2188,0,0,0,0,0,0,-1,0,0,0,1,1,0,0,0,0,0,1,0,0,1,0,0,0,0,0,-1,0,0,0,0,0,-1,-1,0,0,0,1,-1,0,1,-1,0,1,1,1,0,0,1,0,0,1,0,1,1,-1,0,0,0,0,0,0,0,1
2189,0,0,0,1,0,0,0,1,0,-1,0,0,0,0,0,-1,1,-1,0,1,-1,1,0,0,1,-1,1,0,0,0,0,0,0,0,0,0,1,0,0,-1,0,0,-1,0,0,1,0,0,0,1,1,0,0,0,-1,0,0,0,1,0,0,0,0,0
2190,1,0,0,1,-1,1,0,-1,-1,0,-1,1,1,0,0,0,0,0,1,1,0,0,0,1,0,0,1,0,1,0,0,0,0,-1,0,1,0,0,-1,0,-1,0,-1,0,1,0,0,0,0,0,0,0,0,1,0,0,0,1,0,1,0,1,0,1
2191,0,0,1,0,0,0,0,0,0,0,0,-1,-1,0,0,0,-1,0,0,0,0,0,0,1,0,1,0,0,0,-1,0,0,1,0,0,0,-1,0,0,0,1,-1,0,1,0,1,0,0,-1,-1,0,0,1,1,0,1,1,0,0,0,0,0,0,-1
2192,0,0,-1,1,-1,0,0,0,0,0,0,0,0,0,1,0,0,0,0,0,0,-1,1,0,0,-1,-1,-1,1,0,-1,0,-1,0,1,0,0,0,0,0,1,1,1,0,0,0,0,0,1,0,0,0,1,0,0,0,0,-1,1,0,0,1,1,1
2193,0,-1,0,0,0,-1,0,-1,0,0,-1,-1,0,1,0,0,1,0,-1,0,0,0,0,0,0,1,0,0,0,1,1,0,-1,0,0,-1,0,1,0,-1,-1,0,0,-1,0,0,0,1,0,0,0,0,1,0,0,1,0,0,1,0,-1,-1,-1,-1
2194,-1,0,0,1,0,0,0,0,0,0,0,0,0,0,0,0,0,0,0,0,0,0,0,0,0,0,0,0,1,0,-1,-1,0,0,0,0,-1,0,1,1,0,0,1,1,0,0,-1,1,0,0,1,-1,-1,0,0,0,0,0,1,0,-1,-1,0,0
2195,1,0,-1,0,0,1,0,-1,0,1,0,0,0,1,0,0,0,0,1,1,1,0,1,0,0,-1,0,1,0,1,0,0,0,1,0,0,0,0,-1,1,0,0,0,0,1,0,-1,0,-1,0,0,0,-1,0,1,0,1,0,-1,0,0,0,-1,0
2196,1,1,0,0,0,0,0,0,0,0,0,0,0,-1,0,0,0,0,0,0,0,0,0,0,0,1,1,0,-1,-1,0,0,0,-1,0,0,1,0,0,1,0,0,0,-1,0,0,0,1,0,0,1,0,0,1,0,0,-1,0,0,1,0,0,0,-1
2197,-1,-1,0,-1,0,0,1,-1,0,0,1,-1,0,-1,0,0,0,1,0,0,0,0,0,0,0,0,1,-1,0,0,1,-1,0,0,-1,0,1,0,0,-1,0,0,0,0,0,1,0,0,0,0,0,0,0,1,0,1,1,0,0,0,1,0,0,0
2198,0,-1,0,0,0,0,-1,0,0,0,0,0,-1,0,0,-1,0,0,0,0,-1,0,-1,-1,0,-1,0,-1,0,0,-1,1,0,1,0,0,-1,-1,0,0,0,0,1,-1,0,1,0,0,0,0,1,-1,-1,-1,0,0,0,0,0,0,0,0,-1,1
2199,1,0,1,1,0,-1,0,1,-1,0,1,0,0,0,-1,0,0,0,-1,-1,0,-1,0,0,-1,0,-1,0,0,-1,0,0,0,1,0,1,0,0,1,-1,0,0,0,0,0,0,0,0,0,0,1,-1,1,0,0,-1,0,-1,0,0,0,0,0,0
2200,0,1,-1,1,0,-1,-1,-1,0,0,-1,0,0,0,0,-1,0,1,0,0,0,0,0,0,0,1,-1,0,0,0,0,0,0,0,0,0,0,0,-1,-1,0,1,1,0,-1,0,0,-1,0,-1,1,0,1,0,0,0,0,0,0,0,1,0,0,0
2201,0,1,1,0,0,0,0,0,0,1,1,1,-1,1,0,0,1,-1,-1,0,1,-1,0,0,1,0,1,0,1,0,1,0,0,0,0,1,-1,0,-1,0,0,0,0,-1,0,0,0,-1,0,-1,0,0,1,1,0,0,1,0,0,1,1,-1,-1,0
2202,0,0,0,0,0,-1,0,0,-1,0,0,0,1,1,-1,1,0,1,-1,-1,0,0,0,1,0,0,-1,1,0,-1,-1,0,1,0,1,-1,1,0,-1,1,0,0,-1,-1,0,0,0,0,0,1,1,0,-1,0,-1,1,0,0,0,1,0,0,0,0
2203,0,0,0,-1,0,0,0,0,1,0,-1,0,0,1,1,0,0,-1,0,0,0,0,0,0,0,0,0,0,0,0,0,0,0,1,0,0,1,0,1,0,-1,0,0,1,0,0,0,1,1,1,0,-1,0,0,0,0,0,1,0,0,0,0,1,0
2204,-1,0,0,0,0,0,0,0,0,0,0,0,1,1,0,0,0,-1,0,0,-1,-1,0,-1,0,0,1,0,0,0,-1,1,1,0,0,0,0,0,0,0,0,1,-1,0,1,0,1,0,0,0,-1,0,0,1,0,-1,0,0,0,0,1,-1,0,0
2205,0,0,-1,0,1,-1,0,1,0,1,0,1,0,0,0,1,1,0,1,0,0,0,1,0,0,1,0,0,0,0,0,0,0,-1,0,0,0,1,1,-1,0,0,0,-1,1,1,1,0,0,0,1,0,-1,-1,0,0,0,0,0,0,0,0,0,0
2206,0,1,0,0,0,-1,0,0,0,0,0,0,0,0,0,-1,0,0,0,0,0,0,0,1,1,1,0,1,-1,0,0,0,0,0,0,0,0,0,0,1,0,0,0,1,0,-1,0,1,0,0,0,0,0,-1,0,1,0,0,0,-1,1,1,0,-1
2207,-1,0,-1,0,0,0,0,0,-1,1,0,0,0,0,1,0,-1,-1,0,-1,-1,1,0,0,0,1,-1,0,0,1,0,0,1,-1,-1,1,-1,0,0,0,0,0,0,0,0,0,-1,0,0,-1,1,0,0,-1,0,0,1,0,-1,0,0,-1,1,1
2208,-1,1,0,0,0,1,1,0,0,0,0,0,1,1,1,1,0,0,0,0,0,0,-1,0,0,0,0,-1,0,1,0,-1,0,0,0,1,-1,0,0,0,0,0,1,-1,0,0,-1,0,0,0,0,0,0,0,0,0,0,-1,0,0,0,-1,1,1
2209,0,0,0,1,0,0,-1,0,0,0,0,0,0,0,-1,0,1,0,1,0,0,-1,0,-1,0,0,0,-1,1,0,-1,-1,0,-1,0,1,0,0,0,1,-1,0,0,0,1,1,0,0,1,0,0,1,0,0,-1,0,1,0,-1,1,0,0,0,-1
2210,0,0,0,-1,0,0,0,1,-1,0,0,0,1,1,1,1,0,0,1,0,-1,0,0,0,0,0,-1,-1,1,0,-1,1,0,0,1,0,0,0,0,0,0,1,-1,-1,-1,0,-1,0,0,0,1,1,0,0,0,1,0,0,0,0,0,0,0,-1
2211,1,0,0,0,-1,0,0,1,0,0,0,0,0,1,-1,0,-1,0,-1,0,0,0,1,0,0,-1,0,0,0,1,1,0,0,0,0,0,0,0,0,0,0,-1,0,0,0,0,0,1,0,0,-1,-1,0,1,0,0,0,0,1,0,-1,0,-1,0
2212,0,0,0,0,0,0,1,0,-1,0,1,1,0,0,0,0,-1,0,-1,0,1,-1,-1,-1,0,-1,0,0,1,0,0,-1,0,0,-1,0,0,-1,0,-1,0,0,1,0,-1,0,1,0,-1,0,1,0,1,0,0,1,-1,1,0,0,0,-1,-1,-1
2213,0,0,-1,0,0,-1,-1,0,-1,0,1,1,0,0,-1,0,0,0,0,0,0,-1,0,0,0,1,0,0,-1,-1,1,1,-1,-1,0,0,0,-1,0,0,1,0,0,0,0,1,0,1,0,1,0,0,-1,0,0,0,1,-1,1,0,1,0,0,0
2214,0,0,0,0,1,0,0,-1,0,0,0,1,0,0,0,-1,0,1,0,0,1,0,1,1,0,0,1,0,0,0,1,1,0,0,0,0,0,0,0,0,1,1,1,1,0,0,0,0,0,1,-1,0,-1,0,0,-1,0,0,-1,0,0,-1,0,0
2215,0,1,-1,-1,1,1,0,-1,-1,0,1,0,1,0,0,0,0,0,0,0,1,-1,0,0,0,0,0,0,0,0,0,1,0,0,0,0,0,0,0,0,0,0,-1,1,0,0,-1,0,-1,0,0,0,-1,0,-1,0,0,-1,0,0,0,0,0,0
2216,1,0,0,0,1,0,-1,0,0,0,0,0,0,0,0,0,0,0,1,-1,0,0,0,-1,0,0,0,-1,0,0,0,0,0,-1,0,0,0,-1,1,1,0,0,-1,0,0,-1,0,0,-1,-1,0,0,0,0,0,-1,-1,-1,0,0,1,1,0,0
2217,0,0,0,-1,0,0,0,0,0,-1,0,-1,0,1,-1,0,0,-1,1,0,0,0,0,0,0,0,1,0,0,0,0,-1,0,0,0,0,0,0,0,0,0,0,1,0,0,-1,0,1,0,0,0,0,0,0,0,0,0,-1,0,0,0,0,0,0
2218,-1,0,0,0,0,0,0,0,-1,-1,1,0,1,0,0,-1,0,0,1,0,0,0,-1,0,-1,0,0,0,0,0,-1,0,1,1,0,0,1,0,1,0,-1,0,0,0,0,0,0,0,0,0,-1,1,1,0,0,1,0,1,0,-1,1,-1,0,1
2219,0,0,1,0,0,1,0,0,0,0,0,0,0,0,0,0,1,0,0,0,0,0,0,0,0,0,0,0,0,0,0,0,0,0,0,-1,0,0,0,0,0,0,-1,0,0,0,0,0,0,-1,1,1,1,0,-1,0,0,0,-1,0,1,0,1,0
2220,0,0,0,1,0,0,0,0,0,1,0,-1,0,0,0,-1,0,0,0,0,0,0,1,0,0,-1,0,1,0,0,0,0,-1,0,1,-1,-1,0,0,0,0,1,1,0,0,0,0,0,-1,0,0,0,1,0,-1,0,0,0,-1,1,0,0,-1,0
2221,0,0,0,0,0,0,-1,0,0,0,0,-1,0,0,0,-1,-1,0,0,0,0,0,0,0,0,0,1,-1,0,0,-1,0,1,-1,-1,0,0,0,-1,0,1,-1,0,-1,1,0,0,1,0,0,-1,0,0,0,0,-1,1,1,1,0,-1,0,0,0
2222,0,0,0,0,0,1,0,0,0,-1,-1,0,0,-1,0,0,0,0,1,-1,1,0,1,0,0,0,0,-1,0,0,-1,0,0,1,1,0,1,0,-1,-1,1,1,0,0,0,0,0,0,0,0,0,0,0,0,1,-1,0,1,1,0,1,0,0,-1
2223,-1,0,-1,0,0,-1,1,-1,1,0,0,0,0,0,-1,0,0,0,-1,-1,0,0,1,-1,-1,0,-1,-1,0,0,0,-1,0,0,0,0,0,0,0,0,0,0,1,0,1,0,1,1,0,1,-1,0,0,0,0,0,0,-1,1,0,1,0,0,1
2224,0,0,0,-1,-1,1,-1,-1,0,0,1,-1,0,0,0,-1,0,0,0,0,0,0,0,1,1,0,0,0,0,0,0,1,0,0,0,0,1,0,1,1,0,0,0,0,1,-1,0,0,0,0,0,-1,-1,0,1,0,0,0,-1,1,1,0,-1,0
2225,0,0,0,0,0,0,0,0,0,0,0,0,0,1,0,1,0,0,0,0,0,-1,0,-1,1,0,0,0,1,0,0,0,1,0,0,0,0,0,0,0,0,0,0,0,0,1,0,0,0,0,-1,0,0,0,0,-1,1,1,-1,0,-1,0,0,0
2226,-1,1,1,0,0,0,0,0,0,0,0,0,1,0,0,-1,0,1,0,1,0,1,0,1,0,-1,-1,0,1,0,-1,0,1,0,0,0,0,1,0,-1,0,0,0,0,0,0,0,1,0,0,0,0,-1,0,0,1,-1,1,0,0,0,-1,0,0
2227,0,0,0,0,1,0,0,0,0,0,0,0,0,1,0,-1,0,-1,-1,1,0,0,-1,-1,0,-1,1,0,0,0,-1,0,1,0,1,-1,1,0,0,0,0,1,-1,-1,-1,0,1,0,0,0,-1,0,0,0,0,-1,0,-1,0,0,0,-1,-1,0
2228,1,-1,0,0,0,-1,0,1,1,0,0,0,-1,-1,0,1,0,0,0,0,-1,0,0,0,-1,0,0,1,0,0,0,1,-1,0,0,0,0,0,0,0,0,0,-1,1,-1,0,0,0,0,0,0,0,0,1,-1,-1,0,0,0,1,0,1,0,0
2229,0,0,0,1,0,0,1,1,0,0,0,1,0,0,0,0,0,0,0,0,0,0,0,-1,-1,0,1,0,-1,0,0,0,0,1,0,0,0,0,-1,1,-1,0,-1,-1,0,0,0,0,-1,0,0,0,0,0,-1,0,0,0,0,0,0,0,0,-1
2230,0,0,0,0,0,0,0,1,0,-1,0,0,1,0,-1,0,-1,0,1,0,-1,1,1,0,0,0,0,1,0,0,0,0,0,0,-1,0,0,0,1,0,0,0,0,-1,-1,1,0,-1,1,0,-1,1,0,0,0,0,0,0,0,0,-1,0,-1,0
2231,0,1,1,0,0,0,0,0,0,-1,0,0,1,1,1,-1,0,1,1,0,0,0,0,1,-1,0,0,-1,0,0,0,-1,0,0,1,1,0,0,0,-1,0,-1,0,0,0,-1,0,0,0,0,0,0,1,0,0,0,0,0,1,0,1,0,-1,0
2232,1,0,0,0,0,0,0,-1,0,0,-1,1,-1,0,0,0,1,0,0,0,0,-1,0,-1,-1,0,0,0,-1,0,0,0,0,-1,0,0,0,1,0,0,0,0,0,1,0,1,1,0,0,0,0,0,0,0,0,0,0,0,-1,0,-1,-1,0,-1
2233,0,0,0,0,1,1,-1,0,1,0,0,0,-1,-1,1,-1,0,0,-1,0,0,0,0,-1,1,0,0,1,0,0,1,0,0,0,-1,0,-1,0,0,1,0,-1,0,0,1,1,0,0,1,0,1,1,1,-1,0,0,0,0,0,1,0,1,0,1
2234,-1,0,1,-1,0,0,1,0,0,0,0,0,0,1,0,-1,0,-1,0,-1,0,0,0,0,0,0,0,0,0,0,0,0,0,0,0,1,0,0,0,0,1,0,0,-1,-1,1,1,0,0,0,0,0,-1,0,0,0,0,0,0,0,0,-1,0,0
2235,1,0,0,0,0,0,0,0,0,-1,0,0,0,1,0,0,0,-1,0,0,0,0,-1,0,1,0,0,0,0,-1,1,0,0,0,0,1,1,-1,0,-1,0,-1,0,0,0,0,1,-1,0,0,0,1,1,1,0,0,0,1,0,-1,0,0,0,0
2236,0,-1,0,0,0,0,1,0,0,0,0,-1,0,0,0,1,0,0,0,1,0,-1,0,0,-1,0,-1,-1,1,0,0,0,0,0,0,0,1,-1,1,0,0,1,1,0,0,0,-1,0,0,-1,-1,0,0,0,0,0,1,0,0,1,1,0,0,0
2237,-1,0,0,0,0,0,0,0,0,1,-1,0,0,0,1,0,0,0,0,0,-1,0,0,0,0,1,0,0,1,0,0,0,-1,-1,0,0,-1,1,0,0,1,0,0,-1,0,0,-1,0,0,0,0,1,0,1,0,0,0,0,0,-1,0,1,0,-1
2238,1,0,0,0,0,0,0,0,1,0,-1,0,0,1,-1,0,0,1,1,0,0,0,0,0,0,0,0,1,0,-1,1,-1,0,1,0,0,0,0,0,1,0,0,0,-1,0,0,1,0,1,0,0,0,0,0,0,0,0,-1,0,0,0,0,0,0
2239,0,0,0,1,-1,0,0,0,-1,1,-1,0,0,0,0,1,0,1,0,-1,0,0,-1,1,0,0,0,0,1,0,0,0,0,0,0,-1,0,0,0,-1,-1,0,0,1,0,0,0,-1,-1,0,0,1,0,0,0,0,1,-1,0,-1,-1,-1,0,0
2240,0,0,-1,0,-1,0,-1,1,0,0,1,0,-1,-1,0,0,0,0,0,-1,0,1,-1,0,0,-1,1,0,0,0,1,-1,-1,0,1,1,1,1,0,-1,0,-1,0,0,0,1,0,0,0,0,1,-1,0,0,0,-1,-1,0,1,-1,-1,0,0,0
2241,0,0,1,0,1,0,0,-1,-1,1,0,0,0,0,0,0,0,0,0,0,0,0,0,0,0,-1,-1,1,-1,0,0,1,-1,-1,0,0,0,1,0,0,1,0,0,0,0,0,-1,0,0,-1,-1,1,0,1,0,-1,1,0,-1,-1,0,0,0,1
2242,0,0,-1,1,0,0,0,1,0,0,0,0,0,0,-1,0,0,0,-1,0,0,0,-1,-1,0,1,0,-1,0,-1,0,0,0,0,1,0,-1,0,0,1,-1,0,0,1,0,0,0,1,0,0,0,0,0,0,0,-1,0,-1,0,1,0,1,0,0
2243,0,0,0,0,0,0,1,0,-1,0,0,0,-1,0,0,0,0,0,0,-1,0,0,0,1,0,-1,0,0,0,0,0,0,-1,0,-1,0,0,0,0,0,0,0,0,0,0,0,1,0,0,0,1,0,1,0,1,-1,0,0,0,0,-1,-1,0,0
2244,1,0,1,1,-1,0,0,-1,0,0,0,-1,-1,1,1,1,0,0,0,0,0,0,0,0,0,-1,0,0,-1,0,0,0,0,-1,0,0,-1,0,1,0,0,-1,0,0,0,0,0,-1,0,0,-1,0,0,-1,0,-1,0,0,0,0,-1,0,0,1
2245,-1,-1,0,-1,0,0,-1,1,0,1,0,0,1,0,0,0,0,1,0,-1,0,1,0,0,1,0,0,0,1,0,0,1,-1,-1,0,0,0,0,0,1,-1,0,0,0,-1,0,0,0,0,0,0,-1,0,1,0,1,0,0,0,0,0,0,0,-1
2246,0,-1,0,0,0,1,-1,-1,0,0,1,0,0,0,0,0,0,-1,0,0,-1,0,0,0,0,0,-1,0,1,0,0,-1,-1,0,1,0,0,-1,0,0,0,0,0,0,0,0,0,0,0,1,0,0,0,0,1,1,1,0,0,0,0,1,-1,0
2247,0,0,0,1,0,0,0,-1,0,0,0,0,0,0,0,-1,0,0,1,-1,1,1,0,0,1,0,1,0,-1,0,0,0,0,-1,0,0,0,0,-1,0,0,-1,1,-1,0,0,0,0,0,0,0,-1,0,-1,0,-1,-1,0,0,0,-1,0,0,0
2248,0,0,1,0,1,0,1,0,1,0,0,0,0,0,1,1,0,0,0,1,0,0,-1,0,0,0,0,0,0,-1,0,0,1,0,-1,0,0,0,1,-1,0,0,-1,0,-1,0,0,-1,0,0,0,-1,0,0,0,-1,0,1,0,0,-1,0,0,0
2249,0,0,0,0,1,0,0,-1,1,-1,0,-1,0,-1,1,0,0,0,0,1,1,0,0,0,0,-1,-1,0,-1,0,0,1,0,0,0,-1,0,0,-1,0,-1,0,0,-1,-1,0,0,0,0,0,1,0,0,0,0,0,0,-1,1,0,0,0,1,0
2250,-1,1,0,-1,1,0,0,1,0,0,-1,0,1,0,0,-1,-1,0,0,0,0,0,0,0,0,0,1,0,-1,0,-1,-1,0,0,0,1,0,0,0,0,0,0,0,0,-1,0,0,1,-1,1,1,0,0,0,1,0,0,0,0,0,0,0,1,0
2251,0,0,0,0,0,0,0,-1,0,0,1,0,-1,0,0,0,-1,-1,-1,0,1,0,0,-1,-1,-1,-1,-1,0,0,-1,0,0,0,0,0,0,0,0,0,0,0,-1,0,0,0,0,1,0,0,0,0,0,0,-1,0,0,0,1,0,0,0,1,1
2252,1,0,0,0,-1,1,0,0,0,1,0,0,0,-1,0,0,0,0,0,0,0,0,-1,-1,-1,0,0,1,0,0,0,0,-1,0,-1,1,0,0,0,0,0,0,1,0,0,-1,-1,-1,0,-1,-1,0,0,0,0,-1,0,0,0,0,1,0,0,0
2253,0,1,0,1,-1,0,0,0,0,0,0,1,0,0,0,0,-1,1,1,1,0,1,0,-1,-1,1,0,1,0,1,0,-1,0,-1,-1,0,0,1,0,0,-1,-1,0,-1,1,0,0,1,0,1,0,1,0,0,0,0,0,0,0,0,1,0,1,0
2254,0,1,0,1,0,0,1,0,-1,0,0,-1,0,0,0,0,-1,1,0,0,-1,0,0,0,1,0,0,-1,0,0,1,0,0,-1,0,0,1,1,0,0,-1,0,0,0,0,0,0,1,0,0,0,0,-1,0,0,0,0,1,0,0,-1,0,1,0
2255,0,0,1,0,-1,0,0,0,0,1,1,0,1,-1,0,0,0,-1,0,0,-1,0,0,0,0,0,1,0,0,-1,0,0,-1,0,1,0,0,-1,-1,0,0,0,0,0,0,0,0,-1,0,1,0,0,0,0,0,1,-1,-1,0,0,0,-1,-1,1
2256,1,-1,-1,0,-1,0,1,-1,0,0,0,-1,1,0,1,0,1,0,1,-1,0,0,0,-1,0,-1,0,0,0,-1,0,0,0,0,-1,1,0,-1,0,0,-1,1,0,1,0,0,0,1,0,0,0,0,0,0,0,0,1,0,0,1,0,0,0,0
2257,0,0,1,0,-1,0,1,-1,1,0,0,0,0,0,0,0,0,0,0,0,-1,1,0,0,1,0,0,0,0,1,0,0,0,1,0,0,-1,0,0,0,0,1,0,0,0,0,0,0,-1,0,0,-1,1,-1,0,1,0,1,0,-1,0,0,1,0
2258,0,1,0,0,0,0,0,1,0,0,0,1,1,-1,0,0,1,0,0,-1,0,0,0,0,0,-1,0,1,-1,1,0,1,0,0,-1,0,0,0,0,0,0,0,-1,-1,0,-1,0,0,0,1,0,0,0,0,0,0,0,-1,0,0,0,0,1,1
2259,0,0,0,0,0,0,0,-1,0,0,0,-1,0,1,-1,0,0,0,-1,0,0,0,-1,0,0,-1,0,0,0,0,0,0,-1,0,0,-1,0,0,0,0,-1,0,-1,0,-1,0,0,1,0,0,0,0,0,0,0,0,-1,1,1,1,-1,0,1,0
2260,0,1,0,1,0,0,0,0,0,0,-1,0,0,0,0,0,1,0,0,0,-1,0,0,0,-1,0,0,-1,0,0,-1,0,0,0,0,-1,0,0,0,0,0,0,0,0,0,-1,0,0,-1,0,0,1,0,-1,-1,0,0,-1,-1,0,0,1,-1,0
2261,-1,0,0,0,1,0,0,0,0,0,0,1,0,0,0,-1,0,0,0,1,0,0,1,-1,-1,-1,0,-1,-1,-1,1,0,0,0,1,0,1,-1,0,0,0,0,0,-1,0,0,0,0,0,1,0,1,0,0,-1,0,1,0,0,0,0,0,1,-1
2262,0,1,1,0,0,-1,1,0,1,0,0,0,0,0,1,-1,0,0,0,0,0,-1,1,0,0,-1,0,0,0,0,-1,0,1,-1,-1,0,0,0,1,0,0,0,0,0,0,0,0,0,1,0,0,0,-1,0,0,0,0,0,0,0,0,1,0,1
2263,0,0,1,-1,1,0,0,0,0,0,0,0,-1,0,0,0,0,0,0,0,1,0,-1,1,0,0,0,0,0,-1,0,0,0,0,0,0,0,0,1,0,0,0,0,0,0,0,0,0,0,0,0,1,0,1,-1,1,0,0,0,0,1,0,1,0
2264,1,0,-1,0,0,0,0,1,1,0,0,0,0,0,0,0,0,1,1,0,0,0,-1,0,0,1,1,1,0,0,0,-1,0,1,0,0,0,1,0,1,0,0,0,-1,1,0,-1,0,-1,0,1,0,0,-1,-1,0,0,0,0,0,1,0,0,-1
2265,0,1,-1,1,0,0,0,1,0,1,0,0,1,0,0,0,-1,0,-1,-1,0,-1,0,0,0,0,0,1,-1,0,0,0,0,1,0,0,0,-1,0,0,-1,1,0,0,-1,0,1,0,0,-1,-1,0,1,-1,0,1,0,0,-1,0,0,0,1,-1
2266,-1,-1,0,0,0,0,0,0,0,1,0,1,1,-1,-1,1,-1,0,1,1,0,0,0,1,0,0,0,0,-1,-1,0,0,0,0,0,0,0,0,1,0,1,0,0,1,0,0,0,0,1,0,-1,0,0,0,0,0,0,0,1,-1,0,-1,1,0
2267,1,0,-1,0,1,-1,0,0,0,0,1,0,0,0,0,0,0,0,0,0,1,0,0,0,0,1,-1,-1,0,-1,0,0,0,0,1,-1,0,0,0,0,-1,0,0,0,1,0,0,1,0,0,0,0,0,0,1,0,0,1,0,1,-1,0,0,-1
2268,0,0,1,0,1,0,0,0,0,0,0,-1,0,-1,-1,0,-1,0,0,-1,-1,0,0,0,0,0,1,0,-1,1,0,1,-1,0,0,0,0,1,0,0,0,0,0,0,0,-1,0,0,-1,1,0,0,0,-1,0,0,0,-1,0,1,1,-1,0,0
2269,0,-1,1,0,-1,1,0,0,0,0,0,-1,0,-1,0,0,0,-1,1,0,0,0,0,0,-1,1,-1,0,0,0,-1,1,0,0,0,-1,0,-1,0,0,1,0,1,1,0,0,-1,0,0,0,-1,0,0,1,0,-1,0,0,0,1,0,0,0,0
2270,-1,0,-1,0,-1,1,-1,-1,1,-1,1,-1,0,0,-1,0,0,0,-1,0,0,0,0,0,0,1,-1,0,0,-1,0,-1,1,0,0,-1,1,0,0,1,0,0,1,0,-1,-1,0,0,0,0,0,1,-1,0,0,0,0,0,1,0,0,0,0,0
2271,0,-1,0,0,0,0,0,0,0,1,0,1,0,-1,0,0,0,0,0,1,0,0,0,1,0,0,-1,0,1,0,0,1,0,0,0,1,0,-1,1,-1,0,0,0,0,0,1,-1,0,0,0,0,1,0,-1,1,1,0,-1,-1,0,0,1,1,0
2272,1,0,1,0,-1,1,0,1,0,0,1,0,0,0,0,0,0,0,0,0,0,1,0,0,0,0,0,0,-1,0,1,0,-1,-1,1,0,0,0,0,0,0,1,0,0,0,0,1,-1,1,0,-1,0,1,1,0,1,-1,1,0,1,0,0,0,1
2273,-1,-1,0,-1,0,-1,0,0,1,0,0,0,0,0,0,0,0,-1,-1,1,0,1,0,0,0,-1,0,0,0,-1,0,-1,-1,-1,0,1,-1,0,1,1,0,-1,0,0,-1,0,0,0,0,0,0,0,0,-1,0,1,1,0,-1,0,0,0,-1,1
2274,0,0,0,0,0,0,0,0,-1,0,0,0,-1,1,0,0,0,0,0,0,0,0,0,-1,0,0,0,0,-1,0,0,0,0,1,0,0,0,0,-1,0,-1,0,0,0,0,0,1,-1,-1,0,0,1,0,0,0,0,0,1,0,1,0,0,0,1
2275,0,0,0,0,0,-1,0,0,0,-1,-1,0,0,1,0,1,0,0,0,-1,1,0,0,0,1,0,0,0,0,0,1,0,-1,-1,1,0,-1,0,-1,1,-1,0,-1,1,1,0,0,0,0,0,0,-1,-1,0,-1,0,0,0,0,0,0,0,0,0
2276,0,0,0,0,0,0,0,0,0,0,0,0,-1,0,0,-1,0,0,0,-1,0,0,0,0,1,0,0,0,0,-1,0,0,1,0,0,0,1,0,1,0,1,0,0,0,0,0,0,0,1,0,0,0,0,0,0,0,0,0,0,-1,0,0,0,0
2277,0,0,1,0,0,0,0,1,1,1,0,0,0,1,0,0,0,0,0,0,0,0,0,-1,0,0,0,1,0,0,0,-1,0,0,0,1,0,0,1,0,1,0,0,0,0,-1,0,0,0,1,1,0,0,1,0,1,0,1,0,0,-1,0,0,-1
2278,0,0,0,0,0,-1,0,-1,-1,-1,0,1,0,0,0,-1,0,1,0,0,1,0,0,0,0,0,1,-1,-1,0,0,0,0,-1,-1,1,1,0,-1,0,-1,1,0,0,0,1,0,-1,0,1,0,0,0,0,1,-1,-1,0,0,0,0,0,1,0
2279,0,-1,0,0,1,-1,0,0,-1,-1,0,1,0,-1,0,0,-1,0,0,0,0,0,-1,0,-1,0,0,0,0,0,0,0,1,-1,0,1,-1,0,0,1,1,0,0,1,1,0,0,0,0,1,1,0,0,0,0,0,0,0,0,-1,-1,0,0,1
2280,0,0,0,0,-1,1,1,0,0,0,1,0,0,0,-1,0,-1,0,0,1,-1,0,0,0,1,0,-1,0,1,-1,-1,1,0,0,1,0,0,-1,1,0,-1,1,1,1,0,0,0,-1,0,0,0,0,-1,1,0,1,0,0,0,0,0,-1,0,-1
2281,0,-1,1,1,0,0,1,0,1,0,0,-1,0,0,0,-1,0,-1,0,0,0,0,0,0,0,0,0,0,0,0,-1,0,1,0,0,0,1,-1,0,-1,0,0,0,0,0,0,0,0,0,0,1,0,0,1,0,0,1,1,1,0,0,0,0,0
2282,0,0,0,0,1,0,-1,1,1,0,0,1,0,0,0,0,0,-1,0,-1,0,0,0,0,0,0,0,0,-1,0,1,-1,0,1,-1,0,0,0,0,0,0,0,-1,1,1,0,0,0,1,0,0,0,0,0,0,0,0,1,0,0,0,0,0,1
2283,1,-1,0,0,0,0,0,0,0,0,0,0,1,0,1,0,-1,0,0,0,0,-1,-1,0,0,1,0,0,0,0,1,0,-1,0,0,-1,-1,-1,-1,1,1,0,0,0,0,0,0,0,0,0,0,0,0,0,0,1,0,1,-1,0,0,0,0,0
2284,0,-1,0,0,0,-1,0,1,0,-1,0,0,-1,-1,0,-1,1,-1,0,1,-1,-1,1,0,0,-1,0,0,1,0,-1,0,0,0,0,-1,0,0,0,1,0,1,0,0,0,0,1,1,-1,0,1,0,-1,0,0,1,0,0,1,0,0,1,-1,0
2285,0,0,-1,0,0,0,0,0,-1,-1,0,0,-1,1,0,0,-1,0,0,0,-1,0,0,-1,1,0,0,-1,0,-1,0,0,0,0,0,0,0,0,0,0,0,-1,0,0,0,0,-1,1,0,0,-1,0,1,0,1,-1,0,0,0,1,0,0,0,0
2286,-1,0,0,1,1,-1,0,-1,0,-1,0,0,0,0,0,0,1,1,0,-1,1,-1,0,0,0,0,0,-1,1,0,0,0,0,0,0,-1,0,1,1,0,0,0,0,1,0,1,0,-1,1,0,1,0,0,1,0,-1,0,0,0,0,0,-1,0,0
2287,0,0,0,1,0,-1,0,0,1,0,1,0,-1,0,0,0,0,0,-1,-1,0,0,1,0,0,1,-1,0,1,0,0,0,0,0,0,1,1,0,0,0,-1,-1,0,0,0,0,0,0,-1,-1,1,0,1,0,0,0,0,-1,0,0,0,0,1,1
2288,1,-1,0,-1,0,-1,1,-1,0,0,0,0,0,-1,0,1,0,1,0,-1,0,0,0,0,1,0,-1,0,0,0,-1,0,0,0,0,0,1,0,-1,0,1,0,0,0,1,1,0,1,0,0,-1,0,-1,0,-1,0,-1,0,0,0,-1,0,0,0
2289,-1,-1,-1,1,0,-1,1,0,0,0,0,0,0,0,0,1,0,0,1,1,0,-1,1,0,0,0,0,-1,0,0,0,1,-1,1,0,1,0,0,0,0,0,1,0,0,0,0,0,-1,0,0,0,1,1,0,0,0,-1,0,-1,-1,-1,0,0,1
2290,0,1,0,0,0,-1,-1,1,-1,-1,1,0,0,0,-1,0,1,0,0,0,0,0,-1,0,-1,1,1,0,0,-1,0,0,0,1,0,0,0,-1,-1,0,0,0,1,1,0,0,0,0,0,1,0,0,0,0,0,0,0,0,0,0,0,-1,0,-1
2291,1,0,0,0,0,0,-1,0,-1,0,1,-1,-1,1,0,0,1,-1,0,0,0,0,1,0,-1,0,0,-1,1,0,0,0,0,1,0,1,-1,1,1,0,0,0,0,-1,0,0,0,0,0,0,-1,0,0,-1,0,0,1,0,0,0,0,0,0,1
2292,0,-1,0,0,-1,-1,0,0,0,-1,0,0,0,0,0,0,0,1,0,0,1,0,0,-1,0,0,0,0,0,0,0,0,0,0,-1,-1,0,0,0,1,0,0,0,0,-1,1,-1,0,1,1,1,1,0,-1,0,1,0,0,0,0,0,0,0,0
2293,0,0,0,0,1,0,0,0,1,0,-1,0,-1,-1,1,0,0,0,0,1,0,0,0,0,0,0,-1,0,0,0,0,-1,0,-1,1,0,1,0,0,0,0,0,1,0,0,1,0,0,1,0,0,0,1,0,0,0,0,0,0,0,1,-1,1,0
2294,0,1,0,0,0,-1,1,0,0,-1,-1,0,0,0,0,0,-1,1,0,1,0,1,0,1,0,0,0,0,0,0,0,-1,-1,1,1,1,0,-1,0,-1,0,0,0,-1,0,0,0,0,-1,0,0,0,0,0,0,0,0,0,0,0,0,1,1,0
2295,-1,1,-1,0,0,0,0,-1,0,0,-1,0,0,0,0,0,0,-1,1,0,0,1,0,0,-1,0,0,-1,0,0,0,1,1,0,0,1,1,0,0,1,0,0,0,0,1,0,0,-1,1,0,1,1,-1,0,1,0,-1,0,0,0,0,0,0,0
2296,0,-1,0,0,-1,0,0,0,0,0,0,1,0,0,0,1,0,1,0,0,1,0,0,-1,0,1,-1,0,0,0,0,0,0,-1,0,0,0,0,0,0,0,-1,0,1,0,1,0,0,0,1,0,-1,-1,0,0,1,0,0,0,0,-1,0,0,0
2297,0,0,1,-1,0,0,0,0,1,0,-1,0,0,0,1,0,-1,0,0,1,0,1,0,0,0,0,1,0,0,0,0,-1,0,0,0,1,0,1,0,0,1,0,0,-1,0,-1,0,0,-1,0,0,0,0,-1,0,0,0,0,0,0,0,-1,0,0
2298,-1,0,0,-1,1,0,0,0,0,0,0,0,0,0,-1,-1,0,1,1,0,0,0,1,0,0,0,1,0,-1,0,0,-1,0,0,1,0,0,-1,1,-1,0,0,-1,1,-1,1,-1,0,0,-1,0,0,0,0,0,0,0,0,-1,0,0,-1,-1,0
2299,0,0,0,0,0,0,0,1,0,0,-1,0,0,1,0,0,1,-1,0,0,0,1,-1,0,1,0,0,-1,0,-1,0,0,0,0,-1,0,0,0,0,-1,0,-1,-1,0,1,1,0,-1,0,0,0,0,0,-1,-1,0,0,0,-1,0,0,0,0,0
2300,0,0,0,0,0,0,0,0,0,0,0,0,0,0,1,0,0,0,0,0,1,-1,0,0,0,0,1,1,-1,0,0,0,1,1,-1,0,0,0,-1,0,1,0,0,-1,0,0,0,0,0,0,-1,0,1,0,0,0,1,1,0,0,1,-1,0,0
2301,-1,0,0,0,1,1,0,0,0,-1,1,0,0,1,0,-1,1,0,0,1,0,0,0,0,-1,0,0,0,0,0,0,0,0,0,0,0,0,-1,0,1,0,0,-1,1,-1,0,0,0,0,-1,0,0,-1,0,1,0,0,0,0,0,0,0,0,0
2302,0,0,0,0,1,0,-1,0,-1,0,-1,0,1,0,1,0,0,-1,1,1,0,0,0,0,-1,-1,0,0,0,0,0,0,0,0,0,1,0,0,1,0,0,0,0,0,0,0,-1,0,0,0,0,1,1,1,0,0,-1,0,0,0,0,-1,0,-1
2303,0,0,0,0,-1,0,1,-1,0,0,0,0,-1,0,0,0,-1,0,0,-1,0,0,0,-1,1,0,0,0,0,1,0,0,0,-1,0,-1,-1,0,-1,-1,1,0,1,1,0,0,1,1,0,-1,0,0,0,0,0,1,0,0,1,0,0,0,0,1
2304,1,0,0,0,0,0,0,0,0,0,0,0,1,0,1,0,0,0,1,0,-1,0,0,0,0,0,-1,0,1,1,0,0,1,0,0,0,0,1,1,0,1,0,0,0,-1,0,1,-1,1,0,0,0,-1,0,0,0,1,0,0,-1,0,0,0,1
2305,0,-1,0,-1,1,0,0,0,0,0,0,-1,0,0,0,0,1,0,1,0,1,0,-1,-1,1,-1,0,-1,1,1,1,0,0,0,-1,0,1,-1,1,1,0,0,-1,0,0,-1,0,0,0,0,-1,0,0,-1,0,1,0,0,0,0,0,0,1,1
2306,0,1,1,0,0,0,0,1,0,0,-1,1,0,-1,0,0,0,0,0,0,-1,0,1,0,0,-1,-1,0,0,0,1,0,0,0,0,0,0,-1,0,0,0,1,0,0,0,-1,0,0,0,0,0,0,-1,0,0,0,0,0,0,-1,1,-1,0,1
2307,0,0,0,-1,0,1,0,0,0,0,1,0,0,0,-1,-1,0,0,0,0,-1,0,1,0,-1,0,0,0,-1,0,0,0,0,0,-1,1,0,0,0,0,0,-1,-1,0,0,1,1,1,0,0,0,-1,1,0,0,0,1,1,0,0,1,0,-1,0
2308,-1,0,0,0,-1,0,0,0,0,0,0,0,0,0,0,0,-1,0,-1,0,0,0,0,0,0,0,0,0,0,0,0,0,0,0,1,1,0,0,0,0,0,-1,-1,0,0,0,0,0,1,0,-1,0,1,1,-1,0,1,-1,0,1,0,0,0,0
2309,0,1,0,0,-1,0,0,0,1,0,-1,1,-1,1,1,0,0,-1,-1,1,0,0,0,-1,0,-1,0,0,0,0,0,1,0,0,0,0,-1,0,0,0,0,0,0,0,0,0,-1,1,1,-1,0,-1,0,0,0,-1,0,1,0,0,0,0,-1,0
2310,-1,0,0,0,0,0,0,1,1,0,0,0,0,0,0,0,0,0,0,-1,-1,-1,0,-1,0,0,0,0,0,0,0,0,0,0,0,1,0,1,0,1,0,0,0,0,0,0,1,0,0,-1,0,0,0,0,0,0,0,0,0,1,0,-1,0,1
2311,-1,0,0,0,0,0,0,-1,0,1,1,0,-1,0,0,-1,0,0,-1,1,0,1,-1,1,0,0,0,0,0,0,0,0,0,0,0,0,0,0,1,0,0,0,0,0,0,0,1,-1,-1,0,0,1,0,0,0,0,1,0,-1,0,0,1,0,0
2312,1,0,-1,0,0,-1,0,1,0,1,-1,0,-1,0,-1,0,1,-1,0,0,0,1,0,0,1,0,0,0,1,0,1,1,0,0,0,1,0,0,0,1,1,0,1,0,0,0,0,-1,0,0,-1,0,1,-1,0,0,0,1,0,0,0,-1,-1,-1
2313,0,0,0,0,0,0,0,1,1,1,0,1,0,0,0,1,-1,0,0,1,0,1,0,1,0,0,0,0,0,0,0,0,0,0,1,0,0,0,1,0,0,0,0,-1,1,0,-1,0,0,-1,-1,1,1,0,0,-1,0,0,0,0,0,1,0,0
2314,0,1,0,0,0,0,0,0,0,0,1,-1,0,0,0,0,1,1,-1,0,0,0,0,0,1,0,0,0,0,0,-1,0,0,1,1,0,0,-1,0,0,0,0,0,-1,0,0,0,1,0,1,0,0,0,0,0,1,0,0,0,0,0,0,0,0
2315,0,1,0,0,1,0,0,0,-1,0,1,0,0,1,0,0,0,0,0,-1,0,0,1,1,0,1,0,0,1,0,-1,0,1,0,0,1,0,0,0,0,0,1,0,0,0,0,0,0,0,0,-1,0,0,-1,0,0,1,1,-1,0,-1,0,0,-1
2316,0,-1,0,1,0,0,0,0,0,1,0,-1,0,0,1,0,0,0,0,1,0,0,1,0,-1,0,0,0,1,0,0,0,0,0,0,0,0,0,0,0,0,0,0,0,0,0,0,0,0,-1,0,0,0,-1,0,0,0,0,0,0,0,0,1,0
2317,0,-1,-1,0,0,0,0,0,-1,0,0,0,0,0,0,0,0,-1,0,0,0,0,0,0,-1,0,0,-1,1,1,0,0,0,0,0,0,0,0,-1,0,0,-1,0,-1,0,0,0,0,1,0,0,1,-1,0,0,0,0,0,0,-1,0,1,0,1
2318,1,1,0,0,0,0,-1,0,0,0,-1,0,0,-1,0,0,1,0,-1,1,0,0,0,-1,1,0,1,0,-1,-1,0,0,0,0,-1,0,0,1,0,0,1,1,0,0,0,-1,-1,1,-1,-1,0,0,0,0,0,0,0,0,0,-1,0,0,-1,-1
2319,1,1,0,0,0,0,0,1,0,0,-1,0,1,0,1,-1,1,1,0,0,0,-1,0,0,-1,0,0,0,1,-1,0,1,-1,-1,1,-1,1,0,1,0,0,0,-1,-1,-1,1,0,0,0,0,1,0,0,1,0,1,-1,0,0,0,0,0,0,0
2320,-1,1,-1,0,-1,0,1,0,0,1,-1,0,0,0,-1,0,1,0,0,0,0,1,-1,0,1,-1,0,0,0,0,0,0,-1,0,0,0,0,0,0,-1,0,-1,0,1,0,1,0,0,0,0,0,1,0,0,0,1,1,0,0,-1,-1,0,0,0
2321,0,0,-1,0,0,0,0,0,0,-1,0,0,0,0,1,1,0,0,-1,0,0,-1,0,1,1,0,-1,-1,0,0,-1,0,0,0,1,0,0,0,1,1,0,0,0,0,0,0,0,0,-1,0,0,0,0,0,1,0,0,1,0,0,-1,0,0,1
2322,0,0,0,1,0,0,0,-1,0,0,1,0,0,0,0,0,0,-1,0,-1,0,0,0,0,-1,0,0,0,0,1,1,0,0,0,0,0,0,0,0,0,-1,0,0,0,-1,-1,1,0,1,0,0,0,0,1,0,-1,-1,0,-1,0,0,0,0,0
2323,0,0,0,0,0,0,1,0,0,0,-1,0,0,0,-1,-1,0,0,0,-1,0,-1,1,-1,1,-1,1,0,-1,1,0,0,-1,0,0,1,0,-1,0,0,0,1,0,0,0,1,0,0,1,0,0,1,0,0,-1,0,0,0,0,0,0,-1,0,0
2324,0,-1,0,-1,0,0,0,-1,0,0,0,-1,0,0,0,0,0,1,0,0,0,0,1,1,0,0,-1,-1,0,0,0,0,0,0,0,0,0,-1,0,0,0,0,-1,0,-1,0,0,0,0,1,-1,-1,0,0,1,0,0,0,0,0,1,0,0,1
2325,0,0,0,-1,1,0,0,0,-1,0,0,1,0,-1,1,-1,0,-1,-1,0,-1,0,0,0,0,0,0,0,0,0,0,-1,-1,0,0,0,0,0,0,0,0,0,1,0,0,0,-1,1,0,0,-1,-1,1,1,0,0,-1,0,-1,0,0,-1,1,1
2326,0,1,-1,0,-1,0,0,0,-1,0,-1,-1,1,0,0,1,0,-1,0,0,-1,1,1,0,1,0,-1,0,0,1,1,1,-1,0,-1,0,0,-1,0,0,0,-1,0,0,1,0,1,-1,0,0,0,0,1,0,0,-1,0,-1,0,0,0,1,-1,0
2327,1,1,1,0,0,1,1,0,0,-1,-1,0,0,0,1,1,0,0,0,0,-1,0,1,0,0,0,1,-1,0,0,1,0,0,1,0,0,1,0,0,0,0,1,0,0,0,0,0,0,0,0,0,0,0,1,-1,0,-1,1,-1,0,0,0,0,0
2328,0,0,0,0,1,0,0,0,0,0,0,1,0,1,0,-1,0,0,-1,0,0,0,0,1,0,0,0,-1,0,0,0,0,1,1,0,0,0,0,0,-1,0,0,0,0,-1,-1,0,0,1,0,0,0,0,0,-1,0,1,0,0,0,0,0,0,-1
2329,0,0,-1,1,0,0,1,0,-1,0,1,1,0,0,1,0,0,0,0,-1,1,1,0,0,-1,-1,1,0,1,0,0,-1,1,0,0,0,1,-1,0,1,1,0,0,0,1,0,-1,-1,-1,0,0,0,0,0,0,0,-1,0,-1,1,0,-1,0,1
2330,0,1,0,-1,-1,1,0,0,0,0,0,0,0,-1,0,-1,0,0,-1,0,0,0,0,-1,1,0,0,-1,1,-1,0,0,0,1,1,0,0,1,0,0,-1,1,1,1,1,0,0,0,0,0,-1,0,1,0,0,0,0,-1,-1,0,0,0,1,0
2331,0,-1,0,0,-1,0,0,0,0,1,0,1,0,0,-1,1,0,0,0,0,-1,0,0,0,0,0,0,0,0,0,0,0,0,0,0,0,0,0,-1,0,0,0,0,-1,1,0,0,-1,0,0,-1,0,0,-1,0,-1,0,0,1,1,0,0,0,0
2332,0,0,0,0,0,0,0,1,0,-1,0,0,0,0,0,0,1,0,0,0,0,0,0,0,1,0,0,0,0,0,0,-1,-1,0,0,0,0,0,1,0,0,1,-1,-1,-1,0,1,-1,1,0,0,0,0,0,1,0,0,0,0,0,1,1,0,-1
2333,1,1,0,-1,0,0,0,0,0,0,0,0,0,0,-1,1,-1,1,0,0,-1,0,0,-1,-1,1,0,0,0,-1,-1,0,0,0,-1,1,0,0,0,0,0,0,0,-1,1,0,0,1,1,0,-1,-1,0,-1,0,0,1,0,0,0,0,0,0,0
2334,0,0,0,0,-1,0,0,0,0,0,0,0,0,0,0,0,0,0,0,-1,-1,1,-1,-1,0,1,-1,-1,0,0,0,1,0,0,0,-1,1,0,0,0,-1,0,0,0,1,0,0,0,-1,-1,1,0,0,1,0,0,0,0,0,1,-1,0,-1,0
2335,0,1,-1,0,1,0,0,0,0,-1,1,1,0,0,0,0,1,1,-1,0,0,0,-1,0,0,0,0,0,-1,1,0,0,0,0,0,-1,0,1,0,0,0,-1,0,0,1,0,0,0,-1,0,0,-1,0,-1,0,-1,-1,0,1,0,0,0,0,0
2336,0,1,0,0,1,0,0,1,1,0,0,0,0,0,0,0,0,-1,-1,-1,-1,0,0,1,-1,0,0,0,0,0,0,0,-1,0,-1,0,-1,1,0,1,0,0,0,0,0,0,0,0,-1,0,0,0,-1,1,0,0,0,0,0,0,0,1,0,0
2337,-1,0,0,1,0,-1,1,0,0,1,0,-1,0,-1,0,0,1,0,0,0,0,1,1,0,-1,0,-1,0,1,1,0,0,0,0,0,-1,-1,1,0,0,0,0,0,1,-1,0,0,0,-1,0,1,0,1,0,1,0,0,0,0,-1,0,-1,0,1
2338,-1,0,0,0,0,1,0,0,0,0,0,1,0,0,1,1,1,0,1,1,0,0,0,1,0,0,1,-1,0,-1,0,0,1,0,1,0,0,0,0,0,-1,-1,0,0,0,1,0,0,-1,1,1,-1,1,0,-1,0,0,0,-1,1,0,-1,1,0
2339,-1,0,1,0,0,0,0,0,0,0,-1,-1,0,0,1,0,0,0,-1,0,1,0,0,0,-1,0,0,-1,1,0,0,0,0,0,1,1,0,0,0,0,1,0,0,0,1,0,0,0,1,0,0,1,1,0,-1,0,1,0,0,0,0,1,0,0
2340,0,0,0,0,0,0,-1,0,0,0,0,1,0,0,0,-1,0,-1,-1,0,-1,1,0,0,-1,0,0,0,0,1,0,0,1,1,1,0,0,1,-1,0,0,-1,0,0,0,0,0,-1,-1,0,0,1,1,0,1,0,0,0,0,0,1,0,0,0
2341,0,0,0,0,-1,0,0,-1,0,-1,1,1,0,-1,0,1,0,0,0,1,0,-1,0,0,0,0,0,0,0,0,-1,0,-1,0,1,1,1,-1,-1,0,-1,-1,0,0,0,0,0,0,0,-1,-1,-1,0,0,0,0,-1,0,-1,1,0,0,0,0
2342,0,-1,0,0,0,1,-1,1,-1,0,0,0,0,0,0,0,0,0,0,-1,-1,0,-1,0,0,0,-1,0,-1,0,0,0,0,0,0,0,1,-1,1,0,0,1,0,0,0,0,0,0,0,0,0,1,0,0,-1,0,0,0,0,0,0,0,0,-1
2343,0,0,0,0,0,-1,1,0,1,0,0,0,0,0,0,0,0,0,-1,1,0,0,0,-1,1,1,-1,0,0,0,0,0,1,0,-1,0,0,0,0,1,0,0,1,0,1,0,0,0,0,-1,-1,-1,0,-1,-1,0,0,0,0,-1,0,0,0,0
2344,0,1,0,0,0,0,0,0,1,0,0,-1,-1,-1,0,0,-1,0,0,1,0,0,0,0,0,0,1,0,0,0,0,-1,0,-1,0,0,0,-1,-1,1,1,0,0,0,0,-1,0,1,0,0,-1,0,0,0,-1,0,-1,0,0,0,1,0,0,0
2345,1,1,1,-1,0,0,-1,0,0,-1,0,0,-1,0,0,0,-1,-1,1,-1,0,0,-1,0,-1,0,0,0,1,1,0,0,0,0,-1,-1,-1,1,-1,0,0,0,0,0,0,-1,0,0,1,0,-1,0,0,0,-1,-1,-1,-1,0,0,0,-1,1,0
2346,-1,0,0,-1,1,0,0,-1,-1,1,0,0,0,-1,0,0,0,0,0,0,1,0,0,0,0,0,-1,0,-1,1,0,0,1,-1,1,0,1,0,0,0,0,0,0,1,0,0,0,0,0,0,-1,1,0,-1,1,0,0,-1,-1,-1,0,0,1,0
2347,0,0,0,0,-1,0,-1,-1,1,0,-1,-1,0,0,1,-1,-1,1,0,0,1,0,-1,-1,0,0,0,-1,0,0,0,-1,0,-1,0,0,0,0,0,0,-1,-1,0,-1,0,-1,0,0,1,0,1,0,0,0,0,-1,0,1,1,0,0,-1,0,-1
2348,0,0,0,0,1,0,-1,1,0,-1,0,0,-1,0,1,0,1,0,0,1,0,0,0,0,-1,0,0,-1,0,0,0,0,0,-1,0,0,0,0,0,1,-1,0,0,1,-1,-1,0,-1,1,0,0,1,0,0,0,0,0,0,0,-1,0,0,0,0
2349,-1,0,-1,0,0,0,0,0,0,1,0,0,1,0,0,1,0,0,1,0,0,1,0,0,0,0,0,-1,-1,0,0,0,-1,0,1,1,0,0,0,0,0,0,1,1,0,0,0,0,1,0,0,0,0,-1,0,0,0,1,1,-1,0,0,0,0
2350,0,-1,0,0,0,0,1,0,0,0,0,0,-1,0,0,0,-1,-1,0,1,0,0,0,0,0,0,1,0,0,0,-1,0,-1,0,1,0,0,0,-1,0,0,0,1,0,0,0,0,0,-1,0,0,1,0,1,0,-1,0,0,0,0,0,0,0,0
2351,0,0,0,-1,1,-1,0,0,0,0,0,0,0,1,0,1,0,0,1,0,1,0,1,1,1,-1,1,1,0,0,0,0,0,0,0,0,0,0,0,0,0,-1,0,0,0,0,-1,0,0,0,0,1,0,1,0,0,0,-1,1,0,0,0,0,0
2352,0,0,0,0,0,-1,0,0,1,0,0,0,1,0,0,0,1,-1,1,0,0,-1,0,1,1,1,0,0,0,1,0,0,0,-1,0,0,0,1,-1,1,0,1,0,-1,0,0,1,0,0,-1,1,0,0,0,0,1,0,1,0,1,0,1,-1,1
2353,1,-1,0,-1,0,1,-1,1,0,0,0,0,0,0,-1,0,0,0,-1,0,0,-1,0,0,0,1,0,0,0,0,0,0,-1,0,0,0,0,-1,0,0,0,0,-1,0,0,0,0,0,1,1,0,-1,0,0,0,0,-1,1,0,0,0,0,0,0
2354,-1,0,-1,-1,1,0,-1,0,0,-1,0,1,1,0,0,0,0,0,-1,1,0,0,0,0,0,1,-1,1,0,1,0,0,0,0,0,-1,0,0,1,1,0,0,0,0,0,1,0,0,0,1,0,0,0,0,1,0,0,1,1,0,-1,0,1,0
2355,0,0,0,-1,0,0,1,0,1,-1,0,0,0,0,0,0,1,-1,0,1,0,1,-1,0,1,0,0,-1,1,0,0,0,0,-1,0,1,1,0,0,0,-1,0,-1,0,-1,-1,0,-1,0,0,0,0,0,0,0,0,0,-1,1,0,-1,1,1,0
2356,1,0,1,1,0,1,0,0,0,0,0,1,-1,0,0,-1,1,0,0,1,0,0,0,-1,0,0,0,0,0,0,0,0,0,0,0,-1,0,0,1,0,-1,0,0,0,1,0,0,-1,1,0,0,0,0,0,0,0,-1,0,1,0,1,0,-1,0
2357,0,-1,0,0,0,0,0,0,0,0,0,1,0,0,1,1,-1,0,0,0,0,0,0,0,0,0,1,1,1,1,0,1,0,0,0,-1,1,0,1,-1,0,0,0,0,0,-1,-1,0,0,-1,0,1,0,0,-1,0,0,0,0,1,0,0,1,0
2358,0,0,0,-1,0,0,1,0,0,0,0,-1,0,0,1,0,0,0,0,0,0,-1,-1,0,0,0,1,0,0,1,0,0,0,-1,0,0,0,0,0,1,0,0,-1,0,0,0,-1,0,0,0,0,0,0,0,1,0,-1,0,0,0,0,-1,-1,1
2359,1,-1,0,1,0,1,0,0,0,0,0,0,0,1,0,1,1,0,0,0,0,-1,-1,0,-1,0,-1,0,0,0,0,0,1,0,-1,0,0,1,0,1,0,0,0,1,0,-1,-1,0,-1,0,0,1,1,0,-1,0,0,0,0,0,0,0,0,0
2360,0,0,0,0,0,0,0,0,0,0,-1,0,0,0,0,-1,1,0,0,0,1,-1,0,1,0,0,0,-1,0,0,0,-1,0,-1,1,0,-1,0,0,1,0,0,0,1,-1,1,0,-1,1,1,-1,0,0,0,0,0,-1,0,0,1,0,0,1,1
2361,0,1,0,0,-1,0,-1,1,0,-1,0,0,0,0,0,1,0,0,0,1,0,1,1,1,0,0,0,0,0,0,-1,-1,1,0,0,1,0,0,0,0,0,1,-1,0,0,0,0,0,0,0,0,0,0,0,-1,0,1,0,1,-1,0,1,0,0
2362,0,0,0,-1,0,0,1,0,1,1,0,0,1,-1,0,-1,0,1,0,0,0,-1,-1,-1,1,0,0,0,1,1,-1,-1,0,0,0,1,0,-1,0,-1,1,0,0,0,0,1,-1,0,1,0,-1,-1,0,0,0,0,0,0,0,0,-1,0,-1,-1
2363,0,0,0,-1,0,-1,1,-1,0,0,0,0,0,0,-1,-1,0,0,0,0,0,-1,0,0,0,1,0,-1,0,0,0,0,0,0,0,1,0,0,-1,-1,0,0,0,0,-1,0,0,0,0,0,0,1,0,0,1,0,1,0,1,0,1,0,1,0
2364,0,0,0,1,0,0,-1,1,0,0,0,0,0,-1,0,-1,-1,0,0,-1,0,0,0,0,0,0,1,-1,0,0,0,-1,1,0,0,0,-1,0,0,1,0,0,-1,0,0,0,-1,1,-1,-1,0,0,0,0,1,0,0,-1,0,1,1,0,1,0
2365,0,0,1,-1,0,0,1,0,0,0,0,0,1,1,1,0,0,0,0,0,0,1,0,-1,-1,1,0,-1,1,-1,0,0,0,0,-1,0,0,0,0,0,0,1,0,-1,0,0,0,-1,-1,0,0,-1,1,0,1,-1,0,0,0,1,0,0,0,0
2366,0,-1,0,-1,0,0,0,1,0,0,0,1,0,0,0,0,1,0,-1,0,0,-1,1,0,0,-1,1,0,0,0,1,1,0,-1,-1,0,1,1,0,0,-1,0,0,-1,-1,0,-1,0,0,0,1,-1,0,-1,1,0,0,0,0,0,0,0,0,0
2367,0,-1,0,0,-1,0,-1,0,0,0,0,0,0,0,0,-1,-1,-1,-1,-1,0,0,0,0,1,-1,0,0,-1,0,0,0,1,-1,0,0,-1,-1,0,1,0,0,0,0,1,0,0,0,1,0,0,0,0,0,0,0,0,0,-1,1,0,0,1,-1
2368,1,0,0,0,0,1,0,0,0,0,0,0,0,0,0,0,1,0,1,-1,1,1,0,0,0,0,0,0,0,0,-1,1,0,0,0,0,0,0,0,0,0,0,0,0,0,0,1,0,0,0,0,-1,-1,0,0,-1,1,0,-1,1,1,0,0,-1
2369,0,1,0,-1,0,-1,1,0,0,0,0,0,0,0,0,1,0,0,0,-1,0,1,0,-1,-1,0,-1,0,1,0,0,-1,0,0,1,0,1,0,0,0,0,-1,-1,0,0,0,0,0,0,1,1,1,-1,-1,0,0,0,1,0,-1,1,0,0,0
2370,-1,1,0,-1,-1,0,0,1,0,1,0,1,-1,0,0,-1,0,0,-1,0,1,0,1,0,0,0,-1,-1,1,0,0,1,-1,-1,0,0,0,0,0,0,1,0,0,0,0,-1,0,0,0,-1,-1,0,1,0,1,1,0,0,-1,0,0,0,0,0
2371,-1,1,0,0,0,0,1,0,-1,0,0,1,0,0,0,0,0,1,0,1,-1,0,1,0,0,0,1,0,0,0,0,1,1,0,0,1,0,0,0,0,1,0,1,0,-1,0,0,0,0,0,1,0,0,0,0,1,0,0,0,-1,0,1,0,1
2372,0,0,0,0,0,1,-1,-1,1,0,0,-1,1,0,0,0,0,0,0,1,0,0,0,0,1,0,0,0,0,-1,0,0,0,0,0,0,0,0,0,1,0,0,-1,0,0,0,0,0,0,0,0,0,0,0,0,0,0,-1,1,-1,0,0,0,1
2373,0,-1,0,-1,0,-1,0,1,0,0,0,0,1,0,0,0,0,0,0,-1,-1,-1,0,1,-1,1,1,0,0,0,0,0,0,0,0,0,1,0,1,0,-1,-1,0,1,0,1,0,1,0,0,0,-1,-1,0,0,0,0,1,0,0,0,0,0,-1
2374,0,0,0,0,-1,-1,0,1,1,1,-1,0,-1,0,1,1,0,0,1,0,-1,-1,1,0,0,0,0,1,-1,0,0,0,0,-1,0,-1,0,-1,0,0,0,0,1,0,1,-1,1,0,0,0,0,0,0,-1,0,1,0,0,0,-1,1,-1,-1,0
2375,0,0,0,-1,0,1,0,0,0,0,0,0,-1,0,0,0,0,1,1,0,0,1,0,0,-1,0,0,-1,0,0,0,0,0,1,0,0,-1,0,0,0,0,0,0,0,1,0,0,0,0,0,0,0,0,1,0,0,0,0,0,1,0,0,0,0
2376,-1,-1,0,1,0,0,0,0,0,-1,1,0,0,1,0,0,0,1,0,1,1,0,1,1,0,0,0,0,0,0,1,0,0,0,0,-1,0,0,0,0,0,1,1,0,1,-1,-1,0,-1,0,1,0,0,0,1,1,0,0,0,-1,-1,-1,0,0
2377,-1,-1,1,0,0,0,0,0,0,0,0,1,0,0,0,0,1,0,1,0,-1,0,1,0,0,0,0,0,1,0,1,1,1,-1,1,-1,1,0,0,0,1,0,0,0,-1,0,0,0,1,0,-1,0,0,1,-1,0,0,-1,1,0,0,-1,-1,0
2378,-1,0,0,0,0,0,-1,0,0,-1,0,0,0,0,0,0,0,0,0,0,0,1,0,1,0,0,1,0,0,0,1,0,-1,0,0,0,0,0,0,0,0,1,0,1,0,0,0,1,0,0,0,-1,0,0,0,0,0,0,0,0,0,0,0,-1
2379,0,0,0,1,0,0,0,0,0,0,0,-1,0,1,1,0,0,-1,1,1,0,0,0,0,-1,0,0,0,1,0,0,0,1,-1,-1,1,0,-1,0,0,1,1,0,0,-1,1,-1,-1,0,-1,0,0,0,0,0,0,1,1,0,1,0,0,0,0
2380,0,0,1,0,1,-1,-1,0,0,1,-1,0,0,0,1,0,0,0,0,0,1,0,0,0,-1,1,1,-1,-1,-1,0,0,0,0,1,0,-1,0,1,1,0,0,1,0,0,0,0,0,0,0,0,0,0,-1,0,0,0,-1,1,1,0,1,-1,0
2381,0,0,1,0,-1,0,0,1,0,0,0,0,0,0,0,0,0,0,0,1,0,0,0,0,0,0,0,0,-1,0,1,0,0,0,0,0,0,0,-1,0,0,1,0,0,-1,-1,0,-1,1,0,0,0,0,0,-1,0,0,1,0,0,0,1,1,0
2382,0,0,-1,0,0,0,0,0,1,1,-1,-1,-1,-1,0,1,-1,0,0,0,-1,0,0,0,0,0,1,0,1,0,0,0,1,0,0,0,0,0,0,0,0,0,1,0,1,1,0,0,-1,0,-1,1,1,0,0,0,0,-1,0,1,0,1,0,-1
2383,0,-1,-1,0,0,0,-1,0,-1,0,0,-1,-1,0,0,1,0,-1,0,0,0,0,-1,0,-1,-1,0,0,0,-1,0,0,0,0,0,0,1,1,1,0,1,1,1,1,0,0,1,0,-1,1,0,0,-1,0,-1,0,-1,0,-1,-1,0,1,-1,0
2384,0,1,0,0,0,0,0,1,0,-1,0,0,0,0,0,0,0,0,1,0,0,0,0,0,0,1,0,1,0,0,0,0,1,-1,0,0,0,-1,0,1,0,0,1,1,-1,0,1,0,0,1,1,0,0,0,0,1,0,0,0,-1,0,0,0,-1
2385,0,0,0,0,-1,0,0,0,0,0,0,1,-1,0,-1,0,0,0,0,0,0,0,1,1,0,0,0,-1,0,0,0,-1,0,0,0,0,0,1,1,0,0,0,1,0,0,-1,0,0,0,0,-1,1,0,0,-1,-1,1,0,0,1,0,0,0,1
2386,-1,0,-1,1,0,0,0,0,0,0,0,1,0,1,0,0,0,0,0,0,1,1,0,1,-1,0,-1,-1,-1,0,1,-1,0,1,0,0,0,-1,0,0,0,0,0,1,0,0,0,1,1,0,0,0,1,0,0,0,0,-1,-1,-1,0,0,0,0
2387,0,-1,0,-1,0,1,1,0,1,0,0,0,0,0,0,0,1,0,0,0,1,-1,0,0,0,0,-1,-1,0,0,0,0,0,0,0,1,0,-1,-1,0,0,0,0,0,0,1,0,-1,0,-1,-1,1,-1,1,0,0,0,0,0,-1,0,-1,0,1
2388,0,1,0,0,-1,0,0,0,0,0,0,1,1,0,1,0,0,0,0,0,0,0,0,0,-1,0,0,0,0,0,0,0,-1,-1,0,0,0,1,0,-1,1,0,0,0,0,-1,-1,-1,0,0,-1,0,0,1,0,0,0,0,-1,0,0,0,0,0
2389,1,0,0,0,1,0,0,1,0,0,0,0,0,0,-1,0,0,0,0,0,0,0,0,-1,0,1,1,1,0,-1,-1,-1,0,0,0,-1,0,0,0,0,0,0,0,0,0,0,-1,-1,0,0,1,0,0,0,-1,0,0,0,0,1,0,0,0,0
2390,0,0,1,-1,0,-1,-1,-1,0,0,0,-1,0,0,0,-1,0,0,0,0,-1,0,0,0,1,1,0,0,0,1,1,0,0,1,0,0,0,0,0,1,0,-1,0,0,-1,0,0,0,0,1,0,0,0,-1,0,0,0,0,0,0,0,0,-1,0
2391,-1,0,-1,0,0,-1,0,0,1,0,0,-1,0,-1,0,0,1,0,0,0,0,0,0,0,0,0,0,0,0,0,-1,1,0,0,0,0,-1,0,1,-1,0,0,1,0,0,0,-1,1,1,1,0,0,0,1,0,0,0,1,-1,1,0,1,1,0
2392,-1,1,0,1,1,0,0,0,0,0,1,-1,0,-1,0,-1,0,1,0,-1,0,0,0,0,0,0,1,0,0,0,0,0,-1,0,0,1,0,0,0,1,0,1,0,0,0,0,0,0,0,0,0,-1,0,0,1,0,-1,0,1,-1,1,0,0,0
2393,0,0,0,0,-1,-1,-1,0,1,0,0,-1,1,0,0,0,1,0,0,-1,0,1,0,0,-1,-1,0,0,0,0,0,-1,1,0,1,-1,0,0,0,0,0,1,0,0,-1,1,-1,-1,0,-1,0,0,0,0,0,-1,-1,0,0,-1,1,0,0,0
2394,0,0,0,0,-1,0,1,1,-1,0,-1,0,-1,0,0,0,0,-1,0,-1,0,0,0,0,-1,0,0,-1,0,0,0,0,0,0,-1,-1,0,0,0,1,0,0,1,0,0,0,-1,0,0,1,1,-1,-1,0,0,-1,0,0,0,0,0,0,0,0
2395,-1,0,0,0,0,0,0,0,0,0,0,1,0,0,0,0,-1,0,0,1,0,1,1,0,0,0,0,-1,0,0,0,1,0,-1,0,0,0,0,0,0,-1,0,0,0,0,0,0,0,0,0,0,0,0,1,0,0,1,0,-1,0,-1,1,0,0
2396,0,-1,0,0,0,-1,-1,0,0,1,0,0,1,0,0,-1,-1,0,-1,0,0,0,0,0,0,-1,1,-1,-1,0,-1,-1,-1,1,1,0,0,1,1,-1,0,-1,0,0,0,0,-1,0,0,0,0,0,1,0,0,-1,0,0,0,0,0,0,1,1
2397,0,1,1,0,-1,0,0,0,0,0,0,0,1,-1,0,0,0,0,1,0,0,1,0,0,1,-1,-1,0,0,-1,-1,0,0,0,0,1,0,0,0,-1,0,0,0,-1,-1,0,1,0,0,1,0,0,0,0,0,1,1,0,1,1,0,1,0,0
2398,1,0,0,0,-1,-1,0,-1,0,0,0,0,0,0,0,0,0,0,0,0,0,0,0,-1,0,0,0,0,1,0,1,-1,0,0,0,0,1,-1,0,1,1,0,0,0,0,0,0,0,1,1,-1,0,0,1,0,0,0,0,0,0,0,0,1,0
2399,0,0,0,0,0,0,0,-1,0,-1,0,0,-1,0,0,0,0,0,0,0,0,0,0,0,0,0,-1,0,0,0,0,0,0,0,0,0,0,0,1,0,0,1,1,0,-1,0,0,0,0,0,0,0,0,-1,0,-1,0,0,-1,0,-1,0,-1,0
2400,-1,-1,0,1,1,0,0,-1,0,0,-1,0,0,0,-1,0,-1,0,0,-1,1,1,0,1,-1,0,0,0,-1,0,-1,1,0,1,-1,0,0,0,0,-1,0,0,-1,0,0,0,-1,0,0,0,0,-1,0,0,0,0,0,-1,0,1,0,-1,0,0
2401,0,0,0,0,0,0,0,-1,0,0,0,1,1,0,-1,0,0,0,1,0,-1,0,0,0,0,0,0,1,0,0,1,0,0,0,-1,0,0,0,0,0,0,-1,0,0,-1,0,0,0,0,0,0,1,0,1,0,1,1,0,1,0,1,0,-1,1
2402,0,1,0,0,0,1,0,0,0,1,0,1,-1,0,0,0,0,0,0,0,1,1,0,0,1,0,0,0,1,-1,-1,0,0,1,1,0,0,0,1,-1,0,0,0,0,0,0,0,1,0,0,-1,-1,0,0,0,-1,-1,0,-1,-1,0,0,0,0
2403,0,-1,0,-1,0,0,0,0,1,1,1,0,1,0,1,1,1,0,-1,1,-1,0,-1,-1,-1,-1,-1,0,0,0,0,1,0,1,0,0,0,0,-1,0,-1,0,1,0,0,0,-1,0,-1,0,0,0,0,0,-1,0,1,0,-1,0,0,0,0,0
2404,-1,1,0,0,0,1,0,0,-1,-1,0,1,0,0,0,0,0,-1,-1,-1,0,-1,0,-1,-1,1,0,0,-1,0,0,0,-1,0,0,0,0,1,0,0,0,-1,1,0,0,1,0,0,0,0,-1,0,0,1,0,1,0,0,0,-1,-1,0,1,-1
2405,-1,0,0,1,0,0,0,1,0,0,0,0,0,0,0,1,0,0,0,1,0,1,0,0,0,1,0,0,-1,-1,0,-1,0,0,0,0,0,-1,-1,0,0,0,1,0,0,0,-1,0,0,1,0,0,1,0,0,1,0,-1,0,0,0,0,0,0
2406,1,0,0,0,0,-1,0,-1,0,0,0,0,1,0,0,0,-1,-1,0,0,0,0,1,0,-1,0,0,0,0,0,0,0,0,0,0,0,0,1,1,1,-1,0,0,0,0,-1,0,0,1,1,1,1,1,0,-1,0,0,0,0,1,0,-1,0,-1
2407,0,0,0,0,0,1,0,-1,0,0,0,1,0,0,0,1,0,0,-1,1,0,1,-1,0,-1,1,1,-1,0,1,0,0,-1,1,-1,1,-1,0,0,0,1,0,0,0,1,0,-1,1,0,0,1,0,0,0,0,-1,1,0,0,1,0,-1,1,0
2408,0,0,0,-1,0,0,0,0,0,-1,0,0,0,-1,0,0,0,0,0,0,1,1,0,0,-1,0,0,0,-1,0,0,0,1,-1,0,0,0,0,-1,-1,-1,-1,-1,0,-1,1,1,1,0,0,0,0,0,0,0,0,0,0,0,0,0,0,0,0
2409,0,0,1,0,-1,0,0,0,0,0,-1,0,0,0,0,-1,1,0,-1,1,0,0,0,1,1,0,0,0,0,0,0,0,-1,0,0,0,0,1,1,1,0,1,0,0,-1,-1,0,0,-1,1,0,1,0,0,0,1,0,-1,0,-1,0,0,1,0
2410,0,1,0,0,0,1,0,1,0,0,0,1,0,0,0,0,-1,0,-1,1,0,0,0,1,1,0,1,-1,0,0,-1,0,0,0,0,0,0,-1,0,1,0,0,0,0,0,0,-1,0,1,0,0,1,0,0,-1,0,1,0,0,0,0,1,0,0
2411,0,0,0,-1,0,-1,-1,0,1,0,0,1,0,0,0,-1,1,0,0,0,0,0,0,0,-1,0,0,-1,0,1,-1,-1,0,0,0,0,-1,-1,0,1,1,1,0,0,0,0,1,0,-1,0,-1,0,0,-1,0,1,0,0,-1,0,1,0,-1,0
2412,0,1,-1,1,0,0,0,1,0,0,0,0,1,0,1,0,0,-1,1,0,0,0,0,0,0,0,0,0,0,0,1,0,0,0,-1,-1,0,1,-1,-1,0,1,-1,1,-1,0,0,-1,0,-1,0,0,-1,0,0,0,1,0,0,0,0,-1,0,0
2413,0,0,-1,0,0,1,1,1,-1,0,0,1,0,0,0,1,0,0,0,0,-1,0,0,1,0,0,1,0,0,0,0,0,0,0,-1,0,0,-1,0,0,0,0,0,0,0,-1,0,0,-1,0,0,0,0,0,0,0,0,0,0,1,0,-1,-1,0
2414,-1,0,1,-1,0,0,0,1,-1,0,0,0,0,0,-1,0,0,0,1,0,0,1,0,0,0,-1,1,0,1,0,-1,0,-1,-1,0,0,-1,1,0,1,1,1,0,0,0,0,0,0,0,0,0,-1,0,0,0,0,0,-1,1,1,0,1,0,-1
2415,0,1,0,0,0,1,0,1,-1,0,0,0,-1,0,-1,1,-1,1,0,-1,0,1,-1,0,1,0,0,0,0,0,0,1,0,0,0,-1,0,-1,0,0,0,0,0,0,1,0,0,0,0,0,-1,0,1,0,0,1,1,1,0,0,0,0,-1,-1
2416,0,0,1,0,-1,0,0,-1,0,0,-1,0,0,0,0,1,-1,1,0,1,1,1,0,0,0,0,-1,0,0,1,0,0,0,1,0,0,0,0,1,0,-1,0,0,0,0,0,-1,0,0,1,1,0,0,1,0,0,0,0,1,-1,0,0,0,0
2417,-1,0,0,0,-1,0,1,0,0,0,-1,0,-1,0,1,0,1,0,0,-1,0,0,0,0,0,0,0,0,-1,0,0,0,0,0,0,0,-1,1,1,0,0,-1,0,0,1,1,0,0,0,0,0,-1,0,0,0,0,0,0,0,-1,-1,0,0,0
2418,0,1,1,0,0,-1,0,0,0,0,-1,0,1,0,0,-1,-1,0,1,1,0,0,0,0,-1,-1,-1,-1,0,0,0,0,0,-1,-1,0,0,0,0,0,0,0,-1,-1,0,0,-1,0,0,0,-1,0,0,-1,-1,0,-1,0,1,1,0,0,0,0
2419,0,0,0,0,-1,-1,0,0,0,0,0,1,0,0,1,1,1,1,0,0,0,0,1,1,0,0,0,0,0,-1,0,1,-1,0,1,0,0,0,0,1,0,0,0,1,0,-1,0,0,-1,0,1,0,1,0,0,0,-1,0,0,1,1,0,-1,0
2420,0,0,1,0,0,0,0,0,0,1,0,0,1,0,0,0,0,0,1,0,1,1,0,0,0,0,0,0,-1,0,-1,1,0,0,0,1,1,0,-1,0,0,0,0,1,0,1,0,0,1,0,0,-1,1,0,0,0,0,0,0,1,1,0,0,-1
2421,0,0,0,0,1,1,0,0,0,0,0,0,1,0,0,-1,1,0,-1,0,0,0,1,0,0,1,-1,1,0,0,0,1,0,0,0,-1,-1,0,0,0,-1,0,0,0,0,0,0,0,1,-1,-1,1,0,1,-1,1,0,0,0,-1,0,0,0,0
2422,1,0,1,0,0,-1,0,0,0,1,0,0,1,0,1,1,0,-1,1,0,0,-1,0,0,-1,0,-1,0,0,-1,1,0,0,0,0,0,1,0,0,1,0,-1,0,0,1,-1,0,0,0,0,-1,1,0,1,-1,0,0,1,0,0,0,0,0,-1
2423,0,0,0,0,0,-1,1,1,1,0,0,0,0,-1,1,0,1,1,-1,0,0,0,0,0,0,0,0,0,-1,-1,-1,0,-1,0,0,0,0,1,1,0,1,0,1,0,0,0,0,0,0,0,0,0,0,0,0,1,0,1,0,0,-1,-1,-1,0
2424,-1,0,-1,0,0,-1,0,0,1,1,1,0,-1,0,0,-1,1,1,0,0,1,0,0,0,-1,-1,0,1,0,0,-1,0,0,0,0,-1,0,0,1,0,0,-1,0,0,-1,0,0,0,-1,0,1,0,-1,0,0,0,0,0,0,-1,1,0,1,0
2425,0,0,-1,1,0,-1,0,1,0,0,0,0,0,1,-1,1,-1,0,1,0,0,0,0,-1,0,0,0,0,0,0,0,0,1,0,1,0,1,-1,-1,1,0,-1,0,1,-1,-1,-1,-1,1,-1,-1,0,-1,-1,1,0,0,0,-1,0,0,0,0,-1
2426,-1,-1,-1,0,0,0,0,-1,0,0,0,0,0,-1,1,0,0,0,-1,0,0,0,-1,0,1,-1,0,0,0,0,1,-1,0,-1,0,0,0,1,-1,0,0,-1,0,0,0,0,0,0,-1,0,0,0,0,0,0,1,1,0,0,1,1,0,0,0
2427,0,0,-1,0,0,0,0,1,1,0,0,-1,1,0,-1,0,0,-1,0,-1,0,0,0,0,1,-1,0,0,-1,1,-1,0,0,1,0,0,0,0,0,0,0,1,0,0,0,-1,0,0,0,0,0,0,0,0,-1,0,1,0,0,0,0,1,0,-1
2428,0,-1,1,0,1,1,0,0,0,0,0,-1,0,0,-1,0,0,0,0,0,0,-1,0,1,0,0,-1,-1,0,0,0,0,1,1,0,0,0,0,1,0,0,0,0,0,0,0,-1,0,0,1,0,0,0,1,1,0,0,-1,0,-1,0,0,-1,0
2429,0,0,0,1,0,0,-1,-1,0,1,1,1,0,0,-1,0,0,0,0,0,0,0,0,0,0,-1,0,0,1,0,1,0,1,-1,0,0,0,0,0,0,-1,0,0,0,0,1,1,0,0,1,0,1,0,0,1,0,0,-1,0,0,-1,0,0,0
2430,-1,-1,0,-1,0,0,0,0,1,1,0,0,1,0,1,1,0,0,-1,1,1,0,0,0,0,0,0,0,1,-1,1,-1,0,1,0,1,1,0,-1,-1,0,0,1,0,0,0,1,0,0,0,-1,0,1,0,0,0,0,0,0,0,1,0,0,0
2431,0,-1,0,1,0,0,0,-1,0,0,1,0,0,0,0,1,-1,0,0,0,0,-1,1,0,1,0,0,1,1,0,1,0,-1,1,0,-1,1,1,1,0,0,0,0,0,0,-1,-1,-1,-1,0,0,0,1,-1,1,1,0,0,0,0,0,1,-1,1
2432,1,-1,0,-1,0,1,0,0,1,-1,0,1,-1,0,-1,0,0,0,1,1,1,0,0,0,0,0,-1,-1,0,0,-1,0,0,0,0,0,1,0,0,-1,1,1,0,0,0,0,0,0,1,0,0,-1,-1,0,0,0,0,0,0,0,1,1,0,0
2433,-1,1,0,0,-1,0,-1,-1,-1,-1,0,0,1,0,0,1,0,0,0,-1,0,1,-1,0,0,1,1,0,0,1,0,1,-1,0,1,-1,1,1,0,1,0,0,0,0,-1,0,0,0,0,0,1,0,0,0,0,0,0,0,-1,0,1,-1,-1,0
2434,0,0,1,0,1,0,0,0,0,0,0,0,1,1,0,1,-1,0,0,0,-1,-1,1,0,1,0,0,-1,0,1,1,-1,0,0,-1,0,0,1,-1,-1,0,0,1,0,0,0,0,0,0,0,-1,0,1,1,0,0,0,0,0,1,0,0,0,0
2435,0,-1,0,0,1,0,0,-1,0,0,-1,0,0,-1,0,0,0,-1,0,-1,0,0,1,-1,0,1,0,0,0,0,0,0,0,0,-1,0,0,0,-1,1,0,0,0,0,0,1,0,-1,0,-1,-1,0,-1,0,0,1,0,1,0,0,0,0,0,-1
2436,0,-1,0,-1,0,0,1,0,-1,1,1,0,0,0,1,0,0,0,0,0,0,0,0,0,0,1,1,0,0,-1,0,0,1,0,0,0,0,0,1,-1,-1,-1,-1,0,0,0,0,1,-1,0,0,0,0,0,0,0,0,0,0,1,1,0,-1,1
2437,0,0,-1,0,0,0,0,-1,0,0,0,0,0,0,0,0,0,0,-1,0,0,0,0,-1,0,-1,0,0,1,0,0,-1,0,1,0,0,0,0,0,0,-1,-1,0,0,0,-1,0,0,0,0,-1,-1,0,0,1,0,1,0,0,0,0,0,0,-1
2438,0,1,0,-1,0,0,0,0,0,0,0,0,0,0,0,1,-1,0,0,1,0,-1,-1,0,0,1,-1,0,0,0,0,1,1,1,0,1,0,0,1,0,-1,0,0,0,0,0,1,1,0,0,0,0,0,0,-1,0,1,-1,0,-1,0,0,0,-1
2439,0,0,-1,0,0,0,0,0,0,-1,0,0,0,0,1,0,-1,0,-1,1,0,0,0,0,0,0,0,0,0,-1,0,-1,0,0,0,0,0,-1,0,0,0,-1,0,-1,0,-1,0,-1,1,1,0,-1,0,0,0,1,1,1,1,0,-1,0,1,0
2440,0,0,0,-1,0,1,0,0,0,0,-1,0,1,0,0,1,0,-1,-1,0,1,1,0,0,-1,1,-1,-1,0,-1,-1,0,0,0,-1,0,0,-1,0,0,0,0,0,0,0,0,1,0,1,1,0,0,1,0,-1,0,0,0,0,0,0,0,0,1
2441,0,-1,1,-1,0,0,0,0,0,0,0,0,1,0,0,-1,0,0,0,0,0,0,1,0,-1,-1,0,0,0,0,0,0,0,0,1,0,0,0,0,-1,0,0,0,0,1,-1,0,1,-1,0,-1,0,0,0,0,1,0,1,0,1,0,0,1,0
2442,0,-1,-1,1,0,-1,0,0,0,-1,0,0,0,0,1,0,-1,0,-1,1,1,0,0,0,-1,0,0,0,0,0,-1,-1,0,0,0,1,1,0,-1,1,0,0,0,-1,1,1,0,1,0,-1,0,0,0,0,1,0,-1,1,0,0,0,0,0,1
2443,0,0,0,0,0,0,0,0,0,0,0,0,-1,0,0,0,1,-1,0,0,0,-1,0,0,0,0,1,1,-1,0,0,0,-1,0,0,0,0,0,0,0,-1,0,0,0,0,-1,0,1,0,0,-1,0,-1,-1,0,0,0,0,0,0,0,0,0,-1
2444,0,0,0,0,1,0,0,0,0,-1,0,0,1,0,0,0,0,0,0,0,0,0,0,-1,0,1,-1,1,0,0,0,-1,0,0,0,0,1,0,0,0,0,-1,0,-1,0,0,0,0,1,0,-1,0,0,0,0,0,1,0,0,0,-1,0,0,-1
2445,0,-1,0,0,0,0,0,-1,-1,0,0,0,0,-1,0,0,0,0,0,0,0,0,0,0,0,0,0,0,0,0,0,0,0,0,-1,1,-1,0,0,0,0,0,0,-1,0,0,0,0,0,0,0,0,0,0,1,-1,0,1,0,0,0,0,0,1
2446,0,0,0,-1,-1,0,-1,-1,0,0,0,0,0,0,0,0,0,-1,-1,0,1,0,0,0,0,0,0,0,1,0,-1,0,0,0,0,-1,0,0,1,1,0,0,0,0,0,0,0,-1,0,0,1,0,0,0,0,1,0,0,0,0,-1,0,-1,0
2447,0,0,-1,1,1,-1,0,0,1,0,1,0,0,0,0,1,0,0,1,0,-1,-1,0,-1,0,0,0,0,0,1,0,0,0,-1,0,-1,0,0,0,-1,0,0,0,0,0,0,0,-1,-1,0,0,1,0,0,-1,0,0,0,-1,0,-1,0,0,-1
2448,-1,0,0,-1,0,0,0,0,-1,0,-1,1,-1,0,1,0,0,-1,1,0,0,0,0,0,0,-1,-1,0,-1,0,0,0,0,-1,0,0,0,1,0,-1,0,-1,0,0,0,0,1,-1,0,1,0,0,0,0,0,0,0,0,0,1,0,1,0,1
2449,0,0,0,0,0,0,0,0,0,-1,0,-1,1,0,0,-1,0,0,0,0,0,0,1,0,-1,0,0,0,0,0,0,1,-1,0,0,-1,0,0,1,0,0,-1,0,1,-1,0,-1,1,1,0,0,0,0,-1,1,1,0,0,0,-1,1,-1,1,1
2450,-1,-1,0,0,0,-1,-1,1,0,-1,1,1,0,-1,0,0,0,-1,0,0,0,1,0,1,-1,0,1,-1,0,0,1,0,0,-1,0,0,0,0,-1,0,0,0,0,0,0,0,0,0,0,0,0,0,-1,0,0,0,-1,0,0,0,-1,0,0,0
2451,-1,0,0,-1,0,0,0,1,0,-1,0,1,-1,1,0,0,0,1,0,0,0,0,0,1,0,0,-1,0,0,1,1,-1,0,0,0,0,0,0,0,-1,0,0,-1,0,0,0,0,-1,-1,0,0,0,-1,-1,0,0,1,0,-1,0,0,-1,0,0
2452,1,0,-1,0,0,0,0,0,0,0,1,0,1,0,0,0,0,1,0,-1,0,0,-1,0,-1,1,0,-1,1,0,0,0,0,1,0,0,0,1,-1,-1,0,-1,0,0,1,-1,-1,0,1,1,0,0,1,0,-1,1,0,0,0,0,0,0,0,0
2453,0,0,0,0,0,0,1,1,0,0,0,0,-1,0,0,-1,0,0,0,0,0,0,1,1,0,-1,-1,1,-1,0,0,0,1,-1,1,0,1,-1,0,0,0,0,1,1,1,0,0,-1,-1,0,0,-1,0,1,0,0,-1,0,0,0,0,1,1,0
2454,1,1,-1,0,-1,-1,0,0,0,0,0,1,-1,0,0,1,0,0,-1,-1,-1,1,0,0,-1,0,1,0,0,0,1,0,-1,0,0,0,1,0,-1,0,1,0,0,0,1,0,0,0,0,-1,0,0,0,0,0,0,0,0,1,0,0,0,0,0
2455,0,0,-1,0,0,0,0,-1,0,0,0,0,0,0,0,1,1,0,0,0,-1,0,0,0,0,0,1,0,-1,0,0,0,-1,1,0,0,0,0,0,0,1,-1,0,-1,0,0,0,0,0,0,0,0,0,-1,1,0,-1,0,-1,0,0,1,1,0
2456,1,-1,0,-1,1,0,0,0,1,0,0,-1,0,0,0,0,0,0,-1,0,0,-1,0,0,0,0,-1,0,1,-1,0,0,1,0,-1,0,0,-1,0,0,-1,0,0,0,0,0,1,0,0,1,0,0,1,0,1,0,0,0,0,0,0,-1,0,1
2457,0,-1,1,0,-1,1,-1,0,0,0,-1,0,0,0,0,0,0,0,0,1,0,0,0,0,-1,0,0,0,0,-1,0,1,0,-1,1,0,0,0,1,-1,0,0,1,1,1,0,1,0,0,0,0,-1,0,0,-1,0,0,-1,0,-1,-1,0,0,0
2458,0,0,0,1,1,0,0,0,-1,0,-1,0,1,0,1,0,0,-1,-1,0,0,0,0,0,-1,0,-1,0,0,-1,1,1,0,0,-1,0,0,0,0,1,0,0,-1,0,0,0,-1,1,0,0,0,-1,0,0,-1,0,0,0,0,0,0,0,1,0
2459,0,0,1,-1,0,0,1,-1,-1,0,1,0,1,-1,0,-1,0,0,0,0,1,0,0,-1,0,-1,0,0,1,0,0,1,-1,-1,-1,-1,0,0,0,0,0,0,0,0,0,1,-1,-1,0,0,-1,0,0,-1,0,0,0,0,0,-1,1,0,0,-1
2460,0,0,1,0,0,0,0,1,0,0,0,0,0,-1,0,0,-1,0,0,0,0,0,0,0,1,1,0,0,-1,0,-1,0,0,0,0,0,0,0,0,0,0,0,0,-1,0,0,0,0,0,-1,1,0,-1,0,0,0,0,0,0,0,0,1,-1,1
2461,0,0,-1,0,0,0,0,0,1,0,1,0,0,1,0,0,0,0,0,0,0,0,0,0,0,1,0,0,1,0,0,-1,0,0,0,0,0,1,1,-1,1,-1,0,1,0,0,0,0,1,0,-1,1,0,0,-1,0,0,0,0,0,1,0,0,-1
2462,0,0,0,0,0,0,1,0,0,1,0,-1,0,1,0,-1,1,0,0,0,0,1,0,-1,0,0,0,0,0,0,0,0,0,-1,1,0,1,0,0,-1,1,1,1,0,0,1,0,0,0,0,0,0,0,0,-1,-1,1,0,0,0,0,0,-1,0
2463,0,0,1,-1,-1,0,-1,-1,0,-1,0,-1,0,1,0,0,0,-1,0,0,0,-1,1,0,0,0,1,-1,0,-1,1,0,0,1,1,0,0,0,-1,0,0,1,1,1,-1,0,0,0,0,1,-1,-1,1,0,0,0,0,-1,0,0,-1,1,0,0
2464,0,0,0,0,0,0,-1,1,0,-1,0,0,0,0,0,0,0,0,1,-1,-1,0,0,0,1,0,-1,0,0,0,0,1,-1,0,1,-1,0,-1,-1,0,0,0,0,-1,0,-1,1,-1,0,0,1,0,0,0,0,0,0,-1,0,0,0,0,-1,0
2465,0,0,0,0,-1,1,0,0,0,1,0,1,0,0,1,0,-1,0,0,0,-1,0,0,1,0,0,0,0,1,0,0,0,-1,0,0,0,1,1,0,1,0,0,0,0,0,0,0,1,1,0,1,-1,0,0,0,0,0,-1,-1,0,0,0,0,1
2466,0,0,0,0,0,0,0,0,0,0,0,-1,-1,-1,0,1,0,-1,0,-1,-1,0,1,-1,0,0,1,0,0,0,1,-1,0,0,1,1,0,0,0,0,0,0,-1,0,1,0,1,0,0,0,0,-1,0,1,-1,0,0,-1,1,-1,0,0,0,-1
2467,0,-1,0,-1,0,1,1,1,-1,-1,0,-1,0,0,1,0,1,0,1,0,0,-1,-1,0,-1,0,0,0,0,0,0,-1,0,0,-1,0,0,1,0,-1,0,0,0,0,0,0,1,0,0,0,0,0,1,1,0,0,-1,-1,1,0,-1,0,0,0
2468,-1,-1,0,0,0,0,0,-1,0,0,0,0,-1,1,0,-1,0,0,0,0,-1,0,-1,0,0,1,-1,0,0,1,1,0,1,0,0,1,0,0,-1,-1,1,0,0,-1,1,0,1,0,0,0,0,0,0,-1,1,-1,0,0,0,1,0,0,0,0
2469,0,0,0,0,-1,-1,0,1,0,0,1,0,0,0,1,0,0,0,0,0,1,-1,0,0,1,0,-1,-1,-1,0,0,-1,-1,-1,1,0,0,0,0,0,0,-1,0,0,-1,1,0,1,0,1,0,0,0,1,0,0,0,-1,0,-1,0,0,0,0
2470,0,1,0,0,0,0,0,0,0,0,0,1,0,1,0,1,0,0,0,0,0,0,0,0,1,-1,0,0,0,1,0,0,-1,0,0,0,0,1,0,-1,1,-1,0,0,0,-1,0,0,0,1,0,0,0,1,-1,1,0,1,0,0,0,1,0,0
2471,-1,1,-1,1,0,0,0,0,0,1,-1,0,0,1,0,0,1,0,1,0,0,0,1,0,-1,0,0,0,0,0,0,1,0,0,0,0,0,0,0,0,-1,0,-1,-1,-1,1,0,-1,0,1,-1,0,1,-1,0,1,0,0,-1,-1,0,-1,0,0
2472,-1,0,0,-1,0,0,0,0,0,0,1,0,0,0,1,0,-1,-1,-1,0,-1,0,0,0,0,0,0,0,0,-1,0,0,0,0,-1,0,0,1,0,0,0,1,0,1,0,0,0,0,0,0,1,0,0,0,0,0,0,0,1,0,0,-1,0,1
2473,1,0,-1,0,1,1,0,-1,0,0,-1,0,0,1,0,0,1,0,0,0,0,0,0,0,-1,0,0,0,0,-1,1,0,1,0,0,0,0,0,0,-1,-1,0,0,-1,0,0,-1,0,0,0,1,0,0,-1,0,1,0,0,0,0,0,0,1,-1
2474,0,0,0,0,0,-1,0,0,0,1,0,1,0,0,0,-1,0,-1,0,1,0,0,0,-1,-1,0,0,0,1,1,0,0,0,0,0,1,0,0,0,-1,0,0,0,0,0,0,0,0,0,0,0,0,0,-1,-1,-1,0,-1,1,0,0,0,-1,0
2475,0,0,0,-1,0,0,-1,1,-1,0,0,1,0,0,0,0,-1,-1,1,0,0,0,1,0,0,0,1,0,1,0,0,0,0,0,-1,0,0,-1,0,1,0,-1,1,1,1,0,0,1,0,1,-1,1,0,1,0,0,0,1,1,-1,0,0,0,0
2476,0,-1,0,0,-1,-1,0,0,-1,0,1,1,0,0,0,0,0,0,0,1,0,0,0,0,1,1,-1,-1,0,0,1,0,0,0,0,0,-1,-1,1,0,0,0,0,1,0,0,0,0,1,0,0,-1,0,0,0,0,0,0,-1,-1,0,0,0,0
2477,0,0,0,0,0,0,1,1,0,0,0,0,0,0,0,1,0,0,0,0,1,0,0,0,0,0,1,0,1,1,0,-1,0,-1,-1,0,-1,0,1,0,0,-1,0,1,0,0,-1,1,0,0,0,-1,0,1,0,0,0,0,0,1,0,-1,1,1
2478,0,0,1,0,0,0,0,0,1,-1,0,0,-1,1,0,0,0,0,0,-1,0,0,0,1,0,0,0,0,1,1,1,0,0,0,0,1,1,-1,0,0,0,0,0,0,0,-1,-1,1,1,-1,0,0,0,-1,1,1,-1,0,0,0,0,1,-1,0
2479,0,1,-1,1,0,-1,0,0,0,1,0,0,-1,0,1,0,0,0,-1,0,0,-1,0,0,0,0,0,-1,0,-1,0,0,0,0,1,0,0,1,0,0,1,-1,-1,0,0,-1,0,0,1,0,-1,0,0,0,-1,1,-1,-1,0,-1,0,1,0,-1
2480,0,0,0,-1,1,0,0,1,0,-1,0,0,0,0,0,0,-1,0,0,0,0,-1,-1,-1,0,0,-1,0,0,0,0,0,-1,0,0,1,-1,1,1,0,1,0,-1,0,0,0,0,1,1,1,1,0,0,0,0,0,1,0,0,0,-1,0,0,-1
2481,1,0,0,0,0,1,0,0,-1,0,1,-1,0,0,0,0,0,0,0,0,-1,0,0,0,0,0,1,0,0,0,1,0,0,0,0,-1,0,0,0,-1,0,0,0,0,-1,1,0,-1,0,1,0,0,0,-1,1,0,-1,1,-1,0,0,0,-1,0
2482,0,0,0,0,-1,0,0,0,0,-1,1,0,0,-1,0,0,0,-1,-1,0,0,1,1,0,-1,1,0,0,0,0,0,0,1,-1,0,0,0,-1,1,0,0,0,0,0,0,0,1,-1,0,0,-1,0,0,1,-1,0,1,0,0,0,0,0,0,1
2483,0,0,1,0,0,0,0,0,0,0,1,0,0,0,0,0,0,1,0,1,0,0,0,-1,1,0,0,1,0,0,1,-1,0,1,-1,0,0,0,-1,1,0,-1,0,0,0,0,1,0,1,0,0,-1,0,-1,-1,0,0,0,0,1,0,0,-1,-1
2484,0,0,-1,0,0,0,0,0,0,0,1,0,0,0,1,1,1,0,0,-1,0,0,0,1,-1,0,0,-1,0,0,-1,0,0,0,1,0,-1,0,0,0,-1,0,-1,1,0,0,0,0,1,0,0,0,1,0,0,0,-1,0,0,0,-1,-1,0,0
2485,0,0,0,0,-1,0,1,0,0,1,0,0,0,0,1,0,0,1,0,0,1,-1,1,0,0,-1,0,0,1,0,0,0,1,-1,1,0,1,0,1,0,-1,-1,1,-1,0,0,0,0,0,-1,-1,0,-1,-1,0,1,0,0,0,0,0,-1,0,1
2486,-1,-1,-1,0,0,-1,0,0,0,0,0,0,0,0,0,0,0,1,1,0,0,0,0,-1,0,0,0,0,0,1,0,0,-1,-1,-1,-1,0,-1,0,0,0,-1,1,0,0,-1,0,0,0,0,0,0,-1,1,0,0,1,-1,0,0,0,0,0,0
2487,0,0,0,0,0,0,0,0,0,0,0,0,0,0,0,-1,0,0,0,1,0,1,1,0,-1,1,0,0,0,0,0,0,-1,0,1,-1,-1,0,0,1,0,0,0,0,-1,0,0,0,1,0,0,-1,0,0,0,0,0,0,0,0,-1,0,0,0
2488,-1,0,0,0,-1,0,0,0,-1,0,0,0,0,-1,0,0,0,0,0,1,0,1,0,-1,-1,-1,1,0,0,-1,0,0,-1,0,0,0,0,0,-1,0,0,0,-1,0,-1,0,0,0,0,0,0,-1,1,0,0,0,0,0,0,-1,0,0,0,0
2489,1,0,0,0,0,0,0,-1,0,0,1,0,0,0,0,0,-1,1,1,-1,0,1,0,0,0,0,0,0,1,1,0,1,0,0,0,0,0,1,0,0,0,0,0,-1,-1,0,0,0,0,-1,1,0,0,0,0,0,-1,1,1,0,1,1,0,0
2490,1,-1,0,1,-1,0,-1,0,0,1,1,1,-1,0,0,-1,1,-1,0,0,0,0,0,1,0,0,0,0,0,-1,-1,0,0,0,-1,0,1,0,0,1,0,0,1,1,0,0,0,-1,1,0,1,0,0,0,-1,0,0,0,1,0,0,0,-1,0
2491,0,1,0,0,0,0,-1,0,-1,0,0,0,-1,1,0,0,-1,0,0,1,1,-1,0,0,0,0,0,0,1,-1,0,0,0,0,0,0,0,0,0,0,0,-1,-1,0,1,0,0,0,-1,0,1,0,0,0,0,0,0,1,0,1,0,1,0,1
2492,0,0,0,0,0,-1,0,0,0,0,-1,1,0,0,1,1,-1,0,1,0,0,-1,0,0,-1,0,0,-1,0,0,0,0,0,0,0,1,0,1,-1,1,0,0,0,0,0,0,1,-1,1,0,0,0,0,0,1,0,0,-1,0,0,0,0,1,-1
2493,-1,0,0,-1,0,1,1,0,0,0,0,0,-1,0,0,0,-1,0,1,0,0,1,0,0,0,0,0,0,0,0,0,-1,-1,0,0,-1,0,0,0,0,1,0,0,0,0,0,0,0,0,0,1,0,0,1,0,-1,-1,0,0,0,0,0,0,-1
2494,0,0,1,1,0,0,0,0,0,-1,0,1,-1,0,0,1,-1,0,0,0,0,1,1,0,0,0,0,0,1,0,-1,0,0,0,0,0,0,0,0,0,1,0,0,0,0,0,0,-1,0,1,1,0,0,-1,0,-1,0,0,0,0,0,0,0,1
2495,1,0,-1,0,0,0,0,0,1,0,-1,0,1,0,0,0,0,0,0,0,0,0,0,0,0,0,-1,0,0,0,-1,0,0,0,-1,0,-1,0,0,0,0,0,0,-1,-1,0,0,-1,0,-1,0,1,0,0,1,0,1,-1,0,0,0,0,0,0
2496,1,0,0,1,0,0,0,0,-1,0,0,1,0,0,0,0,0,1,0,0,0,-1,0,0,0,0,1,1,1,0,0,0,-1,0,0,0,0,0,-1,1,0,0,0,1,0,0,0,-1,0,-1,0,0,0,0,0,-1,1,1,0,1,0,0,-1,0
2497,0,0,0,0,0,0,-1,0,0,-1,0,0,1,0,1,-1,-1,-1,0,0,0,0,0,0,0,1,0,1,1,0,0,0,0,0,-1,-1,0,0,0,0,0,0,0,1,-1,0,0,1,0,0,-1,1,0,0,-1,-1,0,1,0,0,0,0,-1,0
2498,0,0,0,0,0,0,0,0,0,0,0,0,0,0,0,1,0,0,0,0,0,0,1,1,0,-1,0,0,-1,-1,0,1,0,1,0,0,0,1,0,1,0,0,1,0,1,0,0,0,0,0,0,0,1,1,1,0,0,0,0,0,0,0,0,0
2499,0,1,0,0,-1,0,0,0,0,-1,1,0,0,-1,1,-1,1,-1,0,0,0,-1,1,-1,0,0,1,-1,0,-1,0,0,0,-1,0,-1,0,1,0,0,-1,1,1,-1,0,0,0,0,0,-1,0,0,0,-1,0,0,0,0,1,0,0,0,-1,1
2500,-1,0,0,1,0,-1,0,0,0,-1,0,1,-1,0,-1,0,0,-1,0,0,1,0,0,0,0,1,0,-1,0,-1,0,-1,0,-1,0,-1,0,1,0,0,0,0,0,-1,1,1,0,1,-1,-1,0,1,0,0,1,0,0,0,0,0,0,0,0,0
2501,0,0,0,0,0,1,0,0,1,0,0,0,0,-1,0,1,0,0,0,-1,0,0,-1,0,0,0,1,0,0,1,0,0,-1,0,-1,0,1,-1,0,0,0,0,0,-1,0,0,0,0,1,0,0,0,0,-1,0,0,0,1,0,1,0,0,0,1
2502,0,0,0,0,0,-1,0,1,1,-1,0,1,0,-1,1,0,0,0,1,0,-1,0,0,-1,1,0,-1,0,0,0,-1,0,1,1,0,-1,0,1,0,0,-1,0,0,0,0,1,0,0,0,0,0,-1,-1,0,0,0,0,0,0,-1,-1,-1,0,0
2503,0,0,1,-1,0,1,0,0,1,0,0,0,0,0,0,0,0,0,0,0,0,0,0,0,0,1,0,-1,1,0,0,0,-1,0,1,0,1,0,0,-1,0,0,0,0,-1,1,0,0,0,1,0,0,0,-1,0,0,1,0,0,-1,-1,-1,0,-1
2504,0,-1,0,1,0,0,-1,0,0,0,1,0,1,-1,0,0,0,0,1,1,-1,0,0,0,0,0,0,0,0,1,0,-1,0,0,0,1,0,-1,0,0,0,1,0,1,0,0,0,-1,0,0,0,0,0,0,-1,0,0,-1,0,1,0,0,0,0
2505,-1,1,0,0,-1,0,0,0,0,-1,0,-1,1,0,-1,0,0,0,-1,0,0,1,0,-1,-1,1,0,0,0,0,-1,1,0,0,-1,0,0,0,0,0,0,0,0,0,0,1,0,0,0,0,1,0,0,-1,0,0,0,-1,0,0,0,0,1,0
2506,-1,0,1,-1,0,0,0,0,0,0,0,0,0,0,-1,0,0,-1,-1,1,0,-1,0,0,0,0,0,0,1,0,0,0,0,1,0,-1,0,0,-1,0,0,0,0,0,-1,0,1,0,0,0,0,1,0,0,1,1,0,0,0,0,0,0,0,0
2507,0,-1,-1,0,1,0,0,0,0,0,0,0,0,0,1,0,0,0,1,0,0,0,0,0,0,0,0,0,1,-1,-1,0,1,0,0,0,-1,1,0,0,-1,0,0,1,0,0,0,0,0,-1,0,0,0,0,0,0,0,0,0,0,0,1,1,0
2508,0,0,-1,-1,-1,-1,0,-1,0,0,-1,0,0,0,0,0,0,-1,0,0,0,0,0,0,-1,0,0,-1,-1,0,0,-1,0,-1,0,0,0,0,0,0,0,1,0,0,1,0,0,1,-1,0,-1,-1,-1,0,1,-1,0,-1,0,0,0,-1,0,0
2509,0,1,0,0,0,0,1,0,0,0,-1,0,0,-1,1,0,0,1,0,0,0,0,0,0,1,1,0,-1,-1,-1,-1,0,0,0,0,0,0,0,1,0,0,0,-1,0,0,0,1,0,0,0,-1,0,0,0,1,0,-1,0,-1,-1,-1,-1,0,-1
2510,-1,0,0,0,0,0,0,0,0,1,-1,0,-1,0,0,0,0,0,-1,0,0,0,0,0,-1,1,0,0,0,0,-1,0,0,0,-1,0,0,0,-1,0,-1,0,0,0,-1,0,-1,0,-1,0,1,0,0,1,0,0,-1,0,-1,-1,0,0,0,0
2511,-1,0,0,0,-1,0,0,0,-1,1,0,0,0,0,0,0,0,0,0,0,1,0,0,0,0,0,-1,-1,1,0,0,0,1,-1,0,0,0,0,-1,0,1,0,0,0,0,-1,0,1,-1,0,0,0,0,1,-1,0,1,0,0,0,0,1,0,-1
2512,-1,0,0,0,-1,0,0,0,0,0,0,0,0,0,0,1,0,0,0,0,0,1,0,1,0,0,0,0,1,0,0,-1,-1,0,0,0,1,-1,0,0,-1,0,1,1,0,-1,0,0,0,0,0,1,0,0,1,-1,0,-1,0,-1,0,1,0,0
2513,0,0,1,0,0,0,-1,0,-1,0,0,1,0,0,-1,1,0,-1,0,1,0,-1,1,0,-1,0,0,1,0,0,0,0,0,1,1,0,0,0,0,0,0,-1,0,1,1,0,0,0,0,1,1,1,0,0,0,0,0,-1,0,1,0,0,-1,0
2514,-1,0,1,0,0,0,1,1,0,0,-1,0,0,-1,0,0,1,0,0,0,1,0,1,0,0,-1,0,0,0,0,0,0,-1,1,0,1,0,-1,0,0,0,1,1,-1,0,1,1,0,0,0,0,-1,1,0,0,0,1,0,0,0,0,0,1,0
2515,-1,0,0,-1,0,1,0,0,0,0,0,0,-1,0,1,0,-1,0,0,0,0,0,0,0,0,1,0,0,0,0,-1,0,0,0,0,0,0,0,-1,0,-1,-1,0,0,0,0,1,0,0,0,-1,1,1,0,1,0,1,0,0,1,0,1,0,0
2516,0,0,0,0,1,-1,0,0,0,0,-1,0,1,1,0,-1,0,0,0,-1,-1,1,-1,0,0,-1,0,0,0,-1,0,-1,0,0,0,-1,-1,0,0,0,0,0,0,0,-1,0,0,0,1,0,0,1,0,1,1,0,1,-1,0,0,1,0,1,0
2517,0,0,0,0,1,-1,-1,0,-1,0,1,0,-1,0,-1,0,0,1,0,0,0,0,0,0,0,1,1,-1,0,1,0,0,0,1,0,1,0,-1,1,1,0,1,0,-1,1,0,0,0,0,0,0,0,0,0,0,0,0,0,0,1,0,0,0,0
2518,1,0,-1,0,0,0,0,0,-1,0,0,0,-1,-1,0,0,-1,-1,-1,0,0,1,-1,0,-1,0,1,1,-1,0,1,0,0,0,0,0,0,0,-1,0,1,0,0,1,1,-1,0,0,0,0,0,0,-1,-1,1,1,0,0,0,1,0,0,0,0
2519,0,1,0,0,0,-1,1,-1,-1,-1,-1,-1,-1,0,0,0,0,0,0,0,0,-1,-1,-1,0,0,-1,-1,0,-1,0,0,0,0,0,0,0,0,0,0,1,0,1,0,0,-1,0,0,0,0,-1,0,0,0,0,0,-1,1,-1,0,0,0,0,0
2520,0,0,-1,0,-1,0,-1,0,-1,0,0,0,-1,0,0,1,0,0,-1,0,0,0,0,0,0,0,0,0,1,0,0,0,0,1,1,0,0,-1,1,0,0,1,1,0,-1,0,-1,0,0,-1,-1,0,0,0,0,0,1,0,0,-1,0,-1,-1,0
2521,1,1,1,1,0,0,0,0,0,-1,0,0,0,1,0,0,0,0,0,0,-1,-1,0,1,0,-1,-1,0,0,0,1,0,1,0,-1,0,1,-1,0,0,0,0,1,1,0,0,-1,0,0,0,0,1,0,0,-1,0,-1,-1,-1,1,0,0,-1,0
2522,0,0,0,0,0,1,0,0,0,-1,0,0,1,-1,0,0,1,0,0,0,-1,1,0,0,-1,-1,1,1,0,0,1,0,0,0,0,-1,0,0,1,-1,1,1,0,1,0,0,0,1,0,0,0,0,0,0,0,0,1,-1,0,0,0,1,0,-1
2523,0,1,0,0,-1,1,-1,0,0,0,-1,0,-1,0,1,0,-1,-1,-1,0,0,0,0,1,1,0,1,1,1,0,0,0,0,0,0,0,0,1,1,0,0,0,-1,0,1,0,0,0,0,-1,1,1,0,-1,1,0,0,0,0,0,1,0,0,0
2524,1,-1,0,0,0,0,0,-1,1,1,-1,0,0,0,0,0,0,0,1,0,0,0,-1,1,-1,1,0,0,0,0,0,0,0,1,0,0,-1,0,0,-1,1,0,1,-1,0,0,0,0,0,-1,-1,0,0,-1,1,0,1,-1,0,0,0,1,0,0
2525,0,0,0,-1,1,1,0,1,0,0,0,1,0,0,0,0,0,-1,-1,0,0,0,1,0,1,1,0,0,1,0,0,0,0,0,0,-1,1,0,0,0,-1,1,1,1,0,0,1,0,1,0,1,0,-1,0,0,1,0,0,-1,0,-1,1,0,0
2526,-1,0,0,0,1,0,0,0,0,-1,0,-1,0,0,-1,0,0,0,0,0,0,-1,0,0,-1,-1,-1,1,0,0,0,0,1,0,0,0,-1,1,1,1,1,0,0,-1,0,0,0,0,0,0,0,0,0,0,0,0,-1,-1,-1,-1,-1,0,-1,0
2527,0,0,-1,0,1,0,-1,0,1,-1,1,0,0,0,0,-1,-1,0,-1,0,0,1,0,0,0,0,1,0,0,0,1,1,0,-1,0,1,1,0,0,0,-1,1,0,0,0,0,0,0,0,0,0,-1,1,0,0,-1,0,0,0,0,0,0,-1,0
2528,0,1,0,-1,0,0,1,0,0,0,0,0,0,-1,-1,0,0,0,0,1,0,1,0,-1,0,1,0,0,1,1,0,0,0,0,0,0,0,0,0,0,1,0,0,0,0,1,1,-1,0,0,0,-1,0,-1,0,1,-1,0,0,0,-1,0,0,0
2529,0,-1,1,-1,-1,0,-1,0,-1,0,0,0,0,0,-1,0,0,0,0,1,1,0,0,0,0,0,0,-1,1,0,0,1,-1,0,1,0,-1,1,0,1,0,0,1,0,0,0,0,-1,0,1,0,0,0,0,0,0,0,0,0,-1,-1,1,1,0
2530,0,0,1,0,0,0,0,0,1,0,0,-1,0,1,1,1,-1,0,0,0,0,0,0,1,0,0,0,0,0,0,0,0,0,1,1,0,1,0,0,1,0,0,0,0,0,0,1,1,1,1,-1,-1,0,0,-1,0,1,0,0,0,0,0,0,-1
2531,1,0,1,0,0,0,1,0,0,1,1,-1,-1,-1,0,-1,0,0,1,1,0,0,0,0,0,-1,1,0,1,0,0,0,0,-1,0,0,0,0,-1,0,1,0,0,0,0,0,-1,0,0,0,0,0,0,0,-1,0,0,0,1,-1,-1,1,-1,0
2532,-1,1,0,0,0,1,0,-1,1,-1,0,0,0,0,0,0,0,0,0,1,0,1,-1,-1,1,-1,0,1,-1,0,0,0,1,0,0,-1,-1,0,0,1,0,-1,0,0,-1,0,0,0,0,0,0,0,0,1,1,0,0,-1,0,0,-1,0,1,0
2533,0,-1,0,0,0,0,0,0,0,0,1,1,-1,0,0,0,0,0,0,-1,0,-1,0,0,0,-1,0,0,0,0,-1,1,0,0,1,0,-1,-1,0,0,-1,1,1,0,0,0,0,0,0,0,0,-1,0,0,0,0,0,-1,-1,0,0,0,1,0
2534,0,0,0,-1,0,0,0,0,1,0,0,0,0,1,0,1,0,0,-1,0,0,0,0,0,1,0,0,0,0,-1,1,0,0,0,-1,-1,0,0,0,0,-1,1,0,-1,1,0,-1,1,0,1,-1,0,0,1,0,0,0,0,0,0,1,0,0,1
2535,0,0,-1,0,-1,0,1,0,0,-1,0,1,0,1,0,0,0,0,0,1,-1,0,0,0,1,0,0,0,-1,0,0,-1,-1,0,0,-1,0,0,0,0,0,0,0,0,0,1,0,0,1,0,0,1,0,0,-1,0,1,0,0,0,1,1,0,0
2536,0,-1,0,1,0,0,0,0,-1,0,0,0,0,-1,0,1,1,0,0,0,0,0,0,0,0,1,0,-1,-1,1,0,0,-1,0,0,1,-1,0,0,1,0,0,1,-1,0,0,0,-1,0,1,-1,1,-1,0,0,0,0,0,0,0,-1,-1,-1,1
2537,1,0,0,0,0,0,0,0,1,1,-1,0,0,0,0,0,0,0,0,1,0,1,0,0,0,0,0,0,0,0,-1,0,0,0,-1,-1,-1,0,0,0,0,0,-1,-1,-1,0,-1,0,0,0,0,-1,-1,0,0,0,-1,0,0,-1,0,-1,1,1
2538,0,0,0,1,0,0,0,0,1,0,0,1,0,-1,0,1,0,1,0,-1,0,-1,0,0,0,0,0,0,0,-1,1,0,0,0,-1,0,1,0,0,1,0,1,-1,0,1,0,0,0,1,1,1,0,0,0,1,0,0,0,0,1,0,0,0,0
2539,0,-1,1,0,-1,0,-1,0,0,0,0,0,0,0,0,0,-1,0,-1,1,0,0,-1,-1,1,-1,0,0,0,0,0,0,0,0,-1,0,-1,1,1,0,0,0,0,1,1,0,0,0,0,1,0,0,1,0,-1,0,0,0,0,1,-1,0,-1,0
2540,0,-1,0,-1,-1,0,1,0,-1,0,0,0,-1,0,1,-1,0,0,0,0,1,0,0,-1,-1,0,-1,0,-1,0,-1,0,0,0,-1,-1,0,0,0,-1,-1,1,-1,1,1,1,-1,0,0,1,0,0,-1,0,0,1,0,-1,0,0,1,1,0,-1
2541,1,1,0,0,0,0,-1,0,0,-1,0,-1,0,0,0,0,0,0,0,-1,1,1,0,1,0,1,0,0,0,0,1,-1,-1,0,0,0,1,0,-1,-1,0,1,0,0,0,0,0,0,0,0,0,0,0,-1,0,0,0,1,0,1,0,0,0,0
2542,0,0,0,0,0,0,-1,-1,0,0,0,0,0,-1,1,0,0,1,0,0,0,0,0,0,0,-1,0,0,0,0,0,0,-1,1,-1,1,0,0,1,1,-1,0,0,-1,0,-1,0,0,0,0,0,-1,0,0,0,0,-1,1,0,0,1,1,0,0
2543,0,0,-1,0,0,0,0,1,0,0,0,0,-1,0,0,0,0,0,0,0,1,0,0,0,-1,1,0,1,1,0,0,-1,0,1,0,0,0,0,0,1,-1,0,0,1,1,0,0,0,0,0,-1,1,0,0,-1,0,1,-1,1,1,0,0,0,-1
2544,-1,0,0,0,0,1,0,1,1,-1,0,0,1,-1,0,0,0,0,0,0,0,0,0,0,1,0,1,0,0,0,1,0,0,-1,0,0,0,0,-1,0,-1,1,0,0,0,0,0,-1,0,0,0,1,0,1,0,-1,-1,1,0,0,-1,0,-1,0
2545,1,0,0,1,0,0,0,0,0,1,1,1,0,0,0,0,0,1,0,1,1,-1,0,0,0,1,0,0,-1,-1,0,1,0,0,0,0,-1,0,0,0,0,0,0,0,1,1,-1,0,1,0,0,0,0,0,1,0,0,1,0,0,0,1,1,1
2546,0,0,0,-1,0,0,1,1,-1,0,0,0,0,0,0,0,0,-1,0,0,0,1,1,0,-1,0,0,1,0,0,0,-1,0,0,1,0,0,0,0,0,0,0,0,-1,0,0,0,0,1,-1,-1,0,0,0,-1,-1,-1,-1,0,1,1,-1,0,0
2547,1,0,0,-1,1,0,0,0,0,-1,-1,0,0,0,0,1,-1,0,0,0,0,0,1,0,0,0,0,0,0,-1,-1,1,1,0,-1,0,0,0,0,1,0,1,0,0,0,1,-1,0,0,0,1,1,0,0,0,0,0,1,0,0,-1,0,0,-1
2548,1,0,-1,0,0,0,0,1,-1,-1,0,0,0,0,0,0,0,0,0,0,0,0,0,0,0,0,-1,0,1,0,1,0,0,0,0,0,0,0,1,0,-1,0,0,0,0,0,-1,0,0,-1,0,-1,0,1,1,0,0,0,0,0,-1,-1,-1,0
2549,0,-1,0,0,0,0,0,-1,0,0,1,0,0,0,-1,0,0,-1,0,1,0,0,0,0,0,0,-1,0,1,-1,0,1,1,-1,-1,0,0,0,1,-1,0,0,0,0,0,0,0,0,0,0,0,0,0,0,1,0,0,0,-1,0,0,0,0,0
2550,1,-1,0,0,0,0,-1,0,0,0,0,0,-1,-1,0,-1,0,0,0,0,1,1,-1,-1,0,-1,0,0,-1,1,-1,0,1,1,0,0,0,0,0,0,1,0,1,0,0,-1,0,0,0,0,0,0,-1,0,-1,0,0,0,-1,0,1,0,0,0
2551,-1,0,1,1,0,0,0,0,0,0,-1,1,0,1,0,0,0,0,0,0,1,0,-1,-1,1,-1,0,0,1,-1,1,-1,1,-1,1,0,0,0,0,0,0,0,0,1,0,1,-1,0,0,0,0,-1,-1,0,0,0,0,0,1,-1,0,1,0,0
2552,0,1,0,0,1,1,1,1,-1,0,0,0,0,0,0,0,-1,0,0,0,0,0,0,0,0,0,-1,-1,0,0,1,1,0,1,1,-1,-1,0,1,0,0,-1,0,1,0,0,0,0,0,0,0,0,0,1,1,0,0,0,-1,0,1,0,0,-1
2553,0,0,0,0,0,0,0,0,1,0,1,0,0,1,0,-1,0,-1,-1,0,0,0,1,1,0,-1,0,1,1,0,0,-1,0,0,0,0,0,0,0,0,0,1,-1,0,0,0,0,0,1,0,0,0,0,-1,0,0,-1,0,0,0,0,-1,0,0
2554,-1,0,1,-1,0,0,1,1,0,0,1,0,0,-1,0,-1,0,0,0,0,-1,0,0,-1,-1,0,0,0,0,-1,1,0,0,0,-1,0,0,0,0,1,0,0,0,0,0,0,-1,0,0,1,-1,0,0,0,0,0,-1,0,0,0,1,1,0,0
2555,0,0,0,-1,0,0,0,-1,0,0,0,-1,0,-1,0,0,0,0,0,0,0,0,0,0,-1,0,-1,1,1,1,0,0,-1,0,0,0,-1,0,0,-1,0,0,1,0,0,0,0,0,0,0,-1,1,0,0,0,0,0,-1,-1,0,1,0,0,-1
2556,-1,0,0,1,0,0,0,0,1,0,0,1,0,0,0,0,0,0,1,0,0,0,-1,0,-1,0,0,1,0,0,0,0,0,0,-1,-1,0,-1,-1,0,0,1,0,0,0,-1,0,1,0,0,0,0,0,0,0,1,0,1,-1,-1,0,0,-1,0
2557,-1,0,0,-1,1,0,0,0,0,-1,0,0,-1,-1,0,-1,-1,0,1,0,1,1,0,0,-1,1,0,0,0,0,0,0,0,0,0,0,0,-1,0,0,0,0,0,0,0,0,0,1,0,-1,0,-1,1,0,0,-1,1,0,0,1,1,0,0,0
2558,-1,0,0,0,0,1,0,0,-1,0,0,0,0,0,0,0,0,-1,1,0,0,0,0,0,0,0,0,0,0,0,-1,0,0,1,1,-1,0,0,1,-1,0,1,0,0,0,0,0,-1,0,0,0,0,1,0,0,0,-1,0,0,0,0,0,0,0
2559,0,-1,1,1,0,0,0,-1,1,0,0,0,0,0,0,1,0,0,0,1,1,-1,0,0,-1,0,0,1,0,0,0,0,0,-1,-1,0,0,0,-1,-1,0,0,0,-1,0,0,0,0,0,0,1,-1,1,1,1,-1,0,0,0,0,0,-1,-1,0
2560,0,-1,1,0,0,0,0,0,1,0,0,0,0,1,0,0,-1,0,1,1,-1,0,1,1,0,0,0,0,1,0,0,-1,1,0,0,0,0,0,1,0,0,0,-1,0,-1,-1,0,1,-1,0,0,0,-1,0,0,1,-1,0,1,-1,1,0,1,0
2561,0,-1,0,-1,0,0,0,0,1,0,0,0,0,0,0,0,1,1,0,0,-1,0,0,-1,0,1,0,0,0,0,0,-1,0,0,0,1,0,0,0,0,0,0,0,0,-1,0,0,1,-1,0,0,1,1,0,0,0,0,-1,0,0,0,-1,-1,1
2562,0,0,-1,0,1,0,0,1,0,0,-1,0,0,-1,0,0,0,0,1,0,-1,1,0,1,0,0,0,0,0,0,0,0,1,1,0,0,1,0,0,0,-1,0,1,1,0,0,0,0,0,-1,-1,0,0,0,0,1,0,-1,0,1,1,0,0,0
2563,0,0,1,0,0,0,0,0,0,0,1,0,0,0,-1,0,0,0,0,0,0,0,0,0,0,-1,0,1,1,-1,0,0,0,0,0,1,0,0,1,0,-1,0,0,0,0,0,0,0,0,0,0,0,0,1,0,-1,1,0,-1,1,-1,-1,0,0
2564,1,0,1,0,0,1,0,0,0,0,0,0,0,0,0,0,0,0,0,0,-1,0,0,0,1,0,0,0,0,0,0,0,0,0,0,0,0,0,0,0,0,-1,1,1,0,0,0,0,1,-1,0,1,0,0,0,-1,1,0,-1,1,0,0,0,-1
2565,0,0,1,0,0,0,0,0,0,0,0,0,1,0,0,-1,0,0,1,0,-1,-1,-1,0,0,0,1,0,-1,0,-1,1,0,0,0,1,-1,0,1,0,-1,0,1,0,0,0,0,0,0,0,0,0,0,0,0,0,0,-1,0,1,0,0,0,0
2566,0,0,0,0,-1,0,-1,-1,0,0,1,0,-1,0,0,1,-1,1,1,0,0,0,1,0,0,0,0,0,0,0,0,-1,1,1,1,0,0,1,0,0,0,1,0,0,1,0,-1,0,0,0,1,-1,0,0,0,0,0,1,0,-1,0,0,1,0
2567,0,0,1,0,0,0,0,0,-1,0,0,0,0,0,0,0,1,0,-1,0,0,0,1,0,0,1,0,1,0,0,-1,0,0,0,0,0,1,0,0,0,0,0,-1,1,0,0,1,1,0,0,0,0,-1,1,-1,1,1,0,1,-1,0,0,0,0
2568,0,0,1,0,0,0,-1,0,-1,1,0,0,0,-1,0,1,0,0,0,0,-1,-1,0,1,-1,1,-1,0,0,0,-1,0,-1,0,-1,0,0,1,0,0,1,1,1,0,0,0,0,0,0,0,0,1,0,0,0,1,-1,0,0,0,0,1,0,0
2569,0,1,0,0,0,0,-1,0,0,0,0,0,0,1,0,0,1,0,1,1,0,0,0,-1,-1,0,0,-1,0,1,1,-1,0,0,1,0,0,0,0,1,1,0,0,-1,0,0,0,0,0,-1,1,1,-1,1,0,0,0,0,0,0,0,1,0,0
2570,0,-1,0,0,-1,1,0,-1,0,0,1,0,-1,0,0,0,0,-1,0,-1,0,0,0,0,0,0,0,0,0,1,0,1,1,0,1,1,0,-1,0,-1,0,1,0,0,1,0,0,0,0,0,0,0,0,0,1,-1,1,-1,-1,0,0,0,1,0
2571,0,0,0,0,1,0,0,0,1,1,-1,0,0,1,0,0,0,-1,0,0,0,0,1,0,1,0,1,-1,0,1,0,0,1,0,1,-1,1,-1,0,0,1,0,1,0,1,0,0,0,0,-1,0,0,0,0,0,0,-1,-1,0,-1,1,0,0,-1
2572,0,0,0,0,1,1,0,0,1,-1,0,-1,0,0,0,0,0,0,1,0,0,-1,0,0,0,1,-1,-1,0,0,-1,0,1,0,0,-1,0,0,0,0,-1,1,0,1,1,0,0,0,1,0,1,0,0,0,0,0,0,0,0,1,0,1,0,0
2573,0,0,0,-1,-1,0,0,0,-1,0,0,0,-1,0,-1,0,-1,0,0,0,-1,0,0,0,0,0,-1,0,0,0,1,0,0,0,1,0,0,0,1,0,0,0,0,-1,1,-1,0,0,0,1,0,0,0,1,0,0,-1,-1,0,0,-1,0,0,-1
2574,1,0,0,0,0,-1,0,0,0,0,0,0,0,0,0,-1,0,0,-1,0,0,0,1,1,0,1,0,0,1,0,0,0,0,-1,1,0,0,1,0,1,-1,-1,-1,1,0,-1,1,0,0,0,0,0,-1,0,-1,1,0,0,1,-1,1,0,0,0
2575,0,0,0,0,1,-1,0,0,1,1,0,0,1,0,1,1,0,-1,0,0,0,1,-1,1,1,0,0,0,0,0,1,0,0,0,0,0,0,1,0,1,0,0,1,0,1,0,0,-1,0,0,0,1,0,0,0,0,0,1,0,-1,0,1,-1,0
2576,-1,0,1,-1,-1,0,0,0,0,0,0,0,0,0,0,0,0,0,0,0,0,0,0,0,0,0,1,0,-1,-1,0,0,0,1,-1,0,0,-1,1,0,0,0,0,1,0,0,0,0,-1,-1,1,0,0,0,0,-1,0,1,1,1,0,0,0,1
2577,0,-1,0,0,0,0,0,0,0,0,0,0,1,1,0,0,0,0,0,-1,-1,0,-1,0,0,0,0,0,0,0,1,0,0,1,0,0,0,0,1,-1,-1,0,1,0,0,0,0,1,0,-1,0,0,0,0,0,0,-1,-1,0,1,0,0,0,1
2578,1,0,0,0,-1,0,0,1,0,0,0,-1,0,0,1,0,-1,1,0,0,0,0,0,0,-1,0,-1,0,1,-1,0,0,-1,0,1,0,1,0,0,0,0,-1,0,0,0,-1,-1,0,0,-1,0,0,0,0,1,0,0,0,1,1,0,-1,0,0
2579,1,1,0,1,1,0,0,0,-1,-1,-1,1,0,0,0,0,0,0,0,0,0,0,0,1,0,0,0,1,1,0,1,-1,0,-1,1,0,-1,0,0,0,0,0,0,0,-1,0,0,0,0,1,0,1,0,0,-1,-1,-1,0,0,0,0,0,0,0
2580,0,-1,0,0,1,0,0,-1,0,0,-1,1,0,0,-1,1,1,0,1,0,0,0,-1,0,0,-1,0,1,0,0,1,0,0,1,0,0,0,0,-1,0,0,0,-1,0,0,0,0,0,0,1,1,1,0,0,1,1,-1,-1,0,-1,0,0,0,1
2581,-1,0,-1,0,-1,1,0,1,0,0,0,1,1,0,-1,0,0,1,-1,1,1,1,0,1,0,-1,-1,0,0,0,0,-1,1,-1,0,-1,-1,-1,0,-1,1,0,0,0,0,0,0,0,0,0,-1,0,0,0,0,-1,0,0,0,0,1,0,0,0
2582,0,-1,1,-1,0,0,1,1,0,1,0,1,0,0,0,0,-1,0,1,0,0,0,0,0,0,-1,1,0,0,1,0,1,0,0,0,0,-1,0,0,0,0,0,0,0,0,0,0,0,0,1,1,0,0,0,0,-1,0,1,0,0,-1,0,0,0
2583,1,-1,0,-1,0,0,1,1,0,1,1,0,-1,1,-1,0,0,0,-1,0,-1,0,1,1,1,0,0,-1,0,0,-1,0,0,0,1,0,0,0,0,0,0,-1,1,0,0,-1,-1,0,0,-1,-1,0,1,0,1,1,0,0,0,0,0,0,0,0
2584,0,0,0,0,0,0,-1,0,-1,0,1,-1,1,0,0,0,0,1,-1,0,0,0,1,0,0,1,-1,-1,0,0,-1,1,0,-1,0,0,0,0,0,0,-1,1,-1,1,0,1,-1,-1,1,0,0,1,-1,0,0,0,0,0,-1,0,-1,0,0,0
2585,1,-1,-1,-1,0,0,0,0,0,0,-1,1,0,1,-1,0,-1,-1,0,0,1,1,-1,1,0,0,0,0,0,0,0,0,0,0,1,-1,0,1,0,1,0,0,0,0,0,-1,0,0,0,0,0,0,0,-1,0,0,1,-1,-1,0,0,0,0,0
2586,0,1,0,0,0,0,0,-1,0,0,0,0,0,0,0,1,0,0,1,0,0,0,-1,0,0,0,0,0,1,0,-1,0,0,0,0,1,0,0,-1,0,1,1,-1,0,-1,0,0,1,1,1,0,0,-1,1,1,0,-1,0,0,0,1,0,0,0
2587,0,0,0,0,0,-1,0,0,1,0,0,-1,1,-1,0,0,0,0,0,0,1,0,0,0,0,0,0,1,0,0,0,0,0,-1,0,1,0,0,0,0,0,1,0,1,-1,0,0,0,-1,-1,0,0,0,0,0,1,0,0,0,0,1,0,0,0
2588,1,0,0,0,0,0,-1,0,-1,0,-1,0,0,-1,0,1,0,1,0,0,0,-1,0,-1,0,-1,0,0,0,0,0,0,0,0,0,-1,0,0,0,0,0,0,1,0,0,0,0,0,0,0,0,0,0,0,1,1,-1,0,-1,-1,-1,-1,0,-1
2589,0,-1,0,0,0,0,1,0,0,0,1,-1,0,0,1,0,1,1,0,-1,0,1,0,0,1,-1,-1,-1,0,0,0,0,0,0,1,-1,0,1,0,1,-1,0,0,-1,0,0,1,-1,0,0,0,0,0,1,0,0,0,0,0,0,-1,0,1,1
2590,0,1,0,0,0,1,0,0,0,0,0,0,0,0,-1,0,0,0,1,0,0,0,0,0,-1,0,0,0,0,1,0,1,0,0,0,0,0,0,0,1,0,0,0,1,0,0,-1,0,0,0,-1,-1,1,0,-1,0,1,0,0,-1,0,0,0,0
2591,1,-1,0,0,0,0,1,0,1,-1,1,0,0,1,0,0,1,-1,1,-1,0,0,0,1,1,1,-1,-1,0,0,-1,-1,0,1,-1,0,0,0,0,0,0,1,0,0,1,0,-1,0,1,1,0,0,0,0,1,0,0,1,0,0,0,1,1,0
2592,0,0,0,0,1,0,1,0,-1,-1,0,0,0,1,1,0,1,0,0,-1,1,1,0,0,1,0,-1,0,0,-1,0,0,0,0,0,1,0,-1,0,0,0,0,-1,0,0,0,1,1,-1,0,0,-1,0,1,0,0,1,0,0,1,0,1,0,0
2593,0,0,0,0,0,0,0,0,0,0,-1,0,0,1,1,0,0,0,1,-1,0,0,1,0,0,0,-1,0,0,0,0,0,0,0,1,0,-1,1,0,0,0,0,0,0,-1,0,1,0,1,0,1,0,0,0,-1,1,1,-1,-1,0,1,0,0,-1
2594,0,0,1,-1,-1,-1,0,0,-1,0,-1,0,-1,0,0,0,0,-1,0,-1,0,0,1,0,0,0,0,0,0,0,0,0,0,0,0,0,0,0,1,1,-1,1,0,1,1,-1,0,0,1,-1,0,-1,1,0,1,1,-1,1,-1,-1,0,0,0,0
2595,0,0,0,0,0,0,1,1,-1,0,0,1,0,0,1,0,0,-1,-1,1,0,0,0,0,0,1,1,0,0,1,0,0,0,0,0,0,-1,0,1,1,1,-1,0,0,0,0,0,0,0,0,0,0,0,0,1,0,1,0,-1,0,-1,0,0,0
2596,0,1,0,1,0,1,0,0,-1,0,0,0,-1,1,1,0,1,0,1,-1,-1,-1,0,0,1,0,0,0,0,-1,0,0,0,0,-1,0,0,0,0,-1,0,-1,1,0,0,1,1,0,0,0,0,0,0,0,0,-1,0,1,0,0,0,0,0,0
2597,-1,1,-1,-1,1,0,-1,-1,1,0,1,-1,0,-1,0,0,0,0,0,0,0,1,-1,0,0,0,-1,1,0,0,-1,-1,-1,0,1,-1,0,0,-1,0,0,-1,0,-1,0,0,-1,0,1,0,-1,0,0,0,0,0,0,0,1,0,-1,0,0,0
2598,0,0,0,-1,0,1,0,0,0,0,0,0,0,0,0,0,0,0,0,0,0,0,1,-1,0,0,1,0,-1,-1,1,0,0,1,1,0,1,0,-1,-1,0,0,-1,0,-1,1,0,0,0,-1,0,0,1,-1,0,0,0,0,0,1,0,0,1,-1
2599,1,-1,0,0,0,1,0,1,0,0,0,0,0,1,0,1,1,-1,0,0,0,-1,-1,0,0,-1,0,1,0,0,0,0,-1,0,0,1,0,0,0,0,1,0,0,-1,0,-1,0,1,0,-1,1,-1,0,0,0,-1,0,1,0,0,1,0,0,-1
2600,0,0,0,0,0,0,0,-1,0,0,0,0,0,1,0,0,0,-1,-1,0,0,0,0,0,0,-1,-1,0,1,0,0,1,0,-1,0,0,0,0,-1,0,0,0,0,0,1,0,0,0,0,0,0,0,0,0,0,1,-1,1,0,0,-1,1,0,0
2601,0,0,0,0,0,1,0,1,0,1,0,0,-1,0,1,1,0,0,0,0,-1,0,1,-1,0,0,0,0,-1,0,0,0,1,0,0,-1,0,-1,0,0,-1,0,0,0,0,0,0,1,1,-1,1,1,0,0,0,0,0,0,0,1,0,0,0,1
2602,0,0,-1,-1,0,0,0,1,-1,0,1,0,0,0,0,-1,0,0,-1,0,-1,1,0,-1,-1,-1,1,0,0,0,-1,-1,-1,1,1,0,0,-1,0,1,-1,1,0,0,0,0,0,0,0,0,1,1,-1,0,0,0,0,0,-1,0,0,0,0,-1
2603,0,1,1,1,0,0,0,0,0,-1,-1,1,1,-1,0,0,1,-1,0,1,-1,1,0,0,0,0,0,-1,1,1,0,-1,0,0,1,-1,-1,0,0,-1,0,0,0,0,1,-1,0,0,0,0,1,0,1,1,0,0,1,-1,0,0,0,-1,0,-1
2604,-1,0,-1,0,0,0,1,0,0,0,-1,-1,0,-1,0,0,0,-1,1,-1,1,0,0,0,0,0,0,1,0,1,0,0,-1,0,0,1,0,0,0,0,0,0,1,1,0,0,0,0,0,0,-1,0,0,0,0,0,0,0,0,1,0,1,0,0
2605,0,1,0,0,-1,1,0,-1,0,0,0,-1,0,0,0,0,0,1,0,0,0,0,1,0,1,0,0,-1,-1,-1,-1,0,0,-1,-1,-1,-1,0,0,1,0,-1,-1,0,0,0,1,0,0,0,0,0,0,-1,-1,0,0,-1,-1,-1,0,1,0,0
2606,-1,0,0,0,0,0,0,0,1,-1,1,0,0,0,0,0,0,0,0,1,0,0,0,0,1,0,-1,0,0,1,0,0,0,-1,0,0,0,-1,0,1,0,0,0,1,0,-1,-1,1,0,-1,0,0,-1,0,-1,0,1,0,0,0,0,0,0,-1
2607,-1,-1,0,0,0,0,0,0,-1,1,0,0,1,1,0,-1,0,-1,0,0,-1,0,1,1,0,0,-1,0,0,0,-1,0,-1,0,1,1,0,0,0,1,0,0,0,0,1,0,-1,1,0,0,-1,-1,1,1,0,0,0,0,0,-1,1,0,0,0
2608,1,0,0,0,1,0,0,0,0,0,-1,1,0,-1,0,-1,-1,-1,0,1,0,0,-1,0,0,0,-1,-1,0,1,0,0,0,0,0,0,0,-1,0,0,1,1,0,0,0,0,0,0,1,-1,-1,0,1,-1,0,1,0,1,1,0,1,0,0,0
2609,0,0,0,-1,0,0,0,-1,1,1,0,-1,0,-1,0,0,1,-1,0,-1,0,-1,0,0,0,0,0,1,0,0,0,0,0,0,0,0,0,-1,0,-1,0,0,0,0,-1,1,0,1,1,0,0,-1,0,-1,1,-1,0,0,0,-1,-1,0,0,1
2610,0,1,0,0,0,-1,0,-1,0,0,0,0,0,-1,0,0,0,0,0,0,0,0,0,1,1,-1,0,0,0,0,1,1,0,0,-1,-1,0,1,1,1,-1,0,0,0,0,-1,0,0,-1,-1,-1,0,0,0,1,0,0,0,1,0,0,0,1,0
2611,1,0,0,0,0,-1,-1,0,-1,1,0,0,0,-1,0,0,0,0,0,1,0,-1,1,0,0,0,0,0,1,0,0,0,0,0,-1,-1,0,0,1,1,0,-1,0,-1,0,-1,0,1,0,0,-1,0,1,0,0,-1,0,0,0,0,0,0,0,1
2612,-1,0,-1,0,-1,-1,0,0,1,-1,-1,0,-1,0,0,-1,0,0,1,-1,1,0,0,0,0,0,0,-1,-1,0,-1,0,0,1,0,0,0,1,0,-1,0,0,1,0,1,-1,0,0,0,0,1,0,0,0,0,-1,0,-1,1,0,0,0,0,-1
2613,0,0,0,0,0,0,1,0,0,0,-1,0,-1,-1,0,0,0,0,1,0,1,0,0,1,-1,1,0,0,0,0,1,0,0,0,0,0,0,0,1,0,0,0,0,0,-1,0,0,0,0,0,0,0,0,0,0,0,0,0,0,0,1,0,0,0
2614,-1,-1,0,0,1,0,1,0,0,0,1,0,0,0,0,-1,0,1,0,0,1,1,1,0,1,0,-1,-1,-1,0,0,1,0,0,0,0,0,1,0,0,0,0,0,0,0,1,0,0,-1,1,0,0,1,0,0,0,-1,0,-1,0,0,0,-1,0
2615,-1,1,0,0,1,0,0,0,0,0,0,0,0,-1,-1,-1,1,0,0,-1,0,0,0,1,0,-1,0,0,0,0,0,0,0,-1,0,1,0,-1,0,0,0,0,-1,0,-1,0,-1,-1,-1,0,-1,-1,-1,0,1,0,0,0,-1,0,0,-1,1,1
2616,-1,0,0,0,0,0,0,-1,0,-1,1,-1,0,1,-1,0,0,1,-1,-1,-1,1,0,0,0,1,0,0,0,0,-1,0,0,0,0,-1,-1,0,0,0,0,0,-1,1,-1,0,-1,-1,0,1,0,0,0,0,1,0,0,0,0,0,1,1,0,0
2617,1,1,0,1,0,0,-1,1,0,0,0,0,-1,0,0,-1,0,0,0,0,0,0,0,1,0,0,0,0,0,1,1,0,0,-1,1,0,0,0,0,-1,0,0,1,0,0,1,1,0,0,0,0,0,0,0,-1,0,0,0,-1,0,1,0,0,-1
2618,0,0,-1,1,0,-1,0,1,0,0,0,0,0,0,0,-1,1,0,0,0,-1,-1,0,0,-1,-1,-1,0,1,-1,0,0,0,0,1,0,0,0,1,0,1,0,0,0,1,0,0,1,0,0,0,1,0,1,0,-1,1,0,0,1,0,-1,0,0
2619,-1,0,0,0,0,0,0,0,0,0,0,0,-1,-1,1,0,0,0,-1,0,1,0,0,0,0,0,0,0,-1,0,0,-1,0,1,0,1,0,0,0,-1,1,-1,0,0,1,0,0,0,0,0,0,0,0,1,0,0,-1,1,-1,1,0,0,1,-1
2620,1,0,0,0,-1,0,0,-1,0,0,0,0,0,0,0,0,-1,0,-1,-1,0,0,0,1,0,0,0,0,-1,1,-1,1,0,1,-1,0,1,0,0,0,0,0,1,0,0,1,0,0,0,-1,-1,0,1,0,1,0,0,0,0,0,0,0,0,0
2621,-1,0,0,0,0,-1,-1,-1,-1,1,0,0,0,0,0,-1,0,-1,0,0,0,-1,0,0,0,0,0,1,0,-1,-1,0,1,1,1,1,1,-1,1,0,0,0,-1,0,1,0,0,0,0,0,-1,0,0,-1,1,-1,0,0,0,0,0,0,0,0
2622,0,0,-1,-1,0,1,0,-1,0,0,0,0,1,1,1,0,0,-1,-1,-1,-1,1,0,0,0,1,-1,-1,1,0,-1,0,0,0,0,1,1,0,0,0,-1,1,-1,1,0,-1,1,0,0,0,-1,0,0,0,0,0,0,-1,1,0,0,0,0,0
2623,0,0,0,0,0,-1,-1,-1,0,0,0,-1,0,0,1,0,0,0,1,0,0,1,0,1,0,0,-1,-1,1,1,0,0,-1,-1,0,-1,0,0,-1,0,-1,0,1,0,0,-1,-1,0,0,1,0,1,0,0,-1,0,0,0,-1,0,0,0,0,0
2624,0,0,0,0,0,0,1,0,0,0,0,0,1,0,-1,0,0,-1,0,0,1,-1,1,1,0,0,0,0,1,0,0,0,-1,1,1,0,0,0,1,1,0,-1,0,-1,-1,1,0,0,1,0,0,0,0,0,0,1,1,-1,0,1,0,-1,0,0
2625,0,-1,0,0,0,0,0,0,1,0,-1,0,1,0,0,-1,0,0,0,0,0,0,-1,1,0,0,0,0,0,1,1,0,-1,0,0,0,0,0,0,0,0,-1,-1,1,0,0,0,0,0,0,-1,0,1,1,0,0,0,0,0,0,0,0,0,0
2626,0,0,-1,0,0,0,0,0,0,0,-1,0,0,0,0,0,0,0,0,-1,0,-1,0,0,0,0,-1,0,0,-1,-1,0,0,0,0,0,0,1,0,0,1,1,1,0,-1,-1,0,0,0,0,0,0,0,0,0,0,0,0,0,1,1,-1,-1,1
2627,0,0,0,0,0,1,-1,0,1,1,0,0,1,0,0,0,0,0,0,0,0,0,0,0,-1,0,1,1,0,1,0,1,-1,0,-1,0,-1,0,0,0,0,-1,-1,0,0,1,1,0,1,0,1,0,0,0,0,0,1,-1,0,0,0,1,-1,0
2628,-1,1,0,0,0,0,0,0,-1,0,0,0,-1,0,0,-1,1,0,0,0,0,0,0,0,0,-1,-1,0,0,0,0,-1,0,0,1,-1,-1,0,0,1,-1,0,1,0,-1,0,0,0,-1,0,-1,0,0,0,0,0,0,1,0,0,0,0,-1,1
2629,0,0,0,-1,1,0,0,0,0,0,0,0,-1,0,-1,0,1,0,0,1,0,0,1,0,0,0,0,-1,0,0,0,0,0,1,-1,0,0,0,0,0,0,1,0,1,0,0,0,1,0,-1,0,0,0,0,0,0,-1,0,0,0,1,0,0,1
2630,1,-1,0,0,1,0,0,0,-1,0,1,-1,1,-1,0,-1,1,0,1,0,0,0,0,1,1,-1,0,-1,0,0,-1,1,0,0,0,0,0,0,0,0,0,0,0,0,0,1,0,0,0,0,1,0,0,0,0,0,0,1,0,1,0,1,-1,0
2631,0,0,-1,0,0,0,0,-1,-1,0,0,-1,1,1,1,0,-1,0,0,0,1,0,-1,0,1,1,0,-1,1,0,0,0,0,0,0,0,0,1,-1,-1,0,0,0,0,1,0,0,-1,-1,0,0,0,0,0,0,0,-1,0,1,-1,0,0,1,-1
2632,-1,0,0,0,0,0,-1,0,0,0,0,0,0,-1,0,1,0,0,0,0,0,0,1,0,0,1,0,-1,1,0,0,0,0,-1,0,0,0,1,-1,1,0,0,1,0,0,0,0,0,0,0,1,0,0,0,0,-1,0,-1,0,0,0,0,1,1
2633,0,-1,-1,0,-1,1,1,0,0,-1,-1,0,-1,0,-1,1,0,0,0,-1,0,0,0,0,0,1,0,0,0,0,0,0,0,0,0,0,-1,0,0,0,-1,0,0,0,0,0,0,0,0,0,1,1,0,1,-1,0,0,0,0,-1,0,0,0,0
2634,0,0,1,0,1,-1,1,0,-1,0,0,0,0,0,1,0,-1,0,0,1,0,-1,0,1,0,0,0,0,0,0,1,0,0,0,0,0,0,-1,0,0,1,1,1,0,0,0,0,1,-1,0,1,0,-1,-1,1,1,-1,0,0,0,1,0,1,1
2635,0,-1,0,0,0,0,1,0,0,0,0,1,-1,0,0,0,0,0,0,0,0,0,0,1,0,0,1,0,1,0,1,0,0,1,0,1,-1,0,0,0,1,1,0,0,0,0,1,0,0,0,0,0,1,-1,0,0,1,1,0,0,0,1,0,0
2636,0,1,0,1,0,0,0,-1,0,-1,0,0,0,0,0,1,0,0,-1,0,1,1,-1,0,0,0,-1,1,-1,0,0,0,0,0,0,-1,1,0,-1,0,0,0,0,0,0,-1,0,-1,0,0,0,0,-1,0,0,1,0,0,0,-1,0,0,0,0
2637,0,0,0,-1,0,0,1,0,0,0,1,0,-1,0,0,-1,0,0,0,-1,0,0,0,0,0,1,0,0,0,0,0,1,0,0,0,0,0,0,0,0,-1,0,0,1,-1,0,0,0,0,0,0,0,1,0,0,0,0,0,0,0,0,0,0,0
2638,-1,0,0,0,1,0,-1,0,1,0,0,0,0,0,0,0,0,-1,1,0,1,1,0,0,1,0,0,1,0,0,-1,1,0,0,0,0,0,-1,-1,-1,1,-1,-1,-1,0,1,1,0,0,0,-1,0,0,-1,0,0,-1,0,0,0,1,0,0,-1
2639,0,0,-1,0,-1,0,0,1,0,0,0,0,-1,1,0,0,-1,-1,0,0,0,1,1,0,0,0,0,-1,-1,1,-1,0,-1,-1,0,0,0,0,0,1,-1,0,-1,0,0,0,0,0,0,0,-1,0,0,0,-1,0,0,-1,0,0,-1,-1,1,0
2640,0,-1,0,1,0,1,-1,0,0,1,-1,0,1,0,0,1,-1,0,0,0,1,-1,0,0,0,0,-1,-1,0,1,-1,0,0,0,0,-1,0,1,0,0,0,0,-1,1,1,0,0,0,0,0,1,0,0,0,0,1,-1,0,0,-1,0,0,1,-1
2641,0,0,0,-1,0,-1,0,1,0,-1,0,1,1,-1,1,0,-1,1,-1,0,0,0,1,0,0,1,1,0,0,-1,0,0,0,0,0,1,0,-1,1,0,0,0,0,0,0,1,0,0,0,1,0,0,0,0,0,-1,-1,1,0,0,1,0,1,0
2642,0,1,-1,0,0,0,0,0,0,0,0,1,1,0,-1,-1,0,-1,-1,0,0,0,0,0,0,-1,0,-1,0,1,0,-1,0,0,0,0,0,0,1,0,0,0,1,0,1,0,0,0,0,1,0,0,-1,0,1,-1,0,0,0,0,0,0,-1,1
2643,0,0,0,0,0,0,-1,0,-1,0,0,-1,0,1,-1,0,1,0,-1,0,0,0,-1,1,-1,0,1,-1,1,0,0,0,-1,0,0,0,0,0,0,0,-1,0,0,-1,0,0,0,0,0,-1,0,0,0,1,0,0,1,0,0,0,0,-1,0,0
2644,-1,0,0,0,0,1,-1,0,-1,1,0,-1,0,-1,-1,0,0,0,1,0,-1,0,0,0,-1,0,0,0,0,-1,0,1,-1,0,-1,-1,0,1,0,0,0,0,1,-1,0,1,1,0,0,0,0,1,0,0,0,1,0,0,1,-1,0,0,0,0
2645,0,0,0,0,0,0,0,1,0,0,1,-1,1,0,0,0,0,0,0,0,1,1,0,1,1,-1,0,0,0,0,0,0,-1,1,0,0,0,0,-1,0,-1,0,0,1,0,0,1,0,0,0,0,-1,0,0,0,0,-1,0,0,-1,0,0,0,-1
2646,0,-1,0,0,0,1,1,0,0,0,0,-1,1,0,1,0,0,0,0,0,0,0,0,0,0,-1,-1,1,0,0,1,0,0,0,0,-1,1,1,0,0,1,0,-1,0,0,1,1,-1,-1,0,-1,0,-1,-1,-1,-1,-1,0,1,0,0,0,0,-1
2647,0,0,1,0,-1,0,0,1,-1,0,0,0,0,0,0,0,1,1,0,1,1,0,-1,1,0,0,0,-1,0,1,1,0,0,0,-1,0,0,0,0,0,0,0,1,1,1,0,1,0,0,-1,0,-1,0,0,0,0,-1,0,0,-1,0,0,0,0
2648,0,0,-1,0,-1,0,0,1,0,-1,0,0,-1,1,0,-1,0,0,0,1,1,0,0,0,0,0,-1,0,0,0,0,0,1,1,0,0,0,0,0,-1,0,0,1,-1,0,0,0,0,0,0,-1,0,0,-1,0,0,0,0,0,0,1,0,1,1
2649,1,-1,1,-1,0,0,-1,0,1,0,0,1,0,0,1,0,1,0,0,0,-1,0,0,0,0,1,0,0,1,0,0,0,0,0,0,0,1,0,1,0,1,-1,0,0,0,0,-1,0,0,-1,1,0,-1,0,0,0,0,0,1,0,1,0,0,0
2650,0,0,0,0,0,0,0,-1,0,-1,1,-1,1,0,0,0,0,-1,1,0,0,1,0,0,0,0,0,1,-1,1,1,0,-1,-1,0,0,0,0,0,0,0,-1,-1,0,0,0,0,0,1,0,0,0,0,0,0,0,0,0,0,1,-1,0,0,0
2651,0,0,0,0,0,0,-1,0,0,0,0,-1,0,1,-1,1,0,0,-1,0,1,0,0,0,1,0,0,0,0,-1,0,0,0,0,0,0,1,-1,1,1,1,0,0,-1,0,0,0,-1,-1,-1,0,-1,0,1,0,0,-1,0,-1,0,1,0,0,1
2652,-1,0,-1,1,-1,0,-1,0,1,0,-1,-1,0,-1,0,0,0,-1,0,0,0,0,0,-1,0,0,1,0,0,0,0,0,0,0,-1,0,0,0,0,1,-1,0,-1,0,0,0,0,0,0,0,0,0,0,0,0,0,0,0,0,0,-1,0,0,1
2653,1,-1,0,0,-1,0,1,0,1,1,0,0,-1,0,0,0,0,1,0,0,1,-1,1,0,0,0,-1,0,0,1,0,1,1,0,0,1,0,0,1,0,0,0,0,0,0,-1,-1,0,1,0,0,1,-1,0,0,1,-1,0,1,0,0,1,0,-1
2654,0,0,-1,1,0,-1,0,0,0,0,-1,0,0,0,-1,0,1,0,1,0,-1,1,-1,0,-1,0,-1,0,0,-1,0,0,-1,0,0,0,0,0,1,0,1,-1,0,0,-1,-1,0,-1,0,1,1,0,0,0,-1,0,0,0,0,-1,1,-1,0,0
2655,0,0,0,0,1,0,0,0,0,0,0,1,0,0,0,1,0,0,0,0,1,0,0,0,1,1,0,1,1,1,-1,0,-1,0,0,0,0,0,-1,-1,0,0,1,0,0,0,-1,0,0,0,-1,0,0,0,0,0,0,-1,0,0,0,-1,0,0
2656,-1,0,0,1,0,1,0,0,0,0,0,-1,0,1,0,0,0,0,-1,0,-1,-1,-1,0,0,0,0,0,0,0,0,0,0,-1,0,0,0,0,1,0,0,1,0,0,0,0,0,-1,1,0,1,0,0,-1,0,0,0,0,-1,0,1,0,1,-1
2657,0,0,-1,0,1,-1,1,1,0,0,0,1,1,0,0,0,0,0,-1,0,0,0,1,0,0,0,-1,-1,0,-1,0,0,0,0,0,0,0,0,0,0,0,0,1,0,0,-1,0,0,-1,-1,0,0,1,1,-1,1,0,1,0,0,0,0,0,0
2658,0,0,0,0,0,1,-1,0,1,0,0,0,0,0,0,0,0,0,-1,0,1,-1,0,1,-1,-1,1,0,-1,-1,0,0,0,0,0,-1,0,0,-1,0,0,0,0,-1,0,0,0,0,-1,-1,0,0,-1,-1,0,0,0,0,-1,0,0,0,1,0
2659,-1,1,0,0,1,0,1,1,1,0,0,0,0,0,0,0,0,1,0,1,0,0,0,0,-1,0,-1,0,0,0,1,0,0,0,0,0,0,0,-1,1,0,-1,0,0,0,0,0,0,0,-1,0,0,0,-1,0,0,-1,0,1,0,-1,1,0,0
2660,1,0,-1,0,1,0,0,0,0,0,1,-1,0,-1,0,1,1,0,1,0,0,0,0,-1,0,0,0,-1,0,0,-1,-1,-1,-1,0,-1,0,0,0,0,-1,-1,-1,-1,0,1,0,0,1,0,1,0,0,1,1,1,0,0,0,0,1,-1,1,0
2661,0,0,0,0,-1,0,0,0,0,0,1,0,0,0,0,1,0,1,1,-1,0,0,0,0,-1,0,-1,1,0,0,1,0,1,1,0,0,0,0,0,1,1,-1,0,-1,0,1,0,-1,1,0,0,-1,0,0,0,0,-1,0,0,0,0,-1,1,0
2662,1,1,0,0,0,0,1,0,0,0,0,0,0,0,0,0,-1,0,0,0,0,1,-1,0,-1,0,0,0,0,0,0,0,0,1,0,-1,-1,-1,0,-1,0,0,0,0,-1,-1,0,0,0,0,0,0,0,0,0,-1,0,1,0,0,0,0,-1,-1
2663,0,0,0,0,1,0,0,1,0,0,0,0,0,0,-1,0,0,0,0,-1,0,0,0,1,0,0,0,-1,0,0,0,-1,0,-1,0,0,-1,0,0,0,0,0,1,1,0,0,0,1,1,0,0,0,0,0,1,0,0,0,0,0,-1,0,0,0
2664,0,1,-1,0,1,1,0,0,1,1,0,1,0,0,0,0,0,0,0,0,0,1,0,-1,0,0,0,0,0,0,-1,1,0,1,1,0,0,0,0,1,0,0,-1,1,0,0,-1,0,0,-1,1,-1,-1,0,1,0,0,1,-1,0,0,0,0,0
2665,0,0,-1,0,0,1,-1,0,1,0,-1,1,-1,0,0,0,1,0,-1,-1,0,-1,-1,-1,0,0,0,-1,0,-1,-1,0,-1,0,-1,0,0,1,0,0,0,0,0,1,-1,0,0,-1,-1,0,-1,0,-1,0,0,-1,0,0,0,-1,1,1,-1,0
2666,0,0,0,-1,0,0,0,0,1,0,0,0,-1,0,0,0,0,1,0,0,1,0,0,0,0,0,0,0,-1,1,-1,0,1,0,0,0,0,-1,0,0,-1,0,0,0,1,0,0,-1,1,0,0,-1,0,0,1,1,0,0,0,-1,0,0,0,0
2667,0,0,0,1,0,-1,0,0,0,1,-1,0,1,0,0,0,0,0,0,0,-1,0,-1,0,0,-1,0,1,0,0,0,0,0,-1,0,1,0,0,0,1,1,0,0,0,0,1,-1,1,0,-1,1,-1,0,0,0,0,0,0,0,1,0,0,0,0
2668,0,0,1,0,1,-1,1,0,0,0,0,0,-1,1,1,0,1,0,0,0,0,0,1,0,0,-1,1,0,0,0,-1,0,0,0,0,0,0,0,0,0,0,-1,0,0,0,0,0,0,1,1,0,0,0,-1,0,-1,-1,0,0,1,0,0,0,0
2669,-1,1,1,0,0,-1,0,1,0,0,0,1,1,-1,0,0,0,0,1,0,0,0,0,1,0,0,0,0,0,0,-1,0,0,-1,0,0,-1,0,0,0,0,-1,0,0,0,0,0,0,-1,-1,0,-1,0,0,0,0,0,0,0,0,0,0,0,1
2670,0,1,0,-1,0,0,0,0,0,0,1,1,0,0,0,0,0,0,0,0,0,0,1,0,1,1,0,1,0,0,-1,0,0,0,0,0,0,0,0,1,0,0,0,0,0,1,0,0,0,0,0,-1,0,0,0,0,-1,0,0,0,1,0,-1,0
2671,0,0,0,0,1,0,0,0,0,0,-1,0,1,0,0,0,0,0,0,0,0,1,0,0,1,-1,0,0,0,0,-1,0,0,0,0,0,-1,1,0,0,0,0,0,0,0,0,0,-1,0,0,0,1,0,0,-1,0,0,0,-1,0,0,0,-1,0
2672,0,0,0,-1,0,0,-1,0,1,0,1,-1,0,0,-1,0,-1,0,-1,0,0,-1,1,0,0,0,1,0,0,-1,0,0,0,0,0,-1,1,1,-1,0,0,0,0,-1,1,-1,1,0,0,0,0,0,0,0,1,-1,1,0,1,0,0,0,1,0
2673,0,0,0,0,0,1,0,0,0,0,0,-1,0,-1,0,0,-1,0,0,0,0,0,1,0,1,1,0,0,1,-1,0,1,0,1,-1,0,0,1,0,0,0,-1,-1,0,0,0,0,0,1,0,0,0,0,1,1,1,1,0,0,0,0,1,0,1
2674,0,0,-1,0,0,0,0,-1,-1,0,0,0,0,0,-1,0,0,0,0,1,-1,-1,0,1,0,0,1,1,-1,0,0,0,-1,0,0,0,0,0,0,0,1,0,0,0,0,-1,0,0,-1,1,-1,0,-1,0,1,0,0,1,1,0,1,-1,0,0
2675,-1,0,-1,-1,0,0,0,0,0,0,-1,0,0,0,-1,0,0,-1,0,-1,0,0,0,0,0,0,0,0,0,0,0,-1,0,0,0,1,0,0,0,0,1,0,0,0,1,0,0,0,0,1,0,1,0,0,-1,0,0,0,0,1,0,0,0,0
2676,0,0,0,0,0,1,0,0,1,1,0,0,0,0,0,1,1,-1,0,1,0,-1,-1,0,0,0,1,0,1,0,0,0,-1,0,1,1,0,-1,0,0,0,0,0,0,-1,0,-1,-1,1,0,-1,0,1,0,0,0,0,0,0,0,1,1,-1,0
2677,0,1,0,-1,0,0,0,0,0,0,-1,1,-1,0,0,1,0,0,1,0,0,0,0,1,0,1,0,0,0,1,0,1,1,0,0,1,1,0,1,0,-1,0,0,0,0,0,0,0,-1,0,0,0,0,0,-1,0,0,0,0,0,0,0,0,-1
2678,0,0,1,1,-1,1,0,0,1,0,-1,0,0,0,0,0,0,1,0,1,-1,0,0,1,0,0,-1,1,0,1,0,0,0,0,0,0,-1,1,-1,0,0,0,-1,-1,0,0,1,0,0,0,0,1,1,1,1,0,0,0,-1,0,0,0,0,0
2679,0,0,-1,0,-1,0,-1,0,0,0,1,0,0,0,0,1,1,0,1,0,-1,1,0,-1,0,0,0,-1,0,0,0,0,0,0,0,0,0,0,0,0,0,1,0,0,0,0,-1,0,0,1,-1,0,0,1,-1,0,-1,1,1,-1,0,-1,0,0
2680,0,0,0,0,0,-1,-1,-1,0,0,1,0,1,0,0,0,-1,0,-1,-1,0,0,0,-1,-1,0,0,0,0,-1,1,0,0,0,0,0,0,-1,0,0,0,0,1,0,0,0,1,0,-1,0,0,1,0,-1,0,0,1,0,0,-1,0,0,-1,-1
2681,0,1,0,0,0,0,1,0,0,0,0,0,0,0,0,-1,0,-1,0,0,0,0,0,0,-1,0,0,0,0,0,1,-1,0,0,0,0,0,0,0,1,1,0,0,1,0,0,0,1,0,0,0,-1,0,0,-1,-1,0,0,0,0,0,0,1,0
2682,0,0,0,0,1,0,0,0,0,0,0,0,0,1,-1,0,0,1,0,0,0,1,0,0,-1,0,0,0,0,0,0,0,-1,0,0,0,-1,0,0,0,0,0,0,0,1,0,0,0,1,0,1,0,0,0,0,0,0,0,0,0,0,0,0,0
2683,0,-1,0,0,-1,0,0,0,1,1,0,0,0,0,1,0,0,0,-1,1,0,0,0,-1,-1,0,0,0,0,-1,0,0,0,0,0,0,1,0,0,-1,0,0,0,0,0,1,0,-1,1,0,0,0,1,-1,1,0,-1,0,-1,0,0,0,1,1
2684,0,0,-1,0,1,0,0,0,0,0,0,0,-1,-1,0,0,-1,1,1,1,1,-1,-1,0,0,0,0,0,0,0,0,1,0,0,0,1,-1,1,0,-1,0,1,1,1,0,-1,0,0,0,1,-1,0,0,0,0,0,1,0,0,0,0,0,0,0
2685,0,0,1,0,1,0,0,0,-1,0,1,1,0,0,0,-1,0,0,-1,0,-1,0,-1,-1,0,0,0,0,0,1,0,0,0,0,0,0,0,0,1,0,0,0,0,0,1,0,-1,1,0,0,0,0,1,-1,0,1,0,-1,0,1,0,-1,0,0
2686,0,-1,0,0,1,1,-1,-1,-1,-1,0,0,1,0,0,-1,0,0,0,-1,1,1,-1,0,1,0,0,1,0,0,0,-1,0,0,0,0,0,0,0,0,-1,1,0,0,0,0,0,0,0,0,0,0,0,-1,0,0,0,-1,1,-1,1,0,0,0
2687,0,0,0,1,-1,-1,0,0,0,0,0,0,1,1,0,1,0,0,0,-1,1,1,0,1,0,0,0,0,0,1,0,-1,0,0,0,1,0,0,-1,-1,-1,0,0,0,0,0,0,0,1,-1,0,-1,0,0,1,0,1,0,0,0,0,0,0,0
2688,0,0,1,0,-1,0,0,0,-1,0,-1,0,0,1,0,0,1,1,0,-1,-1,0,0,0,0,0,1,0,-1,1,-1,-1,1,-1,1,0,-1,1,1,0,0,0,0,0,-1,1,0,0,0,-1,0,0,1,0,0,0,0,1,1,0,-1,0,0,0
2689,0,0,0,-1,0,1,0,0,0,0,1,1,-1,0,0,0,0,0,0,0,-1,1,-1,-1,-1,0,-1,0,0,1,0,0,1,1,0,-1,0,0,0,0,-1,1,1,0,0,0,1,-1,1,1,-1,0,0,-1,0,0,0,0,-1,0,-1,-1,0,0
2690,0,0,0,-1,1,0,-1,1,0,0,-1,0,-1,0,-1,0,0,0,0,0,0,0,0,1,0,0,-1,0,0,1,0,0,-1,1,-1,-1,1,0,0,0,0,0,0,0,-1,0,1,1,0,0,0,0,0,1,0,0,0,-1,0,0,0,1,0,0
2691,-1,0,0,-1,0,0,1,-1,0,0,0,0,-1,1,0,0,0,0,0,0,0,0,1,0,0,0,-1,0,0,-1,0,-1,0,0,-1,1,0,1,0,1,0,0,0,0,0,0,0,-1,0,0,-1,0,0,0,0,0,1,1,0,0,-1,-1,0,0
2692,0,1,0,0,-1,0,0,-1,0,-1,1,0,0,-1,0,0,0,-1,-1,1,0,0,0,0,-1,1,0,0,0,0,0,0,0,0,-1,0,0,-1,0,0,0,0,0,0,0,0,1,0,0,0,1,0,0,0,0,0,1,-1,0,0,0,0,0,0
2693,0,0,0,-1,-1,0,-1,0,0,0,1,0,0,0,0,0,0,0,0,0,0,0,-1,1,0,-1,0,0,0,0,0,0,1,0,-1,1,-1,-1,-1,0,0,0,-1,1,0,1,0,-1,-1,0,0,0,1,0,1,1,-1,0,1,0,0,0,0,1
2694,0,0,0,0,0,0,1,0,0,-1,0,0,0,0,-1,1,0,1,0,0,0,0,0,-1,0,-1,-1,0,0,0,0,0,0,0,0,-1,0,0,0,0,0,0,0,0,0,0,1,0,-1,0,-1,0,0,0,0,0,0,0,-1,0,1,0,0,0
2695,-1,0,0,0,1,0,0,0,0,0,0,1,1,0,0,-1,0,0,0,0,1,0,-1,0,1,0,0,1,-1,-1,1,0,1,0,0,0,0,1,0,0,1,0,-1,1,1,0,-1,-1,0,1,-1,1,0,0,0,0,0,0,0,1,0,-1,-1,1
2696,0,0,0,1,0,0,0,0,0,0,-1,0,0,0,0,-1,-1,1,0,0,-1,-1,0,0,0,0,1,0,0,0,1,-1,0,1,0,0,-1,-1,0,-1,0,0,1,0,0,1,0,0,-1,1,-1,0,0,0,1,0,-1,0,0,0,0,0,-1,0
2697,0,1,0,0,0,1,0,0,0,0,0,-1,-1,0,-1,-1,0,-1,0,0,0,0,1,0,0,0,0,0,-1,0,0,0,1,0,0,0,1,1,0,-1,-1,0,1,0,0,0,0,-1,0,0,0,0,-1,0,0,0,0,0,1,-1,-1,0,1,-1
2698,0,0,0,1,0,1,1,1,0,-1,-1,-1,-1,0,0,1,-1,1,0,1,0,1,0,0,0,0,1,0,1,-1,0,1,0,0,0,0,0,0,1,1,1,0,-1,-1,0,0,0,0,-1,0,1,0,0,-1,1,1,0,-1,0,0,0,0,0,0
2699,0,0,0,0,-1,0,0,0,0,-1,0,1,0,1,0,0,0,0,-1,1,0,0,0,0,1,0,0,0,0,0,-1,0,0,0,0,0,0,0,-1,-1,1,1,0,0,1,1,0,0,0,-1,1,1,0,0,-1,1,0,0,-1,0,0,1,0,0
2700,-1,0,0,1,1,-1,0,0,0,0,0,0,0,0,-1,0,1,0,0,0,-1,1,-1,0,0,0,0,0,0,0,0,0,0,-1,0,0,-1,0,-1,0,1,0,0,0,0,-1,0,1,0,1,0,0,-1,0,0,0,0,-1,-1,0,0,0,0,0
2701,0,0,1,0,-1,0,0,-1,-1,0,-1,0,1,0,0,0,0,0,0,1,1,-1,1,-1,-1,-1,1,0,0,0,-1,0,0,0,0,0,0,1,0,1,0,0,0,0,0,0,0,0,0,1,0,0,0,1,0,0,0,0,1,1,0,0,0,0
2702,0,0,-1,0,0,0,0,0,-1,1,0,1,0,0,0,0,0,1,0,0,0,0,0,0,1,-1,-1,0,-1,0,0,1,-1,0,-1,0,0,0,0,0,0,0,0,-1,0,0,0,0,-1,0,0,0,1,0,0,1,0,0,1,-1,0,-1,0,0
2703,1,1,0,0,0,1,-1,0,-1,-1,1,-1,0,0,0,0,1,0,0,1,0,0,1,0,-1,1,0,1,1,0,0,0,1,0,0,0,0,0,1,0,0,1,0,0,1,0,0,0,0,0,0,0,0,0,1,0,0,-1,0,0,-1,1,1,0
2704,1,0,1,0,-1,0,-1,0,0,-1,0,0,0,0,0,0,1,0,0,0,-1,0,0,0,0,0,0,-1,0,0,1,0,-1,0,-1,0,0,0,0,0,1,0,0,0,0,-1,1,0,0,0,1,0,-1,0,0,1,-1,0,0,0,0,0,0,1
2705,0,0,1,0,0,-1,0,0,-1,0,0,-1,0,0,-1,0,-1,-1,1,-1,0,1,-1,0,0,0,0,-1,1,0,1,-1,0,0,0,0,-1,1,0,-1,0,-1,-1,0,1,-1,1,0,0,-1,-1,0,0,0,-1,1,1,0,0,0,0,-1,0,0
2706,0,0,0,0,1,0,0,0,0,-1,0,0,0,0,0,0,0,0,-1,-1,0,0,1,0,0,0,0,0,0,0,0,-1,0,0,0,0,0,0,0,0,0,-1,0,0,0,1,1,0,-1,0,1,1,0,0,1,-1,0,0,0,-1,0,-1,0,-1
2707,0,0,-1,0,0,0,0,0,0,0,0,0,0,-1,0,1,0,1,0,0,-1,0,0,0,0,1,0,-1,0,0,1,-1,0,1,-1,0,1,0,0,0,1,0,0,0,0,0,0,0,0,0,0,-1,1,0,0,0,0,0,0,-1,-1,0,0,0
2708,0,0,0,0,0,-1,-1,0,0,0,1,-1,0,0,0,-1,0,0,0,0,1,1,-1,1,-1,0,0,1,-1,-1,0,0,1,-1,0,0,0,1,0,-1,0,0,1,-1,-1,0,0,-1,0,0,0,0,0,-1,1,-1,1,0,0,0,-1,-1,0,1
2709,-1,-1,-1,0,0,0,0,0,-1,0,0,0,0,1,0,0,1,0,-1,-1,1,-1,1,0,0,1,-1,1,0,0,1,0,0,0,-1,1,-1,0,0,-1,1,-1,-1,1,0,0,0,-1,0,0,1,-1,1,1,0,0,0,1,-1,0,0,0,0,0
2710,0,0,0,-1,-1,-1,-1,0,0,0,1,1,1,0,0,1,0,-1,1,1,1,0,0,0,0,0,-1,-1,0,0,0,1,0,0,0,0,1,1,0,1,0,-1,0,1,0,0,0,0,0,0,0,0,0,0,1,0,0,1,0,0,-1,-1,-1,-1
2711,0,1,-1,-1,-1,0,0,0,0,0,1,1,-1,0,0,0,0,1,0,0,1,0,0,0,0,0,0,0,0,0,0,0,0,1,-1,1,0,0,0,0,0,0,0,-1,0,0,0,0,0,0,0,0,0,0,0,0,0,0,0,-1,0,0,0,0
2712,-1,0,0,-1,0,1,0,0,-1,0,0,-1,0,0,0,0,0,0,1,0,0,0,0,0,-1,0,0,0,0,0,0,0,0,0,-1,0,0,0,0,0,0,0,0,-1,0,0,-1,0,0,-1,0,0,0,-1,0,0,0,1,-1,1,0,0,0,-1
2713,0,0,-1,1,1,1,-1,0,0,0,0,1,1,0,0,1,-1,1,0,1,0,0,0,0,0,-1,0,0,1,1,0,0,1,0,0,0,0,0,0,0,-1,1,0,-1,0,-1,0,-1,-1,0,0,0,0,0,1,-1,0,1,0,0,0,0,1,0
2714,0,0,1,0,-1,0,0,1,0,-1,1,0,0,0,-1,0,1,0,0,0,1,0,0,0,0,0,0,0,0,1,0,0,1,1,1,0,0,0,-1,0,0,0,0,0,-1,1,-1,0,1,0,-1,-1,0,0,0,1,0,0,0,0,1,-1,-1,0
2715,0,-1,-1,0,0,1,1,0,0,0,0,1,0,0,1,0,0,1,1,0,0,0,0,0,0,0,-1,0,0,1,0,1,1,0,0,0,1,-1,-1,0,0,-1,1,0,0,1,0,0,-1,0,0,0,0,1,0,0,0,0,0,0,0,-1,-1,0
2716,0,0,1,0,0,1,1,0,0,0,0,0,0,0,0,0,0,0,0,0,1,0,1,1,0,0,1,0,0,0,0,-1,0,0,-1,1,0,0,-1,0,1,0,0,0,0,0,1,0,0,0,0,-1,0,0,0,0,0,0,0,0,0,0,0,0
2717,0,1,0,1,0,0,-1,-1,0,-1,1,-1,0,0,0,0,0,-1,0,0,-1,1,0,-1,0,0,0,-1,0,0,0,0,0,0,0,-1,0,0,0,0,1,0,0,-1,0,-1,0,0,0,1,0,0,0,1,0,0,0,1,0,0,0,0,0,0
2718,0,0,-1,0,0,0,-1,0,-1,0,0,0,0,0,0,0,0,-1,-1,0,0,0,0,0,0,0,0,0,0,0,0,0,0,0,0,0,0,0,-1,0,0,0,0,0,0,0,0,1,0,-1,1,-1,-1,-1,-1,-1,0,-1,1,0,0,0,0,0
2719,0,1,0,0,1,0,0,0,0,-1,-1,0,0,0,1,0,-1,0,0,1,0,0,0,0,1,1,0,-1,0,0,1,1,0,0,-1,1,0,0,0,-1,1,0,0,0,0,1,0,1,0,-1,0,0,0,0,1,0,0,0,0,0,0,0,-1,0
2720,0,0,0,1,0,0,0,-1,0,1,0,0,0,0,-1,-1,0,0,0,0,0,0,0,-1,-1,0,1,0,0,0,0,1,0,1,0,0,1,0,0,0,0,0,0,-1,0,0,1,0,0,0,1,-1,-1,0,-1,0,0,0,0,1,0,0,-1,0
2721,0,-1,1,1,-1,0,0,0,0,0,0,0,0,-1,0,-1,0,0,0,0,1,0,0,0,0,0,0,1,0,1,1,0,0,0,0,0,1,0,0,0,0,0,0,1,1,0,0,-1,-1,0,0,0,0,0,0,0,-1,-1,1,0,0,0,1,0
2722,0,-1,0,0,-1,0,0,0,0,0,0,0,0,0,0,0,0,0,-1,-1,0,0,-1,0,0,0,0,0,1,-1,1,1,1,0,0,0,0,1,0,0,0,1,-1,0,1,1,0,0,0,0,0,0,1,0,1,-1,0,-1,0,1,-1,-1,1,0
2723,0,-1,0,0,0,0,-1,0,0,0,0,1,0,0,0,0,1,-1,1,0,0,0,0,0,0,-1,0,0,0,0,0,-1,0,-1,0,0,1,0,1,0,0,0,0,0,1,0,-1,0,-1,0,1,1,1,0,0,0,1,0,0,0,-1,0,0,0
2724,-1,0,0,0,0,0,-1,0,0,0,0,0,0,0,0,0,0,0,1,0,0,0,0,0,0,-1,-1,0,-1,0,0,-1,0,0,0,0,0,0,0,0,0,0,0,0,0,0,-1,1,0,0,0,1,0,0,-1,0,0,0,0,-1,0,0,1,-1
2725,1,0,-1,0,1,-1,0,-1,0,0,1,0,1,0,0,0,0,0,0,-1,-1,0,0,0,0,-1,0,1,0,0,0,0,0,0,1,0,0,0,1,0,0,0,0,1,0,0,0,0,1,0,0,0,0,0,0,0,0,0,0,0,0,-1,0,0
2726,-1,0,-1,0,1,0,0,1,0,0,0,0,1,1,0,0,-1,0,0,0,1,1,1,0,0,0,0,0,0,1,0,0,0,-1,-1,0,0,0,0,0,-1,0,0,-1,0,0,0,0,0,0,-1,0,0,0,1,0,1,0,0,-1,1,0,0,0
2727,-1,0,-1,0,0,0,0,1,-1,0,0,0,0,0,0,0,0,0,0,0,0,0,1,1,0,1,1,1,1,0,0,0,0,0,0,0,-1,0,0,0,0,0,0,0,0,0,0,0,-1,1,0,-1,0,0,0,-1,0,0,0,-1,0,-1,0,-1
2728,0,0,0,0,0,0,0,0,0,-1,0,-1,0,-1,0,0,0,0,0,0,0,0,1,0,-1,0,0,0,0,0,-1,1,0,0,0,-1,-1,0,0,-1,0,0,0,0,0,0,1,1,0,-1,-1,0,-1,0,0,1,1,-1,1,-1,1,0,1,-1
2729,-1,0,0,0,1,0,1,0,0,0,0,0,0,0,-1,0,-1,-1,0,1,0,0,0,1,1,0,0,0,0,-1,0,0,0,0,-1,0,0,0,-1,-1,0,0,1,1,1,0,-1,0,1,0,0,0,0,0,0,0,0,0,0,1,0,0,1,0
2730,0,-1,0,0,-1,0,0,0,0,1,1,0,0,0,-1,-1,-1,0,0,1,1,1,0,1,-1,0,0,0,1,0,0,0,-1,0,0,0,0,-1,0,-1,0,0,0,1,1,0,0,0,0,0,0,0,0,-1,-1,0,0,-1,-1,0,-1,0,0,0
2731,0,1,0,-1,0,0,0,0,-1,-1,0,0,-1,-1,-1,0,0,0,-1,0,0,-1,0,1,-1,-1,0,-1,-1,0,0,-1,0,0,0,-1,1,0,0,-1,1,0,0,0,0,0,0,0,0,0,0,0,0,0,0,1,1,0,-1,0,0,0,1,0
2732,0,1,0,-1,-1,0,-1,-1,-1,0,0,-1,0,0,0,0,1,0,0,0,1,0,0,0,0,0,0,-1,0,-1,1,-1,0,0,0,0,-1,0,0,-1,1,0,0,0,0,0,-1,1,1,1,-1,-1,0,-1,0,0,0,-1,0,0,0,0,0,0
2733,-1,0,0,0,-1,0,0,0,0,0,0,0,0,0,1,1,0,1,1,0,1,0,0,0,1,1,0,0,0,0,0,1,0,-1,1,0,1,1,0,0,0,-1,-1,0,0,0,0,0,0,0,0,0,0,0,0,-1,-1,1,0,0,0,0,0,0
2734,0,0,-1,0,0,-1,0,-1,-1,0,0,0,1,0,0,0,-1,1,1,0,0,0,0,0,0,0,1,0,0,0,1,1,0,0,1,0,0,-1,-1,-1,0,1,1,0,0,-1,0,0,-1,0,1,0,1,0,0,0,0,0,0,0,1,0,1,0
2735,0,0,0,0,1,0,0,1,-1,0,1,0,1,1,1,0,0,1,0,0,1,1,0,0,1,0,1,1,0,0,0,1,0,-1,0,1,1,-1,0,-1,1,0,0,0,0,0,0,1,0,0,0,-1,0,1,0,0,-1,1,0,1,0,0,0,1
2736,0,-1,0,0,1,0,-1,0,0,0,0,0,-1,0,0,0,1,1,0,1,0,-1,0,1,1,-1,0,0,0,0,0,0,0,-1,0,0,0,-1,0,-1,-1,0,0,1,-1,0,1,1,0,0,1,0,1,0,0,0,0,0,0,1,0,1,1,-1
2737,-1,1,0,0,0,0,0,0,0,0,0,0,0,0,0,0,0,0,0,0,-1,0,0,0,0,0,0,0,-1,-1,0,0,0,0,-1,0,0,-1,0,0,0,0,1,0,0,0,0,0,0,0,0,1,0,0,0,0,0,0,0,0,0,0,0,0
2738,0,0,0,0,0,0,0,0,0,0,0,0,0,0,0,0,0,0,0,0,0,0,0,1,1,0,1,0,0,0,0,-1,0,0,0,0,-1,1,1,-1,0,1,1,-1,0,1,0,0,-1,0,1,0,0,-1,0,-1,0,0,0,0,-1,0,-1,0
2739,1,1,0,0,0,0,0,-1,0,1,0,1,-1,0,-1,0,1,0,0,0,0,-1,0,0,1,0,-1,0,0,0,0,1,0,0,-1,0,1,-1,0,0,0,-1,1,0,0,0,0,0,0,-1,0,1,0,0,0,1,0,0,1,0,0,0,1,0
2740,1,0,0,0,0,0,0,1,-1,-1,0,0,-1,0,-1,0,0,0,-1,-1,0,-1,0,0,0,0,0,0,0,0,1,1,0,0,1,0,0,-1,0,-1,1,0,1,1,0,0,0,0,-1,-1,0,0,0,0,0,1,0,-1,0,-1,0,-1,1,0
2741,0,0,0,0,0,0,-1,0,0,0,0,0,0,0,0,-1,0,0,0,0,0,0,1,0,-1,-1,0,-1,0,0,-1,0,-1,0,0,0,-1,0,0,0,0,1,1,0,0,-1,0,1,0,0,0,0,1,0,0,0,0,1,-1,1,1,0,0,1
2742,0,0,0,1,-1,0,-1,0,-1,0,-1,-1,0,1,0,-1,-1,0,0,0,0,0,1,0,0,1,1,0,0,0,0,-1,1,0,0,-1,0,0,1,1,-1,1,-1,0,0,0,-1,0,0,1,0,0,0,0,0,0,0,1,0,0,-1,0,0,1
2743,1,0,0,1,0,0,1,0,0,0,0,1,0,0,0,-1,-1,-1,0,0,-1,-1,0,0,0,0,0,0,0,1,-1,0,0,0,0,0,0,1,1,0,0,1,0,-1,0,0,0,0,1,0,-1,0,-1,0,0,0,0,1,0,1,0,0,0,0
2744,-1,0,-1,0,0,0,0,-1,0,1,1,0,0,-1,0,0,0,0,0,0,0,0,0,1,0,0,0,-1,0,0,-1,0,-1,0,-1,0,-1,0,0,0,0,0,0,0,0,0,0,1,0,0,0,0,-1,0,0,0,0,-1,-1,0,0,0,0,1
2745,1,0,1,-1,0,0,1,1,0,0,-1,-1,0,0,-1,-1,-1,1,0,-1,0,0,0,0,1,0,0,0,1,0,-1,0,1,0,0,-1,0,-1,0,0,0,0,0,0,0,0,-1,0,-1,0,0,1,0,0,0,1,0,0,-1,0,0,0,0,-1
2746,-1,0,0,1,-1,0,-1,0,1,-1,0,0,1,0,1,0,0,0,0,0,0,0,1,0,0,0,0,1,0,1,1,-1,1,1,0,0,1,1,1,0,0,0,-1,0,0,0,-1,1,0,0,1,0,0,0,-1,-1,0,0,0,-1,0,0,0,-1
2747,0,0,0,1,0,1,1,0,0,0,0,1,0,0,0,-1,-1,0,0,0,1,0,0,-1,0,0,0,0,0,0,0,0,0,0,0,0,0,0,0,0,-1,1,0,0,-1,-1,-1,0,0,-1,1,-1,0,1,0,-1,0,0,1,-1,-1,0,1,0
2748,0,1,0,1,0,1,-1,1,0,-1,0,0,0,0,0,-1,0,0,0,0,1,1,1,0,-1,0,1,0,1,0,0,0,1,1,1,-1,1,0,0,-1,0,-1,0,0,0,-1,1,0,1,0,-1,0,0,0,-1,0,-1,-1,-1,0,-1,-1,0,0
2749,-1,1,0,0,1,0,0,0,1,0,0,1,-1,0,0,-1,0,0,0,-1,-1,0,0,0,0,-1,0,0,1,0,1,0,0,0,0,0,0,0,0,-1,0,1,0,1,0,1,0,0,-1,0,0,0,-1,1,-1,0,0,1,1,0,0,0,0,1
2750,-1,0,-1,0,1,0,0,0,0,0,1,1,1,0,0,-1,1,0,0,0,0,0,0,0,0,0,1,0,-1,-1,1,0,1,0,0,0,0,-1,-1,0,0,1,0,0,1,0,0,-1,0,0,0,1,-1,0,-1,0,0,0,0,0,0,0,0,0
2751,0,-1,1,-1,1,0,0,0,0,0,0,0,0,-1,0,-1,0,1,0,0,0,0,0,0,1,0,-1,0,0,0,0,0,1,-1,0,0,1,-1,1,0,0,-1,0,0,1,0,1,0,0,-1,0,0,0,0,-1,1,0,0,0,0,0,1,0,0
2752,0,0,0,1,1,0,0,0,0,1,0,0,0,0,1,0,1,0,0,1,1,1,0,-1,-1,0,0,0,0,-1,0,1,1,1,0,0,1,1,1,-1,0,0,0,0,0,0,0,-1,1,0,-1,0,0,0,0,1,-1,0,-1,-1,0,0,1,-1
2753,0,0,0,1,0,0,0,0,0,1,0,0,1,0,1,0,0,1,0,1,0,0,0,0,0,0,-1,0,0,1,0,0,-1,0,1,1,-1,-1,0,0,1,-1,-1,-1,0,0,0,0,0,0,0,0,1,1,0,0,0,0,1,0,-1,1,0,0
2754,0,1,0,0,0,0,0,1,0,0,-1,0,-1,1,0,0,0,0,0,0,0,0,1,0,0,1,0,0,0,1,0,1,0,1,-1,0,0,0,0,0,1,1,1,0,0,1,0,0,0,1,0,0,0,0,-1,1,0,0,0,0,0,0,0,1
2755,-1,0,0,-1,0,0,-1,0,0,-1,0,-1,1,1,0,1,1,0,1,0,0,0,0,0,0,-1,0,0,0,0,0,0,0,0,0,0,0,0,0,0,0,-1,0,0,0,-1,0,-1,0,0,1,0,0,0,0,0,0,-1,-1,0,0,0,1,0
2756,0,-1,0,0,-1,0,1,0,-1,1,-1,-1,0,0,0,1,0,1,0,0,0,0,0,1,-1,0,0,-1,1,0,0,0,0,0,1,0,-1,1,-1,0,0,0,0,0,0,0,0,0,0,0,0,0,-1,0,0,1,0,0,0,0,1,0,1,0
2757,0,1,0,1,0,0,0,0,0,-1,-1,0,0,0,0,1,0,0,1,0,1,1,0,-1,0,0,0,0,-1,1,0,0,-1,0,0,0,0,1,0,-1,0,1,1,1,-1,-1,0,0,-1,1,0,1,0,0,0,0,1,-1,0,0,0,-1,-1,0
2758,0,-1,0,0,-1,-1,0,0,1,-1,-1,0,0,-1,0,1,1,0,0,0,0,0,1,0,1,0,0,0,0,0,0,0,0,0,0,-1,1,0,0,-1,-1,0,0,0,0,0,-1,0,0,0,0,0,1,-1,0,-1,0,0,0,-1,0,-1,1,1
2759,0,-1,0,0,1,0,0,1,0,-1,0,0,1,0,0,0,-1,0,0,0,0,1,0,0,0,-1,0,1,0,-1,0,0,0,0,0,-1,0,-1,0,0,0,0,-1,0,0,0,-1,1,-1,0,-1,0,0,0,0,0,0,0,0,0,0,0,0,0
2760,0,-1,0,0,0,-1,-1,0,-1,1,1,-1,0,0,0,0,0,0,1,0,0,0,1,0,-1,0,-1,0,0,0,-1,1,0,1,-1,1,0,0,-1,0,0,0,0,0,0,0,1,-1,0,0,0,0,0,0,0,0,0,0,0,0,1,0,0,0
2761,0,1,0,0,0,0,0,0,1,0,0,0,-1,0,-1,1,1,1,0,1,0,0,-1,0,0,0,0,0,0,0,0,0,0,0,0,0,0,1,0,1,0,0,0,0,0,0,-1,0,0,0,0,1,0,0,0,-1,0,-1,0,0,-1,-1,0,-1
2762,1,0,0,0,-1,0,-1,-1,1,-1,0,0,0,0,0,0,-1,0,0,1,0,0,-1,-1,-1,0,1,0,-1,0,1,-1,-1,0,0,1,0,-1,0,1,0,-1,-1,-1,0,0,0,0,0,0,0,1,0,0,-1,-1,0,-1,0,0,1,0,0,0
2763,1,0,0,1,1,-1,0,0,0,0,0,0,0,0,0,-1,0,0,0,0,1,0,-1,0,0,0,0,0,0,1,0,0,0,0,1,-1,1,0,-1,0,0,1,0,0,0,1,0,0,-1,1,0,0,0,-1,0,1,1,-1,0,0,0,0,-1,0
2764,0,0,-1,0,1,0,0,-1,0,0,0,0,1,0,0,0,-1,0,0,-1,0,0,0,0,0,0,0,0,-1,0,-1,0,0,-1,0,-1,0,0,0,-1,1,1,0,0,0,0,0,0,0,-1,-1,0,0,0,0,0,0,0,0,0,0,1,0,1
2765,0,0,0,-1,1,0,0,1,0,0,0,0,0,0,0,0,0,0,1,1,0,0,0,1,0,0,0,0,0,0,0,0,0,0,0,0,0,0,0,1,1,0,0,1,0,0,0,0,1,0,0,0,0,0,0,-1,-1,0,0,1,-1,0,0,0
2766,1,0,0,0,0,0,0,0,0,0,0,0,0,1,0,-1,0,1,0,0,0,-1,0,0,0,-1,0,0,0,0,0,0,-1,1,0,-1,0,-1,1,-1,0,1,0,0,0,0,0,-1,0,0,1,-1,0,1,0,0,1,0,0,1,0,1,0,0
2767,1,0,1,-1,0,0,0,0,1,-1,0,0,1,0,0,1,0,-1,0,0,1,0,0,-1,-1,0,0,1,0,0,0,0,-1,1,-1,1,0,-1,0,0,0,0,1,1,0,0,0,1,1,-1,0,0,0,1,0,1,0,-1,0,-1,0,0,-1,-1
2768,-1,1,0,0,0,0,0,-1,1,0,0,0,0,0,0,1,1,-1,0,0,0,0,0,-1,1,-1,1,0,1,-1,0,0,0,0,0,0,0,0,0,0,1,0,0,0,0,0,-1,0,0,0,0,0,0,0,-1,1,0,1,-1,0,-1,0,-1,0
2769,0,0,0,0,0,-1,-1,0,0,0,-1,-1,0,0,0,1,0,1,0,0,0,0,1,0,0,0,0,1,0,0,0,1,0,0,1,-1,-1,-1,0,0,0,0,1,0,0,0,0,-1,1,-1,-1,0,-1,1,-1,0,-1,0,0,0,0,0,0,-1
2770,0,0,0,0,0,0,0,0,0,0,-1,0,0,0,0,0,1,0,0,0,0,1,0,-1,0,0,0,0,-1,0,-1,1,1,1,0,0,0,0,0,-1,-1,-1,0,1,0,0,0,0,0,0,0,0,0,0,0,0,-1,0,0,0,0,1,-1,0
2771,1,0,0,-1,0,0,0,0,0,-1,0,0,0,0,0,-1,0,-1,1,0,-1,0,0,0,-1,1,-1,0,0,-1,-1,0,1,0,0,0,1,0,0,0,0,-1,0,0,0,0,-1,0,-1,0,0,1,0,0,1,0,1,0,0,0,0,0,0,0
2772,0,-1,0,1,0,0,1,0,0,-1,-1,-1,0,-1,0,-1,-1,1,0,0,0,0,0,1,0,0,-1,0,0,0,0,-1,-1,0,0,0,1,0,1,1,0,0,0,-1,0,0,-1,-1,0,0,-1,1,0,1,0,0,1,-1,0,0,1,0,0,0
2773,0,0,-1,0,1,0,0,1,1,0,0,0,-1,0,0,1,0,0,0,0,0,-1,0,0,-1,-1,0,0,0,0,1,0,0,0,1,0,1,1,1,1,-1,-1,-1,0,0,0,0,0,0,0,-1,0,0,1,0,0,0,1,0,0,0,0,0,-1
2774,1,0,1,0,0,1,0,0,1,0,-1,0,0,0,-1,0,1,0,0,0,0,1,0,0,0,1,-1,1,0,0,0,0,1,0,-1,0,0,-1,-1,0,1,0,-1,0,1,0,-1,0,0,-1,-1,0,0,0,1,0,0,1,0,-1,0,0,1,1
2775,0,-1,0,-1,0,0,0,0,0,-1,-1,0,-1,-1,0,0,0,0,0,1,0,-1,1,0,0,0,-1,0,-1,0,0,1,0,1,0,0,0,-1,0,0,0,0,0,0,0,0,0,0,-1,0,0,0,1,0,0,0,0,-1,0,0,0,0,0,-1
2776,0,-1,1,0,-1,1,0,0,0,0,0,0,0,0,0,-1,0,0,0,-1,0,1,-1,-1,0,1,0,0,0,0,0,1,0,1,0,0,1,-1,0,-1,0,0,0,0,-1,0,1,0,0,0,-1,0,0,1,0,0,-1,1,0,1,0,0,0,0
2777,0,0,1,0,0,1,-1,0,0,1,0,0,0,0,0,0,1,0,1,0,0,-1,0,-1,1,-1,1,0,0,0,0,-1,-1,1,0,0,0,0,1,1,0,0,0,0,1,1,0,1,0,0,-1,1,1,-1,0,0,0,0,0,-1,0,0,-1,0
2778,-1,0,1,-1,1,0,0,0,-1,-1,1,0,0,0,0,0,0,0,0,0,0,0,0,1,-1,1,1,0,0,0,1,0,0,-1,0,-1,-1,0,1,-1,0,0,-1,0,0,-1,0,1,0,0,-1,0,1,0,0,0,1,0,-1,0,-1,0,0,0
2779,-1,0,-1,0,0,0,0,0,-1,0,-1,-1,0,0,0,1,0,0,-1,1,0,0,-1,0,0,0,0,0,0,-1,0,0,1,-1,0,0,0,0,1,0,0,0,0,1,-1,0,0,0,1,0,1,0,0,0,0,1,0,0,0,-1,0,1,0,0
2780,0,0,0,0,0,1,0,0,0,0,-1,0,0,0,0,0,0,0,1,0,0,0,1,0,0,0,0,0,-1,-1,0,-1,0,-1,0,0,0,0,0,0,0,0,0,1,0,-1,0,0,1,-1,1,-1,-1,1,0,0,0,0,1,-1,1,0,0,0
2781,0,0,0,0,0,0,-1,-1,0,1,0,0,0,0,1,0,0,-1,0,0,0,-1,0,0,1,0,0,-1,0,0,0,0,1,0,0,0,0,0,0,0,0,0,0,-1,1,-1,0,1,0,-1,1,0,0,0,0,-1,1,-1,-1,0,0,0,1,0
2782,-1,0,0,1,1,0,0,0,0,0,0,0,1,0,0,0,0,-1,0,0,1,0,0,-1,0,0,0,0,0,1,0,1,0,0,0,1,-1,-1,0,0,1,0,0,0,0,0,1,0,0,0,1,0,-1,0,0,0,0,-1,-1,0,0,0,0,0
2783,0,0,0,0,1,0,0,0,0,0,-1,1,0,0,0,0,0,-1,0,0,-1,0,0,0,0,-1,1,0,0,0,1,0,0,0,0,0,0,0,1,-1,0,0,0,-1,1,0,-1,0,0,0,0,0,1,0,0,0,0,-1,0,1,0,-1,0,0
2784,0,-1,-1,1,0,0,-1,0,-1,1,0,0,0,0,1,0,0,1,1,0,0,-1,0,0,0,0,0,0,0,0,-1,0,0,0,0,1,0,0,0,0,0,-1,0,0,0,0,0,1,1,0,0,0,0,1,1,0,0,0,0,0,0,-1,0,0
2785,0,0,-1,0,-1,0,0,-1,0,-1,-1,1,0,1,-1,0,0,0,0,0,0,0,1,0,0,1,0,0,0,0,-1,-1,1,0,-1,-1,0,0,1,0,0,1,0,0,0,0,-1,-1,0,0,0,0,-1,-1,0,0,0,0,1,0,-1,0,1,1
2786,0,0,0,1,1,0,0,0,0,1,0,0,0,-1,0,0,0,1,0,0,1,0,1,0,0,0,-1,0,-1,0,0,0,0,1,0,0,-1,-1,-1,1,0,0,0,1,0,0,0,0,0,0,0,1,0,-1,0,0,0,0,0,-1,-1,0,0,-1
2787,-1,0,0,1,0,1,0,0,1,0,0,0,0,0,0,0,-1,0,0,0,-1,0,1,-1,1,-1,0,0,0,0,0,1,-1,0,0,0,0,-1,0,1,1,0,0,0,-1,0,0,0,-1,0,0,0,-1,-1,0,0,0,1,0,0,0,0,1,-1
2788,0,0,0,0,-1,0,0,0,0,0,0,0,0,1,0,0,0,0,0,0,1,0,1,0,1,0,-1,0,-1,0,0,0,0,0,0,0,0,0,1,1,0,0,0,-1,1,0,0,0,0,0,0,0,0,0,0,-1,0,-1,0,1,-1,0,1,-1
2789,-1,0,0,-1,0,0,0,1,-1,-1,0,0,0,-1,0,0,-1,0,-1,0,0,0,1,0,0,0,0,0,0,0,-1,-1,1,0,1,1,0,-1,0,0,0,0,0,0,-1,0,-1,-1,0,0,1,0,0,0,-1,0,0,-1,1,1,-1,0,0,-1
2790,0,0,0,1,0,0,0,0,0,0,0,0,0,0,-1,0,0,1,0,0,0,0,0,1,1,0,0,0,0,0,0,0,0,0,0,0,0,1,0,0,0,0,-1,0,1,0,0,-1,0,0,0,-1,1,0,0,0,0,0,0,1,0,-1,0,1
2791,0,0,1,0,0,0,0,0,0,0,0,0,1,0,0,0,1,0,0,1,0,0,0,0,0,0,-1,0,-1,0,1,0,0,-1,-1,0,0,0,0,0,1,1,0,1,1,0,0,0,0,1,0,0,0,0,0,0,1,0,-1,0,0,-1,0,1
2792,0,0,1,0,-1,-1,0,1,0,0,-1,1,0,-1,-1,0,0,-1,0,1,0,1,-1,1,1,0,1,0,0,0,0,0,0,1,-1,0,0,0,0,0,0,0,0,0,0,0,0,-1,-1,0,0,1,0,-1,0,-1,0,-1,0,0,0,1,-1,0
2793,0,1,1,0,0,0,0,0,0,0,0,-1,1,1,0,0,0,1,0,-1,0,0,0,0,0,0,0,0,0,0,1,0,0,0,0,0,1,0,0,0,0,0,0,0,0,1,0,0,0,0,0,-1,1,0,0,0,-1,0,0,1,0,0,0,-1
2794,1,0,-1,0,0,0,0,-1,0,1,0,-1,-1,0,-1,0,-1,-1,0,0,0,0,0,0,0,0,0,0,0,-1,1,0,0,-1,-1,1,0,1,0,0,1,-1,0,0,0,-1,0,0,0,0,1,-1,0,1,0,0,0,0,-1,-1,0,0,1,0
2795,0,0,0,-1,0,0,-1,0,0,1,-1,0,-1,0,0,0,0,-1,-1,0,0,0,1,0,0,-1,1,0,0,0,0,0,0,1,0,0,0,0,-1,-1,0,0,-1,1,-1,-1,0,0,-1,-1,-1,0,0,-1,0,0,0,0,0,-1,0,0,0,-1
2796,0,0,0,1,0,1,0,0,0,0,0,0,1,-1,0,0,0,0,-1,0,0,0,-1,0,0,1,0,0,0,1,0,-1,0,-1,0,0,0,0,0,0,1,-1,1,-1,0,1,0,0,0,0,0,0,0,0,1,1,0,0,0,0,0,0,0,0
2797,0,1,0,0,1,0,0,0,0,1,0,1,1,0,0,0,-1,0,0,1,0,-1,0,1,0,1,0,1,0,0,0,1,-1,0,0,0,0,0,0,1,-1,0,-1,0,0,1,0,-1,1,0,0,0,0,-1,-1,1,-1,0,0,1,-1,0,1,-1
2798,0,-1,0,1,0,-1,0,0,0,0,0,0,0,0,0,-1,0,0,0,0,0,0,-1,0,1,1,-1,-1,0,1,1,0,0,-1,0,0,1,0,0,0,0,-1,0,0,0,1,1,0,0,0,0,1,-1,1,0,-1,0,0,0,0,0,0,0,0
2799,0,0,0,-1,0,0,1,0,1,0,0,0,-1,-1,0,0,0,0,0,1,-1,0,0,0,1,0,0,1,0,0,0,0,-1,0,0,0,-1,0,1,0,0,0,-1,-1,1,0,-1,0,1,1,-1,0,0,0,0,-1,1,0,1,-1,0,0,0,0
2800,0,-1,-1,0,-1,-1,0,0,1,-1,-1,0,-1,0,-1,0,-1,0,0,0,-1,-1,0,0,0,0,0,-1,0,0,1,-1,1,0,0,0,0,1,-1,1,0,0,0,0,0,0,0,-1,0,-1,0,0,-1,0,0,-1,0,-1,0,0,0,0,0,0
2801,1,0,0,-1,0,-1,0,-1,0,0,0,1,0,1,0,1,1,-1,1,1,0,-1,-1,-1,0,0,0,0,0,-1,-1,0,0,0,0,-1,-1,0,0,0,-1,0,0,0,0,0,0,-1,0,0,0,0,0,1,0,0,-1,0,-1,0,0,-1,0,0
2802,0,0,1,0,1,0,0,0,1,1,0,0,0,0,0,-1,0,-1,0,0,1,0,0,0,0,0,-1,0,0,-1,0,0,0,0,0,1,0,0,-1,0,0,0,0,0,1,1,-1,-1,0,-1,0,0,0,-1,0,-1,1,0,1,1,0,0,0,0
2803,0,0,0,0,0,1,0,0,0,0,0,0,0,0,0,0,-1,0,1,0,0,0,0,0,1,-1,-1,0,0,0,0,0,0,0,0,-1,-1,1,0,0,1,0,0,0,1,0,0,0,0,0,0,0,1,-1,0,-1,1,0,0,0,0,1,-1,0
2804,0,0,1,0,0,1,0,0,0,0,0,0,0,0,0,1,0,0,0,0,0,0,1,0,0,-1,0,0,1,0,0,-1,0,0,0,1,0,0,0,0,0,1,1,0,0,-1,0,0,1,-1,1,-1,1,0,-1,0,0,-1,-1,0,-1,0,0,0
2805,-1,0,0,0,-1,0,0,1,0,0,0,0,0,0,0,1,0,0,-1,0,-1,0,0,0,0,0,0,-1,0,-1,-1,0,0,0,0,0,1,0,0,1,0,0,0,0,0,1,0,0,0,-1,1,0,1,1,0,0,0,0,0,0,0,1,1,1
2806,-1,0,-1,1,0,0,0,0,1,0,0,-1,0,0,-1,0,0,-1,0,0,0,-1,0,-1,0,0,0,-1,0,0,0,0,0,0,0,0,0,-1,1,0,0,1,0,1,0,0,0,0,0,0,0,-1,1,0,0,0,0,-1,0,0,1,0,-1,0
2807,0,-1,0,1,0,0,0,0,0,0,0,0,0,0,1,1,0,1,0,0,0,0,0,0,1,0,0,0,0,0,0,0,0,-1,0,-1,-1,0,1,0,-1,0,0,0,0,0,0,-1,0,1,0,-1,0,-1,-1,1,-1,1,0,1,0,0,0,0
2808,0,1,0,0,-1,-1,1,0,-1,0,0,0,0,0,0,0,0,-1,0,0,0,1,0,0,-1,0,-1,-1,0,0,0,1,0,0,0,1,0,0,-1,0,0,1,0,-1,0,0,-1,0,0,0,-1,-1,-1,0,0,0,0,0,0,0,0,0,0,0
2809,-1,-1,0,0,0,1,0,-1,1,0,0,0,0,0,0,0,-1,1,-1,0,0,1,0,-1,0,0,0,0,-1,0,0,0,0,0,0,0,0,0,-1,-1,0,0,-1,1,1,0,0,0,1,0,0,0,0,0,1,1,-1,0,0,0,0,0,0,0
2810,0,0,0,0,0,-1,0,0,1,0,1,0,0,0,-1,1,1,1,-1,0,0,-1,0,1,0,0,-1,0,-1,0,1,1,0,0,0,1,0,0,0,0,0,0,0,0,0,1,0,-1,0,1,1,0,0,1,1,0,0,-1,-1,0,1,0,1,-1
2811,0,0,0,0,1,-1,0,0,0,0,0,0,0,1,0,0,1,0,0,-1,0,-1,1,1,0,1,0,0,-1,1,-1,0,0,1,0,0,0,0,1,0,-1,1,1,0,0,0,0,-1,-1,0,0,0,0,0,0,0,0,0,0,0,0,1,-1,-1
2812,0,-1,0,0,1,0,-1,0,-1,0,1,0,0,0,0,0,-1,0,-1,1,0,1,0,0,0,0,0,0,0,0,0,0,0,1,0,0,-1,0,0,0,0,0,0,0,0,-1,1,0,-1,0,1,1,0,0,0,0,0,0,-1,-1,0,0,0,-1
2813,0,0,0,0,-1,0,0,0,0,0,0,0,0,-1,-1,-1,0,0,1,1,0,0,0,1,0,0,0,0,0,0,1,0,-1,0,0,0,-1,0,0,1,-1,1,0,0,0,0,0,0,0,-1,-1,0,0,0,0,0,0,-1,0,0,-1,0,-1,-1
2814,0,-1,1,0,0,0,1,1,0,0,0,0,0,1,1,-1,0,0,0,0,0,0,0,1,0,0,1,1,0,0,-1,0,0,-1,0,1,0,0,1,0,0,-1,1,0,0,0,-1,1,0,0,0,1,0,0,1,0,-1,0,0,0,1,1,0,0
2815,0,0,0,0,0,1,0,0,0,0,0,0,0,0,0,0,0,0,0,-1,-1,1,0,1,0,0,0,-1,0,1,-1,-1,0,0,0,0,-1,0,1,-1,0,-1,0,0,0,-1,0,0,0,-1,0,-1,0,0,-1,-1,-1,-1,0,0,0,-1,0,0
2816,1,0,1,0,0,0,1,0,0,1,0,-1,0,0,0,0,1,-1,0,0,1,1,0,-1,0,0,0,0,0,0,0,0,0,0,0,-1,-1,0,0,0,0,0,0,0,0,0,0,0,0,0,0,0,1,0,0,0,1,0,0,0,-1,0,0,0
2817,0,0,0,1,0,0,0,0,0,0,-1,0,0,0,0,0,0,0,0,0,0,-1,0,0,0,1,1,-1,0,-1,0,0,1,0,0,0,0,0,-1,-1,0,0,0,0,1,0,1,0,-1,0,1,0,0,0,0,0,0,1,0,0,0,-1,1,1
2818,-1,0,0,0,0,0,0,-1,-1,-1,1,0,0,0,0,-1,0,-1,0,-1,1,0,0,0,0,-1,-1,0,0,0,0,0,0,1,0,0,0,0,0,1,-1,0,-1,0,1,0,-1,0,0,0,0,0,0,-1,-1,0,0,0,0,0,-1,0,0,0
2819,1,0,0,0,0,0,0,-1,1,0,0,0,-1,-1,0,1,1,1,0,0,-1,-1,1,1,1,0,1,0,0,0,0,0,1,-1,1,0,0,-1,-1,1,0,0,0,0,0,1,-1,0,0,1,-1,0,0,-1,0,0,0,0,0,0,0,0,0,-1
2820,1,-1,-1,-1,0,-1,0,0,0,0,0,-1,0,0,-1,-1,-1,0,0,0,-1,1,1,0,0,0,0,0,0,0,1,1,0,0,0,0,0,-1,0,0,1,1,-1,-1,0,-1,0,1,0,1,-1,0,0,1,-1,-1,0,0,0,-1,1,1,0,0
2821,0,-1,0,1,-1,1,0,0,-1,-1,0,0,0,0,0,0,0,1,1,1,0,0,0,-1,-1,0,0,0,0,0,0,1,0,0,0,-1,1,0,0,0,0,0,-1,-1,0,0,-1,0,0,-1,1,0,1,0,0,0,0,0,0,0,0,0,0,0
2822,0,0,0,0,0,0,1,0,0,1,0,1,0,-1,-1,-1,0,1,1,0,0,0,-1,-1,1,1,-1,0,0,0,0,-1,0,1,0,-1,0,0,-1,0,1,0,0,1,0,0,-1,0,0,0,0,0,1,-1,0,-1,0,0,0,0,0,-1,1,0
2823,-1,0,0,-1,0,0,-1,1,1,0,1,0,0,0,0,-1,0,0,0,0,0,0,1,-1,-1,0,0,0,0,1,1,0,0,0,1,0,-1,0,0,-1,0,-1,0,0,0,0,0,0,-1,0,0,1,0,0,0,0,1,0,0,0,1,1,1,1
2824,0,1,0,0,-1,0,0,0,1,-1,0,0,0,-1,0,0,0,-1,0,0,-1,0,0,0,0,-1,-1,0,0,1,-1,0,-1,0,0,1,1,0,0,0,1,-1,0,0,-1,0,0,0,0,1,0,0,0,0,0,1,-1,1,1,-1,0,-1,0,0
2825,0,0,0,0,0,-1,0,-1,0,0,0,0,0,0,1,0,-1,0,-1,0,0,0,0,0,0,0,0,0,0,0,0,0,1,0,0,0,1,-1,0,0,1,0,-1,-1,0,0,0,0,0,0,0,1,1,0,1,0,0,1,0,1,0,0,1,0
2826,0,0,-1,-1,1,1,0,-1,1,0,0,0,0,-1,0,0,0,-1,-1,0,0,0,-1,1,1,-1,0,0,0,0,0,0,0,0,-1,0,0,0,0,-1,0,0,0,-1,0,0,0,-1,-1,0,1,0,1,-1,0,0,0,0,1,-1,-1,0,0,0
2827,0,0,0,1,0,0,0,0,0,0,-1,1,-1,0,0,-1,0,0,0,-1,0,-1,-1,0,0,0,0,0,1,0,0,0,0,0,0,-1,-1,0,0,0,0,0,-1,0,0,0,0,-1,0,0,0,0,0,1,-1,0,0,0,1,1,0,0,0,-1
2828,0,-1,0,1,0,0,0,0,1,0,0,0,1,0,0,-1,-1,-1,-1,0,0,0,0,0,0,1,1,0,1,0,-1,0,0,0,0,0,-1,0,0,-1,-1,0,1,0,0,0,1,0,0,0,0,1,0,0,0,0,-1,0,0,0,-1,0,1,0
2829,1,-1,-1,0,0,0,0,0,-1,0,1,0,-1,-1,-1,0,0,0,0,-1,-1,1,0,0,0,0,0,-1,0,0,1,0,0,0,0,-1,-1,0,0,0,-1,-1,0,1,-1,0,0,1,0,1,0,0,0,1,0,1,1,0,0,-1,0,-1,0,0
2830,0,1,0,-1,0,0,1,0,0,0,0,0,0,0,0,1,0,0,0,0,0,0,0,0,0,0,0,0,-1,0,0,0,0,1,0,0,0,0,1,1,0,0,0,0,-1,0,0,1,-1,0,-1,0,-1,0,1,-1,0,0,0,0,0,0,1,1
2831,1,0,1,0,0,0,0,0,0,0,1,0,0,0,0,1,0,0,0,0,0,0,-1,0,0,0,0,0,0,0,0,0,0,0,0,0,-1,1,0,0,0,0,0,0,0,0,0,0,-1,0,-1,-1,0,-1,1,1,0,0,0,1,0,0,1,0
2832,0,-1,0,0,1,1,1,0,0,1,-1,0,0,1,0,-1,-1,0,-1,0,0,-1,0,0,-1,1,0,0,1,0,0,0,0,0,0,0,0,-1,1,0,-1,0,0,1,0,0,0,0,0,1,0,-1,0,0,0,0,-1,0,0,0,1,-1,0,1
2833,0,-1,0,-1,-1,-1,0,1,1,0,0,1,0,-1,0,1,-1,1,0,-1,0,1,0,0,0,0,-1,-1,0,0,0,0,0,1,1,1,0,0,1,1,0,0,-1,-1,0,1,0,-1,0,1,0,1,0,1,0,0,0,1,-1,1,0,0,0,-1
2834,0,0,0,0,0,0,0,-1,0,-1,1,1,-1,0,0,0,1,-1,0,0,0,0,1,-1,1,0,-1,-1,-1,0,0,0,0,1,1,0,0,0,0,0,-1,0,1,-1,1,-1,0,0,0,-1,-1,0,0,0,0,0,0,1,0,1,0,-1,0,0
2835,-1,0,0,-1,0,0,1,0,1,1,-1,0,0,0,0,0,0,-1,0,0,0,0,0,0,0,0,0,0,0,0,0,0,0,0,0,-1,-1,0,-1,0,0,0,-1,0,0,0,1,0,0,-1,-1,0,1,0,1,1,0,0,0,-1,0,0,-1,0
2836,-1,1,-1,-1,1,0,0,0,0,0,-1,0,0,0,0,0,0,0,1,-1,0,0,1,-1,0,0,0,0,1,1,-1,0,-1,0,0,0,0,1,0,0,-1,0,0,0,0,0,0,0,0,-1,-1,0,0,0,1,1,0,1,0,0,1,0,0,0
2837,-1,0,0,0,0,-1,0,0,0,0,0,0,-1,1,0,-1,-1,0,-1,0,-1,0,1,0,1,0,0,0,0,0,-1,-1,1,0,-1,-1,0,-1,0,0,1,0,1,1,0,-1,0,0,-1,-1,0,1,0,-1,0,0,1,1,0,-1,0,0,0,1
2838,-1,0,0,0,1,0,0,0,0,0,-1,0,0,0,0,0,1,0,0,-1,0,1,0,0,0,0,0,1,0,-1,0,-1,0,1,0,0,0,0,0,0,-1,1,0,0,1,-1,-1,0,0,1,0,-1,0,1,1,0,0,-1,1,0,0,0,0,0
2839,0,0,-1,0,-1,0,-1,0,0,-1,1,0,0,-1,-1,-1,0,0,-1,0,0,0,0,1,0,1,1,0,0,0,0,0,0,0,0,0,1,0,0,0,0,1,0,0,0,-1,-1,1,0,-1,1,0,-1,1,-1,0,1,0,0,1,0,0,0,0
2840,0,0,0,-1,1,-1,0,-1,0,-1,0,0,0,-1,0,0,0,0,0,-1,1,0,0,1,0,0,0,-1,-1,0,0,0,0,0,0,0,0,-1,-1,0,-1,1,0,0,0,0,-1,0,0,0,0,0,0,0,0,1,0,-1,0,0,0,0,1,0
2841,0,0,1,0,0,-1,0,0,0,1,0,0,0,-1,1,-1,0,-1,-1,0,0,-1,1,0,0,0,0,-1,0,0,-1,1,0,1,0,1,0,0,1,0,0,-1,0,0,1,0,0,0,0,1,0,1,0,0,0,0,0,0,-1,0,0,1,1,0
2842,0,-1,-1,0,0,0,0,0,1,0,0,0,0,0,1,0,0,0,0,0,0,0,0,0,0,1,1,1,0,1,-1,0,0,0,0,0,0,1,0,0,1,0,0,1,-1,0,0,-1,1,0,0,0,0,1,0,0,0,1,0,0,1,0,0,0
2843,1,0,-1,1,-1,0,0,0,1,0,-1,0,0,0,1,0,-1,-1,0,0,1,0,0,0,0,0,0,0,0,0,-1,0,0,0,0,0,-1,0,0,0,-1,0,1,-1,1,0,0,1,-1,0,1,-1,0,0,0,-1,0,0,0,1,1,0,1,0
2844,1,0,0,0,-1,0,1,0,0,0,0,0,0,0,0,0,0,0,0,0,1,-1,1,0,-1,1,0,0,0,0,1,-1,0,0,-1,0,0,0,-1,0,0,0,0,0,0,0,1,0,0,0,0,0,0,0,-1,0,0,1,0,0,0,0,0,0
2845,0,0,0,0,0,1,-1,0,0,0,-1,1,0,0,-1,0,1,0,0,0,-1,1,0,0,0,0,0,0,0,0,0,0,0,0,0,0,0,0,-1,0,1,-1,0,-1,0,1,0,0,0,1,0,1,1,-1,0,0,1,0,1,0,0,1,0,0
2846,-1,-1,-1,-1,1,0,0,0,0,1,1,0,0,0,0,0,0,0,1,0,1,0,0,-1,0,0,1,0,0,-1,0,0,-1,0,0,0,0,0,0,0,1,0,0,0,0,0,1,0,-1,1,-1,0,0,0,-1,0,-1,0,0,1,0,1,-1,0
2847,0,1,0,0,-1,-1,0,-1,1,0,0,0,0,0,0,0,0,0,-1,0,-1,0,0,0,0,1,0,0,0,0,0,0,0,-1,-1,1,0,0,1,-1,1,0,0,0,1,0,0,-1,0,-1,0,0,-1,0,0,0,0,-1,0,0,-1,0,1,0
2848,0,0,0,0,0,1,0,0,1,0,1,0,-1,0,0,0,0,1,0,1,0,1,0,-1,1,0,1,0,0,-1,0,1,1,0,0,0,0,0,0,0,0,0,0,0,0,1,-1,0,0,-1,1,0,-1,1,0,0,1,1,0,0,0,0,0,-1
2849,0,0,0,0,0,0,0,-1,-1,0,-1,0,-1,0,0,0,0,0,-1,1,0,0,0,0,0,0,0,0,0,0,-1,0,-1,0,-1,0,1,0,0,0,0,-1,-1,0,0,1,1,-1,0,1,1,-1,0,-1,0,0,0,0,0,0,0,0,-1,0
2850,0,0,0,0,0,-1,0,0,0,0,0,0,-1,0,0,0,1,0,0,0,-1,1,0,0,0,0,0,0,0,-1,0,-1,0,0,0,0,-1,1,-1,0,0,-1,0,1,0,-1,0,0,0,1,0,-1,-1,0,0,0,-1,-1,0,0,0,-1,-1,-1
2851,0,0,1,0,0,1,0,0,0,-1,-1,-1,0,0,0,0,0,0,0,1,-1,-1,-1,0,0,0,0,0,0,0,-1,0,0,0,0,0,1,-1,-1,0,0,1,-1,0,0,0,0,0,1,-1,0,0,1,-1,0,-1,0,0,0,1,0,0,0,0
2852,1,0,0,0,0,-1,0,0,0,0,-1,1,0,0,-1,0,0,0,0,0,0,1,0,0,0,0,0,1,0,1,-1,0,0,0,0,0,0,0,0,0,-1,0,0,0,-1,0,0,0,0,-1,0,1,-1,0,0,0,0,0,0,0,0,1,-1,0
2853,0,0,0,0,1,1,1,0,1,0,0,-1,0,0,0,0,-1,-1,0,1,0,1,-1,0,-1,1,-1,0,0,-1,1,0,0,1,-1,0,0,1,1,-1,1,0,0,0,1,1,-1,0,1,1,-1,0,0,-1,0,-1,0,0,0,0,1,0,0,1
2854,0,1,1,-1,1,0,0,0,-1,0,0,1,-1,0,0,1,0,0,-1,0,0,0,0,0,0,0,0,0,-1,-1,0,0,0,0,0,0,0,-1,0,1,0,1,0,-1,0,0,0,1,-1,0,0,-1,-1,0,0,0,1,0,0,-1,-1,0,-1,1
2855,0,-1,0,0,0,0,0,0,0,0,1,-1,0,1,0,0,1,1,0,0,0,1,0,0,0,0,0,0,0,0,-1,0,0,0,0,1,0,0,0,0,-1,1,0,-1,0,-1,0,0,0,1,0,0,-1,0,0,0,0,1,0,0,0,0,0,1
2856,0,0,1,0,0,0,0,0,1,0,0,-1,-1,0,0,0,0,0,0,0,0,1,0,0,0,0,0,-1,0,0,0,1,0,0,0,-1,0,0,0,-1,0,1,-1,0,0,0,0,0,0,0,0,0,1,1,0,0,0,1,1,0,0,-1,0,1
2857,0,1,0,-1,0,0,0,0,0,-1,0,0,0,-1,1,0,0,1,0,0,0,0,0,0,0,0,1,0,0,-1,0,-1,1,0,0,-1,0,0,0,0,-1,-1,0,0,0,1,0,-1,0,0,1,0,-1,0,0,0,-1,-1,1,0,0,0,0,0
2858,0,0,0,0,-1,0,0,0,1,0,1,1,0,-1,-1,0,-1,0,0,0,0,0,0,0,-1,0,0,1,-1,0,1,0,0,0,-1,0,0,0,0,0,0,0,0,-1,0,0,0,1,0,-1,0,0,0,-1,-1,0,0,-1,0,1,-1,1,-1,0
2859,1,0,0,0,0,0,0,-1,0,0,-1,1,0,1,0,-1,0,0,-1,1,-1,0,0,0,1,0,-1,0,0,1,-1,-1,0,-1,-1,1,0,0,0,0,0,-1,0,-1,0,0,0,0,0,0,0,0,0,0,0,0,0,0,0,0,0,0,1,0
2860,-1,0,0,0,0,1,0,0,0,0,0,0,1,0,0,0,0,0,-1,0,-1,0,0,-1,0,0,0,0,0,0,-1,-1,0,0,0,0,0,0,0,0,0,0,1,0,1,-1,0,1,0,-1,1,-1,0,0,0,1,-1,-1,-1,0,1,0,-1,-1
2861,0,0,0,0,0,-1,0,0,1,-1,0,1,0,0,0,-1,0,0,0,0,0,0,-1,0,0,0,0,0,0,1,1,1,0,0,1,0,0,-1,-1,0,0,0,0,0,0,-1,-1,1,1,0,-1,0,0,1,0,0,1,0,1,0,0,-1,1,0
2862,1,0,-1,0,0,0,0,1,0,0,0,-1,1,-1,1,0,-1,1,-1,0,-1,-1,0,0,0,0,0,1,0,0,0,1,0,0,0,0,-1,0,-1,0,0,0,0,0,0,1,0,0,0,0,0,0,1,1,0,-1,0,-1,1,0,1,-1,0,0
2863,-1,-1,0,0,0,0,0,0,1,-1,0,0,0,0,0,0,0,0,1,0,0,1,0,0,0,0,-1,0,1,0,-1,0,0,0,0,0,-1,0,0,0,0,0,1,0,0,0,0,0,0,0,1,-1,0,0,0,0,0,0,0,0,0,0,0,0
2864,-1,-1,0,0,0,0,0,0,0,0,1,0,-1,0,1,0,1,1,0,0,0,0,0,0,0,0,0,0,0,0,0,-1,-1,0,-1,0,0,0,0,1,0,1,0,0,0,0,-1,0,0,-1,0,0,0,-1,0,-1,0,0,0,0,1,0,0,0
2865,-1,0,0,-1,0,-1,1,0,-1,0,0,-1,-1,-1,-1,0,1,0,0,-1,0,1,0,0,1,0,0,-1,1,0,-1,0,0,1,0,0,0,0,0,1,0,0,0,0,0,0,0,0,0,1,0,1,0,0,-1,0,0,0,0,-1,1,0,-1,0
2866,0,0,-1,0,-1,0,-1,1,0,0,0,0,1,0,1,0,-1,0,0,0,0,1,0,0,0,0,0,0,-1,0,0,-1,1,0,0,0,0,0,0,0,-1,0,-1,1,0,1,1,0,0,0,0,-1,0,0,0,0,0,0,1,0,0,-1,0,1
2867,1,0,0,0,-1,0,0,0,0,1,0,0,-1,-1,0,1,0,0,0,0,1,-1,0,-1,0,1,1,0,0,-1,-1,0,0,0,0,0,0,0,0,-1,0,1,-1,0,0,0,0,0,0,-1,0,0,0,0,0,0,0,0,0,0,-1,0,0,0
2868,0,0,0,0,0,1,0,-1,1,0,1,0,0,1,0,-1,0,0,0,-1,0,0,0,0,0,0,0,0,-1,-1,0,0,-1,0,-1,1,0,-1,0,-1,0,0,0,0,0,0,1,-1,0,0,-1,0,0,0,0,-1,0,0,0,-1,0,0,0,-1
2869,0,1,1,0,-1,0,0,1,0,-1,0,0,0,1,-1,-1,1,1,1,-1,1,0,-1,0,0,0,0,0,0,0,0,-1,0,0,0,1,0,0,0,1,0,0,0,0,0,1,0,0,1,0,0,-1,0,0,0,1,0,0,0,0,-1,0,0,-1
2870,0,0,0,1,0,1,0,-1,0,-1,0,0,0,0,0,1,0,0,0,0,0,-1,0,0,0,1,1,0,1,0,0,0,0,-1,0,0,0,0,0,0,0,0,0,-1,-1,0,0,1,0,1,0,0,0,0,0,0,-1,-1,0,0,0,0,0,0
2871,0,0,0,1,0,-1,0,1,0,0,1,0,0,0,0,1,0,-1,0,-1,0,0,1,0,-1,0,0,-1,0,0,0,1,0,1,-1,0,0,0,0,0,-1,0,0,1,0,0,-1,0,0,0,0,0,0,0,0,0,0,1,0,0,-1,0,0,0
2872,0,1,0,0,0,1,0,0,1,0,0,0,0,0,0,0,0,-1,-1,0,-1,1,0,0,0,0,-1,0,-1,0,-1,-1,1,-1,0,-1,0,-1,0,1,0,-1,-1,0,1,0,0,0,-1,0,0,0,0,0,1,0,0,0,-1,0,0,1,0,0
2873,0,0,0,-1,0,-1,0,1,-1,0,0,0,0,-1,0,0,1,0,0,1,1,0,0,0,0,1,0,-1,-1,1,0,0,0,0,0,0,0,1,0,0,0,1,0,0,0,0,0,0,0,0,0,0,0,0,0,1,0,0,0,-1,0,0,0,0
2874,0,0,-1,0,0,0,0,0,0,0,-1,0,1,0,-1,0,0,0,0,-1,-1,0,0,0,0,0,1,0,-1,1,0,0,-1,0,0,0,0,0,0,1,1,0,0,0,0,0,0,0,0,0,0,0,0,0,0,1,0,-1,-1,0,0,0,-1,0
2875,0,0,0,0,0,0,1,0,0,0,1,0,0,0,0,-1,-1,0,1,1,0,-1,1,0,0,0,0,0,0,0,0,0,0,0,0,0,0,0,0,1,0,0,0,0,1,0,-1,1,0,0,0,0,0,1,0,0,0,0,-1,-1,0,0,0,0
2876,0,0,0,-1,0,0,0,1,0,0,0,0,0,1,-1,0,0,0,1,0,-1,0,-1,0,0,0,0,1,1,0,0,0,-1,-1,0,1,0,0,0,0,0,0,1,1,0,1,0,1,0,0,1,0,0,0,0,0,-1,1,1,0,0,0,0,1
2877,-1,0,-1,1,0,1,0,0,0,0,-1,-1,1,0,0,1,1,-1,-1,0,-1,0,0,0,0,0,0,0,-1,0,0,-1,0,-1,0,-1,0,0,0,0,0,0,0,0,0,-1,0,1,0,0,0,1,-1,0,0,1,0,0,0,0,-1,0,-1,1
2878,0,0,0,0,0,0,0,0,0,0,1,-1,0,1,0,0,0,0,0,0,0,0,0,0,1,-1,0,0,-1,-1,1,0,-1,1,0,0,0,0,0,0,-1,0,0,-1,0,0,0,0,1,1,0,0,1,0,0,0,-1,0,1,1,0,-1,-1,-1
2879,-1,1,1,0,1,0,-1,0,0,0,0,0,0,0,0,0,1,0,1,-1,0,0,0,0,0,-1,1,0,0,0,-1,1,0,-1,0,-1,0,0,-1,0,-1,0,1,0,1,0,-1,0,0,0,0,0,0,0,1,0,-1,1,-1,0,0,-1,1,0
2880,0,1,0,0,1,0,0,0,0,0,0,0,1,0,0,0,0,0,0,0,0,0,1,0,-1,-1,0,0,1,-1,0,0,0,0,0,0,0,0,0,1,-1,-1,1,0,0,0,0,0,-1,1,0,0,-1,-1,0,-1,0,-1,0,0,0,0,0,1
2881,0,0,0,0,0,0,0,1,1,0,0,1,0,0,1,0,0,1,0,1,0,0,1,-1,-1,0,0,0,0,0,0,0,0,1,0,0,0,0,0,0,0,0,1,0,-1,1,0,-1,1,0,0,0,0,0,0,0,0,0,0,-1,1,0,0,0
2882,-1,-1,0,0,0,-1,0,0,0,0,0,1,1,1,0,0,0,1,0,0,0,1,0,-1,1,0,0,0,0,1,0,-1,0,0,1,0,1,0,0,0,0,1,-1,1,1,0,0,1,0,0,0,0,0,-1,0,0,1,0,-1,0,1,0,0,-1
2883,0,0,-1,0,0,0,-1,0,-1,0,0,0,1,0,0,1,0,1,0,-1,0,-1,1,0,0,-1,1,0,1,1,0,0,0,1,-1,-1,0,-1,0,-1,0,-1,-1,-1,1,1,0,-1,-1,0,0,0,0,0,0,0,0,1,0,0,-1,-1,0,0
2884,1,1,0,0,1,-1,0,0,-1,0,0,0,0,-1,-1,0,-1,0,0,1,0,0,0,0,0,0,0,0,1,1,0,0,0,0,0,0,0,1,0,0,0,0,0,1,-1,0,0,1,0,1,0,1,0,1,0,0,0,0,0,0,1,1,0,0
2885,1,0,0,-1,0,0,0,-1,1,0,0,0,-1,-1,0,-1,0,0,0,0,0,0,0,-1,0,0,1,1,-1,0,1,0,0,0,0,-1,0,0,0,1,0,1,-1,0,0,0,-1,1,1,1,0,0,-1,1,1,0,0,0,1,0,1,-1,0,0
2886,0,1,0,0,0,0,1,0,0,0,0,0,0,0,0,1,-1,-1,0,0,0,1,1,1,0,0,0,0,-1,0,0,0,-1,0,1,-1,0,0,0,0,0,0,1,0,0,0,-1,0,1,0,0,1,1,0,0,0,0,0,0,0,0,0,-1,0
2887,0,0,0,0,0,0,0,0,0,-1,-1,0,-1,0,0,-1,-1,0,0,0,0,0,0,0,-1,0,0,0,1,0,0,-1,1,0,0,0,-1,0,-1,-1,0,0,0,0,0,0,-1,0,0,0,1,0,0,-1,0,-1,0,0,0,0,0,0,0,0
2888,-1,-1,0,0,0,0,-1,1,-1,-1,0,0,0,0,1,0,0,0,0,0,-1,0,0,0,0,1,0,-1,0,0,0,0,0,0,0,0,1,0,0,-1,-1,-1,0,0,0,0,0,0,0,0,0,-1,0,-1,1,-1,0,1,-1,0,0,0,-1,1
2889,0,-1,0,0,0,0,0,1,0,0,-1,0,0,1,0,1,0,0,0,0,0,0,0,0,0,0,1,1,0,0,0,0,1,0,1,0,0,0,0,0,0,0,-1,0,0,-1,0,0,0,0,0,0,1,0,0,0,0,0,0,1,0,0,-1,0
2890,0,1,0,0,0,0,0,-1,0,1,0,0,0,0,0,0,-1,0,0,0,0,0,0,1,1,0,0,0,0,-1,0,0,0,0,1,-1,-1,0,1,0,-1,1,-1,-1,0,0,0,0,0,0,1,0,0,0,0,0,-1,0,0,1,-1,1,-1,0
2891,0,-1,0,0,0,0,0,0,1,0,0,1,0,0,0,0,0,0,0,1,1,1,0,0,1,-1,-1,0,0,0,0,0,0,0,0,0,0,-1,1,0,0,1,0,-1,-1,0,0,1,0,1,1,0,0,0,0,0,-1,0,1,0,0,1,0,0
2892,0,1,0,0,0,0,0,0,0,0,1,-1,0,0,0,0,0,1,-1,-1,0,0,0,0,1,0,0,1,0,0,0,0,0,0,0,1,1,1,0,0,1,0,0,-1,-1,0,0,1,0,1,0,0,0,1,0,-1,0,0,0,0,0,-1,1,0
2893,0,0,1,0,1,0,-1,0,0,1,-1,0,0,-1,1,-1,1,1,0,0,1,-1,0,0,0,0,0,1,0,0,0,1,0,0,0,1,-1,1,0,0,0,1,0,0,0,0,0,-1,1,0,0,1,0,0,0,0,0,0,1,-1,0,0,0,-1
2894,0,1,-1,0,-1,-1,0,1,0,-1,-1,0,-1,0,0,1,0,0,0,0,-1,0,-1,0,0,-1,0,1,0,0,0,1,0,0,0,-1,0,-1,0,0,0,1,0,0,-1,1,0,0,0,-1,1,0,1,0,0,0,0,0,0,0,1,1,0,0
2895,1,0,0,0,0,0,0,0,0,0,-1,1,0,0,0,0,0,0,1,1,0,0,0,0,0,1,0,1,0,0,-1,1,-1,-1,0,0,0,0,-1,0,0,0,0,0,0,-1,0,0,1,1,0,1,0,0,-1,-1,0,0,0,-1,0,1,0,0
2896,1,0,-1,0,-1,0,0,1,0,-1,0,-1,0,-1,1,0,0,0,-1,0,0,0,0,-1,0,1,0,0,0,-1,-1,0,0,0,-1,0,-1,0,0,1,0,0,1,0,0,0,0,1,1,0,0,-1,0,-1,0,1,0,0,0,0,-1,0,-1,0
2897,0,0,0,1,1,0,0,-1,0,0,0,1,1,0,0,0,1,0,0,0,1,0,0,0,0,-1,-1,0,0,0,0,0,1,0,0,-1,0,0,-1,-1,0,0,0,1,-1,0,0,0,0,0,0,0,1,1,0,0,-1,0,0,0,0,1,1,0
2898,-1,0,0,-1,0,0,0,0,0,0,-1,0,1,1,0,0,0,1,0,0,0,0,0,0,0,-1,1,0,-1,0,0,1,0,0,1,0,-1,0,0,-1,-1,0,0,1,0,0,0,0,0,1,0,0,0,-1,1,1,0,0,1,0,0,0,-1,1
2899,-1,-1,-1,0,0,0,-1,0,0,0,1,0,0,0,1,0,1,0,0,-1,0,1,0,0,1,0,0,0,-1,0,1,1,0,0,-1,0,1,0,0,-1,-1,0,1,0,-1,0,0,-1,0,0,0,0,0,0,-1,0,0,0,0,0,0,0,0,0
2900,1,1,0,0,0,-1,1,0,0,-1,0,0,0,0,1,0,0,1,0,0,0,1,0,0,0,0,0,0,1,1,0,0,1,1,0,0,0,1,0,-1,0,1,1,0,0,0,0,1,0,-1,-1,0,0,0,0,0,0,1,0,0,0,-1,0,0
2901,0,0,-1,0,0,0,0,0,-1,0,0,0,0,0,0,0,-1,-1,0,1,0,1,0,-1,0,0,0,1,-1,0,1,0,-1,0,-1,0,-1,0,-1,0,0,0,0,1,0,0,0,1,0,0,0,0,0,0,0,0,1,0,0,0,0,-1,1,0
2902,0,0,0,1,0,0,1,0,0,1,0,-1,1,0,0,-1,0,1,0,-1,-1,0,-1,0,0,0,-1,0,0,0,0,0,0,0,-1,0,1,0,1,1,0,-1,0,0,1,0,0,0,0,0,0,0,0,0,0,0,0,0,0,0,-1,0,0,1
2903,0,0,1,-1,0,-1,-1,0,0,-1,1,1,0,0,0,1,1,0,0,0,0,0,0,1,0,-1,0,0,0,0,0,1,0,0,-1,0,-1,0,0,-1,1,-1,0,-1,-1,0,-1,-1,0,0,-1,0,-1,0,1,0,0,1,0,0,-1,0,0,0
2904,0,1,0,-1,1,1,0,0,0,0,1,-1,0,0,0,0,0,0,0,0,-1,0,-1,0,0,0,0,1,0,0,0,0,1,0,-1,0,1,1,-1,1,1,0,0,-1,1,0,-1,0,-1,-1,0,1,0,0,0,-1,-1,0,1,0,0,-1,0,0
2905,0,0,0,0,1,0,-1,0,0,1,-1,1,0,0,-1,0,0,0,0,-1,0,0,0,0,0,1,1,0,1,0,1,0,0,0,0,0,0,0,0,0,0,0,0,0,0,1,0,0,0,1,0,0,0,1,0,0,0,0,0,0,0,-1,0,0
2906,1,0,-1,0,0,1,1,0,0,0,1,0,0,0,0,0,-1,-1,-1,-1,0,-1,0,1,0,0,0,0,0,0,-1,0,0,1,0,1,0,1,1,0,0,0,0,0,0,0,0,-1,0,-1,0,0,0,0,1,1,1,-1,0,0,0,0,0,0
2907,1,0,1,0,0,0,0,-1,1,1,0,1,-1,0,0,0,0,0,0,1,0,-1,-1,0,0,0,0,0,0,0,0,1,0,-1,1,-1,-1,1,0,0,1,0,0,-1,-1,0,0,0,0,-1,0,-1,0,0,0,0,0,0,1,0,0,0,1,-1
2908,0,0,1,1,0,0,1,0,0,1,-1,0,0,0,0,1,1,0,0,0,0,0,1,0,0,0,0,1,0,0,0,-1,0,0,0,1,0,0,0,0,0,0,0,1,-1,0,0,0,1,0,1,-1,0,0,0,-1,-1,0,0,-1,1,-1,0,0
2909,0,0,0,0,0,0,-1,0,0,0,1,0,-1,1,0,0,0,0,1,0,1,0,-1,-1,0,-1,1,-1,0,1,0,0,0,1,0,0,0,1,0,-1,0,0,0,0,-1,0,1,1,1,0,0,-1,0,0,-1,1,0,0,1,0,1,-1,0,0
2910,0,0,0,0,0,0,0,-1,1,0,-1,0,-1,0,0,1,1,0,0,-1,0,-1,0,-1,0,-1,0,1,0,0,0,0,0,0,0,1,0,0,-1,0,1,0,0,0,0,0,0,0,1,0,0,0,0,0,0,0,0,1,0,0,0,0,1,0
2911,0,-1,1,0,0,0,0,0,0,0,0,-1,0,1,0,0,0,0,0,1,0,1,0,1,0,0,0,-1,1,0,0,0,0,0,0,0,0,1,0,0,0,0,0,0,0,0,0,0,0,1,0,-1,-1,0,0,0,-1,1,0,0,-1,0,-1,0
2912,0,0,-1,1,0,-1,0,1,0,0,1,0,0,0,0,0,0,0,0,0,1,0,0,-1,-1,0,-1,-1,0,0,0,-1,0,1,0,1,0,0,-1,0,0,-1,0,0,0,1,0,0,0,0,0,0,-1,-1,-1,0,1,0,1,0,0,0,0,-1
2913,-1,1,0,0,1,-1,-1,0,0,0,0,0,0,0,-1,0,0,0,1,0,0,1,1,0,0,0,-1,0,-1,1,0,0,1,0,0,0,0,1,0,1,-1,0,1,0,0,0,-1,-1,0,1,1,1,-1,0,-1,1,1,0,-1,1,0,0,1,0
2914,0,0,0,-1,0,0,0,0,0,0,0,0,0,0,1,-1,0,0,0,0,0,0,-1,0,-1,0,1,0,1,0,1,0,0,0,-1,0,0,0,1,0,-1,-1,0,0,0,0,1,0,0,0,0,0,0,0,-1,0,1,0,0,0,1,0,0,0
2915,0,0,0,0,0,1,0,0,0,0,-1,-1,0,-1,0,1,0,1,0,-1,0,1,-1,0,0,1,0,1,0,0,0,-1,0,0,0,1,0,0,0,-1,0,-1,0,0,0,-1,-1,0,0,0,0,0,1,0,1,0,0,0,-1,0,0,1,0,-1
2916,-1,1,0,0,0,0,1,0,0,0,0,0,0,0,0,0,1,-1,0,0,0,0,1,0,-1,0,0,0,0,0,0,0,0,0,-1,0,1,-1,-1,1,0,0,0,0,0,1,0,0,-1,0,1,-1,-1,-1,-1,0,0,1,1,0,-1,0,0,0
2917,0,0,1,0,0,0,0,0,0,0,0,1,0,0,1,0,0,0,0,-1,0,-1,1,0,0,0,0,0,0,1,0,1,0,0,0,0,0,-1,-1,1,1,0,0,0,0,-1,0,0,0,1,0,0,0,0,0,1,0,1,-1,0,0,0,0,0
2918,0,0,0,-1,0,0,1,-1,0,0,-1,1,-1,0,0,0,1,0,0,0,1,1,0,-1,0,0,0,1,0,0,1,0,0,0,-1,1,0,0,0,0,0,0,0,-1,-1,0,0,0,-1,-1,0,0,0,1,0,-1,-1,1,0,0,1,0,1,0
2919,1,-1,1,0,0,0,-1,0,0,0,-1,0,-1,0,-1,-1,0,1,0,-1,0,-1,0,0,0,0,1,0,-1,0,-1,1,0,1,0,0,-1,0,0,0,0,-1,0,-1,1,1,0,1,-1,-1,0,0,0,-1,0,0,0,1,-1,1,0,1,0,1
2920,-1,0,1,0,0,0,1,0,-1,0,0,0,0,0,1,0,-1,0,0,-1,-1,0,0,0,0,1,0,0,0,-1,0,0,0,0,1,1,0,0,0,0,0,0,0,0,0,0,1,-1,0,-1,0,0,-1,-1,0,0,0,1,-1,0,0,-1,0,0
2921,0,0,1,1,-1,0,1,0,0,1,0,0,0,-1,1,1,0,0,-1,0,0,-1,-1,1,-1,-1,1,-1,-1,0,0,-1,1,-1,0,-1,0,-1,0,-1,0,0,0,0,-1,0,1,0,0,0,-1,0,0,-1,0,0,-1,0,1,1,1,0,0,0
2922,0,0,0,1,0,0,-1,-1,0,1,0,0,0,0,0,0,0,-1,0,1,0,0,0,0,0,0,0,1,0,0,0,0,-1,0,0,0,0,0,1,-1,0,0,0,0,1,0,1,-1,0,0,1,0,-1,-1,0,0,0,0,0,0,0,0,1,0
2923,-1,-1,0,0,0,1,0,0,0,0,0,0,1,0,0,0,0,0,0,0,0,0,0,1,0,0,-1,1,0,-1,0,0,0,-1,1,-1,-1,0,1,0,0,0,0,0,0,1,1,-1,0,0,-1,0,-1,-1,-1,1,0,1,-1,0,1,1,0,0
2924,-1,1,0,0,0,1,0,1,1,0,-1,0,0,0,0,0,1,-1,0,0,-1,-1,0,0,0,0,-1,1,0,0,0,0,1,-1,0,0,0,0,0,0,0,0,0,-1,1,-1,0,-1,0,0,0,0,0,-1,0,-1,0,1,0,0,0,-1,-1,0
2925,0,-1,0,0,0,-1,-1,0,0,0,0,0,1,0,0,0,0,0,1,1,0,1,0,0,0,0,0,1,0,0,0,0,-1,0,0,-1,0,1,0,1,0,0,0,0,0,1,0,0,1,0,1,0,-1,0,1,0,-1,0,1,-1,0,0,0,0
2926,0,0,-1,0,-1,1,1,0,-1,0,0,1,1,-1,1,-1,0,0,1,0,0,1,0,0,1,0,1,0,0,0,0,1,0,-1,-1,0,0,1,0,-1,1,0,1,-1,0,0,-1,1,-1,-1,0,0,0,1,-1,0,1,0,0,0,1,-1,0,0
2927,0,0,1,0,0,-1,-1,0,1,0,0,-1,-1,0,-1,0,1,1,-1,0,0,0,1,-1,0,0,0,0,0,-1,-1,0,0,-1,0,1,0,0,0,1,0,0,0,1,-1,0,0,0,0,-1,0,0,1,1,0,-1,0,1,0,-1,0,0,1,0
2928,0,0,0,0,0,1,0,0,-1,0,0,-1,0,1,-1,0,-1,1,0,-1,0,0,0,0,1,0,0,-1,0,0,1,0,1,-1,-1,0,0,0,-1,0,0,1,0,0,0,0,0,1,0,0,0,0,0,1,0,1,0,0,1,1,0,-1,-1,0
2929,0,0,0,0,-1,0,0,0,0,0,0,0,0,-1,0,0,0,-1,0,0,1,0,1,0,0,0,0,0,1,0,0,0,0,0,0,0,0,-1,0,-1,-1,0,0,0,1,0,0,0,0,-1,0,0,0,0,0,0,0,0,0,1,0,0,0,1
2930,-1,0,1,0,0,0,0,0,0,1,1,1,0,1,-1,0,-1,-1,1,1,0,0,0,0,-1,-1,0,0,0,-1,-1,-1,0,0,0,0,1,-1,0,0,0,0,0,0,0,0,0,-1,0,-1,-1,0,0,-1,0,-1,1,0,0,0,0,1,-1,1
2931,1,0,-1,0,0,0,0,1,1,-1,-1,0,0,0,1,0,0,1,-1,0,1,0,1,0,0,0,0,0,0,1,-1,1,0,0,1,0,-1,1,0,0,-1,0,0,0,0,0,0,1,0,0,0,0,0,0,1,0,0,1,0,0,0,0,0,0
2932,0,0,-1,0,0,0,0,1,0,0,-1,-1,1,1,1,0,1,1,1,1,0,-1,1,0,0,-1,0,0,0,1,0,0,0,0,0,-1,0,0,0,0,0,0,-1,-1,0,0,-1,0,0,1,0,0,0,0,-1,0,0,1,0,1,0,0,0,0
2933,-1,0,0,0,0,0,0,0,-1,0,1,0,-1,1,-1,0,1,0,1,1,0,0,1,0,0,0,0,-1,-1,0,0,-1,0,0,-1,0,0,0,-1,0,0,0,-1,1,-1,0,-1,-1,0,0,0,0,0,0,0,0,0,1,0,1,0,1,0,0
2934,0,1,0,1,0,-1,-1,0,-1,0,0,1,0,0,0,0,0,0,0,-1,0,1,0,1,0,0,0,1,1,0,0,0,1,0,-1,0,-1,1,-1,0,1,0,0,0,0,0,-1,0,0,0,1,1,0,-1,0,0,0,0,-1,0,0,0,1,0
2935,0,-1,0,0,0,0,0,1,1,0,0,0,0,0,0,0,0,0,0,0,0,1,0,0,0,0,0,0,0,0,-1,0,1,-1,0,1,0,0,-1,0,0,0,0,0,0,0,-1,0,0,1,1,0,0,0,1,0,0,-1,0,0,0,0,-1,0
2936,-1,0,0,-1,0,1,1,0,1,0,0,0,1,0,-1,0,0,0,1,0,1,0,0,0,0,0,0,0,0,0,0,1,0,1,0,-1,0,0,-1,-1,0,0,1,0,-1,0,1,0,0,0,1,0,0,0,0,0,1,0,0,0,-1,0,0,0
2937,1,1,0,1,0,0,1,0,1,0,0,0,0,-1,-1,0,0,0,0,1,0,-1,-1,0,-1,0,0,0,-1,0,0,0,0,1,0,0,0,0,0,0,0,-1,0,-1,0,-1,1,0,0,-1,0,-1,0,0,-1,0,0,0,-1,0,-1,1,0,0
2938,0,1,0,1,0,0,0,0,0,0,0,0,-1,0,0,0,0,1,0,0,0,0,1,0,0,1,1,1,0,0,0,0,1,0,0,0,0,1,0,0,1,-1,0,0,1,0,-1,0,0,-1,-1,0,0,-1,0,0,0,0,0,0,0,0,0,0
2939,0,1,0,0,0,0,0,1,1,0,0,0,1,0,0,0,0,-1,0,0,1,0,0,1,0,0,0,-1,-1,0,-1,0,0,-1,1,1,1,0,-1,0,1,0,0,1,0,0,-1,0,1,1,1,0,-1,0,0,-1,1,1,0,0,0,0,0,0
2940,0,-1,0,-1,0,1,0,0,0,0,0,0,0,0,-1,-1,0,1,0,0,0,1,0,0,0,0,0,0,0,0,0,-1,0,0,0,0,0,1,0,0,0,-1,0,-1,1,0,0,1,0,0,0,-1,0,1,1,-1,0,0,0,0,0,0,0,0
2941,0,0,0,0,0,0,0,0,1,0,0,0,0,0,0,-1,0,0,1,0,0,0,1,0,0,0,0,1,-1,-1,-1,0,0,0,0,0,1,0,0,0,0,0,0,-1,-1,0,-1,-1,0,1,-1,0,1,0,0,-1,0,0,0,-1,0,0,0,-1
2942,0,0,-1,0,-1,1,0,0,1,0,0,0,1,0,0,-1,-1,0,1,0,0,0,0,0,0,0,0,0,-1,0,0,-1,-1,0,0,0,0,0,0,0,1,0,0,0,0,0,1,0,-1,1,0,0,0,0,0,1,0,0,-1,0,0,1,0,0
2943,1,0,0,1,0,0,0,1,0,0,0,0,0,0,0,0,0,-1,0,-1,0,0,0,0,0,0,0,1,0,0,-1,0,0,0,0,0,0,0,0,0,0,0,1,0,0,0,0,1,0,0,0,-1,0,-1,-1,0,-1,0,0,1,-1,1,0,0
2944,0,0,-1,1,-1,0,-1,0,-1,0,0,0,0,0,-1,0,1,0,0,-1,0,0,1,1,-1,0,1,0,0,0,0,0,0,0,0,0,-1,0,0,-1,-1,0,1,0,0,0,-1,-1,1,0,0,0,1,0,0,0,0,-1,0,0,-1,0,1,0
2945,0,0,-1,1,0,0,-1,0,1,-1,1,1,1,-1,0,0,0,0,1,1,0,-1,0,0,-1,0,0,0,0,1,-1,-1,0,1,0,0,0,0,1,0,0,0,0,0,0,-1,-1,0,0,1,0,0,0,0,0,0,1,-1,-1,0,0,-1,0,1
2946,-1,1,0,1,1,0,0,0,0,0,0,0,1,-1,0,1,-1,1,1,0,0,0,-1,0,0,0,-1,0,1,0,0,0,0,0,0,0,-1,0,0,0,-1,0,0,0,0,0,0,-1,1,0,0,0,0,0,0,0,1,-1,-1,-1,0,-1,0,0
2947,-1,0,0,0,1,1,0,1,1,0,0,0,0,1,0,0,0,1,1,0,-1,0,0,0,1,1,-1,1,1,0,0,0,0,0,0,0,-1,0,0,0,0,0,0,-1,1,0,0,0,0,0,1,-1,0,0,0,1,0,0,1,0,0,0,0,0
2948,0,0,0,1,0,0,1,1,1,-1,0,0,0,-1,0,0,0,1,0,0,0,0,0,0,0,1,0,0,0,0,1,-1,1,-1,0,0,-1,-1,-1,-1,0,0,0,0,0,-1,-1,0,0,0,0,0,0,0,0,0,0,0,0,0,0,0,0,0
2949,0,1,1,1,0,0,0,0,0,-1,1,0,1,0,1,0,1,0,1,0,0,0,0,1,-1,0,1,0,0,0,0,0,0,-1,0,0,0,1,0,-1,0,0,1,0,-1,0,1,1,0,0,0,0,0,-1,0,1,1,0,0,-1,1,0,-1,1
2950,0,0,0,1,0,0,0,-1,0,0,-1,-1,0,0,0,0,0,0,1,0,0,1,0,-1,1,0,0,0,0,0,0,0,0,-1,0,0,0,0,0,0,0,1,0,0,0,1,0,0,1,0,0,0,0,0,1,0,0,1,0,0,-1,0,0,0
2951,-1,0,0,-1,1,0,0,0,1,0,1,-1,-1,0,0,1,-1,0,0,0,0,0,-1,0,0,0,1,0,-1,0,-1,0,-1,0,1,1,-1,0,1,1,1,0,0,0,0,-1,0,0,0,0,0,-1,0,-1,0,0,0,0,1,0,0,1,-1,1
2952,0,0,0,1,0,-1,1,-1,0,0,0,0,-1,-1,0,0,0,1,0,1,0,0,-1,0,0,0,0,0,-1,1,0,0,0,0,-1,-1,0,0,0,0,1,1,-1,1,0,-1,0,0,0,0,-1,0,0,0,0,0,1,1,0,0,-1,0,0,0
2953,0,0,1,0,1,0,0,-1,0,0,0,0,0,-1,0,-1,0,0,1,0,0,0,1,0,-1,0,-1,0,0,0,0,0,1,0,0,-1,0,0,0,-1,1,1,0,0,0,0,-1,0,0,0,0,0,-1,0,0,1,0,0,-1,1,0,0,0,-1
2954,1,0,0,1,0,1,0,0,0,0,0,0,-1,1,0,0,1,1,0,-1,-1,0,0,-1,0,0,0,1,0,0,0,0,0,1,0,0,1,1,-1,0,1,0,0,0,0,0,0,0,-1,-1,0,0,1,-1,-1,0,0,0,0,0,0,-1,-1,0
2955,0,0,-1,0,0,0,1,0,0,-1,-1,0,0,1,0,1,0,0,-1,0,0,0,0,-1,0,0,1,0,0,0,0,0,1,0,0,0,1,0,0,0,1,0,1,1,0,-1,0,0,0,0,0,1,0,0,0,0,0,-1,0,0,0,-1,0,0
2956,1,0,0,-1,1,0,-1,0,-1,0,0,0,0,0,0,0,0,0,0,0,0,1,0,0,0,0,1,-1,0,0,0,1,1,0,0,0,-1,1,1,1,-1,0,0,0,-1,0,0,-1,-1,1,-1,0,0,0,0,0,0,0,1,1,0,0,-1,0
2957,-1,0,1,-1,-1,0,0,0,0,0,0,-1,0,1,0,0,1,0,0,0,0,0,0,-1,1,0,0,1,0,-1,0,-1,0,0,0,0,0,0,-1,0,0,1,-1,0,0,0,0,0,1,0,-1,0,-1,0,-1,1,0,-1,0,-1,0,0,1,-1
2958,1,0,0,-1,0,0,0,-1,-1,0,0,0,0,0,0,0,0,0,1,0,0,-1,0,0,0,0,0,0,0,0,0,-1,0,0,0,1,0,-1,0,0,-1,1,0,0,0,1,0,0,-1,-1,0,0,0,1,0,0,-1,0,0,0,0,0,1,0
2959,0,0,0,0,0,0,0,1,0,0,0,0,-1,0,-1,1,0,0,-1,1,0,0,1,0,-1,0,0,0,0,0,0,0,1,1,0,0,1,1,0,0,-1,0,0,0,1,-1,0,0,0,-1,0,1,0,0,0,-1,-1,0,0,0,1,0,-1,0
2960,1,0,0,0,-1,0,-1,1,0,0,0,-1,0,0,-1,0,0,0,0,0,1,1,0,0,0,-1,0,1,0,0,1,-1,0,0,0,0,0,-1,0,-1,-1,0,0,0,0,0,0,0,-1,-1,0,1,0,0,0,-1,0,1,1,0,-1,1,-1,-1
2961,0,0,0,0,0,0,0,0,0,0,0,0,0,0,0,0,0,-1,1,-1,0,0,-1,0,-1,0,0,0,1,0,0,0,0,0,1,0,0,-1,0,-1,0,-1,-1,0,0,-1,0,1,0,1,0,-1,0,1,1,0,0,0,0,1,0,0,0,0
2962,0,0,1,0,1,0,1,0,0,0,0,0,0,0,-1,-1,0,0,0,1,0,0,0,1,0,1,0,1,0,0,1,-1,0,0,0,1,-1,0,0,-1,0,0,0,0,0,0,0,1,0,-1,1,0,1,0,0,-1,0,0,0,0,0,0,1,0
2963,0,0,1,0,1,-1,0,0,0,1,0,0,0,-1,1,0,0,0,0,0,0,0,0,0,0,0,1,0,-1,-1,-1,-1,0,0,0,-1,0,0,0,1,0,0,0,0,0,0,0,0,-1,0,0,-1,0,0,0,0,0,0,1,0,0,-1,0,0
2964,1,0,0,1,0,0,0,-1,0,1,0,0,0,0,1,0,0,-1,0,0,0,0,0,0,0,0,0,0,0,0,0,-1,1,-1,1,0,0,-1,1,1,0,1,-1,1,-1,0,0,0,0,0,-1,1,0,-1,-1,0,0,0,0,0,-1,0,0,1
2965,0,0,0,0,0,-1,0,1,1,0,-1,0,0,0,1,0,0,0,0,1,0,-1,0,0,1,1,1,-1,0,0,-1,0,0,0,0,0,0,-1,0,0,0,-1,1,-1,0,0,1,0,0,0,0,0,0,-1,-1,1,0,0,0,1,0,0,-1,1
2966,0,0,0,-1,-1,-1,0,1,-1,1,0,1,0,1,0,0,0,0,1,0,-1,0,0,0,1,0,0,1,-1,1,-1,0,1,-1,0,1,0,0,-1,0,0,0,0,0,0,-1,0,0,-1,-1,0,0,0,-1,0,-1,-1,1,0,1,0,0,0,-1
2967,0,-1,0,0,1,0,0,0,0,-1,1,0,0,-1,0,-1,1,0,0,0,-1,0,1,0,-1,0,1,0,0,0,0,0,1,0,-1,0,0,-1,-1,1,0,0,0,0,1,0,0,0,1,-1,0,0,0,0,0,-1,0,0,0,-1,0,0,0,0
2968,1,0,0,0,0,0,-1,-1,-1,0,0,0,0,0,0,0,-1,0,0,0,0,0,1,0,0,0,0,0,1,0,-1,0,-1,0,1,0,0,0,0,0,-1,0,0,0,0,-1,-1,0,0,0,0,-1,-1,0,0,0,0,0,0,1,1,-1,0,0
2969,-1,-1,0,-1,0,-1,0,-1,0,1,-1,1,0,0,1,0,0,0,-1,-1,-1,0,0,0,1,1,0,0,1,1,0,-1,1,0,0,0,0,0,0,0,0,0,-1,0,0,0,0,1,0,0,0,0,-1,0,0,0,1,0,0,1,-1,-1,0,1
2970,0,0,0,0,0,0,1,-1,0,1,-1,0,0,0,0,-1,0,-1,0,1,0,0,-1,0,0,0,0,-1,-1,0,0,0,0,0,1,0,0,1,-1,1,0,0,0,1,0,-1,1,0,-1,0,0,0,-1,1,0,0,0,0,0,0,0,0,0,0
2971,0,1,0,0,-1,1,0,0,0,0,0,0,0,-1,0,0,0,0,1,1,0,0,1,0,0,1,0,0,0,0,0,0,0,1,0,0,0,0,-1,1,0,0,1,0,0,-1,0,0,0,0,-1,1,1,0,0,1,0,1,0,0,1,0,-1,0
2972,-1,-1,0,0,-1,0,1,0,0,1,-1,-1,-1,-1,0,1,0,0,1,0,1,0,0,0,0,-1,1,1,-1,0,0,0,0,1,0,-1,0,0,-1,0,0,-1,0,0,0,-1,0,-1,-1,1,0,0,-1,0,0,0,0,1,1,1,0,1,0,0
2973,1,1,-1,0,0,0,-1,0,0,0,-1,0,-1,0,1,0,0,0,-1,-1,1,0,0,1,1,0,0,1,1,1,-1,1,0,0,0,-1,0,0,0,0,0,-1,0,0,0,0,0,1,0,1,-1,0,0,1,1,0,0,0,0,0,-1,1,0,0
2974,0,1,-1,0,0,1,1,0,0,-1,1,1,0,0,0,1,0,0,0,0,0,-1,1,0,1,0,-1,0,0,0,0,1,-1,0,0,0,0,0,1,0,0,0,1,0,0,-1,0,1,0,-1,0,1,1,0,0,0,-1,0,0,1,0,0,0,1
2975,0,1,-1,0,0,0,0,0,0,0,-1,0,0,-1,1,0,0,0,0,0,0,1,1,1,1,1,1,0,0,0,0,-1,0,1,0,1,0,0,0,0,0,0,1,0,-1,0,0,0,0,1,0,0,0,0,-1,0,0,0,-1,-1,0,0,0,0
2976,0,1,0,0,0,0,0,0,0,0,0,0,0,0,1,0,0,0,1,0,0,0,-1,0,0,0,-1,-1,0,0,0,0,1,-1,0,1,0,0,0,0,0,0,0,0,0,-1,1,1,-1,0,0,0,-1,0,0,0,0,0,1,0,-1,0,1,0
2977,0,0,1,0,1,1,0,0,0,0,0,0,1,0,0,-1,-1,0,1,1,0,0,-1,0,0,1,0,1,-1,0,0,0,0,1,0,0,0,1,0,0,0,0,0,0,-1,0,0,0,0,0,0,0,0,1,0,0,-1,0,0,0,-1,0,0,0
2978,1,0,-1,0,0,0,-1,0,0,0,0,0,1,0,0,0,0,0,0,0,0,0,0,0,0,0,0,0,0,0,1,-1,-1,-1,0,-1,0,0,1,0,0,-1,0,0,0,-1,0,-1,-1,0,0,0,-1,0,0,1,0,0,0,0,1,0,0,1
2979,0,0,0,0,0,0,-1,0,1,0,-1,0,0,0,0,-1,0,-1,-1,0,0,0,0,0,1,1,0,1,1,-1,0,-1,1,0,0,0,0,0,-1,0,0,-1,0,-1,0,1,0,0,-1,0,1,0,1,0,1,0,-1,0,1,0,0,1,1,0
2980,0,0,0,0,1,0,1,1,1,0,0,0,-1,0,-1,0,0,-1,1,-1,0,0,0,0,-1,1,0,1,-1,0,-1,0,0,0,-1,1,-1,1,1,-1,1,-1,-1,0,0,-1,0,-1,0,1,0,0,0,-1,0,0,0,0,0,0,0,0,0,-1
2981,0,0,0,0,-1,0,0,0,0,1,0,0,1,0,1,0,0,0,1,0,0,1,0,-1,1,0,0,-1,1,0,0,0,1,0,1,0,1,0,0,0,1,1,0,0,0,0,0,0,0,0,1,-1,-1,0,0,0,1,-1,0,0,-1,0,0,-1
2982,0,0,0,0,0,0,0,-1,0,0,0,0,0,0,0,0,1,0,0,1,0,0,0,0,0,0,0,-1,1,-1,-1,-1,1,0,-1,0,1,0,0,0,-1,0,0,0,0,0,1,0,1,1,1,-1,-1,1,-1,-1,1,1,0,0,1,0,0,-1
2983,0,-1,0,0,0,0,0,-1,0,1,0,1,0,1,-1,-1,0,0,0,0,0,1,1,0,0,0,0,0,0,0,0,-1,0,-1,0,0,0,-1,0,0,0,0,-1,0,-1,0,0,-1,0,-1,0,1,-1,0,1,0,0,0,0,0,0,0,0,0
2984,-1,0,1,0,0,1,0,-1,-1,0,0,0,0,0,0,1,0,0,0,1,-1,0,0,0,0,0,1,0,0,0,-1,-1,1,0,0,0,0,0,0,0,-1,0,0,0,0,1,0,0,0,0,-1,0,0,0,1,0,0,0,0,0,0,-1,0,0
2985,0,1,0,1,-1,1,-1,0,-1,-1,0,0,0,0,0,0,0,0,0,-1,0,1,1,1,0,1,0,-1,1,0,0,0,0,-1,0,0,1,0,0,0,0,-1,-1,0,0,0,0,1,-1,0,1,-1,-1,0,0,0,-1,0,1,-1,0,0,0,0
2986,0,0,-1,0,-1,0,0,1,0,0,-1,0,0,1,0,0,1,0,0,0,0,1,-1,0,0,0,0,0,0,0,0,0,0,0,0,1,0,0,-1,0,0,1,0,1,0,1,0,1,0,0,-1,0,0,1,-1,0,0,0,0,0,0,0,0,-1
2987,0,0,0,1,0,0,0,-1,0,0,-1,1,0,0,0,-1,-1,0,1,-1,0,0,0,1,0,1,0,1,1,0,0,0,-1,0,0,0,0,0,0,0,0,0,0,0,0,0,0,1,0,0,0,0,-1,0,0,-1,0,-1,0,-1,0,0,0,0
2988,0,1,0,1,1,0,0,0,0,-1,0,1,0,0,-1,-1,1,0,0,0,0,0,-1,0,0,0,0,-1,0,0,1,0,-1,0,0,0,0,0,0,0,0,0,0,0,1,-1,0,0,-1,0,-1,0,0,-1,0,0,1,-1,0,0,0,0,-1,0
2989,0,0,1,0,0,0,1,1,0,1,1,0,0,0,-1,0,-1,0,0,0,0,0,0,0,0,-1,0,0,0,0,0,0,0,0,1,0,0,0,0,-1,1,0,-1,0,-1,0,0,0,-1,-1,0,-1,0,0,0,-1,0,0,0,0,0,0,0,1
2990,-1,-1,1,0,0,-1,0,0,0,0,-1,0,-1,0,1,0,-1,0,0,0,0,0,1,0,0,0,0,0,-1,0,1,0,0,1,0,0,-1,0,1,0,0,0,1,0,1,0,0,0,0,0,0,1,0,0,1,0,0,0,0,1,0,-1,0,-1
2991,0,1,0,0,0,0,-1,0,0,0,0,-1,0,0,0,0,0,0,0,0,0,0,0,0,0,0,-1,0,-1,1,1,1,1,0,-1,1,0,0,1,0,0,-1,0,0,0,0,0,0,0,0,0,0,0,0,0,-1,-1,0,0,1,0,-1,-1,0
2992,0,0,0,-1,1,0,0,1,1,0,0,0,0,-1,0,1,0,0,0,0,0,1,0,0,0,0,0,-1,0,0,1,0,0,1,0,0,0,1,0,0,-1,0,0,0,0,0,-1,-1,0,0,-1,0,1,0,-1,1,-1,-1,0,1,0,1,1,1
2993,0,1,0,1,0,0,0,0,1,-1,0,1,0,-1,0,0,0,0,0,1,0,0,0,0,0,0,0,0,-1,0,1,0,1,1,0,0,0,0,0,0,1,1,0,1,0,1,0,1,0,0,1,0,0,-1,1,0,-1,0,0,-1,0,0,-1,-1
2994,0,0,0,0,0,0,0,0,0,-1,1,-1,-1,0,0,0,0,-1,0,0,0,1,0,0,1,-1,0,0,0,0,0,-1,-1,1,0,0,1,1,-1,0,0,0,0,-1,1,0,-1,1,0,0,-1,0,0,1,1,0,-1,0,0,0,0,0,0,0
2995,-1,-1,-1,0,0,-1,0,-1,0,1,-1,1,0,0,0,1,0,0,1,0,0,1,-1,0,0,0,0,0,0,0,0,0,-1,0,-1,0,0,0,0,0,0,-1,1,-1,-1,0,-1,0,0,1,1,0,1,0,0,0,0,0,0,1,1,0,0,0
2996,0,0,-1,0,0,0,0,0,0,0,1,0,-1,1,1,0,0,0,0,0,0,0,0,1,-1,1,-1,0,1,-1,0,1,0,0,0,1,0,-1,0,0,0,0,0,0,0,0,1,0,1,0,0,0,0,1,0,0,0,-1,0,-1,0,0,1,0
2997,0,0,-1,1,-1,0,0,0,0,0,0,0,0,0,0,-1,0,1,1,0,0,0,0,0,0,1,0,0,-1,-1,0,0,1,0,0,0,0,0,-1,0,-1,-1,0,0,0,1,0,1,1,0,0,-1,-1,0,0,1,1,-1,0,0,1,-1,0,-1
2998,-1,1,1,1,0,-1,0,-1,0,0,1,0,1,0,-1,0,-1,0,1,1,0,0,0,0,0,-1,-1,0,0,-1,-1,-1,0,0,-1,0,0,0,1,0,0,0,0,0,0,0,0,0,0,-1,1,-1,0,0,0,0,0,1,1,1,-1,0,-1,0
2999,1,0,0,0,0,0,-1,0,-1,0,0,0,0,0,-1,0,0,1,1,0,0,0,0,1,0,0,0,-1,0,0,0,1,0,0,0,0,0,1,0,0,0,-1,0,0,1,0,0,0,0,0,0,0,0,0,0,0,0,0,-1,-1,0,0,-1,-1
3000,1,1,0,0,0,0,0,0,0,0,-1,0,0,0,0,0,0,-1,0,0,0,0,0,0,1,0,0,0,-1,-1,0,0,0,0,-1,0,0,0,-1,0,1,0,-1,-1,0,1,0,1,0,0,0,0,0,0,-1,0,0,1,0,0,0,0,0,0
3001,0,1,0,0,0,1,-1,-1,0,0,1,0,0,0,0,0,1,0,0,0,-1,0,1,0,1,0,0,-1,1,0,0,0,0,-1,0,-1,0,0,-1,0,1,-1,0,0,0,0,1,0,-1,0,0,-1,0,0,0,0,0,0,0,1,0,0,-1,0
3002,0,-1,0,0,0,-1,0,0,0,0,0,0,0,1,0,0,-1,0,0,0,1,0,1,1,0,0,0,0,0,0,0,0,0,-1,0,0,0,0,0,0,0,1,0,0,0,1,-1,0,1,0,0,0,0,0,1,0,0,1,0,1,-1,1,-1,0
3003,0,1,-1,0,0,-1,1,0,1,0,-1,-1,0,0,-1,0,1,0,0,1,0,0,0,-1,0,1,0,1,0,0,-1,0,-1,0,0,1,0,1,0,0,0,0,0,0,0,0,1,-1,0,1,0,0,0,0,-1,1,1,0,0,1,0,0,0,0
3004,0,0,0,1,0,1,0,1,-1,0,0,0,0,1,1,0,0,1,0,-1,1,0,0,0,0,0,1,0,0,1,0,0,-1,0,0,0,1,1,0,-1,0,0,0,0,0,0,0,0,1,0,0,0,1,0,0,0,0,1,0,0,-1,0,0,1
3005,0,1,0,-1,0,-1,0,1,0,-1,0,0,1,1,0,1,0,1,-1,0,1,0,0,-1,0,-1,0,1,1,1,0,1,0,0,-1,1,-1,0,1,-1,-1,0,0,0,1,0,0,0,0,0,0,0,1,-1,0,0,0,1,1,0,1,0,-1,0
3006,0,-1,-1,0,0,0,0,1,1,0,-1,0,-1,0,1,1,0,1,0,0,0,0,-1,0,0,0,0,-1,0,0,1,1,0,0,0,0,-1,0,0,0,0,1,0,1,0,0,1,0,1,0,0,-1,0,0,0,0,0,-1,0,0,0,0,0,-1
3007,-1,0,0,0,0,-1,0,0,0,0,0,0,0,0,-1,-1,-1,0,-1,0,-1,0,0,0,0,1,0,-1,0,-1,0,-1,0,0,0,-1,0,0,1,0,0,0,0,0,0,0,0,0,0,-1,0,0,-1,0,0,0,0,-1,0,0,0,1,1,1
3008,-1,0,1,0,0,0,0,1,1,0,0,0,0,0,0,0,-1,0,-1,0,1,1,-1,1,0,0,0,0,0,-1,0,1,1,-1,0,0,1,0,0,-1,0,0,-1,0,1,-1,-1,0,1,-1,0,-1,0,0,0,0,0,1,0,0,1,0,-1,0
3009,0,0,-1,0,0,0,0,0,0,0,-1,1,0,0,0,0,0,0,0,1,-1,0,0,0,0,0,1,0,0,-1,0,-1,1,1,0,0,0,0,0,0,1,-1,-1,0,1,1,0,0,0,0,-1,0,0,0,0,-1,0,0,0,0,0,0,0,0
3010,0,0,0,0,0,-1,0,0,0,0,-1,0,0,0,0,0,0,0,0,0,0,0,1,0,0,-1,-1,0,0,1,0,-1,-1,1,0,0,1,-1,0,-1,0,-1,0,0,0,0,0,0,0,0,0,0,0,-1,0,-1,0,0,0,0,-1,0,1,0
3011,0,1,0,1,0,0,-1,-1,0,0,0,0,1,-1,-1,0,0,1,0,0,0,-1,-1,0,0,-1,0,0,0,0,0,0,0,-1,0,0,-1,0,0,0,0,-1,0,1,-1,1,0,0,0,-1,0,1,1,-1,0,0,-1,-1,-1,1,0,-1,-1,0
3012,0,0,1,0,0,-1,0,0,0,0,1,0,0,0,1,0,0,0,0,0,-1,0,1,0,0,-1,-1,0,1,0,0,0,0,0,0,0,1,0,0,0,0,0,0,-1,0,-1,0,1,0,0,0,0,0,0,0,-1,0,0,0,0,1,1,0,0
3013,1,1,0,0,0,-1,0,0,0,0,0,1,1,1,0,1,0,0,1,0,0,0,0,0,0,1,0,0,0,0,0,1,0,0,0,-1,0,0,0,0,0,0,-1,-1,0,1,0,0,0,0,0,-1,0,0,0,0,1,0,0,0,0,0,0,1
3014,0,0,1,0,0,-1,1,-1,0,0,0,0,0,1,1,0,0,1,0,0,0,0,0,0,0,-1,0,0,0,0,0,0,0,0,1,1,-1,0,1,0,-1,0,0,0,1,0,0,0,1,0,0,0,0,1,0,0,0,1,0,0,0,0,-1,0
3015,0,1,0,0,0,-1,0,-1,1,0,0,0,0,0,0,0,0,0,0,0,-1,-1,0,-1,0,0,0,0,-1,0,0,0,0,0,0,0,0,0,0,0,1,0,0,0,0,1,0,0,0,0,-1,0,0,-1,0,-1,0,1,-1,0,0,0,1,0
3016,0,0,0,1,0,0,-1,0,0,1,0,0,0,1,0,0,1,0,0,1,-1,0,0,1,0,1,0,0,0,-1,-1,1,0,0,-1,0,0,1,0,0,0,0,-1,-1,0,0,-1,-1,-1,1,0,1,0,-1,1,0,0,0,1,-1,0,0,0,0
3017,0,0,-1,-1,0,0,0,0,0,0,0,0,1,0,-1,0,0,1,0,1,0,0,-1,0,-1,0,0,-1,0,0,0,0,0,0,0,-1,0,0,-1,0,0,0,-1,1,0,0,0,0,0,0,-1,0,1,-1,0,1,0,0,0,0,-1,0,1,0
3018,-1,-1,0,0,0,-1,0,0,1,0,0,0,-1,0,0,1,0,0,0,0,1,0,-1,1,0,0,0,0,0,0,0,0,0,0,0,-1,0,0,0,0,0,0,-1,0,1,0,0,1,1,0,0,0,-1,0,1,0,0,0,1,0,0,0,0,0
3019,0,0,1,-1,0,1,-1,0,0,-1,0,0,0,0,1,0,-1,0,-1,1,0,-1,0,0,1,0,0,0,0,0,-1,0,0,-1,0,1,0,0,0,-1,1,0,1,-1,0,0,0,0,0,0,0,1,0,0,0,0,0,-1,0,1,0,-1,-1,0
3020,0,1,-1,1,0,0,0,1,1,0,-1,0,0,1,0,0,0,-1,1,-1,0,1,0,-1,-1,0,0,0,0,-1,0,0,0,0,0,0,0,0,0,0,0,1,0,-1,1,1,0,0,0,0,0,1,-1,0,0,1,0,0,0,0,0,0,0,0
3021,0,0,0,0,0,0,0,0,0,0,0,0,-1,0,1,-1,0,-1,0,0,0,0,-1,0,0,1,0,0,1,0,0,0,1,1,-1,0,-1,0,-1,0,1,-1,1,0,-1,0,0,1,1,0,1,0,0,0,0,1,0,-1,0,0,0,0,0,0
3022,0,1,0,0,-1,1,0,0,1,-1,-1,0,0,1,1,0,-1,0,0,0,1,0,0,0,0,1,0,0,0,0,0,1,0,1,0,1,0,0,-1,0,0,0,0,1,0,1,0,-1,1,0,-1,0,0,-1,1,0,0,0,1,1,0,0,0,1
3023,0,0,0,0,0,0,-1,-1,0,0,1,-1,0,0,0,-1,0,0,1,0,-1,0,-1,-1,-1,0,0,1,1,0,0,-1,0,0,-1,1,0,0,0,0,0,1,0,0,0,-1,0,0,-1,0,0,-1,0,1,0,0,-1,0,1,0,0,0,0,-1
3024,1,1,0,0,0,0,0,0,0,1,0,0,-1,1,0,0,0,0,0,0,1,0,-1,1,-1,-1,1,0,0,0,0,0,0,0,0,0,0,0,0,1,0,0,0,1,0,1,0,0,0,0,0,0,0,-1,0,1,-1,1,0,0,1,1,-1,0
3025,0,0,0,1,0,0,0,0,0,0,0,0,0,0,0,0,0,1,0,-1,0,0,0,1,0,0,0,-1,0,0,0,0,0,-1,-1,1,0,0,0,0,0,1,0,0,0,0,0,-1,1,0,0,1,1,0,0,1,0,0,1,0,0,0,0,0
3026,0,0,1,0,0,0,0,0,0,-1,0,-1,0,0,1,-1,0,1,1,0,0,0,1,0,0,0,0,-1,1,0,0,0,0,1,1,0,0,0,0,1,0,0,-1,1,-1,-1,0,0,0,0,0,0,0,0,0,0,-1,0,-1,0,0,0,0,0
3027,-1,-1,0,0,0,-1,0,0,-1,0,1,1,0,1,0,-1,1,1,0,-1,0,-1,-1,0,0,0,1,0,1,0,0,0,0,1,0,0,0,0,0,1,0,0,-1,0,1,0,0,0,1,0,0,0,0,0,0,0,0,-1,0,-1,0,-1,0,0
3028,0,1,-1,0,1,-1,-1,1,0,1,0,1,-1,0,0,0,0,0,1,0,1,0,0,0,0,0,0,-1,0,0,0,0,0,-1,0,0,0,0,0,0,0,0,0,0,0,0,1,0,0,0,0,0,0,0,0,0,0,1,0,-1,0,0,0,0
3029,0,-1,1,1,0,0,-1,0,0,0,0,1,0,0,0,0,0,-1,-1,1,0,0,0,0,0,1,0,0,1,0,0,0,0,0,0,-1,0,0,1,0,0,-1,1,0,1,0,0,1,0,0,-1,-1,0,0,0,0,0,1,0,1,0,0,0,-1
3030,1,0,0,0,-1,0,-1,1,0,0,0,0,-1,0,0,-1,-1,0,0,0,0,1,1,0,0,0,1,-1,-1,0,0,0,0,0,-1,0,1,0,-1,0,-1,0,0,1,0,0,0,0,-1,0,1,0,0,1,0,0,0,0,0,0,0,0,0,0
3031,0,-1,1,-1,0,0,1,0,0,1,0,0,1,0,0,1,1,1,1,0,1,0,1,0,0,0,-1,0,-1,0,1,1,1,-1,0,-1,0,1,1,-1,1,0,-1,0,0,-1,0,0,-1,1,0,0,0,0,0,1,0,0,0,0,0,-1,-1,1
3032,-1,0,0,0,0,1,0,0,0,0,0,0,0,0,0,-1,0,1,0,0,1,0,0,0,-1,1,1,-1,-1,0,0,0,1,0,0,0,0,0,0,0,1,0,-1,0,0,0,0,0,1,1,0,1,0,1,1,1,1,0,1,1,0,0,0,0
3033,0,0,0,0,0,0,0,-1,-1,-1,0,-1,0,0,1,0,0,-1,1,0,0,0,0,0,0,0,0,0,0,0,1,0,1,1,1,0,-1,-1,0,-1,0,0,0,0,0,-1,0,0,0,0,0,-1,-1,0,1,0,-1,1,0,0,-1,0,0,0
3034,1,0,0,1,0,1,0,0,1,0,0,0,0,-1,0,0,1,0,0,0,0,0,0,0,0,1,0,0,-1,0,0,0,-1,-1,-1,-1,1,0,1,0,-1,0,0,0,0,0,0,0,0,-1,0,0,1,0,1,1,0,0,-1,0,0,0,0,0
3035,0,-1,0,0,0,0,0,0,-1,1,-1,0,0,0,1,0,0,0,0,0,0,0,1,0,1,-1,0,0,1,1,1,1,0,1,1,1,0,1,0,0,-1,0,0,0,-1,0,-1,0,1,0,-1,0,0,-1,0,0,-1,0,0,0,0,0,0,0
3036,0,0,0,0,0,0,0,-1,0,0,0,0,0,0,0,1,0,1,0,1,0,0,0,0,0,1,0,0,0,0,0,0,-1,0,0,1,0,0,-1,1,0,0,1,0,0,0,1,-1,1,1,0,0,0,1,1,0,0,-1,0,0,0,0,0,0
3037,0,1,0,-1,-1,0,0,0,0,0,-1,0,0,0,0,1,0,0,1,1,0,0,0,1,0,-1,-1,0,0,0,-1,-1,0,-1,0,0,0,0,0,0,-1,0,-1,1,0,-1,0,0,0,-1,0,-1,1,1,0,0,1,-1,0,0,-1,0,0,-1
3038,1,0,-1,0,-1,0,0,1,0,0,0,1,0,0,0,0,0,-1,0,0,0,0,0,0,1,0,0,-1,0,-1,-1,0,0,1,0,0,0,0,-1,0,0,0,0,-1,0,0,0,0,1,-1,0,0,-1,0,-1,0,0,0,0,0,1,0,0,0
3039,-1,-1,-1,0,0,1,0,-1,0,0,0,1,0,0,0,0,0,0,0,0,-1,1,0,0,0,0,0,0,0,0,0,0,1,0,1,-1,0,0,0,-1,1,1,-1,0,1,0,0,0,0,1,0,1,0,0,0,0,1,0,0,-1,-1,0,0,0
3040,0,0,-1,0,-1,-1,0,0,0,0,0,0,0,0,0,0,0,0,0,0,0,0,0,-1,1,-1,-1,0,0,0,0,0,0,0,0,0,0,0,0,0,0,0,0,0,-1,0,0,0,0,0,0,-1,0,0,0,0,0,1,1,0,0,-1,0,0
3041,0,0,0,1,0,0,-1,0,1,1,1,0,1,0,1,0,0,1,0,-1,0,0,1,0,0,0,0,0,-1,1,0,0,1,0,0,1,0,0,-1,0,0,1,1,0,0,1,0,0,0,0,0,0,0,-1,-1,0,0,0,0,0,0,1,1,0
3042,-1,1,0,0,0,1,0,1,1,0,0,0,0,0,0,0,0,0,0,0,0,0,1,0,0,0,0,0,0,0,0,0,0,-1,0,0,0,0,0,-1,0,1,0,0,1,0,0,0,0,1,0,0,0,1,-1,-1,0,-1,1,0,0,0,0,-1
3043,0,1,0,0,1,0,0,0,-1,-1,0,0,1,0,0,0,-1,0,0,0,0,-1,0,1,0,-1,0,1,1,0,-1,1,0,-1,-1,1,1,1,0,0,0,0,0,0,0,1,0,0,0,0,0,0,0,1,0,0,0,0,0,0,-1,-1,1,-1
3044,-1,0,0,0,1,-1,0,0,-1,1,0,1,0,0,0,-1,0,0,-1,0,0,0,0,0,0,0,0,0,0,1,-1,-1,1,0,-1,1,0,1,0,1,0,0,1,0,0,0,-1,1,0,0,0,0,1,0,-1,1,0,0,0,0,0,0,0,0
3045,0,0,0,1,1,1,0,-1,-1,0,-1,0,0,1,0,-1,-1,-1,-1,1,0,0,0,0,0,0,0,-1,1,0,0,0,0,0,0,0,0,0,1,1,0,1,0,0,0,0,1,0,1,0,0,0,1,-1,0,0,0,0,0,0,0,0,0,0
3046,0,0,0,-1,-1,0,0,-1,0,0,0,0,-1,0,0,1,-1,1,0,0,1,0,0,0,0,1,0,0,0,0,0,-1,0,0,1,-1,-1,1,0,1,-1,0,0,-1,0,-1,1,0,0,0,0,-1,0,1,0,0,0,1,1,0,0,0,-1,0
3047,0,1,0,0,1,0,-1,1,0,0,1,0,-1,-1,0,0,1,1,0,0,0,0,0,0,-1,0,-1,0,-1,0,-1,-1,1,0,0,0,-1,0,-1,1,0,1,0,0,0,0,-1,0,0,0,0,0,-1,0,0,0,1,1,0,0,0,0,0,1
3048,0,0,0,0,0,1,0,0,0,0,1,0,-1,0,0,1,0,0,0,1,-1,-1,-1,0,-1,0,0,0,0,0,0,0,0,-1,0,0,0,0,0,0,0,0,0,0,0,0,0,1,0,-1,0,0,0,0,0,0,0,0,0,0,-1,0,0,0
3049,0,0,0,-1,1,0,0,0,0,0,-1,0,0,0,1,1,0,-1,0,0,-1,0,0,0,-1,0,0,0,-1,0,0,0,-1,0,0,0,-1,1,0,1,0,0,0,-1,0,0,0,-1,-1,0,1,1,0,0,0,1,0,1,-1,0,0,0,0,0
3050,1,0,1,0,-1,0,0,0,0,0,-1,0,-1,0,0,1,1,1,1,0,0,0,-1,0,0,-1,0,0,0,0,1,-1,-1,0,0,0,0,0,0,1,1,0,-1,0,1,0,0,0,0,0,0,0,-1,0,1,1,0,0,-1,-1,0,0,-1,1
3051,1,0,0,0,1,1,0,0,0,0,0,0,0,0,-1,0,0,1,1,0,0,0,0,0,1,0,0,-1,-1,0,0,-1,-1,0,1,0,0,-1,0,0,0,1,0,0,1,0,-1,0,0,-1,-1,-1,0,-1,0,0,0,0,-1,0,1,0,-1,0
3052,0,-1,-1,1,-1,0,0,0,-1,-1,0,1,1,-1,0,0,0,1,-1,1,0,1,0,0,0,1,-1,0,0,0,0,0,0,0,0,-1,-1,0,-1,0,0,0,0,1,0,0,0,0,0,0,0,0,0,0,0,0,-1,0,1,0,0,0,0,1
3053,0,0,0,0,0,0,0,0,1,0,0,0,0,1,1,0,0,0,1,0,0,-1,1,-1,-1,-1,0,0,-1,0,0,0,-1,0,0,0,-1,0,0,1,1,0,-1,0,1,-1,-1,1,0,1,-1,0,0,-1,1,-1,0,0,0,0,0,0,0,0
3054,0,0,0,0,0,-1,-1,-1,0,0,-1,0,0,-1,-1,-1,0,0,-1,0,1,0,0,0,0,0,0,1,-1,0,0,1,0,-1,-1,0,0,0,1,0,0,0,0,0,0,1,0,0,0,0,1,-1,-1,0,0,0,1,0,-1,1,1,0,0,1
3055,0,1,-1,0,-1,0,-1,0,0,0,-1,0,0,0,0,-1,0,-1,0,0,0,0,0,0,-1,0,0,1,0,-1,1,0,0,1,0,0,1,0,0,0,-1,0,-1,1,0,1,0,0,1,0,-1,1,0,0,0,0,0,0,0,1,0,1,1,0
3056,0,0,0,0,0,0,0,0,0,-1,0,-1,0,-1,0,1,0,-1,-1,0,0,-1,0,0,0,0,0,0,-1,-1,0,1,1,0,0,0,-1,0,-1,0,0,0,1,1,-1,0,1,-1,0,-1,0,0,-1,0,0,0,0,1,1,0,0,0,0,0
3057,0,-1,1,-1,0,0,0,0,1,0,0,0,1,-1,1,1,0,-1,0,0,0,0,0,0,0,1,1,1,-1,1,1,0,1,0,0,0,-1,0,0,0,-1,0,0,0,0,0,0,0,1,0,0,-1,0,0,0,0,0,0,0,-1,-1,0,0,0
3058,0,0,0,0,-1,-1,-1,0,0,0,-1,0,0,1,0,1,0,0,1,1,0,0,-1,0,0,0,0,1,0,0,0,0,1,0,0,1,0,0,-1,-1,0,0,0,0,0,1,1,0,1,0,0,0,-1,0,1,0,0,0,1,0,0,0,1,0
3059,1,0,0,1,0,0,0,1,0,0,-1,0,0,0,0,0,0,0,0,0,-1,1,-1,-1,0,0,0,0,0,0,1,0,0,0,0,0,0,-1,0,0,1,0,-1,1,0,0,0,0,0,0,0,-1,0,1,0,-1,0,0,1,0,0,-1,0,0
3060,0,1,0,0,0,0,-1,0,0,0,1,0,0,0,1,0,1,0,0,0,0,0,0,1,0,-1,0,0,0,0,0,-1,0,1,0,1,0,0,0,0,1,0,0,1,0,0,0,0,0,-1,0,1,0,0,0,1,-1,1,0,0,1,1,0,0
3061,0,0,0,0,0,0,0,0,-1,-1,0,0,-1,1,1,0,-1,0,0,0,0,0,0,0,-1,0,-1,0,0,1,0,0,0,0,0,0,0,-1,0,0,0,0,0,-1,0,0,1,-1,0,0,0,-1,0,0,1,-1,0,0,1,-1,0,-1,-1,0
3062,0,0,1,-1,0,0,-1,1,1,0,0,0,0,0,0,0,0,0,0,0,1,1,0,0,0,0,0,0,1,0,1,0,0,0,0,0,1,0,0,1,0,0,0,1,0,-1,-1,0,-1,1,0,-1,0,0,1,0,-1,-1,0,1,-1,1,0,0
3063,0,0,0,0,-1,0,0,0,-1,1,0,-1,0,0,0,-1,-1,0,0,-1,-1,1,0,1,0,0,0,-1,0,0,0,-1,0,0,0,0,0,1,-1,1,0,-1,1,1,1,0,0,1,0,0,0,-1,0,0,-1,-1,-1,-1,0,-1,0,0,0,0
3064,0,-1,0,1,0,0,-1,0,-1,0,0,-1,0,-1,0,0,-1,0,1,1,0,-1,0,1,1,0,0,-1,0,0,1,1,0,1,0,0,0,0,0,0,0,0,0,0,0,-1,0,0,0,1,0,0,0,-1,0,0,0,0,1,0,-1,0,1,-1
3065,0,0,-1,0,0,-1,0,-1,1,-1,-1,1,0,0,0,0,0,0,1,0,0,-1,0,-1,1,0,0,1,1,0,-1,0,1,0,-1,-1,1,0,1,0,0,1,0,0,-1,0,0,1,0,1,0,0,0,1,0,1,-1,0,-1,1,0,0,1,0
3066,0,1,0,0,-1,0,0,1,0,0,0,0,0,0,0,1,0,0,0,0,-1,1,1,1,0,1,1,0,0,0,0,1,0,0,0,0,1,1,0,-1,1,0,0,0,0,0,0,0,0,-1,-1,-1,0,0,0,0,0,1,0,0,0,1,-1,0
3067,0,0,-1,0,0,0,0,0,1,1,0,0,0,0,0,-1,-1,0,0,0,0,0,0,0,0,0,-1,0,-1,0,0,1,0,0,0,0,-1,0,0,0,0,-1,-1,0,-1,0,0,-1,0,1,-1,1,0,0,0,-1,-1,0,0,-1,0,0,0,-1
3068,0,0,0,0,-1,-1,0,0,-1,0,0,0,0,0,0,0,0,1,0,0,-1,0,0,0,0,0,1,0,0,-1,1,-1,0,0,1,-1,0,0,-1,0,0,0,0,-1,1,0,-1,0,0,0,1,0,-1,0,0,0,1,1,0,1,1,-1,0,0
3069,0,0,1,0,1,0,0,1,0,0,0,1,-1,1,0,1,0,0,0,1,-1,1,0,1,0,-1,1,1,-1,1,0,-1,-1,1,0,0,1,1,0,-1,1,0,0,0,0,-1,0,1,0,0,0,-1,0,1,-1,0,0,0,1,0,0,-1,0,0
3070,1,1,0,0,0,-1,-1,-1,0,0,-1,0,0,0,-1,0,0,-1,0,0,1,-1,0,0,0,0,-1,0,0,0,0,1,1,1,0,-1,0,0,1,0,1,0,-1,0,0,1,0,0,0,0,0,0,0,0,-1,0,1,0,0,0,0,0,0,0
3071,0,0,0,0,-1,1,1,0,-1,0,0,0,0,-1,0,0,0,0,1,0,0,0,-1,0,0,0,0,-1,-1,-1,0,1,0,0,0,0,0,0,1,1,0,-1,0,0,1,-1,0,0,0,1,0,-1,0,-1,0,0,0,0,0,0,1,0,0,0
3072,1,1,0,0,0,0,0,0,0,0,0,0,0,0,0,1,0,-1,0,1,0,1,0,0,0,-1,0,0,0,0,-1,0,-1,1,0,0,0,1,0,-1,-1,0,0,0,1,0,0,0,-1,0,1,0,0,1,0,1,0,0,-1,0,0,0,0,0
3073,0,0,0,0,0,0,-1,1,0,0,-1,1,-1,0,0,0,0,0,0,0,0,0,0,1,-1,0,0,-1,-1,-1,0,0,1,1,1,-1,1,0,0,0,0,0,0,0,0,1,0,0,0,0,0,0,1,0,-1,0,0,-1,0,1,-1,0,0,0
3074,0,0,0,-1,1,-1,-1,0,0,0,0,0,0,1,0,-1,0,-1,0,0,0,0,0,0,0,0,0,0,0,0,1,0,1,0,0,-1,0,1,0,0,0,1,0,1,0,0,0,1,0,0,0,-1,0,-1,0,1,1,0,0,-1,0,0,0,-1
3075,0,0,0,0,1,1,1,0,0,1,0,1,1,0,1,1,0,0,0,-1,0,0,0,0,1,-1,0,0,0,0,0,1,0,1,-1,0,0,-1,0,0,-1,0,0,0,-1,0,-1,-1,0,0,-1,-1,0,-1,0,0,1,0,-1,-1,-1,0,0,0
3076,0,0,0,0,0,0,1,0,1,1,0,0,0,0,1,0,0,0,0,-1,0,0,0,0,0,0,0,1,0,0,0,0,0,-1,0,0,0,0,1,0,0,1,0,0,1,-1,0,0,0,0,0,0,0,0,0,-1,0,1,-1,0,0,-1,-1,0
3077,0,0,0,0,0,0,-1,0,-1,-1,0,-1,1,0,0,0,-1,0,0,1,-1,-1,0,0,0,0,0,0,1,-1,0,0,0,0,1,0,-1,-1,1,-1,0,0,0,0,0,0,0,0,1,0,0,0,0,1,-1,-1,0,0,0,0,-1,-1,0,1
3078,0,-1,0,0,0,0,-1,0,0,1,1,0,0,0,0,-1,0,0,0,0,1,-1,0,-1,0,0,-1,1,0,0,0,0,0,0,1,0,0,0,-1,0,0,0,1,0,0,0,0,0,-1,0,0,0,0,0,1,-1,1,1,0,0,1,0,-1,0
3079,0,1,0,0,0,0,0,0,0,0,0,0,0,-1,-1,-1,0,0,0,0,-1,0,0,-1,0,-1,0,0,0,1,0,1,0,0,1,0,1,0,0,0,0,0,0,0,0,0,1,1,0,1,0,1,-1,0,0,0,0,0,0,0,0,1,0,0
3080,0,-1,0,-1,-1,-1,1,-1,0,-1,1,0,0,-1,-1,0,0,0,0,0,0,1,0,0,0,0,1,0,0,0,0,-1,-1,0,0,0,1,0,1,0,0,-1,1,0,0,0,0,0,0,1,0,0,0,0,0,0,0,0,0,1,1,0,0,0
3081,0,0,1,0,0,0,0,0,0,1,-1,0,1,0,0,1,0,-1,-1,0,0,1,1,1,0,0,0,1,0,0,0,-1,-1,-1,0,1,0,0,-1,0,0,0,0,0,-1,1,0,0,0,-1,1,0,0,0,-1,0,0,0,0,-1,0,0,0,0
3082,0,0,0,1,0,0,0,0,0,0,0,0,0,0,-1,0,0,0,0,0,1,0,0,0,1,1,0,0,-1,0,0,-1,0,1,-1,1,0,-1,0,0,0,0,0,0,0,-1,0,1,1,1,0,0,0,0,-1,-1,-1,0,0,-1,0,1,0,-1
3083,-1,-1,0,0,0,0,0,0,1,0,0,0,1,0,0,1,0,0,0,1,0,0,0,1,0,1,0,-1,-1,0,0,0,0,0,1,0,0,1,0,0,0,0,1,0,-1,1,1,0,1,0,0,-1,1,0,0,0,0,0,0,0,0,0,0,0
3084,0,-1,0,1,-1,1,0,-1,0,0,-1,-1,0,0,0,-1,1,0,1,0,1,0,0,-1,0,1,0,0,0,1,0,1,0,1,0,0,0,-1,-1,0,0,-1,0,0,0,0,-1,0,0,0,-1,1,0,0,0,0,1,0,0,-1,0,0,0,0
3085,0,-1,1,0,0,0,0,0,-1,0,0,0,0,-1,0,0,0,-1,0,0,-1,0,1,0,0,0,0,1,-1,0,0,0,0,0,1,0,-1,0,0,-1,1,0,0,0,0,1,1,0,0,1,1,0,-1,1,-1,-1,0,0,0,0,0,0,0,0
3086,0,0,1,0,0,0,-1,0,1,0,-1,0,0,-1,0,0,-1,0,1,-1,0,0,0,0,0,0,-1,0,0,0,-1,0,0,1,1,-1,-1,0,0,0,0,0,0,0,1,0,0,1,1,1,0,1,0,1,0,0,-1,0,0,0,0,0,0,0
3087,0,0,0,0,0,0,0,1,0,0,0,0,0,0,-1,0,0,0,0,1,0,0,1,1,0,0,1,1,0,0,0,0,0,0,0,0,-1,-1,1,0,0,0,0,0,0,0,1,0,-1,0,1,0,0,-1,0,-1,0,0,0,-1,0,0,1,1
3088,0,0,0,0,1,1,1,0,0,0,0,1,0,0,0,0,-1,1,0,0,0,0,0,0,0,-1,0,1,0,0,-1,-1,0,0,0,-1,0,-1,1,0,0,1,-1,0,0,1,1,0,0,1,0,-1,-1,1,0,0,0,0,1,0,-1,0,0,0
3089,-1,0,1,0,0,0,0,0,1,0,0,0,1,1,0,0,1,-1,-1,1,-1,0,1,-1,1,0,-1,-1,1,0,-1,-1,-1,0,-1,-1,-1,1,1,-1,1,0,0,1,1,0,0,-1,0,0,0,0,0,0,0,0,0,1,-1,0,0,0,0,0
3090,0,0,0,1,-1,0,0,1,0,0,0,-1,0,-1,0,0,0,0,1,-1,1,0,0,0,0,0,0,0,-1,1,0,0,0,1,0,0,0,0,0,1,0,0,0,0,0,-1,0,0,0,0,1,1,1,0,0,0,-1,0,0,0,0,0,0,-1
3091,-1,0,0,0,-1,0,1,1,0,0,1,0,0,1,0,1,1,-1,0,0,0,1,-1,0,0,0,1,0,0,0,0,0,1,0,0,0,0,1,-1,0,0,1,0,-1,0,0,0,0,0,1,0,-1,0,0,0,0,0,0,0,0,-1,0,1,1
3092,0,0,0,0,1,-1,0,0,0,0,0,0,0,0,0,0,-1,1,0,0,-1,0,1,0,0,0,0,0,-1,0,0,0,-1,0,0,-1,1,0,0,1,0,-1,-1,1,0,0,0,-1,-1,0,0,0,0,0,0,0,0,0,0,0,-1,0,-1,-1
3093,0,0,0,0,0,1,0,0,-1,0,0,0,0,0,0,0,0,1,0,0,0,-1,0,1,1,0,0,0,0,1,0,0,0,1,1,0,-1,1,1,0,0,0,-1,0,0,-1,0,1,0,0,0,1,-1,0,1,0,-1,-1,0,0,0,0,0,0
3094,0,0,-1,0,-1,0,-1,0,0,1,-1,0,-1,-1,0,0,0,0,0,0,0,0,0,0,0,0,0,0,0,0,0,0,1,0,1,-1,0,-1,-1,0,-1,0,0,0,1,0,-1,0,1,0,-1,-1,0,-1,-1,-1,0,0,0,0,0,0,0,0
3095,0,-1,-1,0,-1,1,0,-1,0,-1,-1,0,-1,0,1,0,0,0,0,-1,0,0,0,0,0,0,0,0,0,0,-1,-1,-1,0,0,0,0,0,0,0,0,0,0,0,0,0,-1,0,1,-1,-1,-1,0,0,1,0,-1,-1,0,0,0,0,0,0
3096,0,1,0,0,0,0,0,0,-1,1,0,0,0,0,0,0,0,-1,0,0,0,0,0,0,0,1,0,0,1,-1,0,0,-1,-1,0,0,0,1,0,0,1,0,0,1,0,1,1,0,0,1,0,-1,0,0,1,1,-1,0,0,1,0,0,0,1
3097,-1,0,0,1,0,0,0,0,0,1,-1,0,0,0,0,0,0,0,-1,0,0,-1,0,-1,1,0,-1,0,1,1,0,0,0,-1,1,1,0,0,1,0,0,-1,0,0,0,0,0,0,1,-1,1,1,-1,0,0,0,0,0,1,0,0,0,0,0
3098,0,0,0,0,0,0,-1,-1,0,0,-1,0,0,1,-1,1,0,-1,0,0,1,1,0,-1,0,0,0,0,0,0,0,0,0,0,-1,-1,1,1,0,-1,-1,0,0,0,0,0,0,1,0,0,-1,0,0,0,0,0,0,0,1,-1,-1,0,0,0
3099,0,0,-1,1,0,0,1,1,0,1,-1,-1,0,-1,1,0,1,1,1,1,1,0,0,0,0,0,1,0,-1,1,1,0,0,0,0,-1,0,0,1,1,0,-1,1,0,0,1,1,0,0,-1,0,-1,0,1,1,0,0,1,1,1,0,0,-1,0
3100,-1,0,1,0,-1,0,0,0,0,1,0,0,-1,0,0,0,1,0,0,0,0,0,0,-1,0,1,1,0,0,0,0,1,-1,0,0,1,0,0,0,-1,0,1,0,-1,0,-1,0,0,1,0,0,-1,0,0,0,0,-1,-1,0,1,0,0,0,0
3101,0,0,0,0,-1,0,0,1,1,0,0,0,1,0,0,-1,0,-1,0,0,-1,0,0,1,0,0,1,1,-1,0,1,0,0,0,-1,1,1,0,0,-1,0,0,0,0,0,0,-1,0,0,0,0,0,-1,0,0,1,0,-1,0,0,0,1,0,1
3102,0,0,-1,-1,1,0,0,1,1,-1,0,1,-1,0,0,0,-1,0,0,-1,0,0,0,0,0,1,-1,0,-1,0,-1,0,0,1,0,0,0,1,0,0,0,0,1,0,0,-1,0,0,-1,1,0,0,1,0,0,0,0,0,1,0,0,1,-1,1
3103,-1,0,0,0,1,1,0,0,0,-1,-1,0,0,0,0,0,0,0,0,0,0,0,-1,1,-1,0,1,1,0,-1,1,0,0,0,0,-1,0,0,0,-1,0,0,0,0,-1,0,-1,-1,0,1,0,0,0,0,0,0,1,0,0,0,0,0,-1,0
3104,0,1,0,0,-1,0,0,-1,0,-1,-1,1,0,1,0,1,-1,0,0,0,0,0,1,1,0,0,0,1,0,0,-1,0,1,0,0,1,0,0,0,0,1,0,0,0,0,0,0,0,0,0,-1,0,0,0,-1,-1,1,0,-1,-1,1,0,0,0
3105,-1,0,0,0,0,0,-1,1,1,0,0,0,0,0,0,1,-1,0,0,1,0,0,-1,0,0,0,0,-1,0,-1,-1,0,0,0,0,1,0,-1,-1,0,1,0,0,-1,0,0,0,0,-1,-1,0,0,0,-1,-1,0,1,0,-1,0,0,0,0,0
3106,0,1,0,-1,0,0,0,-1,0,0,0,1,-1,0,1,0,0,1,0,0,0,0,1,0,0,0,0,-1,0,0,0,0,0,0,0,0,0,-1,0,1,0,0,0,0,0,-1,0,1,1,1,1,1,0,-1,0,-1,0,-1,0,0,0,0,0,0
3107,0,-1,-1,-1,0,1,1,0,0,-1,1,-1,0,0,1,0,-1,0,0,0,0,0,0,0,0,0,0,0,0,0,0,1,0,0,0,0,1,0,0,0,-1,-1,0,-1,1,-1,-1,0,0,0,0,0,1,0,1,0,1,0,0,0,-1,0,1,0
3108,0,0,0,0,-1,0,0,1,0,-1,0,0,0,0,1,0,-1,0,0,-1,0,-1,0,-1,-1,0,0,0,0,-1,0,0,-1,1,0,0,0,-1,0,0,0,1,0,-1,0,0,0,0,0,0,1,-1,0,0,-1,0,0,0,1,1,0,0,0,1
3109,1,0,0,0,-1,0,0,-1,1,0,0,0,1,-1,0,0,0,0,0,0,-1,0,1,0,0,0,0,-1,0,-1,0,0,0,0,0,0,0,0,0,0,0,0,0,0,0,0,0,0,0,0,0,-1,0,0,0,-1,0,0,0,-1,0,0,-1,0
3110,0,0,0,0,0,0,0,0,0,0,0,0,0,0,0,0,1,0,-1,0,0,-1,0,0,0,0,0,0,0,-1,0,0,0,0,0,0,0,0,0,0,-1,-1,-1,0,0,0,0,0,1,0,0,0,-1,1,0,1,-1,0,1,0,1,-1,0,1
3111,1,0,0,-1,1,0,1,0,1,0,0,-1,-1,0,1,0,0,0,0,0,0,0,0,-1,-1,0,-1,0,0,-1,0,0,0,1,0,0,0,0,-1,0,0,0,0,1,1,0,0,0,-1,-1,0,0,-1,0,0,0,0,-1,-1,0,0,0,-1,0
3112,0,1,0,0,0,1,0,0,1,1,0,0,1,0,0,-1,0,-1,-1,0,0,0,0,0,0,1,0,0,0,0,0,1,0,0,0,0,0,0,1,0,0,0,1,0,1,-1,0,0,0,0,-1,0,1,-1,0,0,0,0,1,0,1,0,1,0
3113,0,0,0,0,1,0,1,0,0,1,0,0,-1,0,1,0,1,1,0,0,0,-1,0,0,0,0,-1,-1,0,-1,0,-1,0,0,0,0,0,0,0,0,0,1,0,0,0,1,0,0,1,1,0,1,-1,0,-1,0,0,0,-1,-1,0,0,1,0
3114,0,0,0,0,0,0,0,-1,1,0,0,0,-1,0,0,0,-1,1,0,0,0,1,1,0,0,1,-1,0,-1,0,-1,1,0,0,0,0,-1,-1,-1,0,0,0,0,0,0,0,1,1,1,0,0,0,0,0,0,-1,0,-1,0,-1,0,1,-1,1
3115,0,1,0,0,-1,0,0,0,-1,0,0,0,0,0,-1,0,0,0,0,-1,-1,0,1,-1,-1,1,0,-1,0,-1,0,0,0,0,-1,-1,1,1,0,1,0,0,0,-1,1,0,0,0,0,0,-1,0,0,0,0,1,0,0,1,0,1,0,0,-1
3116,0,0,0,0,-1,0,0,0,0,0,1,1,0,0,0,0,0,-1,0,-1,0,-1,0,-1,-1,0,0,-1,0,1,-1,0,0,1,-1,0,1,-1,0,1,-1,0,0,-1,0,0,0,0,0,0,0,-1,0,0,0,0,-1,1,0,0,0,0,0,-1
3117,-1,-1,0,0,0,0,-1,-1,-1,0,0,0,1,0,0,-1,1,-1,0,1,0,-1,0,0,0,0,0,1,0,-1,0,0,0,0,0,-1,0,0,0,0,0,0,-1,0,-1,1,-1,0,0,0,1,1,1,0,1,0,0,0,0,0,1,0,0,0
3118,-1,0,0,0,0,0,0,-1,0,0,-1,1,-1,0,0,0,0,1,1,0,0,0,1,1,0,-1,0,0,1,0,0,0,0,0,0,0,0,1,0,0,0,-1,0,0,0,0,0,0,-1,0,-1,-1,0,1,-1,0,-1,-1,0,0,0,0,0,0
3119,1,0,0,1,1,0,-1,1,0,-1,0,0,0,0,1,0,0,0,0,0,0,0,0,0,0,0,0,0,0,1,-1,-1,0,0,0,-1,0,0,0,0,0,1,-1,0,0,-1,0,-1,0,0,1,0,0,0,0,0,0,-1,0,-1,-1,0,0,1
3120,0,0,0,0,1,0,0,0,0,0,0,1,1,-1,0,-1,0,0,0,0,0,0,1,-1,1,-1,0,0,0,0,-1,-1,1,0,-1,0,0,0,0,1,-1,-1,1,1,0,0,0,1,0,1,-1,0,0,0,1,0,-1,0,-1,1,-1,1,0,0
3121,0,1,0,0,-1,0,0,1,0,0,-1,-1,-1,0,-1,0,0,0,0,0,0,0,0,0,0,0,1,1,0,0,0,0,0,0,0,-1,0,1,0,0,0,0,0,0,1,0,1,0,0,0,0,0,0,0,0,0,0,1,0,-1,0,-1,0,0
3122,1,0,0,0,0,0,0,0,1,1,-1,0,-1,0,0,0,0,0,0,-1,0,-1,0,-1,-1,0,-1,0,-1,1,0,0,0,0,0,0,1,0,0,1,0,-1,1,0,1,1,0,-1,1,0,0,0,0,0,0,0,0,0,0,-1,0,0,1,0
3123,0,0,0,0,-1,-1,0,0,0,-1,-1,0,1,1,1,0,0,0,0,0,1,0,0,-1,1,-1,0,1,1,-1,0,-1,-1,0,1,0,1,0,0,0,0,0,0,-1,0,0,0,0,0,0,-1,0,0,0,1,-1,-1,0,0,0,0,0,0,0
3124,-1,-1,0,1,0,-1,0,-1,0,1,-1,0,-1,0,0,0,0,0,-1,0,1,0,0,0,0,0,0,0,1,0,0,0,0,0,0,0,0,0,0,-1,0,0,0,-1,0,0,-1,0,0,0,-1,0,0,-1,0,0,1,0,0,0,1,-1,0,0
3125,0,0,0,-1,0,0,0,0,0,1,0,0,0,-1,1,0,-1,0,0,-1,0,0,-1,1,0,-1,0,-1,0,1,0,-1,-1,0,0,0,1,0,0,0,-1,0,0,0,0,0,0,1,0,0,0,0,0,0,0,-1,-1,-1,0,0,-1,0,-1,0
3126,0,0,0,0,1,0,-1,0,-1,0,-1,-1,0,0,0,0,-1,0,-1,-1,0,1,0,0,0,0,0,0,0,0,1,0,-1,0,1,0,1,-1,0,0,0,-1,1,0,0,-1,0,1,0,0,0,0,0,0,0,0,-1,-1,-1,0,0,-1,0,0
3127,0,0,0,0,0,0,1,0,0,0,0,-1,-1,1,0,1,0,1,-1,-1,0,0,1,0,0,0,0,1,0,-1,1,0,0,0,0,1,0,0,0,0,0,0,0,0,0,1,1,0,0,0,0,-1,0,0,1,0,0,-1,-1,0,0,0,1,1
3128,1,1,0,0,0,1,0,0,0,0,1,0,0,0,0,-1,0,-1,-1,0,0,0,0,1,0,0,-1,1,0,0,0,0,0,0,0,0,0,0,0,0,0,0,0,0,0,0,0,0,0,0,-1,-1,1,1,0,1,-1,0,0,-1,1,0,1,0
3129,0,-1,0,0,1,-1,1,1,-1,-1,0,0,0,0,0,1,1,-1,0,0,0,0,0,0,1,0,0,0,0,1,0,0,0,1,1,0,-1,1,0,0,0,0,0,0,-1,0,0,1,0,0,0,-1,0,0,0,1,0,0,1,1,0,0,0,0
3130,0,-1,0,0,0,-1,1,0,1,0,0,0,0,0,0,-1,0,1,0,0,0,0,0,1,0,0,1,0,0,0,1,0,0,0,0,1,-1,0,0,-1,0,0,0,0,-1,-1,0,1,-1,0,0,-1,-1,1,0,0,0,-1,1,1,0,0,-1,0
3131,0,0,0,-1,0,0,0,0,0,-1,0,1,-1,0,-1,-1,0,-1,0,0,0,1,0,1,0,0,-1,-1,0,0,0,0,0,-1,0,1,0,0,0,1,0,1,0,1,0,0,0,0,1,0,0,1,0,0,-1,0,0,0,0,0,0,0,0,1
3132,0,1,0,0,0,0,0,1,-1,-1,0,0,1,0,0,-1,1,1,0,0,0,0,1,1,0,1,0,0,0,1,0,0,-1,-1,0,-1,-1,0,-1,1,1,0,-1,0,-1,0,0,0,0,0,1,-1,0,1,-1,0,0,0,0,0,1,1,0,1
3133,0,-1,-1,-1,0,1,0,0,-1,0,0,-1,-1,0,1,0,0,0,1,0,0,0,-1,1,0,0,-1,0,0,0,-1,0,1,1,1,0,-1,-1,0,0,0,0,0,0,0,0,1,0,0,1,0,0,0,0,0,0,0,0,-1,0,0,-1,0,0
3134,0,1,0,0,0,0,0,0,1,1,0,1,0,0,-1,-1,-1,0,0,0,0,-1,0,-1,0,0,-1,-1,1,0,0,0,0,0,1,0,0,0,0,-1,1,1,0,0,1,0,0,-1,0,0,0,0,0,-1,0,0,0,1,-1,-1,0,0,-1,1
3135,0,0,1,1,1,1,0,0,0,1,1,0,1,0,1,0,0,0,1,0,-1,1,0,0,0,-1,0,0,1,0,0,0,0,0,0,0,-1,0,0,1,-1,0,1,-1,-1,1,0,-1,0,0,-1,-1,0,0,0,0,0,0,0,0,0,-1,-1,-1
3136,1,0,0,0,0,0,0,-1,0,0,1,0,0,-1,0,0,-1,0,1,0,1,0,0,-1,0,1,0,0,0,0,0,0,1,0,1,0,0,1,-1,0,0,1,1,1,0,0,1,0,0,0,-1,0,0,0,0,-1,0,1,0,0,0,0,1,0
3137,1,1,-1,0,0,0,-1,1,0,0,0,-1,0,-1,0,0,0,0,0,0,0,0,0,0,1,-1,0,0,0,-1,-1,-1,1,0,0,1,1,0,0,1,0,0,0,1,0,0,-1,1,0,-1,0,1,0,0,1,-1,0,-1,0,1,-1,0,1,0
3138,0,1,0,0,0,0,0,1,0,0,0,0,-1,0,0,0,0,0,1,1,-1,0,0,0,0,-1,0,0,0,-1,-1,0,0,1,-1,0,0,-1,-1,-1,-1,0,1,0,0,0,0,1,0,1,0,0,0,0,0,0,0,0,0,0,0,0,0,0
3139,0,-1,0,0,-1,-1,0,1,0,0,0,0,0,0,0,0,-1,0,0,0,0,-1,1,0,-1,0,0,0,1,-1,0,0,0,0,0,0,1,-1,0,0,0,0,0,1,1,0,0,1,0,0,1,-1,0,0,0,0,0,0,-1,0,0,0,0,-1
3140,0,0,0,0,0,0,0,0,-1,0,1,0,0,0,-1,1,0,0,1,-1,0,0,0,0,0,0,0,0,-1,0,0,0,0,-1,0,0,1,0,-1,-1,0,0,0,0,1,0,0,1,0,-1,-1,1,0,-1,-1,0,0,0,0,0,0,-1,0,-1
3141,1,1,0,0,-1,0,0,0,0,-1,0,0,-1,0,0,1,1,-1,1,0,0,0,-1,0,0,0,0,0,0,0,0,0,0,1,1,-1,0,0,0,0,0,0,0,0,0,0,0,0,0,0,0,0,-1,0,0,0,0,-1,0,0,1,1,-1,-1
3142,0,0,0,1,0,-1,0,0,-1,0,0,0,-1,-1,0,0,0,0,0,0,0,0,1,-1,-1,0,0,0,1,0,-1,-1,0,1,1,0,-1,1,0,-1,1,0,0,0,0,0,0,0,1,-1,1,0,-1,-1,0,0,0,-1,-1,0,0,0,0,0
3143,0,0,0,0,1,0,-1,0,-1,-1,1,0,0,0,0,0,0,0,-1,0,0,1,-1,0,-1,0,-1,0,0,0,0,0,0,0,0,0,0,-1,0,1,0,0,1,0,0,0,0,0,0,0,0,0,-1,-1,0,1,0,0,-1,0,0,1,1,0
3144,0,1,0,-1,-1,0,0,0,0,0,1,1,0,1,0,0,0,0,0,0,0,-1,0,0,1,0,0,0,0,1,1,-1,0,0,-1,1,0,0,0,0,-1,0,0,-1,0,-1,1,1,0,0,0,1,0,-1,0,0,1,0,0,0,0,0,0,0
3145,0,0,0,0,0,0,0,0,0,0,0,0,0,0,0,0,-1,-1,1,0,-1,0,0,0,0,0,-1,0,0,0,-1,0,1,0,1,0,1,1,0,1,-1,0,0,-1,0,1,1,0,0,0,-1,0,1,0,0,0,0,0,0,-1,-1,0,0,0
3146,1,0,0,1,0,0,0,0,1,-1,0,-1,0,1,0,0,0,1,-1,0,0,0,-1,-1,0,0,0,0,-1,1,0,-1,1,-1,-1,0,1,0,1,0,-1,0,1,-1,1,0,-1,1,0,0,0,-1,-1,0,1,0,0,-1,0,0,0,0,-1,-1
3147,1,0,0,0,0,1,0,-1,0,0,1,0,-1,0,-1,0,0,0,1,0,0,0,0,-1,-1,-1,0,0,1,0,0,0,1,-1,0,0,1,-1,0,-1,0,0,1,0,0,-1,0,0,-1,1,1,0,0,-1,0,0,0,0,0,0,0,0,0,-1
3148,0,0,-1,-1,-1,-1,0,0,0,0,0,-1,0,0,0,0,0,1,0,0,-1,1,0,0,1,0,0,0,0,-1,0,1,1,1,0,1,0,0,-1,0,1,0,0,1,0,0,1,0,0,0,0,-1,1,0,-1,-1,-1,0,-1,0,0,0,0,-1
3149,-1,0,0,0,1,0,0,0,0,0,0,-1,0,0,-1,0,0,1,1,1,0,0,0,0,-1,0,-1,0,-1,-1,0,-1,-1,0,0,0,1,0,1,0,1,0,0,0,0,0,1,-1,0,1,-1,0,1,0,0,0,0,0,0,0,0,0,0,0
3150,1,0,1,0,-1,0,-1,1,0,-1,1,0,0,0,0,0,0,1,0,0,-1,0,0,0,-1,0,0,0,0,0,0,0,-1,1,1,0,0,1,0,1,0,0,0,-1,0,0,-1,1,-1,1,1,0,0,0,1,0,-1,0,1,-1,0,0,-1,0
3151,1,1,0,-1,0,-1,0,0,0,0,-1,0,0,0,1,0,0,0,0,1,0,0,0,0,0,1,1,0,0,0,0,0,0,1,0,0,0,0,-1,1,1,0,0,0,0,-1,0,1,0,0,1,-1,0,1,1,-1,1,0,0,0,0,1,0,-1
3152,1,0,1,1,0,0,1,0,0,0,-1,0,0,0,-1,0,1,0,0,0,1,0,0,0,0,0,1,0,-1,1,0,1,1,0,1,0,0,0,1,0,0,-1,0,0,0,-1,0,0,0,0,-1,-1,0,0,0,0,-1,-1,-1,0,1,0,0,0
3153,0,0,0,0,-1,0,0,0,1,0,1,1,0,0,0,0,0,0,1,0,-1,0,0,0,0,0,0,0,0,0,0,-1,0,0,-1,0,1,0,0,0,0,0,0,0,0,0,0,-1,0,-1,1,0,1,0,0,0,0,0,-1,0,-1,-1,0,1
3154,1,0,0,0,0,0,-1,0,0,-1,0,-1,1,0,0,0,0,0,-1,0,0,0,0,0,0,0,-1,1,0,-1,1,-1,0,0,0,1,-1,0,1,0,0,0,0,0,0,0,0,1,-1,0,1,0,0,-1,1,0,0,-1,0,0,0,0,-1,0
3155,0,0,0,0,0,0,0,-1,-1,-1,1,0,0,1,-1,0,0,1,0,0,-1,0,-1,0,0,0,1,0,0,0,0,0,1,-1,0,0,0,0,1,0,0,1,0,0,0,0,-1,0,0,1,0,0,0,-1,0,-1,0,0,0,0,0,0,1,0
3156,-1,0,0,0,0,0,-1,1,0,0,0,0,0,0,-1,1,1,0,0,-1,1,1,0,0,0,-1,0,0,-1,0,0,0,0,0,0,0,0,0,0,0,-1,0,1,0,0,0,0,0,0,-1,0,0,0,-1,-1,0,-1,-1,0,0,0,0,0,0
3157,1,0,0,-1,0,0,0,-1,0,-1,0,-1,1,-1,1,0,0,0,0,1,0,0,-1,0,1,0,-1,1,0,-1,0,1,-1,0,0,1,1,1,-1,0,0,1,0,0,0,0,0,0,1,0,-1,0,0,0,-1,0,1,0,0,0,0,0,-1,0
3158,0,0,0,0,1,0,-1,0,0,0,0,1,-1,-1,0,0,-1,0,-1,0,-1,-1,-1,1,0,1,0,-1,0,0,0,0,0,0,1,0,1,1,0,0,1,-1,-1,0,1,0,1,1,1,-1,-1,0,0,0,1,-1,0,1,0,1,0,0,1,0
3159,0,1,0,0,0,0,1,-1,-1,0,0,1,0,0,0,0,-1,0,0,0,0,0,1,0,-1,0,-1,1,0,-1,-1,-1,0,1,-1,0,-1,0,0,0,0,0,0,0,0,-1,1,0,0,-1,0,1,0,0,0,0,0,0,1,0,0,1,0,0
3160,0,0,0,1,0,-1,0,0,0,0,0,-1,0,0,0,0,0,1,-1,0,1,0,0,0,0,0,-1,-1,0,0,1,1,1,0,0,1,1,0,0,0,0,1,0,-1,-1,1,1,0,1,1,0,0,-1,0,0,-1,0,0,0,0,1,0,0,0
3161,0,0,1,0,1,1,-1,0,-1,1,1,0,0,0,-1,-1,0,0,0,0,-1,0,-1,0,0,0,1,-1,1,0,0,0,-1,-1,-1,0,0,0,1,0,-1,0,0,-1,-1,-1,-1,0,0,0,0,0,-1,-1,0,-1,0,0,0,0,0,0,0,0
3162,0,0,1,0,0,0,1,-1,0,0,0,0,0,-1,0,0,1,1,0,0,-1,0,0,1,0,1,0,-1,0,1,0,-1,0,1,0,0,1,0,0,1,1,-1,-1,1,0,-1,0,0,0,0,0,0,0,1,0,0,0,0,0,0,1,0,0,0
3163,0,1,0,0,0,0,0,-1,1,-1,1,0,0,1,-1,0,1,0,0,0,-1,0,1,0,1,0,1,0,0,0,0,0,1,1,0,1,-1,-1,0,1,0,0,-1,0,0,0,0,0,0,1,0,0,1,0,0,1,0,-1,1,0,0,0,0,0
3164,0,1,0,0,1,-1,0,0,-1,0,0,0,1,0,1,1,0,0,1,0,-1,-1,0,0,1,0,1,0,0,1,1,0,0,0,0,0,0,-1,0,0,0,0,1,-1,0,0,-1,0,0,0,0,-1,1,-1,0,-1,-1,0,0,0,0,0,0,0
3165,0,0,1,0,-1,0,0,0,0,-1,0,-1,0,-1,0,-1,-1,0,0,0,1,0,-1,0,-1,1,-1,0,0,1,0,-1,-1,0,0,0,0,0,0,0,1,0,1,0,0,0,1,1,0,0,0,0,-1,-1,0,0,0,0,0,1,0,0,0,0
3166,0,0,0,0,0,0,0,0,1,0,0,0,0,1,-1,-1,0,1,0,0,0,0,0,-1,0,-1,0,0,0,0,1,0,0,1,-1,0,1,0,0,0,0,0,-1,0,0,-1,1,0,0,1,-1,1,1,0,0,0,0,0,0,0,-1,0,0,1
3167,1,-1,0,0,0,0,1,-1,0,0,-1,0,0,0,-1,1,0,1,1,0,0,0,-1,0,0,0,0,0,0,0,0,-1,0,0,0,-1,-1,0,0,0,1,0,0,0,0,0,1,0,-1,0,0,0,-1,-1,-1,0,0,-1,-1,1,1,0,0,0
3168,0,0,0,0,0,0,0,-1,-1,0,0,0,0,-1,1,0,0,0,0,0,1,-1,0,0,-1,0,0,0,1,0,0,-1,0,0,-1,0,0,0,0,1,-1,0,1,1,0,1,0,1,0,0,1,0,0,0,0,1,0,0,1,0,0,0,0,0
3169,1,0,0,0,-1,0,0,1,0,1,1,1,0,0,0,0,-1,0,0,0,0,0,0,1,0,0,0,0,0,0,0,0,0,1,1,0,0,0,1,0,0,-1,0,0,-1,0,0,-1,-1,0,0,0,0,1,0,0,-1,0,0,0,1,0,0,1
3170,1,0,0,0,0,1,0,1,-1,-1,1,0,0,-1,0,0,0,0,0,1,0,0,0,0,0,0,0,0,1,0,0,0,0,1,0,0,0,0,1,1,0,1,0,0,0,0,0,-1,0,0,-1,0,0,-1,1,0,0,0,0,0,0,0,0,0
3171,0,0,0,0,0,0,0,1,-1,1,-1,0,0,0,0,0,-1,0,1,0,0,1,1,1,0,0,0,0,0,0,-1,0,0,0,0,0,1,0,0,0,-1,1,0,0,0,-1,0,0,0,0,0,0,1,0,0,1,0,0,0,0,0,0,1,1
3172,0,1,0,0,0,1,0,0,0,1,0,0,1,0,0,1,0,-1,-1,1,0,0,0,0,0,-1,1,0,0,0,0,0,-1,0,0,1,1,1,0,-1,1,0,0,1,0,1,0,0,0,0,1,0,1,0,1,0,0,0,0,1,0,0,1,0
3173,0,0,-1,0,0,0,0,0,0,0,-1,0,0,1,0,0,1,0,1,0,0,-1,0,-1,0,0,-1,0,-1,0,-1,0,0,0,0,0,0,0,0,0,0,0,0,1,1,1,0,-1,0,0,-1,1,1,-1,0,-1,1,1,-1,0,0,0,0,0
3174,0,0,1,0,1,0,-1,0,0,0,0,0,1,0,0,0,1,0,0,-1,0,1,0,-1,0,0,-1,1,-1,1,-1,0,1,0,0,1,0,-1,-1,0,-1,0,0,-1,0,0,-1,-1,0,0,0,0,-1,0,0,1,1,0,0,1,1,0,0,0
3175,0,0,-1,0,1,0,0,0,0,0,0,0,0,0,0,0,-1,0,0,0,0,0,0,0,0,0,0,-1,1,0,0,0,0,0,0,-1,0,-1,0,0,-1,0,0,0,0,-1,0,0,-1,0,0,-1,-1,0,0,0,-1,1,-1,0,0,0,1,-1
3176,0,0,0,-1,1,0,-1,0,0,1,0,0,-1,1,0,1,1,0,1,-1,-1,1,0,0,-1,0,0,1,-1,0,0,0,0,1,0,0,1,0,0,-1,0,0,-1,1,0,1,1,0,0,1,0,-1,0,0,0,0,-1,-1,0,1,1,1,-1,1
3177,0,-1,0,0,0,0,-1,1,-1,0,0,0,0,0,0,0,0,0,-1,0,-1,0,0,0,0,0,0,0,0,0,0,0,0,-1,0,0,0,0,0,0,1,0,0,0,1,0,0,-1,0,1,0,0,0,0,1,0,1,0,-1,-1,-1,1,0,0
3178,-1,0,0,-1,0,-1,0,0,0,0,0,0,0,0,0,0,0,1,0,0,0,-1,0,0,-1,0,0,0,0,1,1,0,0,0,0,1,1,0,0,0,1,0,0,0,0,1,0,0,0,1,-1,0,1,0,1,0,0,0,0,0,0,0,-1,0
3179,0,0,0,0,0,0,0,0,0,-1,0,1,0,0,0,0,0,0,1,1,1,0,0,0,0,0,0,-1,0,-1,0,0,0,-1,1,1,-1,0,0,1,-1,1,-1,0,0,0,0,0,0,-1,0,1,0,0,-1,0,0,0,1,0,0,1,0,0
3180,1,0,0,0,1,1,0,0,-1,0,0,0,0,1,0,-1,0,0,-1,1,0,0,0,0,0,0,0,0,-1,0,0,-1,0,0,0,0,-1,0,0,0,1,0,0,0,1,0,0,0,-1,0,1,0,-1,0,0,1,0,0,1,0,1,0,1,0
3181,1,0,0,0,-1,0,-1,0,-1,0,0,0,0,0,0,0,1,0,0,-1,0,0,0,-1,0,0,1,0,-1,0,0,1,0,0,1,0,0,0,0,-1,0,0,0,0,0,0,0,0,0,1,1,0,-1,0,0,-1,0,0,0,0,0,1,0,0
3182,0,0,0,0,-1,-1,0,-1,0,-1,0,0,0,0,1,0,1,0,-1,0,1,0,0,1,0,1,0,0,0,1,0,1,1,-1,-1,0,-1,0,0,0,1,-1,-1,0,0,0,1,0,1,0,0,0,0,0,0,0,0,0,0,0,0,0,-1,0
3183,-1,1,0,1,0,0,0,0,0,0,0,0,0,0,0,0,0,0,-1,0,-1,1,0,0,1,1,1,0,0,0,1,0,0,0,-1,0,1,1,-1,0,0,0,0,0,0,0,-1,0,0,0,0,0,-1,0,0,1,0,0,0,1,-1,-1,0,0
3184,0,-1,1,0,0,0,1,0,0,0,0,0,1,-1,1,-1,0,0,0,0,0,0,0,1,0,0,0,0,1,-1,-1,1,0,0,0,-1,-1,0,0,0,0,1,1,0,0,0,-1,0,-1,0,1,0,0,0,0,0,0,0,0,0,0,-1,0,0
3185,0,0,0,1,0,0,-1,-1,0,0,1,0,0,0,1,1,-1,0,0,0,0,0,-1,1,0,0,0,0,0,1,-1,0,0,0,0,0,0,-1,0,-1,0,0,0,0,0,1,-1,0,0,1,0,0,0,0,0,0,0,0,-1,0,0,-1,0,0
3186,1,0,0,1,0,0,0,1,1,0,1,-1,0,0,0,-1,0,0,-1,0,0,0,1,1,1,-1,0,0,-1,0,1,0,0,0,0,0,0,-1,0,0,0,0,0,1,0,0,1,-1,1,0,-1,1,0,1,0,0,0,0,0,0,0,0,0,0
3187,0,0,0,0,-1,0,1,-1,1,1,-1,1,1,0,-1,-1,-1,1,0,1,0,0,-1,-1,0,0,0,0,0,-1,0,-1,0,-1,1,0,0,0,0,0,-1,0,0,-1,0,0,-1,0,-1,0,-1,0,1,1,-1,1,0,1,0,1,0,0,1,1
3188,0,0,0,0,0,0,0,0,0,-1,0,-1,0,0,0,0,0,0,-1,1,0,0,0,1,0,0,0,1,0,0,0,0,-1,0,1,-1,1,1,0,0,0,0,0,0,0,-1,-1,-1,0,0,0,-1,0,1,1,0,-1,0,1,0,0,0,0,0
3189,0,1,-1,1,1,0,0,0,0,-1,0,1,-1,0,0,1,0,1,1,-1,0,0,1,-1,0,0,1,1,-1,0,0,-1,0,-1,0,0,0,-1,1,0,0,-1,0,0,0,-1,0,-1,0,1,0,1,1,0,0,0,0,-1,1,0,0,0,1,0
3190,1,0,-1,0,0,-1,-1,0,1,0,0,0,0,0,0,1,-1,-1,0,0,1,-1,-1,0,0,0,0,0,0,0,0,0,0,0,-1,0,0,0,0,0,1,0,-1,0,0,0,0,0,0,1,1,-1,0,0,0,-1,-1,1,0,-1,0,0,0,0
3191,0,0,0,1,0,1,1,-1,-1,0,0,0,-1,0,0,-1,0,0,0,0,1,0,-1,0,0,0,1,0,0,0,0,-1,0,-1,1,0,0,-1,1,-1,0,0,1,-1,0,0,1,0,0,0,0,1,0,0,0,1,0,0,1,-1,0,0,1,0
3192,0,-1,0,0,1,0,1,1,0,0,0,0,-1,-1,0,1,1,0,1,1,0,1,-1,0,1,1,1,1,-1,0,0,0,0,0,0,-1,1,0,1,0,0,0,0,-1,-1,1,1,0,0,-1,1,0,0,0,0,1,0,0,0,0,1,0,-1,0
3193,-1,0,0,0,0,1,0,1,0,-1,0,1,0,0,0,1,0,0,0,1,1,0,0,0,1,0,0,1,0,0,0,1,0,0,-1,0,0,-1,0,0,1,0,0,0,0,1,0,0,-1,1,0,1,0,0,0,0,1,0,0,1,-1,0,-1,0
3194,1,0,0,-1,0,1,1,0,0,1,0,0,0,0,1,0,0,0,-1,1,0,-1,0,0,1,0,0,1,0,0,1,-1,1,0,-1,-1,0,0,1,0,1,0,1,-1,0,0,0,1,-1,0,-1,0,0,1,1,1,1,0,0,1,1,-1,-1,0
3195,0,0,0,0,0,-1,0,0,0,0,0,0,1,0,0,0,0,-1,-1,0,0,0,0,-1,0,-1,0,1,0,0,1,0,0,0,1,1,-1,0,0,0,0,1,0,0,0,0,1,0,0,0,0,0,0,0,-1,0,-1,0,0,0,0,-1,0,0
3196,-1,1,0,0,0,0,0,0,0,0,0,0,1,1,0,-1,-1,0,0,0,1,0,1,1,0,0,0,0,-1,0,1,1,0,1,0,1,0,0,1,0,0,1,0,0,1,0,1,0,-1,-1,0,-1,0,0,-1,1,0,1,0,1,0,1,0,0
3197,0,1,0,0,0,0,-1,0,-1,0,-1,0,-1,1,0,0,0,0,0,1,-1,0,-1,0,0,0,1,0,-1,-1,-1,1,0,0,1,0,0,0,-1,0,0,-1,0,0,0,-1,0,1,1,-1,1,1,-1,0,0,0,0,0,0,0,0,-1,0,0
3198,-1,0,0,1,-1,0,0,1,0,1,1,0,0,0,0,-1,0,0,0,0,0,0,1,1,0,-1,0,1,0,0,0,0,0,0,-1,0,0,0,0,0,0,0,0,1,1,0,0,0,1,0,-1,0,0,1,0,-1,0,0,0,0,1,-1,1,0
3199,1,-1,0,1,0,0,0,-1,0,1,1,1,0,1,0,0,0,0,0,0,0,1,0,0,0,0,0,0,0,1,0,0,0,1,1,0,1,0,0,0,0,-1,1,0,0,1,0,0,0,0,-1,0,0,1,0,0,0,0,0,0,0,0,1,0
3200,1,0,0,1,-1,0,0,0,0,0,1,0,0,0,0,0,0,-1,0,0,0,0,1,0,0,0,0,0,0,-1,1,-1,0,0,1,1,0,-1,-1,0,0,0,1,0,0,0,-1,0,0,0,1,0,0,0,0,0,0,-1,0,0,0,-1,1,0
3201,0,1,0,-1,0,0,0,1,0,1,1,0,1,0,0,-1,1,0,0,-1,-1,0,-1,0,0,0,0,0,1,1,1,0,0,0,0,0,0,0,-1,-1,0,-1,-1,0,1,0,0,0,1,0,-1,0,0,0,0,0,0,0,0,0,0,0,1,-1
3202,0,-1,0,-1,0,0,0,0,0,0,1,-1,0,0,0,0,0,0,-1,0,0,0,0,1,1,0,0,1,1,0,1,0,1,1,0,-1,-1,0,0,0,0,0,0,0,-1,0,-1,0,0,0,0,0,0,0,-1,-1,0,-1,0,0,0,0,-1,0
3203,0,1,0,0,0,0,0,0,0,0,1,0,-1,1,0,0,0,0,0,-1,1,-1,0,0,-1,1,0,0,-1,0,0,-1,0,1,0,1,0,1,0,0,0,0,0,0,0,0,-1,-1,0,1,0,0,0,0,-1,0,0,0,1,0,1,0,0,0
3204,1,0,-1,0,0,0,0,0,0,-1,0,0,1,1,1,1,0,0,1,0,0,0,1,1,-1,1,0,-1,-1,0,0,0,0,1,0,1,0,0,0,0,1,1,0,0,0,0,-1,0,-1,0,0,0,-1,0,0,-1,0,0,0,0,0,1,1,0
3205,0,0,1,0,0,0,0,1,0,1,0,0,-1,0,0,0,0,1,0,0,0,-1,-1,0,0,0,0,0,1,0,0,0,0,0,1,1,0,0,0,1,0,1,0,0,1,0,-1,0,-1,0,0,1,0,1,0,0,0,0,1,0,-1,0,-1,0
3206,0,0,0,0,0,-1,-1,-1,-1,0,1,-1,-1,-1,0,0,1,-1,-1,1,1,1,0,0,1,0,1,0,1,-1,0,0,1,0,0,0,0,0,0,1,0,0,0,0,0,0,1,-1,-1,0,-1,-1,0,0,1,1,-1,1,0,0,0,0,0,-1
3207,1,0,0,0,1,0,-1,0,1,0,0,0,0,1,0,0,0,0,1,1,0,0,1,0,0,-1,1,1,0,0,0,0,1,0,0,0,-1,0,0,0,0,-1,0,0,-1,0,0,-1,0,-1,0,-1,0,0,0,0,0,-1,0,0,-1,0,0,0
3208,-1,0,-1,1,0,0,0,1,0,-1,0,1,0,1,-1,1,-1,0,0,1,0,1,-1,1,0,-1,0,0,0,0,-1,0,1,0,1,0,0,0,0,0,1,0,0,0,0,0,0,0,-1,-1,-1,0,-1,0,1,0,-1,0,0,0,0,-1,0,-1
3209,-1,0,0,0,1,0,0,1,0,0,-1,1,0,1,0,0,0,-1,0,0,0,0,0,0,0,0,0,0,0,0,-1,0,0,0,0,0,0,0,0,-1,0,0,-1,0,1,0,1,0,0,-1,1,1,-1,0,0,0,0,0,0,0,0,0,0,0
3210,-1,1,1,0,-1,-1,-1,0,0,0,0,0,1,0,1,0,0,0,0,1,0,0,1,-1,0,0,0,1,0,0,0,-1,0,-1,0,-1,0,0,0,0,0,1,0,0,0,0,0,0,1,-1,0,0,0,0,0,0,0,0,0,0,0,0,0,0
3211,1,0,0,0,-1,1,0,-1,0,0,0,1,0,0,1,0,1,0,0,1,0,0,-1,0,0,0,0,0,-1,0,-1,0,1,0,1,-1,1,0,1,-1,0,-1,0,0,-1,0,0,0,0,1,0,1,0,0,1,-1,0,1,0,-1,0,-1,0,0
3212,-1,-1,0,0,0,0,-1,0,0,-1,0,0,0,1,0,1,-1,1,0,0,0,0,0,1,0,-1,0,1,0,-1,0,0,0,0,0,0,-1,0,0,1,1,1,1,0,0,0,1,1,-1,0,-1,0,0,1,0,0,0,0,0,-1,0,0,0,1
3213,0,-1,1,0,0,-1,-1,0,-1,0,1,-1,1,1,-1,0,0,0,-1,-1,0,0,1,0,0,0,0,0,0,1,0,0,1,0,1,-1,-1,0,-1,1,0,0,0,-1,0,0,0,0,0,0,-1,0,0,0,-1,1,0,0,0,0,0,-1,1,0
3214,0,0,0,0,-1,0,0,0,0,0,0,0,0,0,0,-1,0,0,0,0,0,-1,0,1,0,0,0,0,0,0,0,1,0,0,0,0,0,-1,0,0,1,0,1,0,0,0,0,0,1,0,0,1,0,0,1,0,0,0,0,1,0,0,0,0
3215,0,0,0,-1,1,0,0,1,0,0,0,0,0,0,0,1,0,0,0,1,0,-1,-1,0,0,-1,0,0,0,0,0,0,0,0,-1,1,0,0,0,0,-1,-1,0,0,0,0,0,0,0,0,0,1,0,0,1,-1,1,0,-1,0,0,0,0,-1
3216,0,1,0,0,0,0,0,-1,-1,0,0,0,-1,0,0,0,0,-1,-1,0,0,0,0,-1,1,0,0,0,0,0,-1,-1,0,0,0,0,0,0,1,0,0,0,-1,0,0,1,0,0,0,0,0,0,0,0,0,0,1,-1,-1,0,0,0,0,-1
3217,1,0,1,0,0,-1,1,0,0,0,1,0,0,-1,0,1,0,0,-1,-1,1,0,-1,0,1,0,0,0,0,1,0,-1,-1,0,1,0,0,0,0,-1,0,0,0,1,-1,-1,0,-1,0,0,-1,0,0,0,0,0,-1,0,0,0,0,-1,0,0
3218,0,0,1,0,1,0,-1,1,0,0,1,0,0,1,0,0,0,1,-1,0,0,0,0,0,1,0,1,0,-1,0,1,0,1,-1,1,0,1,-1,0,1,0,0,0,-1,0,1,-1,0,1,0,0,-1,0,0,0,0,1,0,0,1,0,0,0,1
3219,0,-1,0,0,0,0,-1,0,0,0,0,0,0,0,0,0,1,1,0,0,0,0,1,0,0,1,1,0,0,1,-1,0,0,0,0,0,1,0,0,-1,0,-1,0,0,0,-1,0,0,-1,1,0,0,0,0,0,0,1,0,1,0,0,1,0,-1
3220,0,1,1,1,0,-1,0,1,0,0,1,0,-1,1,0,0,-1,0,0,0,0,1,0,1,0,1,0,0,0,0,0,0,0,0,-1,1,0,0,0,0,-1,0,1,0,0,0,0,-1,-1,0,1,1,0,0,0,0,1,0,0,1,0,0,-1,0
3221,0,0,0,0,-1,0,1,0,-1,1,0,1,0,0,0,1,-1,0,0,0,0,0,0,0,0,0,0,0,0,0,-1,0,0,-1,1,0,-1,0,0,0,0,0,0,0,1,-1,0,-1,-1,0,0,-1,0,0,0,0,0,0,0,1,0,1,0,0
3222,1,0,-1,0,0,1,0,1,0,0,0,0,0,0,0,0,0,0,0,-1,1,0,0,0,0,0,0,0,0,-1,1,0,0,0,-1,0,0,1,0,0,0,-1,0,1,0,0,0,0,0,0,-1,-1,0,0,1,0,0,0,0,1,-1,0,0,0
3223,0,1,0,-1,0,0,0,0,0,-1,0,1,0,-1,0,0,-1,0,0,0,0,0,1,0,1,0,0,0,0,-1,1,1,0,0,0,0,0,0,1,1,0,0,-1,0,1,0,-1,0,1,0,1,0,1,1,0,0,1,-1,0,-1,0,0,0,-1
3224,0,0,1,1,1,1,0,0,0,1,-1,0,1,1,1,1,-1,0,0,0,0,0,0,-1,1,1,1,0,0,1,0,0,0,1,0,0,0,0,0,0,0,-1,0,0,-1,0,0,1,0,0,1,0,0,0,0,0,0,0,0,-1,0,-1,0,0
3225,0,-1,0,0,0,1,0,0,-1,0,0,0,0,0,0,0,1,1,0,0,0,-1,0,0,0,0,-1,-1,0,0,0,-1,0,0,0,0,0,-1,0,0,1,0,1,0,0,0,-1,0,0,1,0,0,1,1,0,0,0,0,0,0,0,0,-1,0
3226,0,-1,-1,-1,0,1,0,1,-1,1,-1,0,0,0,0,1,0,0,0,-1,-1,-1,0,0,0,0,-1,0,0,0,-1,1,0,0,0,0,1,0,-1,0,0,0,0,0,0,-1,-1,-1,1,0,0,0,0,1,0,0,0,0,0,1,0,0,0,0
3227,0,0,1,0,-1,-1,0,0,0,0,0,0,0,0,-1,1,0,0,0,0,0,1,0,0,1,1,0,0,1,0,1,0,1,0,-1,1,0,0,1,0,0,0,1,0,0,0,0,0,0,0,0,-1,0,0,0,0,0,1,0,0,0,0,0,0
3228,0,0,-1,-1,0,0,1,-1,0,-1,0,0,0,0,-1,0,0,1,-1,0,0,0,0,0,0,0,1,0,0,0,0,0,-1,0,0,1,1,0,-1,0,0,0,1,0,0,0,0,1,1,-1,-1,0,0,0,0,0,-1,0,0,0,0,1,0,0
3229,0,0,0,1,0,0,-1,0,1,0,0,0,0,0,0,0,-1,0,-1,0,0,0,0,0,1,-1,-1,0,0,0,0,0,0,0,0,0,-1,0,0,1,0,-1,0,0,1,0,-1,-1,0,0,0,0,0,0,0,-1,0,0,1,0,0,0,0,0
3230,0,0,0,1,0,0,0,1,0,0,-1,0,1,-1,-1,0,0,0,0,0,0,0,1,1,0,1,-1,0,0,0,0,-1,0,0,0,1,0,1,-1,1,-1,0,-1,0,0,1,0,1,-1,1,-1,-1,1,0,0,0,0,0,0,-1,0,1,1,0
3231,0,0,1,-1,-1,0,0,0,0,0,0,0,1,-1,1,-1,-1,-1,1,0,-1,0,0,1,0,-1,0,0,1,0,1,0,-1,0,0,1,0,-1,0,1,0,0,0,1,0,0,-1,0,-1,0,0,0,-1,0,0,1,-1,1,0,0,-1,0,0,0
3232,0,0,0,0,0,-1,1,0,0,0,0,0,0,0,1,0,-1,0,0,0,0,0,0,-1,-1,-1,0,0,-1,0,0,0,0,-1,0,0,0,0,1,0,0,0,0,0,0,1,0,1,0,-1,0,-1,0,0,0,0,0,-1,0,0,0,0,0,0
3233,0,1,1,1,-1,0,0,0,0,-1,1,0,0,0,0,-1,0,0,0,0,0,0,0,1,0,0,0,0,0,0,0,1,-1,0,0,0,0,0,0,0,0,1,0,1,0,0,0,0,0,-1,0,0,0,0,0,0,1,1,0,0,0,-1,0,0
3234,0,-1,-1,0,0,0,0,-1,-1,-1,-1,1,0,0,0,0,0,0,-1,1,-1,0,0,0,0,-1,0,0,-1,-1,0,0,0,0,0,0,0,0,0,0,1,0,0,0,-1,-1,1,0,0,0,0,0,0,0,0,0,0,0,1,0,-1,-1,1,0
3235,1,0,0,0,0,0,1,0,0,0,0,0,1,0,-1,0,0,1,1,0,0,0,0,0,0,0,0,0,1,1,0,1,1,1,0,0,0,0,0,0,1,0,0,0,0,0,1,0,0,1,1,0,0,0,0,1,1,0,0,1,0,0,0,0
3236,0,0,0,0,0,0,-1,0,1,-1,-1,0,0,0,1,1,0,0,0,0,1,0,1,1,0,0,0,-1,0,1,0,0,-1,0,0,-1,0,0,0,1,0,1,-1,0,-1,0,0,1,1,-1,-1,0,-1,0,0,-1,0,1,0,0,-1,1,1,0
3237,-1,0,0,1,0,1,1,0,0,0,0,0,0,0,-1,0,0,0,0,0,-1,0,0,1,0,0,1,0,-1,0,0,0,1,0,1,0,0,0,1,0,0,-1,0,0,1,0,0,0,0,0,0,0,0,0,0,-1,0,0,0,0,0,0,0,0
3238,0,0,0,0,1,0,0,0,0,0,1,0,1,1,0,-1,-1,0,-1,0,0,0,0,-1,1,0,0,1,0,1,0,0,0,1,0,-1,0,-1,1,0,1,-1,0,1,0,0,0,1,1,0,-1,0,0,0,-1,0,0,0,0,1,0,1,0,-1
3239,0,0,-1,0,1,-1,0,-1,0,0,0,0,0,1,0,0,0,0,0,0,-1,1,0,0,-1,0,0,0,-1,0,-1,-1,0,0,0,0,0,0,0,1,1,0,0,0,1,-1,0,0,0,0,0,1,0,0,0,1,0,0,0,0,-1,0,-1,0
3240,1,0,0,0,-1,-1,1,0,0,0,0,0,1,0,0,-1,0,1,-1,0,0,-1,0,0,0,1,0,1,-1,1,-1,-1,1,0,0,0,-1,-1,0,0,0,0,0,1,-1,0,1,1,0,0,0,0,-1,0,1,-1,0,0,1,0,1,0,0,0
3241,1,0,0,0,0,0,0,-1,0,0,1,1,-1,0,0,0,0,1,0,0,-1,0,-1,0,0,0,-1,-1,1,0,0,1,0,0,1,0,-1,0,0,0,0,-1,0,1,1,0,0,0,0,0,0,0,0,-1,-1,0,0,-1,0,0,1,0,0,0
3242,0,0,1,1,0,0,-1,-1,-1,-1,-1,0,0,0,-1,-1,0,0,1,-1,0,-1,0,0,0,0,0,0,1,0,0,0,0,1,0,0,1,0,1,0,0,-1,0,1,0,-1,0,0,-1,0,0,0,0,-1,0,0,-1,1,-1,1,0,0,-1,0
3243,-1,1,0,0,0,0,0,1,0,0,0,-1,-1,0,0,0,0,-1,1,0,-1,1,-1,0,0,1,0,0,-1,-1,0,1,1,-1,0,0,0,0,0,0,0,-1,-1,1,1,-1,0,0,1,0,0,0,-1,0,0,0,0,0,0,0,0,1,0,0
3244,-1,-1,0,1,0,0,0,-1,0,0,0,-1,-1,0,0,0,0,0,0,0,-1,0,0,0,0,0,0,0,-1,1,1,-1,0,-1,0,0,0,0,0,-1,0,0,0,0,0,0,1,0,1,0,1,0,0,-1,-1,-1,0,0,0,0,-1,0,0,0
3245,-1,0,1,-1,0,-1,1,0,-1,0,0,0,-1,0,0,1,1,1,0,0,-1,0,1,1,0,0,0,0,0,1,-1,0,0,0,0,-1,-1,0,0,0,0,0,0,1,0,0,0,-1,1,0,0,0,0,0,0,-1,0,0,0,0,0,0,0,-1
3246,0,0,0,0,-1,0,-1,1,-1,0,0,0,1,0,0,0,0,0,-1,-1,-1,1,0,0,0,1,1,0,0,0,1,0,-1,1,0,0,-1,0,0,0,1,0,0,0,-1,0,-1,0,1,0,0,0,-1,1,-1,-1,0,0,0,0,0,-1,0,0
3247,1,0,0,0,0,1,0,0,0,0,-1,1,-1,0,0,1,0,0,0,0,-1,0,1,0,-1,1,0,0,0,0,0,0,1,0,0,0,0,1,1,0,0,0,0,0,0,0,0,0,0,0,0,-1,-1,0,0,1,0,0,1,1,0,0,0,0
3248,0,0,-1,0,0,1,0,-1,-1,1,0,0,-1,0,0,1,0,0,1,0,1,0,0,0,0,0,0,-1,0,-1,0,-1,0,1,0,1,0,1,0,0,-1,0,0,0,0,0,0,0,0,0,0,1,0,-1,-1,0,0,-1,0,1,1,0,0,0
3249,0,1,1,-1,0,0,-1,0,0,0,0,0,-1,0,0,-1,0,-1,1,1,0,0,1,0,0,-1,0,0,0,0,-1,0,0,-1,0,0,0,0,0,0,0,-1,1,1,0,1,0,0,-1,0,0,1,-1,1,0,0,0,0,-1,0,0,0,0,-1
3250,0,0,0,-1,0,0,0,-1,-1,0,0,0,1,0,-1,-1,-1,0,0,0,0,0,0,0,1,-1,0,0,-1,1,0,0,0,1,-1,0,-1,1,0,1,0,1,0,1,0,0,0,-1,1,0,1,0,1,0,0,0,0,-1,0,0,0,1,0,0
3251,0,0,0,0,0,0,-1,0,-1,1,0,0,0,0,1,0,1,0,0,0,-1,1,0,0,0,1,1,0,1,1,0,0,1,-1,0,1,0,0,0,0,0,-1,0,0,0,0,-1,0,1,1,-1,0,0,0,0,0,0,0,-1,-1,0,1,0,0
3252,0,0,-1,1,0,0,0,0,-1,0,-1,0,0,0,1,1,1,0,0,0,0,1,0,-1,-1,0,0,0,1,0,-1,0,0,0,0,0,0,1,-1,0,0,0,0,-1,0,0,0,1,-1,0,1,0,0,0,1,0,1,-1,0,0,0,0,0,0
3253,-1,0,-1,-1,0,0,1,-1,1,-1,0,1,0,-1,1,0,0,0,0,0,0,1,0,0,-1,1,0,0,1,0,0,1,0,0,0,-1,0,0,1,0,1,0,0,-1,0,-1,0,1,0,-1,0,0,0,1,0,0,0,0,0,0,0,0,0,0
3254,0,1,-1,0,-1,0,0,0,-1,0,0,-1,1,0,0,-1,1,0,-1,-1,0,1,1,-1,1,0,-1,0,1,0,0,-1,1,0,0,0,0,0,0,0,-1,0,0,-1,0,0,1,0,-1,0,1,0,-1,-1,0,0,1,0,0,-1,0,1,-1,1
3255,1,0,-1,0,0,0,0,0,0,0,0,0,0,0,1,1,0,0,-1,0,0,0,0,0,0,1,0,0,-1,1,0,0,0,0,0,0,-1,1,0,-1,1,0,1,0,0,-1,0,0,-1,0,0,0,0,0,0,0,1,0,1,1,0,-1,1,-1
3256,-1,0,0,0,0,0,0,0,0,0,1,0,0,-1,-1,-1,0,1,0,0,0,0,0,0,1,-1,0,1,0,-1,0,0,-1,0,1,-1,-1,-1,0,0,-1,0,0,1,0,0,0,0,0,0,0,0,-1,0,-1,0,-1,-1,0,0,0,0,0,0
3257,0,0,0,0,0,0,-1,0,0,0,1,0,0,0,0,0,0,-1,0,-1,0,-1,0,1,0,0,1,0,0,1,1,0,-1,0,0,0,-1,0,0,1,0,0,0,0,1,0,0,1,0,1,0,0,0,0,1,1,0,1,0,-1,-1,0,0,0
3258,0,0,0,0,0,0,0,0,-1,-1,0,0,-1,0,0,0,0,0,-1,0,0,0,0,1,-1,1,0,0,0,0,0,-1,0,0,0,0,0,0,0,0,0,0,0,-1,0,0,0,0,-1,1,0,0,0,0,0,0,1,-1,0,1,0,0,0,1
3259,0,1,0,0,1,0,0,1,0,0,0,-1,0,0,0,0,0,0,0,0,1,1,0,0,0,0,0,0,1,0,0,-1,-1,0,0,0,-1,1,0,-1,0,0,0,0,-1,0,0,-1,1,0,0,0,0,-1,0,0,1,1,0,-1,0,0,0,1
3260,0,0,-1,0,0,-1,0,0,0,-1,0,0,0,0,1,0,0,0,-1,-1,0,0,0,0,1,0,1,0,0,1,0,0,0,0,0,0,0,1,-1,1,0,-1,0,0,0,0,0,0,0,0,0,-1,0,1,0,0,0,0,0,0,0,1,-1,0
3261,1,0,1,1,0,-1,1,1,-1,0,0,-1,1,0,0,0,-1,0,0,1,0,0,0,0,-1,0,-1,-1,0,1,-1,0,-1,1,-1,1,1,0,0,0,0,1,0,0,0,-1,0,1,1,0,0,0,0,1,0,0,0,0,-1,1,0,0,0,0
3262,0,1,-1,1,0,-1,0,1,0,0,-1,-1,-1,0,0,0,1,-1,0,0,1,-1,0,0,0,1,1,0,0,0,0,1,0,-1,0,0,0,0,0,0,0,0,0,0,0,0,0,0,0,-1,0,0,-1,0,1,0,1,0,1,-1,-1,0,0,0
3263,0,0,0,1,0,0,0,0,0,0,0,0,0,0,0,-1,0,-1,0,0,1,0,0,0,0,-1,1,0,1,0,-1,-1,1,0,0,0,-1,-1,0,1,0,1,0,0,0,1,0,1,0,-1,-1,1,0,1,0,0,1,0,-1,1,0,0,-1,0
3264,0,0,0,-1,0,1,0,1,0,0,0,0,0,-1,-1,0,0,-1,1,0,1,1,0,0,1,1,0,0,0,0,1,0,-1,0,0,0,0,0,0,0,0,-1,0,-1,0,1,0,0,0,0,0,0,0,0,0,0,0,0,0,0,-1,0,0,0
3265,1,0,0,0,0,0,-1,-1,0,-1,0,0,1,-1,0,-1,1,0,0,0,0,0,0,1,0,-1,1,-1,0,1,0,0,0,0,0,0,0,1,0,0,0,-1,0,-1,1,0,0,0,0,1,0,-1,0,0,0,0,0,0,0,1,0,0,0,-1
3266,-1,0,-1,0,0,0,0,1,0,1,0,0,0,1,0,0,0,0,0,0,0,0,0,0,1,1,0,0,-1,1,-1,1,0,1,0,0,1,0,0,0,0,0,0,0,0,0,0,0,1,-1,-1,1,0,0,0,0,0,1,0,0,0,0,-1,0
3267,0,0,-1,0,0,0,0,0,0,0,0,-1,0,-1,0,-1,1,0,0,0,0,0,1,0,0,0,0,1,0,0,0,0,0,-1,0,0,0,0,0,1,0,0,0,0,0,0,0,-1,0,0,0,0,0,0,-1,0,1,-1,1,0,0,0,-1,0
3268,-1,0,0,-1,1,0,1,0,0,1,0,-1,1,-1,0,0,0,0,1,0,0,0,0,0,0,0,0,0,1,0,1,1,-1,0,0,0,0,-1,0,0,0,0,1,0,0,0,0,0,0,0,0,0,-1,0,0,0,-1,1,-1,0,-1,1,0,0
3269,0,1,0,0,-1,0,-1,1,0,0,0,-1,1,0,1,0,0,0,0,0,1,1,-1,0,1,0,1,0,0,0,0,0,1,1,0,0,0,1,0,0,0,0,0,0,1,0,1,0,0,0,0,0,0,1,0,0,0,1,0,1,1,1,0,0
3270,0,0,1,-1,0,0,0,1,0,-1,0,-1,0,0,0,1,0,0,1,0,0,0,0,-1,0,0,-1,0,1,1,0,0,1,0,0,0,0,0,-1,0,1,-1,0,1,0,0,-1,1,0,1,0,0,0,0,0,0,0,0,0,0,0,0,1,0
3271,0,1,0,0,0,0,0,1,0,0,-1,0,-1,0,1,0,0,0,0,0,0,0,0,0,0,0,0,1,0,1,0,0,0,0,0,0,0,0,0,-1,-1,0,0,0,0,0,1,0,0,0,0,1,0,1,0,0,1,1,0,0,0,0,-1,0
3272,1,1,0,1,0,1,0,-1,0,1,0,0,1,-1,0,-1,1,-1,1,1,-1,0,0,1,1,0,0,0,0,0,0,0,1,0,1,0,0,0,0,0,1,0,0,0,0,0,1,0,1,1,0,0,0,0,0,0,0,1,0,1,0,1,1,0
3273,0,0,0,1,0,-1,0,0,1,1,0,0,0,1,0,0,-1,0,0,1,0,-1,0,1,-1,0,-1,0,-1,0,0,0,0,-1,-1,-1,1,0,0,0,0,0,0,0,1,0,-1,0,0,0,0,0,0,0,-1,0,1,0,0,0,-1,0,-1,1
3274,0,0,-1,0,-1,0,1,0,0,-1,1,0,0,0,1,0,0,0,0,0,1,0,0,0,0,0,1,-1,1,0,0,-1,1,0,0,0,0,0,1,1,-1,0,-1,1,0,0,1,0,0,1,0,0,0,-1,-1,0,0,0,0,1,0,1,1,0
3275,1,0,0,0,-1,0,0,1,0,-1,0,0,1,0,0,0,1,0,-1,-1,0,0,1,0,0,1,-1,0,0,0,-1,0,1,0,0,0,-1,1,0,-1,-1,1,0,-1,0,0,-1,0,0,1,0,0,1,0,0,1,-1,-1,0,1,0,0,0,1
3276,-1,0,-1,-1,0,0,1,-1,0,-1,0,1,0,1,0,0,-1,-1,1,0,1,1,0,0,0,0,-1,0,1,1,0,0,-1,0,0,1,0,0,1,0,0,0,0,1,0,0,0,0,0,0,0,0,1,-1,1,0,1,1,0,0,0,0,-1,0
3277,0,1,0,0,0,0,0,1,-1,-1,0,1,0,0,1,-1,-1,0,0,0,0,-1,0,-1,0,-1,1,0,-1,-1,-1,1,0,0,0,0,0,0,0,-1,0,1,-1,0,0,1,0,0,-1,0,0,0,0,0,0,-1,0,1,0,0,0,1,0,1
3278,1,0,0,0,0,1,-1,0,0,0,0,1,-1,1,0,0,0,0,0,0,1,1,0,0,0,0,0,1,-1,1,0,0,0,-1,0,1,0,0,0,0,-1,1,0,1,0,0,1,-1,0,0,1,0,1,0,0,0,0,0,-1,-1,1,0,0,-1
3279,0,-1,1,0,0,0,-1,0,1,1,0,0,0,1,0,0,0,-1,0,0,0,-1,0,0,0,1,0,0,0,0,0,1,0,0,0,0,-1,1,1,0,0,0,1,0,0,-1,-1,1,0,0,0,-1,-1,0,0,0,0,0,0,-1,0,1,0,0
3280,-1,0,0,0,0,0,1,0,0,-1,0,-1,0,0,0,0,0,0,0,1,0,0,-1,-1,0,1,0,1,0,0,0,-1,-1,0,1,0,0,0,0,1,-1,-1,0,-1,0,0,0,-1,0,0,0,0,0,1,0,0,0,0,0,0,0,0,0,-1
3281,0,0,1,-1,0,0,0,0,0,0,0,0,0,1,0,1,0,0,0,0,0,1,-1,0,1,0,0,0,0,0,0,-1,1,1,0,0,1,0,-1,-1,0,-1,0,1,0,0,0,0,0,-1,1,-1,-1,-1,0,0,0,0,0,1,0,0,1,0
3282,-1,0,0,0,0,0,0,0,0,0,0,0,0,0,-1,0,-1,0,0,0,0,1,0,0,0,0,0,0,1,0,0,0,-1,0,-1,0,0,0,0,0,-1,0,0,0,0,0,0,0,0,0,-1,1,-1,-1,-1,0,0,-1,-1,0,0,0,1,0
3283,-1,-1,0,0,0,0,1,0,-1,-1,0,0,0,1,1,0,0,-1,0,0,0,0,1,0,0,1,0,0,-1,0,0,0,0,0,-1,0,0,0,0,0,0,0,1,0,-1,0,0,-1,0,0,0,0,0,-1,0,-1,0,-1,0,0,1,0,0,-1
3284,0,-1,0,1,0,0,0,0,0,0,0,0,0,0,-1,0,-1,0,0,0,0,1,0,-1,0,0,-1,-1,0,0,0,0,0,0,-1,0,0,-1,0,0,0,0,0,1,-1,0,0,0,-1,0,0,0,0,0,0,-1,0,0,1,0,-1,0,0,0
3285,-1,0,1,0,0,0,0,-1,1,1,0,-1,0,0,1,-1,0,0,0,0,0,0,-1,-1,0,-1,1,0,0,0,1,0,1,1,0,1,0,0,-1,-1,0,1,0,1,0,0,0,0,0,1,-1,-1,0,0,-1,0,0,-1,0,0,1,0,0,0
3286,0,0,0,0,-1,1,-1,0,-1,0,0,0,1,0,1,0,1,0,1,0,0,0,0,0,0,0,1,-1,0,1,0,-1,0,0,0,0,0,-1,0,0,-1,0,0,-1,0,0,1,0,0,-1,0,-1,0,0,0,0,0,-1,0,-1,0,0,0,0
3287,0,0,0,-1,0,-1,-1,1,0,1,0,0,1,0,1,0,0,1,0,0,0,0,0,0,0,0,0,0,-1,0,0,-1,0,1,0,0,0,0,0,1,0,-1,0,0,-1,1,0,-1,0,0,0,1,0,-1,-1,0,0,0,0,0,0,0,0,1
3288,0,0,1,-1,-1,0,0,-1,0,0,1,0,-1,0,0,1,1,0,0,0,1,0,0,0,0,0,-1,0,1,-1,1,-1,1,1,1,0,0,1,0,1,0,1,0,-1,0,1,0,-1,1,0,0,0,0,0,0,0,-1,0,0,0,0,0,0,-1
3289,0,0,0,0,-1,0,-1,0,1,0,0,0,-1,0,0,1,0,0,-1,-1,-1,0,0,0,0,0,0,0,0,0,0,1,0,0,0,0,-1,1,0,0,1,-1,-1,-1,0,0,0,0,0,0,0,-1,0,0,0,1,0,0,0,0,0,0,0,0
3290,-1,-1,0,0,1,0,0,1,-1,0,0,0,0,1,-1,-1,1,-1,1,0,0,0,0,1,0,0,0,-1,0,0,0,0,0,-1,0,-1,0,0,1,-1,0,0,0,1,-1,0,-1,0,0,1,0,0,1,-1,0,0,-1,0,-1,0,0,-1,-1,0
3291,-1,1,0,0,-1,-1,0,0,0,0,0,0,0,0,0,0,0,0,-1,0,0,0,0,-1,0,-1,-1,1,0,0,0,0,-1,-1,0,0,0,0,0,0,0,0,0,1,0,-1,0,1,1,0,0,0,1,0,-1,0,0,0,0,0,0,0,1,0
3292,0,0,0,-1,1,0,0,0,0,0,0,0,-1,0,0,0,-1,-1,0,0,1,1,0,0,0,-1,1,0,-1,0,-1,0,0,0,-1,1,0,0,0,0,0,-1,1,0,0,0,0,1,0,0,0,0,0,-1,-1,-1,0,1,0,-1,0,1,-1,-1
3293,1,0,0,0,-1,0,0,0,0,1,0,0,0,0,0,0,0,0,1,-1,0,0,1,0,0,-1,0,0,0,0,-1,0,1,-1,0,-1,-1,0,0,0,0,1,0,0,0,0,-1,0,0,0,0,1,0,1,0,0,0,0,1,1,0,0,0,0
3294,0,-1,0,0,-1,0,0,0,1,0,1,0,0,0,0,1,-1,0,0,0,1,0,1,0,0,-1,0,-1,1,0,0,0,0,0,0,0,1,-1,0,0,0,0,0,-1,0,0,0,1,1,1,0,-1,1,0,0,0,1,0,0,1,0,0,1,0
3295,0,0,0,0,0,0,0,0,0,0,1,0,1,0,0,-1,0,0,0,1,-1,0,1,-1,0,1,0,0,0,0,0,0,-1,0,-1,0,0,0,0,0,-1,1,0,1,0,0,0,-1,0,0,1,-1,0,1,0,0,0,0,0,0,0,1,1,0
3296,0,0,1,0,0,1,1,0,-1,-1,0,0,0,0,1,0,0,0,1,-1,0,0,0,0,0,0,0,0,0,0,0,0,0,1,-1,0,0,1,1,0,0,0,0,0,0,-1,0,0,-1,0,-1,0,-1,0,0,1,0,0,0,0,-1,-1,0,0
3297,0,-1,-1,0,0,0,0,1,-1,0,0,0,-1,1,0,0,0,0,0,0,0,0,0,0,1,1,-1,0,0,1,0,0,0,0,0,0,0,1,0,0,0,1,1,0,-1,1,0,0,0,0,0,0,0,0,-1,0,0,-1,-1,0,0,0,0,-1
3298,-1,1,0,0,1,0,-1,-1,0,1,0,0,0,-1,0,0,0,0,1,0,1,0,1,0,0,-1,0,1,0,0,0,0,-1,0,0,0,0,0,1,0,0,-1,0,0,0,0,0,-1,0,-1,0,0,0,0,0,0,0,1,0,-1,-1,1,0,0
3299,0,0,0,-1,1,0,0,0,0,0,0,-1,0,0,0,0,-1,1,-1,-1,-1,1,0,0,0,-1,1,0,0,-1,-1,0,0,0,0,-1,0,0,0,0,0,0,-1,0,-1,0,0,0,1,0,0,1,0,1,-1,-1,0,0,1,0,-1,0,0,0
3300,0,0,0,0,0,0,0,1,1,0,1,0,0,-1,1,0,0,0,0,1,0,0,1,0,0,0,0,1,0,0,1,0,0,0,-1,0,0,-1,-1,0,0,-1,0,1,0,0,0,1,0,0,0,0,-1,0,0,1,0,1,1,-1,0,0,0,0
3301,0,0,-1,-1,0,0,1,1,0,1,0,0,0,-1,0,0,0,-1,0,0,0,0,0,0,0,0,1,-1,1,0,0,0,0,-1,0,0,1,0,-1,0,0,0,0,0,0,0,1,-1,0,0,0,0,0,0,0,0,0,1,1,1,0,-1,0,0
3302,0,1,0,0,-1,-1,0,-1,0,0,0,1,0,0,0,0,1,0,0,0,0,-1,-1,0,-1,0,0,0,0,0,0,0,1,0,0,-1,1,0,-1,0,0,1,-1,-1,0,1,-1,0,0,-1,1,0,0,1,0,0,1,0,-1,1,0,0,0,0
3303,0,1,-1,0,0,0,0,0,0,0,0,1,0,0,0,1,1,0,0,0,0,1,0,-1,-1,-1,0,0,0,-1,0,0,0,-1,0,1,0,-1,0,1,0,0,0,1,0,0,0,0,1,0,1,0,0,0,1,1,0,-1,-1,0,-1,0,0,0
3304,-1,0,0,0,0,0,1,0,0,1,0,-1,-1,0,0,0,0,-1,1,0,0,0,1,0,0,0,1,0,0,0,0,0,0,0,0,0,0,0,0,0,-1,-1,-1,0,0,1,0,0,0,-1,0,0,1,0,0,1,-1,0,-1,0,0,1,0,0
3305,-1,0,0,-1,0,0,0,0,-1,0,-1,0,-1,0,0,0,-1,0,1,-1,0,0,1,-1,1,0,0,0,0,1,0,0,0,0,0,0,0,0,0,-1,-1,0,0,1,0,0,1,-1,1,-1,0,0,0,0,0,1,0,-1,0,0,0,0,0,0
3306,0,0,0,-1,1,0,0,0,0,0,0,0,1,0,0,0,1,0,0,0,0,0,0,0,1,1,1,0,0,-1,1,-1,0,1,0,-1,-1,0,-1,0,1,0,0,-1,-1,0,0,-1,0,0,0,0,0,0,0,0,-1,-1,0,1,0,0,0,0
3307,-1,0,-1,0,1,-1,0,0,0,1,0,1,0,0,0,1,-1,1,0,0,0,1,0,0,0,0,1,0,0,-1,0,1,0,0,-1,0,0,1,-1,0,0,-1,0,0,0,0,0,-1,0,0,0,0,0,0,0,0,-1,0,0,1,0,0,0,0
3308,-1,0,0,0,-1,1,-1,-1,0,0,1,0,-1,0,0,0,0,0,0,0,0,0,0,-1,0,1,0,0,-1,1,0,1,0,0,1,1,1,0,0,0,0,0,0,0,0,0,0,0,0,0,1,0,1,0,0,-1,0,-1,-1,1,1,0,0,0
3309,0,0,0,0,0,-1,0,0,0,0,1,-1,1,0,0,-1,1,1,-1,0,0,0,1,0,0,-1,0,1,0,0,-1,0,0,-1,0,0,-1,0,0,0,0,1,0,0,0,1,0,0,0,0,0,0,0,0,0,0,0,1,0,0,0,0,-1,0
3310,-1,1,-1,-1,0,0,1,0,-1,-1,-1,-1,0,1,0,1,1,0,0,0,0,0,0,0,0,-1,1,0,0,0,0,0,0,0,0,0,1,-1,0,0,1,-1,0,0,1,-1,1,0,-1,0,-1,0,0,0,1,0,-1,0,0,0,0,0,0,0
3311,0,0,0,0,-1,0,1,0,0,0,0,1,0,-1,1,0,-1,1,1,1,1,0,-1,-1,0,1,-1,-1,0,1,0,0,0,-1,-1,0,-1,1,1,0,0,-1,0,1,0,0,0,1,0,0,-1,-1,-1,0,1,1,0,-1,0,0,0,0,0,0
3312,1,0,-1,1,0,1,0,1,0,0,0,-1,0,0,0,1,0,0,0,1,-1,1,0,0,-1,0,0,0,0,1,1,1,1,0,0,0,1,-1,0,0,0,0,-1,1,-1,0,0,0,0,0,0,0,0,1,0,0,1,0,-1,-1,-1,0,-1,1
3313,0,0,0,0,-1,0,1,0,0,0,1,0,0,0,1,1,0,1,0,0,0,0,0,0,0,0,0,0,0,-1,-1,0,-1,0,0,0,0,0,0,0,0,0,0,0,0,0,0,0,-1,1,0,0,0,0,0,0,0,0,0,0,0,0,0,0
3314,0,0,0,0,-1,0,1,0,0,1,-1,0,0,-1,0,1,0,0,0,0,0,1,0,1,1,0,0,1,0,0,0,0,0,0,0,0,0,1,0,0,1,0,-1,0,0,0,0,1,0,0,1,0,1,1,0,0,-1,0,0,1,-1,0,1,0
3315,1,0,-1,1,0,0,1,0,1,0,0,0,1,0,1,0,0,0,-1,0,0,-1,0,1,0,0,1,1,0,-1,0,0,0,0,1,0,0,1,0,0,-1,0,0,0,0,0,0,1,-1,-1,0,0,0,-1,0,1,1,0,0,0,0,0,-1,0
3316,0,0,1,0,0,1,0,1,1,0,0,-1,0,0,1,-1,0,0,0,0,0,0,-1,1,0,0,-1,0,0,0,0,0,0,1,0,-1,0,-1,1,0,0,0,-1,0,1,0,0,0,0,0,0,0,0,1,0,-1,0,0,1,-1,-1,-1,0,0
3317,-1,0,0,0,0,0,0,0,-1,0,0,0,0,-1,-1,0,0,0,0,0,0,0,0,0,0,0,0,0,0,1,0,0,0,0,0,0,0,0,0,-1,0,1,0,0,0,0,-1,0,-1,-1,-1,0,0,0,0,0,1,0,0,0,1,0,0,0
3318,0,0,0,-1,0,0,0,0,0,0,0,-1,-1,0,1,0,0,0,0,0,-1,-1,0,0,0,0,0,0,0,-1,0,-1,0,0,0,0,0,-1,0,0,1,1,0,1,0,0,0,0,0,0,0,-1,-1,0,1,0,0,0,0,1,0,0,0,-1
3319,0,0,-1,1,0,0,-1,0,1,-1,0,1,0,0,0,0,0,-1,0,1,0,0,0,0,0,1,0,0,0,0,0,0,0,0,1,0,0,0,0,0,0,1,1,0,0,0,0,0,0,0,0,-1,0,1,0,-1,-1,0,0,0,0,-1,0,0
3320,0,-1,-1,0,0,0,0,0,0,0,0,0,0,0,1,1,0,1,1,0,0,0,1,1,0,0,0,0,1,0,-1,-1,0,0,1,0,0,0,0,-1,1,0,0,-1,0,1,1,-1,0,-1,-1,0,0,-1,1,0,-1,1,1,0,0,0,0,0
3321,0,0,0,1,0,0,-1,0,1,0,0,0,0,0,1,1,0,0,1,-1,1,0,0,1,-1,0,0,1,0,0,0,0,0,0,0,0,0,1,-1,1,0,0,0,0,0,0,1,0,0,1,0,1,0,0,0,0,0,-1,0,1,0,0,1,0
3322,0,0,-1,1,0,0,1,0,0,1,0,1,0,1,0,0,0,1,0,0,0,-1,0,0,0,-1,0,0,0,0,0,0,0,1,1,0,0,0,0,0,0,0,0,0,-1,0,-1,1,0,0,0,0,0,0,1,0,-1,0,0,0,0,1,1,0
3323,0,0,-1,-1,0,0,0,0,0,0,1,-1,0,-1,0,-1,0,0,0,0,0,0,-1,-1,1,1,0,0,0,0,0,1,0,0,0,0,0,0,1,1,1,0,-1,1,0,-1,0,0,0,0,0,0,1,0,0,-1,0,0,0,0,0,0,-1,0
3324,0,1,0,0,1,0,0,0,0,0,0,0,0,1,0,0,0,1,0,1,-1,0,-1,0,0,0,0,-1,1,0,0,1,0,0,0,1,-1,0,-1,0,0,0,0,0,0,0,1,0,0,-1,0,0,0,0,0,1,0,0,0,1,0,1,0,0
3325,0,0,0,0,0,0,0,0,0,1,0,-1,1,1,0,1,1,0,0,-1,0,0,1,-1,-1,0,-1,1,0,-1,0,1,1,0,-1,0,0,-1,0,0,1,0,0,0,1,0,0,0,1,0,-1,-1,0,-1,0,0,0,0,0,1,0,0,-1,1
3326,0,0,0,0,-1,0,0,0,0,0,0,0,0,0,1,0,0,0,0,-1,-1,-1,0,0,0,0,1,1,1,0,0,-1,0,0,0,-1,0,0,-1,0,0,-1,0,0,1,-1,0,0,0,1,0,1,0,0,0,0,0,0,0,0,-1,1,0,0
3327,1,0,0,-1,0,-1,-1,-1,0,0,0,0,0,0,0,0,0,0,0,0,0,0,0,0,-1,-1,0,0,0,0,-1,0,0,-1,1,0,0,0,-1,0,1,0,-1,1,1,0,0,1,0,0,0,-1,0,-1,0,1,0,0,-1,0,-1,0,1,0
3328,0,0,0,-1,-1,0,1,1,-1,0,0,0,-1,1,0,-1,0,0,0,0,0,0,0,0,-1,0,0,-1,1,0,0,0,0,0,1,0,0,1,-1,0,0,0,0,1,-1,-1,-1,0,0,0,-1,0,0,0,0,0,0,0,0,0,1,0,0,0
3329,0,0,0,1,0,0,0,0,0,0,1,0,0,-1,0,0,0,0,1,-1,1,-1,0,0,0,1,1,0,0,1,0,0,-1,0,1,-1,0,0,-1,1,-1,1,1,0,-1,0,0,0,0,0,-1,1,0,1,0,0,-1,0,1,-1,-1,0,-1,0
3330,0,0,0,0,0,0,-1,-1,1,1,0,0,0,-1,0,1,0,0,1,0,0,0,0,-1,0,1,1,0,0,0,1,0,0,-1,0,-1,0,0,1,1,1,0,0,0,0,-1,0,0,-1,0,0,0,1,0,-1,-1,0,-1,0,0,-1,0,0,-1
3331,-1,0,-1,-1,0,0,-1,0,0,0,0,0,0,0,0,0,0,1,0,0,-1,0,0,0,0,1,1,0,0,0,1,0,0,0,-1,0,0,0,0,-1,0,0,0,0,0,0,-1,1,0,0,1,1,0,0,0,0,0,-1,0,0,0,0,0,0
3332,-1,1,1,0,0,0,-1,0,1,0,0,-1,-1,1,-1,0,0,0,-1,0,-1,0,0,0,1,0,1,0,1,0,0,-1,0,-1,0,-1,1,-1,0,-1,0,0,1,0,-1,0,0,0,0,0,-1,0,0,0,0,0,0,1,0,-1,0,0,1,-1
3333,0,0,0,0,0,0,-1,0,0,0,0,-1,0,1,0,0,0,1,0,-1,0,0,0,0,1,0,1,1,0,0,0,0,1,0,0,1,0,0,1,0,-1,0,-1,-1,-1,0,1,-1,-1,-1,1,0,1,0,0,0,0,0,-1,0,0,0,0,0
3334,0,0,0,-1,0,0,-1,-1,0,0,1,1,0,0,-1,0,0,1,-1,0,0,0,0,-1,0,0,0,-1,-1,-1,0,0,1,0,0,0,0,0,0,1,0,0,-1,0,1,-1,0,1,-1,0,0,0,0,-1,0,0,-1,0,-1,1,0,0,0,0
3335,1,0,0,0,0,0,-1,0,0,-1,0,0,0,1,0,0,-1,1,1,0,0,1,1,0,0,0,1,0,-1,0,1,0,0,-1,-1,0,0,1,0,0,0,-1,-1,0,0,-1,0,1,0,0,0,-1,0,0,0,1,1,0,0,-1,0,0,0,0
3336,0,1,1,-1,1,0,1,0,-1,0,0,0,1,1,-1,0,0,-1,0,-1,0,0,0,0,0,0,0,1,0,0,1,0,0,0,1,0,0,0,-1,0,1,0,0,0,-1,0,0,0,0,-1,0,0,0,0,-1,0,0,-1,0,1,1,0,0,1
3337,0,0,0,0,0,0,1,0,0,-1,0,0,0,0,0,0,0,0,0,0,0,1,1,0,0,-1,0,0,0,0,0,1,0,0,0,0,0,0,-1,0,0,0,1,1,-1,0,1,0,-1,0,0,0,0,0,1,0,-1,0,0,-1,1,0,1,1
3338,1,1,0,-1,-1,0,0,0,0,1,0,-1,0,0,-1,0,-1,0,0,0,1,0,1,0,0,-1,1,-1,-1,0,1,0,0,0,0,0,0,0,0,0,0,0,-1,-1,0,-1,-1,-1,0,0,0,0,0,1,0,-1,1,0,1,-1,0,0,0,0
3339,0,0,0,0,0,-1,-1,0,0,0,0,1,0,0,0,0,0,0,0,0,1,1,1,-1,0,1,1,0,0,1,1,0,1,-1,0,0,-1,-1,0,0,1,0,-1,0,0,1,0,0,0,0,1,0,0,0,-1,0,0,-1,-1,1,0,1,-1,0
3340,0,0,0,0,0,1,0,1,0,0,0,1,0,0,0,-1,0,0,-1,0,0,-1,-1,0,0,0,0,0,0,0,-1,0,0,0,0,0,0,-1,1,0,-1,-1,0,0,0,-1,1,0,0,0,-1,0,-1,0,0,1,-1,0,-1,0,0,0,0,0
3341,0,-1,0,0,0,0,0,-1,0,0,-1,0,0,1,0,0,0,0,-1,-1,0,0,0,0,0,1,0,0,-1,-1,0,1,0,0,0,0,-1,0,1,0,0,0,0,0,0,-1,1,0,0,0,0,0,0,0,0,1,0,0,0,-1,0,0,1,0
3342,0,0,0,0,0,1,-1,0,0,0,0,-1,0,1,0,0,0,1,0,0,0,0,1,1,-1,0,1,-1,0,1,0,0,0,0,-1,0,0,0,0,0,-1,0,-1,-1,-1,-1,0,0,0,0,0,-1,-1,0,0,0,0,0,0,0,1,0,0,0
3343,0,0,-1,0,1,0,1,0,0,0,0,-1,-1,1,0,0,0,0,-1,0,0,0,-1,1,0,-1,0,0,0,0,0,1,1,-1,0,0,1,0,0,0,-1,0,-1,0,1,0,0,1,0,0,0,0,0,0,0,0,-1,-1,0,0,-1,0,0,0
3344,1,-1,0,-1,0,0,1,0,-1,-1,0,0,0,1,0,0,0,-1,0,1,-1,0,0,0,1,0,0,-1,-1,-1,0,-1,0,0,0,0,0,1,0,0,1,-1,0,0,-1,-1,0,0,1,0,1,0,1,0,0,0,0,0,1,0,0,0,0,0
3345,1,1,1,-1,1,0,0,0,0,1,0,0,-1,-1,0,0,0,0,-1,0,-1,0,0,1,1,0,0,0,1,0,0,0,0,1,1,0,0,-1,0,1,0,-1,0,-1,0,0,1,0,-1,-1,-1,0,0,-1,1,0,0,-1,0,0,1,1,0,0
3346,0,1,0,0,-1,0,1,0,1,0,0,0,-1,-1,1,0,-1,0,0,0,0,-1,0,0,1,-1,0,0,-1,1,0,0,0,1,-1,1,0,0,1,0,0,0,0,0,0,1,0,0,0,0,0,0,0,0,1,-1,0,0,0,0,1,0,1,0
3347,1,1,-1,0,0,0,1,1,0,0,-1,0,0,0,-1,1,-1,0,0,0,-1,0,0,-1,1,0,1,0,-1,-1,0,-1,0,-1,0,1,0,-1,0,0,1,0,0,0,0,1,0,0,0,0,0,0,0,0,1,1,-1,-1,-1,1,1,0,0,1
3348,1,0,0,1,0,0,0,0,0,0,-1,1,0,-1,-1,0,0,0,0,0,0,-1,1,-1,0,0,0,-1,0,0,0,0,1,1,0,1,0,0,0,0,0,1,0,0,0,0,0,0,-1,0,-1,0,0,1,0,1,0,-1,0,0,-1,0,1,-1
3349,-1,0,1,0,0,0,-1,0,-1,0,0,0,0,0,0,0,0,0,1,1,0,0,0,0,0,-1,0,1,0,-1,0,0,0,0,-1,-1,0,-1,-1,0,0,0,0,0,1,0,0,0,1,1,0,1,0,0,0,-1,0,0,0,-1,1,0,0,0
3350,1,1,0,0,-1,0,0,0,-1,0,0,0,1,0,0,-1,0,0,1,0,0,0,1,-1,0,-1,0,-1,-1,1,1,1,1,0,1,0,0,1,0,0,0,0,0,0,0,0,0,-1,0,1,-1,0,0,1,0,0,0,0,0,0,-1,0,1,0
3351,0,0,0,-1,-1,-1,0,0,1,1,0,0,1,0,0,0,0,0,0,0,0,0,0,0,0,0,0,0,-1,0,1,0,0,0,-1,0,0,0,0,0,-1,0,0,1,0,-1,0,0,0,1,-1,0,-1,0,0,0,1,1,0,0,0,1,0,-1
3352,-1,0,0,1,0,1,0,0,0,0,0,0,0,0,0,0,1,1,0,0,0,-1,0,0,0,0,1,0,0,1,0,0,0,0,0,0,0,0,0,0,1,-1,-1,-1,1,0,1,1,0,0,0,-1,-1,0,1,1,0,0,-1,1,-1,0,0,-1
3353,0,0,0,0,0,1,0,1,1,0,0,0,0,0,0,-1,0,0,1,0,1,0,1,0,-1,-1,1,1,0,0,0,0,1,-1,1,0,0,-1,0,0,1,1,0,0,0,0,0,0,-1,0,0,0,0,0,0,0,-1,0,0,0,-1,-1,0,0
3354,0,0,-1,0,0,0,0,0,0,0,1,1,1,0,0,1,0,-1,0,0,0,0,0,-1,0,1,0,0,-1,0,-1,1,0,0,-1,0,-1,0,-1,0,-1,0,0,0,0,0,-1,0,0,0,0,1,1,-1,0,0,0,0,1,1,0,0,-1,0
3355,1,1,-1,0,0,0,1,0,0,0,0,0,0,0,1,-1,-1,1,-1,0,0,0,0,-1,0,-1,1,0,0,0,1,1,0,-1,0,-1,1,-1,0,0,1,0,0,0,-1,0,1,0,0,-1,0,0,1,-1,0,0,0,-1,1,-1,0,0,0,0
3356,0,0,-1,0,0,0,0,0,0,0,1,0,0,0,0,0,0,0,-1,1,0,0,0,0,1,-1,0,1,0,0,0,0,-1,0,0,0,0,-1,0,0,0,1,1,-1,0,-1,-1,0,0,0,-1,1,0,0,0,0,0,0,0,0,0,0,0,1
3357,1,0,-1,-1,0,0,0,0,-1,-1,1,0,0,0,0,-1,0,0,-1,-1,0,0,1,1,0,1,0,0,1,0,0,0,-1,0,1,0,0,1,-1,1,0,0,0,0,-1,0,-1,0,1,0,1,0,0,0,0,1,0,1,1,0,0,-1,1,-1
3358,0,0,0,0,0,0,0,0,0,0,0,0,0,0,-1,0,0,-1,-1,0,1,0,0,0,0,-1,-1,0,0,1,0,0,1,0,1,0,0,0,0,0,0,-1,0,0,0,0,1,0,-1,0,0,0,0,0,0,1,1,0,-1,0,-1,0,-1,0
3359,0,0,0,1,0,0,0,1,0,0,0,-1,-1,0,1,0,0,0,0,0,0,-1,-1,0,0,-1,0,0,0,1,1,0,1,0,1,1,0,-1,-1,0,0,0,-1,1,0,0,0,0,0,0,0,0,0,-1,0,0,-1,0,0,0,0,0,0,0
3360,-1,0,0,1,0,1,-1,0,0,0,-1,0,0,0,1,-1,0,0,0,1,-1,0,0,1,1,-1,-1,0,1,0,0,1,1,1,0,0,-1,0,0,-1,0,0,0,0,0,1,0,0,0,1,-1,0,0,-1,0,0,1,0,0,0,0,0,1,-1
3361,0,0,0,-1,0,-1,0,0,-1,0,0,1,0,0,0,0,0,1,-1,0,-1,0,0,0,0,0,-1,0,0,1,-1,-1,0,-1,0,0,0,-1,0,0,1,0,-1,0,0,1,0,0,0,0,1,-1,0,1,0,0,1,1,0,1,0,-1,0,-1
3362,0,-1,0,0,1,0,-1,1,0,0,0,1,0,1,0,1,0,0,1,0,0,0,0,-1,1,0,0,0,0,1,0,0,0,0,0,0,0,0,0,1,0,1,1,1,1,0,0,-1,0,-1,1,0,0,0,0,0,1,-1,0,0,0,-1,1,0
3363,0,0,0,0,0,0,0,0,-1,0,0,1,0,-1,0,0,0,0,1,1,0,0,1,-1,1,-1,0,0,1,-1,-1,-1,0,1,1,-1,1,0,0,0,0,0,0,0,0,-1,0,0,1,-1,0,1,-1,0,0,0,0,-1,0,0,1,1,1,1
3364,-1,-1,0,0,1,0,0,-1,0,0,0,0,0,0,0,0,0,0,0,0,1,1,0,0,0,-1,-1,-1,0,0,-1,0,1,0,0,0,0,0,0,0,-1,1,0,0,0,0,0,0,0,0,1,0,0,0,0,0,0,0,0,0,-1,-1,0,0
3365,0,0,0,0,0,-1,1,0,1,1,0,1,-1,-1,-1,1,0,0,1,-1,-1,0,-1,1,0,0,-1,-1,0,0,0,1,0,-1,0,0,0,-1,0,0,0,-1,0,-1,0,0,0,1,0,0,0,0,-1,-1,0,0,0,0,0,0,0,1,0,-1
3366,0,0,0,-1,0,0,0,0,1,0,1,0,0,0,1,0,0,-1,0,0,0,0,0,0,0,0,0,0,0,1,0,0,-1,0,0,0,0,0,0,-1,0,0,0,0,0,0,-1,0,-1,0,0,-1,0,0,1,0,-1,0,0,0,0,0,0,-1
3367,0,0,-1,0,1,0,0,1,0,-1,-1,-1,-1,-1,0,0,1,0,0,0,0,1,0,0,0,-1,-1,0,0,0,0,0,1,0,0,0,0,0,0,0,0,0,0,-1,0,-1,0,0,0,0,0,0,1,-1,-1,0,0,0,0,-1,0,-1,1,-1
3368,0,0,-1,1,0,0,-1,0,0,-1,-1,0,0,0,0,1,0,-1,0,0,1,0,-1,0,0,0,0,0,0,0,0,1,0,0,0,-1,-1,0,1,0,0,0,-1,0,0,0,1,0,-1,0,-1,-1,0,0,-1,0,0,0,-1,1,0,0,1,0
3369,0,1,0,1,-1,-1,0,0,-1,0,0,0,0,1,0,0,0,0,0,0,0,1,0,0,-1,0,0,1,-1,0,-1,0,0,0,0,0,0,0,0,0,0,0,0,0,0,-1,0,0,1,0,0,0,-1,0,0,0,0,-1,1,0,1,0,0,1
3370,0,0,0,0,0,0,1,1,0,0,0,-1,0,0,0,0,-1,0,1,1,1,0,-1,0,-1,1,0,0,0,1,1,-1,0,-1,1,0,-1,0,1,0,0,-1,0,-1,0,0,0,0,0,1,0,1,0,-1,-1,0,1,0,1,-1,0,0,0,1
3371,-1,0,1,1,0,0,-1,0,0,1,0,0,0,0,0,0,1,0,0,-1,0,0,-1,0,0,0,-1,1,0,0,-1,0,1,0,-1,0,1,-1,0,-1,-1,0,0,0,-1,0,1,0,0,-1,0,0,0,0,0,0,0,1,0,0,0,1,0,1
3372,0,1,0,1,0,0,1,0,0,0,0,1,0,0,0,0,0,-1,0,0,0,0,0,-1,1,-1,0,-1,0,0,-1,0,0,0,1,0,0,0,1,0,0,0,0,0,0,0,0,1,-1,0,-1,0,0,0,0,0,0,-1,0,0,-1,-1,0,0
3373,0,-1,0,1,-1,0,0,0,0,0,-1,1,0,1,0,0,0,1,0,0,0,0,1,1,-1,0,0,0,0,0,1,0,0,0,0,0,1,-1,0,1,1,0,0,1,0,0,0,0,0,0,-1,0,0,1,1,1,0,-1,-1,1,0,0,0,0
3374,0,0,0,-1,0,0,0,0,1,-1,0,0,0,1,0,0,1,0,0,0,1,0,-1,1,-1,0,0,0,-1,0,0,0,-1,0,0,-1,0,0,0,-1,-1,-1,1,0,0,0,-1,-1,1,-1,0,0,1,0,0,0,0,0,0,0,-1,1,0,0
3375,-1,0,0,0,0,0,-1,0,0,0,0,0,0,1,1,0,0,1,0,0,0,0,0,0,0,0,0,1,1,1,0,0,1,0,0,0,0,0,0,1,0,0,1,1,0,0,0,0,0,0,-1,0,0,0,0,0,1,0,0,-1,0,0,-1,1
3376,0,0,0,0,0,0,0,0,0,0,-1,0,-1,1,0,1,0,0,0,0,0,-1,1,0,0,0,0,-1,-1,0,0,1,0,-1,0,1,0,0,0,1,0,-1,0,0,1,0,0,0,-1,0,-1,0,1,0,-1,0,0,0,-1,0,1,0,-1,1
3377,1,-1,0,-1,0,-1,0,0,-1,1,0,1,1,0,0,0,-1,0,0,0,0,0,0,1,0,0,0,0,-1,-1,0,0,1,-1,0,0,0,0,0,-1,0,-1,-1,0,0,0,0,0,0,-1,0,1,-1,0,0,1,0,0,-1,0,0,-1,0,0
3378,0,0,0,0,0,0,0,0,0,0,-1,0,-1,0,1,0,-1,0,0,0,0,-1,0,0,1,0,0,1,1,1,-1,0,-1,1,0,1,0,0,0,0,0,0,0,0,0,0,-1,0,1,1,0,0,1,0,1,0,0,0,0,0,1,1,0,0
3379,-1,1,0,1,-1,0,0,0,-1,0,0,0,-1,1,0,0,0,0,0,0,0,0,0,-1,0,0,0,1,0,0,0,0,1,-1,0,0,0,1,0,-1,0,1,0,0,0,0,0,0,0,0,-1,0,-1,0,-1,-1,-1,-1,0,0,0,1,0,-1
3380,1,1,-1,0,0,-1,0,0,0,1,0,-1,0,1,0,-1,0,-1,-1,0,1,0,0,-1,1,0,1,0,0,0,1,1,0,0,-1,0,0,0,0,1,1,0,1,0,-1,1,0,-1,0,0,-1,0,0,1,0,0,0,0,0,1,1,0,0,0
3381,0,0,0,0,-1,1,0,0,1,0,-1,0,0,0,0,0,-1,-1,0,0,0,1,1,0,0,-1,1,0,1,-1,-1,0,-1,0,1,0,0,0,0,-1,1,0,0,-1,0,0,-1,-1,-1,0,0,0,0,-1,0,0,-1,0,0,0,0,0,0,0
3382,0,0,0,0,0,-1,-1,1,0,0,-1,0,-1,0,0,-1,0,1,-1,-1,0,0,0,0,0,1,1,0,1,-1,1,0,0,-1,0,-1,0,0,0,0,1,0,0,0,0,-1,-1,0,1,0,0,0,0,1,0,0,1,-1,0,0,-1,1,0,0
3383,0,0,-1,-1,0,0,0,0,0,-1,0,0,1,0,0,0,0,0,0,0,0,0,0,-1,0,0,-1,0,0,1,0,0,0,0,0,-1,0,1,0,0,0,0,0,-1,-1,-1,0,0,-1,1,0,-1,0,0,0,0,0,0,0,1,-1,0,-1,0
3384,0,0,0,-1,0,-1,1,0,0,0,0,0,1,0,0,0,-1,0,0,0,0,0,0,0,0,0,0,1,1,0,0,-1,0,-1,-1,0,1,0,0,1,-1,0,0,0,0,0,-1,0,0,0,-1,1,0,0,0,0,1,0,1,1,-1,1,0,0
3385,1,0,1,-1,0,1,1,0,0,1,0,0,0,1,-1,0,0,-1,0,1,-1,0,0,0,0,1,-1,0,0,-1,0,0,1,-1,0,1,0,0,0,1,0,0,-1,1,1,0,0,0,0,-1,1,0,1,0,0,0,0,0,1,0,-1,1,1,0
3386,0,0,0,0,0,0,0,1,0,1,1,0,-1,0,0,-1,-1,-1,0,-1,0,-1,0,0,0,1,0,0,0,1,0,-1,0,0,-1,0,1,0,-1,-1,0,1,0,0,0,0,1,0,0,-1,0,0,0,-1,1,-1,1,0,0,0,0,0,-1,0
3387,1,0,0,0,0,0,0,0,-1,1,-1,0,1,0,-1,0,0,0,1,1,1,0,-1,0,0,0,0,0,0,-1,0,0,0,0,0,0,-1,1,0,1,0,-1,0,0,0,0,0,0,0,0,-1,0,1,-1,-1,0,-1,-1,0,0,1,0,0,0
3388,0,1,0,1,1,0,0,0,0,0,0,0,0,0,0,1,0,0,0,0,-1,0,0,0,1,0,0,0,0,-1,0,0,0,0,-1,0,1,0,0,0,0,0,1,-1,0,0,0,1,0,0,0,0,0,0,0,-1,0,0,-1,0,1,0,1,-1
3389,0,0,-1,-1,0,0,0,1,-1,1,0,0,0,0,0,0,1,0,0,0,0,0,0,0,0,0,0,0,1,0,0,0,0,0,1,0,0,0,1,0,0,-1,1,0,0,-1,0,1,0,0,-1,0,0,0,0,1,1,1,1,-1,-1,0,0,0
3390,0,0,0,0,0,0,0,0,1,1,0,-1,1,-1,0,0,0,0,0,-1,1,1,-1,0,0,0,0,-1,0,0,0,0,-1,-1,0,0,0,0,0,1,1,0,0,-1,-1,-1,0,0,0,0,0,-1,1,0,-1,0,0,0,0,0,0,0,0,0
3391,0,1,0,-1,0,0,1,1,0,0,-1,-1,0,-1,0,0,-1,0,-1,0,1,0,0,-1,1,0,-1,0,0,0,0,-1,0,0,1,0,-1,1,0,-1,-1,1,0,0,0,0,1,0,1,-1,-1,0,1,0,0,0,0,-1,0,0,0,0,0,-1
3392,1,0,0,-1,0,1,1,0,0,0,0,0,0,0,0,1,1,1,0,0,0,0,0,0,0,0,0,0,0,0,0,0,0,0,-1,0,0,0,0,0,1,-1,-1,0,0,0,0,0,1,-1,0,1,0,0,-1,1,0,1,0,0,0,1,1,0
3393,0,1,0,0,0,-1,0,-1,1,0,0,0,0,0,1,0,0,0,0,0,0,-1,0,1,1,0,0,-1,0,0,1,1,-1,-1,1,1,0,1,0,0,0,0,1,-1,1,1,1,0,0,1,0,0,0,0,0,-1,-1,1,0,0,0,0,0,1
3394,0,0,0,0,-1,0,0,-1,1,0,0,0,-1,1,0,0,0,1,0,1,0,0,0,1,0,1,0,0,0,0,0,0,0,-1,0,-1,-1,0,0,1,1,0,1,0,1,1,0,0,-1,-1,0,0,0,-1,0,-1,0,0,1,0,-1,0,0,0
3395,0,1,0,0,0,0,0,0,-1,-1,0,0,1,0,0,-1,0,0,-1,0,0,0,0,1,0,0,-1,0,0,1,0,0,0,0,0,-1,0,-1,0,0,1,0,0,0,0,0,0,-1,0,-1,0,1,0,0,-1,0,0,0,-1,0,-1,0,0,0
3396,0,1,0,-1,0,0,0,0,0,0,0,0,0,1,0,0,0,0,0,0,0,0,0,0,-1,0,0,1,0,0,-1,0,0,0,0,-1,0,0,0,0,0,0,-1,-1,0,0,0,0,0,-1,0,0,0,1,0,0,-1,0,1,0,0,-1,-1,0
3397,0,0,0,1,0,0,-1,-1,0,-1,-1,1,-1,0,0,0,-1,1,0,0,0,-1,0,0,1,0,-1,0,0,0,0,0,1,0,0,0,0,0,0,0,-1,-1,1,1,0,0,-1,0,0,0,0,1,1,0,0,0,0,0,1,1,-1,1,0,0
3398,-1,1,-1,1,0,1,0,0,1,1,0,1,0,0,0,0,0,0,0,-1,0,1,-1,0,0,1,0,0,0,1,0,-1,-1,0,1,0,0,1,1,0,0,1,0,0,0,0,1,1,0,1,0,0,0,0,0,0,1,-1,0,0,-1,0,0,-1
3399,1,-1,0,0,0,1,0,1,1,0,1,0,1,0,0,1,0,0,0,0,0,0,0,0,1,0,-1,0,0,0,-1,0,0,0,0,1,0,0,0,0,-1,0,0,0,0,0,1,0,1,0,0,-1,-1,1,0,0,0,-1,0,0,1,0,0,-1
3400,0,0,0,0,0,0,0,0,0,0,-1,0,1,0,0,0,0,0,0,1,1,0,0,0,0,0,0,0,1,0,0,0,0,0,0,0,1,0,1,0,-1,0,1,0,1,1,0,0,1,1,0,0,-1,-1,-1,0,0,-1,0,1,0,0,0,0
3401,0,0,0,0,0,0,1,0,0,1,0,0,0,-1,0,0,-1,-1,0,1,0,-1,1,1,0,0,0,0,0,-1,0,0,0,0,0,1,-1,-1,0,0,1,1,1,0,0,1,0,0,1,0,-1,0,-1,0,1,0,0,0,-1,0,0,0,1,0
3402,0,0,-1,0,0,0,-1,0,0,0,0,0,-1,0,0,0,0,-1,0,0,1,0,0,1,0,0,0,0,-1,-1,0,0,0,0,1,0,0,0,0,0,-1,1,1,0,0,1,0,1,0,1,1,-1,0,0,0,1,0,-1,1,0,0,1,1,0
3403,0,0,0,0,0,1,0,1,1,0,0,0,0,1,0,0,0,1,-1,-1,-1,0,0,0,-1,0,-1,0,0,0,0,1,-1,0,0,0,0,0,0,1,-1,0,0,0,-1,-1,0,1,0,0,0,0,1,0,0,-1,0,1,-1,-1,1,0,0,1
3404,0,0,0,0,-1,0,-1,0,1,0,1,-1,0,0,1,0,-1,0,0,-1,0,-1,-1,0,-1,0,0,1,0,0,-1,1,0,0,0,-1,1,0,0,0,0,1,0,0,0,-1,0,1,0,1,0,0,0,0,0,0,0,0,1,-1,-1,0,0,1
3405,0,0,0,0,0,0,0,1,0,0,0,1,0,0,0,-1,0,0,-1,-1,0,0,0,0,0,1,0,0,0,0,-1,-1,1,1,-1,0,-1,0,0,0,1,-1,0,0,1,-1,0,0,1,0,1,1,0,0,0,0,0,-1,0,0,-1,-1,0,1
3406,0,1,1,1,0,0,0,0,0,0,0,0,-1,1,0,0,0,0,-1,0,0,-1,-1,-1,0,1,0,0,0,0,0,1,-1,0,0,-1,1,0,0,0,-1,-1,0,0,0,0,0,0,0,-1,1,-1,1,0,1,-1,0,0,-1,-1,-1,0,1,1
3407,0,0,-1,-1,0,0,-1,0,1,0,0,0,0,0,1,0,0,-1,-1,1,-1,0,-1,0,0,0,0,0,0,1,0,1,0,1,0,-1,0,1,0,-1,0,0,-1,0,0,0,0,0,1,0,0,0,0,0,-1,-1,0,0,0,0,0,0,0,0
3408,0,0,0,0,1,1,0,0,0,-1,0,1,0,-1,-1,-1,0,-1,1,-1,0,0,0,1,0,0,0,0,0,1,0,1,-1,1,-1,-1,0,0,0,0,0,0,-1,1,0,1,0,0,-1,1,0,-1,0,0,0,0,0,0,0,0,0,0,0,-1
3409,0,0,0,0,0,0,0,0,1,-1,0,-1,0,0,0,0,1,-1,0,0,0,0,0,1,0,1,0,0,1,-1,0,0,0,0,0,0,-1,-1,0,-1,0,0,-1,0,-1,0,0,0,-1,1,0,0,0,0,0,1,0,-1,0,0,1,0,-1,0
3410,0,0,0,0,0,-1,0,-1,0,1,0,-1,0,0,0,1,0,0,-1,-1,0,-1,1,1,1,-1,-1,0,1,0,0,1,-1,0,-1,1,-1,1,0,0,1,1,1,0,0,0,-1,0,0,0,0,0,-1,1,0,1,0,1,0,0,-1,0,0,1
3411,0,1,-1,0,-1,-1,0,0,1,0,-1,1,0,0,0,1,0,1,0,-1,-1,-1,0,0,0,0,0,0,0,0,1,0,0,0,0,0,0,0,0,0,-1,1,-1,0,-1,0,0,0,0,0,0,-1,0,0,0,0,-1,0,0,0,-1,0,0,0
3412,0,1,1,0,-1,1,0,0,0,0,-1,-1,0,0,0,0,0,0,0,0,0,0,-1,-1,1,1,0,0,1,0,0,0,1,0,0,0,0,-1,1,0,0,0,1,0,0,-1,1,0,0,0,0,0,0,-1,1,0,0,1,0,1,1,0,0,0
3413,0,0,1,0,0,0,0,0,0,0,0,0,0,-1,0,1,0,0,0,-1,0,0,0,0,1,0,0,0,0,1,-1,1,1,0,0,0,1,0,0,0,0,1,0,0,0,-1,0,0,0,0,0,-1,0,0,1,0,0,0,1,-1,1,0,1,-1
3414,0,0,0,0,0,-1,0,-1,0,1,0,0,-1,0,-1,0,0,0,0,0,1,0,1,0,0,0,-1,0,0,0,0,0,0,0,1,0,-1,0,1,1,0,1,0,0,-1,0,0,0,0,0,0,0,0,0,0,0,-1,0,0,0,0,-1,0,0
3415,0,0,0,1,0,-1,-1,0,0,0,0,0,0,-1,-1,0,0,1,0,0,0,0,0,0,0,0,0,0,-1,1,1,0,1,0,0,0,0,0,0,0,-1,0,0,0,0,0,0,-1,-1,0,-1,0,0,-1,0,0,0,-1,0,0,0,-1,-1,0
3416,0,0,1,0,0,-1,-1,0,1,0,-1,0,0,0,0,0,-1,1,1,0,0,0,0,0,0,0,0,0,-1,1,0,0,0,0,0,-1,0,0,1,0,1,0,0,0,0,0,-1,0,0,0,1,0,-1,0,0,0,-1,1,0,1,0,0,0,1
3417,0,0,0,1,1,0,0,1,0,0,0,0,0,0,0,1,1,0,1,0,0,0,0,0,0,0,-1,-1,0,0,0,1,1,1,0,0,1,0,0,0,0,0,0,0,0,0,1,0,0,-1,1,-1,0,0,0,1,0,-1,0,1,-1,0,0,0
3418,0,0,0,0,1,0,0,1,0,0,0,-1,0,0,0,0,0,0,-1,0,-1,0,0,1,0,-1,-1,0,0,0,1,0,0,0,0,1,1,1,0,1,1,0,-1,0,-1,-1,0,1,1,1,1,0,0,-1,0,0,-1,0,1,0,-1,1,0,0
3419,0,0,1,0,0,0,-1,0,0,0,0,0,0,1,0,0,0,-1,0,-1,-1,-1,0,0,0,0,-1,0,-1,0,0,0,0,0,0,-1,-1,1,0,0,0,0,0,0,-1,1,1,0,1,0,0,0,0,-1,0,-1,0,-1,1,-1,0,0,0,0
3420,0,0,0,0,0,1,0,1,0,1,0,-1,0,0,0,0,0,0,0,0,0,-1,0,0,0,0,-1,-1,0,0,-1,0,0,0,-1,0,0,0,0,0,0,0,0,0,0,0,0,0,-1,-1,0,0,0,-1,-1,1,0,0,0,0,1,0,0,-1
3421,-1,0,-1,0,1,0,-1,0,0,0,0,0,1,0,-1,0,0,0,0,0,0,0,1,0,0,0,-1,0,0,0,0,0,0,0,-1,1,0,1,0,0,0,1,-1,-1,0,-1,0,0,0,0,-1,0,0,0,0,-1,0,0,-1,0,0,0,1,0
3422,0,0,1,-1,0,0,0,0,0,0,-1,0,-1,-1,0,-1,0,0,0,-1,-1,0,0,-1,-1,1,0,0,-1,0,0,0,0,1,0,1,0,0,-1,0,0,0,0,-1,0,0,0,1,0,0,1,0,-1,0,0,0,0,0,0,0,0,-1,0,0
3423,0,0,0,0,0,1,0,0,0,0,0,0,-1,1,0,0,0,0,1,0,-1,0,0,0,0,0,0,0,0,0,0,1,0,0,0,1,0,0,0,1,0,1,0,-1,0,0,0,1,0,-1,0,-1,1,0,0,0,-1,1,-1,-1,1,0,1,-1
3424,-1,-1,0,0,1,0,0,0,0,0,1,0,1,0,0,1,0,1,0,-1,0,0,0,1,0,0,0,0,0,0,0,0,0,1,0,0,-1,-1,0,1,0,0,0,0,0,1,0,0,0,0,-1,0,-1,1,0,0,0,1,0,0,-1,0,0,0
3425,0,-1,0,0,-1,-1,0,0,0,1,0,0,-1,0,0,1,0,0,-1,-1,-1,0,1,-1,0,-1,0,1,0,0,0,0,0,0,1,0,0,0,0,1,0,1,0,-1,-1,0,0,0,0,0,0,0,-1,0,0,0,0,0,0,1,0,0,0,-1
3426,0,0,-1,0,1,0,0,-1,0,0,-1,0,1,1,-1,-1,0,0,0,-1,0,0,0,0,0,1,1,0,0,0,0,0,1,1,0,0,1,0,0,0,1,0,-1,0,-1,0,-1,1,0,0,1,0,0,1,0,0,-1,0,0,-1,0,0,0,0
3427,1,-1,1,0,0,0,0,0,0,1,0,0,0,0,0,0,0,0,0,1,0,0,0,0,0,0,0,0,0,0,0,1,-1,0,0,0,0,0,0,-1,0,0,0,1,0,1,0,0,0,0,1,0,0,0,0,1,-1,0,0,1,1,0,0,0
3428,0,0,0,0,0,0,0,0,1,0,0,0,0,0,0,1,0,0,0,0,0,0,-1,0,0,0,0,-1,0,0,0,0,0,0,0,0,-1,0,-1,0,0,0,0,0,0,0,0,1,1,0,0,-1,-1,0,-1,-1,0,-1,0,0,1,0,0,0
3429,-1,0,0,-1,1,0,0,-1,0,-1,0,0,0,1,0,0,0,0,0,0,0,1,0,-1,0,0,0,0,0,0,0,0,0,1,0,1,1,0,0,-1,-1,0,0,0,-1,-1,0,0,-1,1,0,0,0,-1,0,1,-1,1,0,-1,0,0,0,0
3430,0,1,1,-1,0,-1,0,0,0,1,1,0,1,0,0,0,1,1,0,0,1,-1,0,0,0,0,-1,0,0,0,0,0,0,0,0,0,1,1,-1,0,1,1,0,0,0,0,0,0,1,0,-1,0,0,0,-1,1,0,-1,0,0,0,0,1,0
3431,-1,0,0,0,1,-1,0,0,0,0,0,-1,0,-1,-1,0,1,0,1,1,0,0,0,0,0,0,0,0,1,1,0,-1,0,1,1,1,0,-1,0,0,0,0,-1,0,0,0,1,0,0,1,0,0,0,0,0,-1,1,-1,0,0,-1,-1,-1,-1
3432,0,0,0,0,-1,0,0,-1,0,1,0,0,0,0,0,0,0,-1,-1,-1,0,-1,0,-1,0,-1,0,0,0,1,0,0,1,0,-1,1,0,0,-1,-1,1,0,1,0,0,1,-1,0,0,0,0,-1,0,0,1,0,0,1,-1,1,0,0,0,0
3433,1,1,0,1,0,-1,-1,0,1,0,0,0,-1,0,1,0,1,0,0,0,0,-1,0,-1,0,0,0,0,1,0,0,-1,0,0,0,0,1,-1,-1,0,1,0,1,0,0,1,-1,0,0,0,0,0,0,-1,0,1,0,0,-1,-1,0,0,0,1
3434,1,0,0,0,1,-1,0,0,0,0,0,0,1,0,1,0,0,0,0,-1,0,0,0,0,-1,0,0,0,0,-1,0,0,0,-1,-1,0,0,1,1,0,-1,0,0,0,0,-1,0,0,0,0,-1,1,0,0,0,0,0,0,0,0,0,-1,-1,0
3435,0,0,-1,0,0,0,1,1,-1,0,0,1,0,0,-1,-1,0,0,0,1,0,0,0,0,1,-1,1,0,-1,-1,0,0,0,-1,0,0,0,0,0,0,0,0,0,0,1,0,0,0,1,-1,0,0,0,0,0,-1,-1,-1,-1,-1,0,0,-1,0
3436,1,0,1,1,0,0,-1,1,-1,0,0,0,0,0,0,-1,0,0,1,0,-1,0,0,0,0,0,0,0,-1,1,0,1,0,0,0,0,0,0,0,1,0,1,-1,0,0,0,0,0,1,0,1,0,-1,1,1,0,1,0,0,0,0,0,0,1
3437,0,-1,1,0,0,1,0,0,0,0,0,1,-1,0,1,0,0,1,-1,0,0,0,0,0,0,0,1,0,0,1,1,-1,1,0,0,-1,0,0,0,-1,0,1,0,1,0,0,1,-1,0,0,-1,0,0,0,1,-1,0,0,-1,0,0,1,1,0
3438,0,0,1,0,0,-1,1,0,-1,0,0,-1,-1,0,0,0,-1,1,0,0,1,0,0,0,0,0,0,0,0,0,0,-1,-1,0,0,1,-1,0,0,0,-1,1,0,0,0,-1,1,-1,1,0,0,0,1,-1,1,0,0,0,-1,1,0,0,0,0
3439,0,-1,0,0,0,-1,0,0,1,1,-1,-1,1,0,0,0,0,-1,0,0,0,0,0,0,0,1,0,0,0,-1,0,0,-1,0,0,1,0,1,0,-1,1,0,-1,0,1,1,1,0,0,0,-1,0,0,0,0,-1,0,1,-1,0,1,1,1,0
3440,0,0,0,1,0,0,0,0,-1,0,0,-1,0,0,0,-1,0,0,0,0,0,0,1,0,0,0,0,1,0,0,0,-1,-1,0,0,0,0,0,0,0,0,-1,0,1,-1,-1,0,0,0,0,0,0,0,1,-1,0,0,-1,0,0,0,-1,0,-1
3441,0,1,0,1,0,0,0,0,0,0,-1,-1,0,0,0,0,0,0,0,0,-1,0,1,1,1,1,1,0,0,0,0,1,0,0,0,0,0,-1,1,-1,0,0,0,0,0,1,1,1,0,0,1,0,-1,0,0,0,-1,0,0,-1,0,0,0,0
3442,0,0,-1,0,0,1,0,-1,0,-1,0,0,0,0,0,0,-1,-1,0,1,0,-1,0,0,-1,0,1,0,0,-1,1,0,0,0,1,0,0,-1,1,-1,0,0,1,0,0,1,-1,-1,-1,1,0,0,0,0,0,-1,0,0,0,0,1,1,0,0
3443,-1,0,0,0,1,1,0,0,0,0,0,0,0,-1,0,0,0,1,0,1,0,0,-1,0,0,0,0,0,-1,0,0,0,0,0,0,0,0,0,-1,1,-1,-1,0,0,0,-1,0,0,1,-1,0,1,0,0,0,-1,-1,0,0,-1,1,0,0,-1
3444,0,0,1,0,0,-1,0,-1,0,0,0,0,-1,0,-1,1,1,0,0,1,1,0,1,0,1,0,0,1,1,-1,0,0,0,1,0,0,1,0,-1,-1,0,1,-1,0,0,0,0,0,0,0,0,-1,1,0,0,1,0,0,0,0,-1,-1,0,0
3445,0,0,0,0,0,1,0,1,0,0,0,0,0,1,0,0,0,0,0,0,0,0,-1,0,0,0,0,1,1,0,0,0,-1,0,0,0,0,0,0,1,0,0,-1,0,0,0,0,0,0,1,0,0,0,-1,0,0,1,-1,0,1,-1,0,0,1
3446,-1,0,0,0,0,1,-1,1,0,0,0,0,1,1,-1,0,0,0,1,0,1,0,0,0,0,0,-1,1,0,1,0,1,0,1,0,0,0,0,0,0,0,0,1,0,0,0,-1,0,0,0,1,0,0,1,-1,1,-1,0,1,0,-1,0,-1,-1
3447,0,0,0,0,0,0,1,-1,0,1,0,0,1,0,1,1,0,-1,0,0,-1,-1,0,-1,0,1,-1,0,0,0,0,0,1,0,0,0,0,0,0,0,0,-1,0,0,0,0,1,0,1,0,1,0,0,-1,-1,-1,0,0,1,0,0,1,1,-1
3448,0,0,1,0,-1,-1,1,0,0,0,-1,1,0,0,-1,0,-1,1,-1,-1,-1,-1,0,-1,0,0,0,0,1,0,0,0,1,1,0,0,0,0,0,0,1,0,0,0,0,0,0,-1,0,0,0,1,0,0,0,0,1,0,-1,0,-1,0,0,-1
3449,0,0,0,0,1,0,1,1,0,-1,0,0,-1,1,0,1,0,0,0,1,0,0,0,0,1,0,0,0,0,0,0,0,-1,0,0,-1,-1,0,0,0,0,0,0,0,1,-1,0,-1,0,-1,1,-1,0,0,0,0,0,-1,0,-1,0,0,0,1
3450,0,0,0,0,-1,0,0,0,0,0,0,0,0,1,0,-1,1,1,0,1,0,1,-1,0,0,0,-1,0,0,0,-1,0,0,0,0,0,0,0,-1,0,-1,1,1,-1,-1,0,0,0,-1,-1,0,0,1,0,0,0,0,0,-1,-1,-1,1,0,0
3451,0,0,0,0,-1,0,0,-1,1,0,-1,1,1,0,0,1,0,1,0,0,0,-1,0,-1,0,0,0,0,0,0,0,0,0,0,-1,-1,0,1,1,-1,0,0,0,0,-1,1,1,0,-1,0,0,-1,0,0,1,0,1,0,-1,0,0,0,-1,0
3452,0,0,0,0,-1,1,1,0,0,0,-1,1,-1,-1,0,0,0,0,0,0,0,0,0,0,0,0,1,0,0,0,0,1,0,0,1,0,0,0,1,0,1,0,0,0,0,0,0,0,0,0,1,0,-1,0,1,-1,0,0,0,0,0,0,0,0
3453,-1,1,0,0,0,0,0,1,0,1,1,1,0,0,1,0,-1,1,-1,1,0,0,0,0,0,1,-1,1,1,0,-1,-1,0,0,1,0,0,1,0,1,0,0,0,1,0,0,0,0,0,0,0,0,0,0,-1,0,0,0,0,0,0,0,0,1
3454,-1,0,1,0,0,0,0,1,1,0,0,0,1,-1,-1,0,0,1,0,0,-1,0,0,0,0,0,0,0,0,-1,0,-1,0,0,0,0,0,0,-1,0,0,-1,0,0,1,-1,0,0,1,0,0,0,0,0,-1,-1,0,1,1,0,0,0,0,-1
3455,0,0,0,0,0,-1,0,0,0,0,0,0,0,0,0,0,1,-1,0,1,0,1,0,1,0,1,0,1,0,0,-1,0,0,0,-1,1,0,0,0,0,-1,-1,0,0,0,0,-1,1,-1,0,0,0,0,-1,0,0,0,0,0,0,1,1,1,0
3456,0,0,0,-1,0,0,1,0,0,-1,0,0,0,1,-1,-1,1,0,-1,0,0,0,1,1,0,-1,0,0,0,-1,0,0,0,0,0,1,0,0,0,0,0,-1,0,0,0,1,0,0,0,0,0,1,0,1,0,0,0,-1,0,-1,0,1,0,0
3457,0,0,0,-1,0,0,1,0,0,1,1,1,0,0,0,0,0,-1,0,0,1,0,0,0,0,0,0,1,1,0,1,0,-1,0,0,0,0,0,0,0,0,1,1,0,0,0,0,1,0,1,1,-1,-1,1,1,1,0,0,0,0,0,-1,1,0
3458,0,-1,0,0,1,1,1,0,0,0,-1,0,-1,0,0,0,1,0,0,0,0,-1,0,1,0,0,-1,0,-1,-1,0,-1,1,0,-1,0,1,0,0,0,0,0,0,0,0,-1,1,1,1,0,0,0,-1,0,0,1,0,0,0,0,0,1,0,0
3459,1,0,1,1,0,0,0,0,0,0,-1,-1,0,0,1,0,-1,0,-1,1,0,-1,0,0,1,0,0,0,0,1,0,0,0,0,0,0,0,0,0,0,0,0,-1,-1,0,0,0,-1,1,0,0,0,0,-1,1,0,0,0,1,0,0,0,0,0
3460,0,0,0,1,0,-1,0,0,0,0,-1,0,0,-1,1,0,0,0,-1,0,0,0,0,0,0,0,1,0,0,-1,0,0,1,0,0,0,1,-1,0,0,1,0,-1,-1,0,0,0,0,-1,0,1,0,-1,-1,0,0,0,1,1,0,1,0,1,0
3461,0,-1,0,0,0,1,0,0,0,1,0,-1,0,0,1,0,0,-1,-1,-1,0,0,1,0,-1,0,1,0,-1,0,0,0,0,1,-1,-1,0,0,1,0,0,0,1,0,1,-1,0,0,0,0,1,-1,-1,1,0,0,0,0,0,0,0,0,0,-1
3462,0,-1,-1,0,-1,1,-1,1,1,0,1,1,-1,0,-1,0,0,1,0,0,0,0,0,0,0,0,-1,0,0,0,0,0,0,1,0,1,0,-1,0,0,0,1,0,1,0,0,0,-1,0,0,1,0,-1,-1,0,1,0,1,0,0,0,0,0,0
3463,0,1,1,0,-1,0,0,0,1,0,0,0,-1,0,0,-1,0,0,0,-1,0,0,0,0,0,0,-1,1,0,1,0,0,0,-1,0,0,-1,-1,0,1,0,-1,0,0,0,0,0,0,0,0,1,0,0,0,-1,0,1,0,0,-1,1,0,0,0
3464,0,0,0,1,0,1,-1,0,0,1,0,1,1,0,-1,0,0,-1,0,0,0,0,0,0,1,0,0,0,0,-1,0,0,0,0,1,0,1,0,1,0,0,0,-1,0,-1,1,-1,0,-1,0,0,0,-1,1,0,-1,0,0,0,0,0,0,0,0
3465,0,-1,0,0,-1,1,0,0,1,0,0,0,0,1,-1,0,-1,0,1,1,0,0,0,0,0,0,0,0,-1,1,1,0,0,0,1,0,0,0,1,-1,0,0,1,0,1,1,0,0,0,1,1,1,0,0,0,0,0,0,0,-1,0,-1,0,0
3466,0,1,0,0,0,-1,0,0,-1,-1,-1,0,0,1,0,0,1,0,0,1,0,0,0,1,0,0,0,0,0,0,-1,0,0,1,0,1,0,0,0,-1,0,0,0,0,-1,1,1,0,0,1,-1,0,0,-1,0,1,0,1,-1,0,0,-1,0,0
3467,0,0,0,0,-1,0,0,0,0,0,0,-1,-1,0,-1,0,0,0,1,0,0,0,-1,-1,0,0,-1,1,0,1,0,-1,-1,-1,-1,0,0,0,1,0,0,-1,0,0,0,0,0,0,-1,-1,0,0,0,-1,0,0,0,0,0,0,0,1,-1,0
3468,1,0,0,-1,0,0,0,0,0,1,1,-1,0,0,0,0,0,1,-1,0,0,1,0,0,1,0,0,-1,0,0,0,0,1,0,0,0,1,1,0,-1,0,0,0,1,0,0,0,1,1,-1,1,0,1,0,0,0,0,1,0,0,1,0,1,1
3469,-1,0,0,0,0,-1,-1,-1,0,1,0,1,0,-1,0,0,0,0,-1,1,0,-1,0,-1,1,1,0,0,-1,0,0,0,0,0,0,0,1,0,0,0,0,0,0,1,0,0,0,0,1,-1,0,0,0,0,0,-1,1,0,0,0,0,0,1,-1
3470,0,0,1,0,0,0,-1,-1,1,-1,0,0,-1,1,0,0,0,0,0,0,-1,0,0,1,-1,-1,0,-1,0,0,1,1,0,-1,0,1,0,0,0,0,-1,0,0,-1,0,-1,1,0,-1,0,1,0,-1,0,1,0,0,-1,0,1,0,1,0,0
3471,0,-1,0,0,-1,0,1,0,0,0,0,0,0,0,0,1,0,0,0,1,0,0,0,1,0,0,0,0,0,0,0,0,0,1,0,0,-1,-1,0,0,-1,0,0,0,0,0,0,-1,0,0,0,0,0,0,0,0,0,0,0,0,0,0,-1,0
3472,0,0,1,0,-1,0,0,0,0,-1,-1,0,0,0,1,0,0,0,0,0,0,1,1,0,0,-1,0,-1,1,1,0,-1,1,0,1,0,-1,0,0,0,0,0,0,0,1,-1,1,0,1,0,1,0,-1,-1,-1,0,0,0,0,0,0,0,-1,1
3473,0,0,0,0,0,0,0,-1,0,0,1,0,-1,0,0,1,0,0,0,0,0,0,-1,0,0,1,0,1,1,0,0,0,0,1,0,0,0,0,0,0,0,1,1,-1,1,0,0,-1,1,-1,1,0,0,1,-1,0,-1,-1,0,0,0,1,0,0
3474,1,1,0,0,0,1,0,0,1,0,0,0,0,1,0,0,0,-1,0,-1,0,-1,0,0,0,0,0,0,0,0,1,0,0,0,1,0,0,0,0,-1,0,0,-1,0,-1,0,0,1,0,0,1,0,0,0,0,-1,0,-1,0,0,1,-1,-1,0
3475,-1,0,-1,1,0,-1,0,0,0,-1,0,0,0,0,1,0,0,0,0,0,0,1,0,0,1,0,-1,0,0,-1,1,0,0,-1,1,1,0,-1,0,0,0,1,1,-1,0,0,0,0,0,-1,0,0,0,0,0,0,1,1,-1,0,1,-1,0,0
3476,1,-1,-1,0,0,0,0,0,0,0,0,1,0,-1,-1,1,-1,0,0,-1,0,0,0,0,1,0,-1,0,0,1,0,0,0,0,0,0,0,0,0,0,0,1,0,-1,-1,1,0,0,0,0,0,0,1,0,0,0,-1,0,-1,0,-1,0,0,0
3477,-1,1,0,-1,0,0,1,0,1,0,1,1,0,0,0,0,1,0,0,0,1,-1,0,0,-1,0,0,1,-1,0,-1,0,0,0,0,0,0,0,-1,-1,1,0,-1,0,1,-1,1,-1,0,0,0,0,1,1,0,0,0,0,0,0,0,0,0,0
3478,1,0,0,0,0,0,0,0,0,0,0,0,-1,0,0,0,0,0,0,0,0,0,0,1,0,0,0,0,0,0,1,0,-1,0,0,0,-1,-1,1,0,-1,0,0,0,0,0,0,0,0,-1,1,-1,1,1,0,0,0,0,-1,1,0,0,0,0
3479,0,0,-1,-1,-1,-1,-1,0,0,-1,0,0,-1,1,1,0,0,0,-1,0,0,0,0,0,0,1,0,0,1,0,1,-1,0,0,0,-1,0,0,0,0,0,0,0,0,1,0,0,0,-1,0,0,0,0,0,1,0,0,0,0,-1,0,0,0,0
3480,0,1,1,0,0,-1,-1,-1,0,0,1,-1,0,1,0,0,0,0,0,0,0,0,0,-1,-1,0,0,0,-1,0,-1,0,-1,0,0,0,-1,0,0,0,0,1,-1,0,-1,1,1,1,-1,1,-1,0,0,0,0,0,1,0,0,-1,1,0,0,0
3481,-1,-1,0,0,0,0,0,-1,0,-1,0,0,0,-1,1,0,0,0,0,0,1,-1,0,0,0,0,0,1,0,0,0,0,0,0,0,1,0,0,0,1,-1,-1,-1,0,0,-1,0,0,1,-1,-1,0,0,1,-1,0,0,1,-1,0,0,1,0,0
3482,0,0,-1,0,0,0,0,0,0,1,0,-1,-1,0,0,-1,0,-1,0,0,0,1,-1,-1,0,1,1,1,0,0,0,1,0,-1,1,1,0,1,0,0,0,1,0,0,0,0,0,0,0,0,1,1,-1,1,0,-1,0,0,1,1,1,0,0,-1
3483,0,0,1,0,1,1,0,-1,0,0,-1,0,0,0,0,1,0,0,0,0,1,0,1,0,0,-1,1,0,0,1,1,1,0,0,0,-1,0,1,0,0,0,0,0,1,0,0,1,1,0,0,0,0,0,-1,0,1,-1,1,0,0,0,-1,0,0
3484,0,0,0,0,0,-1,0,-1,0,0,1,0,0,1,0,-1,-1,1,0,0,0,0,0,0,0,1,-1,0,0,0,-1,0,0,0,-1,-1,0,0,-1,0,0,0,0,0,1,0,0,0,0,0,1,0,0,0,0,0,0,0,0,0,0,0,0,1
3485,0,-1,0,0,-1,0,-1,0,-1,0,-1,-1,0,0,0,0,0,1,0,-1,0,0,1,0,1,-1,0,1,0,0,0,-1,0,0,-1,0,1,0,0,0,0,0,0,0,0,0,1,1,-1,0,0,-1,1,1,1,0,0,-1,1,0,0,1,0,1
3486,0,0,0,-1,1,0,0,0,1,0,0,0,1,0,0,1,0,0,0,0,0,-1,0,0,0,-1,1,0,0,0,0,1,1,0,0,0,-1,-1,0,-1,0,0,0,0,0,0,1,0,0,-1,0,-1,-1,0,-1,1,0,1,0,1,1,0,0,0
3487,0,0,-1,0,0,0,-1,0,0,0,0,0,0,0,0,0,0,0,0,0,0,0,0,0,0,0,0,0,0,0,-1,0,-1,0,1,0,-1,-1,0,-1,1,0,0,1,0,0,1,0,0,0,0,0,0,-1,0,0,1,0,1,0,0,0,0,0
3488,0,0,-1,0,0,1,0,-1,-1,-1,-1,-1,0,0,0,1,-1,0,0,0,0,0,1,-1,0,0,0,0,0,0,1,0,0,0,0,0,1,-1,0,0,0,0,-1,1,0,1,0,-1,0,-1,1,0,0,0,0,0,-1,0,-1,0,0,-1,0,0
3489,0,0,0,0,1,0,0,0,0,1,0,-1,-1,0,-1,0,0,-1,0,1,0,-1,0,1,0,1,-1,0,0,0,0,0,0,-1,0,1,-1,0,-1,1,1,1,0,0,0,1,0,0,-1,0,0,-1,-1,0,0,0,-1,0,0,1,0,0,0,0
3490,1,0,0,0,0,0,0,0,0,0,-1,0,0,0,0,-1,0,-1,0,0,0,-1,0,0,0,0,0,1,0,0,0,0,-1,0,0,0,0,0,0,0,0,0,0,1,-1,0,-1,0,0,0,1,-1,-1,0,0,0,1,-1,0,0,0,-1,-1,0
3491,0,0,0,0,0,-1,0,-1,0,0,0,0,-1,0,0,-1,1,1,0,1,-1,0,1,0,0,0,1,1,-1,0,0,0,1,0,0,-1,0,0,1,0,1,0,1,1,0,1,1,0,0,0,-1,0,0,0,1,0,0,0,0,0,-1,0,0,0
3492,0,0,0,0,0,0,0,0,0,0,1,1,1,0,0,-1,0,1,1,1,0,-1,-1,1,0,-1,0,0,0,-1,0,0,0,0,0,0,0,0,0,0,1,-1,0,1,0,0,0,0,0,0,0,0,0,1,1,1,-1,0,0,0,-1,0,1,-1
3493,-1,0,0,0,0,0,-1,-1,0,1,0,0,0,1,0,0,-1,0,1,-1,1,0,0,-1,0,1,0,0,-1,1,0,-1,0,0,1,0,1,0,0,0,0,0,0,0,0,0,1,0,0,0,0,0,0,0,1,0,1,-1,0,0,0,0,-1,0
3494,0,0,1,0,-1,-1,0,0,1,0,0,1,1,1,1,1,-1,0,-1,0,0,-1,-1,-1,0,1,0,0,0,0,-1,0,0,0,0,0,0,0,0,0,0,0,-1,0,0,0,1,0,1,0,-1,0,0,0,0,0,-1,0,0,0,0,0,0,0
3495,0,0,0,1,0,0,1,0,1,0,0,0,0,0,1,-1,1,0,-1,0,0,0,1,0,0,0,0,0,0,-1,0,0,0,0,0,0,0,1,0,0,1,0,0,0,-1,0,0,1,-1,0,1,1,-1,0,0,-1,0,0,0,0,0,1,0,0
3496,0,0,-1,0,0,0,0,1,0,0,0,0,-1,1,0,1,1,-1,0,0,-1,0,0,0,0,0,0,0,0,0,0,0,0,0,0,0,1,0,0,0,0,0,-1,0,0,0,-1,0,1,1,0,1,1,0,0,-1,0,1,0,0,0,0,1,1
3497,-1,-1,0,-1,0,0,0,0,0,0,0,1,0,0,0,0,1,-1,0,0,0,1,0,0,1,0,0,0,-1,0,0,-1,0,0,-1,0,-1,0,0,0,-1,0,0,0,0,-1,1,-1,0,0,0,-1,0,0,-1,0,0,0,0,-1,1,0,1,-1
3498,0,0,0,-1,0,0,-1,1,1,-1,0,0,0,0,0,0,1,0,1,0,0,1,0,-1,0,0,0,0,0,1,-1,0,0,1,-1,0,0,0,0,1,0,0,-1,-1,0,-1,0,0,0,0,0,1,1,0,0,0,0,0,0,-1,1,0,-1,1
3499,1,0,0,0,0,0,0,0,0,0,-1,0,0,0,-1,-1,0,-1,0,0,-1,0,-1,0,-1,0,1,0,1,0,0,1,-1,0,0,1,0,0,-1,0,1,1,0,0,1,0,-1,-1,1,-1,0,0,1,-1,0,0,1,-1,0,-1,0,0,0,0
3500,0,0,0,1,0,0,0,0,0,1,-1,0,0,0,1,0,1,0,-1,0,0,0,0,1,0,-1,0,0,1,0,0,0,0,0,0,0,0,0,0,-1,0,0,-1,0,0,0,0,1,-1,0,0,0,-1,0,0,0,0,1,0,-1,0,1,-1,0
3501,0,0,0,1,0,1,0,-1,1,0,-1,-1,-1,0,0,0,0,1,0,0,1,0,1,1,0,1,0,0,0,-1,0,1,0,0,1,0,0,0,-1,0,-1,0,0,-1,0,0,0,-1,0,0,1,1,0,0,0,0,1,0,0,1,-1,1,-1,0
3502,0,0,1,0,1,0,0,0,0,1,0,-1,-1,0,0,-1,0,0,0,0,0,0,0,-1,0,0,0,1,-1,0,0,1,0,1,-1,0,0,0,-1,1,-1,1,0,0,0,1,0,0,0,0,0,0,0,0,0,1,-1,-1,1,1,0,0,-1,0
3503,0,-1,-1,0,0,0,1,0,0,0,0,0,0,0,0,0,0,0,0,0,0,0,0,1,0,0,-1,0,0,-1,0,0,0,1,0,0,0,1,0,0,0,0,-1,0,0,1,0,0,0,1,0,0,1,0,0,0,1,1,-1,0,0,0,0,0
3504,0,0,-1,0,0,0,0,0,0,0,0,0,-1,0,0,0,0,0,0,0,0,0,-1,-1,0,0,0,0,0,-1,0,0,0,0,0,0,0,0,-1,0,0,0,0,-1,1,0,0,0,0,0,0,0,0,1,-1,0,0,-1,0,0,0,0,0,0
3505,-1,0,0,0,0,0,-1,1,0,1,0,0,-1,1,1,0,0,0,-1,1,0,0,0,0,0,-1,-1,0,0,0,0,0,0,0,0,0,0,0,0,0,0,0,0,0,0,0,1,0,0,0,0,0,-1,0,1,0,1,1,0,0,-1,0,0,-1
3506,0,0,1,0,0,-1,0,-1,1,0,0,0,0,-1,0,0,0,1,1,0,0,1,1,1,0,1,0,0,1,1,0,-1,0,0,-1,0,0,1,1,0,-1,-1,0,1,0,0,-1,0,0,-1,1,1,0,0,0,0,1,0,1,0,0,1,0,-1
3507,-1,0,0,0,0,1,0,-1,0,1,0,0,0,0,0,0,0,0,1,0,0,0,0,-1,1,0,1,0,1,0,1,-1,0,0,0,0,0,1,0,-1,0,0,0,-1,-1,0,0,-1,-1,0,1,0,1,1,0,0,0,1,0,-1,-1,0,-1,0
3508,0,0,0,1,0,1,0,-1,-1,0,1,1,-1,1,0,0,0,0,1,1,1,0,0,0,0,0,0,0,0,0,-1,0,0,0,0,0,0,0,0,1,-1,0,-1,1,0,0,0,1,0,0,0,0,1,0,0,0,0,0,0,0,0,0,1,0
3509,0,1,0,0,0,0,0,0,0,0,0,0,0,1,0,0,0,0,1,1,1,0,0,0,0,-1,-1,1,-1,0,1,-1,-1,-1,0,0,0,0,0,-1,1,0,0,0,1,0,1,0,0,0,0,0,0,0,0,-1,-1,1,0,1,0,1,0,0
3510,1,0,0,-1,1,-1,1,0,0,0,0,-1,0,0,0,-1,-1,0,0,0,0,-1,1,-1,0,1,0,1,-1,-1,1,0,0,1,0,-1,0,0,0,1,-1,0,0,0,-1,0,0,0,0,0,0,0,0,0,1,0,0,0,0,0,-1,0,-1,0
3511,0,0,1,0,0,0,-1,0,1,0,0,0,0,-1,0,-1,0,0,0,0,0,0,1,0,1,0,0,0,-1,-1,0,1,1,0,0,0,0,1,0,1,1,0,0,0,0,0,-1,0,0,0,-1,0,0,-1,0,0,-1,-1,0,0,-1,-1,0,0
3512,1,1,1,1,0,-1,-1,0,0,0,1,0,0,1,1,0,1,0,0,-1,1,0,0,0,0,-1,0,0,-1,0,0,1,0,-1,0,0,0,0,-1,0,-1,0,0,0,1,0,0,0,-1,0,0,0,0,0,-1,1,-1,0,0,0,0,0,-1,0
3513,0,1,0,0,-1,0,0,0,-1,1,1,0,-1,1,0,0,0,1,0,1,0,0,0,0,0,-1,0,0,-1,0,0,-1,-1,0,0,0,0,-1,1,-1,0,0,0,1,0,0,0,0,0,0,0,0,0,0,0,-1,0,0,0,0,-1,0,-1,1
3514,0,0,0,0,0,0,-1,0,1,-1,0,0,0,0,1,-1,1,1,1,1,1,0,0,0,0,0,0,-1,0,0,0,-1,0,-1,0,0,-1,0,0,0,0,1,-1,0,0,0,1,1,0,-1,0,0,0,-1,0,0,1,0,0,0,0,0,1,1
3515,0,0,0,0,0,0,0,0,-1,0,0,0,0,0,1,0,0,0,0,0,0,-1,0,0,0,1,0,1,0,0,0,1,0,-1,0,-1,0,1,-1,0,0,1,-1,0,-1,0,-1,0,1,0,0,0,0,-1,0,0,0,1,-1,1,0,0,0,1
3516,0,-1,0,0,0,0,0,0,0,0,-1,0,0,0,1,1,0,0,0,0,0,0,0,0,0,0,1,0,0,0,0,1,0,0,-1,0,-1,0,1,0,-1,-1,0,0,0,1,1,1,-1,0,0,1,0,0,0,0,-1,1,0,-1,-1,0,0,0
3517,-1,0,0,-1,0,-1,0,0,0,0,0,0,0,0,0,0,0,1,-1,0,0,0,1,0,0,0,0,0,0,0,0,0,1,1,0,0,1,-1,1,0,0,0,0,0,0,0,0,0,0,0,0,1,0,-1,0,-1,0,1,1,0,0,0,0,0
3518,0,0,0,0,0,0,1,0,0,0,0,1,0,0,1,0,0,-1,0,0,1,0,1,0,0,0,0,1,0,0,1,0,-1,0,0,0,-1,-1,0,1,0,0,-1,0,0,0,-1,0,0,0,1,-1,0,0,0,0,1,1,1,0,0,1,0,1
3519,0,1,0,-1,0,0,0,0,0,0,0,0,0,0,0,1,0,0,0,0,0,0,0,0,0,0,-1,1,0,-1,0,0,0,0,0,0,-1,0,0,0,0,0,0,1,0,0,0,0,0,0,-1,0,1,0,0,0,-1,0,1,0,-1,1,1,0
3520,-1,1,-1,1,1,0,0,1,0,0,0,0,0,0,1,0,-1,0,1,0,0,0,0,0,0,0,-1,0,1,0,0,0,0,0,0,0,-1,0,0,0,0,0,0,0,1,0,0,0,-1,0,0,0,-1,0,0,0,0,0,1,0,-1,0,-1,0
3521,1,-1,1,0,0,1,0,0,0,0,0,0,0,0,-1,0,0,0,0,0,1,1,0,0,1,0,1,-1,-1,0,0,0,0,-1,0,1,0,1,-1,0,0,0,-1,0,0,0,0,0,-1,-1,0,0,-1,-1,0,0,0,1,0,0,1,0,1,0
3522,0,0,1,0,0,0,0,0,-1,0,1,0,1,-1,1,0,-1,0,0,-1,1,0,0,-1,0,0,0,1,0,0,0,0,1,0,0,1,0,0,0,0,1,0,-1,0,0,0,0,0,1,1,0,0,0,1,0,-1,0,-1,0,0,1,0,0,0
3523,0,0,0,0,0,-1,0,0,-1,0,-1,0,0,0,0,0,1,0,0,0,1,0,0,-1,0,0,-1,0,0,-1,-1,0,0,0,0,0,0,-1,0,1,1,0,-1,1,-1,0,0,-1,0,1,0,-1,0,-1,0,1,0,0,0,0,1,-1,0,-1
3524,1,0,1,-1,0,0,1,0,0,0,0,-1,1,-1,1,0,0,0,0,0,0,0,-1,-1,0,0,0,0,1,0,1,0,1,1,0,1,0,-1,0,0,0,1,-1,0,0,-1,1,0,0,1,0,1,0,-1,0,0,1,-1,0,1,-1,0,0,-1
3525,0,-1,0,1,0,1,0,0,0,-1,1,0,0,1,1,0,0,0,-1,1,0,0,0,1,0,0,0,0,0,0,0,0,0,0,0,1,0,0,0,0,0,0,0,0,0,-1,0,0,0,0,-1,0,0,0,1,1,0,0,0,0,0,1,-1,1
3526,0,0,0,0,1,0,0,0,-1,0,-1,0,0,1,1,0,0,0,0,-1,0,0,0,-1,0,1,0,0,0,0,0,1,0,-1,0,0,0,0,0,0,0,0,0,0,0,1,-1,0,0,-1,0,0,1,1,-1,1,1,0,0,0,0,-1,0,0
3527,-1,-1,1,0,0,-1,1,0,0,0,0,0,-1,0,0,0,0,1,-1,0,-1,-1,-1,-1,0,1,-1,0,0,0,0,0,-1,0,0,0,1,-1,0,0,0,0,0,0,0,1,0,0,0,0,0,0,0,-1,0,0,0,1,0,0,1,0,-1,0
3528,1,-1,0,0,-1,0,0,0,0,0,-1,0,0,1,0,0,0,0,0,0,0,0,0,-1,0,0,0,-1,0,0,0,0,-1,1,0,0,1,1,0,-1,0,1,0,1,1,1,0,0,0,0,-1,0,0,0,0,0,-1,0,-1,1,0,-1,0,0
3529,-1,0,-1,1,1,-1,0,-1,1,0,0,-1,-1,0,0,0,1,0,-1,-1,-1,0,0,-1,-1,-1,0,-1,0,0,0,0,1,0,0,0,0,0,1,0,-1,0,0,0,0,1,0,0,0,1,0,0,0,0,0,0,0,-1,0,0,0,0,0,1
3530,0,0,0,0,0,-1,0,0,0,0,0,0,-1,0,0,-1,1,-1,0,0,0,0,0,0,0,0,0,0,0,1,0,0,1,0,0,0,0,0,0,0,0,0,0,-1,-1,0,0,0,0,0,0,1,0,0,0,0,-1,0,-1,0,-1,0,1,0
3531,-1,0,0,0,-1,0,0,-1,0,0,1,0,1,0,-1,0,1,0,-1,1,0,-1,0,0,0,0,-1,-1,1,-1,-1,0,0,0,0,0,0,0,0,0,1,-1,0,1,0,1,0,-1,0,-1,0,0,-1,0,1,-1,0,0,0,-1,0,0,0,1
3532,1,0,1,0,0,1,0,-1,0,0,1,0,0,0,1,-1,-1,0,0,0,1,0,-1,0,0,0,-1,1,0,0,0,0,1,-1,1,-1,0,0,-1,0,0,0,0,0,0,-1,-1,1,0,1,1,0,0,0,0,0,0,0,-1,0,0,0,0,0
3533,0,0,0,0,0,0,1,1,0,1,-1,1,1,0,0,0,0,0,-1,0,-1,1,0,1,0,0,0,-1,0,1,0,1,0,1,0,0,0,-1,0,0,-1,1,-1,0,0,0,0,0,-1,0,0,1,0,0,0,0,-1,0,0,0,-1,0,-1,1
3534,0,1,1,0,0,0,0,-1,0,0,0,0,0,0,0,-1,0,0,1,0,-1,1,0,0,0,-1,0,1,-1,0,1,0,0,0,0,0,0,1,-1,0,0,1,0,-1,-1,0,0,0,0,0,0,0,0,0,0,0,0,1,0,0,0,0,0,0
3535,1,1,-1,1,0,-1,0,-1,0,0,0,0,1,0,0,1,0,0,0,0,0,0,-1,0,1,0,-1,0,-1,1,0,0,0,0,0,-1,0,0,0,1,1,0,-1,1,0,0,0,1,0,-1,0,0,-1,0,0,0,0,1,-1,0,0,-1,0,0
3536,0,0,0,-1,0,0,1,0,1,-1,0,0,0,0,0,0,1,0,1,0,0,-1,0,-1,1,-1,0,0,0,0,0,0,0,-1,0,-1,0,0,0,0,0,-1,1,0,-1,0,-1,0,0,0,0,0,0,-1,0,0,1,0,0,0,0,1,0,1
3537,0,0,0,1,0,1,0,0,0,0,0,0,-1,-1,0,0,1,0,0,1,0,0,-1,0,0,0,0,1,0,1,-1,0,0,0,0,0,1,0,0,0,1,0,1,0,1,0,0,0,1,0,1,0,0,1,0,1,0,0,0,0,-1,0,1,0
3538,0,1,1,1,0,-1,0,0,-1,1,-1,0,1,0,0,0,0,1,0,0,0,0,0,0,0,1,0,1,0,0,0,0,0,0,-1,-1,0,1,0,0,0,0,1,0,0,0,1,1,0,0,1,0,0,0,1,0,1,0,0,0,0,-1,1,0
3539,0,1,0,0,0,0,0,0,0,0,0,1,-1,0,0,1,0,0,0,1,1,-1,0,1,1,0,0,1,-1,0,0,0,0,0,0,0,0,0,0,0,0,0,0,-1,0,0,-1,0,1,0,0,0,0,0,0,-1,1,0,0,0,0,0,0,-1
3540,0,0,1,0,-1,0,-1,0,1,0,-1,-1,0,0,1,-1,0,0,0,1,0,1,0,1,0,-1,0,0,0,1,0,0,0,1,1,0,0,0,0,0,0,-1,1,0,0,1,0,-1,0,0,1,0,0,0,-1,1,0,0,0,0,0,0,0,1
3541,-1,0,0,0,1,0,1,0,0,1,0,0,1,0,0,-1,0,1,1,0,-1,-1,-1,0,0,0,-1,0,0,0,1,0,1,0,1,0,1,0,0,0,0,0,1,0,0,0,0,1,0,1,-1,-1,0,0,-1,0,0,1,1,0,0,0,0,-1
3542,0,0,1,0,1,-1,1,0,-1,1,0,0,0,-1,0,0,0,1,0,1,0,0,0,-1,0,0,0,0,0,0,0,1,0,0,0,0,0,1,1,0,0,0,1,-1,0,0,-1,0,1,0,-1,-1,-1,0,0,1,0,0,1,-1,0,0,0,0
3543,0,0,0,0,-1,0,0,0,-1,0,1,0,-1,0,0,0,-1,0,0,0,0,0,1,-1,0,0,-1,0,1,0,0,0,0,1,0,0,1,0,0,-1,-1,-1,-1,-1,-1,1,0,0,0,0,1,-1,-1,0,0,0,-1,0,0,0,0,0,-1,1
3544,0,1,-1,1,-1,0,0,0,1,-1,0,0,0,0,-1,1,0,0,0,0,0,1,1,0,0,0,0,0,0,0,1,0,0,0,0,0,1,0,0,0,0,0,-1,0,0,0,1,0,-1,-1,0,0,0,0,-1,0,0,-1,0,0,0,-1,1,0
3545,1,0,0,-1,-1,0,1,1,0,0,1,1,0,0,-1,0,-1,0,0,0,0,0,1,0,0,0,0,0,0,-1,0,0,0,0,0,-1,-1,0,-1,0,-1,-1,0,0,-1,0,0,-1,-1,1,1,0,0,0,0,0,0,0,1,0,0,0,0,0
3546,0,0,0,1,1,0,0,1,0,1,0,0,0,-1,1,0,0,-1,0,0,0,0,0,1,1,1,0,0,1,-1,0,0,1,0,-1,0,0,0,0,0,0,0,0,0,0,-1,-1,0,0,0,0,1,0,0,1,1,0,0,0,1,1,1,-1,0
3547,1,0,0,0,0,0,0,0,0,-1,1,-1,0,0,0,0,0,0,0,-1,1,0,0,0,0,0,0,0,-1,-1,0,0,0,0,0,0,0,0,0,-1,0,0,0,-1,0,0,1,0,-1,1,0,0,-1,0,0,0,0,0,0,0,0,0,0,0
3548,0,-1,0,0,-1,-1,0,-1,0,0,0,1,0,1,0,1,-1,1,0,0,0,0,0,0,0,0,0,-1,0,0,1,1,0,0,0,0,0,0,0,0,0,0,0,-1,0,0,0,0,1,0,-1,1,-1,0,-1,0,0,0,0,1,0,1,1,1
3549,0,1,-1,0,0,0,0,0,0,-1,-1,-1,0,0,0,0,0,1,1,1,0,0,0,0,0,1,0,1,0,0,0,0,-1,0,0,0,0,-1,0,0,-1,0,0,0,0,0,0,1,1,-1,0,0,0,1,1,0,0,-1,0,0,-1,0,0,0
3550,0,0,1,0,0,1,1,0,1,-1,0,0,0,0,1,0,-1,0,-1,0,0,-1,0,1,-1,0,0,0,0,0,0,-1,-1,1,0,0,0,0,-1,0,-1,-1,0,0,0,0,1,0,0,0,0,1,-1,-1,1,-1,1,-1,-1,1,0,0,0,1
3551,0,1,1,1,-1,0,0,0,0,0,0,0,0,1,0,0,0,1,-1,1,0,0,0,0,0,0,0,0,-1,-1,1,0,0,0,0,0,0,1,0,0,0,0,0,1,1,1,0,0,0,0,1,0,0,0,0,-1,0,-1,0,0,0,0,1,0
3552,0,0,1,-1,1,0,1,-1,0,0,0,0,-1,0,0,0,0,0,-1,0,0,1,0,0,0,1,0,1,0,0,0,0,0,0,0,-1,-1,1,0,0,0,0,-1,0,1,1,0,1,0,0,0,1,-1,-1,0,0,-1,0,0,0,0,0,1,1
3553,0,0,0,0,0,-1,-1,0,0,0,0,0,-1,0,-1,0,1,0,0,0,0,0,-1,0,1,1,0,0,-1,-1,0,0,0,0,0,0,0,0,1,0,-1,1,0,1,1,1,1,0,0,0,0,0,0,0,0,0,0,0,1,0,-1,0,1,0
3554,0,0,0,0,1,1,0,0,0,1,0,0,0,-1,0,0,-1,-1,0,0,0,1,1,0,-1,0,0,0,0,-1,0,0,-1,-1,-1,0,0,0,1,0,-1,-1,0,0,0,0,0,0,0,-1,0,0,0,-1,0,0,0,0,-1,1,0,1,0,0
3555,0,0,-1,0,-1,0,0,0,0,-1,0,0,0,0,0,-1,0,0,0,0,0,-1,-1,0,1,0,-1,0,0,0,-1,0,0,0,0,0,-1,0,1,0,0,0,0,0,0,1,0,0,0,0,1,0,-1,0,0,0,0,0,-1,0,0,0,-1,1
3556,0,1,0,-1,0,-1,0,0,1,0,-1,0,0,0,-1,0,0,0,0,-1,0,1,0,0,0,0,0,0,-1,0,-1,-1,0,0,0,0,0,0,0,0,0,0,0,0,0,0,0,0,0,-1,0,0,0,-1,0,0,0,0,-1,0,0,0,0,0
3557,0,-1,0,0,0,0,0,0,0,0,0,1,0,0,1,0,0,1,-1,-1,0,-1,0,0,1,0,-1,0,0,0,1,0,0,0,0,0,0,0,0,0,-1,1,1,0,-1,0,0,0,0,0,0,-1,1,0,0,-1,1,0,0,-1,0,0,0,0
3558,0,-1,0,0,1,0,0,0,1,0,-1,1,-1,0,0,0,-1,0,1,0,1,0,0,-1,0,0,-1,0,0,1,0,0,0,1,-1,0,1,-1,0,-1,0,-1,0,1,0,-1,1,1,-1,0,1,0,-1,1,0,1,0,0,0,1,1,0,-1,0
3559,0,1,0,0,0,-1,-1,0,0,0,0,-1,-1,1,0,1,1,-1,0,-1,-1,0,0,0,0,0,0,0,-1,0,0,0,0,-1,1,1,0,-1,-1,0,0,-1,0,0,0,0,0,1,1,0,0,-1,1,0,0,1,0,-1,-1,0,-1,1,0,-1
3560,-1,-1,1,0,1,0,0,-1,-1,-1,-1,0,0,0,1,0,0,-1,1,-1,1,0,0,1,0,-1,1,-1,0,-1,0,-1,0,-1,0,0,0,0,1,-1,0,-1,0,0,0,1,0,1,0,1,0,0,-1,0,0,0,0,1,0,0,1,0,1,-1
3561,0,0,0,0,-1,0,0,0,-1,0,0,1,1,1,0,0,0,0,1,0,0,0,0,0,0,-1,0,0,0,0,1,-1,0,0,1,-1,-1,0,1,0,1,0,0,0,0,0,0,0,0,0,1,1,-1,1,0,-1,-1,-1,-1,0,1,1,0,1
3562,0,0,0,0,0,0,0,0,1,1,0,0,0,1,-1,0,0,1,-1,0,0,0,0,-1,0,0,0,-1,-1,0,-1,1,0,-1,0,0,0,0,-1,-1,0,-1,0,0,0,1,0,0,1,0,-1,0,0,0,0,0,0,-1,0,1,0,1,0,0
3563,1,0,-1,0,0,1,0,0,0,-1,0,0,0,0,0,1,1,0,0,0,-1,1,0,0,0,0,-1,-1,1,0,0,-1,0,0,-1,1,0,1,0,-1,0,-1,0,0,1,0,0,0,0,0,-1,0,0,1,-1,0,0,-1,-1,1,0,0,-1,1
3564,0,0,-1,0,1,1,0,0,0,0,0,1,1,-1,0,0,0,1,0,0,0,0,0,-1,0,0,0,1,0,1,0,-1,0,0,0,0,0,1,1,-1,0,0,0,0,0,0,0,0,-1,0,-1,0,0,0,-1,-1,1,1,0,1,1,0,1,1
3565,1,1,0,-1,0,-1,1,0,1,0,-1,0,0,0,0,1,0,0,-1,0,0,0,0,0,0,-1,-1,0,0,1,-1,1,0,0,0,0,1,0,0,0,0,1,0,0,-1,0,0,0,1,0,-1,1,1,1,-1,0,0,0,0,0,0,0,-1,0
3566,1,0,0,-1,0,0,0,0,0,0,-1,0,0,0,0,0,0,0,0,-1,0,0,1,0,-1,0,-1,-1,0,0,1,-1,0,0,0,1,0,0,-1,0,1,0,0,1,0,0,1,-1,1,0,1,1,0,-1,0,0,-1,0,1,1,1,0,1,1
3567,0,-1,-1,0,1,0,0,1,0,1,0,0,0,0,0,0,0,0,1,1,0,0,0,-1,1,0,1,0,1,0,0,-1,0,-1,0,0,0,0,0,0,0,-1,0,-1,0,0,-1,0,-1,0,0,-1,1,0,0,0,-1,0,0,0,0,1,0,0
3568,0,-1,0,0,-1,1,1,0,0,0,0,0,0,0,1,0,0,0,0,-1,0,0,0,-1,0,0,-1,0,-1,0,1,1,0,0,0,0,-1,0,0,-1,0,0,1,1,-1,-1,0,0,1,0,0,0,0,0,0,0,0,0,0,0,1,1,1,-1
3569,0,0,0,1,0,0,0,0,0,0,0,0,0,-1,0,1,0,0,0,1,0,1,0,0,0,-1,0,0,0,0,0,1,0,0,0,0,1,0,0,0,0,0,0,0,0,0,1,0,0,0,0,0,0,0,0,0,0,0,0,0,-1,0,-1,-1
3570,1,0,0,0,-1,0,0,1,0,-1,-1,0,-1,0,-1,0,0,0,-1,0,0,0,0,0,-1,0,1,1,1,1,-1,0,0,1,-1,0,1,0,0,0,0,1,0,0,1,-1,0,0,0,0,0,1,0,1,1,-1,1,-1,0,0,-1,-1,0,0
3571,0,0,0,0,1,0,0,-1,1,1,-1,0,0,0,-1,0,0,0,0,0,0,0,0,0,1,1,1,0,0,1,0,-1,0,0,1,1,0,0,0,0,0,-1,1,0,0,0,0,0,0,0,0,0,0,0,1,0,0,-1,-1,1,0,-1,0,-1
3572,1,0,0,0,0,0,0,0,0,0,-1,0,0,0,0,0,0,1,0,1,0,0,0,0,0,0,0,1,0,0,0,-1,0,-1,0,0,0,0,0,1,1,0,-1,0,0,0,0,0,0,0,1,0,0,0,-1,0,1,0,0,0,0,-1,0,1
3573,1,0,0,0,0,0,0,1,0,0,0,0,0,-1,-1,1,0,0,0,0,-1,1,0,0,0,1,0,0,1,-1,0,0,0,0,1,-1,0,1,1,0,0,1,0,0,0,0,0,1,0,1,0,1,0,1,0,-1,0,0,0,0,0,0,-1,1
3574,1,1,0,0,-1,1,0,0,0,-1,-1,0,0,0,1,0,1,1,0,0,0,0,-1,0,0,1,0,0,0,-1,0,0,0,0,0,0,0,1,0,0,0,0,0,0,0,0,0,0,0,1,0,0,-1,-1,1,0,0,0,0,1,-1,0,0,0
3575,0,0,1,-1,-1,-1,0,0,1,1,0,0,-1,0,1,0,-1,0,-1,0,0,0,-1,-1,0,0,0,0,0,1,0,0,-1,0,-1,1,0,0,1,0,0,0,0,1,0,0,0,0,0,1,0,0,0,0,0,1,0,0,0,0,0,-1,0,0
3576,1,0,0,0,0,0,0,0,1,0,0,0,1,0,0,1,1,0,0,1,0,0,0,0,0,0,0,0,0,-1,0,1,0,0,0,0,0,-1,0,0,-1,0,0,0,0,-1,0,-1,0,0,0,0,-1,0,0,0,0,1,0,0,1,0,0,0
3577,0,-1,0,0,0,-1,0,0,0,1,0,0,0,0,1,0,0,0,0,-1,0,0,-1,0,0,0,-1,0,0,0,0,0,1,0,-1,1,-1,0,0,0,0,0,0,0,-1,-1,0,1,0,0,0,0,-1,0,0,0,0,0,-1,0,0,-1,0,0
3578,0,1,0,-1,0,0,0,-1,0,0,0,0,0,-1,-1,1,0,0,0,-1,0,0,0,0,0,0,0,0,0,0,-1,0,0,0,0,1,0,0,-1,0,0,0,0,0,0,0,0,1,0,1,-1,1,0,0,1,0,-1,-1,-1,0,0,1,0,0
3579,-1,1,0,1,1,0,0,0,0,0,1,1,0,1,-1,0,0,0,0,0,0,-1,0,0,-1,0,0,0,0,0,1,0,0,0,0,0,0,-1,0,0,0,0,1,0,1,0,0,0,1,0,0,0,0,-1,0,0,-1,1,1,0,0,0,0,0
3580,0,-1,0,0,-1,0,0,0,0,0,0,0,-1,-1,0,0,0,0,0,0,0,1,-1,0,0,0,0,1,1,0,0,0,0,0,0,-1,0,1,0,1,0,0,-1,1,0,-1,1,0,0,0,-1,0,0,1,1,1,0,0,0,1,0,1,0,0
3581,0,0,0,0,0,-1,-1,1,1,0,1,0,0,0,1,0,1,0,0,-1,0,0,1,0,0,0,0,0,-1,-1,0,0,1,1,0,1,1,-1,0,0,0,0,-1,0,0,0,0,1,0,-1,0,0,0,0,0,-1,-1,0,0,0,1,0,0,0
3582,0,0,0,0,0,0,0,0,1,0,1,0,-1,0,1,0,1,-1,1,1,0,0,1,1,0,0,0,0,1,-1,0,-1,1,0,0,0,0,0,1,0,-1,0,0,0,0,1,0,0,-1,-1,-1,-1,0,-1,0,-1,1,0,0,0,1,0,0,0
3583,0,0,-1,0,1,0,1,1,0,0,0,0,0,-1,0,0,0,0,0,0,0,0,-1,-1,1,0,-1,0,0,-1,1,0,0,1,1,-1,0,-1,0,0,0,0,0,0,1,0,0,-1,0,1,0,-1,0,1,0,1,0,-1,0,0,1,0,0,0
3584,-1,0,0,0,0,0,0,0,-1,-1,0,0,0,0,-1,0,1,0,0,0,0,0,-1,1,1,-1,0,0,1,1,0,0,-1,0,-1,0,0,0,-1,0,0,-1,0,-1,0,-1,0,-1,-1,0,-1,0,0,1,0,0,0,0,1,0,0,1,0,0
3585,0,0,0,0,0,0,-1,0,1,0,-1,0,-1,-1,0,0,-1,-1,0,1,0,1,0,0,0,0,0,0,-1,0,1,1,0,0,1,0,0,0,1,0,-1,0,-1,0,0,0,0,-1,0,0,1,0,-1,0,0,0,0,0,0,0,1,0,0,1
3586,0,0,1,0,-1,0,0,0,0,1,-1,0,0,1,-1,0,0,0,0,-1,0,1,1,-1,1,1,1,-1,0,0,-1,1,0,-1,0,0,0,0,-1,0,0,-1,1,0,0,0,0,1,0,0,0,0,1,0,0,0,0,0,0,0,0,0,0,0
3587,0,0,0,-1,-1,0,-1,1,0,0,0,0,0,1,0,0,1,-1,0,1,-1,-1,-1,0,0,0,-1,0,0,0,0,1,0,0,1,-1,0,0,1,-1,0,0,0,0,0,-1,-1,-1,1,1,0,1,0,1,0,-1,0,0,-1,1,0,1,0,0
3588,0,0,0,0,0,0,0,-1,0,-1,0,-1,0,-1,0,0,0,0,0,0,1,0,-1,0,0,0,0,0,-1,0,0,-1,0,-1,0,-1,0,0,0,0,0,0,0,-1,0,0,0,0,0,0,0,1,0,1,0,-1,0,-1,0,0,0,0,0,0
3589,0,-1,-1,0,1,0,0,0,-1,0,0,1,0,0,0,1,-1,0,0,1,1,0,0,0,0,0,0,-1,-1,0,1,1,0,1,0,1,0,0,0,0,0,0,0,1,0,0,-1,0,0,1,0,0,-1,-1,0,-1,0,-1,-1,-1,0,0,1,0
3590,-1,0,0,1,-1,0,0,-1,1,1,-1,0,0,0,-1,0,-1,0,0,0,-1,1,1,0,-1,0,0,0,0,1,1,0,0,0,0,-1,0,-1,-1,1,0,0,-1,-1,0,0,-1,1,-1,1,1,0,0,0,-1,1,0,1,0,1,0,0,0,0
3591,0,0,0,0,0,-1,0,0,0,0,0,0,0,1,0,0,0,0,0,-1,0,0,1,1,0,0,0,0,1,0,1,0,0,-1,0,1,0,0,1,0,-1,1,0,-1,1,0,0,-1,0,0,0,0,1,0,0,0,0,0,0,1,0,0,0,1
3592,0,1,-1,0,0,0,-1,0,0,0,-1,0,-1,0,0,0,0,0,0,0,0,0,-1,0,0,0,0,0,0,0,0,0,0,1,1,0,0,0,1,0,0,0,0,0,0,0,0,-1,0,0,0,0,0,0,0,0,0,1,-1,0,0,0,0,0
3593,0,-1,0,0,-1,0,0,0,-1,0,0,0,0,0,1,0,0,0,0,-1,0,0,0,-1,1,0,0,0,0,0,0,1,0,0,0,0,-1,0,0,-1,0,0,0,0,1,0,0,1,0,0,0,0,1,-1,0,0,0,0,0,0,0,0,0,0
3594,0,0,-1,0,0,0,-1,0,0,0,0,0,1,1,0,0,0,0,1,0,0,0,-1,0,1,0,0,0,-1,0,0,-1,0,0,0,0,0,0,0,1,-1,-1,-1,0,1,-1,-1,-1,-1,0,-1,-1,0,0,1,0,1,1,1,0,0,1,-1,0
3595,0,0,0,0,0,0,-1,0,1,0,-1,0,-1,0,0,-1,0,-1,0,0,-1,0,1,0,1,0,0,0,1,0,0,0,0,0,0,0,0,-1,1,0,0,-1,0,1,1,0,0,0,1,0,0,0,-1,0,1,0,0,0,1,1,-1,0,0,-1
3596,1,0,0,0,1,1,0,-1,0,0,0,1,0,0,0,0,0,-1,0,0,0,0,0,0,0,1,1,0,1,-1,-1,0,-1,0,0,0,0,0,0,1,-1,0,0,1,1,0,1,0,1,0,0,0,-1,0,0,0,1,0,0,1,0,0,0,1
3597,-1,0,1,0,1,0,1,0,-1,-1,-1,-1,1,0,-1,0,0,-1,0,0,0,1,1,0,0,0,0,1,0,0,-1,-1,0,0,-1,0,0,0,-1,0,0,-1,0,-1,0,0,-1,0,1,0,0,0,0,0,1,1,0,0,0,0,0,0,0,-1
3598,-1,1,-1,-1,0,0,0,1,-1,0,0,0,0,-1,0,-1,0,0,-1,0,0,0,1,1,0,0,0,0,0,0,0,-1,-1,1,0,0,0,0,1,0,0,1,-1,-1,0,-1,0,0,0,0,0,0,-1,0,0,0,0,1,0,0,0,1,1,0
3599,0,0,0,0,0,1,0,0,0,0,0,0,0,1,0,0,0,-1,0,-1,0,0,-1,0,1,0,0,0,0,0,0,0,0,0,0,0,-1,1,0,0,0,-1,0,0,0,0,0,1,0,1,0,0,0,0,-1,0,1,0,1,1,-1,1,0,0
3600,-1,0,-1,1,1,1,0,0,0,0,0,-1,0,0,0,-1,0,0,1,0,1,1,0,0,1,1,-1,0,0,0,-1,0,1,0,0,0,-1,1,1,0,0,0,0,1,0,0,0,-1,0,-1,0,0,-1,0,1,1,0,1,0,0,1,-1,1,1
3601,0,0,0,0,0,1,0,0,0,1,-1,1,0,0,-1,0,0,0,0,1,0,0,0,0,-1,0,0,-1,0,-1,-1,0,0,0,0,0,0,0,1,0,0,0,1,1,0,0,1,1,0,0,0,-1,0,0,0,0,0,0,-1,0,0,0,1,0
3602,0,0,1,0,-1,-1,0,0,0,0,0,0,0,-1,0,-1,1,0,0,1,1,1,0,0,0,0,1,1,-1,0,0,0,0,1,0,0,0,0,1,0,-1,0,0,1,1,-1,-1,0,1,1,0,1,0,-1,0,0,0,0,0,0,0,0,0,0
3603,0,-1,-1,0,1,0,1,0,0,0,0,0,-1,0,1,0,-1,-1,1,0,0,1,-1,0,-1,0,0,1,0,0,0,0,0,0,1,0,-1,0,0,0,-1,0,0,-1,0,-1,0,1,0,0,0,-1,1,1,0,-1,0,0,0,0,-1,0,0,1
3604,0,0,0,0,0,0,0,1,0,0,0,0,1,-1,0,0,0,-1,0,0,0,0,1,0,0,0,0,1,0,-1,0,0,-1,0,0,0,0,-1,1,0,-1,0,0,0,0,1,0,0,0,1,0,1,0,0,0,-1,0,0,0,1,0,-1,0,1
3605,0,1,0,1,-1,-1,0,0,-1,1,0,0,-1,0,0,0,0,0,0,0,1,0,1,1,0,0,0,0,0,1,0,0,0,0,1,-1,0,0,-1,1,1,0,0,0,1,0,0,0,-1,0,0,0,-1,1,0,0,-1,-1,-1,0,0,0,-1,-1
3606,0,0,-1,0,0,0,-1,-1,0,0,0,0,0,1,0,0,0,1,0,0,0,-1,0,-1,0,0,0,1,0,1,-1,0,0,0,-1,0,1,0,0,0,0,1,-1,0,0,0,0,0,1,0,0,0,1,1,0,0,1,0,0,0,0,-1,0,0
3607,0,0,0,0,1,0,0,0,-1,-1,1,0,-1,-1,0,0,1,0,0,0,0,-1,-1,1,0,0,0,0,0,0,-1,0,0,0,0,0,0,1,0,-1,0,-1,0,0,0,1,0,0,0,0,0,1,0,0,0,0,0,-1,0,0,0,0,0,0
3608,0,1,-1,0,0,0,1,0,0,0,0,1,-1,0,0,0,0,1,0,-1,0,0,0,0,0,0,0,0,0,0,0,-1,-1,1,0,0,1,0,0,1,0,-1,0,0,0,-1,-1,0,0,0,0,1,-1,0,0,0,-1,0,0,1,-1,-1,0,1
3609,0,0,0,1,1,0,1,0,-1,0,0,0,1,0,0,1,0,0,0,0,0,0,0,-1,0,0,0,0,0,0,0,0,1,0,0,0,0,0,0,-1,0,0,0,-1,0,0,0,0,0,0,0,0,0,-1,1,-1,0,0,0,0,-1,0,0,0
3610,0,0,0,-1,-1,0,-1,0,0,1,1,0,1,0,0,0,-1,-1,0,-1,0,0,0,-1,0,0,0,-1,-1,0,0,1,0,0,1,0,0,0,-1,0,1,0,0,-1,0,1,1,0,0,0,0,0,0,1,0,0,1,0,-1,0,0,1,1,1
3611,0,0,0,1,1,0,1,0,0,1,0,0,1,0,-1,0,-1,0,0,0,0,0,0,0,0,0,-1,0,1,0,0,-1,-1,-1,-1,-1,0,0,0,0,-1,0,1,1,0,0,1,0,-1,0,-1,0,1,-1,0,1,0,0,0,0,-1,0,-1,0
3612,0,-1,0,0,0,0,0,-1,1,0,1,0,-1,0,0,0,0,0,0,0,0,-1,0,0,1,0,0,0,0,0,0,-1,1,-1,-1,-1,0,0,0,1,0,1,0,0,0,0,0,0,-1,-1,0,0,0,-1,0,-1,1,0,0,1,0,0,0,0
3613,0,1,0,1,1,0,0,0,1,0,0,0,0,-1,0,0,0,0,1,-1,-1,0,1,0,1,0,0,-1,0,0,0,0,0,0,0,0,0,-1,1,0,0,0,0,0,0,1,0,0,-1,0,-1,0,0,0,0,0,0,0,1,0,1,1,0,-1
3614,0,1,0,0,-1,1,0,0,0,0,0,0,-1,0,1,0,1,-1,0,-1,0,0,0,0,0,0,0,1,-1,0,1,1,0,0,1,0,0,1,0,-1,0,1,0,0,0,0,1,0,-1,1,0,0,1,0,-1,0,0,0,0,0,0,1,0,0
3615,1,0,-1,0,0,1,0,0,0,0,0,0,0,0,0,-1,-1,1,1,0,-1,1,0,0,1,-1,0,1,1,0,0,1,1,0,0,0,0,-1,0,0,0,1,0,1,0,0,0,1,0,-1,0,0,0,0,1,0,0,0,0,-1,-1,0,0,0
3616,-1,1,0,0,0,0,-1,0,0,0,-1,-1,1,-1,0,0,0,0,0,0,0,-1,1,0,0,0,0,1,0,0,1,0,-1,0,-1,-1,0,0,-1,0,0,1,0,0,0,-1,0,0,0,1,0,1,0,1,-1,0,0,0,0,0,0,0,0,-1
3617,0,0,1,-1,0,1,0,0,0,0,0,0,0,0,0,0,-1,0,0,0,0,-1,0,0,1,1,0,0,1,-1,1,0,0,1,0,0,0,0,0,0,1,0,0,0,0,1,0,-1,0,0,0,1,-1,0,-1,-1,0,0,0,0,-1,0,1,0
3618,0,0,0,1,0,0,0,0,-1,0,0,1,0,-1,1,0,-1,0,0,0,0,0,0,0,1,0,0,0,0,0,0,1,0,-1,0,0,0,1,0,1,0,0,0,-1,0,-1,0,1,0,0,0,0,0,0,0,0,1,0,0,-1,1,-1,0,0
3619,-1,0,1,1,0,1,0,-1,1,0,0,-1,1,0,-1,0,0,-1,1,0,0,0,0,-1,0,0,0,0,0,-1,1,-1,0,-1,0,0,1,0,0,0,1,0,-1,0,1,1,0,0,1,0,0,0,0,1,0,0,-1,0,0,0,0,-1,0,-1
3620,-1,0,0,-1,1,0,0,0,0,0,0,1,0,0,0,0,1,0,1,-1,1,0,-1,-1,0,-1,0,-1,0,0,0,0,0,0,1,0,0,1,1,1,0,0,1,0,-1,0,0,0,0,0,1,0,0,1,-1,1,1,0,0,0,0,0,0,0
3621,0,0,0,-1,0,1,1,0,0,0,0,0,0,0,0,-1,0,-1,0,0,-1,0,-1,0,-1,0,0,0,0,0,-1,0,1,0,0,1,-1,-1,0,0,0,0,1,1,0,0,1,0,-1,0,-1,0,-1,1,-1,0,0,-1,1,-1,-1,0,1,0
3622,0,1,-1,-1,0,1,0,1,0,0,0,0,0,0,1,-1,0,0,1,0,0,0,0,0,0,0,0,1,-1,-1,1,0,-1,0,0,1,0,0,0,0,-1,0,0,0,0,0,0,1,1,0,0,0,0,-1,0,1,0,-1,1,1,0,1,1,0
3623,0,0,1,0,-1,-1,1,0,0,1,0,1,0,0,1,0,0,0,0,0,0,0,1,0,1,0,0,0,0,0,0,0,0,0,0,0,0,0,0,0,0,0,0,0,0,-1,0,-1,0,1,0,0,0,0,0,1,1,0,0,0,-1,0,1,1
3624,0,0,0,-1,0,0,1,0,0,0,0,0,0,0,0,0,1,0,-1,1,0,0,-1,-1,0,0,-1,0,0,-1,0,0,0,0,0,1,0,0,1,0,0,0,0,0,0,1,0,-1,0,0,0,0,1,0,0,1,0,-1,0,-1,0,1,-1,0
3625,-1,0,-1,1,1,-1,0,-1,0,0,0,0,0,-1,0,1,0,0,0,0,0,0,0,0,0,0,0,0,0,1,1,0,-1,0,0,0,0,0,0,-1,0,0,0,0,0,0,0,0,1,0,0,0,-1,-1,0,0,1,0,0,-1,0,-1,0,0
3626,1,0,0,0,1,1,0,-1,0,0,-1,1,0,1,1,0,0,0,0,1,-1,0,0,0,0,0,0,-1,-1,0,0,0,1,0,-1,0,0,0,0,1,0,0,1,0,0,1,-1,1,0,1,0,0,0,0,1,1,0,0,-1,1,-1,-1,0,0
3627,0,0,-1,0,0,0,-1,0,0,0,0,0,0,1,0,0,0,1,-1,0,-1,0,0,1,0,-1,0,-1,-1,0,0,0,-1,-1,0,0,0,-1,0,-1,1,0,-1,0,0,-1,0,0,0,-1,0,0,-1,0,0,1,0,0,0,-1,0,1,0,0
3628,0,0,0,-1,0,1,0,0,0,0,-1,0,0,0,0,0,0,1,0,0,0,0,0,0,0,0,0,0,-1,-1,0,1,0,0,0,0,0,0,0,0,0,0,0,-1,1,0,1,0,1,0,0,0,0,0,-1,0,0,-1,0,0,0,0,0,0
3629,1,0,-1,0,0,-1,0,0,0,0,1,0,1,0,1,0,-1,0,0,0,1,0,0,1,0,0,0,0,1,0,0,-1,1,1,-1,0,0,0,-1,-1,0,1,-1,0,-1,0,0,0,0,0,0,0,0,-1,0,1,0,0,0,0,0,0,0,0
3630,0,0,-1,0,0,1,1,1,0,1,0,0,-1,0,1,0,0,0,-1,0,0,0,-1,1,0,0,0,0,1,0,1,0,0,1,1,0,0,0,-1,0,0,0,-1,0,0,-1,1,1,0,0,0,0,-1,0,1,0,0,0,-1,-1,1,0,0,1
3631,0,0,0,0,1,-1,0,0,0,0,0,-1,0,0,1,0,1,1,0,0,0,0,0,0,1,0,0,-1,0,-1,0,-1,0,0,0,0,0,1,0,1,1,0,0,0,0,1,0,1,1,0,-1,0,0,0,-1,0,0,0,0,1,-1,1,0,-1
3632,0,0,0,0,0,0,0,0,0,0,1,1,-1,0,0,0,-1,0,1,0,0,0,0,0,1,0,1,0,0,0,0,-1,0,-1,0,1,0,0,0,0,0,0,-1,1,-1,0,1,0,-1,0,1,0,0,-1,0,1,0,0,-1,0,1,0,0,0
3633,0,1,1,0,0,0,-1,0,0,0,1,0,-1,0,0,0,0,1,0,0,0,0,0,0,0,0,0,0,0,0,0,0,0,0,0,-1,0,1,0,0,-1,0,0,0,0,0,0,-1,-1,-1,0,0,0,-1,1,-1,0,0,1,0,-1,-1,1,-1
3634,-1,0,0,0,-1,0,0,0,-1,0,0,0,-1,-1,0,0,0,0,0,1,0,0,0,-1,1,-1,0,0,1,-1,0,0,0,0,0,0,-1,0,0,0,0,1,0,0,0,0,0,0,0,-1,0,0,0,0,0,-1,1,0,0,0,0,0,1,-1
3635,1,1,0,0,0,0,-1,0,-1,0,-1,0,1,1,0,1,0,0,0,-1,1,-1,0,0,0,0,0,-1,0,0,0,-1,-1,1,1,-1,0,0,0,0,0,0,0,0,1,0,0,1,0,0,1,0,-1,0,0,0,0,-1,0,0,0,0,0,0
3636,0,1,0,0,0,0,1,0,0,-1,-1,0,0,0,0,0,-1,-1,0,0,0,0,0,1,-1,0,-1,0,0,0,0,-1,0,0,0,0,1,0,1,0,1,0,0,0,0,-1,-1,0,-1,0,-1,0,0,-1,0,1,0,0,-1,0,0,0,-1,0
3637,1,0,0,0,0,0,0,0,1,1,-1,-1,0,1,1,0,0,0,1,-1,0,1,0,-1,0,0,0,0,0,0,0,0,0,0,1,-1,0,0,0,0,0,0,0,0,-1,0,0,0,1,0,0,0,1,-1,0,0,-1,0,0,0,0,-1,0,-1
3638,0,0,0,0,0,0,0,0,0,0,1,0,1,0,0,0,1,-1,0,0,0,1,1,0,0,0,0,1,0,0,1,1,0,1,-1,-1,1,0,0,0,0,0,0,1,1,-1,0,0,0,-1,0,1,0,-1,-1,1,0,1,0,-1,0,0,0,1
3639,0,1,0,0,0,0,0,0,-1,0,0,0,1,1,0,0,-1,0,0,0,-1,0,0,0,0,1,0,-1,1,-1,0,0,1,0,1,0,1,0,0,0,-1,-1,1,1,1,1,0,-1,0,0,0,0,0,0,0,0,0,0,0,0,0,-1,0,0
3640,0,0,0,0,0,0,0,-1,0,1,0,1,0,0,-1,0,0,0,0,0,1,0,0,0,-1,0,1,1,0,-1,1,0,0,1,-1,0,1,0,0,0,0,0,0,0,0,0,0,0,0,-1,0,0,0,-1,-1,0,0,0,0,0,0,1,-1,0
3641,1,0,0,-1,-1,-1,0,-1,0,-1,0,0,0,0,0,0,-1,0,0,-1,0,1,1,0,0,0,0,0,0,0,0,-1,0,0,0,0,0,0,0,0,-1,0,0,0,0,-1,0,0,0,0,0,0,1,0,0,1,-1,1,0,0,0,-1,-1,0
3642,-1,1,-1,0,0,1,0,-1,1,0,-1,0,-1,-1,0,1,-1,0,1,0,0,0,0,0,0,1,0,0,0,0,0,0,-1,0,0,0,-1,0,0,0,-1,-1,-1,0,1,1,0,0,1,1,0,1,-1,-1,0,0,1,0,0,0,0,0,0,0
3643,0,0,0,0,1,0,0,0,-1,0,0,0,-1,-1,0,0,0,0,0,0,0,0,0,0,-1,1,0,0,-1,1,1,0,1,0,0,0,0,0,-1,0,-1,0,0,0,0,-1,-1,0,0,0,0,-1,1,-1,-1,0,0,0,0,0,0,-1,1,0
3644,0,1,0,0,1,0,-1,0,0,0,0,0,1,0,-1,-1,-1,0,0,1,0,-1,1,0,0,1,-1,0,0,0,-1,-1,0,-1,0,0,0,0,1,1,0,0,0,0,0,-1,-1,0,0,-1,1,0,0,0,0,0,0,0,0,0,0,0,1,0
3645,1,0,-1,0,0,0,0,0,0,-1,-1,0,0,1,0,1,0,-1,0,0,0,1,0,0,-1,0,0,0,0,1,1,0,0,-1,0,0,1,0,0,1,0,-1,0,0,0,0,0,0,0,0,0,0,0,0,1,-1,-1,0,0,0,1,0,0,0
3646,-1,1,0,0,-1,0,1,0,0,0,0,0,0,0,0,1,-1,1,0,-1,-1,0,0,0,0,1,0,1,0,0,0,1,0,0,0,0,0,0,0,0,0,0,0,0,0,0,0,0,1,-1,0,0,0,0,1,-1,0,-1,0,-1,0,0,-1,0
3647,0,0,1,0,1,0,1,0,0,0,0,0,0,0,0,0,0,1,1,-1,0,0,0,0,-1,-1,0,1,0,1,0,0,-1,0,0,1,0,1,0,1,1,1,0,0,0,-1,0,0,0,1,0,0,0,-1,1,0,0,0,-1,0,0,1,0,-1
3648,-1,0,0,-1,0,0,0,0,-1,0,0,0,0,0,0,0,0,0,0,0,-1,0,0,0,0,0,0,0,0,0,0,0,0,0,0,-1,0,1,1,0,0,-1,0,-1,0,0,1,0,0,0,0,0,0,0,-1,0,0,-1,0,1,1,0,0,0
3649,0,0,-1,1,0,0,0,0,-1,0,0,0,0,0,0,0,-1,-1,-1,0,-1,-1,-1,1,0,0,0,-1,0,0,0,0,0,-1,0,0,-1,0,-1,0,-1,1,0,0,0,-1,1,-1,1,1,-1,0,0,0,0,1,0,0,0,-1,0,0,0,-1
3650,-1,-1,0,0,0,0,0,-1,0,0,0,0,-1,0,0,0,0,0,0,0,0,-1,0,0,0,0,0,0,-1,1,0,0,0,0,0,1,1,0,-1,0,-1,0,1,0,0,0,1,-1,0,0,0,-1,1,-1,0,0,0,0,-1,-1,0,1,0,0
3651,0,1,0,0,0,0,0,-1,0,0,0,0,0,1,1,0,1,0,1,0,1,0,0,-1,0,0,0,-1,0,0,0,0,0,0,0,0,0,-1,-1,1,0,0,0,0,0,1,0,0,0,1,0,0,0,0,-1,0,0,1,-1,0,1,-1,-1,-1
3652,1,0,0,-1,0,-1,0,0,1,0,0,1,0,0,0,1,0,1,0,0,0,0,-1,0,0,0,0,0,1,1,0,0,0,1,-1,0,1,1,0,0,1,1,0,0,0,-1,0,-1,0,0,0,0,0,1,1,0,0,0,0,1,0,1,0,0
3653,0,0,0,0,0,0,0,0,1,0,0,0,0,0,0,1,0,0,0,1,0,-1,-1,0,0,0,0,0,1,0,1,0,0,-1,0,0,0,0,0,-1,0,0,0,0,0,0,-1,0,-1,-1,-1,1,-1,0,0,-1,0,0,1,-1,0,0,0,0
3654,0,0,-1,-1,0,0,0,0,0,0,0,0,-1,-1,-1,0,1,-1,1,0,0,0,0,1,0,0,-1,0,0,0,1,0,-1,0,0,0,0,1,0,0,0,0,0,1,0,1,0,0,-1,0,0,0,-1,0,0,1,0,0,0,0,0,0,0,1
3655,0,-1,-1,1,-1,0,0,0,0,1,0,0,0,0,0,-1,0,0,-1,1,0,0,0,1,0,0,0,0,0,0,-1,0,0,0,0,1,-1,0,0,0,0,0,0,1,0,0,0,0,0,0,1,0,0,0,-1,0,0,1,-1,0,1,0,0,0
3656,0,0,0,0,0,1,0,1,-1,-1,-1,0,0,0,-1,0,0,-1,0,0,0,0,0,1,0,0,0,0,-1,0,0,0,1,0,0,0,-1,1,0,0,1,0,0,-1,0,0,0,-1,0,-1,0,0,0,1,0,-1,-1,0,0,0,0,0,0,0
3657,0,-1,0,0,0,-1,0,0,0,1,0,1,0,1,-1,1,0,0,0,1,-1,1,0,0,-1,0,1,1,1,-1,0,-1,0,0,1,0,0,0,-1,0,0,0,0,-1,0,-1,-1,-1,-1,0,0,0,0,0,0,1,-1,0,0,-1,0,0,0,0
3658,1,1,0,0,0,-1,0,0,1,0,0,-1,0,-1,0,-1,0,1,0,0,0,1,1,1,-1,0,-1,0,-1,0,0,1,0,0,-1,1,0,1,0,1,-1,0,0,0,0,0,0,-1,-1,0,0,-1,-1,0,1,0,0,-1,0,0,0,1,0,0
3659,-1,0,1,0,0,0,1,0,0,-1,0,0,0,-1,1,0,1,0,0,-1,-1,0,1,0,0,0,0,0,0,0,0,0,0,0,0,0,0,0,0,1,0,0,-1,0,0,0,0,0,0,0,1,0,0,0,0,0,0,1,0,-1,-1,-1,1,0
3660,-1,0,0,0,0,0,0,0,0,0,-1,1,0,0,0,1,0,0,-1,0,0,0,-1,0,1,0,1,0,-1,0,0,0,0,0,-1,0,1,0,0,1,0,0,0,0,0,1,0,-1,0,0,-1,1,0,0,1,-1,0,0,-1,0,-1,1,1,0
3661,1,0,0,0,0,0,0,1,0,0,0,1,-1,1,0,-1,0,0,1,1,1,0,0,0,0,0,-1,0,1,0,1,-1,0,-1,0,0,0,0,0,0,0,-1,0,-1,0,0,1,0,0,-1,0,0,0,-1,1,-1,-1,0,0,0,0,1,-1,-1
3662,0,1,0,0,0,1,0,-1,0,0,1,0,0,-1,-1,0,-1,1,1,0,-1,-1,1,0,0,0,0,0,0,1,1,0,0,0,1,0,-1,0,1,0,0,0,1,0,-1,0,0,0,0,0,0,0,0,0,0,0,1,1,0,1,0,0,1,0
3663,1,0,1,0,0,0,0,0,0,0,0,0,0,0,0,0,-1,0,0,1,-1,0,0,0,0,-1,-1,0,-1,-1,1,0,0,0,0,0,0,0,-1,0,1,0,0,-1,1,0,0,0,0,1,0,-1,-1,0,0,0,-1,-1,0,1,0,0,0,0
3664,0,0,0,0,-1,0,0,0,0,-1,0,1,0,1,0,0,0,0,0,0,0,-1,0,0,0,1,0,-1,-1,0,0,-1,0,-1,1,0,0,0,-1,0,1,0,0,1,-1,0,0,-1,0,0,1,0,0,1,0,0,0,0,0,0,0,0,0,0
3665,-1,1,1,1,1,0,1,-1,0,0,0,0,0,0,0,0,-1,0,-1,-1,0,1,0,0,-1,1,1,0,1,-1,0,0,-1,0,0,1,0,0,1,-1,0,1,0,1,0,0,0,0,1,-1,0,1,-1,1,1,1,0,0,1,0,0,0,0,0
3666,0,0,0,1,1,1,0,-1,0,1,0,-1,0,-1,0,1,0,0,0,0,0,0,0,0,0,0,0,0,-1,1,0,0,0,0,1,0,0,-1,0,-1,1,0,-1,1,-1,0,0,1,0,0,0,-1,0,1,0,0,0,0,0,0,-1,0,0,-1
3667,0,1,-1,0,0,0,1,0,0,0,0,-1,1,0,0,0,0,-1,0,-1,0,0,-1,-1,0,1,0,0,-1,-1,-1,0,0,0,0,0,0,1,0,0,0,0,0,-1,1,0,1,0,-1,-1,0,1,0,0,1,1,-1,0,0,1,0,1,1,0
3668,0,0,0,0,0,-1,0,0,1,0,0,0,0,1,-1,-1,0,1,0,0,0,0,1,0,1,0,0,0,0,0,0,0,0,0,1,-1,0,0,1,0,1,0,0,-1,0,1,0,0,0,0,1,1,0,0,0,0,-1,0,1,0,0,0,0,-1
3669,-1,-1,0,0,0,1,1,1,0,0,0,-1,-1,1,-1,0,1,0,0,-1,0,0,0,0,0,0,-1,0,1,0,0,0,0,1,0,0,0,0,-1,0,0,0,0,-1,0,0,-1,0,1,-1,-1,0,-1,-1,0,0,1,0,-1,0,0,0,0,0
3670,0,0,-1,0,-1,0,0,1,0,-1,0,0,0,0,0,0,-1,-1,1,0,0,1,1,0,0,1,0,-1,-1,1,1,0,1,-1,-1,-1,0,1,0,0,1,-1,-1,1,0,0,0,1,0,0,1,-1,-1,0,0,1,0,-1,0,0,0,-1,0,0
3671,0,0,0,0,0,0,-1,0,0,0,0,-1,0,0,0,1,-1,0,0,-1,0,0,0,0,0,0,1,0,0,0,0,1,-1,-1,0,-1,0,-1,-1,-1,0,0,0,0,-1,0,-1,0,0,0,0,0,0,0,0,0,-1,0,0,0,1,0,0,0
3672,0,1,0,-1,1,0,0,1,0,0,-1,0,1,1,0,1,0,-1,-1,1,0,-1,0,0,0,0,0,-1,0,0,-1,0,0,-1,0,0,0,1,0,0,0,-1,-1,0,-1,-1,0,0,1,-1,0,1,0,0,-1,0,-1,0,-1,0,0,0,0,0
3673,-1,0,0,0,-1,0,0,1,0,0,0,0,0,1,1,0,0,0,0,-1,0,0,0,1,-1,0,0,0,0,-1,0,0,-1,-1,0,0,0,-1,0,1,1,0,1,0,0,0,0,0,-1,0,0,0,-1,0,-1,0,0,0,-1,0,-1,0,0,-1
3674,0,-1,0,0,0,-1,-1,0,0,0,0,0,-1,-1,0,0,0,0,0,0,0,0,0,0,1,0,0,-1,0,0,0,1,0,0,0,0,0,0,1,0,0,0,-1,0,-1,1,0,0,0,1,0,-1,0,0,0,1,0,0,0,0,0,-1,0,0
3675,-1,0,0,0,0,-1,0,0,0,-1,0,0,0,1,0,-1,-1,0,1,0,-1,0,0,-1,0,0,1,0,0,1,-1,0,0,0,0,0,0,0,0,-1,1,0,1,1,0,0,0,0,0,-1,0,0,0,1,1,0,0,0,-1,1,0,-1,-1,0
3676,0,1,-1,0,1,0,0,0,0,0,0,0,1,0,-1,-1,-1,0,1,0,-1,-1,0,0,-1,0,0,-1,0,1,0,0,0,0,-1,0,-1,1,0,-1,0,0,0,1,0,-1,0,1,0,0,0,0,0,0,0,0,-1,0,1,0,-1,0,0,0
3677,0,0,0,0,1,0,-1,1,0,0,1,0,0,-1,0,0,0,1,0,0,0,0,0,0,0,0,-1,0,1,0,0,0,-1,0,-1,-1,0,0,0,0,0,0,0,0,0,0,0,0,-1,0,-1,0,0,0,-1,0,-1,1,1,0,-1,1,0,0
3678,0,1,0,-1,1,1,0,1,0,0,0,0,1,0,0,0,-1,0,0,1,1,-1,-1,0,0,1,0,0,0,0,0,0,0,-1,0,0,0,1,0,1,0,0,-1,0,0,0,0,0,1,0,0,-1,-1,0,0,0,0,0,0,0,0,0,-1,1
3679,0,0,0,0,0,-1,0,0,0,0,0,0,0,0,-1,0,-1,0,0,0,0,0,-1,1,0,-1,0,0,1,0,-1,1,0,1,1,0,0,0,0,0,0,0,0,1,0,0,-1,0,0,0,0,0,0,1,-1,0,0,0,0,0,-1,0,-1,-1
3680,0,0,0,0,0,-1,0,1,-1,1,0,0,0,0,0,0,0,1,0,1,0,-1,0,1,0,1,0,0,1,0,0,1,1,0,0,0,0,0,1,0,0,1,-1,1,0,0,0,0,0,0,0,0,-1,0,-1,0,0,0,1,0,-1,0,0,1
3681,0,-1,0,0,1,0,-1,-1,0,0,-1,0,0,0,0,-1,0,1,0,0,0,0,0,0,0,0,-1,-1,0,-1,0,-1,0,0,-1,0,0,0,0,-1,0,0,1,0,-1,0,0,0,0,1,0,0,0,0,0,1,1,1,0,0,-1,-1,0,1
3682,0,0,0,-1,0,1,0,1,0,0,0,0,0,1,0,0,0,0,0,0,0,0,0,1,0,0,1,1,0,0,1,1,0,-1,-1,1,0,0,0,0,1,-1,1,1,0,0,-1,0,0,0,0,1,0,0,-1,0,0,-1,-1,1,-1,0,0,0
3683,1,0,0,0,0,1,0,1,-1,0,0,-1,0,0,0,0,0,-1,0,0,1,0,-1,0,0,0,1,1,0,0,-1,0,0,0,0,-1,0,1,0,0,0,0,0,-1,0,0,1,0,0,0,0,-1,1,0,-1,0,0,0,0,1,0,0,1,0
3684,0,0,0,0,0,-1,0,0,0,1,0,0,0,0,-1,1,0,0,0,0,0,0,0,0,0,0,0,0,0,0,1,1,0,0,0,0,0,0,0,-1,0,-1,0,-1,0,0,0,-1,0,-1,0,1,0,0,0,-1,0,0,-1,-1,1,-1,0,0
3685,-1,0,1,0,1,0,1,0,1,-1,0,-1,0,0,0,1,0,0,0,0,1,0,0,0,1,-1,0,-1,0,0,0,1,1,0,-1,0,0,0,-1,0,0,0,0,1,1,0,-1,0,0,0,0,0,1,0,0,0,0,-1,0,0,1,0,0,-1
3686,-1,-1,0,0,0,0,0,1,0,0,0,0,-1,0,0,0,0,-1,0,1,0,0,0,0,0,0,-1,0,0,0,1,-1,0,0,-1,0,0,-1,0,-1,-1,1,0,0,1,1,1,-1,0,0,0,-1,0,1,0,0,-1,-1,-1,0,-1,0,1,-1
3687,-1,0,-1,0,0,0,0,1,0,-1,0,0,0,1,0,0,0,-1,0,0,0,-1,-1,0,0,1,0,0,0,0,0,0,0,-1,0,1,0,0,1,0,0,0,-1,0,-1,0,0,0,0,1,0,0,0,0,0,1,0,0,0,0,0,0,0,0
3688,0,-1,0,0,0,-1,0,-1,-1,0,0,0,0,-1,0,0,-1,0,0,0,0,-1,0,-1,0,1,0,0,0,0,0,0,0,0,0,0,0,1,-1,0,-1,-1,1,0,0,-1,0,-1,0,0,1,-1,0,1,0,0,0,0,-1,0,0,0,0,0
3689,0,0,1,0,-1,0,0,0,0,0,0,0,0,0,-1,1,0,-1,1,0,0,0,0,-1,0,1,0,-1,0,0,0,0,0,0,0,0,1,0,0,0,-1,0,0,0,1,1,0,0,0,0,1,0,1,1,0,0,1,1,0,0,0,0,1,0
3690,0,0,0,0,0,0,0,0,0,1,0,0,0,0,1,1,0,-1,0,0,0,0,0,-1,0,0,0,0,0,1,1,-1,0,0,0,0,1,0,0,0,0,0,0,0,0,0,0,0,0,-1,0,1,0,0,0,1,-1,0,0,0,0,1,0,0
3691,0,-1,0,0,0,0,0,-1,0,0,0,1,0,0,-1,0,0,1,0,0,0,0,0,0,0,0,0,0,-1,0,-1,0,0,-1,-1,1,0,0,0,0,0,0,0,0,0,1,0,0,0,0,1,0,0,0,-1,-1,0,1,0,0,0,0,0,0
3692,1,-1,-1,0,0,0,-1,1,1,0,-1,0,0,0,1,-1,0,0,0,0,1,1,0,0,0,1,0,0,0,1,1,0,0,-1,1,0,0,0,0,-1,0,0,1,0,1,0,0,1,0,0,-1,0,0,-1,1,-1,0,0,0,-1,0,0,0,0
3693,0,0,0,0,0,1,0,-1,0,0,0,1,1,0,0,0,-1,0,0,0,0,1,0,0,0,1,0,1,0,0,1,1,0,-1,0,0,0,0,0,0,-1,0,0,0,0,0,0,0,0,0,0,1,0,0,-1,0,-1,0,0,-1,0,0,0,0
3694,0,0,0,0,1,0,1,-1,1,1,1,0,0,0,0,1,0,1,1,1,0,-1,1,-1,0,0,0,0,-1,0,0,0,0,-1,0,0,0,0,0,0,0,0,0,0,0,0,0,0,0,-1,-1,-1,0,-1,0,0,0,0,-1,0,-1,-1,0,0
3695,0,1,0,0,0,0,0,0,1,0,0,1,0,0,0,0,0,0,0,1,-1,0,0,0,-1,-1,0,0,0,0,-1,-1,1,0,-1,0,-1,0,0,-1,-1,0,0,1,0,-1,0,0,0,-1,0,0,0,0,-1,0,0,1,-1,0,0,0,0,1
3696,1,0,0,1,0,0,0,0,1,1,0,1,1,0,0,1,0,-1,0,0,0,0,0,0,1,-1,0,-1,0,0,1,1,1,0,-1,0,0,0,0,0,0,0,-1,0,0,0,1,0,0,0,0,0,0,0,-1,0,0,0,0,0,0,0,0,1
3697,0,0,0,0,1,-1,0,0,0,1,1,-1,0,0,1,-1,0,0,0,0,0,0,1,1,0,0,0,0,0,0,0,0,0,0,0,0,0,-1,0,0,0,1,0,1,0,1,1,0,0,1,0,0,0,-1,-1,0,0,0,0,0,1,-1,0,0
3698,0,1,1,0,-1,0,0,-1,0,-1,0,0,-1,0,1,0,0,0,0,1,0,0,0,-1,-1,-1,1,-1,0,0,0,0,0,0,0,0,0,1,-1,1,1,1,1,0,1,0,-1,1,1,1,0,-1,-1,-1,0,1,0,0,-1,1,0,0,1,-1
3699,-1,0,1,0,0,0,0,0,0,0,1,0,0,0,1,0,0,1,0,0,-1,0,0,-1,0,0,0,-1,0,1,0,0,0,0,0,1,0,0,0,0,0,0,0,0,0,1,0,0,0,0,1,0,0,0,-1,1,0,0,0,1,0,1,0,0
3700,0,1,0,0,0,0,0,1,1,1,0,0,0,0,0,0,0,1,0,0,0,1,0,0,0,1,0,0,0,0,0,-1,0,-1,0,0,0,0,0,-1,1,1,0,0,0,0,0,1,0,-1,0,-1,0,-1,0,1,-1,0,-1,0,-1,0,-1,1
3701,1,0,0,0,0,0,0,0,-1,0,0,-1,-1,0,-1,1,0,0,0,0,1,0,0,-1,0,0,0,0,1,0,1,0,0,0,0,0,1,0,0,-1,0,0,1,-1,0,0,0,1,-1,1,1,0,0,0,0,0,0,0,0,0,0,0,0,0
3702,0,1,0,0,0,0,0,0,0,0,0,1,0,0,-1,0,0,-1,0,0,1,0,0,0,0,-1,1,0,-1,0,0,0,0,0,0,0,1,0,-1,0,0,0,0,-1,0,1,0,1,0,0,0,-1,0,0,0,0,0,1,0,0,0,0,0,1
3703,1,0,0,1,1,0,0,1,-1,-1,0,0,0,0,1,0,0,0,0,0,0,0,0,1,-1,0,-1,-1,1,-1,0,0,-1,1,1,0,0,1,-1,0,0,1,0,-1,1,0,0,0,-1,0,0,-1,-1,0,0,0,0,-1,0,1,-1,0,-1,0
3704,0,0,0,-1,0,1,1,0,0,0,0,0,1,1,0,-1,0,0,0,-1,1,0,0,0,0,-1,0,-1,1,-1,0,1,0,1,0,0,0,0,0,-1,0,0,0,0,0,0,1,0,-1,-1,1,0,0,0,0,0,0,1,-1,-1,0,1,0,0
3705,0,1,0,0,0,0,0,0,0,0,1,0,0,-1,0,0,0,-1,0,0,0,0,0,1,1,0,0,0,0,0,1,0,-1,0,0,0,0,0,0,0,0,0,0,-1,1,0,0,0,0,1,0,1,0,0,-1,-1,-1,0,0,-1,0,-1,-1,0
3706,-1,-1,0,0,1,0,1,0,1,0,-1,0,0,0,0,1,0,-1,0,0,0,0,0,0,0,0,0,0,0,0,1,0,-1,1,-1,0,0,0,0,0,0,0,0,0,-1,0,0,0,0,-1,0,0,1,0,0,0,0,1,0,0,0,0,1,0
3707,1,1,0,0,0,-1,0,1,0,0,0,0,0,0,0,1,0,0,0,0,0,0,1,0,0,0,-1,0,0,0,0,0,0,-1,0,0,-1,0,-1,1,0,0,1,0,0,1,0,1,0,0,0,0,0,1,0,0,0,0,1,0,-1,-1,0,1
3708,0,-1,0,-1,0,0,1,0,0,-1,1,0,0,0,0,0,0,0,0,0,0,0,0,-1,1,0,0,0,0,0,1,0,0,0,0,-1,0,1,0,-1,0,0,0,0,0,0,1,0,0,1,-1,-1,0,0,0,1,1,0,1,0,1,1,0,0
3709,-1,0,0,1,0,0,0,0,0,-1,-1,0,0,0,1,0,0,0,0,0,0,0,0,0,1,0,0,1,0,0,1,-1,-1,0,0,0,0,0,0,-1,0,1,0,-1,0,0,0,-1,-1,0,0,0,0,-1,0,1,0,-1,1,0,0,-1,0,0
3710,0,1,0,0,1,-1,-1,-1,0,0,0,0,0,0,0,0,0,0,1,-1,0,0,1,0,0,0,0,1,0,1,1,0,1,-1,0,-1,0,-1,0,0,-1,1,0,0,-1,-1,-1,0,1,0,0,0,0,0,1,1,-1,0,0,0,-1,0,1,0
3711,1,0,0,0,-1,0,1,0,-1,0,-1,0,0,0,1,0,0,-1,1,0,0,-1,0,0,0,-1,0,0,0,1,0,-1,0,-1,0,1,-1,0,0,1,1,0,-1,1,0,0,0,-1,0,0,0,-1,0,0,0,1,0,0,0,0,1,0,0,0
3712,0,-1,0,0,1,0,0,0,0,0,0,0,1,0,0,0,-1,-1,0,1,0,0,0,0,-1,0,1,0,-1,0,0,0,0,1,0,0,1,-1,1,1,0,1,0,0,0,-1,0,1,0,-1,-1,1,1,0,-1,0,-1,0,1,0,0,0,1,-1
3713,0,1,1,1,0,1,1,1,0,0,1,0,0,0,1,0,-1,1,0,0,0,0,0,-1,0,0,1,0,-1,0,1,1,0,1,0,0,0,0,0,0,0,0,0,0,0,1,1,0,0,-1,0,1,0,-1,0,0,0,0,0,1,0,0,0,0
3714,0,-1,0,0,0,1,0,-1,0,0,0,0,1,0,0,0,0,0,-1,0,0,0,-1,-1,0,0,0,-1,0,1,0,0,-1,0,0,0,0,1,0,0,0,0,0,0,0,0,0,-1,0,0,1,0,0,0,0,1,0,0,1,0,-1,0,0,0
3715,-1,0,0,1,1,0,-1,0,0,-1,0,0,-1,0,0,0,0,0,1,0,-1,0,0,1,0,-1,1,0,0,0,1,0,0,0,0,0,-1,-1,1,1,0,-1,0,0,0,-1,0,0,0,0,-1,0,0,0,0,0,0,1,0,0,0,0,1,0
3716,1,0,0,0,1,0,0,1,0,1,0,1,0,1,-1,1,0,1,0,0,1,0,0,0,1,0,1,1,0,0,-1,0,1,-1,0,0,0,0,1,0,-1,0,1,0,0,0,1,0,0,1,0,0,0,0,0,0,1,0,0,1,0,-1,0,1
3717,0,0,0,0,0,0,0,1,0,-1,0,0,1,0,0,0,0,1,0,0,0,0,0,0,0,0,-1,0,1,0,1,0,0,0,-1,1,0,0,-1,0,0,0,1,0,0,-1,0,-1,-1,1,-1,-1,-1,0,0,0,0,0,0,0,0,0,-1,0
3718,0,0,0,-1,-1,1,0,0,0,0,0,0,-1,1,0,1,0,-1,-1,1,0,0,0,0,0,1,1,0,0,0,0,0,0,0,0,0,0,0,1,0,0,0,0,0,0,-1,0,0,0,-1,0,0,1,0,0,0,0,0,0,0,1,0,0,-1
3719,-1,0,-1,0,-1,0,0,0,0,-1,0,0,0,0,0,0,0,0,-1,0,0,0,1,-1,1,-1,0,-1,0,0,0,0,0,1,1,0,0,1,0,0,-1,-1,1,-1,-1,1,0,0,0,0,0,0,0,0,-1,0,1,0,0,0,0,-1,-1,0
3720,1,0,0,1,0,0,0,0,-1,-1,1,0,0,0,0,0,-1,1,0,-1,0,1,1,1,0,0,1,0,1,0,-1,0,0,0,-1,0,0,0,0,0,1,-1,1,0,0,0,1,0,0,0,0,0,1,0,0,0,0,0,-1,0,-1,-1,-1,0
3721,0,0,0,-1,-1,0,1,-1,0,0,0,0,0,0,1,0,-1,1,0,0,0,0,0,-1,0,0,0,0,0,0,1,0,1,0,0,0,1,0,0,1,0,0,0,0,-1,0,0,0,1,0,0,-1,-1,0,1,0,0,0,-1,0,-1,0,1,0
3722,0,0,0,0,0,1,0,1,-1,-1,0,0,1,0,0,1,0,1,0,0,0,1,0,0,1,1,0,0,0,0,1,1,0,0,-1,0,0,-1,1,0,-1,0,0,0,-1,-1,1,-1,0,0,0,1,-1,1,-1,-1,-1,-1,0,0,1,0,0,0
3723,0,1,-1,0,0,0,0,0,0,0,0,0,0,0,0,1,0,1,0,0,-1,0,0,1,-1,1,-1,0,-1,0,0,0,0,0,0,0,0,0,0,0,0,0,1,1,0,0,1,0,0,0,0,0,-1,0,-1,0,0,0,-1,-1,0,1,0,-1
3724,0,0,1,0,0,0,-1,0,1,1,0,0,-1,0,1,0,0,1,0,1,0,0,1,1,0,-1,0,1,1,-1,0,0,0,0,0,-1,-1,0,-1,0,1,-1,0,0,-1,0,0,0,1,1,0,0,0,1,0,-1,1,1,0,0,0,0,0,0
3725,0,1,0,0,0,1,1,0,1,0,1,0,0,0,1,-1,0,0,0,1,0,0,0,1,0,0,1,0,0,-1,-1,-1,0,0,0,0,0,0,0,0,-1,0,1,0,-1,-1,0,1,0,0,-1,-1,0,0,0,1,0,0,1,0,1,0,0,0
3726,-1,-1,-1,-1,1,-1,1,-1,0,0,0,1,1,-1,0,-1,0,1,0,1,0,0,1,0,0,0,1,0,0,1,0,0,0,0,0,0,0,1,0,1,-1,0,0,1,0,-1,1,-1,0,1,0,0,0,0,1,0,1,0,0,0,0,0,0,1
3727,1,0,-1,-1,1,0,0,1,0,1,-1,0,0,-1,1,0,0,0,0,0,0,0,0,-1,1,1,0,0,-1,0,0,0,1,1,0,-1,1,1,0,-1,-1,1,-1,0,0,0,0,0,0,0,-1,1,1,1,1,-1,-1,0,-1,0,1,0,0,0
3728,1,0,0,0,0,0,-1,1,0,0,1,0,-1,0,0,0,1,0,0,0,-1,0,-1,1,0,-1,0,0,0,0,1,-1,0,0,-1,0,-1,0,0,1,-1,-1,0,0,0,0,0,0,-1,0,0,0,0,0,0,0,0,1,1,0,0,-1,0,1
3729,0,0,0,0,0,0,0,0,-1,0,-1,0,-1,1,-1,1,-1,-1,-1,0,0,0,0,0,1,1,0,1,0,0,0,0,0,0,-1,1,0,1,1,0,-1,1,1,0,1,0,-1,0,0,0,0,0,0,0,1,-1,1,0,0,-1,0,0,1,1
3730,1,0,0,-1,0,0,1,0,-1,0,0,0,0,0,0,-1,0,1,0,0,0,0,0,0,0,0,0,-1,0,0,0,0,0,0,1,0,0,0,1,0,0,1,0,0,1,0,0,0,-1,1,0,0,0,0,0,0,0,-1,-1,-1,0,0,-1,1
3731,0,0,0,0,1,1,0,0,0,0,0,0,0,0,0,0,0,0,1,1,1,0,1,0,-1,0,0,1,0,1,0,-1,0,0,0,-1,0,0,1,1,0,0,-1,0,0,0,-1,0,0,0,1,0,0,0,0,0,-1,0,-1,0,0,0,0,0
3732,0,0,0,-1,0,0,1,0,0,0,-1,-1,0,0,0,0,0,0,0,-1,0,1,-1,0,0,0,0,0,0,0,-1,-1,0,1,0,0,0,0,0,0,0,0,0,-1,-1,-1,0,1,1,0,-1,0,-1,0,0,0,0,0,-1,1,-1,1,1,0
3733,-1,0,0,0,-1,0,0,1,0,0,0,0,0,0,0,0,0,1,1,1,-1,0,0,0,0,0,0,0,-1,1,0,1,-1,0,0,0,0,0,0,0,0,1,1,0,0,0,0,0,0,0,0,0,-1,0,0,-1,-1,0,0,0,0,0,1,-1
3734,-1,0,0,1,0,1,0,0,1,0,0,0,1,0,0,-1,0,1,0,0,0,-1,0,0,0,-1,0,0,1,0,0,0,0,1,0,1,0,0,0,0,0,0,0,1,-1,0,-1,0,0,-1,0,-1,1,0,0,-1,0,-1,0,-1,0,0,0,0
3735,0,-1,0,-1,0,0,0,1,1,-1,0,0,1,-1,-1,0,-1,-1,0,-1,-1,0,1,0,0,1,1,0,0,0,0,1,-1,0,1,-1,0,0,-1,-1,0,1,0,1,0,0,-1,0,-1,0,1,-1,0,0,0,0,0,0,1,0,0,0,-1,0
3736,0,0,0,0,1,0,0,0,0,1,0,0,0,0,0,-1,0,-1,0,0,0,0,1,0,-1,0,0,-1,1,0,0,0,0,0,-1,0,0,0,0,1,0,0,0,0,0,0,-1,0,-1,0,0,-1,0,1,1,0,0,0,1,0,0,1,-1,0
3737,0,0,0,0,-1,0,0,0,0,0,0,0,0,0,0,1,0,1,0,1,0,-1,0,0,0,1,1,-1,1,0,1,0,0,0,0,0,0,0,1,0,-1,0,0,-1,0,1,-1,1,0,-1,-1,0,0,0,1,0,0,0,1,1,0,0,0,0
3738,0,0,0,0,1,0,0,0,0,1,0,0,0,0,1,0,1,1,0,0,0,-1,0,0,0,0,0,0,0,0,0,0,0,0,0,1,1,0,0,0,0,-1,-1,0,1,0,-1,1,0,-1,0,1,0,0,0,0,1,0,-1,0,0,0,-1,0
3739,-1,0,0,0,0,0,0,0,0,0,0,1,0,-1,0,0,0,0,0,0,1,0,1,0,0,0,0,0,0,0,0,1,0,0,-1,1,0,0,0,0,-1,1,0,0,-1,0,-1,0,0,0,-1,1,0,-1,0,-1,0,0,0,0,0,0,1,0
3740,0,0,0,1,1,0,1,0,-1,0,1,0,0,0,1,0,1,-1,0,0,0,0,0,0,-1,1,-1,0,1,0,0,-1,-1,0,1,0,0,1,0,1,0,0,-1,0,-1,-1,0,-1,1,0,1,0,0,1,0,0,0,0,-1,0,-1,0,0,0
3741,0,-1,0,0,0,0,1,0,0,0,0,0,0,0,1,-1,0,0,0,-1,0,1,-1,0,0,0,0,0,-1,-1,0,1,0,0,1,0,1,0,1,0,0,0,-1,0,-1,0,0,0,-1,1,0,0,-1,0,0,0,0,0,0,0,0,0,0,0
3742,0,0,0,0,0,0,0,0,0,0,1,0,-1,-1,0,0,0,1,0,1,0,0,-1,0,0,0,0,0,0,0,0,-1,0,0,1,0,0,-1,0,0,0,0,0,-1,1,0,0,-1,0,0,0,-1,1,0,0,0,0,0,-1,0,0,0,0,0
3743,1,0,-1,0,0,0,0,0,0,0,0,0,0,-1,1,0,-1,0,0,0,1,0,0,0,0,1,0,0,0,0,1,0,0,0,0,0,0,0,1,1,1,1,0,0,0,0,1,0,0,0,0,0,-1,0,0,0,0,1,0,1,0,1,-1,0
3744,1,0,-1,0,-1,0,0,1,0,1,0,0,0,0,0,-1,1,0,0,0,1,-1,0,0,-1,0,0,0,0,0,0,-1,0,-1,0,0,0,-1,0,0,0,0,0,-1,0,0,-1,1,0,0,0,0,0,-1,0,0,0,0,1,0,1,0,0,0
3745,0,-1,0,0,0,0,1,1,1,0,1,0,0,-1,0,0,0,0,0,0,-1,0,0,0,-1,-1,1,0,0,0,-1,0,0,-1,0,1,0,0,0,1,0,-1,0,0,0,-1,0,0,0,1,-1,0,0,0,-1,0,1,-1,0,1,0,0,0,0
3746,0,0,0,-1,-1,0,0,1,0,0,-1,-1,0,0,0,-1,0,0,0,0,0,0,0,0,-1,0,-1,1,-1,0,-1,-1,0,0,0,0,0,1,0,0,0,0,0,0,-1,0,0,0,0,-1,0,0,0,1,0,-1,0,0,0,0,-1,0,-1,0
3747,0,-1,1,0,0,0,0,0,-1,-1,1,0,0,-1,0,-1,0,0,0,1,1,0,0,0,0,0,0,0,0,0,1,-1,0,1,0,1,0,0,0,-1,0,-1,0,0,0,1,0,0,-1,-1,1,1,0,0,0,0,0,0,0,-1,-1,0,0,0
3748,0,0,0,0,-1,1,0,0,0,-1,0,-1,1,0,0,-1,1,0,1,0,0,-1,0,0,0,0,0,0,0,0,1,1,0,-1,0,0,1,0,-1,0,1,0,0,0,0,1,0,0,0,0,0,0,0,1,0,0,0,0,-1,0,1,0,-1,-1
3749,1,0,0,1,0,0,1,1,0,1,0,1,-1,0,0,0,1,0,-1,-1,1,0,0,0,0,-1,0,1,0,0,0,-1,0,0,0,1,0,0,0,-1,0,-1,1,-1,1,0,1,0,1,-1,-1,0,0,0,-1,0,1,0,0,0,0,0,0,0
3750,1,0,0,0,0,-1,-1,0,0,1,0,1,-1,0,1,-1,0,-1,0,0,1,-1,0,0,0,0,0,0,0,-1,0,0,0,0,0,0,0,0,-1,0,-1,1,0,0,0,0,0,0,0,0,0,0,0,0,-1,0,0,0,0,1,0,0,0,0
3751,0,0,0,-1,-1,0,0,0,-1,1,-1,0,0,0,0,1,0,0,-1,1,-1,0,1,1,1,-1,0,-1,-1,1,0,0,0,0,0,0,-1,0,0,-1,0,0,0,0,0,-1,1,0,0,0,0,0,0,0,1,0,0,0,0,0,0,1,-1,0
3752,1,1,0,0,0,1,1,0,1,0,0,0,-1,0,0,0,0,0,1,0,0,0,0,0,-1,0,0,0,-1,0,0,0,0,0,0,0,0,-1,-1,0,1,0,0,0,0,0,0,1,0,0,0,-1,0,0,1,0,0,0,0,0,0,0,0,0
3753,-1,0,-1,0,0,0,1,0,0,-1,1,0,0,0,0,-1,1,0,0,1,0,0,0,0,0,0,0,0,1,-1,0,1,1,0,0,0,0,0,0,0,1,-1,-1,0,-1,0,0,0,0,0,1,0,0,-1,0,-1,0,0,0,1,0,-1,0,0
3754,0,0,0,0,-1,-1,0,0,0,0,1,0,-1,-1,1,0,0,1,1,0,0,-1,0,0,0,1,-1,0,1,0,0,1,1,1,0,0,0,0,0,0,0,0,0,0,0,0,1,0,0,0,1,1,1,0,-1,0,-1,-1,0,0,0,0,-1,0
3755,0,0,0,0,0,-1,0,-1,0,0,0,0,0,0,0,-1,1,0,0,0,0,0,-1,0,0,0,-1,0,1,1,0,0,0,0,-1,0,0,0,0,0,0,0,0,0,0,0,0,0,0,0,-1,1,0,0,0,0,0,0,0,0,0,1,-1,0
3756,0,0,0,-1,0,0,0,-1,0,0,0,1,0,0,-1,0,0,0,0,0,0,-1,1,1,0,1,-1,0,-1,0,0,0,1,0,0,0,0,0,-1,-1,0,1,0,0,0,-1,-1,0,-1,0,1,0,0,0,0,0,0,0,0,0,0,-1,0,0
3757,0,0,0,0,0,-1,0,1,0,1,0,0,0,-1,0,0,0,-1,1,-1,0,1,0,0,-1,0,0,0,0,-1,-1,0,1,0,0,0,-1,1,0,0,0,1,0,0,-1,-1,1,0,-1,0,0,0,0,0,-1,-1,1,-1,0,-1,0,0,0,0
3758,0,0,0,0,0,1,0,-1,1,1,0,-1,0,0,0,0,1,1,0,0,1,0,0,0,1,0,1,0,0,0,0,0,0,0,0,0,-1,0,1,1,0,1,-1,0,0,0,0,0,0,0,0,0,-1,0,-1,0,0,0,0,0,0,0,0,0
3759,1,0,0,1,-1,0,1,0,0,0,0,1,1,1,1,0,1,0,0,1,0,0,1,0,0,1,1,0,0,1,-1,0,0,-1,0,1,0,0,0,-1,0,-1,0,1,0,-1,0,-1,-1,0,0,1,0,1,0,0,-1,0,0,0,-1,0,0,-1
3760,-1,0,1,0,0,0,0,0,1,-1,1,-1,1,0,-1,0,1,0,0,1,0,0,0,0,0,0,0,1,-1,0,0,0,1,0,0,0,-1,0,0,0,0,0,0,-1,0,1,0,-1,1,0,1,0,-1,0,1,0,0,0,0,0,-1,1,0,0
3761,1,0,0,0,0,0,0,0,1,0,0,1,0,1,0,-1,0,0,0,0,-1,0,0,0,-1,0,1,0,1,0,1,1,-1,0,0,0,0,0,0,0,-1,1,0,0,-1,0,0,0,0,1,0,0,0,1,0,0,1,0,0,0,-1,0,1,1
3762,0,-1,-1,0,0,0,0,-1,-1,0,1,0,0,0,0,0,0,-1,-1,0,0,0,0,0,0,0,0,0,0,0,1,0,0,0,0,0,0,0,0,0,0,-1,0,0,-1,0,0,-1,-1,0,-1,0,-1,-1,-1,0,-1,1,0,1,0,1,0,-1
3763,0,-1,-1,0,0,0,0,1,1,1,0,0,0,0,1,0,0,1,0,0,-1,0,-1,0,-1,0,0,-1,0,0,0,0,0,1,0,1,0,0,0,0,1,0,0,0,1,0,0,0,1,-1,0,-1,0,0,0,1,-1,0,0,0,0,0,-1,0
3764,0,0,-1,-1,0,0,0,0,0,-1,0,1,1,0,-1,0,0,0,0,0,-1,0,-1,-1,1,0,0,0,0,-1,0,-1,0,-1,0,-1,0,0,0,1,1,0,0,0,-1,1,0,0,0,0,-1,0,0,1,1,0,1,-1,0,0,0,1,0,1
3765,0,0,1,0,0,-1,0,0,0,-1,0,0,1,0,0,0,1,0,1,1,0,0,0,0,-1,1,0,1,1,-1,0,0,1,0,0,1,0,0,0,-1,0,0,0,0,0,0,0,0,-1,1,0,0,-1,0,0,0,0,-1,0,0,0,-1,0,1
3766,1,0,0,0,1,0,0,0,-1,0,0,0,0,0,1,0,0,1,0,1,-1,0,0,0,0,0,0,0,0,0,0,0,0,0,0,-1,-1,-1,0,0,1,0,0,-1,0,0,0,0,0,0,1,-1,-1,1,0,1,0,0,0,0,1,0,-1,0
3767,0,0,0,-1,0,-1,0,-1,0,0,0,0,1,0,-1,0,0,1,0,1,0,0,0,0,0,0,1,1,1,1,0,0,0,0,1,0,0,0,0,0,-1,0,1,0,0,0,0,0,1,1,0,0,0,1,1,0,1,1,1,0,0,0,0,0
3768,0,0,-1,0,0,1,-1,0,0,-1,0,0,0,0,0,1,1,0,0,0,0,-1,-1,0,0,0,0,0,-1,0,0,-1,-1,0,0,1,0,0,1,0,0,0,0,1,1,0,0,1,0,0,1,0,0,0,1,-1,0,-1,0,1,0,1,0,-1
3769,0,0,0,1,1,0,0,-1,0,1,-1,0,0,1,-1,0,0,0,0,-1,1,0,0,0,-1,-1,1,0,0,0,0,1,0,0,0,0,1,0,0,0,0,0,0,0,0,0,1,0,0,-1,0,0,0,-1,-1,-1,0,1,0,0,-1,0,0,-1
3770,0,0,0,0,1,1,0,0,1,0,1,-1,-1,0,0,0,0,0,-1,0,1,0,0,1,0,0,0,0,0,0,0,-1,-1,-1,-1,0,1,-1,-1,0,0,-1,0,0,0,0,0,0,1,1,0,-1,0,-1,0,0,0,1,0,0,0,0,0,0
3771,0,0,0,1,-1,0,0,0,0,-1,0,1,0,0,0,-1,1,0,0,0,0,0,0,0,0,0,0,0,1,-1,0,0,0,0,-1,0,-1,0,0,0,1,1,0,0,-1,-1,0,0,0,-1,0,0,0,1,0,0,-1,-1,0,0,0,1,0,0
3772,0,1,0,-1,0,0,0,1,1,0,0,-1,-1,0,0,0,0,0,-1,0,1,1,0,0,0,0,0,1,0,-1,0,0,0,0,0,0,0,0,0,-1,0,0,0,0,-1,-1,1,0,1,0,1,1,0,0,0,-1,0,1,0,1,1,1,0,0
3773,0,-1,1,0,0,-1,0,1,0,0,0,0,0,0,0,0,0,0,1,0,0,0,-1,0,1,0,0,0,0,0,-1,-1,1,0,0,-1,0,0,0,0,0,0,0,0,0,1,1,0,0,0,-1,0,1,-1,0,0,0,0,0,0,0,0,1,0
3774,0,0,0,0,0,0,0,0,1,0,0,0,0,0,0,0,0,-1,0,0,0,0,-1,0,0,0,0,0,0,0,0,-1,0,0,1,0,1,-1,0,1,0,1,0,0,0,0,0,0,1,0,0,0,1,0,1,-1,0,-1,0,1,0,-1,-1,1
3775,0,-1,0,-1,1,1,0,0,0,0,-1,0,0,-1,0,0,0,0,0,-1,0,0,1,0,0,0,0,0,0,0,0,0,1,1,0,0,0,0,1,1,-1,0,0,0,0,0,0,1,0,0,1,0,0,1,0,-1,0,0,0,0,-1,-1,-1,1
3776,0,0,-1,0,0,-1,0,-1,1,0,0,0,1,0,0,0,0,0,0,-1,0,0,0,1,0,0,0,1,0,0,-1,1,0,0,0,1,0,0,-1,0,0,1,0,0,0,-1,0,-1,0,0,-1,-1,1,1,1,0,0,0,0,0,1,0,0,0
3777,0,1,0,0,1,1,0,-1,0,0,0,1,0,0,0,0,-1,0,0,0,-1,1,1,0,0,-1,0,0,0,0,0,0,0,-1,0,0,0,0,0,0,0,0,0,0,-1,0,1,0,-1,0,0,0,0,0,0,1,1,0,0,0,1,0,0,0
3778,0,0,0,0,0,1,0,0,0,0,0,0,0,0,1,0,1,-1,-1,1,0,-1,1,0,0,0,0,0,0,-1,0,-1,-1,0,0,0,0,1,0,-1,-1,0,0,-1,1,0,1,0,0,0,0,0,0,0,-1,-1,0,0,0,1,1,-1,1,0
3779,0,1,0,0,0,0,0,0,0,0,-1,0,1,0,0,0,0,0,1,0,0,1,0,1,0,0,0,0,1,0,0,0,0,0,0,1,1,0,0,0,0,1,0,1,0,-1,-1,0,1,1,0,0,1,1,0,0,0,0,1,0,0,1,0,0
3780,0,0,0,-1,0,1,0,0,0,-1,0,0,1,-1,0,0,0,-1,0,0,1,0,-1,-1,0,0,0,0,0,0,1,0,0,0,0,-1,0,0,0,-1,1,-1,0,0,0,0,-1,0,1,0,1,0,0,1,1,1,0,0,0,0,0,1,0,0
3781,0,1,0,0,0,0,1,0,0,0,0,0,0,0,1,0,0,0,0,0,0,0,1,0,0,0,0,0,0,0,-1,-1,1,0,0,1,0,0,0,0,1,1,0,-1,0,-1,0,0,0,0,-1,0,0,0,0,1,0,1,0,0,0,1,0,0
3782,0,0,0,1,-1,-1,-1,0,1,0,0,0,0,-1,0,0,1,0,0,0,0,0,0,0,0,0,0,0,-1,0,-1,0,0,1,0,-1,0,0,0,0,0,-1,0,1,0,-1,1,1,1,0,0,-1,1,1,0,0,-1,-1,0,0,1,1,0,-1
3783,0,0,0,0,0,-1,1,0,0,-1,1,0,0,0,0,1,0,0,0,0,0,0,0,0,0,0,0,0,0,0,0,0,0,-1,1,0,0,1,-1,-1,1,-1,0,-1,1,1,0,0,1,0,0,0,0,1,0,0,-1,1,-1,-1,1,0,0,1
3784,0,1,0,0,0,0,1,0,0,-1,-1,0,-1,0,0,0,-1,0,-1,0,0,0,0,0,1,0,1,0,1,0,-1,1,0,-1,0,-1,0,0,-1,0,0,-1,1,0,0,0,-1,0,0,1,-1,1,-1,1,-1,0,0,1,0,-1,-1,0,-1,0
3785,0,0,0,0,0,-1,0,0,0,0,0,0,1,0,0,1,0,-1,0,0,0,1,-1,-1,0,1,0,-1,0,0,0,1,0,1,1,1,0,0,0,0,0,-1,0,0,0,0,0,0,1,0,0,0,0,0,0,0,0,1,0,0,0,0,0,0
3786,0,0,0,0,0,0,0,1,0,-1,0,-1,-1,0,-1,0,0,1,0,-1,0,0,-1,0,1,0,1,0,0,0,0,0,0,0,-1,0,0,0,0,0,1,-1,0,1,0,1,0,1,1,1,0,0,0,0,1,0,-1,0,0,1,0,0,0,-1
3787,0,0,0,0,0,1,0,0,0,0,0,1,-1,0,0,0,0,0,-1,0,0,0,0,0,0,1,0,0,-1,0,0,1,-1,0,1,1,0,0,0,-1,0,-1,-1,0,1,-1,1,0,0,0,0,0,-1,-1,1,0,1,0,0,-1,0,-1,-1,0
3788,-1,0,0,0,-1,0,0,0,0,1,0,0,1,-1,0,0,0,0,0,0,0,0,0,0,0,0,1,0,0,0,0,1,0,0,0,0,1,0,0,0,0,-1,0,0,0,-1,0,1,0,1,0,0,0,1,1,-1,0,0,0,1,0,0,1,0
3789,0,1,0,1,0,0,-1,0,0,1,0,-1,0,0,0,0,0,0,-1,0,0,0,0,0,0,0,0,1,0,0,1,0,0,1,1,1,0,0,0,1,0,0,1,0,1,0,-1,0,-1,0,0,1,0,0,-1,0,-1,0,-1,0,-1,1,-1,-1
3790,0,0,0,0,1,0,0,0,1,1,0,0,0,0,1,1,1,1,1,-1,0,-1,1,-1,0,0,0,0,0,0,0,1,0,-1,0,1,0,0,0,0,0,0,1,1,0,0,0,0,1,0,-1,0,1,1,0,0,0,0,0,0,0,-1,0,-1
3791,0,0,1,1,-1,-1,1,-1,0,0,0,0,0,0,1,0,0,0,0,-1,0,0,0,-1,-1,0,1,-1,0,1,1,0,0,-1,-1,0,1,0,0,0,0,-1,0,0,0,1,0,1,1,0,0,0,0,0,0,0,0,0,0,0,0,0,0,0
3792,0,0,-1,0,0,0,0,0,0,0,-1,0,0,-1,0,0,-1,0,0,0,0,0,0,-1,0,1,0,0,0,0,0,-1,0,0,0,0,1,0,0,0,1,0,0,0,0,0,0,0,0,0,0,0,1,1,0,0,1,0,0,-1,1,0,0,-1
3793,0,0,0,0,0,0,1,0,-1,0,0,1,0,-1,0,0,0,0,0,-1,0,0,0,0,0,0,1,0,0,0,0,0,-1,0,0,0,0,-1,0,0,0,0,0,-1,0,-1,-1,0,0,0,-1,1,0,0,0,0,0,-1,0,0,0,0,0,0
3794,0,0,-1,0,0,1,0,1,0,1,0,0,0,1,1,-1,0,0,0,0,1,1,0,0,0,0,0,-1,0,-1,0,1,1,0,0,0,0,-1,0,-1,0,0,0,0,0,-1,-1,0,0,0,-1,0,-1,0,1,0,0,1,1,0,0,1,0,-1
3795,0,0,-1,0,0,0,1,0,0,0,1,0,-1,0,0,0,0,0,0,0,0,0,1,0,0,1,-1,1,-1,-1,-1,0,1,0,0,1,0,0,0,0,-1,0,-1,1,0,0,1,0,0,1,0,0,0,0,0,-1,-1,1,-1,0,0,0,-1,-1
3796,1,0,0,1,-1,1,0,0,-1,0,-1,-1,0,-1,0,1,0,0,0,0,0,0,0,0,-1,0,1,0,0,-1,0,0,0,0,0,0,-1,0,0,-1,0,0,0,1,-1,0,1,0,1,0,0,1,0,0,1,0,-1,-1,0,0,0,0,1,1
3797,-1,0,0,0,1,1,0,0,0,0,0,0,1,1,0,1,0,-1,0,0,-1,0,0,0,0,0,-1,0,0,-1,-1,0,1,0,0,0,0,0,0,0,0,0,0,0,1,0,0,0,0,1,1,-1,0,0,0,-1,0,1,0,0,1,0,0,0
3798,1,1,0,0,1,1,0,1,1,1,0,0,0,0,-1,0,0,0,0,0,0,1,1,0,0,-1,-1,0,1,0,-1,0,-1,0,1,-1,0,0,1,0,0,0,0,0,1,0,0,0,0,0,0,1,1,0,0,0,0,0,0,0,0,0,0,0
3799,0,0,0,0,0,1,-1,0,1,-1,0,0,-1,-1,0,0,0,-1,1,0,-1,0,0,0,0,0,0,0,0,-1,0,0,-1,-1,1,0,1,0,0,0,0,0,0,0,0,0,0,0,0,0,0,0,0,0,0,0,0,0,1,0,0,-1,0,0
3800,0,0,0,1,0,0,-1,0,-1,0,0,-1,1,0,0,0,0,0,1,1,0,0,-1,-1,0,0,1,0,0,0,1,-1,0,0,1,0,0,0,0,0,0,1,0,0,0,-1,0,0,0,0,0,0,1,1,0,-1,0,0,0,0,0,0,-1,0
3801,0,1,-1,1,0,0,0,0,0,0,0,0,0,0,0,0,-1,0,0,0,1,0,0,1,1,1,0,0,-1,0,-1,0,-1,0,0,0,0,0,1,0,0,1,0,0,0,-1,0,0,-1,0,0,0,-1,0,1,-1,-1,0,0,0,0,0,-1,0
3802,0,0,0,0,0,0,1,-1,-1,0,1,-1,0,0,-1,1,-1,1,-1,-1,0,0,0,1,0,0,0,0,1,-1,1,0,-1,0,0,-1,1,0,-1,-1,0,0,0,0,1,0,0,0,-1,0,-1,0,0,0,0,0,0,-1,1,0,1,0,1,0
3803,0,0,0,0,0,-1,0,0,-1,1,0,-1,0,0,1,0,0,0,0,-1,0,0,-1,0,-1,0,0,0,-1,-1,-1,-1,1,1,-1,1,1,0,0,-1,0,0,-1,0,-1,1,0,0,0,0,0,0,0,-1,-1,0,1,0,0,1,1,-1,-1,1
3804,0,1,0,1,0,0,0,-1,1,0,0,1,0,-1,0,0,-1,1,-1,0,1,-1,0,0,0,0,0,1,-1,0,0,1,0,0,1,0,0,0,0,0,0,0,0,0,-1,0,0,0,0,0,0,0,0,-1,0,0,0,1,1,0,0,0,-1,0
3805,0,0,0,-1,1,0,0,0,0,0,0,0,0,0,0,0,0,0,0,-1,0,0,0,0,-1,1,0,1,0,0,0,0,-1,1,0,0,1,0,0,0,0,0,0,1,0,0,-1,0,0,0,0,0,0,0,-1,0,1,0,0,0,0,0,0,-1
3806,0,0,1,-1,0,1,0,0,0,0,0,0,0,0,0,0,0,1,-1,0,0,0,0,0,0,1,0,0,0,0,0,-1,0,1,-1,0,0,0,0,-1,0,0,0,0,0,-1,0,1,0,0,-1,1,-1,0,0,0,0,1,1,-1,0,0,-1,0
3807,0,0,0,0,1,0,0,1,0,-1,0,0,1,0,0,0,0,0,0,0,0,0,0,0,0,1,0,0,-1,1,1,1,0,0,1,-1,1,0,0,-1,0,-1,0,0,1,0,0,0,1,0,1,1,1,-1,0,0,0,0,1,0,0,0,0,0
3808,0,1,0,-1,0,0,1,0,0,0,0,0,0,0,0,-1,0,0,1,0,0,-1,0,0,0,1,-1,0,0,-1,0,0,0,0,-1,1,0,0,0,0,1,1,1,1,1,1,0,0,0,-1,0,0,0,-1,0,0,0,0,0,1,0,0,0,0
3809,1,0,0,1,-1,0,-1,1,0,0,0,0,0,0,1,-1,0,0,-1,0,0,0,-1,0,0,-1,0,0,0,0,-1,0,0,0,0,0,0,1,-1,1,0,-1,0,1,0,-1,0,1,0,1,0,0,-1,0,0,0,1,0,1,-1,0,0,0,0
3810,0,0,0,0,-1,0,0,0,-1,0,0,0,0,0,0,0,-1,-1,0,0,0,1,0,0,1,0,0,0,0,0,0,0,0,0,1,-1,1,0,0,0,0,-1,-1,0,0,-1,-1,0,1,0,0,0,0,0,0,0,-1,0,0,1,0,-1,0,0
3811,1,1,0,0,0,-1,0,0,1,0,0,0,0,0,-1,0,0,1,0,-1,0,0,-1,1,0,0,0,0,-1,0,1,-1,-1,0,0,0,0,0,1,0,0,0,1,0,0,0,0,0,0,0,0,0,0,0,0,-1,-1,0,-1,-1,0,1,1,0
3812,-1,0,1,0,1,0,0,1,0,0,-1,-1,0,-1,0,0,0,0,-1,0,-1,0,0,0,0,0,-1,0,0,0,0,0,0,0,1,0,0,0,0,0,1,0,0,-1,0,0,-1,0,0,1,1,-1,1,-1,0,1,0,0,0,0,0,1,0,0
3813,0,0,0,0,0,-1,1,1,0,-1,0,0,1,0,0,0,0,-1,-1,0,0,0,0,0,0,0,0,1,0,0,0,0,1,0,0,0,1,1,1,0,0,0,1,0,0,0,0,-1,0,0,-1,0,0,0,0,0,0,0,0,0,0,-1,0,0
3814,0,0,0,-1,0,0,1,1,0,-1,1,0,0,0,0,-1,1,-1,0,0,0,0,0,-1,0,0,-1,0,0,-1,0,1,0,0,0,0,0,-1,0,0,0,-1,-1,-1,0,0,-1,-1,-1,0,0,0,1,1,-1,0,0,0,-1,0,0,1,0,-1
3815,0,1,1,0,0,0,1,0,0,1,1,1,0,0,0,1,0,0,1,1,0,0,0,0,0,0,0,0,-1,0,-1,0,0,0,1,0,0,1,0,0,-1,-1,0,0,0,0,-1,0,-1,0,0,1,0,0,1,-1,-1,1,0,0,0,0,-1,1
3816,0,-1,0,0,0,-1,-1,0,-1,1,0,-1,-1,0,1,0,0,0,0,0,-1,-1,0,0,0,0,-1,-1,0,0,0,0,-1,0,0,-1,0,0,0,0,1,-1,0,0,0,-1,-1,-1,0,1,0,0,-1,0,0,1,0,0,0,0,0,0,-1,-1
3817,0,0,0,-1,-1,-1,0,0,0,-1,1,0,-1,1,0,0,-1,0,1,0,0,0,0,0,-1,0,1,0,0,-1,-1,1,0,-1,0,1,1,0,0,1,0,0,1,0,0,0,0,0,0,0,0,0,-1,0,0,1,0,0,0,0,0,0,0,-1
3818,0,-1,0,0,0,1,0,0,-1,1,0,1,0,0,0,0,0,0,-1,-1,0,1,0,0,0,-1,0,-1,0,0,0,0,0,0,1,1,0,0,0,-1,-1,0,0,1,0,1,0,0,0,0,0,0,-1,0,0,-1,0,0,-1,0,0,0,0,1
3819,0,1,-1,0,0,0,0,0,0,0,1,0,0,0,0,-1,0,0,-1,0,0,-1,0,1,0,-1,0,1,0,1,0,0,0,-1,-1,-1,0,0,0,1,0,0,0,0,0,-1,0,0,0,0,-1,1,-1,0,0,0,0,0,0,0,-1,0,-1,0
3820,0,0,0,-1,1,0,0,0,0,0,-1,-1,0,-1,0,0,0,1,-1,0,0,1,-1,0,0,0,0,0,0,-1,0,0,0,0,-1,0,0,-1,-1,0,0,0,0,-1,0,1,-1,-1,0,0,0,1,0,0,0,0,0,0,1,1,1,0,1,1
3821,0,1,0,1,0,1,0,0,0,0,0,-1,-1,0,0,-1,0,0,1,0,-1,-1,0,0,0,0,0,0,-1,0,0,1,0,0,0,0,0,1,0,1,0,0,0,0,1,1,1,0,0,1,0,0,0,0,0,0,0,0,1,1,0,0,-1,0
3822,0,-1,0,-1,0,-1,-1,0,1,0,0,0,0,0,1,-1,0,-1,1,0,-1,0,1,1,-1,0,0,0,0,0,0,1,0,-1,0,0,0,0,0,0,1,0,-1,0,1,0,-1,0,1,1,1,0,0,0,0,0,-1,-1,0,-1,-1,0,-1,1
3823,0,-1,0,0,0,0,-1,0,-1,0,1,0,0,1,1,0,0,0,-1,0,0,1,1,0,0,-1,1,0,1,0,0,0,0,-1,1,0,0,1,0,1,0,-1,0,0,0,0,0,-1,0,-1,0,-1,0,1,0,0,1,-1,0,0,-1,-1,0,0
3824,1,0,1,0,1,0,0,-1,0,-1,1,0,0,1,0,0,1,-1,0,0,1,-1,0,-1,0,0,1,0,1,0,-1,0,-1,0,0,1,-1,0,0,-1,0,0,0,0,-1,0,0,-1,0,-1,0,0,-1,0,0,0,0,0,-1,1,0,-1,0,1
3825,0,0,0,0,0,0,0,0,0,0,-1,0,0,0,0,0,0,0,1,0,0,0,0,0,0,1,0,-1,-1,-1,-1,1,0,1,0,-1,0,-1,1,0,0,-1,1,0,0,-1,-1,1,0,1,0,0,0,-1,1,0,1,-1,1,0,0,1,0,0
3826,-1,0,-1,0,0,0,0,1,0,0,0,0,0,0,-1,0,0,0,0,1,0,-1,0,-1,1,0,0,0,0,-1,0,0,0,0,0,0,0,1,-1,-1,-1,0,1,1,0,0,0,-1,0,0,0,1,0,-1,-1,0,1,0,0,0,0,-1,1,0
3827,-1,0,0,0,0,-1,0,0,0,1,0,0,0,0,0,0,0,1,0,-1,0,0,-1,0,0,0,0,0,0,-1,0,0,0,1,1,0,-1,0,1,0,-1,-1,0,1,-1,0,-1,0,0,1,-1,-1,0,0,0,0,0,1,0,-1,0,0,0,1
3828,0,0,0,0,1,0,1,0,1,0,0,0,0,0,0,0,0,0,0,1,-1,0,0,0,0,0,0,0,0,0,0,0,0,0,0,0,1,0,0,0,0,0,0,0,0,0,0,0,0,-1,0,0,0,-1,0,0,-1,0,0,0,0,0,0,0
3829,0,0,0,0,0,0,0,0,1,0,0,0,0,0,0,0,1,1,0,0,0,-1,0,0,0,1,0,0,0,0,0,0,0,0,1,0,0,0,-1,0,0,0,0,0,0,0,0,1,0,-1,0,-1,0,1,0,0,0,0,-1,0,0,0,1,0
3830,1,0,0,0,0,0,1,0,1,0,0,-1,0,0,-1,1,-1,0,0,0,0,-1,0,0,1,1,-1,0,0,-1,0,0,0,0,1,-1,0,0,0,0,0,-1,0,0,-1,0,0,1,-1,0,-1,0,0,0,0,0,0,0,0,0,0,0,0,1
3831,0,-1,0,0,1,0,1,1,0,1,0,0,0,0,0,1,-1,1,0,0,0,0,0,0,0,-1,1,0,0,-1,0,0,1,0,0,-1,-1,-1,-1,0,0,1,0,-1,0,-1,0,1,0,0,0,-1,0,-1,1,0,0,1,0,0,0,0,1,0
3832,0,0,0,0,0,0,0,-1,-1,0,0,0,0,0,1,0,0,-1,0,0,0,0,1,0,1,-1,0,0,0,0,0,0,0,-1,0,1,0,0,-1,1,0,1,0,0,1,1,0,0,0,0,0,1,0,1,1,0,0,0,-1,-1,-1,1,0,0
3833,-1,1,-1,1,-1,0,0,0,-1,0,0,0,0,1,1,0,-1,0,0,0,0,-1,0,1,0,1,0,0,0,0,0,0,0,0,0,0,1,1,1,0,0,0,1,0,0,0,0,-1,0,1,0,0,1,0,0,1,0,0,0,0,0,-1,0,0
3834,0,0,0,0,0,0,-1,0,-1,0,-1,0,1,1,1,0,-1,0,0,0,-1,0,-1,1,0,1,0,0,0,0,0,0,1,0,0,0,0,-1,0,-1,0,1,0,-1,0,-1,0,-1,1,0,0,0,1,0,0,0,0,0,1,0,0,0,-1,-1
3835,0,1,0,1,0,0,1,1,0,0,0,0,1,0,0,1,0,0,0,1,0,0,0,0,0,0,-1,0,-1,0,0,0,-1,0,0,0,0,0,0,0,0,0,0,0,0,0,0,0,0,0,0,0,0,-1,0,0,0,1,0,0,-1,0,0,-1
3836,0,-1,1,-1,0,0,1,0,1,0,0,1,0,-1,-1,0,0,0,0,0,0,-1,0,0,0,0,0,1,0,0,0,0,0,1,0,1,0,1,-1,1,0,0,-1,0,-1,0,0,0,1,0,0,0,0,0,0,1,0,-1,0,1,0,0,-1,0
3837,0,0,1,-1,0,0,0,0,-1,-1,0,0,0,-1,1,0,0,-1,0,0,0,0,-1,0,0,0,1,0,1,0,1,0,0,0,0,0,-1,0,1,0,-1,0,1,0,1,0,-1,1,1,1,0,0,0,0,-1,0,0,-1,0,1,0,0,1,0
3838,0,0,0,1,0,-1,0,0,-1,0,0,0,0,1,1,-1,-1,0,0,0,0,1,0,0,-1,1,0,0,-1,0,0,0,0,0,0,-1,1,0,0,0,0,0,0,0,0,0,0,0,0,-1,-1,0,0,0,1,0,-1,0,0,0,1,0,-1,0
3839,0,1,0,1,0,1,0,0,0,1,0,-1,1,1,0,1,0,0,0,0,0,0,0,0,0,0,1,0,0,0,-1,0,0,-1,0,1,0,0,-1,0,0,-1,1,0,0,0,0,1,0,0,0,0,0,0,0,0,-1,0,0,0,0,-1,-1,0
3840,0,0,-1,-1,-1,0,1,0,0,1,0,0,0,-1,0,0,-1,0,-1,0,0,1,0,0,-1,0,0,0,0,-1,1,0,0,-1,0,0,0,0,0,0,-1,0,0,0,1,-1,0,0,0,0,0,1,0,0,-1,-1,0,-1,0,-1,1,0,-1,1
3841,0,0,0,0,0,1,0,0,0,-1,0,0,0,0,0,-1,-1,0,0,0,0,1,-1,1,0,0,0,-1,0,0,0,1,1,0,0,0,0,0,0,-1,1,0,1,0,0,-1,0,0,0,0,0,0,1,0,0,0,0,0,1,-1,0,0,-1,-1
3842,0,0,0,1,0,1,0,0,0,-1,1,-1,0,1,0,-1,0,0,-1,0,0,0,-1,0,0,0,0,0,0,-1,0,0,0,1,0,0,0,0,0,0,0,0,0,1,0,0,0,1,0,0,1,0,0,0,0,0,1,0,0,-1,0,1,0,0
3843,-1,0,1,0,0,0,1,1,0,-1,0,-1,0,-1,0,1,0,-1,0,0,0,0,-1,0,0,0,1,1,0,-1,0,1,0,1,0,0,0,0,-1,0,-1,0,0,0,-1,0,0,0,0,0,0,0,0,0,0,0,0,0,-1,-1,0,0,-1,0
3844,0,0,1,0,0,1,0,0,0,0,0,0,1,0,0,-1,-1,1,-1,0,0,1,0,0,0,0,0,0,0,0,0,0,1,0,1,0,0,0,0,0,0,0,0,0,1,0,-1,0,0,0,-1,0,-1,1,0,1,-1,0,0,0,0,-1,0,0
3845,1,0,0,0,0,-1,1,1,-1,0,0,0,0,0,0,-1,0,1,0,1,0,0,0,0,1,0,1,0,0,0,0,0,1,1,0,0,0,0,0,1,-1,0,0,0,0,1,0,0,0,-1,0,1,0,0,0,0,0,0,1,-1,0,0,0,0
3846,0,1,1,0,1,0,0,0,0,0,0,0,-1,1,-1,0,-1,0,-1,1,-1,0,0,1,0,0,1,0,0,0,1,1,0,0,1,0,0,0,0,0,-1,0,0,-1,1,1,0,0,0,0,0,0,0,0,-1,0,0,0,0,0,0,0,1,1
3847,0,1,1,-1,1,1,0,-1,0,0,0,0,0,0,0,0,0,0,0,1,0,0,0,0,0,0,1,1,1,0,1,0,0,1,-1,1,0,0,1,0,0,0,0,0,0,0,0,0,-1,0,1,1,0,0,-1,0,1,0,-1,0,0,0,0,0
3848,0,0,0,0,0,0,0,0,-1,1,0,0,-1,1,0,0,0,-1,0,-1,-1,0,0,0,1,0,0,0,0,0,-1,1,1,1,-1,0,0,-1,-1,0,0,0,0,0,0,0,0,1,0,1,1,-1,0,-1,-1,0,0,-1,0,0,0,-1,0,0
3849,0,0,0,-1,0,-1,0,0,0,0,0,1,0,0,0,-1,0,-1,1,-1,0,1,0,0,0,0,1,0,0,-1,-1,0,0,-1,-1,0,1,1,0,0,-1,0,0,0,0,1,1,0,0,1,1,0,0,0,0,0,0,0,0,-1,0,1,0,0
3850,0,1,1,1,0,0,0,0,0,0,0,0,0,0,0,1,1,-1,1,0,1,0,0,1,0,0,0,0,0,0,0,1,0,0,0,-1,0,0,0,0,0,0,0,0,0,-1,0,-1,0,0,1,0,0,0,0,0,1,-1,0,0,0,0,1,0
3851,1,0,0,0,0,1,0,0,0,0,0,-1,0,0,1,-1,0,0,0,0,0,0,-1,-1,0,-1,0,-1,0,0,0,1,1,0,-1,1,-1,0,0,0,0,1,1,1,0,1,-1,1,0,0,0,1,0,0,-1,0,0,1,1,1,1,0,0,0
3852,0,0,0,0,0,0,1,0,0,0,0,0,0,0,0,0,0,0,-1,-1,0,1,-1,0,0,1,0,-1,0,0,0,0,0,0,0,-1,1,0,1,-1,0,0,0,0,0,1,1,0,0,1,1,0,0,0,0,0,0,0,0,0,0,1,-1,0
3853,0,0,0,0,0,0,1,1,1,0,0,0,0,1,0,0,1,-1,0,0,1,-1,1,0,0,0,0,1,-1,0,1,1,0,0,-1,1,0,1,0,-1,0,-1,-1,-1,-1,0,0,0,1,0,0,1,0,0,1,1,0,-1,-1,0,0,0,0,0
3854,0,0,1,0,0,0,0,0,0,-1,1,0,0,0,1,0,0,1,0,0,-1,1,0,0,0,0,0,0,0,0,-1,0,0,0,0,1,0,-1,1,1,0,1,0,0,0,0,0,1,0,-1,0,-1,-1,0,1,0,0,0,0,0,0,1,0,1
3855,1,0,1,0,0,-1,-1,0,0,1,0,0,0,1,0,0,0,-1,-1,0,0,0,0,0,-1,1,0,0,-1,0,0,1,1,0,1,0,0,0,-1,1,0,0,0,0,0,0,1,-1,0,0,1,0,1,1,-1,-1,0,1,0,0,0,1,0,1
3856,0,0,0,1,0,0,-1,0,-1,0,0,0,-1,0,0,0,0,0,0,0,0,0,-1,0,-1,1,0,1,0,0,1,-1,0,1,1,0,0,0,1,0,0,0,1,-1,0,0,1,0,0,-1,1,0,0,0,1,0,1,0,1,0,-1,-1,1,-1
3857,0,0,-1,0,1,0,0,1,0,0,1,0,0,0,0,1,0,0,0,0,1,0,1,0,0,1,0,0,0,0,0,0,1,0,0,0,0,0,1,0,1,0,1,0,0,0,-1,0,1,-1,0,0,0,0,0,-1,1,-1,0,0,0,0,1,1
3858,1,0,0,0,0,1,0,0,-1,0,0,-1,0,0,-1,-1,0,1,-1,0,-1,0,1,-1,0,0,1,0,0,1,1,1,0,1,-1,0,0,1,0,0,0,0,0,0,0,0,0,1,-1,0,0,0,0,0,1,1,0,-1,0,0,0,0,0,0
3859,-1,-1,0,0,0,0,0,0,0,0,-1,0,0,0,0,-1,0,0,0,0,1,0,0,0,-1,0,0,-1,0,0,-1,0,1,0,1,1,0,0,0,1,1,0,0,1,0,0,0,0,0,-1,1,0,-1,1,0,-1,0,1,0,0,0,1,-1,0
3860,0,0,0,0,0,0,-1,0,1,0,0,1,0,0,1,0,-1,0,1,0,-1,1,0,-1,1,0,0,1,0,0,0,0,0,0,0,0,1,0,0,-1,0,0,0,1,0,0,1,1,0,0,-1,1,1,0,1,0,0,0,0,0,1,1,0,0
3861,1,-1,0,0,0,-1,0,-1,0,0,0,0,0,-1,0,0,0,0,0,0,-1,-1,0,0,0,0,1,0,0,-1,0,1,0,0,0,1,0,0,0,0,0,0,1,0,-1,0,1,0,-1,0,-1,-1,1,1,0,0,1,0,1,0,0,-1,-1,0
3862,0,0,-1,0,0,1,-1,1,0,0,0,1,0,1,1,0,0,-1,0,0,0,0,0,0,0,0,0,-1,1,0,0,0,1,-1,0,0,0,0,0,1,0,1,-1,0,0,-1,0,1,-1,0,0,0,0,0,1,-1,1,-1,-1,0,1,0,0,-1
3863,0,0,1,-1,0,0,0,-1,1,0,-1,-1,0,0,1,0,0,0,0,1,0,1,1,-1,1,1,0,1,0,-1,-1,-1,-1,0,0,0,0,-1,-1,0,0,1,0,0,-1,0,1,1,1,1,0,0,-1,0,0,-1,-1,0,0,0,1,1,1,-1
3864,0,0,0,-1,0,-1,0,0,1,-1,0,0,1,0,-1,0,0,0,0,0,0,0,0,-1,0,1,0,0,0,1,0,0,0,-1,0,-1,0,1,0,1,-1,1,0,-1,1,0,0,0,-1,-1,0,0,0,0,0,0,0,-1,0,-1,-1,0,0,0
3865,1,0,0,0,0,0,1,1,-1,0,0,0,1,1,1,0,0,0,0,0,1,-1,0,0,-1,0,1,0,0,0,-1,0,0,0,1,0,0,0,1,0,-1,0,0,1,0,-1,0,-1,0,0,0,-1,0,0,0,1,0,1,-1,0,-1,-1,0,1
3866,-1,-1,1,0,1,0,0,0,1,0,0,0,0,-1,0,0,-1,1,1,0,0,0,0,0,0,0,0,0,0,-1,-1,0,0,0,0,0,0,0,0,-1,0,0,0,-1,1,1,1,0,0,0,1,0,1,-1,1,-1,0,0,0,0,0,-1,0,-1
3867,0,0,-1,0,0,0,0,0,0,0,1,0,0,0,0,0,-1,0,0,1,0,0,0,-1,0,0,1,0,0,0,0,0,1,0,0,1,-1,0,-1,0,0,0,1,1,0,1,1,0,0,-1,0,-1,-1,0,0,0,0,0,0,0,1,0,1,0
3868,-1,-1,1,0,1,0,0,1,0,0,0,0,0,-1,-1,1,0,0,-1,0,1,-1,0,0,0,0,0,1,0,0,0,0,0,-1,1,1,0,0,0,1,0,0,-1,0,1,0,0,0,1,0,1,0,0,-1,0,1,0,-1,0,0,1,0,0,0
3869,0,0,0,-1,0,-1,1,0,0,0,0,0,0,1,0,0,0,0,0,0,-1,0,0,0,0,0,0,0,0,0,0,0,-1,1,1,-1,0,0,1,0,0,1,0,0,-1,0,-1,0,0,0,0,0,-1,0,0,1,-1,0,-1,0,0,1,0,0
3870,1,0,0,0,0,0,0,-1,-1,-1,0,0,0,-1,0,0,-1,-1,0,0,0,0,0,0,0,0,0,0,-1,0,0,-1,0,0,0,0,-1,1,0,1,0,0,0,0,0,1,0,-1,-1,0,-1,0,0,0,0,0,0,-1,0,0,1,-1,1,0
3871,0,-1,0,0,0,0,0,0,0,-1,0,1,0,1,0,0,0,0,0,1,0,-1,0,0,0,1,1,1,0,0,-1,0,0,-1,1,0,0,0,0,-1,0,-1,0,0,0,1,0,0,0,0,0,0,0,-1,0,0,0,0,1,0,0,1,0,-1
3872,0,0,1,0,0,1,0,0,-1,0,-1,0,0,0,0,0,0,0,-1,0,0,0,0,0,0,-1,0,0,0,0,0,-1,0,0,-1,-1,0,-1,1,0,0,-1,0,0,1,0,0,-1,1,0,0,1,-1,0,0,0,0,0,1,0,0,0,0,0
3873,1,0,1,0,-1,0,0,-1,1,0,0,-1,1,0,0,1,0,0,0,0,1,1,0,0,0,-1,1,-1,0,0,-1,0,0,0,0,0,0,0,1,1,-1,0,0,1,0,-1,0,-1,0,0,0,0,-1,1,0,0,1,0,0,0,1,0,0,0
3874,0,0,0,1,1,0,0,0,0,0,-1,-1,0,0,0,0,0,-1,-1,-1,-1,0,0,0,0,-1,0,0,-1,0,0,0,-1,-1,0,0,0,0,1,0,-1,0,0,0,-1,1,0,0,-1,0,1,-1,0,0,1,0,-1,0,-1,0,0,1,1,0
3875,0,0,0,0,0,0,0,1,0,0,0,0,1,0,0,-1,1,1,0,0,-1,1,0,1,0,-1,0,0,0,0,1,0,-1,0,-1,0,-1,0,0,-1,-1,0,1,0,0,1,0,-1,-1,0,0,-1,0,0,0,0,-1,0,0,1,0,-1,1,0
3876,0,0,0,0,0,0,0,-1,1,0,-1,0,-1,0,0,0,0,0,0,-1,0,0,0,-1,0,-1,-1,0,0,-1,0,1,0,0,0,-1,0,0,0,1,1,-1,0,0,0,-1,0,0,0,0,0,0,0,1,0,1,-1,-1,0,-1,0,0,-1,-1
3877,0,0,-1,0,0,0,1,0,0,0,0,0,1,0,0,0,0,-1,0,0,1,0,1,1,-1,0,-1,1,0,0,1,0,1,-1,-1,1,0,0,0,0,0,-1,0,0,0,1,1,0,1,0,0,0,1,0,1,-1,0,1,0,-1,0,0,0,-1
3878,1,1,0,-1,-1,1,0,0,0,-1,0,0,1,0,0,0,0,1,0,0,-1,-1,0,-1,0,0,0,-1,1,1,0,0,0,-1,0,0,0,-1,1,0,0,1,0,1,0,1,1,0,0,0,1,-1,0,0,0,0,0,0,-1,0,0,-1,0,0
3879,0,1,1,-1,0,0,0,1,0,-1,-1,0,0,0,0,0,1,0,0,1,0,0,0,-1,0,-1,-1,-1,0,1,-1,0,1,0,1,-1,0,0,0,0,0,-1,0,0,0,-1,0,1,0,1,0,0,0,0,-1,0,0,0,0,0,0,-1,-1,0
3880,0,0,0,0,0,-1,0,0,1,0,-1,-1,0,0,-1,0,0,1,0,0,0,1,0,0,0,0,0,0,0,0,0,-1,-1,-1,1,-1,0,-1,0,1,0,-1,-1,0,0,0,0,0,0,1,0,1,0,0,1,0,0,0,0,-1,0,0,-1,-1
3881,0,1,0,0,-1,0,1,0,0,0,0,0,0,0,0,-1,1,1,-1,0,0,0,1,0,0,0,0,0,0,0,0,0,0,-1,0,0,1,0,1,1,-1,-1,1,1,0,-1,1,1,0,1,0,1,1,1,1,-1,0,-1,1,-1,0,0,0,-1
3882,0,-1,-1,0,1,1,0,0,-1,0,0,0,0,-1,0,1,-1,0,0,0,-1,0,-1,0,1,0,0,1,-1,0,-1,0,1,0,0,1,0,0,0,0,0,-1,0,0,0,0,1,0,0,0,0,1,0,0,0,0,0,-1,0,-1,0,1,0,0
3883,0,0,0,0,-1,-1,0,0,0,0,0,0,-1,0,0,0,0,0,-1,0,1,0,-1,0,0,-1,0,1,0,0,0,1,0,0,0,0,0,-1,0,1,0,0,0,0,0,0,0,1,0,1,-1,0,1,1,0,1,0,1,0,0,-1,1,0,0
3884,0,0,1,1,0,0,1,0,0,1,0,0,0,0,1,-1,0,0,1,-1,1,-1,0,0,0,0,0,0,0,1,0,1,0,0,1,0,0,0,-1,1,0,0,0,0,0,0,0,0,0,0,1,0,0,-1,1,1,0,0,0,0,0,1,-1,0
3885,0,0,-1,1,0,0,0,1,0,0,0,-1,0,0,0,0,0,-1,-1,-1,0,1,0,0,0,0,-1,-1,0,0,0,1,1,1,0,1,0,0,0,0,0,0,0,0,0,-1,1,1,1,1,1,0,0,1,1,1,0,0,0,0,1,1,0,0
3886,0,0,0,-1,0,-1,0,0,0,0,0,0,0,-1,1,-1,-1,1,1,0,1,-1,1,0,0,0,0,-1,0,0,0,0,0,0,0,-1,0,0,1,-1,0,1,0,-1,0,1,0,0,0,0,-1,0,-1,-1,1,0,-1,0,0,-1,1,1,0,0
3887,0,0,0,0,0,0,0,0,1,0,1,-1,0,0,0,0,0,0,-1,0,0,0,0,0,0,0,-1,1,0,0,0,-1,0,0,0,0,-1,-1,0,0,0,0,-1,-1,-1,0,0,1,-1,0,-1,0,0,1,0,-1,0,0,1,0,0,0,0,1
3888,0,0,0,-1,1,0,0,0,0,1,-1,0,0,0,-1,0,1,1,0,1,0,0,-1,0,0,0,0,0,-1,-1,0,0,1,0,0,0,0,0,0,0,0,0,0,0,0,0,-1,0,0,-1,-1,0,0,0,0,1,0,1,0,0,0,0,0,0
3889,0,0,-1,-1,0,0,0,0,0,0,0,0,0,0,-1,-1,0,0,0,0,0,0,0,0,1,0,0,1,0,0,0,0,-1,0,1,0,1,0,0,-1,0,1,0,0,0,0,0,0,0,0,1,1,1,0,0,0,0,0,0,0,0,1,0,0
3890,1,0,0,-1,-1,0,0,1,0,1,0,-1,0,0,0,0,1,0,0,0,-1,0,0,0,0,0,0,0,0,1,0,1,-1,0,-1,0,1,0,1,1,0,0,0,0,0,0,0,-1,0,-1,0,0,0,1,0,-1,0,0,0,0,0,0,1,0
3891,0,0,0,0,-1,0,-1,0,-1,1,0,0,-1,0,0,0,1,0,0,-1,0,0,1,-1,0,0,-1,-1,0,-1,0,0,-1,0,0,0,0,0,0,1,0,0,0,0,0,0,0,0,-1,0,0,1,0,0,0,0,0,-1,1,1,-1,0,1,0
3892,1,0,0,-1,0,-1,-1,1,0,0,1,0,-1,0,-1,0,0,-1,1,0,1,0,0,0,1,0,-1,0,-1,0,0,0,0,0,-1,-1,-1,0,1,0,0,0,1,0,0,1,0,1,-1,0,0,0,1,0,0,1,1,0,1,0,-1,0,0,1
3893,0,0,1,0,0,0,0,0,0,-1,-1,-1,0,0,0,0,0,-1,0,0,1,1,0,0,-1,-1,0,0,0,0,0,0,0,0,0,0,0,0,-1,-1,-1,0,0,0,0,0,0,0,0,0,0,-1,0,0,0,0,-1,-1,0,0,1,0,0,0
3894,0,0,-1,-1,1,-1,0,0,-1,0,0,0,1,1,0,0,0,0,0,0,0,0,0,0,0,0,0,0,0,0,0,-1,-1,0,0,0,0,0,0,0,0,-1,1,0,0,0,0,0,0,0,1,0,0,0,0,1,0,0,0,0,1,0,0,1
3895,0,0,0,0,0,0,1,0,0,0,0,0,0,-1,0,0,0,1,0,-1,0,0,1,0,0,0,0,-1,1,0,0,0,0,0,-1,0,0,-1,0,-1,0,-1,0,0,0,0,1,0,0,0,0,-1,0,0,0,0,1,0,1,1,1,0,0,1
3896,0,0,0,0,0,1,0,0,0,0,-1,1,0,0,0,-1,1,0,0,1,1,1,0,0,0,0,-1,1,1,0,0,1,0,0,1,1,0,0,1,1,0,1,0,0,1,-1,-1,0,0,-1,0,0,0,0,1,1,0,0,0,0,0,-1,0,0
3897,1,0,0,0,0,0,1,0,0,0,-1,0,0,-1,0,1,0,0,-1,0,0,0,0,0,0,-1,0,0,1,0,0,0,0,1,0,0,0,-1,-1,0,0,1,-1,1,1,1,0,0,1,0,0,0,-1,0,0,0,1,0,0,0,1,0,0,1
3898,0,0,0,-1,0,0,-1,1,0,0,-1,0,0,0,1,0,0,0,0,0,1,-1,0,-1,0,0,-1,0,0,1,-1,0,0,0,1,0,0,-1,-1,0,1,-1,0,0,0,1,0,1,0,-1,0,0,1,0,1,1,-1,-1,0,0,0,0,1,0
3899,0,0,1,0,1,0,1,0,1,-1,0,0,1,-1,0,0,0,0,-1,0,0,0,0,0,0,0,-1,0,0,0,0,-1,0,-1,-1,0,1,0,0,1,0,-1,1,-1,-1,0,0,-1,0,0,0,-1,0,0,0,1,1,0,0,0,0,0,0,1
3900,1,-1,0,-1,0,0,1,0,0,0,0,-1,0,0,0,0,1,0,-1,0,1,0,0,0,1,0,-1,0,0,0,0,0,-1,1,-1,0,0,0,0,-1,0,0,1,0,0,0,0,-1,0,0,0,-1,0,0,0,0,0,1,1,1,0,0,-1,-1
3901,0,0,1,0,0,0,1,0,0,1,0,0,0,0,0,-1,-1,-1,0,0,0,0,0,0,0,1,0,0,0,0,0,0,0,0,1,1,-1,0,0,0,0,-1,-1,0,-1,0,-1,0,0,0,0,0,0,0,0,0,0,0,0,0,0,0,0,-1
3902,0,1,0,1,0,0,-1,0,-1,0,0,0,0,0,0,1,0,-1,-1,0,0,0,-1,0,1,0,0,0,-1,-1,-1,1,0,0,1,0,0,0,1,0,0,0,0,0,0,-1,0,0,0,-1,-1,0,-1,-1,0,0,0,-1,0,0,0,0,0,1
3903,0,-1,0,1,0,0,0,0,1,1,-1,-1,-1,1,0,0,0,1,0,0,0,0,0,1,0,-1,0,1,0,0,-1,0,0,1,0,0,0,0,0,1,1,0,0,-1,0,0,0,0,0,0,0,0,0,0,0,0,-1,-1,1,1,0,1,0,0
3904,0,-1,0,0,1,0,0,0,-1,0,0,0,1,1,0,0,0,1,0,0,-1,0,0,0,1,0,0,1,0,0,1,0,0,0,0,1,0,0,0,0,0,0,-1,0,-1,0,0,0,-1,0,0,0,1,0,0,0,0,0,0,0,0,0,0,1
3905,0,0,0,0,1,0,1,0,1,0,1,-1,-1,0,0,0,0,0,0,0,-1,0,0,-1,1,0,0,1,0,0,0,0,-1,0,0,0,1,-1,0,0,-1,0,0,1,0,1,0,-1,1,1,0,-1,-1,0,0,0,0,0,-1,0,1,-1,0,1
3906,-1,-1,0,0,1,0,-1,1,0,0,-1,0,1,0,0,0,-1,0,0,1,0,-1,-1,-1,-1,1,0,-1,0,0,0,-1,0,1,-1,0,-1,0,-1,0,0,0,0,1,0,0,0,1,-1,-1,0,0,0,0,0,0,0,1,1,-1,0,0,0,0
3907,1,0,0,-1,1,-1,0,-1,0,1,-1,0,-1,0,1,-1,0,1,0,0,0,-1,0,0,0,0,0,0,0,-1,0,1,1,0,0,0,0,0,0,1,0,0,0,0,1,-1,0,1,0,1,0,1,0,1,-1,0,-1,0,0,1,-1,0,0,0
3908,0,0,0,-1,0,1,0,0,0,-1,1,0,0,-1,0,0,0,0,-1,-1,1,0,0,0,0,0,0,0,0,0,0,0,0,-1,-1,0,0,1,0,0,0,0,0,1,-1,-1,1,0,0,0,0,0,0,0,0,0,0,0,-1,-1,-1,0,0,0
3909,0,-1,1,0,0,0,0,-1,0,0,0,0,0,-1,0,1,-1,0,0,0,0,0,-1,1,0,0,1,0,-1,0,0,0,0,-1,-1,0,-1,0,0,0,0,0,0,0,0,1,0,0,0,0,0,0,-1,0,1,0,-1,0,1,-1,-1,0,0,0
3910,0,0,0,0,1,1,-1,-1,0,-1,1,0,-1,1,1,0,-1,1,-1,1,0,1,-1,0,0,-1,-1,-1,0,-1,0,0,0,0,0,1,0,0,0,0,0,0,0,0,0,0,0,-1,-1,0,0,0,-1,0,1,0,0,-1,0,0,-1,-1,1,0
3911,1,1,0,0,-1,0,0,-1,0,0,0,1,0,0,0,0,-1,0,0,0,0,1,-1,0,0,0,0,1,0,0,0,0,0,1,0,-1,1,0,0,0,0,0,0,0,0,-1,0,0,0,0,0,0,1,0,0,0,0,0,0,1,0,0,1,-1
3912,0,1,0,0,0,1,0,-1,0,0,-1,1,0,0,0,-1,0,0,-1,0,-1,0,0,0,0,-1,-1,0,0,1,-1,1,0,0,0,-1,0,1,1,0,1,0,0,0,0,0,-1,-1,0,0,0,0,-1,0,1,-1,1,1,-1,-1,1,-1,0,0
3913,0,-1,0,1,0,0,0,0,0,1,0,0,-1,1,0,0,0,0,-1,0,0,0,0,1,-1,-1,0,1,-1,0,0,0,1,0,0,0,0,0,-1,-1,0,-1,0,0,-1,-1,0,1,1,1,0,0,-1,-1,0,0,0,0,0,-1,1,0,-1,1
3914,1,0,1,0,0,1,0,0,0,0,0,0,0,0,1,1,0,-1,0,0,1,-1,0,1,0,0,0,0,-1,0,0,0,-1,0,0,0,0,0,0,1,-1,1,0,0,0,0,0,0,1,0,0,0,0,1,0,0,-1,0,-1,1,0,0,0,0
3915,-1,1,0,-1,-1,1,0,0,0,0,0,0,0,0,0,0,1,0,0,-1,-1,0,0,0,0,1,0,0,1,0,-1,1,-1,0,1,-1,-1,1,0,0,1,0,1,1,0,-1,1,0,0,0,0,0,0,0,0,0,0,-1,0,-1,0,0,-1,0
3916,0,1,0,0,0,0,0,1,0,1,0,0,0,0,0,0,0,0,1,0,0,-1,0,0,-1,0,-1,0,0,0,0,0,1,-1,0,1,0,0,0,-1,1,0,0,1,-1,0,0,0,0,0,-1,0,0,0,-1,-1,0,0,0,0,0,0,0,0
3917,0,0,-1,0,1,0,1,0,0,0,0,0,0,-1,0,1,0,0,0,0,0,0,0,0,0,-1,1,0,0,-1,-1,-1,1,-1,0,-1,0,0,0,-1,0,0,0,0,0,0,0,0,1,-1,-1,0,0,0,0,0,-1,0,0,1,0,0,0,-1
3918,0,-1,1,0,0,0,1,1,0,0,0,1,-1,0,0,0,1,0,0,0,0,0,0,0,0,0,0,0,-1,0,-1,0,0,0,1,-1,0,0,0,0,0,0,0,0,0,-1,0,0,0,-1,0,0,0,0,0,0,0,0,0,-1,0,0,0,0
3919,-1,-1,0,-1,0,0,1,0,0,0,0,0,0,-1,0,1,0,1,0,0,0,0,0,0,-1,0,0,0,0,0,0,0,0,1,0,1,0,0,0,1,1,0,0,0,0,1,1,0,0,0,0,0,0,0,0,1,-1,0,0,0,0,0,0,0
3920,1,0,0,1,0,-1,0,-1,0,1,0,0,0,0,0,0,0,0,1,0,0,0,0,0,0,1,0,0,0,0,-1,0,-1,0,-1,-1,0,0,0,1,1,0,-1,1,-1,0,0,0,0,0,0,-1,0,0,0,0,0,0,0,-1,0,0,0,0
3921,0,0,0,0,1,1,0,0,0,0,0,0,-1,-1,0,1,1,0,-1,0,0,0,-1,1,0,0,0,0,1,1,0,0,0,1,0,-1,1,0,0,0,1,0,0,0,0,0,0,1,0,0,-1,0,1,1,1,1,0,-1,0,0,0,-1,0,1
3922,-1,0,0,0,-1,0,-1,1,0,0,0,0,0,-1,-1,0,0,0,-1,0,0,0,1,0,1,1,0,0,0,0,0,0,0,0,0,0,-1,0,-1,0,0,0,0,0,0,0,1,0,0,0,1,0,1,-1,0,1,0,-1,1,0,0,0,0,0
3923,0,0,0,1,-1,-1,1,0,0,0,1,0,0,0,0,0,0,0,0,-1,-1,0,0,0,0,0,0,1,0,1,1,0,1,1,0,0,0,0,1,1,0,0,0,0,0,0,0,1,-1,0,-1,0,-1,1,0,0,1,0,0,0,0,-1,0,0
3924,1,0,-1,0,0,0,0,0,0,0,0,0,-1,0,1,0,0,0,0,1,0,0,-1,0,0,1,0,0,0,1,-1,-1,-1,0,0,0,0,0,-1,0,1,0,0,0,0,0,-1,0,0,0,0,0,-1,1,0,1,0,0,0,0,0,0,1,0
3925,0,0,0,0,0,0,-1,1,1,0,0,0,0,0,0,0,0,0,0,1,-1,0,0,0,0,0,0,1,0,-1,-1,0,1,-1,-1,0,0,0,0,-1,0,0,0,-1,0,0,0,0,0,0,0,0,0,0,0,0,0,0,0,1,0,0,0,0
3926,0,0,1,0,0,0,0,1,0,0,1,0,0,0,1,0,-1,0,0,0,-1,-1,0,0,0,1,-1,0,-1,0,0,0,0,1,0,-1,0,0,-1,0,-1,0,0,-1,0,0,0,-1,0,0,1,-1,0,-1,0,0,0,1,0,0,1,0,0,-1
3927,-1,1,-1,0,0,0,1,0,0,-1,0,1,0,1,0,0,1,0,-1,0,0,0,0,0,0,0,0,1,1,0,-1,0,0,1,-1,0,0,0,-1,0,1,1,0,-1,0,0,-1,0,0,1,1,0,1,1,0,0,0,0,-1,0,-1,-1,1,0
3928,0,0,0,0,0,0,0,0,0,1,0,1,-1,0,0,0,1,0,-1,0,1,0,0,0,0,0,0,-1,0,-1,-1,0,0,1,-1,0,0,0,1,0,0,0,-1,1,0,0,0,0,0,1,1,0,0,0,-1,0,0,0,0,0,0,0,1,1
3929,0,0,1,0,0,-1,0,0,0,-1,0,0,-1,0,-1,0,1,0,0,0,0,0,-1,0,0,1,0,0,0,0,-1,0,1,-1,0,0,1,0,0,0,-1,1,0,0,1,0,1,0,0,0,0,0,0,0,0,1,0,0,1,0,0,0,0,0
3930,0,1,0,0,0,-1,-1,0,-1,0,0,0,0,0,-1,1,0,0,0,1,0,0,1,-1,0,0,0,0,0,0,-1,0,1,-1,0,-1,-1,0,1,0,0,0,0,1,-1,1,-1,1,0,0,1,0,0,0,0,0,-1,0,0,0,-1,0,0,1
3931,0,1,-1,0,0,0,0,0,0,0,0,0,0,0,0,1,0,0,0,1,1,-1,-1,0,1,0,1,0,-1,-1,-1,-1,-1,0,-1,0,0,0,0,-1,-1,-1,0,-1,0,1,0,0,0,0,0,0,0,0,0,0,0,0,0,1,0,0,1,0
3932,1,0,0,0,0,0,-1,0,0,0,-1,0,0,0,-1,-1,1,0,0,1,0,0,0,0,0,0,0,0,0,0,0,0,0,0,-1,0,-1,0,0,1,0,0,0,0,1,1,0,0,0,-1,1,0,0,0,0,-1,0,0,-1,0,-1,0,0,-1
3933,1,0,0,0,-1,0,0,0,-1,0,0,0,0,0,-1,0,0,-1,0,0,-1,0,1,0,0,1,0,0,0,0,0,-1,0,0,-1,-1,0,-1,0,-1,0,0,0,0,0,0,1,0,1,0,-1,0,1,1,-1,0,-1,-1,0,0,0,1,0,0
3934,0,0,1,0,-1,0,0,0,1,-1,0,1,-1,0,-1,1,0,0,1,0,1,0,-1,0,0,0,-1,0,0,0,0,0,1,0,0,-1,0,1,0,-1,-1,-1,1,1,1,0,0,-1,-1,0,0,-1,0,-1,0,-1,0,0,0,0,0,0,0,0
3935,0,0,0,0,-1,-1,0,1,0,0,0,0,0,0,1,0,0,1,0,0,1,1,0,1,-1,0,0,0,0,0,0,1,0,0,-1,-1,1,1,0,-1,0,-1,0,0,0,0,0,1,1,0,1,0,0,0,-1,0,1,1,1,0,0,0,-1,0
3936,0,1,1,1,0,0,0,0,-1,0,-1,0,0,1,0,0,0,-1,0,0,0,0,0,-1,0,1,0,0,0,0,0,0,0,0,0,0,0,0,1,0,0,0,0,0,0,0,0,0,0,-1,1,1,1,0,0,0,0,0,1,-1,0,-1,1,0
3937,1,0,1,0,0,0,-1,1,-1,0,-1,-1,0,1,0,0,0,-1,0,-1,1,0,1,0,1,0,1,0,-1,-1,-1,0,-1,1,0,0,1,0,-1,-1,0,0,0,-1,0,1,-1,0,0,1,0,0,-1,0,0,0,0,0,0,1,0,0,-1,0
3938,0,0,0,0,1,0,-1,0,0,0,1,0,0,0,0,0,0,0,0,-1,-1,0,-1,1,1,0,0,1,0,0,0,0,0,0,1,0,0,0,0,1,0,0,0,-1,0,0,0,1,0,1,0,0,1,0,1,0,0,0,0,0,0,0,0,0
3939,0,0,0,0,0,0,0,-1,0,0,0,0,0,0,0,0,0,0,0,0,0,-1,0,0,0,0,0,1,0,-1,-1,-1,1,0,0,1,0,1,0,1,0,0,0,1,0,0,0,0,0,-1,0,0,1,0,0,0,-1,0,0,0,1,0,0,0
3940,0,0,1,0,0,0,-1,1,1,0,0,-1,0,0,0,-1,0,-1,0,0,1,-1,0,0,-1,1,0,0,-1,0,0,0,0,1,0,1,0,0,-1,0,1,0,0,1,0,0,0,0,0,0,-1,0,0,-1,0,1,-1,0,1,0,0,0,0,0
3941,0,1,1,-1,-1,0,1,0,1,0,0,0,-1,1,0,0,-1,-1,0,0,-1,0,0,0,0,0,0,0,-1,0,-1,-1,0,0,0,0,-1,1,0,-1,0,-1,-1,0,0,0,0,0,0,-1,0,-1,0,0,0,-1,0,0,0,-1,0,0,-1,0
3942,0,0,0,0,0,0,0,0,1,1,0,0,-1,0,0,0,0,1,-1,0,0,0,0,0,0,0,0,0,0,0,-1,0,0,0,0,0,-1,1,0,0,-1,0,0,0,-1,0,-1,0,-1,0,0,0,0,0,0,0,0,0,0,0,-1,0,0,0
3943,1,0,0,0,0,0,0,0,0,1,0,-1,-1,0,1,0,0,0,1,0,-1,0,0,0,0,0,-1,0,-1,0,0,0,0,0,0,0,0,0,-1,0,0,0,0,0,-1,0,0,0,0,0,0,0,0,1,-1,0,0,0,0,0,1,1,-1,1
3944,0,1,0,0,0,0,1,0,-1,-1,1,-1,0,0,-1,0,0,-1,-1,1,0,0,0,1,0,0,0,0,0,0,0,0,0,0,0,0,1,0,0,-1,0,0,-1,1,0,0,1,-1,0,0,0,0,0,0,0,0,0,0,1,0,0,0,0,0
3945,0,-1,0,-1,0,1,0,0,0,1,-1,0,0,0,-1,0,0,0,0,1,1,1,0,0,0,-1,0,0,0,1,0,0,0,0,0,0,0,0,1,-1,0,-1,0,0,0,1,-1,1,0,0,0,0,1,-1,0,1,1,1,0,-1,0,0,-1,0
3946,0,0,0,1,1,0,0,1,0,0,0,-1,-1,1,1,1,1,0,0,1,0,1,0,-1,1,0,0,0,1,-1,0,0,1,1,0,0,1,-1,-1,0,-1,0,0,0,0,1,1,0,1,1,0,0,-1,0,0,0,-1,0,0,1,0,-1,0,0
3947,0,0,0,0,0,1,0,0,0,0,0,0,0,0,-1,1,0,-1,0,0,0,-1,-1,0,1,1,0,0,0,0,0,0,0,0,0,0,1,0,0,0,0,0,-1,0,-1,0,0,0,-1,0,0,1,0,0,1,0,0,-1,0,0,0,0,0,0
3948,-1,0,0,0,0,0,0,0,-1,0,0,1,0,0,0,1,-1,-1,1,0,0,0,-1,0,0,0,0,0,-1,0,-1,-1,0,0,0,1,-1,1,1,0,0,-1,0,0,0,0,1,0,1,0,0,0,1,0,0,0,0,0,1,-1,1,0,0,0
3949,-1,0,-1,0,0,-1,-1,0,1,-1,0,0,0,0,0,1,0,0,0,0,0,-1,0,1,-1,1,0,0,0,-1,0,1,1,0,1,0,0,0,0,0,-1,-1,0,0,0,1,0,0,0,0,0,1,-1,0,0,0,-1,0,0,-1,0,0,0,-1
3950,-1,0,0,1,0,-1,1,0,0,0,1,1,0,0,-1,1,-1,1,0,0,0,0,0,0,1,0,0,0,1,0,0,0,1,1,1,1,1,0,1,-1,1,-1,-1,1,0,0,1,0,0,-1,0,0,0,0,-1,-1,-1,0,1,1,0,0,1,0
3951,-1,0,0,1,-1,0,0,1,0,0,0,-1,0,0,0,-1,0,0,-1,-1,0,0,0,0,0,0,0,0,0,-1,0,0,-1,-1,1,1,0,0,0,0,0,0,0,0,0,0,-1,0,-1,-1,-1,1,1,0,0,1,1,-1,1,0,-1,-1,0,-1
3952,0,0,0,0,0,1,0,0,0,1,0,1,0,1,0,0,0,0,0,1,-1,-1,-1,0,0,1,-1,0,0,0,0,1,0,0,1,0,1,0,0,-1,0,0,-1,0,1,1,0,0,0,-1,-1,0,0,0,-1,0,1,1,0,1,1,0,0,-1
3953,0,0,0,0,0,-1,0,1,0,0,0,0,0,0,0,1,0,0,0,0,-1,1,-1,1,0,-1,0,0,0,0,0,0,0,0,0,0,0,1,0,0,-1,0,0,0,-1,0,0,-1,0,0,0,-1,-1,1,0,0,0,0,-1,-1,0,0,0,0
3954,0,1,-1,-1,1,0,0,-1,0,0,0,-1,1,0,0,0,0,1,0,0,0,0,0,-1,0,0,0,0,0,0,0,0,0,-1,1,-1,1,0,1,0,0,0,0,0,0,0,-1,0,1,1,0,0,0,0,-1,0,0,0,0,1,0,0,0,0
3955,0,0,0,0,0,0,0,0,0,0,1,0,1,1,0,0,0,0,0,-1,-1,0,1,0,0,-1,-1,0,0,-1,1,-1,0,0,1,1,0,1,0,1,1,0,1,0,-1,0,0,0,-1,1,0,-1,-1,0,0,1,0,0,1,0,1,0,0,0
3956,0,1,0,-1,-1,0,0,0,0,0,0,0,0,0,-1,0,0,0,1,0,0,0,0,0,0,0,0,1,0,0,0,-1,-1,0,1,0,0,0,-1,0,0,0,0,0,0,-1,0,0,0,-1,1,-1,1,-1,0,-1,0,1,0,0,0,0,1,1
3957,-1,0,-1,0,1,-1,1,0,0,0,1,0,0,0,1,0,0,0,0,0,1,0,1,1,1,1,1,0,0,1,1,0,0,1,1,0,0,0,0,0,1,0,1,1,0,0,0,1,0,0,0,1,0,0,-1,1,1,0,-1,0,0,-1,0,0
3958,0,0,0,0,0,-1,0,1,1,0,0,0,0,-1,0,0,1,0,1,-1,0,0,0,0,0,-1,0,0,1,0,1,0,0,-1,-1,0,0,0,0,1,1,0,1,0,1,1,0,0,-1,1,-1,-1,0,0,1,0,1,1,0,0,0,0,0,0
3959,-1,0,0,0,1,0,1,0,0,-1,0,0,0,0,0,0,0,0,0,0,0,0,0,-1,0,0,0,0,0,0,1,0,0,1,0,0,0,0,0,0,0,0,0,0,0,0,0,0,0,0,-1,0,0,0,0,1,1,0,0,-1,1,1,0,-1
3960,0,0,1,-1,-1,0,-1,-1,-1,-1,0,1,0,0,-1,0,1,0,0,0,-1,0,0,0,-1,0,-1,0,0,0,0,0,0,1,-1,0,1,0,1,-1,0,-1,0,0,-1,0,-1,0,0,-1,0,0,0,0,0,1,0,0,1,0,0,0,0,0
3961,-1,0,0,-1,0,0,-1,-1,0,0,0,0,-1,0,0,0,0,1,1,0,0,0,0,0,0,0,0,0,0,0,-1,0,0,0,0,0,-1,0,1,0,0,0,0,0,0,1,1,0,0,0,-1,0,0,0,0,0,0,0,0,1,1,0,0,0
3962,0,-1,0,0,1,-1,0,0,0,1,0,0,0,0,1,0,1,0,0,1,0,0,0,0,0,-1,0,0,-1,0,0,1,0,0,1,0,1,-1,-1,0,-1,-1,0,0,0,1,-1,-1,-1,-1,0,0,1,0,0,-1,0,-1,0,1,0,0,-1,1
3963,0,0,0,0,-1,-1,0,0,0,1,0,-1,0,0,0,0,1,0,0,0,0,1,0,0,0,1,-1,1,0,1,-1,0,0,0,1,1,0,0,0,0,1,1,-1,-1,0,-1,0,1,1,0,-1,0,0,0,0,0,0,0,-1,1,0,1,1,0
3964,-1,0,-1,0,0,1,-1,-1,0,0,0,0,0,0,0,0,0,1,0,-1,1,0,0,0,0,1,0,0,1,1,-1,0,0,0,0,-1,0,0,-1,0,0,0,1,0,0,0,0,0,0,0,0,-1,0,1,0,0,0,0,0,1,0,0,-1,0
3965,0,0,0,0,0,0,0,0,1,0,0,0,0,0,0,0,0,0,-1,0,1,1,0,0,-1,0,0,0,-1,0,0,-1,0,0,0,0,0,0,0,1,1,0,1,-1,0,-1,0,0,0,0,-1,0,0,0,0,0,0,0,1,-1,1,1,0,0
3966,0,0,0,0,0,0,0,0,0,0,0,1,-1,0,0,0,0,1,-1,0,0,0,0,-1,0,0,0,0,0,0,0,0,-1,0,0,0,-1,-1,0,1,1,0,0,0,0,-1,0,0,0,-1,0,1,0,0,0,0,0,0,1,0,0,0,-1,1
3967,0,-1,0,-1,0,0,0,0,1,0,0,0,-1,0,0,0,-1,1,0,-1,1,-1,0,1,0,0,-1,1,-1,-1,0,0,0,-1,0,0,0,0,0,0,0,0,0,0,0,0,0,-1,0,1,0,0,-1,0,-1,0,0,0,-1,-1,-1,0,0,0
3968,0,0,0,0,0,0,1,0,0,0,-1,0,-1,0,1,1,0,1,1,0,1,0,1,0,0,0,-1,0,0,0,0,-1,-1,0,0,0,0,-1,0,1,0,0,0,-1,1,0,0,0,0,-1,1,1,0,1,0,1,0,0,0,0,0,0,0,1
3969,0,1,0,1,1,0,-1,1,0,0,1,-1,-1,-1,0,0,0,-1,0,0,0,-1,0,0,1,-1,1,1,0,0,0,1,-1,-1,0,1,-1,0,-1,0,1,0,0,0,1,-1,0,1,0,0,0,-1,-1,0,1,0,1,0,0,0,-1,-1,0,0
3970,1,0,1,0,0,0,-1,0,0,0,0,0,0,0,-1,-1,0,0,0,0,0,1,0,0,0,0,0,0,0,0,-1,0,1,0,-1,0,0,0,1,-1,1,0,0,0,0,1,0,0,0,1,0,0,-1,0,0,-1,1,0,0,0,0,1,0,0
3971,0,0,1,0,0,-1,-1,0,0,1,0,0,0,0,0,1,0,1,0,1,-1,1,0,0,0,0,1,1,0,0,0,1,0,0,0,0,-1,0,0,-1,-1,0,0,0,1,0,0,0,1,1,1,1,0,0,0,0,0,0,0,0,0,1,-1,0
3972,0,0,0,0,-1,0,0,-1,-1,0,0,-1,0,0,1,-1,0,0,-1,1,-1,-1,0,0,0,0,-1,-1,-1,1,0,0,1,0,1,0,1,0,0,0,-1,0,1,0,0,1,-1,0,1,0,0,0,0,0,1,0,0,0,-1,0,1,0,0,0
3973,-1,-1,0,-1,-1,0,1,0,-1,1,0,0,0,1,0,-1,0,0,0,0,0,0,1,-1,0,1,-1,0,0,0,0,0,1,1,0,0,0,1,-1,-1,0,0,-1,1,0,0,-1,0,0,0,-1,1,-1,0,0,0,-1,0,-1,0,0,0,0,-1
3974,0,0,0,0,0,1,0,1,1,1,-1,1,0,-1,1,0,0,1,0,0,0,0,-1,0,1,0,0,0,0,-1,-1,1,1,1,0,0,0,0,-1,1,1,0,0,0,1,0,-1,-1,0,-1,0,0,0,0,0,1,0,-1,0,0,0,0,-1,1
3975,1,1,1,0,-1,0,0,0,0,0,-1,-1,0,1,1,0,1,0,0,0,-1,0,-1,0,0,0,0,0,0,-1,0,0,-1,0,0,0,1,0,-1,0,1,0,0,-1,-1,1,0,1,0,0,0,0,-1,0,0,0,0,-1,0,0,-1,0,0,1
3976,-1,0,0,0,0,0,0,0,0,1,0,1,0,0,0,0,0,0,0,0,1,0,1,0,0,0,0,0,-1,1,0,0,1,0,0,1,0,0,0,0,0,0,0,0,0,1,0,0,0,0,1,0,0,0,0,0,0,0,0,1,0,0,-1,0
3977,0,0,0,0,1,0,0,0,0,1,0,-1,0,0,-1,0,1,1,0,0,0,0,1,-1,0,0,0,1,-1,0,0,0,0,1,1,0,0,0,0,1,0,-1,1,0,-1,0,1,1,0,0,0,0,0,-1,0,-1,1,-1,-1,0,0,0,1,1
3978,-1,0,-1,0,0,0,0,-1,0,0,0,1,0,0,0,0,0,0,-1,0,-1,0,0,0,0,0,-1,0,0,0,0,-1,0,0,0,0,1,0,1,1,0,0,-1,0,0,0,0,1,0,1,-1,-1,0,1,1,0,1,0,0,0,0,-1,0,0
3979,0,0,-1,0,0,-1,0,1,1,0,-1,0,0,0,0,1,0,1,-1,0,0,-1,0,0,0,0,-1,0,0,0,0,-1,0,0,0,1,0,0,0,-1,1,0,0,0,0,0,0,0,-1,0,0,1,1,0,1,0,0,-1,0,-1,0,0,0,-1
3980,0,1,0,1,1,0,0,0,1,0,0,0,-1,0,0,0,1,0,0,0,0,0,1,0,0,0,0,0,0,-1,1,0,0,-1,0,1,0,0,1,0,1,1,1,1,0,0,0,0,1,0,1,0,0,0,0,0,0,1,0,-1,0,0,0,1
3981,-1,0,-1,0,0,0,0,1,-1,0,0,0,0,1,0,-1,0,0,0,0,0,0,0,0,1,-1,0,-1,0,0,-1,1,0,-1,0,-1,0,0,0,0,0,0,1,0,0,-1,0,0,0,0,0,0,0,0,-1,0,0,0,-1,1,0,0,0,0
3982,0,0,1,-1,0,1,0,0,0,0,0,0,1,1,0,0,0,1,1,-1,0,-1,0,1,1,0,0,0,-1,0,0,-1,0,0,1,0,0,0,1,1,-1,0,0,0,1,-1,0,-1,-1,0,0,0,0,1,1,0,0,1,-1,1,1,0,-1,1
3983,-1,0,1,0,0,-1,0,0,-1,0,-1,0,0,0,0,0,0,-1,0,0,1,0,-1,0,0,0,0,-1,0,0,0,-1,0,0,0,-1,0,0,-1,0,-1,0,0,0,0,0,1,-1,0,0,0,0,0,0,0,0,0,-1,-1,1,-1,0,1,0
3984,1,-1,0,0,-1,0,0,0,0,1,-1,0,-1,0,-1,0,1,0,0,0,0,0,-1,0,0,-1,0,1,0,-1,1,0,0,0,0,0,1,0,0,1,0,-1,0,0,1,0,0,-1,-1,1,0,0,0,0,0,0,0,0,0,0,0,0,1,0
3985,1,-1,0,0,0,0,0,-1,0,1,-1,0,0,0,0,0,-1,0,1,1,1,-1,0,0,-1,0,0,0,0,1,0,0,1,0,1,0,0,-1,-1,-1,0,1,0,0,0,1,1,1,1,-1,-1,0,-1,0,0,0,0,0,0,-1,0,0,0,1
3986,1,0,0,0,0,0,0,0,0,0,0,-1,0,0,-1,1,-1,1,0,-1,0,0,0,0,0,1,0,0,-1,0,0,-1,0,1,0,0,0,0,-1,0,-1,1,0,0,-1,0,0,0,0,-1,1,-1,0,0,-1,0,0,-1,0,1,0,0,1,0
3987,1,0,-1,0,-1,-1,1,0,0,-1,0,1,-1,0,0,0,0,0,0,0,0,1,0,1,0,1,0,1,0,-1,-1,-1,0,-1,-1,0,0,0,0,0,0,-1,0,-1,0,0,-1,0,0,0,0,0,1,0,0,0,1,1,0,-1,0,-1,0,0
3988,0,1,0,0,0,1,0,-1,0,1,0,0,0,0,0,0,0,0,-1,0,1,0,0,0,1,0,0,0,0,-1,-1,0,0,0,0,-1,1,0,-1,0,1,0,0,0,0,-1,0,0,0,0,0,0,-1,0,0,1,0,0,-1,0,0,-1,0,0
3989,0,0,1,1,0,0,0,-1,0,0,0,0,0,0,0,0,0,1,0,-1,0,0,0,0,0,0,1,0,0,-1,0,-1,1,0,0,1,0,0,-1,1,-1,0,0,0,0,0,-1,0,0,1,-1,0,1,0,0,0,1,0,0,0,0,0,1,-1
3990,0,0,0,-1,-1,0,0,0,0,0,0,0,0,1,0,0,-1,0,0,0,0,0,0,0,0,1,0,0,0,0,1,0,0,0,0,-1,0,0,0,-1,0,0,0,1,0,0,1,0,0,0,-1,0,1,0,-1,0,0,1,0,0,1,0,0,0
3991,0,0,1,0,0,-1,1,-1,1,0,-1,0,0,-1,1,1,0,0,0,0,0,0,0,-1,0,1,1,0,0,1,0,0,0,-1,0,-1,1,-1,0,-1,0,0,-1,0,1,0,0,-1,-1,1,-1,0,0,-1,-1,0,0,0,0,1,1,0,1,0
3992,0,0,-1,1,-1,0,0,0,-1,0,0,0,1,1,1,1,0,1,0,1,1,0,0,0,1,1,0,-1,1,1,-1,0,0,-1,0,1,0,0,0,-1,1,0,0,0,0,1,1,-1,0,0,0,0,-1,0,0,1,1,0,-1,0,0,0,0,1
3993,0,-1,1,0,0,0,0,0,-1,0,0,-1,0,0,0,0,1,1,0,0,0,0,0,0,0,-1,0,0,0,0,-1,-1,0,0,1,0,0,-1,-1,0,0,0,1,0,0,0,-1,0,0,-1,0,0,0,-1,0,0,-1,0,1,1,1,0,0,0
3994,0,0,0,-1,0,1,0,0,0,-1,0,0,0,0,-1,1,0,0,0,0,0,0,1,0,0,0,-1,-1,-1,0,0,1,-1,0,0,0,1,0,-1,0,1,0,0,1,0,-1,0,0,0,1,0,1,0,0,1,0,0,0,0,0,0,0,0,0
3995,0,1,1,0,0,1,1,0,0,-1,0,-1,0,0,0,-1,0,0,0,1,0,0,0,-1,-1,1,0,0,1,-1,0,1,-1,0,-1,0,0,0,0,-1,0,-1,-1,0,0,0,-1,0,-1,0,-1,0,0,-1,1,0,1,-1,1,0,-1,0,0,0
3996,1,0,0,0,-1,-1,0,-1,0,0,0,-1,-1,0,1,-1,0,0,0,0,1,-1,-1,0,0,0,-1,1,0,1,0,0,0,0,-1,0,0,0,0,1,0,0,0,0,0,0,0,0,0,0,0,0,-1,0,0,-1,0,0,0,0,0,0,-1,1
3997,0,0,0,0,0,1,0,1,1,1,1,0,0,0,0,0,0,0,0,0,0,0,-1,0,-1,-1,0,1,1,0,0,-1,0,1,1,0,0,0,0,0,0,0,0,0,0,0,1,-1,1,0,0,0,0,0,0,1,0,0,0,0,1,0,1,0
3998,0,-1,0,-1,0,-1,0,0,0,0,1,-1,0,1,0,0,0,0,0,0,0,0,0,0,0,0,-1,0,0,0,0,-1,0,0,0,0,-1,0,0,0,1,1,1,0,0,0,1,0,0,0,0,0,-1,0,1,-1,0,1,0,0,1,-1,0,1
3999,0,0,1,0,0,0,1,0,0,0,0,0,-1,0,0,0,0,0,1,0,0,-1,1,0,1,-1,0,0,0,0,0,1,0,-1,1,0,-1,-1,0,0,0,0,0,-1,0,0,-1,0,0,-1,0,0,0,1,0,0,0,1,-1,0,-1,0,0,0
4000,1,0,0,0,1,0,0,0,0,0,1,0,0,0,1,1,0,0,0,0,-1,0,0,0,0,0,0,0,0,-1,-1,-1,0,1,-1,0,0,1,0,0,0,0,0,0,1,0,-1,0,1,1,-1,1,0,0,0,0,0,1,0,0,0,0,0,-1
4001,-1,-1,1,1,0,0,0,-1,-1,0,-1,0,0,0,-1,-1,0,-1,0,0,0,1,0,0,0,0,0,0,0,1,0,0,-1,-1,0,0,0,1,-1,0,0,-1,0,0,1,0,0,1,1,0,0,0,0,-1,1,0,0,0,0,-1,0,0,1,-1
4002,0,0,-1,0,-1,0,-1,0,-1,0,0,1,0,-1,-1,0,0,0,1,0,0,0,-1,0,0,-1,-1,-1,-1,0,0,1,0,0,0,0,0,0,0,-1,0,0,0,0,0,1,1,-1,0,-1,1,0,-1,0,0,0,-1,-1,0,0,-1,1,0,0
4003,1,-1,0,-1,-1,1,0,-1,-1,-1,0,0,0,0,-1,0,-1,1,0,0,0,1,1,0,0,0,1,0,-1,0,0,0,1,0,1,0,1,0,0,0,0,0,0,0,0,-1,0,-1,0,1,0,-1,0,1,0,0,0,1,0,1,0,-1,0,1
4004,1,0,0,-1,0,-1,-1,0,0,-1,0,0,0,0,-1,0,0,0,-1,0,0,0,0,0,0,1,0,0,0,-1,1,0,0,0,0,0,0,0,0,1,-1,0,0,0,1,1,0,0,0,0,0,0,0,0,0,1,0,1,1,0,-1,1,0,0
4005,-1,0,0,0,0,0,-1,-1,0,1,0,0,0,0,0,0,0,-1,0,0,1,0,-1,-1,0,-1,0,0,0,-1,0,0,0,-1,1,0,0,0,0,-1,0,0,0,-1,0,-1,1,-1,1,1,-1,0,0,-1,-1,0,1,0,0,1,0,0,0,-1
4006,0,0,0,0,-1,0,0,1,0,-1,-1,0,0,0,0,1,0,1,0,0,1,0,-1,0,-1,0,1,1,0,0,0,0,0,0,0,1,-1,0,0,-1,-1,0,0,0,-1,0,0,0,1,1,1,0,-1,-1,-1,0,0,0,0,0,0,0,0,-1
4007,0,0,1,0,0,1,0,0,0,0,0,0,0,0,0,0,0,0,1,0,-1,1,0,1,-1,-1,0,0,0,0,1,0,0,-1,0,0,0,0,0,0,0,0,0,-1,1,0,1,0,0,0,-1,0,-1,0,0,0,-1,1,1,0,0,0,-1,0
4008,0,0,-1,0,-1,0,-1,0,0,1,-1,0,-1,0,0,1,0,1,0,0,-1,-1,1,0,0,0,0,-1,0,0,0,1,0,-1,1,-1,0,0,0,-1,0,-1,0,0,0,-1,-1,0,0,0,0,0,-1,0,1,0,1,0,-1,-1,0,0,0,0
4009,0,0,0,0,0,0,0,0,0,0,0,-1,0,0,0,1,0,0,1,0,0,0,0,1,0,1,1,0,0,1,0,1,-1,0,0,0,0,-1,1,0,0,0,1,0,1,-1,0,0,0,0,0,0,1,-1,0,-1,0,0,1,1,0,0,1,0
4010,-1,1,0,-1,0,0,1,0,0,0,-1,-1,0,0,0,-1,0,0,0,0,0,0,0,0,-1,-1,0,0,0,0,0,0,0,1,0,0,1,0,-1,1,0,0,1,0,1,0,0,1,0,0,0,0,0,0,1,0,0,1,0,0,0,0,0,0
4011,0,0,1,0,0,-1,-1,1,1,-1,0,0,-1,0,0,0,1,0,1,1,1,0,0,0,0,0,-1,1,0,0,0,0,0,0,0,0,0,0,0,0,-1,0,0,1,-1,1,0,0,0,0,0,0,1,0,0,0,0,0,1,0,1,-1,0,1
4012,0,0,1,-1,1,1,0,0,-1,0,0,0,1,-1,1,0,1,0,0,1,0,0,0,0,0,0,1,-1,0,1,0,1,0,1,1,1,1,0,1,1,0,0,0,0,0,1,0,0,0,0,0,1,-1,0,0,1,0,0,-1,0,0,0,1,0
4013,1,0,0,-1,0,1,0,1,0,1,1,0,0,-1,0,0,0,0,0,1,-1,0,0,0,0,0,0,0,0,-1,0,0,0,0,0,0,0,1,-1,0,0,1,-1,-1,0,-1,1,0,1,1,0,-1,0,0,0,0,0,0,0,-1,0,0,0,0
4014,0,0,0,0,0,1,0,0,0,0,0,0,0,1,0,-1,1,0,0,0,0,0,1,0,0,0,0,0,0,0,-1,0,-1,-1,1,0,0,1,0,0,0,-1,0,0,-1,1,1,0,0,0,1,-1,0,0,0,-1,1,0,0,0,0,0,0,0
4015,-1,0,-1,0,0,1,1,-1,0,-1,0,0,1,0,0,0,-1,0,0,0,0,0,1,-1,-1,-1,0,0,-1,-1,0,0,-1,1,0,-1,0,0,0,-1,0,0,1,0,0,0,0,0,1,1,0,0,1,0,0,0,1,0,-1,-1,-1,0,-1,0
4016,0,-1,0,0,0,0,1,0,1,0,1,0,0,1,0,-1,1,0,0,0,0,0,-1,0,0,0,-1,0,1,0,-1,0,0,0,0,0,-1,-1,1,-1,0,0,0,0,1,0,1,0,0,0,1,-1,0,0,1,0,1,0,0,0,0,-1,0,0
4017,-1,1,0,0,0,0,-1,1,0,1,0,0,1,0,0,0,1,0,0,0,0,0,-1,0,0,0,0,-1,0,0,0,0,0,-1,0,-1,0,1,0,0,-1,-1,0,0,1,0,0,0,0,1,0,0,0,-1,-1,0,1,0,0,0,0,0,-1,-1
4018,0,0,0,0,0,1,0,0,0,0,-1,-1,0,0,1,-1,0,1,0,0,0,0,0,0,1,0,0,0,0,-1,-1,0,0,0,1,0,0,0,0,0,0,0,1,0,0,0,1,0,0,0,0,-1,1,0,-1,0,0,0,0,0,-1,0,0,-1
4019,0,0,0,0,-1,1,0,1,0,0,-1,-1,0,0,1,-1,0,-1,0,0,0,-1,0,-1,0,-1,-1,0,0,-1,1,0,0,-1,0,-1,0,-1,0,0,1,0,0,0,0,0,0,0,1,-1,1,-1,0,-1,0,0,0,0,1,1,0,-1,1,0
4020,0,1,-1,0,0,0,-1,0,0,0,1,0,0,0,-1,0,-1,0,-1,0,-1,0,0,1,0,0,0,0,0,0,0,0,0,0,0,1,0,0,1,0,1,0,0,0,0,0,-1,0,-1,0,0,0,0,0,1,0,0,0,0,0,0,0,0,1
4021,1,-1,0,1,-1,0,0,-1,0,0,0,0,-1,0,1,0,0,-1,0,1,0,0,0,0,-1,-1,0,0,0,0,0,-1,-1,0,0,0,1,0,1,0,0,0,-1,-1,0,1,0,-1,0,0,-1,0,0,0,1,1,-1,0,0,-1,1,-1,1,0
4022,0,0,0,0,0,0,0,0,1,0,1,0,0,0,0,1,-1,-1,0,0,1,0,-1,0,1,0,0,-1,0,0,0,0,0,1,-1,0,0,-1,0,-1,0,0,0,0,0,0,-1,1,1,0,1,0,0,0,0,0,0,0,0,0,1,0,0,0
4023,-1,0,0,0,0,0,1,-1,0,-1,0,0,1,1,1,0,0,0,1,-1,0,0,0,-1,-1,0,0,0,1,0,0,0,-1,0,1,1,1,1,-1,0,1,0,0,0,0,0,0,0,0,0,0,0,0,0,0,-1,-1,0,-1,0,0,0,0,-1
4024,0,0,0,0,0,-1,0,0,0,0,1,0,0,0,0,0,0,0,0,0,1,0,0,1,-1,-1,0,-1,-1,0,0,1,1,0,0,0,1,-1,0,-1,0,0,-1,-1,1,0,1,0,1,1,0,0,0,0,0,1,0,-1,-1,1,0,-1,0,0
4025,-1,-1,1,0,-1,-1,1,0,0,-1,-1,0,0,0,1,0,0,0,0,-1,-1,0,0,0,-1,-1,0,0,0,-1,1,0,0,0,0,0,0,0,0,-1,0,0,-1,0,0,-1,1,-1,0,0,0,0,-1,0,0,0,0,0,0,0,0,0,1,1
4026,0,0,0,0,-1,-1,1,-1,0,0,0,1,0,-1,1,0,1,-1,1,0,0,1,0,0,1,-1,1,-1,1,0,0,0,0,-1,0,0,0,0,0,0,0,0,0,0,0,0,0,0,1,0,-1,-1,0,1,0,0,0,1,-1,0,0,0,0,0
4027,0,0,1,0,-1,0,0,-1,0,0,0,-1,0,1,0,0,0,-1,0,0,-1,-1,1,1,0,0,0,0,0,-1,0,1,1,0,1,1,0,0,1,0,0,0,0,0,-1,0,0,0,0,0,0,0,0,1,0,0,-1,0,0,0,0,0,-1,1
4028,0,0,0,0,0,0,0,1,1,-1,-1,0,1,-1,0,0,-1,-1,1,-1,1,0,-1,0,1,0,1,0,-1,0,-1,-1,0,0,0,-1,0,0,1,0,0,0,0,0,0,0,0,0,-1,0,0,-1,0,0,0,0,0,1,-1,-1,1,0,0,-1
4029,0,-1,0,0,0,0,1,1,1,0,0,0,0,0,0,1,-1,-1,0,0,-1,0,-1,0,-1,0,-1,0,1,0,-1,1,0,0,-1,0,1,0,-1,-1,1,-1,0,0,-1,0,0,0,0,0,0,-1,0,0,0,0,-1,0,-1,-1,0,1,0,1
4030,0,0,1,0,0,1,0,0,0,0,0,0,0,0,0,0,0,0,0,0,1,0,0,0,0,0,1,0,0,0,0,0,1,0,0,0,0,0,1,0,0,0,1,1,1,-1,0,0,-1,0,0,0,0,1,0,-1,-1,-1,0,0,0,0,0,0
4031,0,0,1,0,0,0,-1,0,-1,0,-1,0,0,0,1,-1,0,0,0,0,-1,0,0,0,0,-1,0,0,0,0,0,0,0,0,1,0,0,0,0,0,0,1,0,0,0,0,1,-1,0,0,-1,0,0,0,0,1,0,0,1,0,0,0,0,1
4032,0,0,0,0,1,1,0,0,0,0,0,0,1,1,0,0,0,0,0,0,0,-1,0,0,-1,0,0,1,0,0,0,0,1,1,-1,1,0,0,0,0,0,0,-1,0,0,0,0,0,1,-1,0,0,0,1,0,0,0,0,1,1,0,0,0,0
4033,0,1,0,0,0,0,0,-1,0,0,0,0,0,1,0,-1,0,0,0,0,1,0,1,0,0,0,1,1,-1,0,0,1,0,-1,-1,0,1,0,0,0,1,0,0,0,-1,1,1,0,0,-1,0,0,0,0,0,-1,0,0,1,-1,0,-1,0,0
4034,0,0,0,0,0,0,0,1,0,-1,0,0,0,0,0,-1,0,-1,1,0,0,0,1,0,0,1,-1,-1,0,0,0,0,0,0,0,0,1,0,-1,0,0,-1,0,0,-1,0,0,-1,0,0,-1,1,1,0,0,0,0,0,-1,0,1,-1,-1,0
4035,0,0,0,0,0,1,-1,0,0,1,0,-1,-1,0,0,0,0,0,0,0,0,1,0,0,0,-1,0,0,0,0,-1,-1,0,1,0,0,0,0,0,0,0,0,0,0,0,1,-1,1,0,0,0,0,0,0,0,0,-1,1,0,-1,0,-1,0,0
4036,0,0,0,0,0,0,1,0,1,0,0,1,-1,0,0,-1,0,0,0,0,0,0,0,0,1,0,0,0,0,0,0,1,0,1,-1,0,1,1,0,0,1,0,0,0,-1,0,0,0,0,0,0,0,-1,0,0,0,-1,1,0,0,1,0,0,-1
4037,0,0,0,0,0,0,0,-1,0,0,1,-1,0,-1,0,0,0,0,0,0,0,1,0,0,0,-1,0,0,0,0,1,0,-1,1,0,0,0,0,0,0,0,-1,-1,-1,-1,0,0,-1,0,0,0,0,0,-1,0,0,0,0,-1,0,0,0,0,-1
4038,0,0,0,1,0,0,-1,0,0,0,-1,0,0,1,0,1,1,-1,0,0,0,1,0,0,-1,0,0,0,1,-1,0,0,0,0,0,-1,0,-1,0,0,-1,0,1,0,0,0,-1,0,1,-1,0,0,-1,0,1,0,0,0,1,1,1,0,0,0
4039,0,0,0,0,1,0,-1,-1,0,-1,0,-1,-1,0,0,0,0,0,0,0,0,0,0,0,0,0,1,0,0,-1,0,-1,0,-1,0,-1,0,0,-1,0,0,0,0,0,0,0,0,0,0,0,0,0,1,0,0,0,1,1,1,0,1,0,0,0
4040,0,-1,-1,0,0,-1,0,0,-1,-1,-1,1,-1,-1,0,0,1,-1,0,0,0,0,0,0,0,0,0,0,0,0,0,1,0,0,0,-1,1,0,0,0,0,0,-1,-1,0,0,1,0,1,0,0,1,0,0,0,-1,0,1,-1,-1,1,0,1,0
4041,0,0,0,0,0,0,0,0,1,0,0,1,0,0,0,0,1,0,0,0,1,1,0,0,0,0,1,0,0,0,1,1,1,0,0,-1,0,1,-1,0,0,0,1,0,-1,0,0,-1,-1,0,0,0,1,0,0,-1,0,0,1,1,0,1,-1,1
4042,0,0,-1,1,0,0,0,0,0,0,1,0,0,0,1,-1,0,0,0,-1,0,0,0,0,-1,1,0,-1,-1,0,-1,1,1,0,0,0,0,0,0,0,1,-1,0,0,1,1,-1,0,0,0,0,0,1,-1,0,0,-1,0,0,0,0,0,0,-1
4043,0,-1,0,1,0,0,1,-1,0,0,0,1,1,0,0,0,-1,0,1,1,1,1,0,1,-1,0,0,-1,0,-1,0,-1,-1,0,0,1,1,-1,0,0,0,0,0,0,0,0,0,1,1,-1,0,0,0,0,0,0,0,1,0,0,0,0,0,0
4044,0,0,1,1,-1,0,-1,1,1,1,1,0,0,0,1,1,0,1,1,0,1,-1,0,0,1,-1,0,0,0,0,0,0,0,1,-1,0,1,0,0,0,0,0,0,1,0,0,1,0,0,0,0,0,0,0,0,0,1,0,-1,0,0,0,0,-1
4045,0,0,0,0,0,1,0,0,1,0,-1,0,0,1,-1,0,0,-1,0,0,1,1,-1,0,0,0,0,1,0,0,0,1,0,-1,0,0,1,-1,-1,0,1,0,0,0,1,-1,0,0,0,0,0,-1,-1,0,0,1,-1,1,0,1,-1,0,1,0
4046,0,0,-1,1,0,0,1,0,-1,0,0,-1,0,1,1,0,0,0,0,0,0,-1,0,1,0,0,0,-1,0,-1,-1,0,0,1,1,-1,0,1,0,0,1,1,1,0,1,0,-1,1,0,0,1,1,0,0,0,0,0,1,-1,1,0,1,0,1
4047,0,-1,0,1,0,1,0,1,0,0,0,0,0,-1,0,1,0,0,0,0,-1,-1,0,0,0,-1,0,0,1,1,1,1,0,0,0,-1,0,1,-1,0,0,1,0,0,1,-1,0,-1,1,0,1,1,0,0,0,0,0,0,0,0,0,0,0,0
4048,0,1,0,0,0,0,0,0,0,0,1,0,1,0,0,0,0,0,1,0,0,0,1,0,0,0,0,0,0,0,0,-1,-1,0,0,0,0,0,0,0,0,0,0,0,0,0,0,1,0,0,0,-1,1,0,0,1,0,0,0,0,0,0,0,0
4049,0,0,-1,-1,0,1,-1,1,0,1,1,-1,1,0,0,0,1,0,0,1,-1,1,-1,0,0,1,-1,1,1,0,1,1,0,0,0,-1,0,0,0,0,0,0,0,0,0,0,0,1,0,0,1,-1,-1,0,-1,0,0,0,0,0,0,0,0,-1
4050,0,0,0,0,0,-1,0,-1,-1,1,-1,1,0,0,0,0,-1,-1,-1,0,0,1,0,0,0,0,0,0,0,0,0,0,1,0,1,-1,0,0,0,0,0,0,0,0,-1,0,1,0,0,0,0,0,1,0,-1,-1,0,1,0,0,0,0,0,0
4051,0,0,1,0,-1,1,0,0,0,1,1,1,-1,0,0,0,0,1,0,0,-1,1,1,0,0,1,1,0,-1,0,0,1,0,1,-1,-1,1,0,1,0,0,0,0,-1,1,0,0,0,0,-1,0,0,0,0,0,0,0,1,0,1,-1,0,-1,0
4052,1,1,0,0,-1,0,0,0,1,1,-1,0,0,0,0,-1,0,0,0,0,0,0,0,-1,-1,0,0,1,0,0,1,-1,0,-1,-1,0,0,0,0,0,1,0,0,0,0,0,0,0,-1,-1,0,-1,0,0,0,1,0,1,0,0,0,1,0,0
4053,0,0,-1,-1,0,0,0,-1,0,0,-1,0,0,0,-1,0,0,-1,0,0,1,0,0,1,0,1,-1,-1,0,0,-1,0,-1,1,-1,0,-1,0,1,0,0,0,1,1,0,0,1,0,0,-1,0,0,0,0,0,-1,0,0,-1,0,0,1,0,0
4054,0,0,-1,0,0,0,1,-1,0,0,0,1,0,1,0,0,1,0,0,0,0,0,0,1,-1,0,0,0,1,-1,0,1,1,-1,0,0,0,-1,1,0,0,0,0,0,0,-1,0,0,1,-1,-1,0,0,-1,1,-1,0,0,1,1,-1,0,0,1
4055,0,1,0,0,0,0,-1,0,1,0,0,0,0,0,0,0,-1,1,0,0,1,1,0,0,1,0,-1,-1,0,1,1,0,0,0,0,0,0,1,0,0,-1,0,-1,-1,0,-1,0,1,0,1,0,0,0,-1,-1,0,-1,0,0,0,1,0,0,0
4056,-1,-1,0,0,0,0,0,0,1,0,0,0,1,0,0,0,1,1,1,-1,0,-1,1,-1,1,0,0,0,0,0,1,0,0,1,-1,1,0,0,-1,1,0,-1,0,0,0,0,0,1,0,0,0,1,0,1,0,0,1,-1,0,0,0,0,1,1
4057,0,1,0,0,1,0,0,0,0,1,0,0,0,0,-1,0,0,0,1,0,0,-1,-1,0,0,0,-1,0,1,0,0,0,0,0,0,-1,1,0,0,0,0,-1,1,1,0,0,-1,0,1,0,0,0,-1,0,0,0,0,0,1,0,0,0,1,1
4058,0,0,0,0,0,0,1,0,0,1,1,0,0,1,0,1,0,0,0,-1,1,0,0,-1,0,1,0,0,0,0,0,0,1,0,0,0,0,0,0,0,1,1,0,0,0,1,-1,0,-1,0,0,-1,1,0,0,0,0,0,0,1,1,0,0,-1
4059,0,-1,0,0,0,0,0,0,0,0,1,0,0,0,0,0,0,-1,0,0,0,0,1,0,0,0,0,1,0,0,1,0,0,0,1,1,0,0,0,0,0,1,0,0,1,1,0,0,0,0,0,0,0,0,0,-1,-1,0,0,0,0,-1,0,0
4060,1,0,-1,-1,1,1,0,0,0,0,1,0,0,0,0,0,0,0,0,0,0,0,-1,-1,0,0,0,0,-1,0,-1,0,1,0,0,0,0,0,-1,0,0,-1,0,0,1,0,0,0,0,-1,0,0,-1,1,-1,0,1,-1,-1,0,0,0,0,0
4061,0,-1,0,0,0,1,1,1,0,0,-1,0,0,-1,0,-1,0,0,0,0,0,-1,-1,-1,-1,1,-1,0,1,0,0,-1,0,0,1,1,0,-1,0,0,1,-1,0,1,1,0,0,1,-1,0,0,0,-1,0,0,0,0,1,-1,0,0,0,1,0
4062,0,0,0,0,-1,0,0,1,0,1,0,0,0,0,1,0,0,0,0,0,0,0,0,0,0,1,0,1,1,0,1,1,0,-1,0,0,0,0,0,-1,0,0,0,1,0,0,0,0,0,1,-1,1,1,0,-1,0,0,0,-1,0,0,0,0,1
4063,0,0,-1,1,0,-1,1,0,1,0,0,0,1,0,0,-1,0,1,1,0,0,0,0,1,0,0,0,0,0,-1,-1,0,0,0,-1,1,1,0,0,-1,0,0,0,0,-1,0,0,0,0,0,-1,0,0,0,1,-1,0,0,0,-1,0,0,0,0
4064,0,0,0,0,0,-1,0,0,0,0,0,0,0,0,0,0,0,1,0,0,0,0,0,0,-1,-1,0,-1,0,1,0,-1,0,0,0,-1,0,1,0,0,1,-1,0,0,0,0,-1,0,0,0,0,0,0,0,1,0,0,0,1,0,0,0,-1,0
4065,0,0,0,0,1,1,0,-1,0,1,0,0,1,-1,1,0,0,0,0,-1,0,-1,0,0,0,0,0,-1,0,0,-1,-1,0,1,0,-1,-1,0,0,0,0,0,0,-1,0,-1,0,-1,0,0,1,0,0,0,0,-1,0,0,1,0,0,1,0,0
4066,0,0,0,1,1,0,0,0,1,0,0,0,0,0,0,-1,0,0,0,1,0,-1,1,0,0,0,0,0,1,0,-1,0,0,0,-1,-1,0,0,0,1,0,0,1,0,0,0,-1,0,0,1,0,1,-1,0,0,-1,1,1,-1,0,-1,0,-1,-1
4067,0,0,0,0,-1,0,-1,1,0,0,0,-1,1,0,1,0,-1,1,0,1,0,0,-1,0,0,0,0,-1,0,1,0,0,0,0,0,-1,0,0,0,-1,0,0,0,1,1,-1,0,0,0,1,0,0,1,1,0,0,0,-1,-1,1,0,0,0,0
4068,0,1,0,-1,0,1,0,0,1,0,0,-1,0,-1,-1,1,0,0,0,-1,0,0,0,0,-1,0,0,0,0,0,-1,0,0,0,0,1,0,0,0,-1,0,0,0,-1,-1,1,1,0,0,0,0,0,1,0,1,-1,0,0,-1,0,0,0,0,0
4069,0,0,-1,0,-1,0,0,0,-1,0,0,0,0,0,0,0,0,0,0,-1,0,1,0,0,0,0,0,-1,-1,0,1,0,0,0,-1,0,1,0,0,0,1,0,0,0,0,0,0,0,0,0,0,0,0,0,0,-1,1,0,1,0,0,0,0,0
4070,0,0,1,0,0,0,0,0,1,0,1,0,0,0,0,0,0,1,0,-1,1,-1,-1,0,1,-1,-1,0,-1,0,0,0,-1,0,0,0,0,0,0,0,0,1,0,0,0,0,0,0,0,0,1,0,-1,0,-1,0,-1,0,-1,0,0,1,0,-1
4071,0,0,0,0,0,0,-1,-1,0,0,0,-1,1,0,-1,0,1,0,1,-1,-1,-1,0,-1,0,0,0,0,0,0,1,0,1,0,1,0,0,0,0,1,0,-1,-1,0,1,0,0,0,-1,0,0,1,0,0,1,0,-1,0,0,0,0,0,1,0
4072,-1,0,0,0,-1,1,0,0,0,0,0,-1,0,1,1,0,0,0,0,1,0,0,0,0,0,0,1,1,1,0,0,0,0,1,0,-1,0,0,-1,0,0,0,0,-1,0,0,0,1,0,0,0,0,0,0,0,0,0,0,1,0,1,0,-1,0
4073,0,0,0,0,0,0,0,1,0,-1,-1,-1,0,0,1,0,0,0,0,-1,0,1,1,0,-1,0,0,0,0,0,0,0,0,0,1,0,0,0,0,0,1,0,1,1,0,0,0,0,0,1,0,1,0,0,0,0,-1,0,-1,0,1,0,0,0
4074,1,1,0,1,0,1,0,0,0,0,1,0,-1,-1,0,0,0,0,1,1,0,0,-1,1,0,0,0,0,0,0,1,-1,0,0,0,1,0,0,0,-1,0,0,0,0,0,0,0,1,0,0,0,0,-1,0,-1,-1,0,0,0,0,0,0,0,0
4075,0,0,0,0,0,-1,0,1,0,0,0,-1,0,0,0,-1,0,1,-1,0,0,0,1,-1,1,-1,0,1,0,0,0,0,0,1,0,1,0,1,1,0,0,1,0,0,0,0,-1,0,0,0,0,0,0,1,0,0,0,-1,0,0,0,0,0,0
4076,1,0,0,1,1,0,0,0,0,0,0,0,0,-1,0,0,-1,0,1,-1,0,1,0,-1,0,1,1,1,0,0,0,0,0,1,1,0,-1,0,-1,-1,-1,0,0,0,-1,0,0,0,0,-1,0,0,0,-1,1,0,1,0,0,-1,0,0,0,-1
4077,-1,0,-1,0,1,0,1,0,0,0,0,0,0,0,1,0,0,0,1,0,0,-1,0,-1,-1,-1,1,0,-1,0,0,0,0,0,0,0,1,-1,0,1,0,0,0,0,0,1,0,0,1,0,-1,0,0,0,1,0,-1,0,0,0,-1,0,0,1
4078,0,-1,-1,0,0,0,0,0,1,1,-1,1,0,-1,0,0,1,0,-1,0,0,0,0,1,0,0,0,0,0,0,0,0,-1,0,0,0,0,0,1,0,-1,0,1,0,0,0,0,0,1,1,-1,0,0,1,-1,0,-1,-1,0,-1,0,0,1,1
4079,0,1,0,0,1,0,0,0,0,1,-1,1,0,0,0,0,0,0,1,-1,0,1,-1,1,0,0,0,0,0,0,-1,1,0,0,0,1,0,0,0,0,0,0,0,0,1,-1,0,0,0,1,-1,0,1,0,1,0,0,0,1,-1,0,-1,1,0
4080,1,0,0,0,-1,0,0,-1,0,0,-1,1,0,0,1,-1,0,-1,0,1,0,0,0,1,0,0,0,0,-1,-1,0,-1,1,0,0,0,0,0,0,-1,-1,-1,0,0,0,0,0,0,0,0,0,0,0,0,0,0,0,0,0,1,-1,0,0,0
4081,1,-1,0,0,0,-1,0,0,0,0,1,1,-1,0,0,0,0,0,0,0,0,1,0,0,-1,0,0,0,0,0,0,0,-1,0,0,1,-1,0,1,-1,0,0,0,0,1,0,0,0,-1,0,1,-1,0,0,0,1,0,0,1,-1,-1,0,0,-1
4082,0,0,0,0,1,0,0,0,0,0,0,0,0,0,0,-1,0,0,0,-1,0,1,0,0,0,1,1,0,0,0,-1,0,1,0,0,0,0,0,-1,-1,0,-1,-1,0,1,0,-1,-1,0,-1,-1,0,0,1,-1,1,0,0,0,0,0,0,-1,-1
4083,0,0,1,0,0,0,-1,0,-1,0,0,0,1,1,0,1,0,0,0,0,0,0,1,-1,1,1,0,0,0,-1,0,0,1,0,0,-1,0,0,-1,-1,-1,1,-1,0,-1,0,0,-1,-1,0,-1,0,0,1,1,0,0,0,0,-1,0,1,0,1
4084,1,0,0,0,0,-1,0,-1,-1,-1,0,0,0,1,0,0,0,1,0,0,0,0,0,0,0,0,0,0,1,0,-1,0,0,0,0,0,0,0,1,-1,0,0,1,1,1,1,0,0,0,0,1,0,0,0,0,0,0,1,0,0,0,-1,0,-1
4085,0,0,0,0,-1,0,0,-1,1,0,0,0,0,-1,1,-1,0,-1,-1,0,0,0,0,1,1,0,0,1,0,0,0,0,0,0,-1,0,0,0,0,0,0,-1,1,0,0,0,1,0,1,1,0,1,0,1,0,0,1,-1,0,0,-1,0,0,0
4086,-1,0,-1,0,0,0,0,-1,0,1,1,-1,-1,0,0,0,0,-1,0,0,0,0,0,0,-1,0,0,0,-1,0,-1,0,-1,-1,0,0,1,0,-1,-1,0,0,0,0,0,0,-1,0,1,1,0,0,0,-1,1,0,0,0,0,0,-1,0,0,0
4087,-1,0,0,0,-1,0,0,0,0,0,-1,1,0,1,0,0,1,0,0,0,-1,0,0,0,1,0,0,0,0,0,1,0,-1,-1,0,0,0,1,-1,0,0,0,-1,0,0,1,0,0,0,0,0,1,-1,0,0,0,1,0,0,-1,0,-1,-1,-1
4088,0,0,0,1,0,0,1,0,0,-1,0,0,0,0,1,0,1,0,0,1,-1,0,-1,-1,0,1,0,0,1,0,-1,0,0,0,-1,1,0,0,-1,0,0,0,0,0,0,0,0,0,-1,0,0,0,0,0,0,0,0,1,0,0,0,0,0,1
4089,-1,1,0,-1,0,-1,0,0,-1,-1,0,0,-1,-1,0,0,1,0,0,0,1,1,0,0,0,0,0,-1,0,0,0,-1,1,0,-1,-1,0,-1,-1,0,1,0,-1,1,0,0,0,0,0,0,0,0,0,0,0,0,-1,0,0,0,1,0,0,0
4090,0,0,1,-1,0,0,0,-1,0,0,0,0,0,0,-1,0,-1,0,1,0,-1,-1,1,0,0,0,0,0,0,0,1,0,1,1,-1,1,1,0,1,0,0,0,-1,0,0,-1,-1,0,0,-1,1,0,0,0,0,1,0,0,0,0,0,0,0,0
4091,0,0,-1,-1,1,0,0,0,-1,0,-1,-1,0,0,0,-1,0,0,1,1,-1,-1,0,0,0,-1,0,0,-1,0,0,0,0,0,0,0,0,0,1,0,0,-1,1,0,-1,1,0,1,-1,0,0,0,-1,0,-1,1,0,0,0,0,0,0,0,-1
4092,0,-1,0,1,0,-1,0,0,0,0,0,0,0,1,0,0,0,0,-1,-1,0,0,1,-1,0,1,0,0,0,-1,1,-1,0,0,1,-1,0,0,0,-1,-1,1,1,0,0,0,0,-1,0,-1,-1,-1,0,0,1,0,0,0,0,0,-1,1,0,0
4093,0,-1,-1,0,-1,1,-1,1,-1,0,0,0,0,0,0,-1,0,0,1,0,0,0,0,0,0,-1,0,0,0,-1,1,0,0,0,0,-1,0,0,0,0,-1,0,0,1,0,0,0,0,1,-1,0,0,-1,0,0,0,1,0,0,0,-1,0,0,1
4094,0,-1,0,0,0,1,0,-1,0,0,1,0,1,0,-1,-1,0,0,-1,1,0,0,0,0,0,0,0,0,0,0,0,0,0,0,1,-1,0,-1,1,1,-1,0,0,0,0,1,0,0,0,1,-1,0,0,0,0,0,-1,0,-1,1,0,0,0,-1
4095,0,0,1,0,0,-1,1,-1,0,0,-1,-1,0,0,0,1,1,0,0,0,0,0,0,1,0,0,-1,0,1,1,0,1,0,0,0,1,0,0,0,0,0,0,0,0,0,-1,0,0,-1,0,0,0,0,0,-1,-1,0,0,0,1,0,1,0,-1
