PEAK,0,1,2,3,4,5,6,7,8,9,10,11,12,13,14,15,16,17,18,19,20,21,22,23,24,25,26,27,28,29,30,31,32,33,34,35,36,37,38,39,40,41,42,43,44,45,46,47,48,49,50,51,52,53,54,55,56,57,58,59,60,61,62,63
0,-99,14,-80,-52,-90,53,110,101,85,-16,40,-71,50,144,-86,-38,-106,-53,-34,59,111,28,-18,-197,-57,-2,14,65,-26,-50,87,74,45,-10,-99,68,17,-20,-77,19,-35,63,-7,34,-78,-93,-40,-32,-77,-82,-24,-32,-26,-15,8,-73,51,106,167,150,31,6,83,-20
1,32,28,41,7,5,73,-133,-18,1,39,-100,-76,39,-134,20,31,-14,9,64,-137,112,-49,-36,62,22,-166,-18,-54,174,76,46,-13,6,139,-48,0,-80,-37,69,51,32,3,50,-39,11,-73,-30,-96,35,26,132,-73,25,71,122,6,24,-3,-99,-64,-52,134,66,34
2,-101,-110,-20,18,-22,-35,112,24,-41,54,91,26,13,33,162,-62,-77,41,-224,126,-45,140,70,-45,18,49,15,-28,-68,-10,32,56,-42,-7,46,36,36,53,-27,131,-6,-66,50,134,-45,19,162,170,-45,41,-108,91,17,-71,-98,-54,-76,-78,25,-74,62,-74,4,46
3,-36,-28,81,-16,-26,-100,-22,80,128,-17,6,14,31,8,-54,50,79,0,118,-48,-22,20,36,44,3,27,12,14,68,38,68,-67,-3,11,-46,53,-41,-34,-27,55,7,-14,-26,-15,94,78,-32,74,68,24,-28,-40,-14,40,-2,64,-74,29,-25,37,-72,9,-75,-26
4,35,-20,-45,-51,-10,34,-57,202,-3,13,-31,0,-13,-29,-52,28,-114,-71,-100,-66,-128,106,64,-46,4,21,-37,74,104,57,12,-57,39,-91,22,15,28,-62,-9,-19,4,-3,-91,-88,-21,-30,-7,110,20,11,6,27,-29,0,-28,30,-11,-24,144,-212,-7,-23,-36,-46
5,48,20,-77,26,-10,77,-152,46,49,5,-82,-49,-7,63,-220,-66,35,50,2,9,-146,-14,-20,-4,36,25,60,-107,-59,-64,-11,-48,144,2,72,90,8,-135,-26,-49,-2,-50,-100,13,34,2,4,-6,62,78,-28,31,81,-16,-31,-66,-69,-12,90,-70,-158,-36,38,-32
6,118,24,-59,81,36,-3,-30,-77,-18,-43,7,16,-75,-180,-33,20,-50,20,-114,-13,85,-38,-44,-78,4,-49,-3,-176,55,54,54,62,4,-58,14,-21,23,114,12,-41,1,5,4,-6,-139,22,-30,42,40,-72,-166,7,-122,-64,89,20,40,-27,-50,-82,-82,11,34,-112
7,-114,64,9,25,-49,114,-55,-58,-45,40,-64,-54,21,208,48,-71,-76,22,12,73,-139,-40,55,72,121,-46,6,76,34,11,-118,-67,38,54,0,47,57,-81,-91,-31,-61,28,-5,-15,17,-22,60,115,42,54,131,2,8,45,-45,-127,41,-110,82,52,-40,-40,2,45
8,46,-43,-71,52,76,-5,-97,37,49,80,16,-93,-70,-16,-139,-117,18,-90,-122,94,-20,-49,34,25,-19,197,4,-56,-226,43,-75,55,-45,34,23,56,-1,107,42,9,-21,-69,-10,46,-50,-42,51,-102,100,-25,-28,22,18,-139,63,7,-25,40,-142,-158,61,-54,3,-89
9,45,-44,-106,-10,-4,-88,-177,-42,-52,-6,-26,43,12,167,-62,92,64,27,-87,-45,48,19,-8,-96,59,85,-37,34,72,17,52,-16,-110,18,10,-11,-10,-61,49,-5,-19,41,-73,-30,-57,20,47,-15,10,-11,-80,34,31,-103,12,-37,-13,100,61,-68,-1,76,122,-128
10,10,-16,-102,17,-13,-62,20,-73,0,-135,94,-101,34,79,0,18,-48,-98,-134,-78,-12,-75,-35,-5,-110,5,25,-49,6,19,74,-33,14,-15,28,-33,63,39,-67,-57,-73,44,26,60,2,1,-118,-23,-4,-55,0,31,-29,-50,19,51,-17,42,0,-20,88,120,-183,-5
11,-16,-10,126,-58,-36,-64,59,-89,-35,90,-6,68,33,11,110,-18,156,33,68,-9,28,69,3,-40,52,-179,60,60,33,21,4,30,132,31,-7,82,-82,-50,-28,49,-39,66,16,80,-35,15,-57,150,28,-58,-179,25,-43,13,-29,-41,-104,-71,-64,-52,-116,48,-71,-11
12,16,17,-31,-18,-108,96,-100,142,-132,56,-89,30,5,-93,-145,-26,-57,69,-65,-23,-204,-5,64,79,106,-120,31,-12,26,22,-100,-37,6,87,2,11,21,-4,-22,15,2,-30,-37,-50,71,46,73,33,-16,24,-10,58,88,32,-25,-43,-28,-48,-14,-16,14,-48,11,-10
13,-35,4,-130,-69,62,-38,-57,11,-59,7,-21,81,-98,-200,-18,82,-44,14,-109,-40,-151,-59,20,52,-7,55,-54,-10,5,-46,-78,-29,-172,-45,-21,-69,45,52,102,27,7,-80,52,137,11,38,14,-22,74,67,-19,-55,60,-8,24,50,134,-20,20,221,208,-5,-39,140
14,-39,65,86,-61,-10,-51,46,145,62,-6,18,-39,-26,17,167,-84,169,146,60,12,-15,17,9,-12,-55,134,-42,-47,-30,-54,-191,11,58,195,-28,39,-185,17,-10,-22,132,26,71,-43,-64,35,4,52,-53,6,0,-46,-81,-32,-36,-27,-2,-52,35,179,-122,-10,125,22
15,-42,-17,-15,-42,-75,20,34,107,-3,-18,150,88,-31,106,-108,96,-156,-13,-4,100,-3,-63,-28,-23,-54,47,-66,-10,20,26,-14,13,113,-17,-8,-17,40,20,13,-3,30,28,106,-153,2,-92,20,76,23,-72,-60,-74,-19,33,-15,69,29,-19,139,108,81,-14,-19,-4
16,7,113,194,59,46,30,22,-10,17,56,-88,4,-15,-174,-90,-50,20,86,80,-10,80,6,138,62,48,13,10,18,10,53,0,-15,47,48,22,-20,-21,-8,-73,53,-13,34,-50,86,-32,102,-12,42,22,3,32,-31,-108,-40,15,6,-18,-14,175,-66,-13,-74,-41,18
17,58,-1,36,108,-36,-42,-92,102,-29,14,97,2,-63,-98,-48,47,-86,121,-14,22,123,29,-54,74,41,23,-64,-56,-46,33,37,44,63,-19,42,1,26,68,42,-14,49,4,57,34,-53,0,56,58,57,-46,-69,36,-65,44,58,88,26,-12,-21,71,-82,-74,29,-52
18,-150,13,23,26,-168,16,36,202,76,-9,128,49,91,255,96,-30,-80,50,-10,91,83,124,2,-132,72,13,-51,64,-18,75,103,-2,-51,-81,84,36,-91,2,-8,66,18,35,-28,-111,-89,55,38,94,-86,49,133,-20,-25,-68,-83,15,-32,-50,24,11,-34,-76,8,-8
19,33,37,-56,40,12,-20,-197,80,-15,43,-6,22,20,222,34,56,-60,141,-127,8,160,69,-42,1,-14,-54,-133,-35,22,54,69,-14,9,30,45,70,80,-102,11,59,-21,6,-23,75,-4,-76,86,98,10,-36,14,-48,-51,-112,-3,-4,42,-59,41,187,-21,-68,99,-44
20,-11,-64,81,-7,-43,-153,-52,-64,11,23,0,18,89,33,-16,69,170,55,-130,-139,125,110,59,-33,-5,-20,43,-80,62,22,104,46,-23,88,4,86,-125,18,66,97,-16,-12,-125,88,-56,43,-43,36,22,16,-136,14,-70,-20,4,-39,-15,-24,106,-14,-53,84,61,-114
21,-20,8,22,-7,12,-33,-45,-44,15,66,23,33,-53,127,96,-86,-21,-52,-40,-29,-12,-50,62,-21,-71,-14,-28,-25,-82,36,91,-10,-67,12,4,117,81,-62,13,-3,6,-19,-35,56,8,17,92,-22,-21,-63,-4,31,-95,-82,-28,-12,-14,-69,-44,146,-14,-62,-94,-8
22,-4,-67,-6,10,-18,31,70,32,91,-29,82,8,-32,189,14,-65,-49,-87,94,-30,42,100,-82,-153,-108,-192,-20,2,-38,-45,85,36,-16,-21,-8,92,128,-12,-56,16,42,-19,-154,54,-22,-42,14,-20,-67,-11,63,33,39,36,-67,43,20,20,-26,57,-44,-2,-76,-8
23,-22,-2,-237,-31,21,52,-11,-88,15,1,-16,-174,43,144,-92,18,-14,-57,66,-24,36,17,28,-9,-68,-49,12,78,-6,-16,69,29,11,-35,-89,60,115,0,-83,44,2,21,-40,71,11,-56,21,-99,-8,-38,122,5,78,25,-9,81,-39,67,111,50,194,11,2,-6
24,75,-42,-35,45,-62,86,-34,198,-30,44,-72,-96,-47,142,-129,4,-165,4,29,2,53,107,-31,-48,4,-10,-23,-81,-6,-14,126,-36,174,25,89,58,-35,-20,-47,-52,-21,63,-65,-64,-150,-10,20,83,-67,-22,-82,71,47,58,-113,-12,58,-24,-58,21,-178,-64,1,-14
25,99,4,-189,42,10,64,-4,170,23,-61,36,-47,-19,-52,-19,-37,-62,22,62,46,-23,-85,14,33,26,-63,-23,-91,-76,54,40,-60,-68,-1,132,18,-24,-27,48,-54,-4,-12,80,-32,-11,-13,59,7,13,45,130,-21,143,-18,-118,48,7,82,-182,105,-12,79,-59,154
26,-8,0,-175,48,-7,-71,-77,-131,-67,-9,-6,-38,15,-153,-47,20,78,52,14,64,-29,46,67,65,75,102,15,-47,-95,-74,-136,8,-80,-114,-10,-76,16,46,-63,-4,31,-13,62,32,-7,-38,15,-60,-24,76,14,77,5,-41,103,83,-74,-11,47,-154,168,-94,146,-61
27,-56,-3,-22,-14,-33,-12,-36,32,50,-5,65,15,-22,70,104,6,-116,-45,-38,8,2,-2,-32,-23,-5,-42,-28,-50,114,77,52,-4,-72,32,33,-51,-52,160,-52,-25,12,44,36,-108,-21,36,34,192,0,-128,7,-69,-46,16,42,40,51,-68,-172,154,84,70,-32,53
28,-157,70,-3,-4,-51,75,231,-100,35,-24,59,-1,-83,-158,100,-142,-51,-7,-24,99,0,36,2,-66,-11,-95,3,-22,-98,-68,-50,126,-15,-237,-104,-13,81,118,-12,4,36,-31,24,15,-30,-82,10,-150,-31,-98,52,-32,-133,5,66,72,-9,-28,-57,121,71,-93,-29,-54
29,14,3,-162,-56,-16,-1,-74,45,-16,-6,-90,-23,-56,-120,-87,8,-54,72,-133,46,-12,-44,32,11,-47,-11,15,-53,46,34,-122,-44,-160,-4,26,-17,-112,-35,31,-36,-39,18,108,-83,31,-74,-74,1,28,-31,-54,-54,37,32,96,26,55,12,-57,67,-37,22,1,38
30,-8,-46,-24,-15,-72,18,-31,5,-67,-4,45,-64,-35,215,36,27,-20,12,-35,-32,-82,32,-40,62,-124,-12,22,96,46,0,-151,61,156,-8,29,47,-16,24,-67,33,2,26,7,-10,37,-74,-8,-17,-123,-68,240,40,-27,83,-47,-17,17,31,66,-116,58,22,-14,-60
31,17,-57,85,-40,-20,-81,1,197,41,70,-44,-151,-48,15,-146,49,8,-14,-130,-18,-93,152,-34,37,-7,5,66,-10,33,-48,-114,-10,23,211,-73,186,-125,53,40,-11,-13,-91,0,4,4,-4,-62,-8,139,43,32,-10,30,20,0,-56,43,5,-39,-48,42,31,65,-12
32,-30,69,-163,8,18,-111,10,-112,-54,2,-76,25,-69,-77,6,-92,134,41,-121,51,76,-83,-10,-16,49,-115,21,23,-174,81,-93,40,-84,-81,-44,5,70,0,38,15,-76,-6,4,174,-25,-16,-124,-70,46,37,-24,3,8,-74,115,-28,-48,42,50,-64,9,-80,-18,-58
33,129,47,58,2,99,-57,102,75,2,41,-7,38,36,-25,-105,-11,92,-62,-57,-39,24,23,14,-114,84,170,35,-27,-45,2,155,-116,-216,48,-30,33,-25,10,42,-12,-60,30,3,-94,-43,12,-29,100,6,67,112,-78,-26,-112,-41,-6,71,-4,-81,-86,-78,47,51,33
34,16,6,6,61,-34,85,23,15,69,-23,116,28,8,-45,179,-184,-58,-16,63,50,-108,38,124,58,-8,79,-23,109,-91,-12,-64,8,71,7,61,-44,70,-15,-53,58,6,-53,20,-101,6,-47,56,18,-56,66,55,52,-62,-25,-128,74,-21,-62,-52,-158,72,-93,19,-24
35,-93,20,177,22,-93,-76,82,-71,-77,37,127,-72,91,1,-59,-32,185,24,66,16,-27,-53,-68,73,111,-22,36,32,40,-8,-86,106,109,-43,-14,47,-71,-40,-81,71,-11,-7,6,30,10,33,70,40,3,-11,40,-31,-79,38,28,28,-24,6,-59,-126,68,10,-26,65
36,6,23,15,-2,156,32,-63,151,-46,7,50,-57,73,36,22,56,-39,-30,-112,46,61,12,0,24,-38,177,-29,62,-88,-67,43,27,-84,-43,10,-72,39,-47,2,-59,4,7,72,181,73,-32,145,75,-45,-58,216,37,-33,-8,-19,-44,23,56,-27,56,136,-84,-37,15
37,-18,-24,-20,-25,-49,100,-33,120,-6,129,68,9,29,55,37,38,-89,-30,-58,9,-26,71,-29,-69,6,164,43,56,-125,-73,88,133,105,-42,13,48,-132,1,66,-27,26,24,-15,36,49,18,52,-36,-22,-74,-48,9,-5,15,21,-45,-30,73,-67,109,-38,-40,-10,-22
38,-47,-20,188,-56,-136,-71,91,-120,42,-39,80,24,-87,-64,164,-35,11,78,7,29,-52,-72,-34,15,21,-119,63,82,84,8,-134,78,90,90,-79,74,-66,92,20,-36,66,25,-6,-41,8,5,-50,43,1,-76,-231,26,-39,27,-37,-166,-6,-9,201,70,-163,-12,22,-64
39,16,-6,138,-22,-46,-111,130,19,71,-58,50,-18,55,42,22,-17,-60,-66,34,-43,-15,-29,73,-36,-87,25,37,-87,-1,-8,73,-98,-10,2,-116,66,15,23,-9,-10,-32,51,18,-74,-27,6,43,-50,3,60,72,0,-108,-54,-19,-27,27,-115,-6,-33,-70,-100,-88,-28
40,48,-31,35,39,4,-52,31,148,32,74,-59,53,70,-106,92,-60,-92,72,49,-93,101,41,-20,64,100,11,17,35,40,66,-72,-26,-134,-20,62,36,-135,3,48,122,11,12,-15,-178,-18,-44,-94,-160,-49,20,-136,-15,18,-2,45,96,10,-46,-166,-52,-120,38,41,40
41,-109,57,84,-7,12,15,37,-18,-12,10,20,2,47,-28,-84,-23,-41,-42,-130,30,-1,1,10,-41,96,-59,-20,98,3,18,157,10,-28,5,-96,9,34,-22,141,-8,13,-8,42,-4,52,-11,27,70,88,47,168,-58,18,50,52,-21,48,40,109,-43,-34,6,66,1
42,-56,-15,-103,-58,-50,14,11,56,48,-14,9,43,18,22,58,74,-230,26,24,80,24,-20,18,-13,57,-3,-62,15,85,28,38,-63,-186,-75,7,-73,-155,-73,28,-10,-5,55,44,62,26,16,13,164,-10,47,142,-170,18,20,-28,45,106,25,2,123,45,40,-40,70
43,-75,57,-120,-21,-40,35,166,-245,56,-62,-26,-5,13,-95,60,-90,98,-50,132,7,-119,-33,90,71,87,-109,110,-2,-65,-131,-110,1,-10,-137,-137,-12,85,-2,-91,21,-43,-46,60,57,42,27,-163,-114,-26,90,102,7,-52,-2,23,26,-110,21,-46,-92,106,-17,-66,-26
44,-44,30,44,-23,-60,12,-21,13,-2,-41,-75,-32,4,-61,94,-152,-24,17,-49,11,-63,-134,16,32,55,-16,10,5,-80,46,24,-69,-102,-27,50,129,71,-19,45,64,-100,-78,-128,38,-27,63,-21,-49,-19,66,-48,11,-36,-106,-11,-23,11,-63,-15,14,-142,78,-156,38
45,24,-70,-70,32,65,-7,62,-40,71,88,40,22,56,104,-14,14,16,-194,60,2,98,-76,9,50,-59,148,3,48,29,14,42,43,-37,-18,16,-61,111,87,-145,45,-16,50,2,-5,12,8,-30,88,-25,-140,-41,-22,-21,-80,44,49,-14,38,52,-19,145,19,-120,139
46,35,-34,-67,24,49,74,105,-85,166,23,76,-41,-68,114,-186,-14,-120,-74,80,58,182,-18,-20,-36,-110,62,-51,4,-90,17,158,105,181,-49,39,55,16,57,-77,-13,82,0,-92,-54,-108,-36,-56,-35,23,-26,-50,-87,32,19,-82,9,64,44,203,103,36,-87,54,-85
47,-26,4,-65,-47,94,-2,20,-70,-75,-60,2,1,-23,-34,-2,6,24,-116,-10,-98,-44,-9,3,36,26,-136,-3,-70,80,15,-51,30,32,-32,-54,27,158,22,-108,40,-26,-97,-55,102,20,-58,21,10,10,85,84,24,54,23,-66,-52,-67,-61,50,-4,144,-31,-5,34
48,178,29,-134,15,60,85,-136,18,61,-39,73,70,-74,74,38,-56,55,42,124,-7,75,-78,22,15,-9,-43,-83,82,-14,28,132,-39,-75,44,57,20,-6,-60,71,41,45,-40,17,-61,62,37,13,-52,31,7,76,-54,-2,28,-86,121,59,-71,31,79,86,37,18,-35
49,2,-12,34,37,21,-56,-7,-12,49,-56,2,-90,-8,-104,12,-10,-56,48,-6,-48,25,73,17,-10,23,-156,-41,-73,111,-18,-64,5,-161,14,-38,122,-86,-4,-19,79,22,-64,-8,-72,44,-39,106,-76,-29,93,252,-64,-28,16,-20,45,47,78,-159,76,-3,-45,102,0
50,37,-100,-39,-26,38,2,20,82,24,76,70,-5,-60,101,-4,103,60,-2,-78,64,146,47,-10,-61,-132,148,-50,-76,0,22,-22,96,-51,17,26,17,-84,10,-1,41,34,-8,-30,45,15,-14,18,10,-25,-28,-116,-58,97,-13,-38,-31,24,42,58,8,98,-28,41,6
51,-42,-12,27,30,-49,10,234,-111,37,38,6,88,-22,5,-33,-98,-32,88,128,56,-151,86,12,29,91,-239,64,109,-80,-76,-119,-42,123,-70,-84,28,168,-9,6,31,-46,-34,-46,87,59,5,0,17,-7,96,-52,-20,22,26,47,-6,15,31,26,-114,-74,-77,-13,-57
52,-18,-12,-15,-54,20,-43,117,-62,38,-50,-78,-18,-6,-118,-22,-124,74,120,-43,-2,85,-51,18,27,1,92,34,-24,-40,-11,13,-37,-226,15,65,30,-99,-12,4,93,-31,-46,-93,224,68,171,12,-46,10,64,-33,-42,62,-70,-39,-90,-25,-56,21,-88,99,14,-124,54
53,22,39,-10,-72,22,-19,-24,90,44,60,14,37,7,27,-4,52,-12,99,-4,-116,12,-17,18,-40,-105,250,66,-121,-44,-87,-86,-36,-91,58,-48,47,-116,25,64,-35,42,65,64,-69,-46,3,-52,-64,-24,-75,-62,-50,-86,-31,84,-27,39,-50,-2,193,-32,87,5,-28
54,-50,-16,24,9,78,-102,134,26,-59,-47,107,41,75,32,-41,4,16,-43,-70,-2,88,66,-67,-28,101,135,-52,127,-6,79,134,-86,-213,-48,-6,26,33,57,31,54,-30,49,9,-23,-27,26,-30,4,-40,-31,50,9,-5,-33,-15,31,-65,76,-11,-53,21,15,-8,50
55,82,-128,-39,-2,-50,-47,9,-70,43,-73,44,-56,28,7,98,8,28,47,20,73,80,26,2,12,-100,-142,-17,36,-90,-14,72,90,105,-25,101,97,44,29,37,45,10,-36,-8,-59,-42,-104,90,-6,13,27,-184,70,84,-15,-141,-11,-62,69,-114,-57,-32,19,91,-68
56,-58,57,104,16,-15,54,98,95,0,21,13,25,-14,4,-16,-102,14,17,32,5,13,41,18,-49,145,-196,-21,-7,-124,41,-10,32,15,-3,-41,92,-124,-123,10,-80,-21,-2,-68,-76,-94,74,-88,-36,-14,52,49,-12,-55,106,-100,-67,-90,27,-171,86,-124,-51,-95,-80
57,100,21,-70,79,-19,-77,9,46,78,-4,48,-18,3,-25,-18,-172,-92,-64,96,-44,3,-79,-6,65,54,-71,40,-73,-126,51,-103,-49,-20,-3,-17,42,103,136,81,-51,-20,43,49,32,-6,-6,-87,-133,48,-40,-22,35,-43,-100,153,86,-62,-26,-94,-143,-94,7,-122,-56
58,-1,8,163,-12,-48,-40,-86,213,9,-17,89,26,157,53,-100,71,-24,44,49,-18,59,2,8,-23,-40,162,-15,82,40,-13,-24,64,69,9,-4,-48,-52,3,7,24,12,136,67,-82,-31,-54,8,62,-95,-31,46,-35,-5,80,-37,-39,29,107,11,154,-72,-13,97,-22
59,49,-46,102,-18,-20,-36,89,171,-32,12,-43,84,49,28,8,48,-124,12,96,24,55,2,-71,73,58,-61,6,34,75,49,110,-20,88,0,1,21,24,-88,43,-18,41,61,20,-85,-17,24,4,121,24,7,24,-4,58,119,-61,-9,5,-38,-37,-144,-196,68,-38,16
60,86,-52,-207,-18,51,42,-102,192,-34,18,-81,-41,-43,75,-32,61,-70,-27,112,62,6,57,-21,-52,43,164,5,48,-16,-45,-47,25,-80,113,-40,16,58,-52,82,-62,38,8,72,22,-36,-2,14,-12,-11,7,-70,88,122,40,-75,-17,-18,53,-22,-29,-76,26,124,-50
61,3,-41,-5,133,-28,84,-95,80,-47,108,-64,36,28,147,-44,24,-140,-53,-102,87,-21,161,26,-39,27,-44,9,4,106,42,-8,19,25,-29,19,2,199,7,-35,125,-50,-52,-21,-132,-70,-94,43,-58,51,-30,-84,86,-18,-24,21,82,-18,-22,34,-78,-14,-58,205,4
62,-111,-14,6,18,0,-46,66,24,-75,21,50,-7,-30,49,-34,86,10,-25,-75,48,-20,31,16,-30,42,9,15,-27,30,93,19,-130,-102,45,-140,7,-50,86,-38,18,-86,46,54,59,-62,18,70,114,-11,1,193,-68,-88,-50,-10,-21,54,-43,-100,72,54,33,-28,10
63,-22,10,168,-23,7,-39,30,-102,-59,108,-18,-50,33,-19,100,-45,84,-54,95,-94,-103,31,46,64,-9,30,72,-34,34,-18,-56,-39,-3,-53,2,74,-5,42,6,56,-25,-26,-34,38,51,51,106,-80,40,-18,140,48,-87,-28,-4,51,-15,-207,-201,-200,98,1,-170,108
64,0,0,-1,0,0,-1,0,0,0,0,0,0,0,0,0,0,1,0,1,0,0,-1,0,0,-1,-1,0,0,1,0,1,1,0,0,0,0,0,0,1,0,0,0,-1,0,1,0,0,0,0,-1,1,0,0,0,1,0,0,0,-1,0,-1,-1,0,-1
65,-1,0,0,0,-1,-1,0,0,-1,0,0,1,0,-1,0,1,0,0,1,-1,1,-1,-1,1,0,0,0,0,-1,1,0,0,-1,0,-1,0,-1,0,-1,-1,0,0,0,1,-1,0,0,0,0,0,0,-1,0,0,0,0,0,1,1,-1,0,-1,0,0
66,0,0,0,1,-1,0,0,-1,0,-1,1,0,0,0,0,-1,1,1,-1,0,0,0,0,0,-1,0,0,0,1,0,0,0,0,0,0,1,0,1,0,0,-1,0,1,0,0,0,0,-1,0,0,1,0,0,1,0,0,0,0,-1,1,0,0,0,0
67,0,1,0,-1,0,0,0,0,1,0,-1,1,-1,0,-1,1,-1,0,0,-1,1,1,0,0,0,0,-1,0,0,0,0,-1,-1,-1,0,1,0,-1,0,0,-1,1,0,0,0,1,0,0,0,0,0,0,1,0,1,0,0,0,-1,0,1,0,0,0
68,0,1,0,0,0,0,0,0,0,0,0,0,0,1,-1,0,0,-1,0,0,0,0,0,0,-1,1,0,0,0,0,0,1,0,0,0,0,0,0,0,-1,1,0,0,0,0,0,0,0,-1,0,-1,0,0,0,0,0,0,0,1,0,-1,-1,0,-1
69,0,0,0,0,0,0,0,1,0,0,0,1,0,1,0,1,0,0,-1,0,1,1,0,0,0,0,0,-1,1,0,0,0,1,0,1,0,0,-1,0,-1,0,1,0,-1,0,1,-1,1,0,-1,0,-1,0,0,0,-1,0,1,0,0,0,1,0,0
70,0,0,-1,-1,0,-1,1,0,0,-1,1,0,0,-1,0,0,0,-1,1,0,0,0,0,0,0,0,0,1,1,1,0,0,1,0,0,0,0,1,0,0,0,1,0,0,-1,1,0,0,0,0,0,-1,1,0,0,0,0,1,1,0,1,0,-1,-1
71,0,1,0,-1,1,0,-1,0,1,0,0,0,0,0,0,1,1,-1,0,0,0,-1,0,-1,0,0,0,0,0,0,0,0,0,0,-1,-1,0,0,0,0,1,0,-1,0,-1,1,0,-1,0,0,0,0,0,0,0,0,0,-1,0,1,-1,0,0,-1
72,1,0,0,0,0,0,1,1,0,0,0,1,0,-1,1,0,0,0,0,0,-1,1,0,0,0,-1,-1,0,0,0,-1,-1,0,0,0,-1,1,-1,-1,0,0,1,-1,0,1,0,-1,0,-1,0,0,-1,0,-1,0,0,0,0,-1,0,-1,0,1,0
73,0,0,1,0,-1,0,1,-1,1,0,0,0,0,0,0,0,0,0,0,-1,0,0,0,0,0,1,0,0,0,-1,0,1,0,0,0,0,0,-1,0,0,-1,0,-1,0,0,-1,-1,0,0,0,0,0,0,1,-1,0,1,0,1,1,0,0,0,0
74,0,0,0,0,-1,0,0,0,1,0,0,0,0,0,0,-1,0,-1,0,-1,0,-1,0,0,1,0,0,0,0,0,0,0,0,0,0,1,-1,0,0,0,0,-1,0,0,0,0,0,0,0,0,1,0,0,0,0,0,0,-1,1,0,1,0,0,1
75,1,0,1,1,-1,0,-1,0,1,0,0,0,-1,0,1,0,0,-1,0,0,-1,0,1,1,-1,0,1,0,0,0,0,0,1,0,0,0,0,1,0,0,0,0,-1,0,0,0,1,0,1,-1,1,0,0,1,-1,1,0,0,-1,1,0,1,1,0
76,0,0,0,0,0,0,0,0,0,0,0,0,0,0,0,1,-1,1,1,0,0,-1,0,0,0,0,0,0,1,0,0,0,0,-1,0,0,1,0,-1,0,0,0,-1,0,0,1,0,0,0,0,0,1,0,0,0,0,0,-1,1,0,0,0,0,0
77,0,0,0,-1,-1,0,0,0,0,1,1,-1,-1,1,0,0,1,1,0,0,0,0,1,0,-1,1,0,0,1,-1,0,0,0,0,0,0,1,0,0,-1,-1,0,0,0,0,-1,-1,0,1,0,0,0,-1,1,0,1,-1,0,0,0,0,0,-1,1
78,0,0,-1,0,0,0,0,0,0,1,0,0,1,0,0,-1,0,0,0,0,0,0,0,1,0,0,0,0,0,0,0,0,-1,0,-1,0,0,0,-1,-1,-1,0,1,1,0,0,0,0,0,1,0,1,0,-1,-1,1,0,0,-1,-1,1,0,1,-1
79,0,-1,0,1,0,0,1,1,0,1,0,1,1,0,0,0,0,-1,0,1,0,0,-1,1,1,0,0,1,0,0,0,-1,0,0,1,1,0,0,-1,0,0,0,1,0,0,0,0,0,0,0,1,0,-1,1,-1,-1,0,0,-1,1,1,1,0,0
80,0,0,0,0,1,0,1,0,-1,0,0,0,1,-1,1,0,-1,0,0,0,0,0,0,0,-1,0,1,0,-1,-1,0,-1,0,1,0,0,0,1,0,1,-1,0,1,0,0,-1,0,0,-1,0,0,0,-1,0,0,0,-1,0,0,0,0,0,0,0
81,0,0,0,0,1,0,0,0,0,0,-1,0,1,1,1,0,1,0,0,0,-1,0,1,0,-1,0,1,-1,0,0,0,0,0,-1,0,-1,0,0,-1,1,-1,-1,-1,0,-1,0,0,0,0,1,0,0,1,0,1,0,-1,1,0,0,-1,0,0,1
82,0,0,0,0,0,1,0,0,0,-1,0,0,-1,0,0,0,0,0,-1,-1,0,1,-1,0,0,0,0,0,1,-1,0,0,1,0,0,1,0,0,0,-1,-1,1,0,0,0,0,0,-1,1,0,0,1,1,1,0,0,1,0,0,0,0,0,0,0
83,0,-1,0,0,0,0,0,0,-1,-1,0,-1,-1,0,0,0,0,0,0,-1,0,0,0,0,1,0,-1,0,-1,0,0,1,0,0,0,0,0,0,0,0,0,0,0,0,0,0,0,0,0,1,0,0,0,-1,0,1,0,0,0,1,0,1,0,1
84,1,0,0,0,0,0,1,0,-1,1,0,0,0,0,0,0,-1,0,-1,0,0,-1,0,-1,-1,1,0,-1,0,1,1,1,0,0,-1,0,0,0,1,0,1,-1,1,0,1,0,0,1,0,0,0,0,0,0,0,0,0,1,0,0,-1,0,0,0
85,0,0,0,-1,0,0,-1,0,0,-1,0,-1,0,-1,0,0,0,-1,1,0,-1,0,0,1,0,0,1,0,0,0,0,-1,0,0,0,0,1,0,1,0,0,-1,0,0,0,0,-1,0,1,0,0,0,0,0,0,0,1,-1,0,-1,0,0,1,0
86,0,0,-1,0,0,0,0,0,0,0,0,0,-1,1,0,0,0,0,0,0,1,1,0,0,0,1,0,1,-1,-1,-1,0,1,0,0,0,1,0,0,0,0,0,0,1,1,0,0,0,-1,-1,0,0,0,0,1,0,0,0,0,0,0,0,0,0
87,-1,0,0,0,0,0,0,1,-1,0,0,-1,0,0,0,-1,1,-1,-1,-1,0,0,0,-1,1,0,0,0,0,0,-1,-1,0,0,1,-1,0,0,-1,1,0,0,0,0,-1,0,-1,-1,0,0,0,0,0,-1,0,0,0,-1,0,0,0,0,0,-1
88,-1,1,0,1,-1,0,0,0,0,0,0,0,0,0,1,0,0,0,0,0,0,0,-1,0,0,0,0,1,-1,0,0,0,0,0,1,0,-1,1,0,0,1,1,-1,0,-1,-1,0,0,0,0,1,0,0,0,0,1,1,0,0,0,-1,-1,0,0
89,1,0,-1,0,1,0,0,0,-1,0,0,0,0,0,0,0,0,1,0,-1,0,0,0,1,0,1,0,-1,0,0,0,0,-1,1,0,0,0,-1,-1,0,1,0,0,0,-1,1,0,0,1,0,-1,0,0,-1,1,0,0,0,0,1,-1,-1,0,-1
90,0,-1,0,0,-1,0,0,0,0,1,0,1,0,-1,0,1,1,0,0,1,0,-1,0,0,0,1,1,0,0,-1,0,0,1,0,-1,0,-1,0,0,0,1,-1,1,0,-1,0,1,0,0,1,0,0,-1,0,1,0,-1,0,0,0,1,0,0,0
91,1,0,0,0,0,0,-1,0,-1,0,0,0,1,1,0,0,0,0,0,-1,0,0,0,0,1,0,1,0,0,0,0,0,-1,1,1,0,0,-1,0,0,0,-1,0,1,0,-1,-1,-1,-1,0,-1,0,1,0,1,0,1,0,-1,0,0,0,0,0
92,0,0,0,0,0,0,1,1,1,0,0,0,0,0,0,0,0,0,1,0,0,0,0,1,-1,1,0,0,0,1,0,0,0,-1,-1,0,0,0,0,0,0,-1,0,0,1,0,0,0,0,0,0,-1,1,-1,0,0,-1,1,0,0,0,0,0,0
93,0,0,0,-1,-1,-1,0,1,-1,1,1,0,0,0,0,0,0,0,0,0,0,-1,1,0,0,1,0,0,0,0,0,0,1,1,-1,0,1,0,0,1,0,0,1,1,0,1,0,0,0,0,0,1,-1,0,0,0,0,-1,0,0,0,0,-1,0
94,0,1,0,0,-1,1,0,0,0,0,0,0,0,0,0,0,0,-1,0,-1,0,0,-1,0,0,1,1,-1,0,0,0,1,0,-1,0,0,0,0,0,0,0,1,0,-1,0,1,0,0,0,0,0,0,0,-1,0,0,1,1,0,-1,0,1,-1,0
95,1,0,0,0,0,0,-1,1,-1,1,1,0,0,0,0,0,0,1,0,0,0,0,0,0,1,0,0,0,0,0,0,0,1,0,0,0,0,0,0,0,-1,0,-1,0,0,1,0,0,1,1,0,0,0,0,0,0,0,-1,0,0,1,0,-1,0
96,0,1,0,1,0,-1,1,0,0,0,1,0,1,1,0,1,1,-1,0,1,-1,0,1,0,1,0,-1,0,0,-1,0,1,0,0,0,0,-1,0,1,1,0,0,0,0,0,0,0,0,0,0,0,-1,0,0,-1,1,0,1,0,-1,0,-1,-1,0
97,1,0,0,0,0,0,0,0,0,0,-1,0,-1,0,0,0,0,-1,0,1,1,0,-1,0,-1,0,0,1,1,-1,0,-1,0,1,-1,-1,0,1,-1,0,0,0,-1,0,0,1,-1,0,0,0,0,0,0,1,0,-1,0,0,0,0,0,0,-1,0
98,0,0,0,0,0,1,0,0,1,1,-1,0,0,0,0,0,0,0,1,0,0,0,0,0,0,0,-1,0,1,0,0,0,0,0,0,0,0,0,0,0,1,-1,-1,0,0,0,0,0,0,0,0,0,0,-1,0,0,1,0,0,0,0,0,0,1
99,0,0,0,1,1,0,-1,-1,0,0,1,0,1,0,0,0,1,0,1,0,1,0,0,0,0,0,0,0,0,0,0,0,0,0,-1,0,0,0,-1,-1,1,1,1,0,0,-1,0,0,0,0,0,0,1,0,1,1,0,0,0,0,0,0,0,1
100,0,1,1,0,1,1,1,0,-1,0,0,-1,0,0,0,-1,1,0,-1,0,0,-1,0,0,-1,0,0,1,0,0,0,0,0,-1,1,-1,-1,0,0,0,0,1,1,0,0,-1,0,-1,0,0,0,-1,1,0,0,0,0,1,0,0,0,0,0,-1
101,1,0,0,0,1,0,0,0,0,0,0,0,0,0,0,0,-1,0,-1,0,0,0,0,0,1,-1,0,1,0,-1,0,0,0,0,0,1,0,0,0,0,1,0,0,0,0,1,0,0,0,0,0,-1,1,0,-1,0,0,1,0,0,-1,1,0,0
102,0,1,0,1,0,0,-1,-1,0,0,-1,-1,0,0,1,-1,1,0,0,0,0,0,0,1,0,0,0,0,0,0,0,0,-1,1,-1,0,0,0,-1,-1,-1,0,0,0,-1,1,-1,0,0,0,0,0,1,0,-1,-1,1,-1,-1,0,0,-1,0,0
103,0,0,1,1,0,0,0,0,0,0,0,0,0,-1,0,0,0,0,0,0,0,0,0,0,0,0,0,0,0,0,1,0,0,0,0,0,-1,0,0,-1,0,1,0,0,0,-1,0,0,0,1,0,0,1,0,0,0,0,0,0,0,-1,-1,-1,0
104,1,0,0,0,0,0,0,-1,0,0,0,1,0,0,0,-1,1,1,0,0,0,0,-1,0,0,0,0,-1,0,1,1,0,0,-1,0,0,1,0,-1,-1,0,0,0,0,0,1,0,1,1,-1,0,0,0,0,-1,0,-1,0,0,0,1,0,0,0
105,0,0,1,-1,1,0,0,1,0,-1,0,0,0,0,0,0,0,0,0,1,1,-1,0,1,-1,0,1,0,0,0,0,0,0,0,0,0,0,0,0,0,0,0,0,0,0,1,0,0,0,-1,0,0,0,0,-1,0,0,0,1,-1,0,0,0,0
106,0,1,-1,0,0,0,0,-1,0,0,-1,0,-1,0,0,-1,0,1,1,0,-1,0,0,0,0,0,0,0,0,-1,0,1,1,0,-1,1,-1,1,0,0,1,0,0,1,1,-1,0,0,0,0,-1,0,-1,0,0,0,0,0,0,0,1,0,0,-1
107,-1,1,-1,-1,0,0,1,0,-1,0,0,0,0,0,0,0,-1,1,0,0,0,-1,0,0,0,1,0,0,0,0,-1,-1,0,0,-1,0,-1,0,0,-1,0,-1,0,0,1,0,1,-1,0,0,0,0,0,0,0,0,0,0,0,0,0,0,0,0
108,-1,1,0,0,0,0,0,-1,1,0,-1,0,1,0,0,0,0,0,0,0,0,1,1,0,1,0,0,-1,0,0,1,-1,1,0,0,0,-1,0,-1,0,0,1,-1,0,0,0,0,0,0,0,0,0,0,0,-1,0,0,0,-1,1,0,-1,1,-1
109,0,1,0,-1,-1,-1,0,0,0,0,0,0,0,1,0,1,-1,0,0,0,1,0,0,0,0,0,0,0,1,0,0,0,-1,1,0,1,1,0,1,0,-1,0,0,0,0,0,1,0,0,0,0,0,0,1,-1,-1,0,0,-1,0,1,1,0,-1
110,0,-1,0,0,-1,0,0,-1,-1,1,0,0,-1,0,0,0,0,0,0,0,0,0,0,0,0,-1,0,-1,0,1,0,0,0,0,0,0,0,0,0,1,0,-1,-1,0,-1,0,0,0,0,0,-1,0,0,0,0,0,0,-1,0,0,0,1,0,1
111,-1,0,0,0,1,0,0,0,0,0,-1,0,1,0,-1,0,0,-1,0,-1,0,1,0,0,1,-1,0,0,0,0,0,0,0,0,0,1,0,1,-1,0,-1,-1,0,0,0,0,0,0,-1,0,0,0,1,0,1,0,-1,0,0,-1,1,-1,-1,0
112,-1,0,0,-1,0,0,1,0,0,0,-1,1,0,0,-1,0,0,0,0,-1,0,1,0,0,0,0,0,0,1,0,-1,-1,1,1,1,1,0,0,-1,0,0,0,0,0,0,-1,0,0,0,0,-1,0,0,0,0,0,-1,0,0,0,0,-1,-1,0
113,0,0,1,0,-1,0,0,0,0,1,0,0,-1,1,0,-1,-1,1,-1,0,-1,1,0,0,0,0,0,0,0,0,0,-1,0,1,0,0,1,0,0,0,0,0,0,-1,-1,-1,0,0,-1,1,-1,1,1,0,0,1,0,0,0,0,0,0,0,0
114,0,0,-1,0,0,0,0,0,0,0,0,-1,0,0,0,1,0,-1,-1,1,0,-1,1,-1,0,0,0,0,0,-1,0,-1,0,-1,0,0,1,-1,0,0,0,0,0,1,0,0,-1,1,0,0,0,-1,0,0,1,0,0,0,0,1,0,-1,-1,0
115,0,0,0,0,1,1,0,-1,0,1,0,0,-1,0,0,0,0,0,0,0,0,0,0,-1,0,0,0,0,0,0,0,0,0,0,-1,0,0,0,0,1,0,1,0,1,-1,0,1,0,0,1,0,0,1,-1,0,1,0,0,1,0,0,0,0,0
116,0,0,1,0,0,-1,0,0,1,0,-1,-1,-1,-1,1,-1,0,0,1,0,0,0,1,0,0,-1,1,-1,1,0,-1,1,0,0,-1,0,0,1,0,0,-1,-1,1,1,-1,0,0,0,-1,0,0,0,0,0,1,0,0,0,0,0,1,0,0,0
117,0,0,-1,1,0,1,0,1,0,-1,0,0,-1,1,0,0,0,1,0,0,0,0,-1,0,-1,0,1,-1,0,1,-1,0,0,0,0,1,0,0,0,0,0,1,-1,0,0,0,0,-1,0,1,0,-1,0,1,1,0,-1,0,0,1,1,-1,0,0
118,-1,0,0,0,0,0,0,0,0,0,-1,-1,1,0,0,0,0,0,0,-1,0,-1,0,0,0,0,0,0,-1,0,0,0,0,0,-1,0,0,1,0,1,0,0,-1,1,-1,0,1,-1,0,0,0,0,0,0,0,-1,1,0,0,0,0,1,-1,0
119,0,0,0,0,0,1,0,0,0,-1,0,0,0,0,0,0,1,0,0,0,-1,1,0,0,0,0,-1,1,-1,0,0,1,-1,0,0,1,1,1,1,0,0,-1,0,1,0,1,0,0,0,1,1,0,0,1,1,0,0,0,1,0,0,0,0,0
120,1,0,0,0,0,1,0,0,-1,0,0,0,0,0,0,0,0,0,-1,0,0,0,0,0,0,0,-1,0,-1,0,0,0,0,-1,-1,0,0,0,-1,0,1,1,0,1,1,1,0,1,1,0,0,0,-1,1,-1,1,0,1,0,-1,1,-1,1,0
121,-1,0,0,0,1,0,-1,0,0,0,0,-1,0,0,0,0,1,1,0,0,0,-1,0,0,1,1,0,0,0,1,1,0,-1,-1,-1,1,0,0,0,0,0,1,0,0,0,1,0,0,0,0,0,0,1,0,1,0,0,0,0,0,1,0,-1,0
122,0,-1,0,0,0,-1,-1,0,0,0,-1,-1,0,1,1,0,1,0,-1,-1,0,1,0,0,0,0,0,0,0,0,0,1,0,0,1,-1,0,0,0,0,0,0,1,0,0,0,1,0,0,1,0,0,0,-1,0,0,0,0,0,-1,0,-1,0,0
123,0,0,0,-1,-1,0,-1,0,0,0,0,0,0,1,0,0,1,0,1,0,0,0,-1,1,1,0,0,-1,-1,-1,0,0,1,0,1,0,1,0,0,0,-1,0,-1,0,0,0,1,-1,0,-1,0,0,0,0,0,0,0,0,0,0,0,-1,-1,1
124,-1,0,0,1,0,-1,-1,-1,0,1,-1,0,0,1,0,0,0,0,0,1,0,0,-1,0,0,0,0,0,0,1,1,0,0,-1,1,-1,0,-1,0,0,1,-1,-1,0,-1,-1,0,0,0,1,0,0,0,1,0,0,0,0,0,-1,0,0,0,-1
125,0,1,0,0,1,0,0,-1,0,-1,0,0,0,1,1,-1,0,0,0,0,-1,0,1,0,0,1,0,0,0,0,0,0,0,0,1,1,-1,0,0,0,0,1,-1,0,0,0,-1,-1,0,-1,0,1,0,0,0,0,1,0,1,0,0,1,0,-1
126,0,0,1,0,0,0,-1,-1,0,0,0,0,0,0,0,1,1,0,0,-1,0,1,1,-1,0,0,-1,0,0,0,0,0,0,-1,-1,-1,0,0,0,0,1,0,0,-1,0,0,0,0,0,0,-1,0,-1,0,0,1,-1,-1,0,0,0,-1,0,1
127,1,0,0,0,0,1,0,1,0,0,0,0,0,0,0,0,0,0,0,0,0,0,0,0,0,0,-1,0,0,0,0,0,1,1,-1,0,1,-1,-1,0,0,0,0,-1,1,0,0,0,1,0,0,0,0,1,-1,1,1,0,0,0,1,-1,0,0
128,0,0,0,0,0,1,1,0,1,0,0,0,-1,0,0,0,0,1,0,-1,0,0,0,1,0,-1,0,0,0,0,0,0,0,-1,0,0,1,-1,0,-1,0,1,1,0,0,0,0,-1,1,0,0,0,0,0,-1,0,0,0,1,0,0,0,1,1
129,1,0,0,1,0,0,-1,0,0,0,0,0,0,-1,0,0,-1,1,0,0,0,-1,0,0,0,0,0,1,0,-1,0,0,0,0,-1,0,0,0,0,1,0,1,1,0,0,0,0,-1,1,0,0,1,0,0,0,0,0,0,0,0,0,0,1,0
130,0,0,-1,-1,1,0,1,0,1,-1,0,0,-1,1,-1,0,0,1,0,0,0,0,0,1,-1,1,0,0,1,1,0,0,0,-1,0,-1,0,-1,0,-1,-1,0,0,0,0,0,0,1,0,0,1,0,0,1,0,0,0,0,0,0,1,1,0,0
131,0,0,1,0,-1,0,1,1,0,0,-1,0,-1,0,-1,0,0,0,0,-1,0,1,0,1,-1,0,0,1,1,0,0,0,0,0,0,0,1,-1,0,1,1,0,1,-1,1,0,0,1,-1,0,0,1,0,0,0,-1,1,0,0,0,0,-1,0,-1
132,-1,0,0,1,-1,0,0,1,0,-1,0,0,0,1,-1,-1,0,1,0,1,0,0,0,0,1,0,0,0,0,-1,0,0,0,0,-1,-1,0,0,0,1,1,0,1,0,-1,0,0,-1,0,0,-1,0,0,-1,0,-1,1,1,0,-1,-1,0,0,1
133,0,1,-1,0,0,0,0,1,-1,-1,-1,0,-1,1,1,0,0,0,1,-1,0,0,1,0,0,0,0,0,0,-1,-1,0,1,1,0,0,1,0,0,1,0,0,0,1,0,0,0,0,0,0,0,-1,-1,0,0,1,0,0,1,0,0,0,0,0
134,0,1,0,-1,0,0,-1,0,0,-1,0,-1,0,1,0,0,1,1,0,-1,1,0,1,1,1,-1,1,0,0,-1,0,-1,0,0,1,0,0,0,0,0,0,-1,-1,0,0,0,0,-1,0,0,0,0,-1,-1,0,0,0,0,0,0,0,0,0,-1
135,0,0,0,0,0,1,-1,0,1,0,0,1,0,1,0,1,1,1,0,0,0,0,0,-1,0,-1,0,0,1,1,0,0,0,0,-1,0,0,1,0,0,0,-1,-1,0,0,0,0,0,1,1,-1,0,0,-1,0,0,0,0,1,0,1,1,0,-1
136,0,0,0,0,-1,0,0,1,0,1,0,0,0,0,1,-1,1,0,-1,0,0,0,0,0,-1,0,0,0,0,1,0,0,0,-1,0,0,0,-1,-1,-1,0,-1,0,0,0,1,0,0,0,0,0,-1,0,0,0,0,-1,-1,0,1,0,0,0,1
137,0,0,-1,0,0,0,0,0,1,0,-1,0,0,0,0,0,0,1,1,-1,0,0,0,0,0,-1,-1,0,0,0,0,0,0,0,-1,1,-1,0,1,0,1,0,0,0,0,0,0,0,0,-1,1,1,0,0,0,0,0,0,0,0,0,0,0,0
138,0,0,0,0,-1,0,-1,0,0,0,0,0,0,0,0,0,-1,0,0,-1,-1,0,-1,0,1,1,-1,1,0,0,-1,0,0,1,0,0,0,1,0,0,0,0,0,-1,0,0,1,0,0,0,1,-1,0,1,-1,0,0,1,0,-1,1,0,0,0
139,0,0,-1,0,0,0,0,0,1,0,0,1,0,-1,1,0,0,0,1,0,-1,0,0,0,0,0,0,0,0,1,-1,0,0,0,-1,0,0,-1,0,-1,0,-1,0,-1,0,0,0,1,0,0,-1,1,0,0,0,0,0,0,0,0,0,1,1,0
140,0,0,0,0,0,0,0,0,1,0,1,0,0,0,0,0,0,0,-1,-1,0,-1,0,0,-1,-1,0,1,0,0,0,0,0,1,0,-1,-1,-1,0,1,0,1,0,0,0,0,0,-1,0,1,-1,0,0,0,0,0,0,0,0,0,-1,0,1,1
141,0,0,0,0,0,0,0,0,1,0,0,0,0,-1,0,0,0,0,0,0,0,0,0,-1,-1,0,0,-1,0,-1,0,-1,0,0,0,0,0,-1,0,0,0,0,-1,-1,0,0,0,0,0,1,0,0,0,-1,0,-1,0,0,0,-1,0,0,1,-1
142,1,1,1,0,0,0,0,1,0,-1,-1,0,0,0,0,-1,0,0,0,0,0,-1,1,0,1,0,0,0,0,0,-1,0,-1,0,0,0,1,0,0,0,1,0,0,0,-1,1,0,-1,0,0,0,0,0,0,0,0,0,0,1,1,-1,0,0,0
143,-1,-1,0,-1,0,-1,-1,0,0,0,0,0,0,0,0,-1,-1,-1,1,0,0,0,-1,0,0,0,1,0,0,1,0,0,0,-1,0,0,0,1,0,1,0,-1,0,0,0,0,0,0,0,-1,0,0,0,0,0,0,0,1,1,0,1,0,1,0
144,0,0,0,0,-1,-1,1,0,1,0,0,-1,0,-1,0,0,0,1,0,0,0,0,1,0,0,0,0,0,0,-1,0,0,-1,0,0,0,0,0,-1,0,0,0,-1,0,-1,-1,0,1,-1,0,0,0,0,0,0,1,0,0,1,1,0,0,1,0
145,0,0,-1,-1,1,-1,0,-1,0,0,0,0,0,0,-1,0,0,0,0,0,0,-1,0,0,1,-1,0,1,1,0,0,-1,0,0,-1,1,1,-1,0,0,-1,0,0,0,0,0,0,1,0,-1,1,1,0,0,0,0,-1,-1,-1,0,0,-1,0,0
146,0,0,1,-1,0,-1,0,0,0,0,1,0,0,0,-1,0,0,0,0,0,0,0,0,0,0,-1,1,0,0,0,0,0,1,0,0,0,0,0,1,0,0,0,0,0,1,0,1,0,0,0,0,-1,0,0,0,1,0,0,0,0,-1,1,0,-1
147,-1,0,-1,0,0,-1,-1,0,0,0,0,0,-1,1,0,0,0,0,0,0,-1,0,0,0,0,1,0,0,0,0,0,0,-1,0,-1,0,0,0,0,1,0,0,0,0,0,0,1,0,1,1,0,1,0,0,-1,-1,0,0,0,0,0,0,0,-1
148,0,0,-1,-1,0,0,1,0,0,0,0,0,1,0,0,-1,0,0,0,-1,1,0,0,1,1,0,0,-1,-1,0,1,0,-1,1,0,0,-1,0,0,0,-1,-1,0,0,0,-1,1,1,0,0,-1,0,1,0,0,-1,0,0,0,0,-1,-1,0,0
149,-1,1,1,1,0,1,0,0,1,-1,-1,1,0,0,0,0,0,0,1,1,1,-1,0,0,0,-1,0,0,0,0,0,0,0,-1,0,0,0,1,-1,0,0,-1,0,-1,0,1,0,0,1,-1,1,0,0,0,0,1,0,1,0,0,1,0,-1,0
150,-1,0,0,0,0,0,0,0,0,0,0,0,0,0,0,0,0,-1,0,0,-1,0,0,1,0,-1,0,0,1,0,0,0,1,1,0,0,1,1,1,0,1,-1,0,0,0,-1,0,-1,0,0,0,0,0,-1,-1,0,0,1,0,0,0,0,0,0
151,0,1,0,0,0,0,0,0,0,0,0,0,0,-1,1,0,0,0,0,-1,-1,0,0,-1,0,0,-1,0,0,-1,0,0,1,1,0,0,0,0,-1,0,0,0,0,0,0,1,0,0,0,0,0,1,1,1,1,1,0,0,0,0,0,1,1,0
152,-1,0,-1,0,0,-1,0,0,0,0,0,1,0,0,1,0,1,0,0,0,1,0,0,0,0,1,1,0,-1,0,0,0,0,0,-1,-1,0,0,0,1,0,1,0,-1,1,0,0,-1,0,1,0,0,0,0,0,0,-1,0,1,0,0,0,0,0
153,1,0,-1,0,0,-1,1,1,-1,0,0,0,-1,1,-1,0,-1,0,0,0,0,1,0,-1,0,0,0,0,0,0,0,0,0,1,0,-1,1,1,-1,0,-1,0,0,0,0,0,0,0,1,1,-1,0,0,0,0,1,0,1,0,0,0,-1,0,0
154,0,-1,-1,0,1,0,0,0,0,0,-1,0,0,0,0,-1,0,0,0,0,0,0,0,-1,0,0,0,0,0,0,0,0,0,0,1,0,0,0,0,0,1,0,0,0,1,0,0,1,0,0,1,1,-1,0,1,0,0,1,0,1,0,1,0,-1
155,0,0,0,0,0,-1,0,0,-1,0,1,0,0,0,0,1,0,-1,0,0,0,0,1,0,0,1,0,-1,0,1,0,0,-1,0,-1,0,0,1,0,-1,0,0,0,-1,0,0,1,-1,1,-1,1,0,0,0,-1,1,0,-1,0,0,0,0,-1,-1
156,1,0,0,0,0,0,0,0,0,0,0,0,0,0,0,0,1,0,0,0,1,0,0,1,0,0,0,0,1,-1,0,0,0,-1,0,0,0,0,1,-1,0,0,-1,0,0,0,0,0,0,0,0,0,0,0,0,0,0,0,1,0,0,0,-1,0
157,0,0,0,1,0,-1,1,0,0,0,1,0,1,-1,0,0,0,0,0,0,0,0,-1,0,0,0,0,1,0,0,1,-1,-1,0,0,0,-1,0,0,0,-1,-1,0,0,1,-1,0,0,0,0,0,0,0,0,-1,1,0,0,-1,0,0,0,0,1
158,1,0,-1,-1,0,0,0,0,0,0,0,0,-1,-1,0,0,-1,-1,0,0,-1,-1,0,0,-1,0,0,0,0,0,0,1,-1,0,0,0,0,0,0,0,0,1,0,1,0,1,-1,1,1,0,0,0,0,0,1,0,0,0,0,1,0,0,1,1
159,-1,1,0,0,0,0,1,0,0,0,0,-1,0,0,0,0,0,1,0,0,0,0,0,0,0,0,1,-1,0,0,1,-1,0,1,1,0,-1,1,-1,0,1,0,0,0,-1,-1,1,0,0,0,-1,1,0,-1,-1,0,0,0,0,0,0,1,0,-1
160,1,0,1,-1,-1,0,0,1,1,0,1,1,0,1,0,0,-1,0,0,1,-1,-1,1,0,0,-1,-1,0,0,0,0,0,0,0,-1,0,0,0,0,-1,-1,-1,0,0,0,1,0,1,-1,0,-1,0,1,0,0,0,0,1,0,0,0,0,0,-1
161,1,0,0,0,1,0,0,0,1,-1,0,0,1,1,0,1,0,0,0,0,0,0,1,1,0,0,-1,-1,0,0,1,0,1,0,-1,0,0,-1,0,0,1,-1,-1,1,0,0,-1,0,0,0,-1,0,0,0,-1,-1,0,0,0,0,0,0,0,0
162,0,0,1,0,0,0,0,0,0,0,0,0,0,0,0,1,1,0,0,0,0,0,0,0,0,0,-1,0,1,0,0,-1,0,0,0,1,0,1,0,0,0,1,0,0,0,1,-1,0,0,0,0,0,0,0,0,1,0,1,0,0,0,0,1,0
163,0,0,0,0,0,-1,1,0,-1,0,1,0,0,0,0,0,0,0,-1,0,0,0,0,-1,0,0,-1,-1,0,0,1,0,-1,0,0,-1,0,0,0,0,0,0,1,0,0,0,0,0,0,1,0,-1,0,0,1,1,0,0,-1,1,0,-1,0,0
164,-1,1,1,0,0,1,0,0,1,1,0,0,0,0,0,-1,1,0,0,-1,-1,0,1,0,0,0,0,0,0,1,0,0,0,0,1,1,1,-1,1,0,0,0,1,0,0,-1,-1,-1,0,-1,0,1,1,-1,1,0,-1,-1,0,1,-1,0,0,0
165,1,0,0,0,1,0,-1,0,0,-1,-1,-1,0,-1,1,0,0,-1,0,0,0,0,0,0,1,1,0,0,0,1,0,0,0,1,1,0,0,1,0,0,0,0,0,-1,0,0,0,0,0,1,-1,0,-1,0,-1,0,1,0,-1,1,-1,0,0,0
166,0,0,1,0,0,0,0,-1,0,0,0,-1,0,0,0,0,0,0,0,0,0,-1,0,1,0,0,0,0,0,0,0,1,0,0,0,-1,0,-1,0,0,1,0,-1,0,0,-1,0,1,0,0,-1,0,1,0,0,0,-1,0,0,1,1,0,1,0
167,0,1,0,0,0,0,0,0,0,0,-1,0,1,0,0,1,0,1,0,0,1,0,0,0,0,1,1,0,0,0,0,-1,0,-1,1,-1,0,0,0,0,0,-1,0,1,-1,0,-1,0,0,0,1,0,0,0,0,0,0,0,1,-1,0,0,1,-1
168,0,1,-1,-1,0,-1,0,0,0,0,0,0,1,0,0,0,-1,0,1,0,-1,1,1,0,1,0,0,1,0,0,0,0,0,0,0,0,-1,-1,0,0,0,0,0,0,0,0,0,0,0,-1,1,0,0,0,-1,1,-1,0,0,0,0,-1,0,0
169,0,0,0,1,0,0,0,1,1,0,0,0,0,-1,1,1,0,1,0,0,1,0,0,0,0,0,1,0,1,0,1,0,0,1,1,0,1,0,0,0,-1,0,0,0,-1,0,1,0,1,0,0,0,0,-1,0,0,0,-1,0,0,0,0,0,0
170,0,0,0,0,-1,1,0,1,0,1,0,0,-1,0,0,0,0,-1,1,-1,0,-1,-1,0,0,1,0,0,-1,0,0,0,1,0,-1,0,0,-1,0,0,1,0,1,0,0,1,0,0,0,0,-1,0,0,0,0,0,-1,0,0,0,0,0,0,1
171,0,0,0,0,-1,0,-1,-1,1,0,0,1,0,0,0,0,0,1,0,1,-1,0,0,1,0,0,0,0,0,0,0,-1,-1,0,1,0,-1,1,-1,1,0,0,0,0,0,0,0,0,1,0,0,0,0,0,0,-1,-1,1,-1,0,1,-1,-1,-1
172,0,0,1,0,0,0,1,0,0,-1,0,0,-1,0,0,0,-1,0,-1,0,1,0,0,1,0,0,0,0,0,0,0,1,0,0,0,0,0,0,0,0,0,0,0,-1,1,-1,1,-1,0,1,0,1,0,0,0,0,-1,-1,-1,-1,-1,0,1,1
173,0,-1,-1,-1,0,0,0,1,-1,0,1,0,0,0,0,0,0,0,0,-1,0,0,0,0,0,1,1,0,0,0,0,-1,0,0,0,0,0,0,0,1,0,-1,0,0,1,0,1,-1,0,0,0,-1,-1,0,0,-1,0,0,0,-1,1,0,0,0
174,0,0,-1,0,0,0,0,0,0,0,-1,0,1,1,1,0,0,0,0,0,1,0,0,0,1,0,-1,0,-1,0,0,0,0,0,0,-1,0,0,0,-1,0,0,0,-1,0,0,0,0,0,0,0,0,0,0,0,0,0,0,0,0,0,0,0,0
175,-1,1,0,0,-1,0,0,0,0,0,-1,0,-1,0,0,0,-1,0,0,0,0,0,-1,0,0,0,0,0,-1,-1,1,0,-1,0,1,0,1,0,0,1,-1,-1,0,-1,0,0,-1,-1,0,-1,0,0,-1,-1,0,1,0,0,1,-1,1,0,0,-1
176,0,0,-1,1,0,0,0,0,-1,-1,1,0,0,0,0,0,0,0,-1,1,0,0,0,1,0,0,1,1,-1,0,1,0,0,0,1,0,0,0,0,0,-1,-1,0,0,0,-1,0,0,0,0,-1,-1,1,-1,-1,0,0,0,0,0,0,0,0,1
177,0,0,0,0,1,-1,1,0,0,-1,0,0,-1,0,0,1,0,1,0,1,0,0,-1,0,-1,-1,0,0,0,0,0,0,0,0,-1,1,1,0,0,0,0,0,0,0,0,0,0,0,0,-1,-1,-1,0,0,0,0,-1,0,1,0,0,1,-1,1
178,0,0,0,1,0,0,0,0,0,0,0,1,0,0,0,0,0,1,0,1,0,0,0,0,0,-1,1,0,0,1,0,-1,0,-1,0,0,-1,1,1,0,0,0,0,1,-1,0,0,1,0,1,1,0,0,1,0,1,0,0,0,0,0,0,0,-1
179,1,0,0,0,0,0,1,0,0,0,0,1,0,0,0,-1,1,0,0,-1,0,0,0,-1,0,-1,0,-1,-1,0,0,-1,-1,-1,0,1,0,-1,0,0,0,0,1,1,1,0,0,0,-1,0,0,1,0,1,0,0,1,0,-1,0,-1,0,0,0
180,0,1,0,0,0,0,-1,0,1,0,0,0,1,1,0,0,1,0,0,0,-1,1,0,0,0,-1,1,0,0,-1,1,0,1,-1,-1,1,1,1,0,-1,-1,0,-1,-1,0,0,-1,-1,0,0,1,0,0,-1,0,-1,0,0,-1,0,1,0,0,-1
181,1,0,-1,0,0,0,0,0,-1,0,0,0,1,1,0,0,0,-1,0,0,0,0,1,0,1,0,0,0,-1,0,0,0,0,0,-1,0,0,1,-1,1,0,-1,-1,0,1,-1,0,0,1,-1,0,-1,0,1,0,0,0,0,0,1,0,-1,0,-1
182,0,0,0,1,0,0,0,-1,0,-1,0,0,0,1,0,-1,-1,0,0,-1,0,0,0,0,-1,0,1,0,0,0,0,-1,0,0,-1,-1,0,-1,-1,0,0,1,0,0,0,1,0,0,0,1,0,-1,0,0,-1,0,0,0,0,0,0,0,0,0
183,0,0,0,0,0,-1,-1,0,0,-1,0,-1,0,0,0,0,-1,-1,0,0,0,0,0,0,0,0,0,0,1,1,0,0,1,-1,1,0,0,0,1,0,-1,0,1,0,0,0,0,0,0,0,0,0,0,-1,0,-1,0,0,0,0,0,0,1,1
184,-1,0,-1,0,-1,-1,0,0,1,0,0,-1,0,0,0,1,-1,1,1,-1,0,0,1,-1,0,0,0,-1,0,0,0,1,-1,1,1,1,1,-1,0,1,1,0,0,1,0,0,0,-1,0,-1,-1,0,0,-1,0,0,0,1,-1,-1,1,0,0,-1
185,-1,1,1,0,1,0,0,0,0,0,-1,0,-1,0,0,1,0,-1,1,0,1,0,0,0,1,0,-1,0,-1,0,0,0,-1,0,0,-1,0,0,1,0,0,1,1,0,-1,0,0,1,0,-1,-1,0,0,0,0,0,0,0,0,0,-1,0,0,0
186,-1,-1,0,-1,0,1,0,1,-1,0,-1,0,1,0,0,0,1,-1,0,-1,1,0,0,1,-1,-1,0,1,0,0,0,0,0,0,0,0,1,-1,0,0,0,1,-1,0,0,0,1,0,0,0,0,0,0,0,0,0,0,1,0,0,-1,-1,-1,0
187,0,0,-1,0,-1,0,1,0,0,1,0,0,1,0,0,0,0,0,1,0,0,1,0,1,-1,1,0,0,0,0,0,-1,0,0,0,0,1,0,1,0,0,0,0,-1,-1,0,0,0,0,0,0,0,1,0,0,1,1,0,0,0,0,0,1,-1
188,0,0,0,-1,0,0,0,0,0,0,1,0,1,1,0,0,1,0,0,0,0,0,0,-1,0,-1,0,0,0,1,0,-1,0,0,0,1,0,0,0,0,0,0,0,0,0,0,-1,0,0,0,0,0,0,0,0,0,0,0,-1,0,0,0,-1,1
189,0,1,0,0,0,0,0,1,0,0,0,0,1,0,0,0,0,-1,-1,0,0,0,0,-1,0,-1,0,0,0,-1,0,-1,0,0,1,0,0,1,0,0,0,1,0,0,-1,1,0,-1,0,1,0,0,0,0,0,0,1,0,0,-1,0,0,1,0
190,0,0,1,0,0,1,-1,0,0,1,0,0,0,0,0,0,1,-1,-1,0,0,-1,-1,-1,1,-1,1,-1,0,0,-1,0,0,0,0,0,0,0,0,1,0,0,0,0,0,0,0,0,-1,0,0,1,-1,0,-1,1,0,-1,0,0,0,0,-1,-1
191,1,0,0,0,0,0,0,0,1,0,0,0,0,0,0,-1,0,1,0,1,0,1,0,0,1,0,0,-1,-1,0,0,0,1,0,1,1,0,0,0,0,1,0,1,-1,0,1,0,0,0,0,0,0,0,-1,0,-1,0,0,-1,1,-1,0,0,1
192,0,0,0,0,0,-1,1,0,0,0,-1,0,0,0,0,0,0,0,0,0,1,-1,0,1,1,0,-1,1,0,0,0,1,0,1,0,-1,0,1,0,0,-1,0,0,0,1,1,0,0,0,0,0,0,0,-1,1,1,-1,0,0,0,-1,0,0,0
193,0,0,0,1,0,0,0,0,0,0,0,0,0,0,1,0,-1,0,0,0,0,0,1,-1,0,1,0,0,0,0,0,0,0,0,0,1,-1,0,1,0,0,1,0,-1,0,0,0,1,1,0,0,0,0,0,1,-1,-1,1,0,0,-1,-1,0,-1
194,-1,0,1,0,0,0,0,0,1,0,0,0,-1,0,0,0,-1,0,0,-1,0,0,0,0,0,-1,1,0,0,-1,0,-1,0,0,-1,0,0,0,0,0,0,0,1,-1,0,0,0,0,-1,0,-1,0,-1,0,1,0,0,-1,0,-1,0,0,0,0
195,0,0,0,0,0,1,0,1,0,-1,0,0,-1,1,0,0,-1,0,0,0,0,-1,0,1,0,-1,0,0,0,1,0,1,0,0,0,-1,0,0,0,-1,0,-1,0,1,-1,0,1,0,0,0,0,0,0,0,1,0,1,0,-1,0,0,0,0,0
196,0,0,0,0,0,0,-1,0,0,0,-1,1,0,1,0,0,-1,0,0,1,0,0,0,0,0,-1,0,-1,0,0,0,0,0,0,0,1,0,-1,1,0,0,1,0,0,0,0,0,0,0,-1,0,0,0,0,0,1,0,1,0,0,-1,1,0,-1
197,-1,-1,0,1,0,0,1,0,0,0,0,0,1,0,1,0,0,0,0,0,0,0,0,0,-1,0,-1,1,0,0,0,0,0,0,1,1,0,0,0,0,0,1,0,1,-1,-1,0,0,0,0,-1,0,0,0,0,0,0,1,0,0,1,0,0,0
198,1,0,0,0,0,1,0,0,0,0,0,0,0,0,-1,-1,0,-1,0,0,1,0,1,0,-1,0,0,1,0,0,-1,0,1,0,0,0,0,0,1,0,0,0,0,0,0,0,-1,0,-1,1,-1,0,0,0,0,1,0,0,0,-1,0,0,1,1
199,0,-1,0,0,0,0,0,0,0,-1,0,1,0,0,1,0,0,0,-1,0,1,0,-1,0,1,-1,0,1,1,-1,0,0,0,0,1,0,0,-1,-1,1,-1,0,0,-1,1,0,0,0,0,0,0,0,1,0,-1,-1,1,0,0,0,0,1,0,1
200,-1,1,-1,0,0,-1,0,0,1,0,0,-1,1,1,0,0,0,0,0,0,0,-1,0,1,0,0,0,0,0,0,0,0,0,0,0,0,-1,0,0,1,1,1,-1,1,1,1,0,0,0,0,0,0,1,1,0,0,1,0,1,0,0,0,0,-1
201,0,-1,-1,0,0,1,0,0,0,-1,0,0,1,0,0,-1,0,0,1,0,0,1,-1,0,1,0,0,0,-1,0,-1,0,-1,0,0,-1,0,0,0,0,1,1,0,0,-1,1,0,1,1,1,1,0,0,-1,0,0,1,0,0,0,1,0,0,0
202,0,0,1,0,-1,-1,0,1,0,0,0,-1,-1,-1,0,0,0,0,0,0,-1,0,0,0,-1,1,0,0,0,-1,0,0,0,0,0,0,0,0,0,0,0,0,0,0,1,0,-1,0,0,0,-1,0,0,-1,0,0,-1,0,0,0,-1,0,1,0
203,0,1,0,0,1,0,0,0,0,0,-1,0,1,0,-1,1,0,0,0,0,-1,1,0,1,0,0,0,0,-1,0,-1,0,0,0,0,0,0,0,0,0,1,-1,0,0,0,0,0,1,-1,0,0,0,0,0,0,0,0,0,0,0,0,1,1,-1
204,0,0,0,-1,-1,0,0,0,0,-1,-1,0,1,0,-1,0,-1,0,1,-1,0,1,1,0,0,1,0,0,1,0,0,0,0,0,0,0,0,0,1,0,1,0,0,0,0,-1,0,0,0,0,-1,1,0,0,0,-1,-1,-1,0,0,0,0,0,0
205,0,0,0,-1,0,0,0,0,0,-1,0,0,0,-1,0,0,1,0,1,0,0,-1,0,0,0,1,0,0,-1,0,0,0,0,0,0,-1,-1,0,0,-1,0,0,0,1,0,-1,-1,1,0,0,0,0,0,0,0,-1,-1,0,0,1,0,0,0,0
206,0,-1,0,-1,0,0,0,0,0,1,1,0,0,0,0,0,0,1,-1,0,0,1,0,0,0,0,-1,0,0,0,0,0,-1,0,0,0,0,0,0,0,0,1,1,0,0,0,0,0,0,-1,0,0,1,0,0,0,0,0,-1,0,0,1,0,1
207,0,0,0,-1,0,-1,0,1,-1,1,0,-1,0,0,0,0,-1,0,0,1,-1,-1,0,0,0,-1,0,0,0,-1,0,0,0,1,0,0,0,0,1,0,1,1,0,0,0,-1,0,1,0,0,0,-1,-1,0,0,1,-1,0,-1,1,0,0,0,0
208,0,0,1,0,0,0,1,0,1,-1,0,0,0,1,0,1,0,0,0,0,0,0,-1,1,0,-1,0,0,0,0,0,1,1,1,0,0,0,1,0,0,1,0,1,0,1,0,0,0,0,0,0,0,0,0,1,0,0,0,-1,1,0,0,0,0
209,0,0,0,0,0,0,-1,0,0,0,-1,0,0,0,0,0,1,0,0,1,0,-1,1,0,-1,0,-1,0,0,0,1,1,-1,0,0,-1,-1,1,0,0,0,0,-1,0,-1,0,0,0,0,1,0,0,0,0,0,0,0,0,0,0,0,0,0,0
210,0,0,0,0,0,-1,1,0,-1,0,0,-1,0,0,0,0,0,0,0,0,0,0,0,-1,-1,0,1,0,0,0,0,0,0,1,0,0,0,0,0,0,0,0,0,0,1,0,-1,-1,0,0,1,-1,1,-1,-1,0,0,0,0,0,-1,0,-1,0
211,0,0,-1,0,1,0,0,0,-1,1,0,0,0,1,0,1,1,0,1,0,0,-1,0,1,-1,-1,0,-1,0,0,-1,0,0,0,0,0,0,0,0,1,1,0,0,-1,-1,0,0,0,-1,1,0,0,0,-1,0,1,-1,0,-1,-1,1,0,0,0
212,0,-1,0,-1,1,0,-1,1,0,0,1,0,0,0,0,0,-1,1,0,0,0,0,-1,0,1,0,0,0,0,0,1,0,0,0,-1,0,0,1,-1,0,1,0,0,0,0,1,0,0,-1,0,0,0,0,1,-1,1,0,-1,-1,0,0,1,1,0
213,-1,1,0,-1,1,-1,0,1,0,-1,0,-1,0,0,0,0,0,-1,0,0,0,0,1,0,0,0,0,0,-1,0,0,1,0,0,1,0,0,0,0,-1,0,1,0,0,0,-1,1,0,0,-1,0,0,0,0,0,0,0,0,1,0,0,0,0,0
214,0,0,-1,1,-1,0,0,0,0,0,0,1,0,1,-1,0,0,1,-1,0,0,-1,1,0,0,0,0,0,0,0,0,0,0,0,0,0,-1,0,0,0,0,0,-1,1,0,0,-1,-1,0,0,-1,0,0,-1,-1,0,0,1,0,0,0,-1,0,-1
215,-1,0,0,0,0,-1,-1,0,-1,0,0,0,1,0,0,-1,0,0,0,0,0,0,1,-1,1,0,0,0,0,0,0,-1,-1,0,0,0,0,0,0,1,0,0,0,1,-1,0,-1,0,-1,0,0,-1,0,0,-1,0,0,0,-1,-1,-1,0,0,0
216,-1,1,0,0,0,0,1,0,0,0,0,0,0,0,-1,0,1,0,-1,0,0,0,0,0,-1,-1,1,1,1,0,0,1,0,1,-1,0,0,1,0,0,0,0,1,0,-1,1,0,1,0,1,0,0,0,0,-1,0,-1,0,0,0,0,0,0,1
217,1,1,0,-1,0,-1,0,0,-1,1,0,0,0,-1,0,0,1,-1,-1,1,0,0,-1,1,0,1,-1,0,0,-1,-1,0,0,0,-1,0,-1,0,0,0,0,1,0,1,0,0,1,0,1,0,0,0,0,0,-1,-1,1,0,0,0,1,0,0,0
218,0,0,1,0,1,0,1,0,0,0,-1,1,0,1,1,0,0,-1,0,0,0,-1,0,0,-1,1,0,0,0,1,0,0,-1,1,1,0,-1,1,0,0,0,0,0,0,0,0,1,-1,0,0,-1,0,0,1,0,1,0,0,1,0,0,0,-1,0
219,0,0,-1,0,-1,-1,0,-1,1,0,0,0,-1,1,0,0,1,1,0,-1,0,0,1,0,0,0,0,0,0,1,1,0,-1,0,0,1,0,0,0,0,0,0,-1,0,0,-1,0,1,1,0,1,0,0,1,0,-1,0,0,-1,0,0,0,0,0
220,0,1,0,0,-1,0,0,0,-1,0,-1,-1,0,0,1,0,0,0,0,0,-1,0,0,0,0,-1,0,-1,1,-1,0,0,0,-1,-1,0,0,1,0,0,0,0,0,0,0,1,0,1,0,0,0,-1,0,0,0,0,1,0,1,0,0,-1,-1,-1
221,0,0,-1,0,0,0,0,0,0,0,-1,0,0,0,0,-1,1,0,0,0,-1,0,0,0,0,0,-1,1,0,-1,0,-1,0,0,1,0,1,-1,-1,0,-1,1,0,0,0,1,1,1,0,0,-1,1,0,0,-1,0,0,0,-1,0,0,0,0,1
222,0,0,0,0,0,0,0,0,1,1,0,0,0,0,0,0,0,0,1,0,0,0,1,0,1,0,0,0,0,0,0,0,1,0,0,1,1,-1,-1,0,1,0,0,-1,0,-1,0,0,0,0,0,0,0,0,-1,0,0,0,0,-1,1,-1,0,1
223,0,1,0,0,0,0,0,0,0,0,1,0,0,0,0,1,1,-1,1,0,1,-1,0,0,0,0,-1,1,0,0,0,0,1,1,0,-1,0,0,-1,1,-1,-1,0,-1,0,0,1,-1,0,0,-1,0,0,-1,0,0,1,-1,0,0,1,0,0,1
224,0,-1,0,0,0,0,0,0,0,0,-1,0,-1,0,0,0,-1,-1,0,-1,0,0,0,0,0,0,-1,0,-1,-1,0,0,0,1,0,0,0,0,0,0,0,0,-1,-1,0,0,0,0,-1,0,0,0,0,0,0,0,-1,1,0,0,0,0,0,0
225,1,0,0,0,0,1,0,0,0,1,0,-1,0,0,0,0,0,1,0,0,1,0,-1,-1,-1,0,1,0,0,0,0,0,0,-1,1,0,0,-1,-1,-1,0,1,1,0,0,0,-1,0,0,0,-1,0,1,0,0,-1,0,0,0,-1,0,0,-1,0
226,0,0,0,0,0,0,0,0,0,0,-1,0,0,1,0,1,-1,1,0,-1,-1,0,0,0,1,0,-1,0,0,0,1,0,0,0,0,0,1,0,1,0,0,0,0,0,0,1,1,-1,0,0,-1,0,0,-1,-1,1,0,0,0,1,0,0,0,1
227,0,-1,0,0,0,-1,0,0,0,1,0,1,0,1,0,1,0,0,0,1,0,0,-1,0,0,0,0,-1,0,0,1,1,0,0,0,0,0,0,0,-1,-1,0,-1,0,0,1,1,0,0,0,0,0,-1,0,0,1,0,0,0,0,0,0,0,-1
228,0,-1,0,1,0,0,0,0,-1,0,0,0,0,0,0,0,0,0,0,1,0,-1,0,0,0,0,0,0,0,0,0,-1,1,0,1,1,-1,-1,1,-1,1,0,-1,0,0,0,0,0,0,0,0,0,1,0,1,0,0,0,0,0,0,0,0,-1
229,-1,0,0,0,-1,0,-1,0,0,0,1,0,-1,1,-1,0,1,0,0,1,1,0,0,-1,1,0,0,1,0,-1,0,1,0,0,0,0,0,0,0,0,0,0,-1,0,1,0,0,0,0,0,1,0,-1,1,-1,0,1,1,-1,1,1,0,1,1
230,1,1,0,0,0,1,-1,0,0,0,0,0,1,0,0,0,-1,0,-1,0,1,0,0,0,0,0,0,0,0,0,0,-1,0,0,0,0,1,0,1,0,0,0,0,0,0,0,0,0,0,0,-1,-1,0,0,0,0,0,-1,0,0,0,-1,1,1
231,-1,1,-1,0,0,0,0,-1,1,0,1,0,0,-1,0,0,0,0,1,1,0,0,0,1,0,0,0,0,-1,-1,0,0,0,-1,0,0,0,-1,0,0,0,0,0,0,0,0,-1,0,1,0,0,0,0,0,0,0,0,0,-1,0,0,0,0,0
232,-1,1,1,-1,-1,0,0,0,0,0,0,0,0,0,0,1,0,0,0,1,1,0,0,0,-1,-1,-1,0,0,1,0,1,0,0,0,0,0,0,-1,1,0,1,-1,0,-1,-1,0,0,0,-1,-1,1,0,0,0,0,1,0,0,1,-1,0,0,1
233,0,-1,0,0,0,-1,0,0,0,0,0,0,-1,0,0,-1,0,1,-1,1,1,0,0,0,0,1,0,-1,0,0,0,-1,1,0,1,0,0,0,0,1,0,0,-1,0,0,0,1,0,0,0,0,0,0,0,0,0,-1,0,-1,0,0,1,1,0
234,0,0,0,0,0,0,0,0,-1,1,0,0,0,0,1,0,0,0,0,0,0,1,0,0,0,0,0,0,0,0,1,0,0,0,0,0,0,0,0,-1,0,0,0,0,0,0,0,0,0,1,0,1,1,1,1,0,0,-1,0,0,0,0,-1,0
235,-1,0,0,0,1,0,0,0,0,-1,0,0,-1,0,-1,0,0,0,0,0,0,-1,1,1,0,0,0,0,1,0,0,0,0,-1,-1,1,0,0,1,0,0,0,1,-1,0,0,1,0,1,0,0,-1,0,-1,1,0,0,0,0,0,0,0,0,0
236,0,0,0,-1,0,0,0,0,0,0,0,-1,0,0,0,1,0,0,-1,0,1,1,0,0,-1,0,0,0,0,0,0,0,0,1,-1,-1,1,0,-1,-1,0,1,-1,1,-1,-1,0,1,0,0,0,0,0,0,0,-1,0,0,0,-1,1,0,1,0
237,0,0,0,0,0,1,0,-1,-1,0,-1,0,0,1,0,0,0,0,0,1,0,-1,0,0,0,0,1,0,0,0,0,0,0,1,-1,1,0,0,0,0,0,1,0,1,0,0,1,0,0,0,0,-1,-1,0,0,1,1,0,1,0,0,-1,1,-1
238,0,1,1,0,-1,0,0,0,0,0,1,1,0,0,0,1,1,0,1,1,0,1,0,0,0,0,0,0,0,0,0,1,-1,0,0,0,0,0,0,1,1,-1,-1,-1,0,1,0,1,0,0,1,1,-1,-1,-1,1,0,0,1,0,0,0,0,0
239,0,1,0,0,0,0,-1,0,0,0,0,1,-1,-1,-1,0,0,0,0,0,0,-1,0,1,0,0,-1,0,0,0,0,0,1,0,0,-1,1,1,1,1,0,0,0,0,0,0,0,0,1,-1,1,1,0,0,0,1,-1,0,1,0,-1,0,0,0
240,-1,0,0,0,-1,-1,1,0,0,0,0,0,0,0,0,0,0,0,1,0,0,0,0,1,0,0,1,0,0,0,0,0,-1,0,0,1,0,-1,0,0,1,1,0,0,-1,0,0,0,0,-1,-1,0,0,0,0,0,0,0,0,0,0,0,-1,1
241,1,0,-1,0,0,0,0,1,0,0,0,0,1,0,1,0,0,0,1,1,0,0,0,1,0,1,0,0,0,1,-1,0,-1,1,-1,1,0,1,-1,0,0,1,0,1,-1,1,0,1,0,1,0,0,0,0,1,-1,0,1,-1,-1,-1,1,1,0
242,0,0,0,0,0,1,1,-1,0,0,0,0,1,-1,0,1,1,0,0,0,0,0,0,1,-1,0,0,0,0,0,1,0,0,-1,0,0,0,1,-1,0,0,0,0,0,1,0,0,1,-1,1,0,0,0,1,1,-1,-1,0,0,-1,0,1,-1,0
243,0,0,1,0,0,0,-1,0,1,0,0,0,0,0,1,0,1,1,-1,0,0,-1,-1,0,1,0,0,0,-1,0,0,-1,-1,-1,0,0,-1,-1,0,-1,1,1,0,0,0,0,0,0,-1,-1,-1,1,-1,1,0,-1,0,0,0,0,0,0,1,0
244,0,0,-1,0,0,0,-1,0,0,1,0,0,0,0,0,-1,0,-1,0,1,0,0,0,0,0,0,0,1,0,0,0,0,0,-1,1,0,1,1,0,0,-1,1,0,0,0,0,-1,0,0,0,0,0,0,-1,0,1,0,0,1,0,1,0,-1,0
245,1,1,0,0,0,-1,-1,0,1,0,0,0,0,0,-1,0,1,0,0,0,-1,0,1,0,0,-1,0,0,0,0,0,0,0,0,-1,0,0,0,0,0,0,0,-1,0,0,0,-1,0,-1,0,0,1,1,0,0,0,0,1,-1,-1,0,0,0,0
246,0,0,0,1,0,-1,1,1,0,0,0,0,0,0,-1,1,-1,-1,-1,0,0,-1,0,0,0,-1,-1,0,0,0,0,0,0,1,0,0,0,0,-1,0,1,0,1,0,1,0,0,-1,0,0,0,0,0,0,-1,0,0,-1,-1,-1,0,0,0,0
247,0,-1,-1,-1,0,0,0,0,0,0,0,0,1,0,0,0,0,0,1,0,0,0,0,1,1,0,0,0,0,-1,-1,0,-1,0,0,0,0,0,0,0,0,0,0,1,0,0,0,-1,0,0,-1,0,1,0,-1,-1,0,0,0,0,1,0,1,0
248,-1,-1,0,0,0,-1,1,0,0,1,0,0,0,0,1,0,0,1,1,0,0,-1,1,-1,0,-1,0,-1,1,1,1,0,0,0,-1,0,-1,0,-1,0,-1,-1,0,1,0,0,0,0,0,0,0,0,1,-1,0,0,0,0,0,-1,0,1,0,0
249,1,0,-1,1,0,0,-1,0,0,1,-1,1,0,0,1,0,1,0,1,0,0,0,1,0,0,0,1,0,0,0,1,0,0,-1,-1,0,0,1,0,0,0,1,0,0,0,-1,0,-1,1,0,0,0,-1,0,0,0,0,0,0,0,0,0,0,0
250,0,-1,0,0,0,0,0,1,1,1,-1,0,0,0,0,0,0,1,0,0,0,-1,0,0,0,1,0,0,1,-1,0,0,-1,0,0,0,0,-1,-1,0,0,0,0,0,0,-1,1,0,0,1,0,1,-1,1,1,0,-1,0,0,0,-1,0,1,1
251,0,-1,0,1,1,0,0,0,-1,0,0,0,0,0,0,1,-1,1,0,1,-1,0,0,0,-1,0,0,-1,1,-1,0,1,0,1,0,0,0,-1,0,0,1,0,0,1,0,0,0,0,0,-1,-1,0,0,0,0,-1,0,0,-1,0,0,1,0,0
252,0,0,0,0,0,-1,1,0,0,0,0,0,0,0,0,-1,0,0,1,0,-1,0,-1,-1,1,0,0,0,0,0,0,0,-1,0,0,0,0,1,1,1,0,0,0,1,0,0,1,-1,1,0,0,0,0,0,0,0,0,-1,-1,0,0,0,0,0
253,0,0,-1,-1,0,0,0,0,-1,0,-1,0,0,0,-1,0,0,-1,0,0,0,0,0,0,0,1,0,0,0,1,0,0,0,0,0,0,-1,-1,0,0,0,0,0,1,1,0,0,0,0,0,0,0,0,0,1,1,0,-1,0,0,0,1,0,0
254,-1,-1,0,0,0,0,-1,-1,0,0,0,0,0,-1,0,-1,0,0,0,-1,1,0,0,-1,0,1,0,0,0,0,0,1,0,0,-1,0,-1,0,0,-1,-1,-1,0,0,-1,0,0,0,0,0,0,0,-1,1,0,0,1,-1,0,0,1,1,0,1
255,0,0,1,0,0,0,0,0,0,0,0,0,1,-1,0,0,0,0,1,0,0,-1,1,0,1,0,-1,0,0,-1,1,1,0,0,0,1,-1,0,-1,1,0,1,1,0,0,0,0,-1,0,0,0,0,1,0,0,0,-1,0,1,0,0,0,-1,0
256,1,0,0,0,0,-1,-1,0,0,0,0,-1,0,0,0,1,0,1,-1,-1,0,0,-1,0,-1,0,-1,0,-1,1,-1,0,-1,1,1,0,-1,0,-1,-1,0,0,0,0,-1,0,0,0,0,0,0,0,1,0,0,0,0,-1,1,0,0,0,0,-1
257,0,0,0,0,0,0,0,0,0,1,0,0,-1,0,0,0,0,0,-1,0,-1,0,1,0,0,-1,1,-1,-1,0,1,-1,1,0,1,-1,0,0,0,0,0,0,0,-1,-1,0,-1,0,0,0,0,-1,0,1,1,-1,-1,0,0,0,0,0,-1,1
258,0,-1,0,-1,1,0,1,-1,0,1,1,0,0,0,0,0,1,1,0,1,0,0,0,0,0,0,0,-1,0,0,0,1,0,0,-1,0,0,1,-1,-1,1,0,0,-1,-1,-1,1,0,-1,0,1,0,0,0,1,0,1,0,0,0,0,-1,1,0
259,0,0,0,0,0,0,0,-1,1,0,0,0,1,0,0,0,1,0,0,0,0,0,-1,0,0,0,1,-1,0,0,-1,0,0,0,0,-1,-1,0,0,0,-1,1,0,0,-1,0,0,1,0,0,0,0,0,0,0,1,0,-1,0,0,1,0,0,0
260,0,-1,-1,0,1,0,-1,-1,0,0,0,0,1,0,0,0,0,0,0,0,0,0,0,1,0,1,0,1,0,-1,0,1,0,0,1,0,0,0,0,0,0,0,0,0,-1,0,0,0,0,0,-1,0,-1,1,-1,0,0,-1,0,0,0,1,0,0
261,0,0,0,-1,0,0,0,0,0,1,0,0,1,0,0,0,1,-1,0,0,0,0,-1,1,0,0,0,0,-1,0,0,0,0,0,0,0,0,0,0,0,0,0,0,0,0,1,0,1,-1,0,-1,0,0,0,0,0,1,0,-1,0,0,0,0,-1
262,0,1,0,1,1,-1,0,1,1,0,-1,-1,0,1,-1,0,0,0,0,0,0,0,-1,0,0,0,0,-1,1,0,0,0,0,0,0,1,0,0,0,1,1,1,0,0,0,0,0,0,0,1,0,0,0,0,0,-1,0,1,0,0,0,0,0,0
263,1,0,-1,1,-1,0,0,0,0,0,0,0,1,0,0,0,0,1,1,-1,0,0,0,0,0,0,0,0,1,1,0,1,0,0,-1,0,0,0,0,1,0,0,-1,0,-1,-1,0,-1,0,0,0,0,-1,0,0,0,1,0,-1,0,0,0,0,1
264,0,0,0,0,-1,0,0,0,1,0,-1,-1,-1,-1,1,0,0,0,0,0,0,0,1,0,0,0,1,0,0,0,0,1,-1,1,0,-1,1,0,0,-1,0,0,0,-1,0,1,1,0,-1,0,0,0,0,0,0,0,0,0,0,-1,1,-1,0,1
265,0,0,0,0,0,0,0,0,0,-1,0,1,0,-1,0,0,0,0,1,0,0,0,0,0,0,0,0,0,0,0,-1,0,0,-1,-1,0,0,1,0,0,0,0,0,0,0,0,-1,0,0,-1,0,-1,0,0,1,-1,0,0,-1,0,0,-1,0,0
266,0,0,0,0,0,-1,0,-1,0,1,0,0,0,0,0,-1,0,0,-1,-1,0,0,0,0,-1,1,0,1,0,0,0,1,0,0,1,0,0,0,0,0,1,0,0,0,1,0,-1,1,1,0,0,0,0,1,0,0,0,1,1,-1,0,1,-1,-1
267,1,-1,-1,0,1,0,1,0,0,0,0,0,0,0,-1,0,0,-1,0,0,0,0,-1,0,0,0,-1,1,0,0,0,0,0,0,0,0,-1,0,0,0,0,-1,1,0,1,0,0,1,0,0,0,-1,-1,0,0,1,0,-1,-1,0,1,1,0,0
268,1,0,0,1,0,0,1,0,-1,0,0,0,0,1,0,0,0,-1,0,0,0,0,-1,0,0,0,0,1,1,1,-1,0,0,0,1,0,0,0,-1,0,0,1,0,0,0,0,0,-1,-1,-1,0,0,0,0,-1,-1,0,1,-1,0,-1,0,0,-1
269,1,0,1,0,0,0,0,-1,-1,1,0,0,0,0,0,-1,-1,-1,1,-1,-1,0,-1,-1,1,0,0,0,-1,0,0,0,0,-1,0,-1,-1,0,0,0,0,0,0,-1,1,1,0,0,-1,1,1,0,0,0,-1,0,0,-1,0,-1,0,0,1,1
270,0,0,-1,0,0,0,0,0,0,-1,0,1,0,0,0,-1,-1,0,-1,-1,0,1,0,0,0,0,0,0,0,0,1,1,0,0,0,0,1,0,0,0,0,0,0,0,0,-1,-1,0,1,0,0,-1,0,1,1,-1,1,-1,1,0,1,0,0,0
271,1,-1,-1,0,1,0,0,0,0,0,-1,0,-1,-1,0,0,0,0,0,-1,-1,0,0,1,0,0,-1,0,0,0,0,0,1,-1,-1,0,0,1,0,0,1,0,0,0,0,-1,0,0,1,0,0,1,0,0,1,0,-1,1,1,0,0,0,0,0
272,0,0,1,0,1,0,0,0,0,0,1,-1,0,0,0,0,0,0,0,0,0,0,0,1,0,-1,1,0,-1,0,0,1,0,0,0,0,1,0,-1,0,0,-1,0,1,1,-1,1,0,0,0,0,0,0,0,0,0,1,0,0,-1,-1,-1,1,-1
273,0,1,0,0,0,0,1,1,0,0,-1,0,0,-1,0,0,0,1,0,0,0,0,-1,0,1,0,0,-1,-1,0,0,0,0,0,0,0,-1,1,1,-1,0,0,0,0,1,0,0,0,0,0,1,0,0,0,0,0,0,0,0,-1,0,0,-1,0
274,1,0,-1,0,1,1,-1,0,0,1,0,0,1,-1,0,0,-1,1,-1,0,0,0,0,0,0,-1,0,0,0,0,0,-1,1,0,0,0,1,0,-1,0,0,0,0,0,-1,-1,0,1,0,0,-1,0,0,-1,0,0,0,0,0,0,0,-1,0,0
275,0,0,1,0,-1,0,1,0,0,1,0,0,0,0,0,0,0,0,0,1,0,1,0,-1,0,0,0,1,0,0,0,0,-1,1,0,1,0,1,0,0,0,1,0,1,0,0,-1,-1,0,0,-1,0,0,0,0,0,-1,0,1,0,0,0,0,1
276,-1,0,0,0,0,0,0,0,-1,-1,0,0,0,-1,0,-1,0,0,0,0,0,1,0,-1,0,0,0,-1,0,0,-1,-1,0,-1,1,1,-1,-1,-1,0,0,0,-1,0,0,1,0,0,0,-1,0,-1,0,0,0,0,0,0,0,0,0,-1,0,-1
277,0,0,0,0,0,1,-1,0,0,1,0,0,0,-1,0,0,0,-1,-1,0,0,1,-1,0,0,-1,0,0,0,0,0,0,-1,-1,0,0,0,-1,0,1,1,-1,0,0,0,0,0,-1,0,0,0,0,0,0,0,-1,0,0,-1,0,0,0,1,0
278,0,0,1,1,0,0,1,0,1,0,0,-1,0,0,-1,0,1,1,0,0,1,1,-1,0,-1,0,0,0,0,0,1,1,0,0,0,1,-1,1,-1,0,0,0,0,0,0,0,1,0,0,1,-1,-1,0,0,-1,0,-1,0,0,0,-1,0,0,0
279,0,0,0,1,0,0,0,0,0,0,0,0,1,0,0,-1,0,0,0,0,0,0,0,0,0,0,0,0,1,-1,1,0,0,-1,-1,1,-1,0,0,0,-1,0,0,0,1,0,1,0,-1,0,1,0,1,-1,-1,0,0,0,0,0,-1,-1,1,0
280,0,1,0,0,-1,0,0,0,1,0,0,1,0,0,1,-1,1,1,-1,0,0,-1,0,1,-1,0,0,0,0,0,0,0,0,-1,1,0,0,1,0,0,0,0,0,0,0,1,0,-1,0,-1,0,1,0,0,0,1,-1,-1,1,0,-1,-1,0,-1
281,0,1,1,0,0,0,0,0,0,0,1,0,-1,0,0,0,0,0,0,0,1,0,-1,0,0,0,0,0,0,0,0,0,1,0,1,-1,-1,0,1,0,1,-1,0,1,1,0,-1,0,0,0,1,1,-1,-1,-1,-1,0,0,-1,0,0,0,-1,0
282,0,0,0,-1,-1,0,-1,0,0,0,-1,-1,1,1,0,0,-1,0,1,1,0,-1,0,0,0,1,-1,0,0,-1,0,0,-1,-1,0,-1,0,0,1,1,0,0,0,0,0,0,0,-1,0,0,-1,0,0,1,0,-1,1,1,0,0,0,0,0,0
283,0,0,0,0,0,0,0,0,1,0,0,0,1,1,0,0,0,0,0,-1,0,0,0,0,0,0,0,0,0,0,-1,0,-1,-1,1,0,0,0,1,0,0,0,0,0,0,0,0,0,-1,0,1,0,-1,1,1,-1,1,0,0,0,0,0,0,-1
284,1,0,1,1,1,0,0,0,-1,0,1,-1,0,0,0,1,0,0,0,1,1,0,0,1,-1,0,-1,1,0,0,0,0,0,0,-1,0,0,-1,0,1,0,0,1,1,1,0,0,-1,0,0,0,0,1,0,0,0,0,1,0,1,0,0,0,0
285,0,0,1,1,0,1,0,0,0,0,0,-1,0,0,0,-1,0,-1,0,0,0,0,0,0,-1,1,0,1,0,-1,0,0,1,-1,1,0,-1,0,0,0,0,0,0,0,0,0,0,0,0,0,0,0,0,1,0,1,0,0,-1,0,0,0,-1,0
286,1,0,-1,0,1,-1,1,0,0,-1,-1,0,-1,0,0,0,0,0,0,1,-1,0,0,0,0,0,0,0,0,0,0,0,1,0,0,0,0,0,1,0,0,1,0,0,1,0,1,-1,0,-1,0,0,0,0,1,0,0,0,0,0,1,0,-1,-1
287,0,0,0,0,0,0,1,0,0,0,0,1,0,0,0,0,0,0,0,0,1,1,0,0,0,0,1,0,1,0,1,0,-1,-1,0,0,0,0,-1,0,1,0,0,0,0,1,1,0,0,0,1,0,-1,0,0,0,0,-1,0,0,0,0,0,0
288,0,0,0,0,-1,0,0,1,0,0,0,1,-1,0,1,-1,1,-1,-1,0,0,0,0,0,1,0,0,-1,1,0,0,0,0,0,1,1,0,0,0,0,-1,-1,1,0,0,1,-1,0,-1,1,-1,1,0,-1,1,0,0,0,0,-1,-1,0,0,0
289,-1,0,0,0,0,-1,1,0,0,-1,0,0,-1,0,0,0,0,0,0,0,0,0,-1,0,0,0,0,0,1,0,-1,0,0,0,0,0,0,0,1,0,-1,0,0,0,0,0,0,0,0,0,-1,0,0,0,0,0,0,0,0,-1,-1,-1,0,-1
290,0,0,0,1,0,-1,0,-1,-1,1,1,-1,1,1,1,0,0,0,0,1,-1,0,0,0,1,-1,0,-1,1,1,0,0,-1,0,0,0,1,1,-1,0,-1,0,1,-1,1,0,1,0,0,0,0,0,0,0,0,0,0,0,-1,1,0,0,1,0
291,0,0,0,1,0,0,0,0,0,-1,1,0,0,-1,0,0,0,1,0,1,1,0,0,0,0,0,0,0,-1,0,-1,0,0,0,-1,0,-1,-1,-1,0,0,-1,0,0,0,0,0,0,0,1,0,0,0,0,0,0,1,0,-1,0,0,0,0,-1
292,1,0,-1,-1,1,-1,0,-1,0,0,0,0,-1,0,0,1,0,0,0,0,0,0,-1,0,0,1,0,0,0,0,0,0,-1,0,0,0,-1,0,0,1,0,0,-1,0,0,0,-1,0,0,0,-1,0,1,0,0,0,-1,1,0,1,1,0,1,-1
293,0,1,0,0,0,0,0,-1,0,0,-1,-1,0,1,0,0,0,0,0,0,-1,0,0,0,-1,0,0,0,-1,0,0,0,0,-1,1,0,-1,0,0,1,0,1,0,-1,0,-1,0,0,0,0,0,0,1,1,-1,0,1,0,0,0,1,0,0,1
294,1,0,0,0,0,0,-1,-1,0,-1,0,0,0,0,0,0,0,1,0,0,-1,1,1,-1,1,-1,1,0,-1,-1,-1,-1,1,1,0,0,1,0,0,0,1,-1,0,1,0,0,0,-1,0,-1,0,0,0,-1,0,0,-1,-1,0,0,-1,1,0,0
295,0,1,-1,1,0,-1,0,0,0,0,1,0,0,0,-1,1,0,0,-1,-1,0,0,0,1,0,-1,-1,1,-1,1,0,0,0,1,0,1,1,0,0,0,0,0,0,0,0,0,0,0,0,0,1,0,0,0,0,0,0,0,0,0,0,-1,-1,0
296,0,0,0,0,0,-1,0,0,0,0,0,0,0,0,0,1,0,0,0,-1,1,0,0,0,0,0,0,1,1,0,0,1,0,1,-1,0,0,0,-1,0,0,0,0,0,0,0,0,-1,0,1,0,0,0,-1,0,0,0,-1,0,1,0,0,0,0
297,-1,0,0,0,0,0,-1,-1,0,0,-1,0,0,0,0,0,0,0,1,0,1,0,-1,0,0,0,1,0,0,0,-1,0,0,-1,-1,0,0,0,0,1,1,0,0,0,0,1,0,1,1,-1,0,0,1,0,1,-1,0,0,-1,-1,0,-1,0,0
298,0,1,-1,0,-1,-1,-1,-1,0,-1,0,0,0,-1,1,0,0,0,0,0,0,1,0,0,0,0,0,0,1,-1,1,0,-1,0,1,0,0,0,0,1,1,0,0,-1,0,1,1,1,0,0,0,0,1,0,-1,0,-1,0,0,1,1,-1,0,0
299,0,0,0,1,0,1,0,-1,1,1,0,0,0,1,0,0,1,-1,0,0,0,0,-1,0,1,0,0,0,0,0,0,0,1,0,0,0,-1,-1,0,0,0,0,-1,-1,0,0,1,1,0,0,0,1,1,0,1,1,0,0,1,0,-1,-1,0,0
300,0,0,0,0,0,0,0,0,0,0,-1,-1,0,1,1,0,-1,-1,-1,0,0,0,0,0,0,0,1,0,1,0,0,0,1,-1,0,0,0,0,0,0,1,0,0,0,0,0,0,-1,0,0,0,0,0,0,0,1,0,1,0,0,0,0,1,0
301,0,0,0,0,-1,0,1,0,0,-1,-1,0,1,-1,0,0,0,0,0,0,0,1,0,1,0,0,-1,0,0,0,0,1,0,0,0,0,-1,-1,0,1,0,0,0,0,0,0,0,0,0,0,0,-1,0,0,0,0,0,0,1,0,0,0,-1,0
302,0,0,0,0,0,0,1,0,-1,1,0,-1,0,-1,0,0,0,0,0,0,0,1,-1,1,0,1,0,0,-1,0,0,0,0,1,-1,1,0,-1,0,0,0,1,-1,0,0,0,1,-1,0,0,0,0,0,0,0,0,1,-1,1,0,1,0,0,1
303,0,-1,0,1,-1,1,0,0,0,0,0,1,0,0,-1,0,0,0,0,1,-1,0,0,0,-1,0,-1,1,0,1,0,0,0,0,0,0,1,1,0,0,0,-1,0,0,0,0,-1,0,0,0,0,0,0,0,0,0,1,1,0,-1,1,1,0,0
304,0,0,0,0,1,1,0,0,1,0,0,-1,0,0,0,0,-1,0,0,-1,0,0,1,-1,0,0,0,-1,-1,0,0,1,0,1,0,0,0,0,0,0,1,0,0,0,-1,0,1,0,-1,-1,0,1,0,0,0,0,0,1,0,1,1,1,1,0
305,0,1,0,0,0,0,0,0,0,1,0,-1,-1,0,0,0,1,0,0,0,0,0,1,1,0,0,0,0,0,-1,0,0,0,-1,0,0,0,0,1,0,-1,-1,0,0,1,0,0,-1,0,0,0,0,0,1,0,0,1,0,0,0,-1,0,0,-1
306,0,0,-1,0,1,-1,1,1,0,1,1,0,0,0,1,1,0,0,1,0,0,0,0,0,0,0,0,0,0,-1,0,-1,-1,0,0,0,1,0,-1,0,0,1,-1,1,0,0,-1,0,0,0,0,0,-1,0,0,-1,0,0,0,0,0,0,-1,0
307,1,0,0,1,0,0,-1,1,1,0,0,0,0,0,0,-1,0,-1,0,0,0,1,-1,0,1,0,0,0,1,0,-1,1,-1,0,0,0,0,0,0,-1,-1,0,0,0,-1,0,-1,0,0,0,0,0,0,0,1,-1,0,0,1,0,0,1,0,1
308,-1,1,1,0,0,0,0,-1,0,0,1,0,0,-1,1,1,-1,0,0,1,1,-1,1,0,-1,0,1,-1,0,0,1,0,0,0,0,0,1,1,-1,1,0,0,0,0,1,1,0,1,0,0,0,0,0,1,1,0,0,1,0,0,0,0,0,0
309,0,0,0,0,0,0,0,-1,-1,0,0,1,0,1,0,0,0,1,0,0,0,0,0,0,0,-1,-1,0,0,0,1,0,0,0,0,0,0,0,0,0,0,0,0,0,0,-1,0,0,0,1,0,0,0,0,-1,0,1,0,0,0,0,0,0,-1
310,0,1,0,0,1,1,0,-1,-1,1,0,1,1,-1,0,0,-1,0,0,0,1,-1,0,0,0,1,0,0,0,0,-1,1,0,0,0,0,0,0,0,0,1,-1,0,-1,0,0,0,-1,1,0,0,0,0,0,-1,0,0,-1,0,0,0,0,0,0
311,0,1,0,1,0,-1,0,0,0,0,0,0,0,0,-1,0,-1,0,0,0,0,0,0,0,0,-1,0,0,1,0,-1,0,0,0,-1,0,-1,0,0,0,-1,0,0,1,1,0,-1,-1,0,-1,0,0,0,0,-1,-1,0,1,-1,0,0,0,0,0
312,0,-1,0,0,0,0,0,0,0,0,0,0,0,1,0,0,1,0,1,0,0,0,0,0,-1,-1,1,0,0,0,0,-1,0,0,0,0,0,0,0,0,0,-1,-1,-1,1,0,-1,0,0,0,0,-1,1,0,0,0,0,-1,0,0,0,0,0,0
313,0,0,1,0,0,0,0,-1,1,0,0,0,0,1,-1,0,0,-1,0,1,1,0,0,1,1,0,0,1,0,1,1,0,1,0,0,1,-1,1,0,0,0,0,1,0,0,0,0,-1,1,0,0,0,0,0,0,0,1,-1,0,0,-1,-1,0,-1
314,0,0,0,0,0,0,0,-1,1,0,-1,0,0,0,0,0,0,0,0,0,-1,-1,0,0,0,0,-1,-1,1,0,-1,0,0,1,0,0,-1,1,-1,1,0,0,0,-1,0,1,0,1,0,0,0,0,1,-1,-1,0,0,0,0,-1,0,0,0,0
315,1,-1,0,0,-1,0,-1,0,0,0,0,0,0,0,0,0,0,1,0,0,0,0,0,0,0,0,1,1,0,0,0,0,0,0,-1,0,1,0,0,0,0,1,0,0,1,-1,0,1,0,1,1,0,0,-1,1,-1,0,-1,0,0,0,0,0,0
316,1,0,0,0,0,0,1,0,1,0,0,0,0,-1,0,0,-1,0,0,-1,-1,1,0,1,1,0,0,1,0,0,0,0,0,0,1,1,0,0,0,0,1,0,1,-1,0,0,0,0,0,0,-1,0,0,0,1,0,-1,0,1,1,0,0,0,-1
317,0,0,-1,0,1,1,1,0,0,0,0,1,1,0,1,-1,0,1,0,0,0,1,0,0,1,1,-1,0,0,-1,0,1,0,0,0,0,1,0,0,0,1,0,0,1,1,0,-1,-1,0,0,0,0,0,-1,0,-1,0,0,0,0,0,0,-1,0
318,0,0,0,1,-1,0,0,-1,0,0,0,0,-1,0,1,0,0,0,-1,1,0,0,1,-1,-1,-1,0,1,0,1,0,1,-1,-1,0,-1,-1,1,0,0,1,1,0,0,-1,0,0,0,0,0,0,0,0,0,0,1,0,1,0,0,-1,0,-1,-1
319,0,-1,0,-1,0,0,0,0,0,1,0,0,0,-1,0,1,0,-1,-1,-1,0,0,0,0,0,1,0,0,1,0,0,0,0,0,-1,0,1,0,0,1,0,0,0,0,0,0,0,-1,1,0,1,0,-1,0,0,1,0,0,0,0,-1,0,-1,0
320,0,0,0,0,0,0,0,1,1,0,0,0,0,1,-1,0,0,0,0,0,1,0,-1,0,-1,0,0,0,0,0,0,-1,-1,-1,0,0,0,0,0,0,1,0,-1,0,1,1,0,1,0,0,0,1,1,-1,0,0,-1,0,0,0,1,0,0,0
321,0,1,1,1,0,1,0,1,1,0,0,0,0,-1,0,0,-1,1,0,-1,0,0,0,1,0,0,-1,0,0,0,1,0,0,1,0,0,0,0,0,0,1,0,0,1,1,0,0,0,0,0,0,-1,0,0,0,0,-1,0,1,0,0,-1,0,1
322,0,0,0,1,0,1,-1,0,0,0,0,1,1,0,0,1,0,0,0,0,-1,0,0,0,0,0,1,0,-1,1,0,0,-1,1,0,0,0,-1,0,0,0,0,1,0,0,0,0,-1,1,0,0,-1,1,1,0,0,0,-1,0,0,0,1,0,0
323,0,0,0,0,0,0,0,0,0,0,0,0,0,0,0,0,0,0,0,0,0,0,0,0,-1,-1,-1,0,0,0,-1,0,0,-1,-1,0,1,0,-1,0,-1,0,0,0,1,0,0,0,0,0,0,0,0,0,0,1,0,0,1,-1,0,0,0,0
324,-1,0,0,0,-1,-1,0,0,0,-1,0,0,0,0,-1,-1,1,1,-1,1,0,0,0,1,0,0,-1,0,0,0,0,0,-1,0,1,0,0,-1,0,0,1,0,0,0,0,1,0,0,-1,0,0,-1,1,-1,0,-1,1,1,0,0,0,0,-1,0
325,0,0,0,0,0,1,-1,0,0,1,0,0,-1,1,0,0,1,0,0,0,0,0,-1,0,0,0,0,-1,1,1,0,0,0,1,0,1,1,0,-1,0,-1,0,0,0,0,1,0,0,0,-1,0,0,0,-1,0,-1,0,1,1,0,0,0,0,0
326,0,-1,1,0,0,0,-1,0,0,0,0,1,-1,0,0,0,1,0,1,-1,-1,0,0,0,0,0,-1,0,0,1,0,1,1,1,-1,0,0,0,0,0,0,0,-1,1,0,0,0,0,-1,0,0,1,-1,0,0,0,1,0,0,0,0,1,1,0
327,0,-1,1,-1,-1,1,0,0,0,0,0,-1,1,0,0,0,1,1,1,1,-1,0,0,0,0,0,0,0,0,0,0,-1,0,0,0,-1,0,1,-1,0,0,0,0,0,0,0,1,1,-1,0,0,0,1,1,0,0,0,1,-1,0,0,0,0,0
328,0,1,0,0,0,-1,-1,1,0,0,0,0,0,0,0,0,-1,0,0,0,0,0,0,0,0,0,-1,0,0,0,0,1,0,0,0,0,0,0,0,1,0,1,0,0,1,0,0,0,-1,0,0,0,0,-1,0,-1,0,1,0,-1,-1,-1,1,0
329,0,1,0,0,0,-1,0,-1,1,-1,0,-1,0,1,0,0,0,-1,0,0,-1,0,0,0,1,0,0,0,0,0,0,-1,0,0,0,0,1,0,-1,0,0,0,0,1,0,0,0,1,0,0,-1,0,1,0,0,0,1,1,0,0,0,0,0,0
330,1,0,0,0,1,1,0,0,0,-1,0,0,0,-1,-1,0,0,0,-1,0,0,0,0,0,0,1,1,0,0,0,-1,0,-1,0,0,-1,0,0,-1,0,1,0,0,0,0,1,0,0,0,-1,0,0,1,-1,0,0,0,1,-1,0,0,-1,0,0
331,0,0,1,-1,0,0,0,0,0,-1,0,1,1,1,0,0,0,0,0,0,0,-1,1,0,0,0,0,0,-1,-1,0,0,0,0,-1,0,0,0,0,-1,-1,-1,0,0,0,0,0,-1,1,0,0,1,0,0,0,0,0,-1,0,0,0,1,1,1
332,0,1,1,-1,0,-1,-1,0,0,0,1,0,0,-1,1,1,0,0,0,0,0,0,0,0,0,0,-1,0,0,0,-1,-1,0,0,1,0,-1,0,0,0,0,0,0,1,0,0,0,0,0,1,1,0,-1,0,0,-1,0,0,0,0,0,0,0,0
333,0,-1,1,0,0,0,0,-1,0,0,0,0,0,0,-1,0,-1,0,1,0,0,0,0,1,-1,-1,0,1,-1,1,0,-1,1,0,0,-1,0,0,0,1,0,0,0,0,0,1,0,0,0,1,0,0,0,0,0,0,-1,0,1,0,1,0,-1,-1
334,0,-1,0,0,1,0,-1,0,0,0,1,0,0,0,1,0,-1,0,0,0,0,0,0,-1,0,0,-1,0,0,0,0,0,0,0,0,-1,1,0,0,1,0,0,0,0,0,0,1,0,0,0,0,0,0,-1,0,-1,0,-1,0,0,1,0,-1,0
335,0,-1,0,1,0,0,0,1,-1,0,0,0,0,0,0,0,1,0,0,1,0,0,1,1,-1,0,0,0,0,1,0,-1,0,0,-1,-1,-1,0,0,0,0,1,0,0,-1,0,0,0,0,0,0,0,0,0,0,0,0,1,0,-1,1,-1,0,0
336,-1,-1,1,1,1,0,0,0,0,0,0,0,0,-1,-1,-1,0,0,0,0,0,0,0,0,0,0,0,0,1,1,-1,0,1,0,-1,1,1,1,0,-1,1,0,0,0,0,0,0,0,0,0,0,0,0,0,-1,1,0,0,0,-1,0,1,0,1
337,0,0,-1,1,0,1,0,1,-1,1,1,0,0,0,0,0,0,0,0,0,-1,0,0,0,0,0,0,1,1,-1,1,-1,0,0,0,0,0,0,-1,1,0,0,-1,0,0,0,0,0,0,0,0,0,0,0,1,0,-1,0,0,0,0,0,0,-1
338,0,1,0,1,0,-1,1,0,1,0,1,1,0,0,-1,-1,0,1,0,0,0,0,0,-1,0,1,1,-1,1,0,0,0,0,-1,0,0,0,-1,0,-1,1,0,-1,0,0,0,0,0,0,0,0,0,0,0,0,0,0,0,0,0,0,0,1,0
339,0,1,1,0,0,0,-1,1,0,0,-1,0,0,0,0,0,0,0,1,0,1,0,0,1,0,0,0,0,0,0,1,0,0,0,1,0,0,0,0,0,-1,0,0,-1,0,0,1,0,0,0,0,0,0,0,1,0,0,0,0,0,0,0,0,-1
340,0,0,-1,0,0,0,1,0,0,1,1,1,0,-1,0,0,0,0,-1,0,0,1,0,0,0,0,0,0,-1,0,1,0,0,-1,0,0,0,-1,0,0,0,0,-1,-1,0,0,1,0,1,0,0,0,0,0,-1,-1,0,0,0,0,0,0,0,0
341,0,-1,0,0,-1,0,0,-1,-1,0,0,-1,0,0,0,0,0,-1,0,0,0,0,1,-1,1,0,0,1,0,-1,0,-1,0,0,0,0,0,0,1,0,1,0,0,-1,0,-1,0,-1,1,1,-1,0,1,1,-1,0,0,0,0,-1,1,1,0,0
342,1,0,0,0,-1,0,-1,1,0,0,0,-1,0,0,1,0,-1,1,-1,0,0,0,0,-1,0,1,0,0,1,0,0,0,1,-1,0,-1,0,0,0,1,-1,-1,0,0,-1,0,0,0,-1,1,0,0,0,0,0,1,-1,0,1,1,0,0,1,0
343,0,1,0,-1,-1,0,0,0,-1,0,0,0,0,0,0,0,0,0,-1,0,0,0,0,0,-1,0,1,0,0,0,-1,0,-1,0,-1,1,-1,0,0,-1,0,-1,-1,-1,1,0,0,0,-1,1,0,0,1,1,0,1,0,0,-1,0,-1,0,0,0
344,-1,1,0,1,0,0,0,0,0,0,0,0,1,0,-1,1,0,0,-1,0,0,0,0,0,0,0,0,0,0,0,-1,0,-1,0,0,0,0,0,0,1,0,-1,-1,0,0,1,-1,0,0,0,1,0,-1,0,-1,1,0,0,1,-1,0,-1,1,0
345,0,0,0,0,0,0,-1,1,0,1,-1,0,-1,0,0,0,-1,1,0,0,1,0,0,0,0,-1,1,-1,1,0,-1,1,1,0,0,0,0,0,1,0,0,-1,-1,1,0,0,0,0,0,1,0,0,-1,0,0,-1,0,0,0,0,0,1,0,1
346,0,0,0,0,0,-1,0,0,0,0,0,0,0,0,0,0,1,0,0,0,1,0,0,0,0,0,0,0,0,0,0,0,0,-1,0,0,0,0,0,1,0,0,0,0,-1,0,0,0,0,0,1,0,0,0,0,0,0,-1,1,0,1,-1,0,0
347,0,0,0,0,1,0,-1,0,-1,-1,0,-1,0,0,-1,0,-1,0,-1,0,-1,0,1,0,1,-1,0,0,1,1,1,0,-1,0,-1,-1,1,0,0,0,0,0,-1,0,0,-1,0,-1,-1,0,0,1,0,1,1,0,0,-1,-1,0,0,0,-1,-1
348,0,0,0,0,0,0,0,0,-1,0,0,1,1,0,0,0,0,0,0,0,0,0,0,-1,-1,1,0,0,0,0,0,0,0,0,0,0,0,0,0,0,0,0,0,0,1,0,0,0,0,-1,0,0,-1,0,1,0,1,0,-1,0,0,-1,0,-1
349,1,0,0,-1,0,0,0,0,0,0,0,0,0,1,0,0,-1,0,0,0,0,0,1,0,0,0,0,0,-1,0,0,-1,0,0,-1,-1,1,0,-1,1,0,0,0,0,0,0,0,0,1,0,0,0,-1,1,1,0,0,0,0,0,0,-1,1,-1
350,0,0,1,0,0,0,1,0,0,-1,0,0,0,0,-1,0,0,0,1,0,0,0,0,0,1,0,0,0,0,1,0,-1,-1,0,1,1,0,0,0,0,0,0,0,1,-1,0,0,1,0,0,0,0,0,-1,-1,0,0,0,-1,0,0,0,0,-1
351,0,0,0,0,0,0,0,0,-1,0,0,1,0,0,0,0,0,0,-1,0,0,-1,0,0,0,1,-1,1,0,0,0,0,1,0,1,0,-1,1,0,0,-1,-1,1,0,0,0,1,0,-1,0,1,0,-1,0,0,0,0,0,0,0,0,0,0,0
352,0,-1,0,0,0,0,0,0,0,-1,0,1,-1,0,0,0,0,0,0,-1,0,-1,0,1,1,0,1,1,0,0,0,0,0,0,-1,1,0,1,0,0,0,0,1,0,0,0,1,-1,-1,0,0,1,0,1,1,0,0,0,0,0,0,0,0,0
353,1,1,0,1,1,-1,1,0,0,0,-1,0,0,0,0,0,0,0,-1,0,0,0,0,0,-1,0,0,-1,0,0,0,0,0,1,0,1,0,-1,0,0,0,0,-1,1,0,0,0,-1,0,-1,-1,0,1,0,0,0,0,-1,0,1,1,0,1,-1
354,0,-1,1,-1,0,1,0,0,0,0,-1,0,0,0,0,1,0,0,1,0,0,-1,0,0,0,1,0,0,0,-1,-1,0,1,0,0,1,0,0,0,0,1,0,0,0,0,0,-1,0,-1,-1,0,0,0,0,0,-1,-1,-1,-1,-1,-1,0,0,0
355,0,-1,1,1,-1,0,0,0,0,0,0,0,1,-1,0,0,0,0,-1,0,0,0,0,0,0,1,-1,0,1,1,-1,0,0,0,0,0,-1,0,0,0,-1,1,0,0,-1,0,-1,0,-1,-1,0,0,0,-1,0,0,0,0,0,0,0,1,0,0
356,0,0,0,0,0,0,0,1,0,1,0,0,0,0,-1,1,0,0,0,1,1,0,-1,0,1,0,0,0,0,0,0,0,-1,0,0,1,0,1,0,0,0,-1,0,0,0,0,0,0,0,1,-1,0,0,0,-1,0,0,0,0,0,0,0,0,1
357,1,0,0,-1,0,0,0,0,0,0,0,0,-1,1,1,0,0,0,1,1,1,0,0,0,0,0,0,-1,0,0,0,0,1,-1,1,0,0,0,0,-1,0,0,0,0,0,-1,0,1,0,0,1,-1,0,0,-1,0,0,0,0,0,1,0,0,0
358,1,0,1,0,1,1,0,0,0,0,0,0,0,0,0,-1,-1,0,0,1,0,0,0,0,0,0,0,0,0,0,0,-1,0,0,-1,0,0,0,0,0,0,1,0,-1,0,0,0,-1,1,0,0,0,0,1,0,-1,0,0,0,0,0,0,0,0
359,0,0,0,-1,0,0,0,0,0,1,0,0,0,0,0,1,1,-1,-1,1,0,0,0,0,0,0,0,-1,-1,1,0,0,0,0,1,0,0,0,0,0,0,0,0,1,1,0,0,0,-1,-1,1,0,0,0,-1,0,0,0,0,1,-1,1,0,1
360,0,1,-1,0,0,-1,0,1,-1,0,0,-1,1,0,0,-1,-1,0,-1,0,-1,0,-1,0,0,0,0,0,0,0,-1,1,0,0,0,0,1,0,0,0,-1,0,1,1,0,0,0,0,0,0,0,0,-1,0,0,0,0,1,0,0,0,0,0,-1
361,-1,1,0,-1,0,0,0,0,0,0,0,1,0,0,0,1,-1,0,0,1,0,1,-1,-1,0,0,0,0,-1,-1,0,0,0,-1,0,0,0,0,0,0,0,0,0,1,0,0,0,-1,0,1,0,-1,0,0,0,0,0,0,0,1,-1,-1,0,-1
362,0,-1,0,0,0,-1,0,-1,0,1,0,1,0,-1,1,0,0,0,1,1,0,0,-1,-1,-1,-1,0,1,-1,0,0,-1,0,0,-1,1,0,1,1,1,0,1,-1,0,0,0,1,0,0,1,0,-1,1,-1,-1,0,0,-1,0,1,1,0,0,-1
363,-1,0,0,0,0,0,0,0,0,0,0,0,-1,-1,0,1,0,0,-1,0,0,-1,0,1,0,1,0,1,0,0,0,-1,0,0,-1,0,1,0,0,0,0,0,0,0,0,-1,0,0,0,0,0,0,0,0,1,0,1,0,0,0,0,0,1,-1
364,0,0,1,0,1,0,0,0,1,-1,-1,-1,0,0,0,0,0,0,0,0,-1,1,0,1,0,0,1,1,-1,0,0,0,-1,0,-1,0,1,0,0,0,1,0,0,-1,0,-1,1,0,0,1,-1,0,0,0,0,0,-1,0,0,0,0,0,-1,1
365,0,1,-1,1,-1,0,0,0,1,1,-1,0,-1,0,0,-1,0,0,0,0,0,0,-1,0,0,0,1,0,1,0,1,-1,0,0,0,-1,0,0,0,0,1,-1,0,0,1,-1,0,1,0,0,0,0,0,-1,-1,0,0,-1,-1,0,0,0,0,0
366,0,0,0,0,0,0,-1,1,0,0,0,0,-1,1,1,0,0,0,0,0,0,1,0,0,-1,-1,0,0,0,1,1,0,0,0,-1,0,0,0,0,0,0,1,0,-1,0,0,1,0,0,0,0,0,0,1,0,0,0,-1,0,0,0,0,0,0
367,0,-1,0,0,0,0,0,1,-1,0,1,0,0,0,1,0,1,0,0,1,0,1,0,0,-1,0,0,0,1,0,1,0,-1,1,0,1,0,0,0,0,0,-1,0,0,-1,0,-1,-1,0,-1,0,1,0,1,0,-1,1,1,0,0,0,0,-1,0
368,0,1,0,0,0,-1,1,0,0,0,1,0,-1,0,0,1,1,0,1,0,-1,-1,1,-1,0,0,-1,-1,0,0,-1,-1,-1,0,-1,-1,0,-1,-1,1,-1,0,0,0,0,-1,0,-1,0,1,1,0,-1,0,0,0,1,0,0,1,-1,0,0,0
369,1,1,0,0,0,1,0,0,0,1,0,0,0,0,1,0,0,0,0,1,0,0,0,0,0,0,-1,0,0,0,1,-1,-1,0,0,-1,1,0,0,0,0,0,0,0,-1,1,0,0,0,0,0,-1,0,0,-1,-1,0,0,0,-1,0,0,0,1
370,0,0,0,0,0,0,0,-1,0,0,0,0,0,0,0,0,0,1,0,0,-1,0,-1,-1,0,-1,0,-1,-1,0,-1,-1,0,-1,1,0,1,1,0,0,-1,1,0,0,-1,0,0,0,0,0,0,0,0,0,0,0,0,0,-1,1,-1,0,-1,1
371,1,0,0,-1,0,0,-1,1,1,0,0,0,0,0,0,0,0,0,1,-1,-1,1,0,0,1,0,0,1,0,1,0,0,1,0,0,0,1,-1,-1,0,0,0,0,0,1,0,-1,1,0,-1,0,1,1,1,0,-1,-1,-1,0,0,0,0,-1,1
372,0,0,0,0,1,1,0,-1,0,1,-1,0,1,0,-1,-1,0,-1,0,0,0,0,0,0,0,1,1,0,0,-1,0,0,0,0,0,0,0,1,0,0,0,0,0,0,0,0,-1,0,0,0,0,0,0,-1,-1,1,-1,0,0,0,0,-1,-1,0
373,0,0,0,-1,-1,0,0,0,1,0,0,0,0,0,0,-1,0,0,-1,0,-1,1,0,0,0,0,1,1,0,-1,1,0,0,1,0,0,0,0,0,1,0,0,0,0,0,0,-1,0,0,1,0,0,0,0,0,0,0,1,0,0,0,0,0,0
374,0,0,0,-1,-1,0,0,0,1,0,-1,1,1,0,0,0,1,0,1,-1,0,0,-1,0,0,-1,1,-1,0,1,0,0,1,0,1,0,0,1,0,0,0,0,0,1,0,0,0,0,0,1,0,1,0,0,1,0,0,0,0,0,0,1,0,0
375,-1,0,0,0,-1,0,1,0,0,-1,-1,0,0,0,0,0,0,0,1,0,0,0,0,0,1,0,0,0,0,0,0,1,1,0,0,0,1,0,1,0,0,-1,0,0,0,0,0,0,0,0,-1,0,0,-1,0,0,0,1,0,0,0,1,1,0
376,0,0,1,0,0,0,0,0,0,0,0,-1,1,0,0,0,1,0,0,0,0,0,-1,0,0,0,0,0,0,0,0,1,0,0,1,0,0,0,-1,0,0,0,-1,-1,1,0,0,0,1,1,0,-1,1,0,0,-1,0,0,0,0,0,1,0,1
377,0,0,0,0,0,-1,0,-1,-1,1,0,1,0,0,-1,0,1,0,1,0,0,1,0,0,0,0,0,0,1,0,0,0,0,0,-1,1,0,0,0,0,0,0,0,-1,0,0,0,0,0,0,-1,0,0,0,-1,0,0,-1,1,0,1,0,0,0
378,-1,0,0,0,0,1,0,0,0,0,1,0,0,-1,0,0,0,1,0,-1,1,0,0,0,0,0,1,0,-1,-1,-1,0,-1,0,0,1,0,0,1,0,-1,0,0,-1,0,-1,0,1,0,1,0,0,0,0,0,0,0,0,1,1,-1,0,0,1
379,0,0,-1,1,0,0,-1,0,1,0,0,0,0,0,1,1,1,-1,0,0,1,0,0,0,0,0,-1,-1,0,0,0,0,0,0,0,0,0,0,0,0,0,0,0,0,0,0,-1,0,0,0,0,-1,0,0,-1,0,0,-1,0,1,0,0,1,0
380,-1,0,0,0,0,0,0,0,-1,0,0,0,0,0,-1,0,0,0,0,0,-1,0,0,0,0,-1,0,0,-1,0,0,0,0,0,0,-1,0,-1,0,-1,-1,0,0,-1,0,-1,0,1,0,0,0,0,0,0,0,0,-1,0,-1,1,0,0,-1,0
381,-1,1,1,0,0,1,0,0,0,0,0,1,1,1,0,0,-1,-1,0,0,1,0,0,0,0,0,0,0,1,-1,0,0,0,0,0,0,0,0,1,0,0,0,0,0,1,0,1,-1,0,0,1,1,0,-1,0,1,0,0,-1,1,0,1,-1,-1
382,1,0,-1,0,0,-1,0,1,0,0,0,0,-1,-1,0,0,0,-1,0,0,-1,1,0,0,0,0,0,0,0,0,0,0,-1,-1,1,0,0,0,1,0,0,1,0,0,0,0,1,0,1,1,0,0,1,1,0,-1,-1,0,0,-1,0,0,0,0
383,0,-1,-1,0,0,0,1,0,-1,0,-1,0,0,-1,0,0,-1,1,0,0,-1,0,0,0,1,0,0,0,-1,0,0,0,0,0,0,-1,-1,0,0,1,0,0,0,-1,0,0,0,0,1,-1,0,0,0,0,0,0,-1,0,0,1,1,0,0,0
384,1,-1,0,-1,0,-1,1,-1,0,0,0,0,1,0,0,0,1,0,0,-1,0,0,0,0,1,0,0,-1,-1,0,-1,0,0,0,0,0,0,1,0,-1,-1,1,0,-1,0,0,0,0,0,0,0,-1,-1,0,0,1,-1,1,0,0,0,0,0,0
385,0,0,0,0,0,0,0,0,0,0,0,0,0,0,-1,0,0,-1,0,0,0,0,0,0,0,0,-1,0,1,0,1,1,0,0,-1,1,1,0,0,1,0,0,0,0,0,0,0,1,-1,1,0,0,0,0,0,0,0,0,0,0,-1,0,0,0
386,-1,0,0,0,0,0,0,0,0,-1,0,1,1,0,-1,0,1,0,0,0,0,0,0,0,0,1,0,0,0,0,1,0,0,0,0,1,-1,0,-1,0,-1,0,-1,0,1,1,-1,1,-1,0,-1,0,0,0,0,0,0,0,0,0,0,-1,0,0
387,-1,0,0,0,1,0,1,-1,-1,0,0,-1,0,0,0,0,0,0,1,0,-1,0,0,1,0,0,0,0,0,0,0,0,1,1,0,0,-1,-1,0,1,0,0,0,0,0,-1,0,1,1,0,0,-1,-1,0,0,0,0,-1,0,0,0,1,1,1
388,0,-1,0,0,0,1,0,0,-1,0,0,0,0,0,0,1,0,0,1,0,0,0,0,0,0,0,-1,-1,0,0,1,0,1,1,0,1,0,0,-1,0,0,0,0,1,1,0,0,0,0,0,0,0,1,0,0,0,0,0,0,0,0,-1,0,-1
389,0,0,1,0,0,1,0,1,-1,0,0,1,0,0,0,0,0,0,0,1,0,-1,1,0,0,0,1,0,-1,1,0,1,0,1,0,1,0,-1,1,-1,0,0,0,0,0,0,1,0,0,0,0,0,0,0,-1,1,0,-1,0,1,1,0,0,0
390,-1,0,0,0,0,0,1,0,0,-1,0,-1,0,0,0,-1,0,1,-1,0,0,1,0,-1,0,0,0,0,0,0,1,1,1,0,0,0,0,0,0,-1,0,0,0,1,1,1,0,-1,1,0,0,-1,0,-1,0,-1,-1,-1,0,1,0,0,0,1
391,-1,-1,1,0,0,0,-1,1,1,-1,0,0,-1,1,1,0,0,0,0,0,0,-1,-1,0,1,0,1,-1,0,0,0,-1,0,0,-1,0,1,1,0,-1,0,0,0,0,-1,0,-1,1,0,1,-1,0,0,0,-1,0,0,0,0,0,-1,0,0,0
392,-1,0,1,0,-1,0,-1,1,0,-1,0,0,0,-1,0,1,0,0,-1,0,0,-1,0,0,1,0,0,0,0,0,-1,0,0,1,0,-1,0,-1,0,0,-1,1,-1,0,1,1,0,0,-1,0,0,1,0,0,-1,0,1,0,0,0,0,1,-1,0
393,-1,-1,0,0,0,0,1,0,0,0,0,0,0,0,0,0,0,0,0,0,0,0,0,1,1,0,0,1,1,0,0,0,1,1,1,0,0,0,0,-1,1,0,0,0,-1,1,0,-1,0,0,0,0,0,1,0,0,0,0,0,0,-1,0,0,1
394,1,-1,1,0,0,0,0,0,0,0,0,0,0,-1,1,0,0,0,0,1,1,0,0,1,1,-1,0,0,-1,0,-1,-1,0,0,1,1,0,0,1,0,-1,-1,0,-1,0,0,-1,-1,1,0,0,-1,0,0,1,0,-1,0,0,0,0,-1,0,0
395,0,-1,0,1,0,-1,0,0,1,1,-1,0,0,0,0,-1,0,1,0,0,0,-1,0,0,0,0,0,0,0,1,-1,0,0,0,-1,0,0,1,0,0,0,0,-1,0,0,-1,-1,0,-1,0,0,-1,0,0,-1,0,0,0,-1,-1,-1,0,0,0
396,0,0,0,0,1,0,0,0,0,0,0,0,0,0,0,0,1,-1,-1,0,-1,1,0,0,0,0,1,1,0,-1,1,1,0,0,0,0,0,0,0,1,0,0,0,0,0,-1,0,0,0,0,-1,0,0,0,-1,1,0,0,0,-1,1,0,1,0
397,1,0,0,0,0,1,0,0,0,1,-1,0,0,0,0,0,-1,1,1,-1,0,-1,-1,0,-1,1,-1,0,0,0,0,0,0,-1,0,-1,1,-1,0,0,-1,-1,-1,0,0,1,0,0,0,0,0,-1,1,0,0,1,0,-1,0,-1,-1,1,0,1
398,0,0,0,0,1,0,-1,0,0,0,0,0,0,0,1,0,1,1,-1,1,0,-1,0,-1,0,1,-1,0,0,-1,0,0,0,-1,0,1,0,0,0,0,1,0,0,-1,1,0,0,0,0,0,-1,0,-1,0,0,1,0,0,0,0,0,-1,-1,0
399,0,0,0,1,0,1,-1,1,0,0,0,-1,0,0,0,-1,0,-1,0,0,0,0,1,0,0,0,0,0,0,0,1,-1,0,-1,0,0,0,0,0,0,0,0,1,1,0,0,0,0,1,0,0,0,1,0,1,-1,-1,-1,0,0,0,0,-1,0
400,0,0,0,-1,0,0,0,0,0,0,-1,0,0,0,0,0,0,1,0,0,1,0,1,-1,0,0,-1,1,-1,0,1,0,1,0,0,0,0,0,0,0,1,0,1,-1,0,1,0,0,1,0,1,-1,0,0,0,1,0,0,1,-1,1,0,0,0
401,0,0,0,0,0,-1,0,1,1,0,0,0,-1,0,0,0,0,0,1,0,0,0,0,0,0,0,0,0,0,-1,0,0,-1,-1,1,0,0,0,-1,0,0,0,0,0,0,0,0,-1,0,1,1,0,1,0,0,1,0,-1,1,-1,0,0,0,0
402,0,0,0,1,0,0,1,1,0,1,0,-1,0,0,0,0,0,0,-1,1,0,0,0,0,0,0,1,0,-1,0,1,0,0,0,-1,1,0,0,-1,1,0,0,0,0,0,-1,0,0,0,0,0,0,0,0,1,0,1,0,0,0,0,0,0,-1
403,0,0,0,0,0,0,-1,-1,0,0,0,0,0,1,-1,1,0,-1,-1,0,1,0,1,0,0,0,0,0,0,-1,0,0,0,0,-1,0,-1,0,0,0,1,0,-1,0,-1,0,1,-1,0,0,-1,0,0,0,-1,0,0,0,0,0,0,0,0,-1
404,1,-1,0,0,-1,0,0,0,0,0,0,0,1,0,0,0,1,0,1,-1,0,1,0,0,0,0,0,0,-1,-1,0,0,0,0,0,-1,0,-1,0,0,1,0,1,1,0,0,0,1,0,0,-1,0,0,0,1,0,-1,1,0,0,-1,0,0,-1
405,1,0,0,0,0,-1,1,1,-1,1,0,0,0,0,0,0,1,0,0,1,0,0,1,0,-1,0,0,1,1,-1,0,-1,0,0,0,0,0,0,0,0,0,-1,0,1,1,-1,0,-1,1,0,0,1,-1,0,0,0,0,0,1,0,0,-1,0,0
406,0,0,-1,-1,0,0,0,0,0,0,0,0,1,-1,0,-1,0,1,0,0,0,0,0,-1,-1,0,0,0,0,0,0,0,0,-1,1,0,0,-1,0,0,0,0,-1,0,0,0,0,-1,1,1,0,-1,0,0,0,0,1,-1,0,0,0,-1,0,0
407,0,0,1,0,0,0,-1,0,-1,0,0,-1,0,0,0,0,0,0,0,0,0,0,1,0,0,-1,0,0,-1,0,0,0,0,0,-1,0,1,0,-1,-1,0,0,0,0,0,0,1,0,0,0,0,1,-1,-1,1,0,-1,0,0,0,-1,0,-1,0
408,-1,-1,0,0,0,1,1,0,-1,-1,0,1,0,0,1,0,0,-1,0,-1,1,0,0,1,1,0,1,0,-1,-1,0,1,1,0,0,-1,0,0,-1,-1,0,1,0,0,0,0,0,0,0,-1,-1,0,0,0,-1,0,1,0,0,1,0,0,1,0
409,-1,0,0,-1,0,0,0,0,-1,0,0,1,0,1,0,1,0,0,-1,0,0,0,0,0,0,1,0,0,1,1,0,0,0,0,-1,1,0,0,1,-1,0,1,-1,0,-1,1,0,0,1,0,0,-1,-1,0,0,-1,0,0,-1,-1,0,0,-1,-1
410,-1,0,-1,0,0,0,0,0,0,0,0,0,-1,0,0,-1,1,-1,-1,0,1,0,0,-1,0,0,0,-1,1,1,0,0,0,0,1,0,0,1,0,0,-1,1,-1,0,0,-1,0,0,0,1,0,0,0,0,1,0,0,0,0,0,0,0,-1,1
411,1,0,-1,0,0,-1,-1,0,1,0,0,-1,1,0,0,-1,0,0,0,0,0,0,-1,0,0,0,0,-1,0,0,0,0,1,0,-1,0,1,0,0,-1,0,-1,0,0,0,0,-1,0,-1,0,0,-1,0,0,0,-1,0,0,0,0,0,0,-1,0
412,-1,0,0,0,-1,-1,0,-1,0,0,-1,0,0,0,0,0,-1,0,0,1,0,1,-1,1,0,1,0,0,0,0,0,0,0,-1,1,-1,0,0,-1,0,0,0,0,1,0,0,0,0,1,0,1,0,1,0,1,0,0,-1,0,1,0,0,0,0
413,1,0,0,-1,0,0,1,0,0,0,0,0,0,-1,-1,-1,0,1,-1,0,0,-1,0,0,1,0,0,0,0,0,0,0,1,1,0,0,0,1,0,-1,0,0,0,0,0,0,0,0,-1,0,-1,1,0,-1,0,-1,1,0,0,-1,0,0,0,0
414,-1,0,1,0,0,1,0,0,1,0,0,-1,0,1,0,0,0,0,-1,0,0,0,-1,0,0,1,1,0,0,0,0,0,0,0,0,0,-1,1,0,0,1,0,0,-1,-1,-1,0,0,0,-1,0,0,0,0,0,0,0,0,-1,-1,1,1,0,0
415,0,0,0,0,0,0,0,-1,0,1,-1,-1,0,0,0,-1,0,0,0,1,-1,0,0,0,0,0,0,0,-1,0,0,0,-1,0,1,0,0,0,0,0,0,0,0,0,0,0,0,0,0,-1,0,0,0,1,-1,0,0,0,0,0,0,0,-1,0
416,0,0,-1,0,0,0,1,1,0,0,0,-1,0,0,0,1,0,0,0,0,0,0,1,-1,0,0,1,0,0,0,0,0,0,0,1,0,0,0,0,0,0,0,0,-1,0,0,0,1,-1,0,1,0,-1,0,-1,-1,0,0,0,1,0,1,0,0
417,-1,0,0,0,0,0,-1,0,1,0,0,0,0,0,0,0,0,1,0,1,0,0,1,0,-1,0,0,0,0,1,-1,1,0,0,0,0,0,1,0,0,0,0,-1,0,0,0,1,-1,0,0,-1,0,0,1,-1,0,0,0,1,0,0,0,0,0
418,0,1,0,1,0,1,0,0,0,0,0,0,0,1,0,0,0,0,0,-1,0,-1,0,1,0,0,-1,0,-1,0,0,0,0,0,0,0,0,0,0,-1,0,1,0,0,0,0,-1,1,1,-1,0,0,0,0,-1,1,0,0,0,0,0,0,0,0
419,0,0,-1,0,-1,0,-1,0,0,0,0,1,1,0,0,0,0,0,0,-1,0,1,-1,1,0,0,0,0,0,0,0,0,1,0,-1,1,0,-1,0,0,1,0,-1,0,0,1,0,0,-1,1,0,0,0,-1,0,0,0,0,0,0,-1,0,0,0
420,1,0,0,0,1,0,1,1,0,0,0,0,0,0,0,0,-1,1,0,0,0,1,0,0,1,0,0,0,0,0,0,0,0,1,0,0,0,0,0,1,0,-1,0,1,-1,0,0,-1,0,0,0,0,0,0,-1,0,1,0,1,0,0,0,-1,0
421,1,-1,0,-1,1,-1,0,-1,0,0,0,0,0,-1,1,0,0,-1,-1,0,-1,0,1,0,1,1,0,-1,0,1,0,0,-1,0,1,0,1,0,0,0,0,1,1,0,1,-1,0,0,0,0,-1,0,0,0,0,0,0,-1,0,-1,0,-1,0,1
422,0,0,-1,1,0,-1,0,-1,0,0,0,0,0,1,1,0,0,0,-1,1,-1,0,-1,0,0,1,-1,0,0,-1,1,0,0,0,0,0,0,-1,0,0,0,0,1,1,1,-1,0,1,0,0,0,0,0,1,1,-1,0,0,-1,0,0,0,0,-1
423,0,0,0,0,-1,0,0,0,0,0,0,0,0,0,-1,1,0,0,1,0,-1,0,0,0,0,1,0,-1,1,-1,1,0,0,0,0,0,0,0,1,0,-1,-1,1,0,0,-1,-1,0,0,0,0,0,0,-1,0,1,0,0,0,0,-1,0,0,0
424,-1,-1,-1,0,0,-1,0,0,0,0,0,0,0,1,0,-1,0,1,0,1,-1,1,0,0,0,0,0,0,1,0,0,0,1,1,0,0,0,0,-1,1,0,0,0,0,1,0,0,0,0,-1,0,0,1,0,0,0,-1,0,0,0,-1,0,1,0
425,0,-1,-1,1,-1,0,0,0,0,-1,-1,0,0,-1,1,0,0,0,1,1,0,0,0,-1,0,0,-1,0,0,-1,-1,-1,0,0,0,0,-1,-1,-1,0,0,0,1,0,0,0,0,0,-1,0,0,0,-1,-1,0,0,0,-1,1,0,0,0,0,0
426,0,1,-1,0,-1,0,0,0,0,-1,0,1,-1,0,0,0,0,1,0,1,0,1,0,-1,-1,0,0,0,0,1,0,1,0,0,1,0,-1,0,-1,0,0,-1,0,-1,0,0,-1,0,0,0,0,-1,-1,0,1,0,0,0,-1,0,0,0,0,0
427,0,0,1,1,1,1,0,-1,0,0,1,0,0,0,0,0,-1,0,0,1,-1,0,0,0,1,1,0,-1,0,-1,0,0,0,0,-1,-1,0,0,0,0,0,0,0,0,0,0,-1,0,0,0,0,-1,-1,0,0,0,0,-1,0,1,-1,-1,0,0
428,0,0,1,0,0,0,-1,1,0,0,0,0,0,1,0,0,1,1,-1,0,-1,1,0,0,-1,0,1,-1,0,0,0,1,0,0,-1,0,0,0,1,0,0,0,1,1,0,-1,1,0,0,0,0,0,0,0,1,-1,0,-1,0,0,0,0,-1,-1
429,1,0,0,0,0,-1,0,0,0,-1,0,0,0,-1,0,0,0,0,0,0,0,-1,1,0,0,0,0,0,0,0,-1,0,0,0,1,1,0,0,1,-1,0,0,0,0,0,1,0,0,-1,0,-1,0,0,0,0,0,-1,0,-1,-1,-1,0,0,1
430,0,0,-1,0,0,0,0,0,0,1,0,0,0,0,1,0,-1,0,-1,-1,0,1,1,0,-1,0,1,-1,0,0,0,-1,0,1,0,0,0,0,1,-1,0,0,1,1,0,0,0,0,0,1,0,0,0,0,0,-1,0,0,0,0,1,1,0,0
431,0,0,0,0,0,0,1,1,-1,0,0,0,0,0,-1,1,0,0,0,0,-1,0,0,0,0,-1,-1,0,1,0,0,1,0,0,0,0,1,0,0,-1,-1,0,0,0,0,0,0,-1,0,1,-1,-1,0,-1,-1,0,0,0,0,0,0,1,0,0
432,-1,0,0,-1,0,0,0,-1,0,0,0,0,-1,1,0,0,0,0,1,-1,0,0,-1,-1,0,-1,0,0,0,-1,0,1,0,0,0,1,0,-1,-1,0,-1,0,0,0,0,0,0,0,1,1,0,0,1,0,0,0,1,0,0,0,-1,1,0,0
433,1,0,0,-1,0,-1,0,0,0,0,1,0,0,0,0,0,0,0,0,0,0,0,-1,-1,0,-1,1,0,0,0,0,-1,0,0,-1,0,0,0,-1,0,0,-1,0,1,0,-1,0,0,-1,0,0,0,-1,0,0,0,-1,-1,0,0,0,0,0,0
434,0,0,1,0,0,1,0,0,0,-1,0,-1,0,0,0,0,1,0,0,0,0,-1,0,0,0,0,0,0,-1,1,-1,0,0,1,0,0,-1,1,0,0,0,0,1,-1,0,1,0,0,-1,0,0,0,0,-1,0,0,1,0,0,-1,0,0,1,0
435,0,-1,0,0,0,0,-1,0,-1,1,0,0,0,0,0,0,0,1,-1,0,0,0,1,0,-1,0,1,0,0,1,-1,0,0,1,0,0,0,0,0,0,0,0,1,0,0,1,-1,0,0,0,0,0,-1,1,0,0,0,0,1,0,1,1,0,0
436,-1,0,0,0,0,0,0,-1,-1,0,0,1,1,0,0,0,0,0,0,0,0,0,-1,0,0,0,1,0,1,0,1,0,0,-1,0,-1,0,-1,0,0,0,-1,0,0,-1,1,0,0,1,-1,1,-1,0,0,0,0,0,0,0,-1,0,0,0,-1
437,0,1,1,0,0,0,-1,0,0,0,0,-1,0,0,0,0,0,0,0,0,0,1,0,0,-1,0,0,-1,0,-1,-1,0,-1,0,0,0,0,0,0,0,-1,0,-1,0,0,0,0,0,0,0,0,-1,-1,1,0,0,0,0,0,0,0,0,-1,0
438,0,1,1,1,0,1,0,-1,0,1,0,0,0,-1,-1,0,0,0,0,0,-1,0,0,0,1,0,0,0,1,0,-1,-1,0,-1,0,-1,1,0,0,0,0,0,1,1,0,-1,-1,0,0,0,0,0,0,0,0,0,0,0,0,0,-1,0,0,1
439,0,0,0,0,0,0,0,-1,0,-1,1,0,0,-1,-1,0,0,1,0,-1,-1,-1,1,0,0,0,0,0,0,0,-1,0,0,1,-1,1,0,0,1,1,1,0,-1,0,0,0,0,-1,0,0,0,0,0,0,1,-1,1,1,0,1,1,0,0,0
440,0,0,0,0,0,0,0,-1,0,-1,1,0,-1,0,0,-1,0,0,0,0,0,0,0,0,0,0,1,-1,0,0,1,0,0,0,0,0,0,-1,0,0,-1,1,-1,0,0,0,0,0,1,-1,0,1,0,0,0,-1,-1,0,1,0,0,0,0,1
441,0,0,1,0,0,0,-1,0,0,1,0,0,0,0,-1,0,-1,-1,0,0,0,0,0,0,-1,-1,-1,0,0,0,0,0,0,0,0,0,0,1,0,0,0,1,0,-1,1,0,0,0,0,0,-1,0,0,0,-1,0,-1,1,-1,0,0,-1,0,0
442,-1,-1,-1,0,0,1,-1,-1,0,1,0,0,0,0,0,1,0,0,1,1,0,0,0,0,-1,0,-1,0,1,-1,1,1,-1,0,0,0,0,-1,-1,0,0,0,-1,0,1,0,0,-1,0,0,0,0,0,0,0,1,0,0,0,0,0,0,0,0
443,0,-1,0,0,-1,1,0,0,0,0,0,-1,0,0,0,0,0,-1,0,-1,0,0,0,0,-1,0,-1,0,0,0,-1,0,0,0,0,0,0,0,0,0,0,-1,1,0,0,0,0,0,0,0,0,0,0,1,1,-1,0,1,0,0,0,-1,0,0
444,0,1,1,0,0,0,0,0,0,0,1,0,1,0,1,-1,-1,1,0,0,0,0,0,1,0,-1,-1,0,0,-1,0,0,0,0,0,1,0,0,-1,0,0,-1,-1,0,0,1,0,-1,-1,0,0,0,0,0,0,0,0,0,0,1,-1,1,0,0
445,-1,0,0,0,0,0,-1,0,0,0,0,1,0,0,0,0,1,1,0,1,1,0,0,1,0,0,0,0,0,0,-1,0,-1,0,-1,0,1,-1,0,-1,-1,-1,0,0,0,0,0,0,-1,0,-1,0,0,0,1,0,0,0,0,0,0,1,0,1
446,-1,-1,0,1,0,-1,-1,-1,1,-1,-1,0,-1,0,1,0,0,-1,0,0,0,1,0,0,0,0,-1,1,0,0,1,0,-1,1,0,0,1,1,1,0,0,1,0,-1,1,0,-1,0,-1,0,0,0,0,-1,1,0,1,-1,0,1,0,0,1,-1
447,1,0,1,0,0,0,0,0,0,1,0,0,-1,0,-1,0,0,0,0,0,0,1,0,0,1,1,0,1,-1,1,0,0,0,-1,0,0,0,0,-1,0,0,0,0,0,0,0,0,0,0,0,0,-1,0,0,0,0,0,1,-1,0,0,0,-1,1
448,0,0,0,0,0,0,0,0,0,0,0,0,1,-1,0,0,0,-1,0,1,0,0,0,0,0,0,0,0,0,1,0,0,0,0,-1,-1,-1,0,1,0,0,0,0,0,0,1,0,-1,1,0,0,0,0,1,0,-1,0,-1,0,-1,-1,0,1,-1
449,0,0,0,1,0,0,0,-1,0,0,0,-1,0,0,0,0,0,1,0,0,0,0,0,0,0,-1,0,1,0,0,-1,0,-1,0,1,0,1,1,0,-1,0,0,1,1,0,0,1,0,-1,1,1,1,0,0,0,0,1,-1,0,0,0,0,0,0
450,1,1,0,1,1,0,0,1,0,0,0,1,0,1,0,0,0,-1,1,1,0,0,0,0,0,0,0,0,0,0,0,0,0,0,0,0,-1,0,0,0,0,0,0,0,0,-1,1,0,0,0,0,-1,1,1,-1,0,0,0,0,0,1,-1,-1,1
451,0,0,-1,0,1,0,0,0,0,-1,0,1,0,0,0,0,0,0,0,0,1,0,0,0,0,0,0,0,1,-1,0,0,0,0,-1,1,0,0,0,0,0,0,0,0,0,-1,-1,0,0,1,0,-1,1,0,0,0,0,0,0,-1,1,0,0,0
452,0,-1,-1,0,0,0,0,0,0,-1,0,0,0,-1,0,-1,0,-1,0,0,0,0,0,-1,0,1,1,0,0,-1,0,0,0,-1,0,-1,-1,0,-1,0,0,0,-1,0,0,0,0,0,1,0,0,0,0,0,1,1,0,0,0,0,0,0,0,0
453,0,0,1,0,1,0,1,0,1,-1,0,-1,0,0,-1,0,-1,0,-1,1,0,0,-1,0,0,1,0,0,0,0,0,0,0,-1,-1,0,1,0,0,1,0,0,-1,-1,0,0,0,0,-1,0,0,0,0,0,1,-1,0,0,1,1,0,0,0,0
454,0,-1,0,0,-1,0,-1,0,0,0,-1,0,0,0,-1,1,0,0,-1,0,0,0,1,0,0,0,0,0,1,0,0,-1,0,0,0,0,-1,1,-1,0,0,0,0,-1,-1,0,0,0,-1,0,1,0,0,-1,1,0,1,1,0,-1,0,-1,0,-1
455,0,-1,-1,-1,0,0,1,0,1,-1,0,0,0,0,0,0,0,-1,0,0,0,0,1,0,-1,-1,-1,0,0,0,-1,0,0,-1,-1,0,0,0,0,0,1,-1,-1,1,0,0,0,0,0,1,0,-1,0,0,-1,-1,0,0,-1,1,0,1,0,0
456,-1,-1,0,0,-1,-1,0,0,-1,0,0,1,0,0,0,0,0,0,0,0,0,0,0,-1,-1,1,0,0,1,0,-1,0,0,0,0,1,0,0,1,0,0,0,0,1,0,1,0,0,0,0,-1,1,1,-1,0,0,0,1,1,0,0,0,1,0
457,0,-1,-1,1,0,0,0,0,0,0,0,0,-1,-1,1,0,-1,1,0,0,0,0,0,0,0,0,0,0,0,-1,-1,1,0,1,0,0,0,0,-1,0,0,0,0,0,1,0,-1,-1,0,0,0,0,-1,0,1,-1,-1,0,0,1,-1,0,-1,-1
458,0,0,0,0,0,0,0,0,0,0,0,0,0,-1,0,0,0,0,0,0,1,0,0,1,0,0,-1,0,0,0,-1,0,0,0,0,0,0,0,0,0,0,0,1,0,0,0,0,0,1,0,0,0,0,-1,0,-1,0,0,0,-1,0,0,0,0
459,0,0,0,1,0,0,0,0,-1,0,0,0,0,0,0,0,0,0,-1,0,0,0,0,0,0,-1,-1,1,-1,1,0,-1,1,-1,1,0,1,0,0,0,0,1,0,0,0,1,0,0,0,0,0,0,-1,0,0,0,-1,0,0,1,0,0,0,0
460,0,0,1,0,0,1,0,0,-1,0,0,0,0,0,0,-1,0,0,0,0,0,0,0,1,0,0,0,1,0,0,0,0,0,0,0,0,-1,0,0,1,0,0,0,0,0,0,0,0,0,0,0,-1,1,0,-1,0,0,0,0,0,0,0,0,0
461,0,0,0,0,0,-1,0,0,0,0,1,1,0,0,0,0,0,0,0,0,0,0,0,1,0,-1,0,1,0,1,0,-1,0,0,0,-1,1,-1,0,-1,0,1,0,0,1,1,1,0,0,-1,0,-1,0,-1,0,-1,0,1,0,-1,0,0,-1,0
462,0,-1,-1,-1,0,0,0,-1,0,0,0,0,-1,-1,0,0,1,0,0,0,1,-1,0,1,0,0,0,1,0,1,-1,0,0,0,0,-1,0,0,0,0,1,0,0,0,0,0,-1,0,0,1,0,1,0,0,0,-1,0,-1,0,0,1,0,-1,0
463,0,-1,-1,0,-1,-1,0,0,0,0,0,1,1,1,0,0,0,-1,-1,0,0,-1,1,0,0,0,0,0,0,0,1,1,0,0,-1,-1,0,-1,-1,1,0,-1,-1,0,1,0,0,0,1,0,0,-1,0,-1,0,0,0,-1,-1,1,0,1,-1,0
464,0,-1,0,0,0,0,0,-1,0,0,0,0,0,0,-1,0,0,0,0,0,-1,-1,0,-1,-1,0,-1,0,0,0,0,0,0,1,0,0,0,1,0,0,-1,0,1,-1,0,0,-1,0,0,-1,-1,0,0,-1,0,0,0,0,-1,0,0,-1,0,0
465,0,0,0,0,0,1,0,1,0,0,0,0,-1,0,0,0,0,-1,-1,0,0,0,0,0,0,0,0,-1,0,1,1,0,0,0,0,0,1,1,1,-1,-1,0,0,0,0,0,0,-1,0,0,0,0,1,0,1,0,0,0,0,0,1,-1,0,0
466,0,0,-1,-1,0,0,1,1,0,1,-1,-1,0,0,0,0,0,0,0,1,-1,0,1,0,0,-1,0,0,0,0,0,0,0,1,0,-1,1,0,0,-1,-1,0,1,0,1,0,1,-1,0,0,0,0,0,0,0,0,0,0,0,0,0,1,-1,0
467,0,0,0,0,0,0,0,-1,0,1,-1,1,0,1,0,-1,0,1,-1,-1,0,0,0,0,0,0,0,0,0,0,0,1,-1,-1,-1,0,0,0,0,0,-1,-1,0,0,0,-1,0,1,-1,0,1,0,-1,-1,0,-1,0,0,0,0,0,0,-1,1
468,-1,0,0,-1,1,1,0,-1,-1,0,0,0,0,-1,0,0,0,1,1,-1,0,0,0,0,0,1,0,0,1,0,0,-1,-1,0,-1,0,-1,0,0,0,-1,0,0,0,1,-1,0,0,1,-1,0,0,0,0,0,0,0,1,0,0,0,0,0,0
469,1,1,1,0,0,0,0,0,0,-1,0,1,0,0,0,0,-1,-1,1,-1,0,0,0,-1,-1,0,0,0,1,0,0,-1,0,0,1,0,0,1,0,0,0,0,0,0,0,0,1,0,1,0,0,0,0,0,0,-1,0,-1,0,1,0,0,0,0
470,0,0,0,-1,1,-1,0,1,0,0,1,0,0,0,0,0,-1,-1,0,1,0,1,0,-1,0,0,0,0,0,0,-1,0,0,0,0,0,-1,0,0,0,1,0,0,0,0,-1,-1,-1,0,0,-1,0,0,0,-1,-1,0,0,0,1,0,0,0,0
471,0,1,-1,-1,0,0,1,0,0,-1,0,0,-1,0,0,-1,0,0,-1,0,0,0,0,-1,0,0,0,0,0,0,-1,0,0,0,0,0,0,-1,-1,-1,0,0,0,0,0,-1,1,0,1,0,0,0,0,1,-1,-1,0,-1,0,0,0,1,0,-1
472,0,0,0,0,0,0,0,0,0,0,0,0,0,0,0,-1,0,0,0,0,0,-1,0,0,1,1,0,0,0,0,0,-1,0,1,0,0,-1,0,0,0,0,0,-1,0,0,0,0,-1,0,0,0,0,1,1,-1,-1,0,0,1,0,0,1,0,1
473,0,-1,-1,0,0,-1,0,0,0,1,0,-1,0,0,-1,1,0,0,0,0,0,0,0,-1,0,-1,-1,-1,0,0,0,0,-1,0,0,0,-1,0,-1,0,1,0,0,1,0,-1,0,0,0,-1,0,0,0,0,1,0,0,-1,0,1,1,0,0,1
474,-1,-1,0,0,0,-1,0,-1,1,0,0,0,1,0,1,1,0,0,0,0,-1,0,1,1,1,0,0,0,0,0,0,0,0,0,0,0,0,0,0,0,-1,0,0,1,0,1,-1,0,0,0,0,0,0,0,0,-1,0,0,0,1,-1,-1,1,0
475,0,0,-1,1,0,0,1,0,-1,0,0,0,-1,0,1,-1,0,-1,0,1,0,0,-1,0,0,-1,0,-1,1,0,0,0,0,0,0,0,0,-1,0,0,0,0,0,0,0,1,0,1,-1,0,0,0,0,0,0,0,0,0,0,0,1,0,0,0
476,0,0,0,0,0,1,0,-1,0,0,1,0,0,-1,0,0,-1,0,0,-1,1,0,0,0,0,1,1,-1,-1,0,0,1,0,0,0,0,-1,0,0,0,-1,0,0,0,1,0,0,0,0,0,0,-1,1,0,1,0,0,1,0,0,1,1,-1,0
477,0,0,-1,0,1,0,-1,0,0,0,0,0,0,1,0,0,0,0,-1,-1,1,-1,0,0,0,0,0,1,0,0,0,1,0,0,0,0,0,0,0,-1,0,0,0,-1,1,1,0,0,0,1,0,-1,1,0,-1,0,0,0,0,0,0,1,0,0
478,1,0,0,0,0,1,0,0,0,0,0,1,-1,0,0,1,0,1,0,0,1,0,-1,0,0,-1,0,0,0,0,0,0,-1,1,-1,0,0,0,0,0,0,-1,0,0,-1,-1,0,0,0,0,0,0,0,0,0,-1,-1,0,1,1,1,0,0,1
479,1,1,1,0,0,0,0,0,0,0,1,0,0,0,0,0,0,0,1,0,0,0,0,0,0,-1,0,-1,-1,-1,-1,0,-1,1,0,-1,0,1,0,-1,-1,0,0,0,1,0,0,1,0,0,0,1,0,1,-1,0,-1,1,0,0,0,-1,0,0
480,0,0,0,0,-1,0,0,0,0,0,0,0,1,0,0,1,0,0,0,0,0,0,0,1,0,-1,0,0,0,0,0,1,0,0,0,-1,-1,0,0,0,0,-1,1,-1,1,0,-1,1,0,1,0,0,0,0,1,0,-1,1,0,0,0,-1,0,0
481,0,0,0,0,0,1,0,0,0,0,0,0,0,0,0,0,-1,0,0,-1,0,1,0,0,0,1,0,1,1,1,0,1,0,0,0,0,0,0,0,0,0,1,0,1,1,0,0,0,0,0,0,1,0,0,1,0,0,0,-1,0,0,0,1,0
482,0,0,0,-1,0,-1,0,1,1,0,0,0,1,1,-1,-1,0,0,0,0,1,0,-1,0,-1,0,0,1,0,1,0,0,1,0,0,0,1,0,0,0,0,0,0,0,0,-1,0,0,1,1,0,0,0,-1,0,-1,0,-1,0,0,0,0,0,0
483,0,0,0,0,1,-1,0,0,0,-1,0,0,1,0,-1,0,0,0,0,0,0,0,0,-1,0,1,0,0,-1,0,0,0,0,-1,0,1,1,0,0,0,-1,-1,0,0,0,0,-1,1,0,0,1,0,0,0,1,1,1,0,-1,-1,-1,0,-1,0
484,0,0,0,1,-1,0,1,0,-1,-1,0,0,0,0,0,0,0,0,0,0,0,0,-1,0,0,0,0,0,0,0,-1,-1,0,0,0,0,0,0,-1,0,1,0,-1,0,0,0,0,0,0,0,1,0,-1,0,-1,1,0,1,0,1,1,0,0,0
485,0,0,0,-1,-1,0,0,1,0,-1,0,1,-1,1,1,-1,0,0,0,1,0,0,0,0,0,0,0,1,0,0,0,1,0,0,0,0,1,-1,-1,0,0,0,0,0,1,0,0,0,0,-1,0,0,0,0,0,0,0,1,0,1,0,0,0,0
486,0,-1,-1,0,0,-1,-1,0,1,0,0,1,0,1,-1,0,0,0,0,-1,0,0,0,0,0,0,0,0,0,1,0,0,0,0,0,0,0,1,0,1,0,0,0,0,0,0,1,0,1,1,0,1,0,0,0,1,0,0,0,0,0,0,0,-1
487,1,-1,-1,0,0,-1,0,1,1,0,1,0,1,0,-1,0,0,0,-1,0,-1,0,-1,0,0,1,-1,0,-1,0,1,-1,0,0,1,0,-1,0,-1,0,0,0,0,-1,0,-1,-1,1,0,0,-1,1,0,0,0,0,0,0,0,-1,1,1,-1,1
488,0,0,0,1,-1,0,0,-1,0,-1,0,0,1,-1,0,1,0,0,1,-1,1,0,0,0,0,0,-1,-1,0,0,0,0,0,0,0,0,0,0,0,1,0,0,0,0,1,0,1,0,0,0,0,0,0,1,0,0,0,-1,1,1,-1,1,0,0
489,1,1,-1,-1,0,0,0,0,-1,0,0,-1,0,1,0,0,1,1,0,-1,0,0,0,0,0,-1,0,0,1,1,-1,0,0,1,0,0,0,0,0,0,0,1,0,0,-1,-1,0,0,0,-1,0,1,1,0,0,-1,0,-1,0,0,0,0,0,0
490,1,0,0,0,0,-1,0,1,1,0,0,0,0,0,0,-1,-1,-1,-1,0,0,0,0,1,0,1,0,0,0,0,-1,0,0,0,1,0,-1,-1,0,0,0,0,1,0,0,1,0,1,1,0,0,-1,0,0,-1,0,0,1,0,0,-1,0,-1,0
491,-1,-1,0,0,0,0,-1,0,0,1,1,0,0,0,0,1,0,0,0,0,-1,-1,0,0,-1,0,0,0,-1,0,0,1,1,0,0,0,0,-1,0,0,0,0,0,0,1,0,0,1,1,0,0,0,0,0,0,0,-1,0,0,0,0,0,1,0
492,0,-1,0,0,0,0,1,-1,0,1,0,0,0,0,0,0,0,0,1,0,0,1,0,0,0,0,0,0,-1,0,0,1,0,-1,0,-1,0,0,0,0,0,1,-1,0,1,0,1,1,0,0,-1,0,0,0,0,1,1,1,0,0,0,1,0,0
493,0,0,1,0,0,0,-1,0,0,0,1,0,-1,1,-1,0,0,-1,1,0,0,0,0,0,0,1,0,-1,0,-1,-1,0,0,0,0,1,0,0,0,0,0,0,0,0,0,0,0,0,0,0,-1,-1,0,0,0,1,0,0,0,1,0,0,0,1
494,-1,-1,0,-1,0,0,0,0,0,0,0,0,0,-1,0,0,0,0,0,0,0,0,0,1,1,-1,0,-1,0,0,-1,0,-1,0,-1,0,0,0,0,1,1,0,0,0,0,0,0,0,0,-1,0,-1,1,0,0,0,1,1,1,0,0,0,0,0
495,0,0,0,0,-1,0,1,-1,0,0,0,1,0,0,0,0,1,-1,0,0,0,-1,0,0,0,0,-1,0,0,-1,0,-1,-1,0,0,0,0,0,0,0,-1,0,0,0,0,0,0,0,0,1,-1,0,0,0,0,0,0,0,0,1,0,0,0,-1
496,0,0,0,0,0,1,-1,0,0,0,0,1,0,0,-1,-1,1,1,0,0,0,0,0,1,0,0,0,0,0,0,0,0,0,1,-1,-1,0,0,0,1,1,0,0,0,-1,0,1,0,1,0,0,0,0,0,0,0,0,0,-1,0,1,0,0,-1
497,1,1,0,0,-1,0,0,0,1,1,-1,-1,0,0,0,1,0,0,0,1,0,1,0,0,1,-1,0,1,0,-1,0,1,0,1,-1,0,0,0,0,0,-1,0,0,0,0,0,0,-1,0,1,1,0,1,1,0,0,0,-1,-1,0,0,1,1,-1
498,0,0,0,0,0,1,1,1,-1,0,0,1,0,0,0,0,0,0,0,0,-1,1,1,-1,0,0,0,-1,0,0,0,0,1,0,1,0,0,0,1,1,1,0,0,0,0,1,0,-1,0,-1,-1,0,0,0,0,0,0,-1,1,-1,0,-1,0,0
499,0,0,0,0,0,0,0,0,-1,0,0,-1,-1,0,-1,0,0,-1,0,0,0,0,0,-1,-1,0,0,0,0,1,-1,0,0,0,0,-1,-1,0,1,1,1,-1,0,0,1,0,0,-1,0,-1,0,-1,0,0,0,0,1,-1,0,0,0,0,0,0
500,0,0,-1,0,0,1,0,1,1,0,1,-1,0,1,1,0,0,0,0,1,0,1,1,0,0,1,0,0,0,0,1,-1,0,0,-1,1,-1,0,-1,0,0,0,-1,0,0,0,0,0,0,0,0,0,0,1,-1,1,0,0,1,-1,-1,-1,0,0
501,-1,0,0,0,-1,1,0,0,1,0,0,1,1,1,0,0,-1,0,1,0,1,0,1,-1,1,0,0,0,0,1,-1,0,0,0,0,1,-1,0,-1,-1,1,1,0,1,0,1,0,0,-1,-1,0,0,0,0,0,0,-1,-1,0,1,0,0,0,0
502,1,-1,0,0,-1,0,0,0,0,0,0,1,0,-1,0,0,-1,0,0,0,-1,0,-1,0,1,1,1,0,0,0,0,-1,0,0,-1,0,0,0,0,0,0,1,0,1,0,-1,-1,0,0,1,0,0,1,-1,-1,1,0,0,0,0,-1,0,1,-1
503,-1,-1,-1,1,0,0,0,-1,0,1,0,-1,-1,0,0,-1,1,1,0,0,0,0,0,0,0,0,0,0,0,0,-1,0,1,0,0,0,1,-1,0,0,0,0,0,1,-1,0,0,-1,0,0,0,0,0,1,1,1,-1,0,1,0,0,0,-1,0
504,0,1,1,0,0,0,0,0,1,0,0,1,-1,0,0,0,0,0,0,-1,-1,1,0,0,0,-1,0,0,1,0,-1,-1,0,-1,1,0,-1,1,-1,0,-1,-1,-1,0,0,0,1,0,0,0,1,0,-1,0,1,0,0,1,0,0,0,0,1,1
505,-1,0,0,-1,0,0,0,0,0,1,-1,-1,0,-1,0,0,0,1,0,0,0,-1,0,0,1,0,0,0,1,-1,0,0,0,0,0,0,-1,1,0,0,0,1,-1,0,1,0,0,0,-1,0,0,0,0,0,-1,0,0,0,1,0,-1,-1,-1,0
506,0,-1,0,-1,0,0,0,0,1,0,0,-1,-1,1,-1,-1,0,0,1,0,0,0,1,-1,-1,0,-1,0,0,0,-1,-1,0,0,1,-1,1,0,1,-1,-1,0,1,0,-1,0,0,0,0,0,-1,0,1,0,0,0,0,-1,0,1,0,0,-1,0
507,1,0,1,0,0,1,0,0,0,0,1,-1,-1,0,0,1,0,1,0,-1,0,0,0,0,-1,-1,0,0,0,0,0,0,0,0,0,-1,0,0,1,0,0,0,0,0,0,0,0,-1,-1,1,1,-1,1,0,-1,-1,0,0,0,0,1,-1,0,0
508,-1,-1,-1,1,1,-1,0,0,-1,0,1,0,0,1,0,0,0,0,1,0,1,1,-1,0,0,0,1,0,-1,0,-1,0,0,1,0,0,0,0,0,0,1,0,0,0,0,-1,0,0,0,1,0,-1,-1,0,-1,-1,0,0,-1,0,0,0,0,0
509,-1,-1,0,0,-1,0,0,1,0,0,0,0,0,1,0,-1,1,0,0,0,0,0,0,0,0,-1,0,-1,0,-1,0,0,0,0,0,0,0,-1,0,1,1,-1,0,0,-1,0,-1,0,0,0,0,1,-1,0,0,0,0,0,0,0,0,0,-1,-1
510,0,0,0,0,-1,0,0,0,0,0,0,0,1,0,0,0,0,0,0,0,0,0,-1,0,0,1,0,0,0,0,-1,0,0,1,-1,0,-1,1,1,0,0,-1,0,0,0,0,-1,0,0,0,0,0,1,-1,0,0,0,1,0,0,0,1,1,1
511,0,0,0,0,1,0,0,0,0,-1,-1,0,0,0,0,0,0,0,0,0,0,0,0,-1,0,-1,-1,0,0,0,0,-1,1,0,0,0,1,0,0,0,1,-1,0,-1,-1,-1,-1,0,-1,0,0,-1,0,0,0,0,0,0,0,0,-1,-1,-1,0
512,1,0,0,0,1,0,0,-1,0,0,0,0,1,1,0,-1,0,-1,0,1,0,0,-1,1,0,0,0,0,1,-1,0,0,1,-1,-1,0,1,1,0,0,0,1,0,-1,0,0,0,0,0,0,0,0,0,1,0,0,0,1,-1,0,0,-1,0,0
513,0,1,0,0,0,1,0,0,-1,0,0,1,-1,0,-1,0,0,0,1,1,0,0,0,1,1,0,1,-1,0,0,1,0,0,0,1,1,0,-1,-1,0,0,-1,0,0,0,-1,0,0,1,0,0,0,-1,1,0,1,0,-1,1,0,0,0,0,0
514,0,0,1,0,0,0,0,0,0,0,-1,1,0,-1,0,-1,0,1,-1,0,-1,1,0,0,0,-1,-1,0,-1,0,0,0,0,0,1,1,0,0,1,0,0,0,-1,1,0,1,0,-1,0,0,0,0,1,0,1,0,1,1,0,-1,0,0,0,0
515,0,1,0,0,0,0,0,0,0,0,0,0,1,0,0,0,0,-1,0,0,-1,-1,1,0,0,0,0,1,0,0,0,1,0,-1,0,0,0,-1,0,0,0,-1,0,0,0,0,0,0,0,0,0,0,0,0,0,0,-1,0,-1,1,1,0,0,1
516,1,0,0,1,0,0,0,0,0,-1,0,0,0,0,1,0,0,-1,0,-1,0,0,-1,0,0,0,0,0,0,1,0,0,0,0,-1,0,0,0,1,0,0,0,0,0,0,1,-1,0,0,-1,-1,0,-1,1,0,0,0,0,0,1,1,0,0,0
517,0,0,0,0,0,0,0,0,0,-1,0,0,0,1,1,1,0,0,0,0,0,0,1,0,0,0,0,1,0,1,1,0,0,-1,0,0,-1,0,0,0,-1,0,0,-1,0,1,1,0,0,0,-1,0,0,0,-1,0,1,0,-1,1,0,-1,0,1
518,0,0,-1,0,0,-1,0,-1,0,0,0,0,0,-1,0,0,0,0,0,-1,0,0,0,1,1,0,0,-1,0,-1,0,0,0,0,1,0,0,0,-1,-1,-1,1,0,1,0,0,0,0,0,0,0,0,-1,1,0,0,0,0,0,0,0,1,-1,0
519,-1,0,-1,0,1,0,0,0,0,0,1,0,0,0,1,-1,0,0,1,0,0,0,0,0,0,0,1,0,0,1,-1,0,-1,0,-1,0,1,0,0,0,0,-1,0,0,1,1,0,1,0,-1,-1,-1,0,1,-1,0,0,1,1,0,0,1,-1,-1
520,0,1,0,0,-1,1,0,0,1,0,0,-1,0,0,0,0,0,0,1,-1,0,0,-1,0,-1,0,0,1,0,0,0,0,0,0,0,0,0,0,0,0,0,1,1,0,0,0,0,-1,0,0,1,0,0,1,0,0,0,-1,0,1,0,1,-1,0
521,0,0,0,0,0,0,0,0,1,0,0,-1,1,1,0,0,0,0,1,0,0,0,1,0,0,1,0,0,0,-1,0,0,0,1,0,-1,0,-1,0,0,0,1,-1,-1,0,1,-1,0,1,-1,-1,-1,-1,0,1,0,0,1,0,0,0,0,0,0
522,0,0,0,0,1,0,0,0,0,-1,0,0,0,-1,0,1,-1,0,0,0,1,1,0,0,0,0,0,0,1,0,0,0,0,0,0,-1,0,0,0,0,0,0,0,0,0,0,0,0,0,1,0,0,0,0,0,0,0,0,-1,-1,0,1,-1,0
523,0,0,0,-1,0,0,0,0,0,0,0,0,-1,1,1,0,-1,0,0,0,0,-1,0,1,0,0,0,1,1,0,0,0,1,0,1,0,0,0,0,-1,1,1,-1,0,-1,0,1,0,0,0,-1,0,1,-1,-1,0,0,0,1,0,0,1,1,0
524,0,0,0,0,0,0,0,-1,0,0,-1,0,0,0,0,0,0,0,0,0,0,0,1,0,0,0,0,0,1,1,0,0,0,0,0,-1,-1,0,0,0,0,1,0,0,0,0,0,0,0,0,0,-1,0,-1,0,0,0,-1,0,1,0,-1,1,0
525,-1,0,1,0,0,0,-1,0,-1,0,0,0,0,-1,0,0,0,0,1,0,0,0,0,0,1,0,0,0,0,0,0,0,0,0,1,0,-1,0,0,0,0,0,0,0,0,0,0,0,0,1,1,0,1,-1,0,1,1,0,0,-1,0,1,0,1
526,0,0,0,0,0,-1,0,0,1,-1,-1,0,0,0,1,0,-1,0,0,1,0,0,-1,-1,1,0,0,0,-1,0,1,-1,0,0,1,0,1,1,0,1,-1,-1,0,0,0,0,0,0,0,1,0,0,0,0,0,0,0,0,1,1,1,0,0,0
527,-1,0,-1,-1,-1,0,-1,0,1,1,1,0,-1,0,1,0,0,0,1,0,0,0,0,1,0,0,0,1,0,-1,0,-1,0,0,0,-1,-1,1,0,-1,0,-1,0,0,0,-1,0,0,0,0,1,0,0,-1,0,0,-1,-1,1,0,-1,0,0,0
528,0,1,0,-1,0,-1,0,1,0,0,0,0,0,1,-1,0,0,-1,-1,-1,0,0,0,0,-1,0,0,0,-1,-1,0,0,0,1,0,0,1,1,-1,0,0,1,1,0,0,0,-1,0,1,0,0,0,0,1,0,0,-1,0,0,0,0,1,-1,0
529,0,0,0,0,0,0,-1,0,0,0,0,0,0,0,0,1,0,-1,0,0,-1,1,0,0,0,0,1,-1,1,0,0,0,-1,0,0,-1,0,1,0,0,0,-1,0,-1,1,0,1,0,0,0,0,0,0,0,0,0,-1,1,0,0,0,1,0,-1
530,1,0,0,-1,0,-1,0,0,0,0,1,0,1,0,1,0,0,-1,0,0,0,1,0,0,0,1,0,0,-1,0,0,-1,0,0,-1,-1,0,1,0,0,1,0,1,1,0,0,0,1,0,-1,-1,0,0,0,0,0,1,0,0,1,0,0,0,0
531,0,0,1,0,0,0,0,1,1,0,0,-1,0,0,0,-1,0,1,0,0,0,0,0,0,-1,0,0,1,-1,0,-1,0,0,0,0,1,0,0,0,-1,0,1,1,0,0,0,0,1,0,0,1,0,0,0,1,0,0,0,1,0,0,0,0,-1
532,0,-1,0,0,0,-1,0,0,1,0,0,0,0,0,-1,0,1,0,1,0,0,0,-1,-1,0,0,0,0,0,0,1,0,-1,0,0,0,0,-1,0,0,0,0,-1,0,0,0,1,1,-1,1,0,0,1,0,0,0,0,0,0,-1,0,0,0,0
533,-1,0,-1,0,-1,0,1,0,0,0,1,0,0,0,0,1,0,0,0,1,0,1,0,0,0,0,0,0,1,-1,1,0,1,-1,0,0,0,0,-1,1,0,-1,1,-1,-1,-1,-1,0,0,0,0,-1,0,-1,0,-1,0,0,0,0,0,-1,0,0
534,0,0,-1,0,0,0,1,0,0,0,0,1,0,0,-1,0,0,0,0,0,0,-1,-1,-1,1,-1,1,0,0,1,0,-1,0,1,0,-1,-1,0,1,0,0,1,0,0,0,0,0,0,0,0,0,0,0,0,0,0,0,1,0,-1,0,0,0,0
535,0,0,0,0,-1,-1,0,0,0,0,1,0,0,-1,0,0,0,0,1,0,1,-1,0,-1,0,0,-1,-1,1,0,0,0,0,0,0,0,0,-1,0,0,0,1,0,0,0,0,0,0,0,0,0,0,-1,-1,1,-1,0,0,0,0,-1,1,0,0
536,0,-1,0,-1,0,0,0,-1,0,0,0,0,0,0,-1,0,1,0,0,1,0,0,-1,0,0,1,0,0,0,0,0,-1,-1,-1,0,1,0,1,-1,0,0,0,-1,0,0,0,0,0,0,0,-1,0,1,1,0,0,1,0,1,-1,0,0,0,0
537,0,0,1,0,0,1,0,1,0,0,0,0,1,0,0,-1,0,1,1,0,0,0,1,0,0,-1,0,0,0,1,0,0,0,0,0,0,0,0,0,1,1,1,0,0,-1,0,1,-1,-1,0,0,0,0,0,0,-1,0,1,0,0,1,0,0,0
538,-1,0,0,0,-1,1,-1,0,-1,0,1,0,1,1,0,0,0,1,0,1,0,0,0,1,-1,0,0,0,0,0,0,-1,0,-1,-1,0,0,0,0,0,0,0,0,0,0,0,-1,0,0,0,1,0,1,0,1,0,0,1,0,0,0,0,0,0
539,-1,0,0,0,0,0,0,0,0,0,1,0,1,1,-1,0,0,0,0,0,-1,0,0,0,-1,0,0,1,1,0,1,0,0,0,1,-1,0,-1,0,-1,1,1,1,0,0,0,0,0,1,0,0,0,1,-1,0,0,0,0,-1,0,0,0,-1,0
540,1,-1,0,0,0,0,-1,0,1,0,-1,0,0,-1,1,0,1,0,0,0,0,0,0,0,0,0,0,-1,0,1,1,0,0,0,-1,-1,0,1,0,0,0,-1,1,0,1,1,1,-1,1,0,-1,-1,-1,0,0,0,-1,0,0,0,0,0,0,1
541,1,0,-1,-1,0,0,-1,1,0,-1,1,-1,0,1,-1,0,-1,1,-1,0,1,0,0,0,0,1,-1,-1,0,0,1,-1,0,1,1,0,0,0,1,0,0,0,1,0,0,0,-1,0,-1,0,0,-1,0,0,0,0,-1,0,-1,0,-1,0,1,0
542,0,0,-1,0,0,0,0,0,1,-1,0,0,0,0,-1,1,1,0,0,1,0,0,1,-1,0,0,0,0,-1,0,1,-1,0,-1,1,0,0,-1,-1,0,0,-1,0,-1,0,-1,0,-1,0,1,0,1,0,1,0,0,0,0,-1,0,0,-1,0,0
543,-1,1,0,-1,0,1,0,-1,0,0,0,0,0,1,0,0,0,1,0,0,1,-1,1,0,0,0,-1,0,0,0,0,-1,-1,0,0,0,0,1,-1,0,0,0,0,-1,1,-1,0,0,0,0,0,0,0,0,0,0,1,0,0,0,0,0,-1,0
544,0,0,-1,0,0,0,-1,0,0,0,-1,0,1,0,0,-1,0,0,1,0,0,0,0,0,0,-1,0,0,0,0,1,-1,0,0,0,0,0,0,0,0,0,0,0,1,-1,-1,0,0,0,0,0,0,0,0,0,1,0,0,0,1,0,-1,0,0
545,0,-1,0,0,-1,0,-1,0,0,0,0,0,0,0,0,0,0,1,0,-1,0,0,1,-1,0,-1,0,0,1,-1,-1,0,-1,-1,-1,1,1,0,1,0,1,-1,-1,0,1,-1,0,-1,1,0,0,0,0,0,0,0,0,0,1,0,0,1,0,-1
546,-1,0,0,0,0,-1,0,1,-1,0,0,0,0,-1,1,0,0,0,1,0,-1,0,0,0,-1,0,0,0,1,0,0,1,0,0,-1,-1,0,1,1,0,0,-1,0,-1,-1,0,0,0,0,0,1,1,0,1,0,0,0,0,0,0,0,0,0,0
547,-1,0,1,0,0,0,-1,0,0,0,1,-1,0,0,0,1,0,0,-1,0,0,-1,0,0,1,-1,1,0,-1,0,0,0,-1,-1,-1,0,0,0,0,0,0,0,1,0,-1,0,1,1,0,0,1,0,0,0,1,0,1,1,1,0,0,-1,0,0
548,0,0,1,-1,0,0,-1,0,0,0,0,0,0,0,1,0,1,0,0,0,1,-1,0,1,0,1,1,0,0,-1,0,0,0,1,0,0,-1,1,-1,1,-1,0,1,0,0,0,-1,-1,0,0,0,0,0,0,0,0,1,1,-1,0,0,0,0,-1
549,0,0,-1,-1,0,0,0,0,0,1,0,-1,-1,0,0,0,-1,1,1,1,0,0,-1,0,0,0,1,1,-1,-1,0,1,1,-1,1,-1,0,0,0,1,0,0,0,0,0,0,-1,0,0,1,0,-1,1,0,0,0,0,-1,-1,0,0,1,0,0
550,0,0,0,0,0,0,0,-1,0,0,0,0,-1,0,0,0,0,-1,-1,1,0,0,1,-1,1,0,0,1,0,0,0,1,0,1,0,0,0,0,-1,0,0,0,0,-1,1,-1,0,-1,-1,-1,0,0,-1,0,1,0,0,0,0,0,0,1,0,1
551,1,0,0,0,0,-1,1,1,0,0,0,0,1,0,0,-1,0,1,0,1,0,0,0,-1,1,0,0,1,-1,0,-1,-1,0,0,0,1,0,0,-1,0,0,-1,0,0,0,-1,-1,0,1,0,0,0,0,0,0,-1,0,1,0,0,0,0,-1,0
552,0,0,-1,-1,-1,0,0,0,0,0,0,0,0,0,1,-1,0,0,0,-1,-1,0,-1,0,0,1,-1,0,-1,0,0,1,0,1,-1,0,0,0,0,-1,-1,-1,1,-1,0,0,-1,0,0,0,1,1,0,1,0,1,0,0,0,0,0,1,-1,-1
553,-1,0,0,0,-1,-1,0,0,0,0,0,1,0,0,1,0,-1,1,1,1,0,0,0,-1,0,0,0,0,0,-1,0,0,0,-1,0,0,0,0,0,-1,1,-1,-1,0,0,1,0,1,1,0,0,0,0,0,-1,-1,0,1,0,0,0,0,0,0
554,0,1,0,0,0,1,0,0,0,0,-1,0,0,-1,0,0,0,0,0,-1,1,1,0,0,0,0,-1,0,0,0,1,0,0,-1,-1,0,-1,0,0,0,0,0,0,0,0,0,-1,-1,1,0,0,0,0,0,-1,1,0,0,1,1,0,1,0,-1
555,0,0,0,0,1,0,0,0,0,0,0,0,-1,0,0,0,1,-1,0,0,-1,0,1,0,0,0,0,0,-1,-1,-1,0,-1,0,0,-1,1,1,-1,0,0,1,1,0,0,0,0,0,0,0,0,0,-1,0,0,0,0,0,0,0,0,0,0,0
556,0,-1,0,0,-1,1,0,0,0,-1,1,0,-1,1,-1,0,0,-1,-1,-1,0,0,1,0,0,-1,0,-1,1,0,1,0,1,0,1,0,-1,0,0,0,-1,0,0,0,1,1,0,0,0,0,0,0,-1,0,0,-1,0,0,1,0,0,0,0,0
557,0,0,-1,0,1,0,-1,0,1,0,0,0,0,0,0,0,0,0,1,-1,-1,0,0,-1,1,0,0,-1,0,1,0,-1,1,0,0,0,0,0,0,0,-1,0,0,0,0,1,0,1,0,1,0,0,0,1,0,-1,-1,-1,0,0,0,1,0,0
558,0,1,0,0,-1,1,1,0,0,0,1,1,0,0,1,0,0,-1,0,0,0,0,0,0,1,0,0,1,0,0,1,1,0,0,0,0,0,-1,0,0,0,0,0,0,0,0,0,1,0,0,0,0,0,0,0,0,0,0,-1,0,0,0,1,1
559,0,0,-1,1,0,0,0,0,0,0,0,0,0,0,-1,0,1,0,1,1,-1,0,0,0,0,0,0,0,0,0,1,-1,0,0,1,0,-1,0,0,-1,0,0,0,1,0,0,1,-1,0,0,0,0,0,0,1,0,1,0,0,0,0,1,-1,0
560,0,0,0,0,0,1,-1,0,1,0,0,0,-1,0,-1,1,-1,-1,0,-1,0,0,1,0,0,0,0,-1,0,0,0,0,0,-1,1,0,0,1,-1,0,-1,1,0,0,0,-1,-1,0,0,0,0,1,0,0,0,0,0,1,0,1,0,0,1,0
561,0,0,0,1,0,0,1,0,-1,0,0,0,0,-1,1,0,-1,-1,0,1,1,0,-1,1,0,0,0,1,-1,0,1,-1,-1,0,0,0,0,0,0,0,-1,0,0,0,0,1,-1,0,0,0,0,0,0,0,0,0,0,1,-1,0,1,0,1,0
562,0,0,0,-1,1,-1,0,0,0,-1,-1,0,-1,0,0,0,0,0,0,1,0,0,0,0,1,0,0,0,0,0,0,-1,0,0,-1,0,1,0,1,0,1,1,-1,0,0,0,-1,0,0,0,0,0,1,0,0,0,0,0,1,0,0,-1,-1,0
563,0,-1,-1,0,1,0,-1,0,0,0,0,1,1,-1,0,0,0,1,1,0,0,1,-1,0,0,0,0,0,0,-1,0,0,0,0,0,0,0,-1,1,1,0,0,0,0,0,0,-1,0,1,0,1,0,0,0,0,-1,0,0,0,1,1,-1,-1,-1
564,0,0,-1,0,1,0,0,0,0,0,-1,1,0,0,1,0,1,0,0,1,1,1,0,1,1,0,1,-1,0,1,0,0,1,0,1,-1,0,0,0,0,-1,-1,0,0,0,0,0,0,0,0,0,0,0,0,0,0,0,0,0,-1,0,0,0,-1
565,0,0,0,-1,0,-1,0,0,0,0,1,0,1,0,0,0,0,0,0,0,0,0,0,-1,-1,0,0,0,1,0,0,0,0,0,1,-1,-1,0,0,0,0,0,0,1,1,1,0,0,0,0,0,0,0,0,0,0,0,0,0,-1,0,1,0,0
566,-1,0,-1,0,0,0,1,-1,1,1,0,0,0,0,0,0,0,-1,0,1,-1,-1,0,0,1,0,0,0,0,1,0,0,1,0,0,0,0,1,0,0,0,0,-1,-1,1,-1,0,0,0,-1,-1,-1,0,0,0,0,0,0,0,0,0,-1,1,0
567,1,-1,0,0,0,-1,0,0,0,-1,0,1,0,1,0,0,0,0,0,0,0,0,0,-1,0,-1,0,0,0,0,0,0,1,-1,0,0,1,-1,0,0,0,0,-1,0,-1,0,0,0,0,0,0,1,0,-1,0,0,0,0,0,0,-1,0,0,0
568,0,0,0,0,0,0,0,0,1,0,0,1,-1,0,-1,-1,0,0,0,0,0,-1,0,0,0,0,-1,1,1,0,0,0,-1,0,0,0,0,0,-1,0,-1,0,0,0,0,0,0,0,0,0,0,1,1,-1,-1,0,0,0,0,-1,0,1,0,1
569,-1,0,0,0,-1,1,-1,0,0,0,0,0,-1,-1,0,-1,0,0,0,0,-1,0,1,0,1,0,-1,-1,-1,1,0,0,0,0,1,-1,0,1,1,0,-1,0,0,0,-1,0,0,0,0,-1,-1,0,0,-1,0,-1,-1,0,0,0,0,0,1,0
570,1,1,0,0,0,1,0,1,0,0,0,1,0,0,0,0,0,0,1,-1,0,0,0,0,1,1,1,0,0,0,0,0,-1,0,-1,0,1,0,-1,0,0,0,0,0,0,0,-1,0,0,0,1,1,1,0,0,0,0,1,0,0,1,0,0,0
571,0,0,-1,0,-1,0,0,0,-1,0,0,-1,-1,0,0,1,-1,-1,0,0,0,-1,0,0,-1,0,-1,0,1,1,0,0,0,1,0,0,1,0,1,-1,0,0,0,0,0,1,0,1,0,0,0,0,0,0,-1,1,-1,0,1,0,1,1,-1,0
572,-1,0,0,0,1,0,0,1,0,-1,0,0,0,0,0,0,-1,-1,0,0,0,1,0,-1,0,0,0,0,0,0,1,0,1,0,1,-1,1,0,0,0,0,1,0,-1,0,1,0,1,0,0,0,0,-1,0,0,1,0,-1,0,1,0,-1,0,0
573,-1,0,1,-1,-1,-1,0,0,1,1,0,0,-1,-1,-1,-1,0,-1,1,0,0,0,0,0,0,0,-1,0,1,-1,-1,1,0,-1,-1,0,0,0,0,0,0,0,-1,-1,0,0,1,0,0,0,0,0,1,1,0,0,1,0,-1,0,0,0,0,0
574,0,1,0,0,0,1,-1,-1,-1,0,0,1,0,0,0,0,1,0,-1,-1,-1,0,0,1,0,0,-1,1,0,0,0,0,1,0,1,0,0,1,1,1,0,1,0,0,-1,0,0,0,0,0,0,-1,0,0,0,-1,1,0,0,0,1,0,0,0
575,1,0,0,0,0,1,0,1,0,1,-1,0,0,1,0,0,0,0,1,0,0,1,0,0,0,0,1,0,0,0,0,0,-1,0,1,1,0,0,0,0,-1,0,0,1,-1,0,0,1,0,0,0,0,-1,0,-1,0,0,-1,-1,1,0,-1,0,0
576,0,0,1,-1,0,0,1,-1,0,1,0,-1,0,0,-1,0,0,0,1,1,-1,0,0,0,0,-1,0,0,0,0,0,-1,0,0,-1,0,0,1,0,0,0,-1,1,0,0,0,0,-1,0,-1,1,-1,0,1,0,0,0,-1,0,0,0,0,0,0
577,-1,0,0,0,0,0,0,-1,0,1,0,0,0,0,0,0,0,0,-1,1,0,-1,1,-1,0,0,0,0,-1,0,-1,0,0,1,0,0,0,0,0,0,-1,-1,1,0,0,1,0,-1,0,0,0,0,-1,-1,-1,0,0,0,0,0,1,1,0,0
578,1,0,0,0,0,1,-1,0,1,0,0,0,0,-1,1,0,1,-1,1,0,0,0,0,0,-1,0,-1,0,0,0,-1,0,0,0,0,0,0,0,0,-1,0,-1,0,1,0,1,0,0,1,0,0,0,0,0,0,0,0,0,0,0,0,0,1,0
579,0,0,0,0,1,-1,-1,0,0,0,1,0,0,0,0,0,0,0,0,1,0,1,-1,1,0,0,1,0,0,0,0,1,-1,1,0,0,0,0,1,0,1,0,0,0,0,0,0,0,1,0,0,0,0,-1,0,0,1,0,-1,1,0,0,1,-1
580,0,0,-1,-1,0,1,0,0,0,1,0,0,0,1,1,0,0,0,-1,0,-1,0,0,-1,0,1,0,0,0,0,1,0,0,0,-1,0,0,-1,1,0,0,0,0,1,-1,0,-1,1,0,1,0,0,1,-1,-1,0,1,1,0,-1,-1,-1,0,1
581,0,0,1,0,0,-1,0,0,1,1,1,0,0,0,0,0,0,-1,1,0,-1,0,0,0,-1,-1,0,1,1,-1,-1,0,0,0,-1,0,0,0,0,0,0,0,1,0,0,1,1,0,0,0,-1,0,0,0,0,0,0,0,1,1,0,0,0,1
582,0,0,0,0,0,0,0,0,0,0,1,0,0,0,0,-1,0,0,0,0,0,0,0,1,1,1,-1,0,0,-1,0,0,0,-1,0,0,-1,0,0,1,1,-1,0,0,0,0,1,1,-1,0,0,0,0,0,0,0,-1,-1,0,0,0,0,1,0
583,1,0,0,0,-1,0,0,-1,0,0,1,0,1,0,0,0,0,0,0,0,0,0,0,1,0,0,0,0,1,0,-1,1,1,0,-1,1,0,1,-1,0,0,0,-1,0,0,0,0,0,1,0,1,0,-1,0,1,0,1,0,1,0,0,-1,-1,0
584,0,-1,0,1,0,0,0,1,-1,0,0,0,1,-1,1,1,0,1,0,0,-1,0,0,0,0,-1,-1,0,0,0,0,0,0,0,1,0,0,0,1,0,0,1,0,0,1,0,-1,-1,-1,0,1,0,0,0,0,0,-1,1,-1,1,0,1,0,0
585,0,-1,0,0,1,0,0,-1,1,0,0,0,0,0,0,1,0,0,1,0,1,0,1,0,1,-1,-1,0,-1,0,-1,0,-1,0,0,0,-1,-1,0,0,1,0,1,0,-1,0,0,0,-1,0,0,-1,-1,-1,0,0,0,1,0,0,1,0,0,0
586,0,-1,0,-1,1,0,0,0,-1,1,0,0,0,0,-1,0,0,1,0,0,0,-1,0,0,0,-1,0,0,-1,0,0,0,0,-1,1,0,0,-1,0,0,0,1,0,0,0,-1,-1,-1,0,0,0,0,1,0,0,-1,0,0,1,1,-1,0,0,0
587,0,-1,-1,0,0,0,-1,0,0,0,0,0,0,-1,0,-1,0,0,-1,0,0,-1,0,1,0,0,1,0,0,0,-1,0,0,0,0,-1,0,0,0,0,-1,0,-1,-1,0,1,1,0,-1,1,0,0,0,1,0,1,0,0,0,0,0,0,0,-1
588,0,0,0,-1,0,0,0,0,0,0,0,1,1,1,-1,0,1,0,0,0,0,0,0,-1,1,1,1,0,0,0,0,-1,0,0,1,1,-1,0,0,-1,1,0,0,1,0,0,0,0,0,1,0,0,0,0,0,-1,1,0,-1,1,-1,0,1,1
589,0,0,0,1,0,0,-1,-1,-1,0,0,0,0,0,0,0,0,0,0,-1,0,0,1,0,0,0,-1,1,0,0,0,0,0,0,0,1,1,0,0,0,0,0,0,-1,0,1,0,0,0,0,0,0,0,0,-1,0,0,0,-1,0,-1,1,1,0
590,1,0,0,-1,1,0,-1,0,0,0,0,0,0,0,0,0,-1,1,0,-1,-1,1,0,0,0,-1,-1,0,-1,0,-1,1,-1,0,-1,0,-1,0,0,-1,1,-1,0,1,0,0,0,-1,0,0,1,0,0,0,0,0,0,0,0,0,1,0,1,1
591,-1,0,0,0,0,0,0,1,0,0,0,0,0,0,1,0,0,0,1,0,1,-1,0,0,1,0,0,0,-1,0,0,1,0,0,0,0,0,1,0,-1,1,-1,0,0,-1,0,0,1,0,-1,0,0,0,0,0,0,0,0,0,0,-1,0,0,0
592,0,0,0,-1,0,-1,0,0,1,0,0,1,0,0,1,0,1,1,0,0,0,0,0,0,0,0,0,0,1,0,0,0,0,0,1,0,1,0,1,0,0,-1,0,0,0,0,0,-1,0,1,0,0,0,-1,0,0,0,0,0,1,0,-1,0,1
593,0,0,0,0,-1,1,0,1,-1,0,0,0,1,0,0,0,0,0,0,0,0,0,0,1,0,0,1,0,0,0,0,1,-1,-1,0,-1,0,0,0,0,0,0,0,1,0,0,0,0,-1,-1,-1,0,0,0,-1,0,-1,-1,0,0,1,0,0,1
594,0,-1,0,0,0,-1,0,-1,1,0,-1,0,0,0,0,-1,0,0,0,1,0,0,0,0,1,0,0,0,-1,0,0,1,-1,1,1,0,0,1,1,1,0,0,0,0,0,0,1,0,0,0,0,0,0,1,0,0,-1,0,0,0,1,-1,0,1
595,-1,0,0,1,0,1,0,0,1,-1,0,0,0,0,0,0,0,1,0,0,0,-1,0,0,1,0,0,0,0,0,1,0,0,1,1,0,0,0,1,0,0,-1,0,1,-1,-1,-1,0,0,1,0,0,0,-1,0,0,0,0,0,0,0,0,0,-1
596,0,0,0,-1,0,0,0,0,0,0,0,0,0,0,0,0,0,0,0,-1,0,0,0,0,0,-1,0,0,0,1,0,0,0,-1,0,0,0,0,0,0,-1,0,1,0,0,0,-1,0,0,0,0,0,1,0,0,-1,0,1,0,0,0,0,1,0
597,-1,0,-1,0,0,0,-1,0,-1,0,1,0,0,0,0,0,0,0,0,0,0,1,1,0,0,0,0,0,1,1,1,-1,1,-1,0,1,0,1,1,0,0,0,0,0,0,0,1,0,0,1,0,1,-1,0,1,0,0,1,0,-1,-1,0,0,0
598,1,0,0,0,0,1,0,0,-1,1,1,-1,0,1,-1,0,0,1,0,-1,-1,0,1,0,0,0,0,0,-1,0,0,0,0,0,0,0,-1,1,-1,0,0,0,0,0,-1,0,0,0,0,0,1,0,0,0,0,1,0,0,0,0,0,0,0,-1
599,0,0,-1,-1,-1,0,-1,1,0,0,0,-1,0,-1,0,0,0,0,-1,0,0,0,0,-1,0,0,-1,0,-1,0,0,0,1,0,0,-1,-1,0,0,0,0,0,0,0,1,0,0,0,0,1,1,0,0,0,-1,0,-1,1,-1,0,0,0,-1,0
600,0,0,0,0,0,0,0,0,0,0,-1,0,0,-1,0,-1,0,-1,0,-1,0,0,0,0,-1,0,1,0,0,0,-1,1,-1,-1,0,0,-1,0,0,0,0,1,1,0,0,0,0,0,0,0,1,0,0,1,-1,0,0,0,0,0,0,0,0,0
601,0,0,0,-1,0,0,0,0,0,0,0,-1,0,0,-1,-1,1,1,0,0,0,0,-1,-1,-1,-1,-1,-1,-1,-1,0,-1,0,0,0,1,0,0,0,0,-1,0,1,1,1,-1,-1,0,0,0,1,1,0,0,0,0,0,0,0,0,-1,0,1,0
602,-1,0,1,0,0,0,0,0,0,0,-1,-1,0,0,0,0,1,0,-1,1,0,0,-1,1,0,0,0,1,1,0,-1,0,0,0,-1,1,1,0,0,1,-1,0,1,1,0,0,0,1,0,-1,-1,0,-1,0,0,0,1,0,0,0,0,0,-1,1
603,0,0,1,-1,0,0,0,0,0,0,0,1,-1,0,0,1,0,0,-1,1,0,0,-1,0,-1,-1,0,0,1,0,-1,1,0,0,0,1,0,0,-1,0,0,0,0,1,0,0,-1,-1,1,0,0,0,-1,0,0,0,0,0,1,0,0,0,0,0
604,1,0,0,1,0,0,-1,0,0,0,0,0,0,-1,0,0,1,0,-1,0,0,0,-1,1,0,0,0,0,-1,0,-1,0,0,1,0,-1,0,-1,-1,0,0,1,1,0,-1,-1,0,0,0,-1,0,0,0,0,0,-1,1,0,0,-1,-1,1,1,0
605,0,0,0,-1,1,0,-1,0,0,0,0,-1,0,-1,-1,-1,0,0,0,1,0,0,0,0,0,0,0,0,0,0,1,0,0,0,0,0,0,0,0,0,0,0,0,-1,1,-1,0,0,0,0,0,0,0,0,1,0,-1,0,0,0,0,0,0,1
606,0,0,-1,0,-1,-1,-1,0,0,0,0,0,0,0,0,0,-1,0,1,-1,-1,0,0,0,0,0,0,0,0,0,0,-1,1,1,1,-1,0,0,0,0,1,0,0,1,1,0,0,0,0,0,0,0,0,0,1,0,0,1,-1,0,1,0,-1,0
607,-1,0,0,1,-1,0,-1,0,0,0,-1,-1,0,1,-1,1,0,0,-1,0,0,-1,0,0,0,0,0,0,0,-1,0,0,1,0,1,-1,0,0,0,1,-1,1,0,0,-1,0,0,-1,0,0,1,0,1,0,0,0,0,0,0,0,0,-1,0,0
608,0,-1,1,0,0,0,-1,0,0,0,1,1,0,0,0,-1,0,0,1,0,0,0,1,0,-1,0,0,0,-1,0,0,0,0,1,0,0,-1,0,0,0,1,0,0,0,-1,0,0,0,1,-1,0,0,0,1,1,1,0,0,-1,0,1,-1,0,0
609,0,0,-1,0,1,0,0,0,0,0,0,0,0,0,1,1,-1,1,0,1,0,0,0,1,0,0,0,0,-1,1,0,0,0,1,0,0,0,0,0,0,-1,0,0,1,-1,0,0,0,0,-1,-1,-1,1,0,0,0,-1,-1,1,0,0,0,0,0
610,0,1,0,0,1,-1,-1,0,0,0,0,1,1,0,0,-1,0,1,-1,0,1,0,0,0,0,-1,0,0,-1,0,0,1,1,0,1,0,-1,0,0,0,1,0,0,0,0,0,0,0,0,0,0,0,0,0,0,0,-1,0,1,0,0,0,0,0
611,0,0,0,0,0,0,0,0,0,0,-1,-1,0,-1,0,0,-1,0,1,0,0,1,1,0,0,-1,0,0,-1,0,0,1,0,0,-1,0,-1,-1,0,1,-1,1,0,0,0,-1,0,-1,0,0,1,1,0,0,0,0,0,0,0,1,1,1,0,1
612,1,0,0,-1,1,0,0,0,0,0,0,0,0,0,0,0,0,0,0,0,0,0,0,0,0,0,1,0,0,0,-1,1,0,-1,0,-1,0,-1,0,1,0,0,-1,0,0,0,0,0,0,0,-1,0,0,0,-1,0,1,-1,1,0,0,0,1,0
613,0,0,0,0,0,1,1,-1,-1,0,0,0,0,0,1,-1,1,0,0,0,-1,0,0,0,-1,0,-1,0,0,1,0,0,1,0,0,0,0,0,0,-1,1,0,0,0,0,0,0,-1,0,0,0,0,-1,0,0,0,0,0,-1,-1,0,0,0,0
614,1,0,0,0,0,0,1,-1,0,-1,1,-1,0,0,0,0,0,0,1,-1,0,0,0,0,0,0,1,0,0,-1,-1,0,0,0,0,0,0,-1,0,-1,0,0,0,1,-1,0,1,1,-1,0,0,0,0,0,0,0,0,0,-1,0,1,0,0,0
615,0,0,0,-1,-1,1,-1,0,0,1,0,1,0,1,0,0,0,0,0,0,-1,0,0,0,0,-1,1,0,0,0,0,0,0,-1,0,1,0,1,0,1,-1,0,0,0,0,1,-1,0,0,0,-1,0,-1,0,0,0,1,0,0,1,-1,0,1,0
616,0,0,0,0,0,0,0,1,0,0,1,1,-1,-1,-1,0,0,0,0,0,-1,0,1,1,0,0,0,-1,1,0,-1,0,0,0,1,0,0,0,0,-1,-1,0,-1,0,0,0,0,0,0,1,0,0,0,0,0,0,-1,0,0,1,1,0,1,1
617,0,0,1,0,0,0,0,-1,0,0,1,0,0,0,0,1,0,0,0,0,0,1,1,-1,1,0,0,-1,0,0,-1,0,1,0,0,1,0,0,-1,0,1,0,0,1,0,-1,0,-1,0,0,0,-1,0,0,0,1,0,1,0,0,0,1,1,1
618,1,0,-1,-1,-1,-1,-1,0,0,0,0,0,0,0,0,0,0,-1,-1,-1,0,1,0,1,0,0,0,0,1,0,-1,0,0,0,0,0,0,1,0,0,0,-1,1,0,0,0,0,0,0,0,0,0,1,1,0,0,0,1,0,-1,-1,0,0,-1
619,0,0,0,0,-1,0,-1,0,-1,0,0,0,1,0,0,0,0,0,0,0,1,1,-1,0,1,0,0,0,0,0,0,0,1,1,1,1,-1,-1,0,-1,1,0,0,-1,0,0,0,1,0,0,0,0,-1,-1,0,0,1,-1,0,0,0,0,0,0
620,0,0,0,-1,1,0,0,0,-1,0,1,0,0,0,0,0,1,0,1,0,0,0,0,-1,0,0,0,0,0,1,0,-1,0,0,0,1,0,0,0,0,1,0,0,0,0,0,0,0,1,0,-1,0,0,0,-1,0,0,0,0,-1,0,0,0,0
621,0,0,1,0,0,0,-1,0,0,0,0,-1,0,0,0,0,1,0,0,1,0,-1,0,0,0,1,0,0,0,1,0,0,0,1,0,0,-1,0,1,0,0,-1,0,0,0,0,-1,1,0,0,-1,-1,0,0,0,0,-1,-1,0,0,0,0,0,0
622,0,0,0,0,0,1,0,0,0,0,0,0,1,0,-1,0,0,-1,1,-1,1,0,0,0,-1,0,0,0,0,0,1,-1,-1,0,0,0,1,0,0,0,0,0,0,0,0,0,0,0,0,0,1,0,0,1,0,0,0,0,1,1,-1,0,0,-1
623,1,0,0,-1,0,0,0,1,0,0,0,1,0,0,-1,0,0,0,-1,0,0,0,0,-1,0,0,1,0,-1,0,1,1,0,0,-1,0,0,1,0,-1,0,0,0,0,0,0,0,0,0,-1,0,0,0,0,0,0,1,-1,0,0,-1,0,0,-1
624,-1,0,0,0,0,-1,0,0,0,0,0,0,-1,1,0,0,0,-1,0,1,1,0,1,0,0,0,1,0,0,0,0,0,-1,1,0,0,1,-1,-1,0,1,0,0,0,0,0,0,0,0,1,0,0,-1,1,1,0,0,0,1,-1,0,0,0,0
625,-1,0,0,-1,0,0,0,0,1,0,0,0,0,0,1,0,0,0,1,0,0,1,0,0,1,0,0,0,0,0,-1,0,0,1,0,0,1,1,0,-1,0,0,0,0,0,1,1,0,0,-1,0,1,-1,1,1,1,0,-1,0,0,-1,0,-1,0
626,0,0,1,0,1,0,0,-1,0,0,0,0,0,0,0,0,0,0,1,0,1,1,0,0,-1,0,0,0,-1,1,1,1,-1,0,0,1,0,0,1,-1,0,-1,0,0,0,0,1,0,0,-1,0,0,0,0,1,0,0,0,-1,0,0,-1,0,1
627,1,0,0,0,0,0,-1,-1,-1,0,0,-1,-1,0,1,0,0,0,0,0,1,1,-1,0,-1,0,0,0,0,0,0,0,0,0,1,0,0,1,0,0,1,1,0,1,0,0,0,0,0,-1,0,0,0,0,0,0,0,0,-1,0,1,-1,0,1
628,1,0,0,0,0,0,1,0,1,0,1,0,0,-1,0,0,0,0,0,-1,0,0,-1,0,-1,0,1,0,1,0,0,0,1,-1,0,1,0,0,0,0,-1,0,0,-1,0,1,1,1,0,0,0,1,-1,1,0,1,1,0,0,0,0,0,0,0
629,0,0,0,0,1,0,0,0,0,0,0,0,0,0,1,1,1,1,0,0,0,0,0,1,0,0,-1,0,-1,0,1,-1,-1,0,1,-1,0,0,0,0,0,1,-1,0,-1,-1,0,0,0,0,1,0,0,-1,0,0,0,0,1,1,0,0,0,-1
630,-1,0,1,0,0,0,0,-1,0,0,0,0,0,1,0,0,0,0,0,0,0,0,0,1,-1,-1,1,0,-1,0,-1,-1,0,0,-1,1,0,0,0,0,0,-1,-1,0,-1,-1,0,0,1,0,1,1,0,0,0,0,0,0,0,0,0,0,1,1
631,0,0,0,-1,1,0,-1,0,0,1,0,-1,0,0,0,-1,0,0,0,1,0,0,-1,0,0,0,1,0,-1,0,0,0,1,0,-1,0,0,0,0,0,0,-1,0,0,0,0,0,0,0,0,0,0,1,0,0,0,-1,-1,0,0,0,-1,-1,0
632,0,1,0,1,-1,0,0,0,1,0,0,-1,0,-1,1,0,0,0,0,0,0,0,0,0,0,-1,-1,0,1,0,-1,0,0,0,0,0,0,-1,0,0,0,0,-1,0,0,0,0,-1,1,0,0,0,-1,0,0,0,0,0,-1,0,0,0,0,0
633,0,0,0,1,1,0,0,1,0,0,1,0,0,1,1,0,0,0,0,0,0,1,-1,0,-1,0,0,0,-1,-1,0,1,-1,0,0,0,1,0,0,0,-1,0,1,-1,0,0,-1,0,0,-1,0,0,0,1,0,-1,-1,0,1,0,1,0,0,0
634,0,-1,-1,0,0,0,0,0,0,0,1,0,0,-1,0,0,-1,0,1,0,-1,0,0,-1,0,0,0,0,-1,0,0,0,-1,1,0,0,0,0,0,0,-1,0,0,0,0,1,0,0,0,-1,1,0,-1,0,0,0,0,-1,0,0,0,0,0,0
635,-1,1,0,0,0,0,0,0,0,0,1,0,0,0,0,0,0,0,0,0,1,-1,1,-1,0,1,-1,1,0,0,-1,0,0,-1,0,0,0,1,0,-1,0,0,0,-1,0,0,1,0,0,-1,0,1,0,0,0,1,1,0,0,-1,0,0,0,1
636,0,0,0,0,0,0,1,0,0,0,-1,0,0,0,0,0,0,1,0,1,0,0,0,0,0,0,-1,0,0,-1,0,1,-1,-1,0,0,0,0,-1,0,1,0,-1,-1,-1,0,0,0,0,1,0,-1,0,1,0,1,1,0,-1,0,0,0,1,0
637,0,1,1,0,1,-1,0,-1,0,0,1,0,-1,-1,0,0,0,0,0,1,1,1,0,0,0,1,0,0,0,0,1,1,-1,0,1,0,0,0,-1,0,1,0,0,0,0,-1,0,-1,1,-1,0,0,1,0,0,0,0,-1,0,0,0,-1,0,0
638,0,0,0,0,0,0,0,0,0,0,0,0,0,0,0,0,-1,0,0,1,0,0,-1,0,0,0,-1,0,0,0,1,-1,0,0,0,0,0,1,0,0,0,1,0,-1,0,0,0,0,0,0,0,0,0,0,0,0,-1,-1,0,-1,-1,0,-1,0
639,0,0,0,0,0,-1,0,0,1,0,0,0,0,0,-1,0,0,0,0,0,0,-1,0,-1,0,-1,1,1,0,0,0,0,0,0,0,0,0,0,0,-1,0,0,1,-1,0,-1,0,0,0,-1,0,0,0,-1,0,0,0,-1,0,0,1,0,0,1
640,1,1,0,0,-1,0,-1,0,0,0,0,0,1,1,1,0,0,0,0,-1,0,1,0,1,1,-1,0,1,0,0,0,0,0,0,1,1,0,0,1,0,-1,0,0,-1,-1,-1,-1,0,0,0,0,1,0,1,0,0,0,-1,0,1,0,0,0,1
641,0,-1,0,-1,0,0,1,0,-1,-1,-1,0,0,0,0,0,0,1,0,1,-1,0,0,-1,0,0,1,0,0,1,1,0,0,0,0,1,0,-1,0,-1,0,0,0,0,-1,0,0,0,0,0,-1,0,0,0,0,0,0,0,0,0,-1,0,1,1
642,1,0,0,0,0,0,-1,0,1,0,-1,-1,0,0,0,-1,1,1,-1,0,0,0,0,0,0,-1,1,0,0,0,1,0,0,-1,0,0,0,0,1,0,0,-1,1,0,1,-1,0,0,0,0,0,0,1,0,0,1,0,0,0,0,0,0,0,-1
643,-1,0,-1,0,0,-1,0,0,0,0,-1,1,0,0,0,0,-1,0,-1,-1,0,1,0,0,-1,0,0,0,-1,0,0,-1,0,0,1,0,0,0,-1,0,0,-1,-1,-1,0,0,-1,1,0,1,-1,0,0,0,0,-1,0,-1,0,0,1,1,0,0
644,-1,1,-1,0,0,0,0,0,0,0,0,0,0,0,0,0,0,0,0,0,0,-1,-1,0,0,0,0,-1,1,0,-1,0,0,0,1,0,0,0,1,1,0,0,1,1,0,-1,1,0,0,1,0,1,1,0,0,0,1,0,0,-1,0,0,-1,0
645,0,1,0,0,0,0,0,0,1,0,0,0,0,-1,1,0,0,-1,0,0,-1,0,1,-1,-1,-1,0,0,0,1,0,1,0,-1,1,0,0,0,1,-1,0,0,1,0,1,-1,1,0,0,0,0,0,0,-1,-1,1,0,-1,0,0,0,0,0,1
646,0,0,-1,0,0,0,0,0,0,0,0,0,1,-1,0,1,0,0,0,0,0,1,0,0,0,0,0,0,-1,0,-1,-1,1,0,0,1,0,0,0,0,1,1,0,0,0,1,0,0,0,1,0,1,0,0,0,0,-1,0,-1,0,0,-1,0,0
647,0,-1,0,0,0,1,0,0,-1,0,0,0,-1,0,1,-1,0,0,0,-1,-1,0,0,0,-1,0,0,0,0,0,0,-1,0,0,1,-1,0,0,0,0,0,1,0,0,0,0,1,0,0,0,0,0,-1,0,0,0,0,0,1,0,0,0,-1,0
648,0,0,0,1,0,1,0,0,0,1,1,0,0,-1,0,0,1,0,0,1,0,0,0,0,0,0,0,-1,0,0,1,0,0,0,0,0,0,0,0,1,-1,0,1,0,1,0,1,0,1,0,0,0,0,0,0,0,0,0,-1,1,0,0,-1,0
649,-1,0,0,0,0,1,0,1,0,1,0,0,1,-1,0,0,-1,1,-1,0,0,0,0,0,0,0,-1,1,1,-1,0,0,0,0,0,0,0,0,1,-1,0,1,0,0,-1,1,-1,1,0,-1,0,0,1,0,0,0,0,0,0,1,0,0,0,0
650,0,0,0,0,0,0,-1,0,0,-1,0,-1,0,-1,1,0,0,1,1,0,0,-1,1,-1,0,-1,1,0,0,0,0,0,1,0,0,0,1,0,0,0,0,0,0,1,0,0,-1,0,0,0,-1,0,0,0,0,0,0,-1,0,0,0,-1,0,0
651,1,0,-1,1,1,0,0,1,-1,0,-1,0,0,1,0,0,-1,1,0,0,0,1,0,1,0,-1,0,1,0,1,0,0,0,1,0,0,1,0,0,0,0,0,-1,0,0,-1,-1,0,1,-1,0,0,0,0,0,0,0,0,0,1,0,0,1,0
652,-1,0,0,0,0,0,0,0,0,0,0,0,1,1,0,1,-1,-1,1,0,0,0,0,0,0,1,0,-1,1,0,1,1,0,1,1,1,0,0,0,0,0,0,0,0,0,0,1,0,0,0,0,0,0,0,0,0,-1,0,-1,0,0,0,0,0
653,1,-1,0,1,0,0,0,0,0,0,0,0,0,-1,1,0,0,-1,0,0,1,0,-1,-1,1,1,0,0,0,1,0,0,0,0,0,-1,-1,0,-1,0,1,0,0,-1,0,-1,-1,1,0,0,0,1,0,0,0,1,-1,0,-1,1,0,0,0,0
654,-1,0,0,0,-1,0,0,0,1,0,1,0,0,0,0,0,0,0,0,0,-1,0,-1,0,0,0,0,0,1,0,0,0,1,0,0,0,1,1,1,0,-1,1,-1,0,-1,-1,0,-1,0,1,0,0,0,-1,0,0,1,-1,-1,0,0,1,0,1
655,0,1,-1,1,0,0,-1,-1,0,0,0,0,1,1,0,0,0,1,-1,0,1,0,-1,0,-1,0,0,0,0,0,0,1,1,0,1,1,-1,-1,1,0,1,0,0,0,0,-1,-1,0,0,0,0,1,0,-1,0,0,0,0,0,0,0,-1,0,-1
656,0,-1,0,0,0,0,0,-1,0,0,0,0,-1,0,0,0,0,0,-1,0,0,0,0,0,0,1,0,-1,-1,1,0,0,0,-1,-1,0,0,1,1,0,1,-1,0,0,0,0,1,0,0,1,0,0,0,0,0,-1,0,0,0,0,0,0,0,0
657,0,0,0,0,0,-1,0,-1,1,0,0,-1,0,1,1,0,0,0,0,0,0,0,0,0,0,-1,0,0,0,-1,0,1,0,-1,1,0,0,-1,0,-1,0,0,0,0,1,0,0,1,0,0,0,1,-1,0,0,0,0,1,0,0,0,-1,-1,0
658,0,0,-1,0,0,0,0,-1,0,-1,0,0,0,-1,0,0,0,0,1,0,-1,-1,0,0,0,0,0,0,0,-1,0,0,-1,1,0,0,0,0,0,0,0,1,1,-1,0,0,0,0,0,0,0,0,-1,0,1,0,0,0,-1,-1,0,0,0,-1
659,-1,0,-1,1,0,0,-1,0,-1,0,0,0,0,0,0,1,0,0,0,0,0,0,0,0,-1,0,0,-1,0,0,0,0,-1,0,0,0,-1,1,0,0,0,1,0,1,1,0,0,0,1,0,0,0,0,0,0,1,0,0,0,0,0,0,1,-1
660,-1,-1,0,0,0,0,0,0,0,0,0,1,0,0,0,0,1,0,0,0,0,-1,0,-1,0,0,1,0,0,1,0,0,0,0,0,-1,1,0,1,0,0,0,0,1,0,-1,-1,1,1,-1,0,0,0,0,0,-1,0,-1,0,1,1,0,0,0
661,-1,1,0,0,0,-1,0,0,1,0,0,0,0,0,0,0,1,0,-1,1,0,0,0,0,1,-1,1,0,0,0,0,-1,1,0,-1,0,1,0,0,0,0,0,0,1,-1,0,0,0,0,0,-1,0,0,1,0,1,0,-1,0,-1,0,0,1,0
662,0,0,0,1,1,1,0,0,0,-1,1,0,-1,0,0,0,0,0,-1,0,1,0,0,0,0,-1,-1,0,-1,0,-1,0,0,-1,0,1,1,0,0,0,0,0,0,0,-1,0,-1,1,0,0,0,0,0,0,1,-1,0,0,0,0,0,0,1,0
663,1,0,0,0,0,0,0,0,0,0,0,1,0,0,0,0,1,-1,0,0,0,0,0,0,0,0,0,0,0,0,0,0,0,0,-1,0,1,1,0,0,1,0,1,-1,0,0,0,0,-1,0,0,0,-1,0,0,-1,0,0,0,-1,-1,0,0,0
664,0,0,0,-1,0,0,-1,0,0,0,0,0,0,0,0,0,0,0,1,1,0,0,0,0,0,0,0,-1,0,0,0,-1,0,0,1,0,1,0,0,1,1,0,1,1,0,0,0,-1,0,1,0,1,0,1,-1,1,0,0,0,0,-1,0,-1,-1
665,0,0,-1,0,0,-1,0,-1,-1,0,0,1,0,0,0,0,-1,0,0,0,0,1,1,0,1,0,0,0,0,0,0,1,0,0,0,-1,0,0,0,0,-1,0,1,0,0,0,1,0,0,0,0,0,0,0,0,0,0,0,0,0,0,0,0,0
666,1,0,-1,-1,0,0,1,0,0,0,-1,0,1,-1,-1,1,0,0,0,-1,0,0,-1,1,0,0,0,1,0,0,0,0,0,0,0,1,0,0,1,0,0,0,0,0,1,-1,0,0,1,-1,0,0,-1,-1,0,0,0,1,0,0,0,-1,0,-1
667,0,0,0,0,-1,0,0,1,-1,-1,1,0,0,0,-1,0,1,0,0,1,0,-1,1,0,0,0,0,0,0,0,-1,0,0,0,1,0,0,0,-1,0,0,0,0,0,0,-1,1,-1,0,0,0,0,0,-1,-1,0,0,0,0,0,0,1,0,1
668,0,0,0,0,0,1,0,0,1,0,-1,-1,0,0,-1,0,1,0,-1,0,1,-1,0,0,0,0,0,0,0,0,0,1,0,0,1,0,-1,0,0,0,1,1,0,1,0,-1,0,1,0,0,0,0,0,0,1,0,0,-1,0,0,0,0,-1,0
669,1,1,1,-1,-1,0,-1,0,1,-1,-1,0,1,0,0,0,-1,0,0,0,-1,1,1,0,0,0,0,-1,0,0,0,0,0,1,0,0,0,0,0,-1,0,0,-1,1,-1,0,0,0,1,0,0,0,0,0,0,0,-1,-1,0,0,0,0,1,0
670,1,-1,1,0,0,0,0,-1,1,0,0,1,0,-1,-1,0,0,-1,-1,0,-1,0,1,-1,-1,0,1,0,-1,0,1,0,-1,0,1,0,0,0,1,1,0,0,0,1,0,0,-1,1,0,0,0,0,0,-1,1,1,-1,1,0,1,0,1,1,0
671,0,1,-1,-1,0,-1,0,-1,0,-1,0,-1,0,-1,0,-1,-1,0,0,0,1,0,0,0,1,0,0,-1,0,0,0,0,0,0,0,0,0,-1,0,0,0,-1,1,0,0,0,0,-1,0,1,0,0,0,0,0,0,1,0,0,0,0,0,0,0
672,0,1,0,0,-1,0,0,0,0,0,-1,0,-1,0,0,1,0,0,0,0,0,0,0,0,-1,0,0,1,0,1,0,-1,0,0,0,0,0,1,0,0,0,0,0,-1,0,1,-1,0,0,1,0,0,0,0,-1,0,0,0,0,0,0,0,-1,0
673,-1,0,0,0,-1,1,0,0,0,0,0,0,-1,1,0,0,1,1,-1,0,-1,0,1,0,0,-1,0,0,1,0,1,0,-1,0,0,0,0,1,1,0,0,0,0,0,0,1,0,0,0,0,0,-1,0,0,0,1,0,0,1,0,0,-1,-1,0
674,-1,0,0,1,0,0,0,1,0,1,0,-1,-1,0,0,1,0,0,-1,0,0,0,0,-1,0,-1,0,0,0,0,0,0,0,0,0,0,-1,0,0,0,-1,1,0,1,0,0,0,-1,0,0,0,0,0,0,0,-1,0,0,0,-1,0,0,-1,1
675,0,1,1,0,0,0,0,-1,0,0,0,1,0,0,1,0,0,0,0,1,0,1,0,0,-1,-1,1,1,0,1,0,0,0,1,-1,0,1,0,0,0,0,0,0,0,0,1,-1,0,1,0,0,0,0,0,-1,0,0,0,-1,1,0,0,-1,0
676,0,0,0,-1,0,0,0,0,-1,-1,0,0,0,0,0,1,-1,0,1,-1,0,0,0,0,-1,0,-1,1,0,-1,0,0,1,1,0,-1,0,0,1,0,0,0,0,0,0,-1,0,1,0,0,0,0,0,0,0,0,0,-1,0,0,0,0,0,0
677,0,0,1,0,0,0,-1,0,0,1,-1,1,0,0,1,-1,1,0,0,1,1,0,0,0,1,0,-1,0,0,1,0,0,0,0,0,1,0,1,0,1,0,-1,0,0,0,1,0,-1,1,0,0,0,0,1,1,-1,0,0,0,0,0,0,0,1
678,1,0,0,0,0,0,0,0,0,-1,0,-1,0,0,0,0,1,-1,0,0,0,0,-1,1,0,1,-1,0,0,0,0,1,0,0,0,0,0,0,0,1,0,0,1,-1,0,1,1,0,-1,0,0,1,-1,0,0,0,0,1,0,0,-1,0,-1,0
679,1,-1,-1,0,0,0,-1,0,1,0,0,0,0,0,0,0,0,1,0,0,0,0,0,1,0,0,0,0,1,0,0,-1,0,0,-1,0,0,0,-1,0,0,0,-1,0,0,1,0,0,0,0,-1,0,1,0,1,0,0,-1,0,0,0,0,0,-1
680,1,1,0,0,1,-1,1,1,0,0,-1,-1,-1,-1,0,0,0,0,-1,1,1,0,1,0,0,0,0,0,0,0,0,0,0,1,0,-1,0,0,-1,0,-1,1,0,0,0,-1,1,0,0,0,0,0,0,0,-1,0,0,-1,0,0,0,1,1,0
681,-1,0,0,0,1,-1,1,-1,0,-1,0,1,1,0,0,-1,0,1,0,-1,1,0,1,-1,0,0,-1,0,0,0,-1,0,0,0,0,0,0,-1,0,0,0,-1,-1,0,0,0,0,1,0,0,-1,1,0,0,-1,-1,0,0,-1,0,0,0,0,1
682,1,0,0,0,0,0,0,0,-1,1,0,0,0,0,0,0,0,-1,0,0,0,0,0,0,0,0,0,0,0,-1,-1,0,0,1,-1,0,-1,0,1,0,0,0,1,0,-1,0,0,0,0,0,0,0,0,-1,0,-1,0,0,0,0,0,-1,-1,0
683,0,1,0,0,0,0,1,0,1,0,0,0,1,0,0,-1,0,0,0,0,0,1,0,0,-1,1,0,-1,-1,1,-1,0,1,0,0,1,-1,0,0,-1,0,0,0,-1,0,0,-1,0,0,0,-1,0,1,0,1,0,-1,0,0,0,0,0,0,-1
684,0,0,0,0,0,0,0,0,-1,-1,0,0,0,0,1,0,-1,-1,0,-1,1,0,0,0,0,-1,0,0,-1,0,0,0,0,0,1,0,0,-1,0,0,0,0,0,-1,0,0,0,0,0,0,0,0,1,0,-1,1,0,-1,0,-1,-1,0,0,1
685,0,0,0,0,0,0,0,-1,1,1,0,0,-1,0,0,0,-1,0,0,1,0,-1,0,0,0,0,-1,0,0,1,1,1,0,0,0,-1,-1,0,0,0,0,0,0,-1,0,0,0,0,1,1,0,1,0,-1,0,-1,1,0,0,-1,1,0,-1,0
686,0,0,-1,0,0,0,0,-1,1,-1,0,0,1,0,0,-1,0,0,0,0,0,0,-1,0,0,-1,-1,0,0,-1,0,-1,0,0,0,0,-1,1,1,0,-1,0,0,0,-1,-1,0,1,1,0,0,0,0,0,0,-1,0,0,1,-1,-1,0,0,1
687,0,1,-1,0,0,0,0,0,0,0,1,1,0,0,1,0,-1,0,-1,0,0,1,0,0,0,0,1,-1,0,1,1,0,0,1,0,0,1,-1,0,0,0,-1,-1,1,-1,0,0,0,-1,0,0,-1,1,0,0,1,1,0,1,0,0,0,0,0
688,1,-1,0,0,0,0,0,0,-1,-1,0,1,0,1,-1,0,0,0,1,0,-1,0,0,0,0,-1,0,-1,0,-1,0,0,0,0,-1,-1,1,0,0,0,0,-1,0,-1,0,0,0,0,-1,0,0,0,-1,0,0,0,0,0,0,0,0,0,0,-1
689,0,0,0,0,1,0,0,0,1,1,0,-1,1,0,0,0,0,0,1,0,0,0,0,1,-1,-1,0,1,0,0,1,1,0,0,-1,0,-1,1,0,0,0,0,0,1,-1,0,0,0,0,0,0,0,0,0,0,0,-1,0,0,0,0,1,0,0
690,1,0,0,0,0,0,0,-1,0,0,0,0,0,0,0,0,0,0,0,0,0,0,0,0,0,0,0,0,-1,-1,0,0,1,0,0,-1,0,-1,-1,-1,1,0,0,0,-1,0,0,-1,-1,0,0,1,-1,0,0,0,0,0,0,-1,-1,0,0,0
691,0,0,0,0,0,1,0,-1,0,0,0,0,0,0,0,0,0,0,0,0,1,0,0,0,-1,0,0,0,0,-1,1,0,-1,0,0,0,0,-1,0,1,0,0,0,0,0,0,0,1,0,0,0,0,0,0,0,0,1,0,0,0,0,0,0,0
692,0,0,0,1,-1,0,0,1,0,-1,0,0,-1,0,0,0,0,0,-1,1,0,0,0,0,0,0,0,1,0,1,0,1,0,0,0,-1,1,0,0,0,0,0,0,0,1,0,0,0,0,0,0,0,0,1,1,0,-1,0,1,1,-1,0,0,0
693,-1,-1,0,1,0,-1,0,0,0,0,0,0,0,0,0,0,0,0,0,-1,0,1,1,-1,0,0,1,1,1,-1,1,0,-1,0,0,0,0,-1,0,0,0,1,0,0,0,0,1,0,-1,-1,0,0,0,-1,-1,1,1,1,0,0,0,0,0,0
694,1,0,0,1,0,1,0,-1,0,-1,0,1,0,0,1,0,0,0,1,-1,0,0,0,0,-1,0,0,0,0,0,0,0,0,0,1,0,0,-1,0,0,-1,0,0,0,0,0,0,0,0,0,-1,0,0,1,0,0,0,0,0,-1,1,0,0,0
695,0,0,1,0,0,0,0,0,0,0,0,0,0,1,0,0,-1,-1,0,0,0,0,0,0,-1,0,0,0,0,0,1,0,0,1,1,0,-1,0,1,0,0,0,0,0,0,1,0,0,0,-1,0,0,0,-1,0,0,0,0,0,-1,1,0,0,0
696,0,0,0,0,0,-1,1,0,0,-1,0,0,-1,-1,0,0,1,0,-1,1,0,0,1,1,0,0,1,1,1,0,0,0,0,0,1,0,0,-1,0,0,-1,-1,-1,1,0,0,0,0,-1,0,0,0,0,-1,1,1,1,0,0,1,0,0,1,0
697,0,0,0,0,0,0,0,0,0,0,1,0,-1,0,-1,0,0,-1,0,-1,1,0,1,0,0,1,0,0,0,0,0,-1,-1,0,0,0,0,0,0,0,0,1,1,0,0,0,1,0,0,0,-1,0,0,-1,-1,0,-1,1,-1,0,-1,-1,0,0
698,0,-1,0,-1,0,0,0,0,0,0,0,0,0,0,1,0,0,1,1,-1,-1,-1,1,0,0,1,0,0,0,0,-1,0,-1,0,0,0,0,0,1,0,-1,0,0,0,0,0,0,0,0,-1,1,0,0,0,0,1,-1,0,0,0,0,0,0,0
699,0,-1,0,-1,0,0,0,0,1,0,1,-1,0,-1,1,1,0,0,-1,-1,0,0,1,0,0,0,0,0,1,0,0,0,0,0,0,1,0,0,0,1,0,0,0,1,0,0,0,0,0,0,0,-1,1,0,0,0,0,0,0,0,-1,1,0,0
700,1,0,0,0,0,0,1,0,-1,0,0,0,0,0,0,0,0,-1,0,1,0,-1,0,0,-1,-1,-1,0,-1,-1,0,1,-1,-1,0,-1,0,-1,0,-1,0,0,-1,1,0,0,0,-1,0,1,0,0,0,0,0,-1,0,0,-1,0,0,0,0,0
701,0,0,0,1,0,0,1,0,0,0,-1,0,-1,1,0,-1,-1,0,0,0,0,1,0,0,0,0,0,0,-1,-1,0,-1,-1,-1,0,1,0,-1,1,0,1,1,1,0,0,0,0,0,0,1,-1,0,0,-1,0,0,0,0,0,0,0,0,0,1
702,-1,1,0,0,0,0,0,0,0,-1,0,1,0,0,0,0,0,0,-1,1,0,0,1,0,-1,-1,0,-1,0,0,-1,0,0,-1,0,1,0,0,0,0,0,0,0,-1,1,0,0,0,0,0,0,0,1,1,1,0,1,0,1,0,0,0,0,0
703,0,0,-1,0,0,0,1,1,1,1,1,-1,0,0,0,0,0,0,0,0,-1,0,0,0,0,0,0,0,0,1,0,1,-1,0,0,0,-1,0,0,1,-1,0,1,0,0,0,-1,0,0,1,-1,0,0,0,-1,1,0,1,-1,0,0,0,0,1
704,0,0,-1,0,1,-1,0,-1,1,0,0,0,1,0,0,0,0,0,0,1,0,0,0,0,0,-1,0,0,-1,0,0,1,0,0,1,0,0,1,1,-1,0,0,0,-1,1,1,-1,0,-1,0,-1,0,-1,0,0,0,1,0,0,-1,0,1,1,0
705,0,1,0,0,0,0,0,0,1,0,-1,0,0,-1,0,-1,-1,0,0,0,0,-1,1,0,1,0,0,0,0,0,0,0,-1,-1,0,0,0,0,0,0,-1,0,0,0,0,0,1,0,0,1,0,0,0,0,0,1,0,0,0,0,0,0,0,0
706,0,1,0,0,0,0,1,1,0,1,0,0,0,-1,0,1,0,0,0,1,0,0,0,0,0,1,0,1,-1,1,0,1,0,-1,0,0,1,0,0,0,0,0,1,-1,0,0,0,0,0,0,0,-1,0,0,0,-1,0,0,0,0,-1,1,0,0
707,0,-1,-1,0,0,0,-1,0,0,0,0,0,1,1,-1,0,0,0,0,0,1,0,0,-1,0,1,-1,0,0,1,0,0,0,0,0,1,0,1,0,0,1,0,0,0,0,0,0,-1,-1,0,0,1,-1,-1,0,0,0,1,0,1,0,-1,0,-1
708,0,0,0,0,0,1,0,-1,1,1,0,0,1,0,-1,0,0,1,0,-1,0,0,0,0,0,0,0,0,1,-1,0,0,1,0,0,-1,0,1,1,0,0,1,1,0,1,1,0,0,0,-1,0,0,0,0,1,-1,0,0,0,-1,0,0,1,0
709,0,1,-1,1,1,0,1,0,0,0,1,0,1,1,0,0,1,-1,1,-1,-1,0,0,0,0,0,0,0,0,-1,0,1,0,0,0,0,0,0,0,0,0,0,-1,0,0,1,0,-1,0,0,0,-1,0,0,-1,0,0,0,0,0,0,0,1,0
710,0,1,1,1,0,0,1,-1,0,0,-1,0,1,0,0,0,-1,0,0,0,1,0,-1,0,0,0,1,1,0,0,1,0,1,0,0,0,1,0,0,-1,-1,0,1,-1,0,-1,1,0,1,0,1,0,-1,1,0,0,0,-1,0,0,0,0,0,0
711,0,-1,0,-1,0,0,0,0,-1,1,-1,0,-1,0,0,0,0,0,0,0,1,0,0,0,0,1,0,0,0,0,0,0,0,-1,-1,0,-1,0,1,0,0,-1,1,0,-1,-1,1,0,1,0,0,0,0,0,-1,0,0,1,0,0,0,0,-1,0
712,0,0,-1,0,0,1,1,0,0,0,0,-1,0,0,1,0,1,0,0,0,0,1,1,1,0,0,0,0,0,-1,1,0,-1,0,1,0,-1,-1,0,0,1,1,0,-1,0,1,0,0,0,1,0,-1,-1,0,0,0,0,1,0,0,0,1,0,0
713,-1,0,1,1,0,0,1,0,0,1,0,0,-1,1,-1,-1,0,1,0,-1,-1,0,0,0,1,0,1,0,0,0,0,0,0,0,0,0,0,0,0,0,0,0,0,-1,0,0,1,1,0,0,0,0,0,0,0,-1,0,-1,-1,-1,0,1,0,0
714,0,1,0,1,0,1,-1,1,-1,0,0,0,0,0,0,-1,-1,0,0,0,0,0,0,-1,0,-1,0,1,0,0,-1,0,0,1,1,0,-1,0,1,0,0,1,-1,0,-1,1,1,0,0,0,0,0,1,-1,0,-1,-1,0,0,0,0,0,0,0
715,-1,1,1,0,-1,1,0,0,1,1,0,-1,1,0,0,0,0,0,0,0,0,1,0,0,0,0,-1,0,1,0,1,1,0,0,0,1,1,0,0,0,0,-1,0,0,0,0,-1,0,0,-1,0,0,1,-1,0,-1,-1,-1,1,1,1,0,1,1
716,0,0,0,1,0,0,1,1,0,-1,0,0,0,-1,0,0,0,1,-1,0,1,-1,0,0,0,0,1,0,0,0,1,0,0,1,-1,0,0,0,0,0,0,0,0,0,0,0,0,-1,0,0,0,0,1,0,-1,0,0,0,0,-1,-1,0,0,1
717,1,-1,0,0,0,0,0,0,0,0,0,-1,0,0,1,0,1,-1,0,0,0,0,-1,-1,0,1,0,0,0,1,1,0,0,0,0,0,0,-1,0,0,0,1,-1,1,0,1,0,1,1,0,0,0,0,0,0,0,-1,0,0,0,0,1,0,-1
718,0,-1,0,0,0,0,1,0,1,0,0,0,0,0,0,0,0,0,-1,1,1,0,-1,0,-1,0,0,0,0,-1,0,0,0,0,0,0,0,0,0,-1,0,1,0,1,-1,1,0,0,0,1,0,0,0,0,-1,0,1,1,1,0,0,0,0,0
719,0,1,1,0,0,0,0,0,0,0,0,0,0,-1,0,1,0,-1,0,-1,0,0,0,0,1,-1,0,0,1,1,0,1,-1,-1,0,1,0,0,-1,0,0,0,0,-1,-1,1,0,-1,-1,1,0,0,0,0,0,-1,1,1,0,1,0,0,1,0
720,0,0,1,0,0,0,0,0,0,-1,0,0,0,1,0,0,0,-1,0,0,1,0,-1,0,0,0,0,0,0,0,0,1,-1,0,0,0,0,0,0,0,0,0,1,0,1,-1,0,0,0,-1,0,-1,-1,0,0,0,1,0,-1,0,-1,-1,0,0
721,0,0,-1,1,0,0,0,0,1,0,1,0,0,1,-1,0,1,0,0,1,0,0,-1,0,0,-1,0,0,1,1,0,0,-1,0,-1,0,0,0,-1,1,0,-1,0,-1,0,0,0,1,0,0,0,0,1,0,-1,-1,0,0,0,1,0,1,-1,0
722,0,1,-1,1,-1,0,0,0,0,-1,-1,0,0,1,-1,0,0,0,0,0,-1,0,1,-1,-1,0,0,0,0,1,0,1,0,-1,0,-1,-1,0,0,0,0,1,1,0,0,0,0,0,0,0,1,-1,0,0,0,1,0,-1,0,0,0,0,0,0
723,0,-1,0,0,0,0,0,1,-1,1,0,0,-1,0,1,0,0,1,1,0,1,0,0,1,0,1,-1,0,-1,0,0,0,0,1,1,0,0,1,0,0,0,0,0,0,0,0,0,0,0,0,0,0,0,0,0,0,1,0,0,1,1,0,0,0
724,1,-1,0,0,0,1,0,0,0,0,1,0,0,0,-1,-1,0,-1,0,1,0,0,0,0,0,0,0,0,0,0,0,0,0,1,0,0,0,0,0,-1,-1,0,0,0,1,1,-1,0,0,-1,0,1,0,1,0,0,-1,0,0,0,1,1,0,0
725,0,0,0,0,0,-1,1,0,0,-1,0,0,0,0,0,0,1,0,0,0,1,0,1,1,-1,-1,0,0,-1,-1,1,1,1,0,0,0,1,1,0,0,-1,0,0,0,0,0,0,0,-1,0,0,0,0,0,1,0,1,0,1,0,0,0,0,0
726,1,0,1,-1,1,1,0,0,0,-1,-1,0,0,-1,0,1,0,0,0,-1,-1,0,-1,1,0,0,0,0,-1,-1,-1,0,0,0,0,0,0,0,0,1,0,0,1,1,0,0,0,1,0,0,0,1,0,-1,-1,1,-1,0,0,1,-1,0,-1,1
727,0,0,0,-1,0,0,-1,-1,0,0,0,1,0,1,0,0,1,0,0,1,0,0,1,0,1,-1,0,1,0,0,0,-1,0,0,0,0,0,0,0,0,-1,0,0,0,0,0,0,0,1,0,0,0,-1,1,0,1,0,1,0,-1,0,0,0,0
728,0,-1,0,1,0,0,0,0,1,0,0,0,0,0,0,0,0,0,0,1,1,0,1,0,0,0,0,0,1,0,0,-1,0,1,0,0,0,1,0,1,0,1,0,0,0,0,0,0,-1,0,0,0,0,0,1,0,-1,0,0,0,1,0,1,0
729,1,0,0,1,-1,1,-1,0,-1,0,0,0,0,1,1,1,0,0,0,0,0,-1,0,-1,0,0,0,0,0,0,0,-1,-1,0,-1,0,0,0,0,0,-1,0,-1,0,0,-1,1,0,0,0,0,0,0,-1,-1,-1,0,0,0,0,0,0,0,0
730,0,0,0,1,0,0,0,0,0,0,0,1,0,0,0,0,0,1,0,1,0,1,-1,1,0,0,0,0,-1,1,0,0,0,0,0,0,1,1,-1,1,0,1,-1,0,0,0,0,1,1,1,-1,1,1,0,-1,1,1,0,0,1,1,0,1,0
731,-1,-1,0,0,-1,0,-1,-1,1,-1,0,0,0,0,1,0,1,-1,-1,0,0,0,0,0,0,1,0,0,0,0,-1,0,-1,0,0,0,0,0,0,0,1,1,0,-1,0,0,0,0,0,-1,0,0,0,0,0,0,0,0,-1,0,0,0,0,1
732,-1,0,-1,0,-1,-1,1,0,0,0,1,0,0,0,1,0,0,-1,-1,0,1,1,-1,-1,0,-1,0,0,0,0,0,0,0,-1,1,0,0,0,-1,-1,0,0,-1,0,-1,0,0,-1,0,0,0,0,0,0,0,0,-1,-1,1,0,0,0,0,0
733,0,-1,0,0,0,0,0,0,1,0,0,0,1,-1,0,0,0,0,1,-1,0,0,0,0,0,0,0,1,0,-1,1,1,1,-1,0,0,0,0,0,0,0,0,0,0,0,1,-1,1,-1,0,0,1,0,0,0,0,1,-1,-1,-1,-1,0,0,1
734,0,0,0,0,0,1,1,0,-1,0,0,0,-1,1,-1,1,0,-1,0,0,0,0,1,0,0,0,0,1,-1,0,0,-1,-1,1,1,1,0,0,0,0,0,-1,0,0,0,0,0,1,1,0,0,0,-1,0,1,0,0,-1,-1,0,-1,0,0,0
735,0,1,1,0,0,0,0,0,-1,0,0,0,0,-1,0,-1,1,0,1,0,1,-1,1,0,1,0,0,0,0,0,0,1,1,1,1,0,1,0,0,0,1,0,0,0,0,0,0,0,0,-1,0,0,1,-1,-1,-1,0,0,0,1,-1,0,0,1
736,0,0,0,0,0,-1,1,1,0,1,1,1,0,-1,0,0,0,-1,-1,0,0,0,0,0,0,1,1,0,0,-1,0,1,0,-1,1,1,-1,0,-1,0,-1,1,1,0,0,1,0,0,0,0,1,0,-1,1,0,0,0,0,0,1,0,-1,0,1
737,-1,0,0,1,0,1,0,-1,0,0,-1,0,0,-1,0,1,0,0,-1,1,0,1,1,0,0,0,0,1,0,0,0,0,0,0,0,0,0,0,0,1,-1,0,0,-1,0,-1,-1,0,0,-1,1,0,-1,0,0,0,1,0,0,0,-1,0,0,-1
738,0,1,0,0,0,0,0,1,0,1,0,0,0,-1,0,0,1,0,-1,1,0,0,0,0,-1,0,0,0,0,0,0,0,-1,0,0,-1,0,0,0,1,1,0,1,0,0,0,0,0,1,0,0,0,0,0,-1,0,-1,1,0,0,0,0,0,0
739,0,1,0,0,0,0,0,0,0,-1,0,0,0,0,-1,-1,0,0,-1,1,1,0,0,0,1,0,0,1,-1,0,-1,0,0,0,0,0,1,0,0,0,0,1,1,0,-1,0,0,1,0,0,1,0,0,0,0,0,0,0,1,0,0,0,0,0
740,1,0,0,0,0,1,0,0,-1,0,0,1,0,0,0,0,-1,0,0,0,0,0,-1,-1,0,0,0,0,1,0,0,0,0,0,0,1,-1,1,1,0,0,-1,0,-1,0,0,0,1,0,0,1,1,-1,0,1,1,0,1,0,0,0,0,0,0
741,-1,0,1,0,0,-1,-1,0,0,1,0,1,-1,0,1,0,0,0,0,0,0,0,1,0,-1,0,-1,-1,0,-1,0,0,0,0,1,-1,0,0,0,0,0,-1,-1,0,0,0,0,0,-1,0,0,0,1,0,0,0,0,1,1,0,1,0,1,0
742,0,1,0,0,1,0,0,0,0,0,0,-1,-1,0,0,-1,-1,-1,0,0,0,1,1,0,0,0,1,0,0,0,1,0,0,-1,0,0,0,0,-1,-1,0,-1,1,0,0,0,1,0,0,0,0,0,0,-1,0,-1,-1,-1,0,0,0,0,0,-1
743,-1,-1,-1,1,0,1,0,1,0,1,0,0,0,0,-1,1,1,1,0,0,0,0,0,0,0,0,0,0,1,-1,-1,0,-1,0,0,0,0,0,1,-1,1,0,0,0,1,0,0,0,0,0,0,-1,0,0,0,-1,-1,1,-1,1,0,0,-1,0
744,-1,1,0,-1,1,0,-1,0,0,-1,1,-1,0,0,1,0,0,0,0,0,0,1,1,0,1,-1,-1,-1,0,0,1,-1,0,1,0,0,0,0,0,0,0,0,0,-1,0,-1,0,1,0,1,-1,-1,0,0,0,0,1,-1,-1,1,0,0,0,0
745,0,-1,0,0,0,0,0,-1,0,0,0,0,0,1,0,0,0,0,1,-1,0,0,0,0,0,-1,-1,-1,-1,-1,0,0,1,0,0,0,0,1,1,0,1,0,0,0,0,0,0,0,0,-1,0,0,-1,1,-1,0,-1,0,-1,0,0,0,0,0
746,0,0,0,0,1,0,0,0,0,0,1,0,0,0,-1,0,0,0,0,1,0,-1,1,1,0,0,0,-1,0,-1,0,-1,1,-1,-1,0,1,0,0,0,-1,-1,0,0,0,1,-1,0,0,-1,0,-1,-1,-1,-1,0,-1,0,1,1,0,0,1,-1
747,1,0,1,0,0,1,0,-1,0,0,0,-1,0,-1,0,0,0,0,0,0,0,0,0,0,-1,0,0,0,0,-1,0,0,1,0,0,0,-1,0,-1,1,0,-1,0,0,-1,0,0,-1,0,1,0,0,0,-1,0,0,1,1,-1,-1,-1,1,1,0
748,0,0,1,0,-1,0,0,0,0,1,0,-1,0,0,0,-1,1,-1,1,0,1,0,0,0,0,-1,0,0,0,0,0,0,-1,0,0,0,-1,0,0,1,0,-1,0,-1,1,0,1,-1,-1,0,0,1,0,0,0,-1,0,0,0,1,0,-1,0,0
749,-1,0,0,0,0,0,0,1,0,1,0,0,0,0,1,0,0,-1,0,-1,1,0,0,0,1,-1,1,0,-1,1,0,0,0,0,1,0,-1,0,0,0,1,0,0,0,0,-1,1,0,0,0,0,0,0,0,0,0,0,-1,0,-1,0,0,-1,0
750,1,0,0,0,1,0,0,0,0,0,0,0,1,0,0,0,0,0,-1,0,0,-1,1,-1,0,1,0,1,1,0,0,0,0,0,0,0,0,0,1,0,0,0,0,0,0,1,0,0,0,-1,0,0,0,0,0,1,0,1,0,0,0,-1,0,0
751,0,0,1,1,1,0,0,1,0,0,0,0,0,0,0,0,0,0,0,0,0,1,0,0,-1,1,0,0,0,0,1,0,-1,0,0,0,1,0,0,1,-1,1,0,0,0,0,0,0,0,0,0,0,0,0,0,0,1,0,1,1,0,0,-1,0
752,1,0,0,0,0,0,1,0,0,0,-1,0,1,0,1,0,1,-1,0,1,1,0,0,-1,0,-1,1,0,1,0,0,0,0,0,-1,0,0,-1,0,0,0,-1,0,-1,0,1,0,0,0,0,0,1,0,0,-1,0,1,1,0,1,0,0,1,0
753,-1,-1,1,0,0,0,1,1,0,0,0,0,0,1,0,-1,0,0,0,0,0,0,0,0,1,-1,0,0,1,0,1,0,0,0,0,0,-1,0,0,-1,0,-1,0,1,0,0,0,1,0,1,0,0,1,1,0,0,1,1,-1,0,0,1,0,0
754,0,0,-1,-1,1,-1,0,0,0,-1,-1,0,0,0,1,-1,0,-1,-1,1,0,1,-1,-1,0,0,-1,1,0,-1,0,0,0,0,-1,-1,0,0,1,-1,0,1,0,0,0,1,0,0,1,1,0,0,1,0,0,0,-1,1,0,0,0,0,-1,0
755,0,0,0,0,0,-1,0,0,0,0,0,0,0,-1,0,1,0,0,0,0,0,-1,-1,1,0,0,1,0,0,0,0,0,0,0,0,0,-1,0,1,-1,-1,0,0,0,-1,0,0,0,1,0,-1,1,1,0,0,-1,-1,0,0,0,1,0,0,0
756,0,0,0,0,0,1,0,-1,-1,0,0,0,-1,1,1,0,0,0,1,0,0,0,0,1,1,0,0,-1,0,1,-1,-1,0,0,0,0,0,0,0,0,0,-1,-1,1,1,0,1,0,0,0,0,1,0,1,0,0,0,1,1,0,0,0,0,0
757,-1,0,0,1,0,0,1,0,0,0,0,0,1,0,0,0,0,0,-1,1,0,0,0,0,0,0,0,0,0,0,0,0,0,-1,0,0,0,1,-1,0,0,0,0,0,0,0,0,0,1,1,0,-1,0,0,0,0,1,1,0,0,0,0,0,0
758,0,1,0,1,0,0,0,0,1,0,0,-1,0,0,0,-1,0,0,-1,0,0,0,0,-1,0,1,1,0,0,1,1,0,1,0,0,0,0,0,-1,-1,0,-1,0,-1,-1,0,0,0,0,1,-1,0,0,0,0,0,0,0,0,0,0,0,1,0
759,0,0,1,0,-1,0,-1,0,0,-1,-1,-1,0,0,0,1,0,0,1,1,0,1,-1,0,-1,0,-1,0,0,1,1,0,-1,-1,0,0,0,-1,0,-1,0,0,0,0,-1,0,0,0,1,0,0,-1,1,0,0,1,-1,0,1,0,0,0,1,0
760,0,0,0,0,0,0,0,0,0,0,-1,0,1,0,0,0,0,0,-1,-1,-1,0,0,1,0,0,1,0,1,0,1,0,0,-1,-1,-1,0,0,0,0,0,1,1,0,-1,0,0,1,0,0,1,0,0,0,-1,0,0,0,0,0,0,0,0,-1
761,0,0,0,0,0,0,-1,0,0,-1,0,0,1,-1,0,-1,0,0,0,0,0,-1,0,0,1,0,0,0,0,0,0,0,0,0,0,0,-1,0,-1,1,1,0,-1,0,0,1,0,0,1,-1,1,-1,1,0,-1,0,0,0,-1,-1,-1,0,0,1
762,0,0,1,0,0,0,0,-1,-1,1,1,0,0,1,-1,0,0,-1,-1,-1,-1,0,0,1,1,1,0,0,0,0,0,0,0,1,0,0,0,0,0,0,0,0,0,1,1,0,0,0,1,0,0,-1,-1,0,0,1,0,1,0,-1,0,0,0,0
763,1,-1,0,0,0,-1,0,0,0,0,0,0,0,0,0,0,0,0,0,1,0,-1,-1,1,0,1,0,-1,-1,0,0,1,0,0,1,1,0,0,0,-1,0,0,0,-1,0,-1,-1,0,0,0,0,0,-1,-1,0,0,0,0,1,0,-1,0,0,0
764,0,0,0,0,-1,0,0,0,0,0,-1,0,0,0,1,-1,-1,0,-1,0,0,0,-1,0,0,0,0,0,0,0,-1,0,0,0,0,0,0,0,0,0,-1,-1,1,0,0,-1,0,0,-1,1,0,-1,1,0,-1,0,0,1,1,0,-1,0,0,0
765,0,0,0,0,0,1,1,0,0,0,1,0,0,1,0,0,-1,0,0,0,0,1,0,0,0,0,1,0,1,0,-1,-1,1,0,-1,1,0,0,0,0,0,1,0,0,-1,0,0,0,0,-1,0,1,-1,0,0,0,-1,0,0,1,0,-1,0,0
766,1,0,0,-1,0,0,0,0,-1,0,0,1,0,1,-1,1,-1,0,1,1,1,0,0,0,0,0,0,-1,-1,0,0,0,0,-1,0,0,-1,0,-1,0,1,0,0,0,0,0,0,1,-1,1,0,1,1,0,1,0,1,0,-1,-1,-1,1,-1,0
767,0,0,0,1,-1,0,0,0,0,-1,1,-1,0,0,0,0,0,1,0,0,-1,0,1,0,1,-1,0,0,0,0,1,1,0,0,-1,-1,0,0,-1,-1,0,0,-1,0,0,0,-1,1,0,0,1,0,0,0,1,-1,0,1,0,0,0,0,0,-1
768,0,-1,-1,0,0,0,0,0,0,-1,0,0,1,-1,1,0,0,-1,-1,0,1,1,0,0,0,0,-1,-1,0,0,1,0,0,1,0,0,1,-1,0,-1,-1,0,0,0,0,0,-1,1,0,1,0,0,1,0,0,0,-1,-1,0,0,0,-1,0,0
769,-1,1,0,0,1,1,-1,1,0,0,0,0,0,-1,0,0,0,0,0,0,-1,0,0,0,1,0,0,0,0,0,0,-1,0,1,1,-1,0,0,-1,0,0,-1,0,0,1,0,0,-1,0,0,0,-1,0,1,0,0,0,0,0,1,0,0,0,0
770,0,0,0,0,0,0,0,1,0,0,0,0,0,0,0,0,0,-1,0,1,-1,0,-1,0,-1,0,-1,0,0,0,0,0,0,0,-1,0,0,0,0,0,0,1,-1,0,0,0,0,1,0,0,0,0,1,-1,0,1,-1,1,-1,-1,0,-1,0,1
771,1,0,0,0,0,0,0,0,0,1,0,0,-1,0,0,-1,1,0,-1,0,1,1,0,0,1,-1,0,0,0,0,-1,0,0,1,0,1,0,0,-1,0,0,0,1,1,0,0,0,0,0,0,0,-1,0,0,1,0,0,0,-1,0,1,0,0,0
772,1,0,0,0,-1,0,0,0,1,0,0,0,1,1,0,-1,0,1,0,0,0,0,0,-1,0,0,1,-1,0,0,0,1,0,0,0,0,1,0,0,0,0,0,-1,-1,0,0,0,0,0,0,0,0,1,0,0,0,0,0,1,1,0,0,0,1
773,1,1,1,1,0,0,0,0,1,0,0,1,1,-1,0,-1,1,1,0,-1,0,0,1,0,1,0,1,1,1,0,0,-1,0,0,0,0,1,1,0,0,-1,0,-1,0,-1,0,0,1,0,-1,-1,-1,1,0,1,0,0,1,0,0,0,0,0,0
774,0,0,0,0,0,-1,0,-1,0,-1,0,0,1,0,0,0,1,1,0,1,0,0,0,0,0,0,0,-1,0,1,0,0,0,0,-1,0,0,0,0,0,0,1,1,-1,1,0,-1,-1,0,0,0,-1,0,0,0,0,0,-1,0,0,0,0,0,0
775,0,0,0,1,0,0,0,0,0,0,0,0,0,0,1,1,1,0,0,1,-1,-1,-1,1,0,0,0,0,1,-1,0,0,0,-1,0,0,1,0,0,1,0,0,0,0,-1,0,-1,0,0,0,0,0,0,-1,0,1,1,0,-1,0,1,-1,0,0
776,0,-1,0,1,0,0,0,0,0,0,0,0,1,0,0,-1,1,0,0,-1,0,0,0,0,0,0,0,-1,-1,0,0,-1,0,1,-1,-1,0,-1,0,0,0,1,0,0,1,0,-1,0,0,1,0,0,0,0,0,-1,0,0,0,0,0,0,0,-1
777,0,0,0,0,0,-1,-1,0,1,0,0,-1,0,0,-1,-1,1,1,-1,1,0,0,-1,0,-1,0,0,0,0,1,0,-1,1,0,0,-1,0,1,-1,1,0,0,0,0,0,0,0,1,1,0,0,-1,0,-1,0,0,1,0,0,0,0,-1,0,-1
778,0,0,0,0,1,-1,0,0,0,0,0,0,0,1,0,-1,0,-1,0,1,-1,1,0,0,1,0,0,1,0,0,0,0,0,-1,0,1,0,0,-1,-1,-1,1,0,0,0,-1,0,1,0,1,0,0,1,0,0,0,0,1,0,0,0,0,0,0
779,-1,0,0,-1,0,0,1,0,0,1,0,0,-1,0,0,-1,0,0,0,-1,0,-1,0,0,0,0,0,-1,0,-1,0,-1,0,0,0,-1,0,0,0,0,0,-1,1,0,0,0,0,0,1,1,0,0,0,0,0,0,-1,-1,0,0,-1,0,0,0
780,1,0,1,-1,-1,1,0,0,0,1,0,-1,1,1,0,0,0,0,0,0,0,1,1,0,0,0,-1,0,0,0,0,0,0,0,0,0,0,-1,0,1,0,-1,-1,1,0,0,-1,-1,1,0,0,-1,0,0,0,1,0,0,-1,0,0,0,0,0
781,-1,0,-1,0,0,0,0,0,0,0,1,0,1,0,0,0,0,0,-1,0,-1,0,1,0,0,0,0,0,0,0,0,0,0,1,0,0,-1,0,0,0,1,-1,0,0,0,-1,-1,0,0,0,-1,0,0,-1,0,0,0,-1,0,-1,1,0,0,-1
782,0,0,0,0,0,0,-1,0,-1,0,0,0,1,0,0,0,-1,0,0,-1,1,0,0,0,0,0,1,0,0,0,0,0,0,1,0,-1,0,1,0,0,0,0,0,0,0,-1,0,0,0,0,0,0,0,0,-1,0,-1,-1,0,0,0,0,0,0
783,-1,0,0,0,0,0,0,1,0,0,1,0,1,0,0,1,-1,0,0,0,0,0,0,1,-1,0,0,0,0,0,1,1,1,0,0,0,-1,0,0,1,-1,-1,0,0,0,0,-1,0,-1,1,0,1,-1,0,0,1,0,0,1,-1,0,0,-1,0
784,1,0,0,0,-1,0,0,-1,1,1,0,0,0,0,1,1,1,1,0,0,1,-1,0,0,-1,0,-1,0,0,-1,0,-1,0,0,-1,0,0,0,0,0,-1,0,0,0,0,0,0,-1,0,1,0,-1,0,1,0,-1,1,0,-1,0,1,0,0,0
785,-1,0,0,0,1,0,0,0,1,0,0,0,0,0,0,0,0,0,-1,0,0,0,1,1,-1,0,0,0,0,0,0,0,1,0,0,0,0,0,1,-1,-1,-1,1,0,-1,-1,0,0,0,1,-1,1,0,0,0,0,0,1,1,0,1,-1,1,0
786,1,0,0,0,0,0,0,0,0,-1,0,0,1,1,1,0,0,0,1,0,0,0,0,0,0,0,-1,0,0,1,0,0,0,0,0,0,-1,0,0,1,1,1,0,0,1,0,-1,0,0,1,-1,0,0,0,0,0,0,0,-1,1,-1,0,1,0
787,0,-1,1,0,0,-1,-1,0,0,0,0,0,0,0,0,1,0,0,0,0,0,0,0,0,0,-1,-1,0,-1,0,1,1,-1,-1,0,0,-1,0,1,-1,0,0,-1,-1,0,0,1,1,0,1,0,0,1,0,0,1,1,0,0,-1,-1,0,0,1
788,0,-1,1,0,0,0,1,0,-1,1,1,0,0,0,1,0,0,0,1,0,-1,0,1,0,0,0,0,0,1,0,0,1,0,-1,0,0,1,0,-1,1,-1,1,-1,0,0,0,1,0,0,1,0,0,0,0,0,0,0,-1,0,0,0,0,0,0
789,0,-1,0,-1,0,0,0,0,0,0,-1,1,0,0,0,-1,0,1,0,-1,-1,0,1,1,0,0,0,0,1,1,0,0,0,0,0,0,0,0,0,1,0,-1,0,-1,0,0,0,1,-1,0,-1,1,0,0,0,0,0,0,0,0,0,-1,-1,0
790,0,1,0,0,0,0,0,-1,-1,0,1,0,0,1,0,0,1,0,0,0,0,-1,0,0,-1,-1,0,0,0,1,0,0,1,0,0,0,0,0,0,0,0,0,0,0,1,0,0,0,0,0,0,0,0,-1,0,1,0,0,0,-1,-1,-1,1,0
791,0,0,1,0,1,0,0,0,0,0,-1,-1,0,1,0,-1,0,1,0,0,0,0,0,-1,0,0,0,1,0,-1,1,0,0,0,-1,0,-1,1,0,0,1,0,0,0,1,-1,0,0,0,0,0,0,1,1,0,0,0,0,1,0,0,0,0,0
792,0,0,0,0,-1,1,0,0,0,0,0,0,0,1,0,0,1,0,1,0,0,1,1,0,0,0,-1,1,0,0,0,0,0,-1,-1,-1,0,0,0,0,0,0,0,0,0,0,-1,0,0,0,-1,-1,0,0,0,0,0,0,1,0,0,0,0,0
793,0,0,0,0,-1,0,-1,0,1,0,0,0,-1,0,0,0,0,0,0,-1,0,1,1,-1,0,0,0,0,0,-1,1,0,0,1,0,0,1,1,1,0,0,0,-1,0,0,0,1,1,0,0,0,0,0,-1,-1,-1,1,0,0,0,0,-1,0,0
794,0,0,-1,0,1,0,1,0,0,0,-1,-1,1,0,0,0,-1,0,0,1,-1,0,0,0,0,0,0,0,0,0,0,0,0,0,1,0,1,0,0,0,0,0,0,0,0,0,0,0,0,-1,0,0,1,0,0,0,1,0,1,-1,0,-1,0,0
795,1,-1,0,0,-1,0,0,-1,1,-1,0,-1,0,-1,1,0,0,0,-1,0,0,-1,-1,0,-1,0,0,0,0,0,0,0,0,-1,1,0,0,1,0,0,-1,0,1,0,-1,0,1,0,0,0,-1,0,0,1,0,0,0,0,0,0,0,0,1,-1
796,1,1,0,1,0,0,0,-1,1,0,0,-1,-1,1,0,0,0,1,0,-1,0,0,0,0,0,1,0,0,-1,0,1,-1,0,-1,0,0,0,1,0,0,0,-1,-1,1,-1,0,-1,1,-1,0,1,1,-1,1,-1,0,1,-1,-1,-1,0,0,0,0
797,1,0,-1,0,0,0,0,0,0,0,-1,0,0,1,0,0,1,1,0,0,0,0,0,0,1,0,-1,0,0,1,-1,0,0,1,1,0,0,0,1,0,0,0,-1,0,1,-1,0,-1,0,0,0,0,0,0,0,1,0,1,0,0,0,0,0,0
798,-1,-1,-1,0,-1,0,0,0,0,0,-1,0,0,1,-1,0,-1,0,0,0,0,0,-1,1,0,1,0,-1,0,0,0,0,0,0,0,0,0,0,0,0,1,0,0,0,0,-1,1,0,0,1,0,0,0,-1,1,0,1,-1,0,0,0,-1,-1,0
799,1,0,0,-1,1,0,-1,1,1,1,-1,1,0,0,0,0,0,0,1,-1,0,0,0,-1,1,0,-1,0,0,0,0,0,0,0,-1,-1,0,0,0,0,0,1,0,0,0,-1,-1,1,0,-1,0,-1,0,0,0,-1,0,0,0,0,0,-1,0,1
800,0,0,1,0,-1,0,0,0,0,-1,-1,0,0,1,0,-1,0,0,0,0,0,0,-1,-1,1,0,0,0,0,1,0,-1,0,1,0,-1,0,-1,0,-1,-1,1,0,1,-1,0,0,-1,1,0,0,0,-1,0,0,0,0,-1,0,0,0,0,1,0
801,0,0,1,0,0,0,-1,-1,0,0,0,0,0,0,0,0,0,0,-1,0,-1,0,0,1,0,0,0,0,-1,0,1,0,0,0,1,0,1,-1,0,1,0,-1,0,-1,0,-1,0,0,0,0,0,-1,0,0,0,0,0,-1,0,0,-1,0,0,0
802,0,0,0,0,0,0,-1,0,0,0,0,0,0,-1,0,-1,-1,0,0,0,-1,0,0,1,0,0,0,-1,0,-1,0,1,0,0,0,0,1,1,0,0,0,0,0,0,0,0,0,-1,0,-1,0,0,0,0,0,1,0,0,0,1,0,1,0,0
803,1,-1,1,1,0,1,-1,0,1,0,0,-1,0,1,0,0,1,0,1,1,1,0,-1,1,0,0,-1,0,0,0,0,0,0,-1,0,0,0,0,0,0,0,0,1,0,0,0,0,0,0,0,0,0,1,0,0,0,0,0,0,0,0,1,0,0
804,-1,-1,-1,1,-1,0,-1,0,-1,0,-1,0,-1,0,0,0,0,1,-1,-1,0,1,0,0,0,1,0,0,0,-1,-1,-1,0,1,-1,1,1,-1,-1,-1,0,0,0,-1,0,0,0,0,1,0,0,0,0,1,0,0,-1,0,0,1,0,0,0,0
805,1,0,0,0,1,0,-1,0,1,0,-1,0,-1,0,0,0,-1,0,0,0,0,0,0,1,0,0,1,-1,0,-1,1,0,0,0,-1,1,0,0,0,0,0,0,1,0,0,-1,-1,1,1,0,0,0,1,1,0,1,1,-1,0,0,1,0,-1,0
806,0,0,-1,-1,-1,-1,-1,0,0,-1,0,0,0,1,0,0,0,0,1,0,0,-1,-1,0,0,0,1,0,0,0,0,0,1,-1,-1,0,0,0,0,0,0,0,0,0,1,0,1,0,0,0,0,1,-1,0,1,0,1,0,0,0,1,0,0,0
807,0,-1,0,0,0,0,0,-1,0,0,0,-1,0,0,1,0,0,0,-1,0,0,-1,0,0,0,-1,0,0,0,0,1,0,0,-1,1,0,0,-1,0,0,0,0,1,0,0,0,0,0,0,1,-1,0,0,0,0,0,0,0,-1,-1,0,0,0,0
808,1,0,0,0,0,0,0,0,0,0,0,1,0,0,1,1,1,0,0,0,0,1,0,0,0,-1,1,0,-1,0,1,0,0,0,1,1,0,0,-1,1,0,0,0,0,-1,0,0,-1,0,1,-1,0,0,0,0,0,0,0,0,0,1,0,1,1
809,-1,0,0,-1,1,1,0,0,0,-1,-1,0,-1,-1,0,-1,0,1,0,0,1,0,-1,0,1,0,-1,0,0,-1,0,0,0,0,-1,1,0,0,0,0,0,0,0,1,0,0,0,1,0,0,0,-1,-1,0,0,0,0,0,0,-1,-1,0,1,0
810,1,0,0,1,-1,1,0,0,0,0,0,-1,0,1,1,-1,1,0,-1,0,0,0,0,0,0,-1,0,1,-1,0,0,0,-1,-1,0,0,-1,0,0,0,0,0,-1,1,0,-1,0,0,1,0,-1,0,-1,0,0,0,0,1,0,0,0,0,-1,0
811,-1,0,0,0,1,0,0,0,0,0,0,0,0,-1,0,0,0,0,1,0,-1,1,0,0,0,0,-1,1,1,-1,-1,0,1,-1,1,1,0,0,1,-1,-1,-1,0,0,0,-1,0,0,-1,0,0,0,1,0,0,0,-1,-1,0,-1,0,0,0,0
812,-1,1,0,0,0,-1,0,1,0,0,-1,0,-1,0,1,1,0,-1,0,-1,0,1,0,0,1,0,0,1,0,0,0,0,0,1,0,0,0,0,0,-1,0,0,1,0,0,-1,0,0,0,0,0,1,1,1,0,0,0,0,0,-1,0,0,-1,0
813,0,1,0,-1,0,0,1,0,0,0,0,0,0,0,0,0,0,0,0,-1,-1,0,0,0,0,0,0,0,0,0,1,1,0,0,0,0,0,0,0,0,0,0,0,0,0,0,0,-1,0,1,0,0,0,0,0,0,1,1,-1,0,1,0,0,0
814,0,1,1,1,0,1,0,1,0,-1,-1,0,0,1,0,1,0,0,-1,0,0,-1,0,0,0,-1,1,0,-1,-1,1,0,1,0,0,0,1,0,-1,1,0,0,0,-1,0,0,1,0,0,0,0,0,1,0,0,1,1,0,0,0,-1,1,0,0
815,-1,0,0,0,1,0,0,0,1,0,1,0,-1,1,0,0,0,0,0,1,-1,1,0,0,0,-1,0,-1,1,-1,1,1,0,0,0,0,1,0,0,0,1,0,0,0,0,0,0,0,0,0,0,0,0,-1,0,0,0,0,-1,-1,1,-1,0,1
816,0,-1,1,0,1,-1,-1,0,0,0,0,0,0,0,0,0,0,0,0,0,1,0,0,0,0,0,1,-1,0,0,0,0,0,0,0,0,0,0,1,-1,0,0,-1,0,0,0,0,0,0,1,0,1,1,0,0,0,0,-1,0,-1,0,-1,1,1
817,0,0,0,-1,0,0,0,0,0,1,0,0,0,0,0,0,1,0,0,0,0,0,0,0,1,0,0,0,0,0,0,-1,-1,0,-1,1,0,0,1,0,0,0,0,1,0,0,1,0,-1,0,-1,-1,0,0,1,0,0,0,0,0,0,0,0,0
818,1,0,0,0,0,0,1,0,0,0,0,0,0,0,1,1,0,0,-1,0,0,0,0,0,-1,0,0,0,0,-1,0,-1,0,-1,-1,0,0,0,0,0,0,1,1,0,0,0,0,0,1,-1,0,0,0,-1,0,1,1,0,-1,0,0,-1,0,-1
819,0,0,0,1,0,0,0,0,0,-1,0,0,0,0,1,0,1,-1,0,0,0,-1,0,-1,-1,0,0,1,0,0,0,-1,1,0,0,1,-1,0,0,1,0,-1,0,0,0,0,1,-1,0,0,0,-1,0,0,-1,0,1,-1,1,1,0,0,0,0
820,0,0,0,0,0,0,0,0,1,-1,1,1,1,0,-1,1,0,1,1,-1,0,-1,1,0,1,0,0,0,0,0,0,0,-1,1,0,0,0,0,-1,0,0,0,-1,0,1,-1,1,-1,0,1,1,-1,0,-1,0,0,0,0,0,0,-1,0,0,-1
821,1,0,-1,1,-1,1,1,-1,-1,1,0,0,-1,0,1,0,0,0,0,0,0,1,0,0,0,0,0,0,1,0,0,0,1,0,1,-1,1,0,0,0,0,0,1,-1,-1,0,0,1,0,-1,0,0,-1,0,0,-1,0,1,0,0,0,0,-1,1
822,1,0,-1,-1,1,0,1,-1,0,-1,-1,1,0,0,0,0,0,-1,1,0,0,1,1,0,0,0,0,1,1,0,0,0,0,0,0,1,0,1,0,-1,-1,0,0,1,-1,0,-1,0,1,1,1,1,-1,0,0,0,0,0,0,1,0,-1,0,0
823,0,-1,0,0,0,0,0,1,0,0,0,-1,0,0,0,0,0,0,-1,0,0,1,-1,-1,0,0,-1,0,0,0,1,0,0,0,0,0,0,0,-1,0,1,-1,0,0,1,0,0,0,-1,0,0,0,0,0,1,1,0,1,0,1,0,0,0,1
824,0,0,-1,0,-1,0,-1,0,-1,0,-1,0,0,1,0,-1,0,0,0,0,0,0,0,-1,-1,1,0,0,0,0,0,-1,0,-1,-1,0,1,0,-1,1,0,-1,-1,0,1,1,0,1,0,0,0,0,0,1,-1,0,0,1,0,0,1,1,-1,0
825,0,0,0,0,-1,0,0,0,-1,1,0,0,0,0,0,1,0,0,-1,0,0,0,0,-1,0,0,0,0,0,-1,0,-1,0,1,0,0,0,0,-1,0,1,-1,0,0,0,-1,0,-1,0,0,-1,0,0,0,0,0,0,-1,0,1,0,1,0,1
826,0,-1,0,0,1,0,-1,0,0,0,1,1,0,0,1,1,0,0,0,0,0,0,0,-1,0,0,1,-1,0,0,0,0,0,0,-1,0,0,0,0,0,0,0,-1,0,0,-1,0,0,-1,-1,-1,0,-1,0,0,-1,1,1,0,-1,0,0,0,0
827,0,-1,0,0,0,0,-1,0,-1,-1,0,0,0,-1,0,-1,0,-1,1,1,0,1,0,0,0,0,-1,0,-1,0,0,0,1,0,-1,1,1,0,0,0,0,0,0,-1,-1,0,0,0,0,0,1,-1,0,0,1,0,0,1,0,0,0,1,1,0
828,0,0,0,0,0,0,1,0,-1,0,1,-1,-1,0,0,1,0,0,0,-1,0,0,-1,-1,0,0,0,0,1,-1,0,0,0,0,0,0,0,-1,-1,-1,1,-1,1,0,0,0,-1,0,0,0,0,-1,0,1,0,0,0,1,0,-1,0,0,0,1
829,0,1,-1,-1,0,0,0,0,0,1,0,0,0,1,-1,0,0,-1,1,0,-1,-1,0,-1,0,0,1,0,0,1,0,0,0,0,-1,0,-1,0,0,0,0,0,0,0,1,0,-1,1,1,1,-1,-1,0,1,1,0,0,0,-1,0,0,-1,0,0
830,0,0,1,0,0,1,-1,-1,0,1,1,0,0,0,0,0,0,1,0,0,0,0,-1,0,0,1,0,0,0,0,0,0,0,0,0,0,1,0,1,0,0,1,0,-1,0,1,-1,0,0,-1,0,0,0,1,0,1,0,0,-1,1,0,0,0,0
831,-1,-1,0,0,0,0,0,1,0,0,0,1,0,-1,0,0,0,0,0,0,0,0,-1,0,0,0,0,0,-1,0,1,0,1,1,0,-1,0,-1,0,1,0,0,0,0,0,0,0,1,0,1,0,0,0,0,1,1,-1,-1,-1,0,0,0,0,0
832,1,-1,1,1,1,0,0,0,0,-1,0,0,1,-1,0,1,0,0,0,-1,0,0,0,1,-1,0,-1,-1,1,1,0,-1,0,0,0,0,0,0,1,-1,-1,0,0,1,0,0,0,0,-1,0,0,0,0,0,-1,1,0,0,1,1,-1,0,-1,0
833,0,1,0,-1,0,0,0,0,-1,0,0,0,0,0,0,0,0,0,0,0,0,0,0,-1,0,-1,0,0,1,0,0,1,0,0,0,1,0,0,0,-1,0,0,0,0,-1,0,1,0,0,1,1,0,-1,0,0,-1,0,-1,0,0,0,0,1,0
834,0,0,0,0,0,0,0,0,0,-1,0,0,-1,0,0,0,0,-1,0,-1,0,0,0,0,0,1,0,0,0,-1,1,0,0,0,0,1,0,0,0,0,0,-1,0,0,0,0,0,0,1,-1,0,0,0,0,0,1,1,0,0,0,1,-1,0,-1
835,0,0,0,0,0,-1,0,0,1,-1,0,0,0,0,0,0,0,0,0,1,-1,0,0,0,0,0,0,0,0,-1,1,1,0,0,-1,-1,0,0,0,-1,0,1,0,0,1,0,-1,0,0,0,1,0,0,0,0,-1,-1,0,0,-1,0,1,0,0
836,1,1,0,0,0,1,-1,-1,0,0,0,0,0,0,0,0,0,0,1,1,-1,-1,0,-1,0,0,-1,-1,0,0,0,0,-1,-1,-1,-1,0,1,0,1,0,-1,0,0,0,0,0,-1,1,0,0,0,1,0,0,0,0,0,1,0,0,0,0,0
837,-1,0,0,1,0,0,1,0,0,1,0,0,0,0,0,-1,1,0,1,0,0,0,-1,0,-1,0,0,-1,0,-1,1,0,0,0,0,-1,1,0,0,0,-1,-1,-1,1,0,0,0,0,0,1,-1,0,0,0,0,0,-1,0,0,-1,0,0,0,0
838,1,0,0,0,0,0,0,0,1,1,1,0,0,0,-1,-1,1,0,-1,0,0,0,1,0,0,0,0,0,0,0,0,0,0,0,0,0,0,0,1,1,1,0,0,0,-1,1,1,0,0,0,-1,0,-1,-1,0,1,-1,0,0,-1,0,1,0,0
839,0,0,-1,0,-1,0,0,0,0,1,-1,0,1,1,-1,-1,1,0,1,-1,0,0,0,0,0,1,0,0,0,0,0,-1,0,0,-1,0,0,1,1,0,0,0,-1,1,0,0,0,-1,0,0,-1,0,-1,0,0,1,0,0,0,-1,-1,0,0,-1
840,0,0,0,0,0,0,0,0,0,-1,0,0,1,0,0,0,0,0,1,0,0,0,1,-1,0,0,1,0,1,0,0,1,1,0,1,0,0,0,0,0,-1,0,0,0,-1,-1,0,0,1,1,0,0,1,1,0,0,0,0,-1,1,0,0,0,0
841,0,0,0,0,0,1,0,0,-1,0,0,0,0,0,0,0,0,0,-1,0,0,0,-1,0,0,0,-1,0,-1,0,1,1,0,0,0,0,-1,1,1,0,0,0,-1,0,-1,0,0,1,1,0,-1,0,1,-1,0,0,0,0,1,1,0,-1,0,0
842,1,0,1,0,0,-1,0,0,0,-1,1,-1,0,-1,0,0,0,0,0,0,1,-1,-1,0,0,0,1,0,1,0,0,0,0,-1,1,0,-1,-1,0,-1,1,-1,1,0,0,0,0,0,0,0,-1,1,1,-1,0,1,-1,-1,1,0,1,0,0,0
843,0,0,-1,0,-1,1,0,0,0,0,0,1,0,-1,0,0,-1,-1,1,0,-1,0,0,0,0,1,0,1,0,0,0,1,0,0,0,0,0,0,-1,1,1,0,0,0,0,0,0,0,-1,1,1,0,0,1,0,0,-1,-1,0,0,0,-1,0,0
844,0,0,0,0,0,0,-1,0,-1,0,0,-1,0,0,1,1,0,-1,1,0,-1,-1,0,0,0,1,0,0,0,0,-1,0,-1,1,1,0,1,-1,1,0,0,-1,0,0,1,0,-1,1,0,1,-1,-1,0,0,0,0,-1,0,-1,0,-1,0,0,0
845,0,1,0,1,0,0,-1,0,0,0,1,1,0,0,-1,0,0,1,-1,0,0,-1,1,0,0,0,0,1,0,0,1,0,0,0,0,0,0,0,0,1,0,-1,0,-1,-1,-1,1,0,0,0,0,0,0,0,0,1,0,0,0,0,0,0,0,0
846,0,-1,1,-1,0,0,1,0,0,0,0,0,1,1,-1,0,0,0,0,-1,0,0,0,1,0,0,0,1,0,0,0,1,0,0,1,0,0,0,0,0,0,0,0,1,1,0,-1,-1,0,0,0,0,-1,1,0,0,-1,0,0,0,0,0,0,0
847,0,0,0,1,-1,0,1,0,-1,-1,0,0,0,0,0,0,1,0,-1,0,0,0,1,0,0,1,0,0,-1,1,0,0,0,1,1,0,0,0,1,0,0,0,0,0,0,-1,0,0,0,1,1,0,1,-1,0,0,0,0,0,0,0,0,0,0
848,0,0,0,0,0,0,0,-1,0,0,0,1,1,0,0,0,0,-1,-1,0,0,-1,0,0,1,-1,0,0,0,0,0,0,0,0,1,0,0,-1,0,0,0,0,0,0,0,0,0,0,-1,1,0,0,0,0,0,-1,1,0,1,-1,0,-1,0,0
849,-1,0,1,0,0,1,0,0,0,0,0,1,0,0,0,0,1,1,0,0,0,0,0,0,0,0,0,-1,1,0,1,0,-1,0,1,1,0,0,-1,0,1,0,0,-1,0,0,0,-1,0,-1,0,0,1,0,0,-1,0,0,0,0,0,1,-1,0
850,1,1,0,0,0,0,-1,-1,1,-1,1,0,1,0,-1,0,0,0,1,0,0,0,-1,0,0,0,0,-1,0,0,0,1,0,-1,1,0,1,0,0,0,0,0,0,0,0,0,0,0,0,1,-1,1,0,0,0,0,-1,0,0,0,0,0,0,0
851,0,0,0,0,0,0,-1,1,0,-1,-1,-1,0,-1,1,0,0,0,0,0,0,0,0,0,0,0,0,0,0,1,0,1,-1,0,0,1,1,-1,0,0,1,0,0,0,0,0,-1,0,-1,0,0,0,-1,0,0,0,-1,0,0,0,0,0,-1,1
852,0,1,-1,1,0,0,0,0,0,0,0,-1,0,0,-1,-1,0,1,0,0,0,0,0,0,0,0,0,0,1,1,1,1,-1,0,0,0,0,-1,0,-1,-1,0,0,0,0,0,0,-1,0,0,0,1,0,0,0,1,0,0,0,0,0,0,-1,0
853,0,0,0,-1,1,0,0,0,-1,-1,0,0,1,1,0,0,-1,0,0,0,0,0,0,0,1,1,-1,0,0,0,0,0,-1,0,0,0,0,-1,0,0,0,0,-1,0,0,0,-1,0,0,0,0,0,0,-1,0,0,0,0,1,0,0,0,0,0
854,0,0,1,0,0,1,0,-1,-1,-1,1,0,0,0,0,0,0,0,-1,0,1,0,0,0,0,0,0,0,0,0,0,0,0,0,0,-1,0,0,0,1,0,0,0,0,1,0,0,-1,0,1,0,-1,0,0,0,0,1,0,1,-1,0,0,-1,0
855,0,-1,0,0,-1,1,1,0,-1,1,0,-1,0,0,-1,-1,0,1,0,1,0,0,0,0,0,0,1,-1,0,0,-1,0,0,0,0,0,-1,-1,0,-1,0,1,-1,0,1,1,0,-1,0,0,0,1,0,0,1,0,0,0,-1,0,1,0,-1,0
856,0,0,-1,0,-1,0,1,0,0,0,0,0,0,0,0,0,1,0,0,0,1,1,-1,-1,0,-1,0,0,1,0,0,1,0,0,-1,0,1,0,-1,0,0,0,0,0,-1,0,1,0,-1,0,0,1,-1,0,0,0,0,0,-1,0,0,1,-1,0
857,0,-1,0,0,0,0,-1,0,0,0,1,0,0,0,1,0,0,0,0,0,-1,0,1,0,0,0,1,-1,-1,0,0,0,0,0,0,0,0,0,-1,0,0,0,0,-1,0,0,-1,0,-1,0,0,0,0,0,0,0,1,0,0,1,0,0,0,0
858,0,0,0,-1,1,1,0,1,1,0,0,0,0,1,0,0,0,-1,0,1,0,0,0,0,0,0,0,0,-1,0,-1,0,0,0,0,-1,0,0,0,-1,-1,0,1,0,-1,-1,0,0,-1,0,1,1,0,1,1,-1,0,-1,1,-1,0,0,0,-1
859,0,0,1,0,0,0,1,0,1,-1,0,-1,0,1,0,0,0,0,0,-1,0,0,0,0,-1,-1,0,0,-1,1,0,1,0,0,-1,0,1,0,0,0,1,-1,0,0,1,1,0,0,-1,0,0,1,-1,-1,0,0,1,0,1,1,0,-1,0,0
860,1,0,0,0,0,-1,0,0,-1,1,0,0,0,0,0,1,1,0,-1,-1,-1,0,0,-1,0,0,1,0,0,0,0,0,1,1,0,1,0,0,0,0,1,0,0,-1,0,0,1,0,-1,0,0,0,1,0,0,0,0,1,-1,0,0,0,0,0
861,-1,0,0,0,1,0,0,0,0,1,0,0,0,0,0,0,0,0,0,-1,-1,0,0,-1,0,-1,1,1,0,1,0,-1,0,0,0,0,1,1,0,0,1,-1,-1,1,0,0,0,0,0,0,0,0,0,0,-1,0,1,0,-1,1,0,-1,1,0
862,0,-1,0,0,0,0,0,0,0,0,0,0,1,0,1,0,0,0,0,0,0,0,0,1,0,0,0,-1,0,1,0,-1,0,0,0,0,0,0,1,0,0,0,0,0,1,0,0,0,0,0,1,0,1,0,0,0,-1,0,-1,0,0,0,0,0
863,0,0,0,-1,-1,0,1,0,-1,0,-1,0,1,0,1,0,0,0,0,1,0,0,0,-1,-1,-1,1,0,0,-1,1,0,0,0,0,0,0,-1,0,0,0,-1,0,0,0,0,0,-1,0,0,1,0,-1,0,1,0,0,0,1,-1,1,1,0,0
864,0,0,0,0,0,0,0,1,0,0,1,-1,0,-1,-1,0,0,0,0,0,1,0,0,0,0,-1,0,0,0,0,0,0,0,-1,0,1,-1,0,0,0,0,0,-1,0,0,-1,1,0,0,-1,0,0,0,-1,0,1,0,1,0,-1,-1,0,0,0
865,0,0,1,1,1,1,0,0,-1,1,0,0,1,0,0,0,0,-1,0,0,0,0,-1,0,0,0,0,0,0,0,1,0,-1,0,0,1,-1,-1,0,0,1,1,0,0,0,0,1,0,0,0,1,1,0,0,-1,0,-1,0,0,-1,0,0,0,1
866,0,0,1,0,0,-1,0,1,-1,0,1,0,0,0,0,0,1,0,0,-1,0,0,-1,-1,-1,1,0,0,0,0,-1,0,0,0,0,1,0,1,0,-1,0,0,0,-1,0,1,0,-1,-1,0,0,1,1,0,1,0,-1,0,0,1,0,1,0,0
867,0,0,0,0,0,-1,0,-1,-1,0,0,1,-1,1,0,-1,0,0,-1,1,-1,0,0,1,0,0,0,0,-1,0,0,0,0,0,0,0,0,0,1,0,0,1,0,0,1,0,0,0,1,0,0,0,0,-1,0,1,0,0,0,0,0,0,0,0
868,0,0,0,0,0,0,1,0,1,0,-1,1,1,0,1,0,0,-1,1,0,1,0,-1,-1,0,0,0,0,0,-1,0,0,0,0,0,-1,0,0,0,0,0,1,0,0,1,1,0,0,0,-1,0,1,0,0,0,-1,-1,0,0,1,0,0,-1,0
869,-1,0,0,0,-1,-1,-1,1,1,-1,-1,0,0,0,0,0,-1,0,0,0,0,-1,-1,1,0,1,0,0,0,0,1,1,0,0,0,0,0,-1,1,0,0,0,0,0,1,0,0,0,0,0,0,0,0,0,0,0,0,0,0,0,0,1,0,0
870,0,0,0,0,0,-1,0,1,1,0,0,0,-1,-1,0,0,1,0,0,0,0,0,0,1,0,0,0,0,0,-1,0,0,0,1,0,-1,0,-1,0,-1,-1,1,-1,0,0,0,0,0,0,0,0,0,0,0,-1,0,0,0,-1,1,0,0,0,0
871,0,-1,0,1,0,-1,0,-1,-1,-1,0,0,0,-1,0,0,0,0,0,0,0,-1,1,0,0,-1,-1,0,0,1,0,1,0,0,1,0,0,0,0,0,0,1,0,0,0,0,0,-1,1,1,0,-1,0,-1,1,0,-1,-1,-1,0,0,1,0,0
872,0,0,1,0,-1,0,-1,0,1,-1,0,1,0,0,0,0,1,0,0,0,0,0,0,0,0,0,0,1,0,0,0,0,0,0,-1,0,0,-1,1,1,0,0,0,-1,0,-1,-1,1,0,-1,0,0,0,0,0,0,1,-1,0,0,0,0,-1,-1
873,0,1,-1,0,0,-1,0,-1,0,0,0,0,0,-1,0,1,1,0,0,0,0,0,0,0,1,0,0,0,0,0,1,1,1,0,-1,-1,0,1,0,-1,0,-1,-1,0,0,0,0,0,-1,-1,0,1,1,-1,0,0,0,0,0,0,0,1,0,0
874,0,0,0,0,0,1,0,-1,0,0,0,0,0,0,0,0,0,0,0,0,0,-1,1,0,0,0,0,0,0,0,0,0,0,0,-1,0,-1,-1,0,0,0,0,1,0,0,0,0,0,0,0,0,0,0,-1,-1,1,0,0,0,0,0,0,0,0
875,0,1,0,0,0,1,0,0,0,0,0,0,-1,0,-1,-1,0,0,0,-1,0,0,0,1,1,0,1,0,0,0,-1,1,0,-1,0,0,0,0,0,0,0,0,0,0,-1,-1,0,0,0,1,0,0,0,-1,0,0,-1,0,1,0,0,0,0,0
876,0,-1,-1,0,0,0,1,-1,1,0,0,0,-1,-1,-1,1,-1,1,0,-1,0,0,0,0,0,0,0,0,1,-1,0,0,-1,0,0,0,1,-1,1,1,0,1,0,0,0,0,0,1,0,0,0,0,0,1,1,0,0,1,0,-1,0,0,0,0
877,0,-1,1,0,0,0,0,0,-1,0,1,-1,1,-1,1,0,0,1,0,0,1,1,1,0,0,-1,0,-1,0,-1,0,-1,1,0,0,0,0,0,0,0,0,0,1,-1,0,-1,0,0,0,0,0,0,0,-1,0,0,0,0,0,0,0,1,0,0
878,0,0,0,0,-1,-1,0,0,0,0,0,0,1,0,1,-1,0,1,0,0,-1,-1,0,0,-1,1,0,1,0,0,-1,-1,1,0,0,1,-1,0,0,0,0,0,1,1,-1,-1,0,0,0,0,0,0,0,1,0,0,1,-1,0,0,0,0,0,0
879,0,0,1,0,1,0,-1,0,-1,1,0,1,1,0,0,0,-1,1,1,0,-1,0,0,1,-1,0,0,0,0,-1,0,0,0,0,0,-1,-1,-1,0,1,0,0,0,-1,-1,0,0,-1,0,1,0,-1,0,0,1,0,1,0,1,1,-1,0,0,0
880,0,1,-1,0,1,0,0,0,0,0,0,0,0,1,1,0,1,0,0,1,0,-1,-1,-1,0,0,0,0,-1,-1,0,0,-1,0,-1,-1,0,-1,0,0,-1,0,0,-1,0,0,0,0,0,0,-1,0,1,0,0,1,0,0,1,0,0,0,0,0
881,0,0,0,0,0,-1,-1,0,0,0,-1,0,0,-1,0,0,-1,1,-1,0,0,1,0,0,0,0,0,0,-1,-1,0,0,0,-1,0,0,-1,0,-1,0,0,0,1,0,-1,1,1,0,-1,0,0,1,-1,-1,1,0,0,0,0,0,0,0,0,-1
882,0,1,0,0,0,1,-1,-1,-1,0,0,0,0,1,-1,1,0,-1,0,1,0,0,1,0,0,0,0,1,0,0,0,0,1,1,0,0,1,1,0,0,0,0,0,0,-1,1,1,0,-1,0,0,0,0,0,0,0,0,0,-1,0,0,0,-1,0
883,0,0,0,1,-1,0,0,-1,0,0,0,1,0,0,1,-1,-1,0,-1,1,1,1,-1,0,0,0,0,0,-1,0,0,0,0,0,0,0,0,1,-1,0,0,0,0,0,0,0,0,0,-1,0,0,0,0,0,0,0,1,1,0,0,0,1,1,0
884,0,0,0,0,0,0,0,0,0,0,0,1,0,-1,-1,-1,0,0,0,0,0,0,0,-1,0,1,0,0,0,-1,0,0,0,1,0,0,0,0,0,0,1,0,0,0,1,1,1,0,1,0,0,0,-1,0,0,0,1,0,0,0,1,0,0,1
885,0,1,0,-1,-1,0,0,0,0,-1,0,0,0,0,-1,0,1,0,0,-1,0,0,1,0,0,-1,1,0,1,0,0,-1,0,0,0,0,0,0,0,0,0,0,-1,0,0,0,0,0,0,0,0,0,0,1,0,0,0,0,1,0,0,0,0,0
886,0,1,0,0,0,0,0,-1,0,0,0,0,0,0,0,0,0,0,1,-1,-1,0,-1,1,-1,0,0,-1,1,0,0,0,0,0,0,0,0,1,1,1,1,0,-1,0,0,0,0,-1,1,0,-1,0,0,0,0,-1,0,0,0,-1,0,0,0,-1
887,0,0,0,0,0,0,0,0,0,-1,-1,0,0,-1,0,0,1,-1,0,0,0,-1,0,0,0,0,0,0,-1,0,1,0,-1,0,0,-1,-1,-1,-1,-1,-1,0,0,0,0,-1,0,0,0,0,0,1,0,-1,0,-1,0,-1,0,-1,0,0,0,0
888,-1,0,0,0,0,0,1,0,0,0,0,-1,0,1,-1,0,0,1,0,0,-1,0,0,-1,0,-1,0,0,-1,1,1,0,1,-1,1,0,0,0,-1,0,1,0,0,0,1,0,0,1,0,0,1,0,0,-1,0,-1,0,0,0,-1,-1,0,0,0
889,0,0,0,1,0,0,-1,0,0,0,0,-1,1,1,1,0,0,-1,0,1,0,-1,0,0,0,0,-1,0,0,0,0,0,0,1,0,0,0,0,0,0,0,0,-1,1,0,0,0,1,-1,0,1,-1,1,1,0,-1,0,0,0,1,0,0,0,-1
890,-1,1,0,0,0,-1,0,0,0,0,-1,-1,0,1,0,1,-1,0,0,0,0,0,-1,-1,1,0,-1,0,0,0,1,0,0,-1,0,1,0,0,1,0,1,0,0,1,1,0,0,0,1,-1,0,0,0,-1,-1,0,-1,1,1,0,1,0,0,0
891,0,0,0,1,-1,1,0,-1,-1,-1,1,1,-1,0,0,0,0,0,0,1,1,0,0,0,0,1,0,0,0,0,0,0,0,0,1,0,0,0,0,0,0,-1,0,-1,-1,0,-1,0,1,0,0,0,1,1,0,0,0,0,0,-1,0,1,1,0
892,0,0,0,0,0,1,1,0,0,0,1,-1,0,0,0,0,0,1,-1,0,0,1,0,-1,0,0,-1,0,0,0,1,1,0,0,0,1,1,0,-1,0,-1,-1,0,0,0,0,0,0,-1,0,-1,0,-1,0,0,0,0,-1,0,1,0,0,0,0
893,0,0,-1,1,0,1,0,-1,0,0,0,0,1,0,0,0,0,-1,0,1,0,0,0,0,-1,0,-1,1,0,0,0,1,-1,0,0,0,0,0,0,1,-1,-1,0,0,0,0,0,0,0,0,0,1,0,0,0,-1,0,0,0,0,0,0,0,0
894,0,0,1,0,0,0,0,0,0,1,0,-1,0,0,0,-1,1,-1,1,0,0,1,0,0,1,0,1,0,0,1,1,0,1,0,0,-1,1,1,0,0,-1,1,0,1,0,1,0,0,0,0,1,1,0,0,-1,0,0,0,0,0,1,0,0,-1
895,0,0,0,0,0,1,-1,-1,1,1,0,0,0,0,-1,-1,0,-1,0,0,0,1,0,0,1,0,0,0,1,0,0,0,1,0,1,1,0,0,1,0,-1,0,0,0,0,0,0,0,0,1,0,0,0,0,0,1,0,0,0,0,0,0,-1,0
896,0,0,1,1,-1,1,-1,0,0,0,0,0,0,1,0,0,0,0,1,1,-1,1,0,1,0,0,0,1,0,0,0,-1,0,1,0,1,-1,0,0,-1,1,0,0,0,0,0,1,0,-1,0,0,0,0,1,0,1,0,0,0,0,0,-1,0,0
897,0,-1,0,0,-1,0,0,-1,1,1,0,-1,0,0,0,-1,0,0,0,0,0,0,0,0,-1,-1,0,0,1,0,0,0,0,0,0,0,0,1,0,0,0,-1,1,1,0,0,1,0,0,1,0,0,0,0,0,0,0,0,0,-1,0,-1,1,1
898,0,0,0,0,0,0,0,1,-1,0,0,-1,1,0,-1,0,0,0,0,1,0,0,1,0,0,0,0,0,0,-1,0,-1,-1,0,1,0,0,-1,0,0,0,1,0,0,-1,-1,0,0,0,-1,1,1,0,0,0,0,-1,0,0,1,1,0,-1,0
899,1,0,1,0,0,0,0,0,0,0,0,0,0,1,-1,0,0,0,-1,1,0,0,0,-1,0,0,0,-1,0,1,1,1,0,0,1,1,0,0,0,-1,0,0,0,0,0,1,0,0,0,0,1,1,-1,0,0,0,1,0,0,0,0,-1,0,0
900,1,1,0,0,0,-1,0,0,0,-1,0,1,0,0,0,0,0,0,0,-1,0,-1,0,-1,0,0,0,1,-1,0,0,0,1,0,0,0,0,1,-1,1,-1,0,0,0,0,-1,1,0,0,0,0,1,0,0,0,0,0,0,0,1,0,0,-1,0
901,0,0,0,0,0,1,0,0,0,0,1,0,0,0,0,0,0,0,0,0,0,0,1,0,0,0,1,-1,1,0,0,0,-1,1,0,0,0,0,0,1,0,-1,-1,0,0,-1,0,1,0,1,0,1,-1,0,1,0,0,-1,-1,0,1,0,0,1
902,0,0,0,0,-1,0,0,0,0,0,1,0,1,0,1,0,1,1,0,0,0,0,0,-1,0,0,0,-1,0,-1,0,-1,0,0,0,0,-1,0,0,1,0,0,-1,1,1,-1,-1,0,-1,1,0,0,0,-1,0,-1,0,0,-1,0,1,-1,0,0
903,0,0,0,0,0,0,0,0,0,-1,1,1,0,0,0,0,-1,-1,0,1,1,0,1,1,-1,0,1,1,0,0,-1,-1,0,0,0,1,0,1,0,0,0,0,0,0,-1,0,0,1,0,-1,0,-1,0,0,0,0,1,0,0,1,0,0,-1,-1
904,0,1,1,0,0,1,0,0,1,-1,0,0,0,1,0,-1,0,0,0,-1,0,0,0,0,1,0,0,1,0,0,0,0,0,0,0,0,0,1,1,0,-1,0,0,1,0,0,0,0,0,1,0,0,0,-1,0,0,0,-1,0,0,0,0,0,0
905,0,1,-1,0,-1,0,0,-1,0,1,0,0,0,0,-1,0,-1,0,-1,0,0,1,0,0,-1,0,0,0,0,-1,0,0,1,0,0,0,0,-1,-1,-1,0,0,0,1,0,0,-1,0,0,0,0,0,1,0,0,0,0,0,0,-1,1,0,-1,1
906,0,-1,0,-1,0,-1,0,1,0,-1,0,1,0,1,0,0,0,0,-1,0,0,1,1,1,0,0,-1,0,0,-1,-1,0,0,1,0,0,1,0,0,-1,1,0,0,0,0,0,0,-1,1,0,0,1,1,1,0,0,0,0,0,1,1,0,0,0
907,0,0,0,0,0,0,0,-1,-1,0,0,-1,1,0,0,-1,-1,0,-1,1,0,0,0,0,0,0,-1,1,0,0,-1,-1,-1,0,1,0,0,0,1,1,0,0,0,0,-1,1,0,0,0,0,0,1,0,1,0,1,1,0,0,-1,0,0,-1,0
908,0,0,-1,0,-1,0,0,1,0,0,-1,1,-1,-1,0,0,0,1,0,-1,-1,-1,0,0,0,1,-1,0,0,0,0,0,0,0,0,0,0,0,0,0,0,1,1,0,1,0,0,0,1,-1,-1,0,0,0,0,1,0,-1,0,0,0,0,0,0
909,0,0,1,-1,0,0,-1,0,0,0,0,1,0,0,0,0,0,0,0,0,-1,1,0,0,1,1,0,-1,0,0,0,-1,-1,-1,-1,1,1,0,-1,-1,1,1,0,1,0,0,0,0,0,0,1,-1,1,0,0,1,1,0,0,0,-1,-1,0,1
910,0,0,0,-1,-1,0,0,0,1,0,0,0,0,0,1,0,-1,0,0,1,0,0,0,0,0,0,1,0,0,-1,1,1,-1,1,0,-1,0,0,-1,-1,0,1,-1,0,0,-1,-1,1,1,0,0,0,0,0,-1,0,-1,0,0,0,0,0,0,0
911,0,-1,1,0,1,0,-1,1,0,0,0,0,-1,0,0,0,0,0,0,0,0,0,-1,-1,0,0,0,0,1,0,0,0,0,0,0,0,-1,0,-1,0,0,1,-1,0,1,0,0,-1,0,1,-1,0,1,0,0,0,1,0,1,0,0,0,0,0
912,0,0,1,0,0,1,0,0,0,1,1,0,0,-1,0,1,0,-1,1,0,0,0,1,0,1,0,0,0,0,0,-1,-1,0,0,0,0,1,0,0,0,0,0,0,0,0,0,0,0,0,0,0,0,0,0,0,1,0,0,1,1,0,0,0,0
913,1,-1,0,0,0,0,1,0,0,-1,0,1,0,1,0,0,0,0,1,-1,0,0,0,-1,-1,1,0,0,0,0,0,0,0,0,-1,0,-1,-1,0,1,0,0,-1,-1,0,0,0,0,0,0,1,1,0,-1,0,0,0,0,0,0,-1,-1,1,0
914,1,-1,-1,1,0,1,1,0,0,0,-1,-1,1,1,-1,0,0,0,0,0,-1,-1,0,0,-1,0,0,0,0,-1,0,0,-1,0,0,-1,0,-1,0,0,0,0,0,-1,-1,0,-1,1,1,0,0,0,0,-1,-1,0,0,0,0,0,-1,1,0,0
915,0,0,0,0,0,1,0,0,0,0,1,-1,-1,0,0,0,0,0,0,0,-1,0,0,0,0,-1,-1,1,0,0,0,0,0,-1,0,0,0,0,0,0,0,1,-1,1,0,0,0,0,0,-1,-1,1,0,0,0,0,0,-1,-1,1,0,1,0,0
916,0,1,0,0,0,0,0,-1,0,0,0,0,0,0,0,0,0,0,1,-1,1,0,1,1,1,0,0,1,1,0,0,0,0,0,0,0,0,0,0,1,1,0,-1,0,0,0,0,1,0,0,0,-1,0,0,0,0,0,1,1,0,0,-1,0,0
917,0,-1,-1,1,-1,-1,0,1,0,0,0,-1,0,0,0,-1,0,1,0,0,0,0,0,1,1,0,0,1,0,1,0,1,0,0,0,0,0,0,0,0,0,-1,0,-1,1,0,0,-1,-1,0,0,0,1,1,0,1,0,1,0,-1,0,0,-1,0
918,1,-1,0,0,0,0,0,0,0,0,1,1,0,-1,0,-1,0,0,0,1,1,-1,0,-1,0,0,0,0,0,-1,0,0,0,0,0,0,0,0,0,0,0,0,0,0,-1,0,0,-1,0,0,1,0,0,0,0,0,1,1,-1,-1,0,0,0,0
919,0,0,0,0,0,1,0,1,0,0,0,0,0,1,1,0,1,-1,1,0,-1,0,1,-1,0,0,1,-1,0,1,0,1,0,0,-1,0,0,0,-1,-1,1,0,0,0,1,1,0,0,0,0,1,0,0,0,0,-1,0,0,0,0,1,0,0,1
920,0,0,-1,0,1,0,0,-1,0,1,0,1,0,1,0,0,0,-1,0,0,0,-1,0,1,-1,-1,0,0,-1,1,0,0,0,0,-1,1,-1,-1,1,0,0,1,0,0,0,0,0,0,-1,0,-1,0,1,0,0,1,-1,-1,0,0,0,0,0,0
921,-1,-1,0,0,0,0,0,1,0,0,0,-1,-1,1,0,0,0,1,0,0,1,0,1,0,0,1,0,0,1,0,0,0,0,0,0,0,0,0,0,0,0,0,0,0,1,0,0,-1,-1,0,0,0,0,-1,0,0,0,0,0,0,0,0,0,1
922,0,0,1,1,0,0,0,0,-1,0,0,0,1,-1,0,0,1,0,0,-1,0,0,0,0,0,0,-1,0,-1,0,0,1,0,0,0,0,0,1,-1,-1,0,0,0,0,0,1,1,0,1,0,-1,0,0,-1,0,1,0,1,0,0,0,0,0,0
923,0,-1,-1,0,-1,0,0,0,0,1,0,0,0,0,-1,0,0,0,1,0,1,1,0,-1,1,0,0,1,0,-1,-1,1,0,0,0,1,0,0,1,0,1,-1,0,0,0,0,-1,0,0,0,0,0,0,0,0,0,0,0,0,0,-1,-1,0,0
924,0,0,0,-1,0,0,0,0,0,0,0,0,0,0,0,0,0,1,0,-1,0,0,0,0,0,1,0,0,-1,0,1,0,0,0,-1,0,1,-1,0,0,-1,0,0,1,1,0,0,0,0,1,0,1,0,1,-1,-1,0,0,0,-1,0,1,-1,1
925,0,0,-1,-1,1,0,-1,-1,1,-1,0,0,-1,0,0,-1,0,1,0,-1,0,0,0,0,1,0,0,0,0,0,0,0,0,0,0,-1,0,0,-1,0,0,-1,-1,1,-1,0,0,-1,0,0,0,0,0,1,-1,0,0,0,0,1,0,0,0,0
926,0,-1,0,1,0,1,0,0,0,0,0,0,0,1,-1,0,-1,0,-1,-1,0,0,0,0,-1,1,0,0,0,1,0,0,0,0,0,0,0,-1,0,0,1,0,0,0,0,-1,0,0,0,0,0,0,0,-1,0,1,1,-1,0,0,-1,0,1,0
927,0,0,-1,-1,-1,1,0,-1,0,0,1,0,1,0,0,0,1,0,-1,0,-1,0,0,1,-1,-1,0,-1,1,0,0,1,0,0,1,0,0,0,0,0,0,0,0,-1,1,0,1,-1,-1,0,0,0,0,0,0,0,0,-1,-1,0,0,0,-1,0
928,1,0,0,0,0,0,0,0,0,-1,0,-1,-1,0,0,-1,1,0,1,0,-1,-1,0,-1,0,0,0,0,1,-1,1,1,0,0,-1,0,1,0,0,0,0,0,0,0,0,0,0,0,0,0,-1,-1,0,0,0,0,0,1,0,0,0,0,0,0
929,0,0,1,0,0,-1,1,0,0,0,-1,1,0,0,0,0,1,-1,0,0,0,0,0,0,0,0,0,1,-1,0,0,0,0,0,0,0,0,0,0,0,-1,-1,1,-1,0,0,0,0,0,0,0,0,-1,0,0,1,0,0,1,0,1,-1,0,0
930,0,0,1,0,0,0,-1,0,0,0,0,0,-1,0,0,1,-1,-1,0,-1,1,-1,0,0,0,-1,-1,-1,0,-1,0,0,-1,0,1,0,0,0,1,0,-1,0,0,0,0,-1,0,0,1,0,0,-1,1,1,-1,0,1,0,0,0,0,0,0,0
931,0,0,1,-1,-1,1,-1,1,-1,0,0,1,0,1,0,0,-1,1,0,1,0,0,1,0,0,1,0,0,0,0,1,0,0,0,0,-1,0,-1,0,0,1,-1,1,0,1,-1,0,-1,0,-1,-1,0,0,0,0,0,0,1,0,-1,0,-1,0,0
932,0,0,0,0,0,-1,0,0,0,0,0,0,1,-1,0,0,0,0,0,1,0,0,1,0,-1,0,0,0,0,0,0,0,0,0,-1,0,-1,-1,0,-1,0,0,1,1,0,0,1,-1,0,0,0,0,0,0,1,0,-1,0,1,0,0,0,1,0
933,0,-1,0,0,0,1,0,1,0,0,0,0,0,-1,0,0,0,0,0,0,1,0,0,0,0,-1,0,0,0,0,0,0,0,0,0,0,0,1,0,0,0,0,0,0,0,0,0,0,0,-1,0,0,0,-1,1,1,1,0,0,-1,0,1,0,0
934,1,1,0,1,0,1,0,0,0,0,0,0,0,0,0,1,0,0,-1,-1,0,0,-1,0,1,0,-1,0,-1,1,0,0,0,0,0,1,1,1,1,0,0,-1,1,0,0,0,0,-1,-1,0,0,0,0,0,0,1,-1,0,0,-1,1,-1,0,0
935,-1,-1,0,0,0,0,0,0,1,0,0,-1,0,0,0,1,-1,0,0,0,0,0,-1,0,0,0,0,0,0,0,1,0,0,-1,1,0,-1,1,0,0,-1,0,0,0,0,0,0,0,0,-1,0,0,0,1,0,0,0,-1,1,-1,0,1,0,1
936,0,1,-1,-1,-1,1,1,0,0,0,0,0,-1,0,0,0,0,1,-1,-1,0,-1,0,0,-1,0,1,1,0,0,0,0,0,0,0,0,0,0,0,0,0,-1,0,0,0,-1,1,0,0,-1,0,0,-1,0,0,0,-1,0,0,-1,0,1,0,1
937,0,0,0,0,0,0,0,0,0,-1,0,0,0,1,0,1,0,0,0,1,0,0,-1,0,0,-1,0,0,1,0,0,1,0,0,0,0,0,0,0,0,1,-1,0,0,0,0,0,0,0,-1,1,0,0,0,-1,0,0,0,1,-1,-1,0,0,0
938,0,1,0,0,0,0,0,0,-1,0,1,0,0,0,1,-1,0,0,0,0,0,-1,0,0,0,-1,0,-1,0,1,-1,0,-1,0,0,0,1,0,0,1,0,0,-1,0,0,0,0,1,0,1,1,0,0,0,-1,0,0,0,-1,0,-1,0,0,-1
939,0,0,0,0,0,1,0,1,-1,0,0,0,-1,1,0,0,-1,0,0,0,1,0,0,-1,0,-1,0,0,0,0,0,0,1,0,0,1,0,0,0,0,0,0,0,1,0,0,0,0,0,0,0,0,1,0,1,1,0,0,0,0,0,0,1,0
940,0,0,1,0,0,0,1,0,1,1,0,1,0,0,0,0,0,1,0,0,0,0,0,0,0,0,0,0,0,1,0,0,1,1,0,0,0,-1,0,0,0,0,0,0,1,0,0,0,0,0,0,-1,1,0,0,0,-1,-1,0,1,0,-1,0,-1
941,1,0,1,0,-1,0,0,0,0,0,0,0,1,1,0,0,0,-1,-1,-1,0,0,0,-1,-1,-1,0,0,0,-1,0,0,0,1,1,0,0,0,0,0,-1,0,0,0,1,1,1,1,0,0,0,-1,0,0,0,1,1,-1,1,0,0,0,0,-1
942,0,0,0,0,0,0,0,1,0,0,0,1,0,-1,0,0,1,0,-1,0,-1,0,1,1,0,1,0,0,1,0,0,1,0,0,1,-1,0,0,0,-1,0,0,0,0,-1,0,1,0,0,1,1,-1,0,0,0,0,1,0,-1,-1,0,-1,0,0
943,-1,0,0,0,0,1,1,0,0,-1,1,-1,0,0,0,1,0,0,-1,1,0,0,1,0,0,0,-1,0,0,0,-1,0,0,-1,0,0,0,0,-1,0,0,0,1,-1,1,0,-1,1,0,-1,0,0,0,1,0,0,0,-1,1,1,0,0,0,-1
944,0,0,0,1,0,0,1,1,-1,0,0,-1,0,-1,-1,0,0,0,-1,-1,0,0,0,0,1,-1,0,0,1,0,0,0,0,0,0,1,0,0,1,0,0,0,0,1,0,0,0,0,0,0,0,0,0,-1,1,0,0,1,0,0,0,0,0,0
945,0,0,0,1,0,0,0,0,-1,0,-1,-1,-1,1,0,0,0,0,0,0,0,0,-1,0,0,1,0,0,-1,0,0,0,0,0,1,0,0,1,0,0,0,0,0,-1,1,1,1,0,-1,0,1,-1,1,-1,0,-1,0,0,0,0,-1,-1,0,-1
946,0,-1,0,0,0,-1,-1,0,1,0,0,0,0,0,0,0,0,0,1,0,0,0,1,-1,-1,0,0,0,0,0,-1,1,0,0,1,0,1,0,0,0,0,0,1,-1,1,0,1,0,0,-1,0,0,-1,1,0,0,0,1,-1,1,1,-1,0,0
947,0,0,0,0,0,0,0,1,0,0,1,0,-1,0,1,1,0,0,0,0,0,0,0,-1,0,-1,0,0,0,0,0,-1,-1,1,0,1,0,0,0,0,0,0,0,0,0,0,-1,0,1,0,1,-1,1,0,1,-1,1,0,0,-1,0,0,-1,0
948,0,0,-1,0,0,0,0,0,0,-1,0,0,0,0,-1,0,0,0,0,0,-1,-1,-1,0,0,0,0,0,1,-1,0,0,0,0,0,1,-1,-1,0,0,0,-1,1,0,0,1,0,1,1,0,1,0,0,-1,0,0,1,0,0,1,0,-1,-1,0
949,0,0,0,0,0,0,0,1,0,0,0,0,-1,0,0,0,1,1,0,0,0,0,0,0,0,0,0,-1,0,0,0,-1,-1,0,0,0,1,-1,0,-1,1,0,-1,1,0,0,-1,0,0,1,0,0,-1,0,1,-1,0,0,0,0,0,-1,0,1
950,0,0,0,1,-1,0,1,0,0,0,1,0,0,0,0,1,0,0,0,1,0,0,0,1,1,0,-1,-1,-1,1,-1,0,0,0,0,0,0,0,-1,0,0,0,0,0,-1,0,1,0,1,1,0,-1,0,0,0,0,0,0,1,0,0,0,0,-1
951,1,0,-1,1,0,0,1,-1,0,0,1,0,0,0,0,0,0,0,-1,0,0,1,0,0,1,0,0,1,1,0,0,0,0,0,0,-1,0,0,-1,-1,0,1,-1,-1,0,0,0,-1,1,0,0,0,1,-1,0,0,-1,0,0,-1,1,-1,0,0
952,0,1,0,1,0,0,0,1,0,0,1,-1,1,0,0,0,0,0,0,0,-1,-1,0,1,1,0,0,0,0,0,0,0,-1,1,-1,-1,0,-1,0,0,1,0,1,0,0,0,0,0,0,-1,1,0,1,0,0,0,1,0,0,0,0,0,0,1
953,-1,0,0,0,0,-1,-1,0,0,0,1,0,0,0,0,0,-1,0,0,0,1,0,0,0,0,1,1,0,0,0,1,0,1,0,0,0,1,0,0,0,-1,0,0,0,-1,0,0,0,0,0,0,0,0,1,0,0,0,-1,0,0,0,0,0,0
954,0,-1,0,0,0,-1,1,0,0,0,0,-1,-1,-1,-1,1,1,-1,1,0,0,0,0,0,0,0,0,0,0,0,0,0,0,-1,-1,-1,1,1,0,1,0,1,1,0,0,1,0,0,1,0,1,0,1,0,1,0,0,0,0,0,0,0,0,0
955,0,0,0,0,0,0,1,0,0,0,0,1,0,1,0,0,0,0,1,0,0,0,0,0,0,0,0,-1,1,0,0,0,1,0,0,0,1,0,0,0,0,0,0,0,-1,0,0,0,0,0,1,0,0,0,0,0,0,0,0,-1,0,0,0,0
956,0,0,1,1,0,1,1,0,0,0,0,1,0,0,0,1,-1,1,0,1,0,1,1,-1,0,1,0,0,1,0,0,0,1,0,0,-1,0,0,0,-1,0,0,1,0,-1,0,0,0,-1,1,1,0,0,0,0,1,0,0,-1,0,-1,0,0,-1
957,-1,1,-1,-1,0,1,0,-1,1,0,0,0,1,0,1,0,0,0,1,0,0,-1,1,-1,0,0,0,0,0,0,0,1,-1,-1,1,1,0,0,0,1,0,-1,0,0,0,0,0,0,0,-1,0,0,1,1,-1,0,0,0,0,-1,0,0,0,1
958,1,0,0,-1,0,0,-1,0,0,-1,0,-1,0,-1,1,0,0,-1,1,-1,0,0,0,0,1,0,0,0,0,0,0,0,0,1,0,0,0,0,0,0,0,0,1,-1,0,-1,0,-1,-1,0,1,0,1,-1,-1,0,0,-1,0,1,-1,0,1,0
959,-1,0,-1,1,0,1,0,0,0,0,1,0,0,1,0,0,0,-1,0,-1,0,0,0,0,0,1,-1,0,0,0,0,0,0,0,0,0,-1,0,0,1,1,0,0,0,-1,0,0,0,-1,0,0,0,0,0,0,0,1,0,0,0,0,0,-1,0
960,0,0,1,0,0,-1,0,0,0,0,0,0,0,0,-1,0,-1,0,1,0,0,0,1,0,1,0,0,0,1,1,0,0,1,0,0,1,0,-1,0,0,0,-1,1,-1,-1,0,0,-1,0,0,0,0,0,-1,0,-1,1,0,0,-1,0,0,-1,0
961,0,0,0,0,0,0,0,0,0,0,0,1,-1,-1,1,0,0,0,0,1,0,-1,-1,0,0,0,0,0,-1,0,0,0,-1,0,1,0,0,0,1,1,0,0,0,0,0,-1,-1,0,1,1,0,0,-1,0,-1,0,-1,0,0,0,-1,0,0,0
962,0,0,-1,1,0,0,1,0,0,-1,0,1,1,0,0,0,0,0,0,0,0,0,0,-1,0,0,0,0,0,1,0,-1,1,0,0,0,0,0,0,0,0,0,0,-1,0,0,1,0,0,0,-1,-1,-1,1,0,0,0,1,0,1,0,0,0,0
963,0,0,0,0,1,1,0,-1,0,0,0,0,-1,0,1,0,0,0,0,0,1,0,0,0,0,1,1,0,0,0,0,0,0,0,0,0,-1,0,1,1,1,1,0,-1,0,0,-1,-1,-1,-1,0,0,0,1,0,0,0,0,1,0,-1,1,0,0
964,0,0,0,-1,-1,-1,1,-1,0,0,0,0,0,0,0,0,0,0,0,0,0,0,-1,0,1,0,0,0,0,0,1,0,0,0,-1,0,0,1,-1,0,0,-1,0,0,0,0,0,0,-1,0,0,-1,0,1,1,0,0,0,0,-1,0,0,0,-1
965,0,0,0,0,0,1,0,0,0,-1,0,0,0,0,-1,-1,-1,0,0,1,0,0,0,1,0,0,0,-1,0,1,0,0,-1,0,0,0,0,1,0,0,0,0,0,0,0,0,-1,0,0,0,0,1,0,-1,0,0,0,-1,0,1,0,-1,0,1
966,0,0,-1,1,0,0,1,0,0,0,0,0,0,0,0,1,0,1,0,0,0,1,0,0,0,0,0,0,0,1,0,0,-1,-1,-1,0,0,0,0,0,0,1,1,0,0,0,0,1,1,1,0,0,0,0,0,0,-1,-1,0,1,0,0,0,0
967,0,0,0,0,1,0,0,1,1,1,0,0,0,0,0,1,0,0,0,1,1,-1,0,0,0,0,0,0,0,0,0,1,0,0,-1,0,1,0,1,0,-1,0,1,0,-1,-1,0,0,0,0,0,0,0,0,0,0,0,-1,0,1,0,1,0,0
968,0,0,1,-1,0,-1,0,0,0,0,0,-1,0,1,-1,-1,0,0,-1,0,0,0,0,1,0,0,0,0,0,0,0,1,0,-1,0,0,0,0,0,0,0,0,-1,0,0,-1,1,0,-1,0,0,0,-1,0,0,-1,0,1,0,-1,1,-1,0,0
969,1,-1,1,0,0,-1,0,0,0,0,0,-1,0,0,1,0,-1,0,0,0,0,0,0,0,0,0,0,0,0,0,0,0,0,0,0,0,0,0,0,0,0,0,0,1,0,-1,0,0,1,1,0,-1,0,0,0,1,-1,0,0,0,-1,0,0,-1
970,0,1,0,0,-1,0,0,0,0,0,1,0,0,-1,0,0,0,1,0,0,0,0,0,0,0,0,0,0,0,0,0,-1,-1,0,-1,-1,-1,0,0,0,0,-1,-1,1,0,0,0,1,-1,0,1,1,1,-1,0,0,0,-1,1,0,1,0,1,0
971,0,-1,0,1,0,0,0,-1,0,0,1,0,1,1,0,-1,0,-1,0,0,0,0,-1,0,0,0,0,0,0,1,0,0,0,-1,-1,0,0,-1,0,0,-1,1,-1,0,0,1,0,0,0,0,0,0,0,0,-1,0,0,1,-1,0,0,0,0,0
972,0,-1,0,0,1,0,0,0,0,0,0,0,0,0,0,0,0,0,0,0,0,-1,0,0,-1,-1,1,0,-1,0,0,0,1,0,1,0,0,1,1,0,0,0,-1,-1,-1,0,0,0,0,-1,0,0,0,-1,-1,-1,-1,0,0,0,0,0,-1,-1
973,-1,0,0,0,0,0,1,-1,-1,0,0,0,-1,0,0,0,0,-1,1,-1,0,0,0,1,-1,1,-1,0,0,0,0,0,0,0,0,0,0,0,0,0,1,0,1,1,0,-1,0,-1,0,-1,0,0,0,0,-1,0,0,0,0,0,0,0,-1,0
974,0,0,0,1,0,1,-1,-1,0,-1,0,-1,0,0,0,-1,0,-1,0,0,0,0,0,0,0,0,-1,1,0,0,-1,1,0,0,0,0,0,1,0,0,0,-1,-1,1,0,0,-1,0,0,1,0,0,0,0,0,0,0,-1,0,0,0,-1,0,0
975,-1,1,0,0,0,1,-1,0,0,1,0,0,0,0,1,0,1,0,0,-1,1,0,0,0,0,-1,-1,0,0,0,0,1,-1,0,0,1,0,0,0,0,0,1,-1,0,-1,0,1,0,0,1,0,1,-1,-1,0,0,1,0,0,-1,1,0,0,1
976,0,0,0,-1,0,0,0,0,0,0,0,0,0,0,0,0,1,1,-1,0,1,0,1,0,0,1,0,0,1,0,0,0,0,0,0,-1,0,-1,-1,0,0,0,0,0,-1,1,0,0,0,0,0,0,0,1,0,0,1,1,0,0,0,0,1,-1
977,-1,-1,0,0,0,1,0,0,-1,0,0,0,0,0,1,0,0,0,0,-1,0,-1,1,0,0,0,1,0,-1,0,0,0,1,0,0,0,0,0,0,1,0,1,0,0,1,0,0,1,0,0,0,0,-1,0,0,0,-1,-1,0,0,0,1,0,-1
978,0,0,0,0,0,0,0,0,0,0,0,1,1,1,0,0,0,0,-1,0,-1,0,0,0,-1,0,0,1,-1,1,0,1,0,0,0,0,0,0,-1,-1,-1,0,-1,1,1,1,-1,1,0,0,0,0,0,0,1,0,0,-1,-1,0,0,0,0,-1
979,0,-1,0,0,0,0,0,0,-1,0,0,0,0,-1,-1,-1,0,0,0,0,0,0,0,-1,0,1,0,-1,0,0,-1,0,0,0,0,0,0,0,0,-1,0,0,1,0,0,0,0,-1,0,0,0,-1,0,0,0,0,-1,0,1,0,1,0,1,0
980,0,0,0,0,0,-1,0,-1,0,0,0,1,-1,0,-1,1,0,0,0,0,0,0,0,0,0,1,0,1,1,1,0,0,0,1,-1,-1,-1,1,0,-1,0,0,-1,0,0,0,0,0,1,0,0,0,1,0,0,1,-1,0,1,0,0,0,0,0
981,0,0,1,0,-1,1,1,-1,-1,0,0,1,0,0,1,-1,1,-1,0,1,0,0,0,-1,0,1,0,0,0,-1,0,0,-1,0,0,0,-1,-1,0,0,1,0,0,0,0,0,0,0,0,0,1,1,-1,0,0,0,0,0,0,0,0,0,0,0
982,0,0,0,0,0,-1,0,1,0,0,0,0,1,-1,0,0,0,0,-1,0,-1,0,-1,0,0,0,-1,0,-1,0,0,0,0,0,0,0,-1,0,-1,-1,0,0,-1,0,-1,0,-1,0,1,0,0,-1,1,-1,0,0,0,1,1,0,0,-1,-1,1
983,0,1,0,0,-1,0,0,-1,0,0,0,-1,0,0,0,0,-1,0,1,1,0,0,0,-1,0,0,0,0,-1,0,0,1,0,0,0,0,0,0,0,1,0,0,1,1,0,-1,0,0,0,0,1,1,1,0,0,0,1,-1,0,-1,0,0,0,0
984,0,1,1,0,0,0,0,-1,0,0,1,0,-1,0,0,-1,0,0,0,0,0,0,-1,-1,0,1,-1,0,0,-1,1,0,0,0,1,-1,0,0,0,1,0,0,1,1,0,0,0,-1,0,0,0,0,0,0,0,-1,0,0,0,1,1,0,-1,0
985,0,0,0,0,0,0,0,0,0,0,0,0,0,0,0,1,1,0,0,0,0,0,1,0,-1,0,0,1,-1,0,0,0,0,0,0,0,1,1,-1,0,0,0,0,0,0,0,0,0,0,-1,0,1,0,0,0,-1,0,0,0,-1,0,-1,-1,0
986,1,0,0,0,-1,0,-1,0,0,0,0,0,0,1,-1,0,0,1,0,0,0,-1,0,1,0,1,0,0,0,0,0,0,1,1,0,0,0,1,0,0,0,-1,1,0,-1,1,-1,0,0,1,-1,-1,0,0,0,1,1,0,0,0,-1,0,0,0
987,0,0,0,1,-1,0,0,0,1,0,0,0,-1,0,-1,1,0,0,0,1,-1,-1,0,0,-1,0,1,0,0,0,1,0,0,0,0,0,1,-1,1,0,-1,-1,0,0,0,0,0,0,0,0,0,1,-1,1,0,0,0,0,1,0,0,0,0,0
988,0,0,-1,1,0,0,0,0,0,0,0,-1,0,-1,0,0,-1,-1,0,0,1,0,-1,0,0,0,1,0,0,0,-1,1,0,0,0,0,-1,0,-1,-1,-1,0,0,0,1,0,0,-1,1,0,0,-1,0,0,0,0,1,0,0,0,-1,0,-1,1
989,1,-1,0,0,1,0,0,0,-1,0,0,0,0,0,0,0,-1,0,-1,0,-1,-1,0,0,0,0,-1,-1,0,-1,1,0,1,0,0,0,-1,0,0,0,-1,0,1,0,-1,1,0,1,0,0,0,0,0,0,0,1,0,1,0,0,0,0,0,0
990,0,1,0,1,0,0,0,0,0,0,0,-1,-1,-1,1,0,0,1,1,0,0,0,0,1,0,0,0,0,1,0,0,-1,0,0,0,1,-1,0,0,0,1,1,-1,0,-1,0,0,0,0,0,0,0,0,-1,0,-1,0,0,1,1,0,0,0,1
991,-1,0,0,0,0,0,0,0,0,-1,0,-1,0,0,0,0,1,1,0,0,0,0,0,0,0,0,0,0,0,1,0,1,1,1,0,0,0,1,0,0,0,0,-1,0,0,1,0,0,0,0,0,0,1,-1,0,0,0,1,0,0,0,0,0,0
992,0,0,0,-1,0,0,0,1,0,-1,1,0,1,0,1,0,-1,0,0,1,0,0,0,0,0,0,1,0,-1,0,0,0,0,0,0,0,0,0,0,0,0,1,1,-1,0,0,1,0,0,0,0,0,1,0,1,1,0,1,-1,0,0,-1,-1,0
993,0,-1,0,0,0,-1,-1,0,0,1,1,0,0,0,0,0,0,0,0,0,0,0,0,0,0,-1,0,-1,1,0,1,0,0,0,0,0,0,0,1,0,0,0,0,1,-1,0,-1,0,0,0,0,-1,1,0,-1,0,0,0,0,1,0,0,0,0
994,0,-1,1,0,0,0,0,0,0,-1,0,-1,1,0,-1,0,0,0,-1,1,0,0,0,0,0,0,0,0,-1,0,-1,0,0,0,-1,0,0,-1,-1,0,-1,0,0,0,0,0,0,0,0,-1,0,0,-1,0,0,-1,0,0,0,0,-1,1,0,-1
995,-1,0,0,0,0,0,0,1,0,-1,-1,1,0,0,-1,0,-1,0,0,0,0,0,0,0,0,1,0,0,0,-1,0,0,-1,0,1,0,0,0,-1,-1,0,0,0,0,0,1,0,0,0,0,0,0,0,-1,-1,0,0,-1,-1,0,1,0,0,-1
996,0,-1,0,0,0,0,0,1,0,0,-1,0,1,1,0,-1,0,0,0,0,-1,0,0,1,-1,0,-1,-1,0,-1,-1,0,0,0,0,0,0,0,0,0,1,-1,0,0,0,0,1,1,-1,0,-1,1,-1,-1,-1,0,0,0,1,0,0,0,0,0
997,1,0,0,0,0,0,0,0,0,0,0,0,1,0,0,0,-1,0,0,0,0,0,0,0,-1,0,0,-1,-1,0,0,0,0,-1,0,-1,0,0,0,0,-1,0,0,0,-1,0,0,0,0,0,0,0,0,0,0,-1,0,-1,1,0,-1,0,0,-1
998,0,-1,0,1,0,1,0,-1,0,-1,0,0,0,0,0,0,0,0,0,0,0,0,-1,1,0,-1,0,0,0,1,0,0,0,0,0,1,-1,1,1,0,0,-1,0,1,1,1,0,1,1,0,1,-1,-1,0,0,0,0,0,0,0,-1,-1,0,0
999,0,0,0,0,1,0,-1,1,0,0,0,0,0,0,1,1,0,0,0,-1,0,0,-1,1,0,0,0,0,0,0,1,-1,1,0,1,-1,-1,-1,1,1,1,0,0,-1,0,0,-1,0,0,1,1,0,0,-1,1,0,0,0,0,0,-1,0,0,0
1000,0,1,0,0,0,1,0,0,0,0,1,-1,0,0,0,0,-1,0,0,-1,0,0,1,0,0,-1,0,1,0,1,0,0,1,0,1,0,-1,1,0,1,0,0,1,0,0,0,0,0,0,0,0,0,-1,0,0,0,-1,0,0,0,0,1,1,1
1001,0,-1,0,0,0,0,1,0,1,0,0,0,0,0,-1,0,1,0,1,0,0,1,0,1,0,0,0,0,-1,0,0,0,1,0,0,1,0,-1,0,-1,0,0,0,0,0,0,0,0,-1,0,0,0,1,0,1,1,0,-1,1,0,0,0,0,0
1002,-1,-1,0,-1,0,1,0,0,0,0,0,-1,0,0,0,0,1,1,0,0,-1,0,0,0,0,0,0,0,1,0,0,0,0,0,0,0,1,0,0,0,-1,-1,0,0,0,1,0,0,0,-1,0,0,0,0,1,0,-1,0,-1,0,0,0,0,1
1003,1,0,0,0,0,0,0,0,1,0,0,1,-1,1,1,0,0,1,0,0,-1,-1,-1,-1,-1,0,-1,-1,0,-1,0,0,0,-1,0,-1,-1,0,0,0,0,0,1,-1,0,0,0,0,1,0,0,0,0,0,0,1,0,1,-1,0,0,1,0,0
1004,-1,-1,-1,0,0,0,0,1,0,0,0,0,0,-1,1,0,0,0,1,0,1,0,0,0,0,-1,0,-1,0,0,0,0,-1,-1,-1,1,1,0,1,0,0,-1,0,1,0,0,0,0,-1,1,0,0,0,0,0,0,0,0,1,0,0,0,0,0
1005,1,-1,0,0,0,0,0,0,0,0,0,0,0,0,0,0,0,0,0,0,0,-1,1,0,1,0,0,0,-1,-1,0,1,1,0,1,0,-1,0,1,0,0,0,-1,0,0,0,1,0,0,-1,0,0,0,0,-1,0,-1,0,0,1,0,0,0,0
1006,0,0,0,0,-1,1,0,0,0,-1,-1,0,1,0,0,-1,0,0,-1,-1,0,0,-1,0,-1,1,0,0,-1,1,0,-1,0,0,0,1,0,0,0,-1,0,0,0,0,1,-1,0,0,0,1,0,-1,0,0,0,0,0,0,0,-1,1,0,0,0
1007,0,1,1,0,0,0,0,0,1,0,-1,0,0,-1,-1,0,0,0,0,-1,0,0,0,0,0,0,0,-1,1,1,0,1,0,0,1,-1,0,0,0,0,0,0,0,0,0,0,0,0,0,0,-1,-1,1,0,0,0,-1,0,0,0,0,0,-1,0
1008,0,1,1,1,0,-1,-1,0,0,0,0,-1,0,-1,0,-1,0,-1,1,0,-1,0,0,0,1,0,1,0,0,-1,0,-1,0,0,1,0,0,0,0,-1,0,0,-1,0,1,1,0,0,1,0,1,0,0,0,1,0,0,1,-1,1,1,0,-1,0
1009,-1,-1,0,1,1,0,0,0,-1,0,0,-1,0,0,0,0,-1,-1,1,0,1,-1,0,0,-1,-1,1,0,0,0,0,0,0,-1,-1,1,0,0,0,0,0,1,0,-1,0,0,1,1,1,0,-1,0,0,0,1,0,-1,1,0,0,0,0,0,1
1010,0,0,0,0,0,0,0,0,0,0,0,-1,1,0,0,1,1,1,1,0,0,0,0,0,1,1,1,0,1,0,0,0,0,0,0,0,-1,1,-1,0,0,-1,1,0,0,0,-1,0,1,1,0,0,0,-1,0,1,0,0,0,0,0,0,0,0
1011,0,1,0,0,-1,0,0,1,0,0,0,0,0,0,0,-1,0,1,0,0,0,0,0,0,0,1,0,1,-1,0,0,1,0,1,0,-1,0,0,0,-1,1,0,-1,0,0,0,-1,0,0,-1,0,1,0,0,0,0,-1,1,0,0,1,0,0,1
1012,0,0,0,0,-1,1,0,1,0,-1,0,-1,-1,-1,0,0,-1,0,0,-1,0,0,0,0,0,-1,0,-1,-1,0,-1,-1,0,0,0,0,0,-1,1,0,1,0,0,0,-1,0,0,0,0,0,1,0,0,1,0,0,-1,0,1,0,1,0,0,1
1013,0,0,0,0,-1,-1,0,0,0,0,0,-1,0,-1,0,-1,0,-1,0,0,0,0,0,0,0,0,0,0,1,0,1,0,0,0,0,0,0,0,0,0,0,1,0,0,0,-1,1,0,0,1,0,1,0,0,0,0,0,0,0,0,1,0,0,-1
1014,0,0,-1,1,-1,0,1,0,-1,0,-1,0,-1,0,0,0,0,-1,0,0,0,1,0,0,0,0,0,1,0,-1,0,-1,1,0,1,0,1,1,0,0,0,0,0,1,0,-1,0,-1,1,0,0,-1,1,0,0,0,0,1,0,1,-1,-1,0,1
1015,0,0,0,-1,1,0,0,0,-1,-1,0,0,0,0,-1,1,-1,0,-1,0,-1,0,0,0,0,0,1,0,0,0,0,0,0,0,0,0,0,0,0,0,-1,0,0,0,0,0,0,-1,-1,-1,-1,0,0,0,0,0,0,-1,1,0,1,1,-1,1
1016,0,-1,0,0,1,0,-1,-1,1,0,0,0,-1,0,0,0,0,0,0,-1,0,0,1,0,0,-1,0,1,0,0,0,0,1,0,0,0,0,1,0,0,0,-1,0,0,0,1,0,0,-1,0,0,0,0,1,0,0,0,0,0,0,0,0,0,0
1017,0,1,0,0,-1,0,0,-1,0,1,0,-1,1,0,0,0,0,1,0,0,1,0,0,0,1,0,0,1,0,0,0,0,0,1,-1,0,0,1,0,0,0,0,0,1,0,1,0,-1,0,0,0,0,-1,1,0,0,1,0,0,-1,0,0,-1,1
1018,0,0,-1,0,0,0,0,-1,0,0,0,1,0,0,0,0,0,1,0,0,0,0,1,0,0,1,1,0,-1,1,1,1,-1,0,0,-1,0,-1,0,1,0,0,-1,0,0,0,0,-1,-1,0,0,0,1,0,1,-1,1,-1,-1,0,-1,0,0,0
1019,0,0,0,0,0,0,-1,0,0,0,0,1,-1,0,1,1,0,0,0,1,1,0,0,0,0,-1,1,0,1,0,0,1,1,0,-1,0,0,1,0,-1,0,0,0,0,0,-1,0,0,0,1,-1,0,-1,0,0,0,0,1,0,0,0,-1,-1,0
1020,0,0,0,0,0,0,0,0,1,-1,-1,0,1,1,0,1,0,-1,0,-1,0,0,0,-1,0,0,-1,0,0,-1,0,0,1,0,0,0,1,0,1,0,0,0,1,-1,0,0,1,0,0,0,0,0,0,1,-1,1,0,-1,0,0,0,0,0,0
1021,0,0,0,0,-1,0,0,-1,0,-1,1,0,-1,1,0,0,-1,0,0,0,-1,0,1,1,0,-1,0,0,0,-1,-1,1,0,0,-1,-1,-1,0,0,0,0,-1,0,1,0,1,-1,1,-1,0,0,0,0,0,0,0,1,-1,0,0,-1,0,0,1
1022,0,-1,0,-1,1,0,0,0,0,-1,0,0,1,0,0,0,0,1,0,1,1,0,0,0,0,-1,-1,-1,0,0,0,1,0,0,-1,0,0,0,0,0,0,-1,0,0,0,-1,1,1,0,0,1,0,0,-1,1,0,-1,0,-1,1,0,0,1,-1
1023,-1,0,0,1,0,1,1,0,0,-1,0,-1,0,-1,0,0,0,-1,0,1,0,0,1,0,0,0,-1,0,0,0,-1,0,0,0,0,-1,0,0,0,0,0,0,1,0,0,0,0,-1,0,0,0,0,0,0,0,-1,-1,0,1,0,-1,0,0,-1
1024,0,0,0,0,0,-1,1,0,0,0,0,0,0,0,0,0,1,0,-1,1,0,-1,0,1,0,1,0,0,0,0,0,0,1,0,1,-1,0,0,0,1,0,-1,0,-1,0,-1,0,0,-1,0,1,1,0,-1,0,0,1,-1,1,0,1,0,-1,-1
1025,0,-1,0,1,-1,0,1,1,-1,0,0,-1,0,1,0,0,-1,0,0,0,1,0,-1,0,0,0,0,-1,0,0,0,-1,0,0,0,1,0,0,0,0,0,1,0,1,0,0,0,0,-1,-1,0,0,0,1,0,0,1,0,0,0,0,-1,0,0
1026,0,0,0,-1,-1,1,0,1,1,1,-1,0,0,0,-1,0,0,1,0,0,0,1,1,1,0,0,-1,0,1,0,0,0,1,0,-1,0,0,0,1,1,1,0,0,0,0,0,0,0,0,0,0,-1,0,-1,1,1,0,0,1,0,0,0,0,1
1027,0,0,0,0,0,0,0,0,-1,0,0,0,0,0,-1,0,0,1,0,0,1,0,0,0,1,0,-1,-1,1,0,-1,0,0,1,-1,-1,0,0,0,0,1,1,-1,0,0,0,0,0,0,1,0,-1,0,0,-1,-1,0,0,1,0,-1,0,0,-1
1028,0,0,1,0,-1,-1,1,0,0,0,0,0,0,0,0,0,0,1,0,-1,0,1,0,0,-1,0,0,0,0,0,0,1,0,0,-1,0,1,0,1,0,0,0,1,-1,1,0,0,0,0,0,0,-1,0,1,1,-1,0,1,0,1,0,-1,0,-1
1029,1,0,-1,0,0,-1,0,1,0,0,-1,0,1,0,-1,0,-1,-1,0,0,0,-1,-1,-1,0,0,0,-1,0,0,0,0,1,0,0,-1,0,-1,-1,1,0,0,0,-1,0,0,1,0,1,1,0,1,-1,0,0,1,0,0,0,0,0,1,0,1
1030,0,0,0,-1,0,1,1,0,0,0,1,0,0,0,0,0,0,-1,0,-1,0,-1,0,0,0,0,0,0,0,0,0,1,0,1,0,0,0,0,0,-1,0,-1,-1,0,-1,-1,0,0,0,0,1,0,-1,1,1,0,0,0,0,0,1,1,0,0
1031,-1,1,0,0,0,0,0,0,-1,1,0,0,-1,0,1,0,1,0,0,-1,0,0,0,-1,0,1,1,0,1,0,0,-1,0,0,1,1,1,0,0,0,0,0,0,0,0,-1,0,1,1,0,-1,0,1,-1,0,0,0,0,0,0,0,-1,0,0
1032,0,1,-1,1,0,1,-1,0,0,0,0,0,0,0,1,0,0,0,0,1,1,0,0,-1,-1,0,-1,-1,1,-1,1,1,0,0,0,0,0,0,-1,0,0,0,1,-1,0,0,0,1,0,0,0,1,0,0,0,1,0,1,1,0,0,0,0,-1
1033,0,0,-1,-1,0,0,1,0,0,0,0,1,0,1,-1,0,-1,-1,0,0,0,-1,0,0,0,-1,0,0,0,1,-1,0,0,-1,0,0,0,0,-1,0,0,0,0,0,0,0,0,1,-1,0,0,0,0,0,1,0,0,-1,0,0,1,1,0,0
1034,0,0,0,1,0,0,0,-1,-1,0,-1,0,1,0,0,-1,0,0,0,0,0,0,0,0,0,0,0,0,0,0,0,0,0,1,1,0,1,-1,0,0,0,0,-1,0,0,-1,-1,0,0,0,0,0,1,0,-1,1,0,0,0,1,0,0,1,1
1035,0,-1,0,0,0,0,0,0,0,0,-1,0,0,0,0,0,0,0,0,0,-1,-1,0,0,1,0,0,1,0,-1,-1,0,-1,1,-1,0,1,0,0,0,0,1,1,1,0,0,0,0,0,0,0,0,0,0,0,0,0,0,0,0,0,0,0,1
1036,0,-1,-1,0,0,-1,0,0,0,1,-1,0,0,0,0,0,0,1,0,0,-1,0,0,0,1,-1,0,-1,-1,0,0,0,0,-1,0,0,-1,-1,-1,0,0,0,0,0,1,0,0,-1,0,0,-1,0,0,0,0,0,0,0,1,0,0,1,0,0
1037,0,0,0,-1,0,0,0,0,-1,0,0,-1,0,0,1,0,0,1,0,0,0,1,0,0,1,0,1,0,1,0,0,1,0,0,0,0,0,0,0,-1,0,0,0,-1,0,1,0,1,0,-1,1,0,0,1,0,0,0,0,0,0,1,0,0,1
1038,1,-1,0,1,1,1,0,0,1,0,1,0,0,0,0,0,0,-1,0,0,-1,0,0,0,0,0,0,0,0,0,1,0,0,1,1,-1,0,-1,-1,0,0,0,-1,-1,0,0,0,-1,0,0,1,0,0,1,1,1,0,0,0,-1,1,0,0,0
1039,1,0,0,-1,-1,0,-1,0,-1,1,1,0,1,0,0,0,0,-1,0,0,0,-1,0,0,-1,0,0,-1,0,-1,1,0,0,0,0,0,0,0,-1,-1,0,0,0,0,0,0,0,-1,0,0,-1,0,-1,0,1,0,0,1,0,0,-1,0,0,-1
1040,0,0,-1,-1,-1,0,0,0,0,0,0,0,0,0,-1,0,0,-1,1,1,-1,0,0,1,1,0,0,0,0,0,0,0,-1,1,1,-1,0,-1,0,0,0,1,-1,0,0,-1,0,1,-1,1,0,0,1,0,1,0,1,0,0,0,0,0,0,0
1041,1,1,0,0,-1,0,0,1,1,1,0,0,-1,1,0,1,0,-1,1,-1,0,0,0,-1,0,-1,0,-1,1,0,0,1,0,0,0,0,0,0,1,1,1,0,0,0,1,1,0,-1,0,-1,0,0,1,0,1,-1,0,1,0,0,0,0,0,-1
1042,0,0,0,0,0,-1,-1,0,-1,-1,0,0,0,0,0,0,0,0,1,0,0,0,0,1,-1,0,-1,0,1,0,0,0,0,1,1,0,0,0,0,-1,0,0,1,0,1,0,0,0,0,-1,-1,1,0,-1,0,0,-1,-1,0,0,0,0,1,1
1043,-1,0,0,0,0,0,0,0,0,0,0,0,0,0,0,0,0,0,-1,0,0,0,1,-1,0,1,0,0,-1,1,0,-1,0,0,0,-1,-1,-1,0,0,0,0,0,1,1,1,1,0,-1,0,-1,0,1,0,-1,1,1,0,-1,0,0,0,1,-1
1044,0,0,0,0,0,0,-1,-1,0,0,0,1,-1,-1,0,-1,0,0,1,0,0,0,0,-1,0,0,0,0,0,0,0,1,1,0,1,0,0,0,0,-1,1,0,0,0,0,0,1,0,0,0,0,-1,1,0,1,0,0,0,0,0,1,-1,1,0
1045,0,0,0,0,0,1,0,-1,0,0,0,1,0,-1,0,0,-1,-1,0,0,1,0,0,0,1,0,-1,0,-1,0,0,0,0,0,0,0,1,1,0,0,0,0,0,1,0,0,0,-1,0,0,0,0,0,0,1,0,1,1,0,0,0,0,0,0
1046,0,0,0,0,-1,0,0,1,0,0,0,-1,0,1,0,-1,-1,1,1,0,-1,0,0,0,0,0,0,0,-1,0,-1,1,0,0,0,0,0,1,-1,0,0,1,0,0,0,0,0,0,0,1,1,0,-1,0,0,1,1,-1,1,1,0,-1,0,0
1047,0,-1,0,0,0,1,0,1,0,0,0,0,0,-1,1,0,0,0,0,-1,0,1,1,0,1,0,0,0,-1,0,0,0,0,0,0,1,0,-1,0,1,-1,0,0,0,0,0,0,0,0,1,0,-1,-1,-1,0,-1,0,0,-1,0,1,0,0,0
1048,0,0,-1,1,0,0,1,1,0,-1,0,0,0,1,0,0,1,1,0,0,0,0,-1,0,0,0,0,0,-1,1,0,0,1,1,0,0,0,0,0,0,0,0,-1,1,0,0,0,0,0,0,-1,0,1,0,0,-1,0,0,0,0,-1,1,-1,0
1049,0,0,-1,1,0,1,0,0,0,0,0,1,1,-1,0,0,1,-1,0,0,1,1,0,0,0,1,0,1,0,0,1,-1,0,0,0,0,0,-1,0,-1,0,1,-1,0,0,0,0,0,0,-1,1,0,0,0,0,0,0,0,0,-1,0,0,0,-1
1050,0,0,0,1,0,0,0,0,-1,0,0,0,0,0,0,0,-1,-1,-1,0,0,0,-1,0,1,0,0,0,0,0,0,1,-1,0,0,0,0,-1,-1,0,0,0,-1,0,1,0,-1,0,0,-1,1,0,-1,0,0,0,0,0,0,0,-1,1,0,0
1051,0,0,0,1,0,0,0,0,0,0,0,0,0,0,0,-1,0,0,0,0,0,0,0,0,0,0,0,1,0,1,0,0,0,0,0,0,-1,0,0,0,0,0,0,0,1,0,0,1,1,-1,0,1,0,1,0,0,0,0,0,0,0,1,0,0
1052,0,0,1,-1,-1,0,-1,0,-1,-1,0,0,0,0,0,-1,0,0,1,0,1,0,0,0,1,0,-1,0,0,0,0,0,0,0,0,0,0,0,0,0,0,0,0,0,0,0,-1,0,-1,0,0,0,1,1,0,0,0,0,-1,0,0,0,1,0
1053,0,0,0,-1,0,1,0,0,0,0,0,0,-1,0,0,1,1,0,-1,1,0,0,0,0,0,0,0,0,0,-1,-1,0,0,0,0,0,0,0,-1,0,-1,0,0,1,1,0,-1,0,0,1,0,1,0,0,0,0,0,0,0,0,-1,0,1,0
1054,-1,-1,0,0,0,-1,0,1,0,0,-1,1,0,1,0,0,1,0,0,-1,1,0,0,0,0,0,0,0,0,-1,0,0,-1,0,0,-1,1,0,1,0,0,0,0,-1,-1,0,-1,0,0,1,-1,-1,0,1,-1,0,0,0,0,-1,0,0,1,0
1055,0,0,0,0,-1,1,0,0,0,0,0,0,0,0,-1,1,0,0,0,-1,0,1,0,0,0,1,0,0,0,1,0,-1,0,0,0,0,-1,0,0,0,0,1,0,0,1,0,0,0,0,0,-1,0,0,0,1,0,0,0,0,0,0,0,1,0
1056,-1,1,1,-1,0,-1,1,0,0,0,0,0,0,0,0,-1,0,-1,1,0,0,0,0,0,0,0,0,-1,0,0,0,0,-1,0,0,0,0,1,0,0,-1,0,-1,1,0,1,-1,0,0,0,-1,-1,1,1,0,1,0,0,0,0,0,-1,-1,1
1057,0,-1,-1,0,0,0,0,0,1,1,0,0,0,1,0,0,0,0,0,0,0,1,1,1,-1,0,0,1,0,0,-1,-1,0,0,0,0,0,0,0,0,-1,0,0,0,0,1,1,0,0,0,1,1,0,0,0,-1,1,0,0,0,0,0,0,-1
1058,1,0,0,0,-1,0,0,0,0,0,0,0,0,0,0,0,-1,0,1,0,0,-1,-1,1,1,0,0,1,0,0,-1,-1,0,1,1,1,-1,1,-1,0,0,-1,0,0,0,0,0,0,0,1,0,0,-1,-1,0,0,1,0,1,-1,-1,0,1,0
1059,0,0,0,0,1,1,1,0,0,0,-1,-1,0,0,0,0,0,0,0,1,-1,0,0,0,0,-1,0,-1,0,0,0,0,1,0,1,0,0,0,-1,0,0,0,0,0,-1,-1,0,0,0,-1,1,0,1,0,-1,1,1,0,0,0,0,0,0,1
1060,0,0,1,0,0,1,1,-1,0,0,0,-1,1,0,0,0,-1,0,0,0,0,-1,0,0,1,0,0,0,0,0,0,0,0,0,0,0,1,0,0,0,-1,0,0,0,0,0,0,0,0,1,1,0,0,0,0,0,1,-1,0,0,0,1,0,0
1061,0,-1,0,0,0,1,0,0,0,1,1,0,0,1,0,0,0,0,-1,0,0,0,0,0,1,0,0,0,1,1,0,0,1,0,0,0,1,0,0,0,0,-1,-1,0,0,0,-1,-1,1,-1,1,0,-1,0,-1,-1,0,0,0,-1,0,1,0,0
1062,0,0,1,-1,0,-1,-1,0,-1,0,0,0,0,0,1,1,1,0,0,-1,0,0,0,0,1,1,0,0,0,-1,0,-1,0,1,0,0,0,1,0,0,0,0,0,0,0,0,0,-1,-1,-1,1,1,1,1,1,0,0,0,0,0,0,0,0,0
1063,0,0,0,0,0,-1,1,0,0,-1,0,0,-1,0,0,0,-1,0,0,-1,0,0,0,0,-1,0,0,1,0,0,0,0,0,0,0,0,0,0,0,0,0,0,0,0,1,0,1,0,1,0,-1,1,0,0,0,1,0,-1,0,0,1,0,0,-1
1064,0,0,0,0,1,1,0,0,0,1,1,0,0,0,0,-1,0,0,0,0,0,1,-1,0,-1,0,0,0,0,0,0,0,-1,0,-1,0,-1,-1,0,0,0,0,-1,0,0,1,0,0,-1,1,1,0,0,1,0,1,0,-1,1,0,0,0,0,0
1065,-1,0,0,1,0,0,0,1,0,-1,0,0,0,1,0,1,0,-1,0,0,1,0,-1,0,-1,1,0,-1,0,0,-1,0,0,0,1,0,-1,0,0,-1,0,0,0,0,-1,0,0,1,0,0,1,-1,0,0,0,0,0,0,0,-1,0,0,0,0
1066,0,-1,0,0,0,-1,0,1,0,0,0,0,0,0,0,0,0,0,0,0,0,0,0,0,0,0,-1,0,0,-1,0,-1,-1,-1,0,1,0,0,0,0,0,0,0,1,0,0,0,0,0,0,-1,0,0,1,1,0,0,0,0,1,0,1,0,1
1067,0,0,1,0,0,0,1,1,0,0,0,0,0,0,0,1,1,0,0,0,0,0,0,1,0,1,0,0,1,1,0,1,1,0,0,0,0,0,-1,-1,0,0,0,0,-1,0,-1,-1,0,0,0,0,1,0,1,1,0,0,-1,0,0,0,1,0
1068,0,0,-1,0,1,0,0,1,-1,-1,0,0,0,1,-1,0,0,0,1,0,0,0,-1,0,0,0,0,1,-1,0,0,1,0,0,0,0,0,1,0,0,0,0,0,0,0,-1,0,0,0,1,0,0,0,0,0,0,-1,-1,0,1,-1,0,0,0
1069,0,0,0,0,0,1,0,0,0,-1,1,1,-1,1,0,1,0,0,0,0,-1,-1,0,0,0,0,0,0,0,-1,0,-1,1,0,1,0,0,1,0,1,0,-1,0,1,0,-1,1,0,-1,0,1,0,0,1,0,0,0,0,1,0,0,0,0,0
1070,0,0,0,0,0,0,0,0,0,-1,0,1,0,0,1,0,0,-1,-1,0,1,1,-1,0,0,0,1,0,0,0,0,-1,-1,0,-1,0,0,0,0,0,0,0,0,0,0,0,-1,0,0,-1,-1,0,0,1,-1,0,-1,0,0,0,1,0,0,0
1071,0,1,-1,0,0,1,0,0,0,0,0,0,0,0,-1,0,0,1,1,0,0,1,0,0,0,0,0,1,0,-1,1,1,0,1,0,0,0,0,0,0,0,1,0,1,-1,0,0,0,0,0,0,0,0,0,1,0,0,0,0,0,0,0,-1,0
1072,1,-1,1,0,0,0,0,0,0,1,0,0,0,1,0,0,0,0,1,0,0,1,0,0,0,0,0,0,0,-1,-1,0,-1,0,0,0,0,0,0,0,1,0,0,-1,0,-1,1,0,0,-1,0,1,0,0,0,0,1,0,0,0,0,0,0,-1
1073,0,0,0,0,-1,0,0,0,1,-1,0,1,0,0,0,0,1,0,0,0,0,-1,0,0,1,0,0,0,0,0,1,0,0,0,-1,1,-1,0,0,0,1,0,-1,-1,-1,-1,0,0,0,0,0,1,-1,0,0,0,0,0,0,0,0,1,0,-1
1074,0,0,-1,0,0,-1,0,0,0,0,1,-1,1,0,0,0,0,0,0,0,-1,0,1,0,0,-1,0,0,0,0,-1,-1,-1,0,0,0,1,0,1,0,0,1,0,1,0,0,0,0,0,0,-1,0,0,0,-1,1,0,0,1,0,1,-1,0,0
1075,-1,0,-1,-1,1,1,0,0,0,0,0,0,0,0,0,0,0,1,0,0,0,0,-1,1,0,0,0,0,0,-1,-1,0,0,-1,0,1,0,0,-1,0,0,0,0,-1,0,1,0,-1,0,0,0,0,1,-1,-1,-1,0,0,-1,0,0,0,0,-1
1076,-1,1,0,-1,0,-1,0,0,0,-1,-1,0,0,-1,0,0,0,0,0,0,0,0,0,0,0,1,-1,0,0,-1,0,0,-1,0,0,0,0,0,-1,0,0,0,0,0,0,0,0,-1,0,1,1,0,0,-1,0,0,0,0,1,0,0,0,0,0
1077,0,0,1,-1,0,0,1,1,1,0,0,0,1,0,1,0,0,0,0,1,-1,0,1,0,-1,0,-1,-1,0,0,-1,1,0,1,1,0,0,0,0,0,0,0,-1,1,0,-1,0,1,-1,1,0,0,0,0,-1,0,0,0,1,0,0,0,0,0
1078,0,0,0,0,1,0,0,0,0,0,-1,0,0,-1,0,0,0,-1,1,-1,-1,0,0,0,0,0,-1,-1,0,-1,-1,-1,0,0,0,-1,1,1,0,-1,1,0,0,1,0,0,1,0,1,1,0,0,0,0,0,0,0,-1,-1,0,0,1,0,0
1079,0,1,0,-1,0,0,0,0,0,0,0,0,0,0,0,1,0,0,-1,1,1,-1,0,0,0,0,0,0,0,1,0,0,0,-1,0,0,0,0,0,0,-1,0,1,0,1,0,0,0,0,0,-1,-1,0,0,0,0,0,0,-1,0,-1,0,0,-1
1080,1,0,1,0,0,0,0,0,-1,-1,0,0,1,1,1,0,0,-1,1,1,0,0,1,-1,0,0,0,0,0,1,1,0,-1,0,0,0,-1,0,0,0,0,0,0,0,1,1,-1,1,-1,0,0,-1,0,1,-1,0,0,0,-1,0,-1,0,0,0
1081,0,0,-1,0,0,-1,0,1,0,0,1,-1,0,0,0,0,0,0,0,-1,0,0,1,-1,0,0,0,0,-1,0,0,0,0,0,0,0,1,0,-1,0,1,0,0,0,0,0,1,0,1,0,0,0,0,0,0,0,1,0,1,0,0,-1,0,0
1082,0,0,0,-1,0,-1,-1,0,0,0,0,-1,0,0,0,0,1,-1,0,1,0,1,0,0,0,0,0,0,0,0,0,0,0,0,-1,0,1,0,0,0,0,0,0,0,1,0,-1,0,0,0,-1,-1,0,0,0,0,0,-1,1,0,0,0,-1,0
1083,-1,0,0,0,-1,1,1,1,-1,0,0,1,0,0,0,-1,0,0,0,0,0,1,0,-1,0,0,0,1,0,1,0,0,0,0,0,1,0,1,0,0,0,0,0,-1,0,0,0,0,0,0,0,0,0,0,0,0,0,1,0,1,-1,0,0,0
1084,0,0,0,0,0,1,1,0,1,0,0,0,0,0,0,0,-1,0,0,-1,-1,0,0,0,1,0,1,-1,0,1,0,-1,1,0,-1,-1,-1,0,0,0,-1,0,0,0,0,0,0,0,0,1,0,0,0,0,-1,0,0,0,-1,0,0,0,0,0
1085,1,0,0,-1,-1,-1,0,-1,1,0,-1,0,1,0,0,0,0,-1,-1,1,0,0,0,0,-1,1,0,0,1,-1,0,0,0,0,0,0,0,0,0,0,0,1,-1,-1,0,1,0,0,-1,-1,0,1,0,-1,1,-1,0,0,0,0,0,1,0,-1
1086,0,0,0,-1,0,0,0,0,-1,0,0,1,0,1,-1,0,0,0,0,0,0,1,0,0,0,-1,0,0,0,1,0,0,1,1,0,0,0,-1,0,0,0,0,0,-1,-1,0,0,0,0,-1,0,-1,0,1,0,0,0,0,0,-1,1,0,1,0
1087,0,0,-1,-1,0,0,0,1,0,0,0,0,0,0,0,0,0,1,0,-1,1,-1,0,0,0,0,0,0,0,0,1,0,0,0,0,0,0,1,1,-1,0,0,0,0,-1,0,0,0,-1,0,0,0,1,-1,-1,0,0,1,0,0,0,0,0,0
1088,-1,0,0,1,0,1,0,0,0,0,0,0,1,1,0,-1,0,-1,-1,0,-1,0,0,1,1,0,0,0,0,1,-1,0,1,-1,0,-1,1,1,0,1,0,0,0,0,0,1,0,0,1,0,1,0,0,-1,-1,0,0,0,-1,1,0,0,0,0
1089,0,0,0,-1,0,0,0,-1,0,-1,0,-1,0,0,0,0,-1,0,0,0,0,0,0,0,1,0,0,0,1,0,1,0,0,1,0,0,0,0,1,0,0,0,0,0,0,1,0,0,0,0,0,-1,0,-1,0,0,0,-1,-1,0,-1,1,1,1
1090,1,1,1,-1,0,1,0,0,0,0,-1,0,-1,1,0,0,-1,0,1,1,0,0,0,1,1,0,0,0,0,-1,0,0,1,0,0,0,0,0,0,0,0,1,-1,0,0,1,-1,0,0,0,0,0,1,0,0,0,0,0,0,0,0,0,0,0
1091,0,1,0,-1,0,0,0,0,0,-1,-1,-1,0,0,0,0,0,1,1,0,0,0,0,-1,-1,-1,0,0,0,1,0,1,0,0,0,0,0,0,0,-1,0,-1,0,1,0,0,-1,1,0,0,0,0,0,0,0,0,0,0,-1,0,0,-1,0,0
1092,0,0,0,0,1,-1,0,0,0,1,0,0,0,-1,0,1,0,1,-1,0,0,1,1,0,0,0,0,0,0,1,1,0,0,0,-1,0,0,0,0,0,-1,0,0,0,0,0,-1,1,0,-1,0,-1,0,0,0,0,-1,0,0,-1,0,1,0,0
1093,0,0,0,0,0,0,0,0,0,0,0,-1,0,-1,0,0,0,-1,1,0,0,-1,-1,0,-1,-1,0,0,0,0,0,0,0,0,0,0,0,0,0,-1,0,-1,0,0,0,0,1,0,0,0,0,-1,-1,0,0,0,0,-1,0,0,0,0,1,0
1094,0,-1,1,-1,-1,0,0,0,0,0,0,0,1,-1,-1,0,0,1,0,-1,0,0,0,0,0,0,1,0,0,0,-1,0,0,0,1,1,0,0,0,0,1,1,0,1,0,-1,1,1,0,-1,0,0,0,0,0,0,-1,0,-1,1,0,0,1,0
1095,0,0,0,1,-1,0,0,-1,-1,0,1,0,0,0,0,0,1,0,0,0,0,0,0,-1,0,0,0,0,-1,0,0,1,0,-1,1,0,0,-1,0,-1,0,1,0,0,0,0,1,0,0,0,0,0,-1,0,0,0,0,0,0,-1,0,0,0,0
1096,1,0,-1,0,0,-1,0,0,0,0,-1,0,0,-1,1,1,0,0,0,0,1,1,1,0,1,0,0,0,1,1,1,0,0,0,0,0,0,1,1,0,0,0,-1,0,0,-1,0,1,0,0,1,0,-1,0,-1,-1,-1,-1,1,-1,0,0,0,0
1097,0,0,0,0,0,0,0,0,0,-1,0,-1,0,0,-1,0,1,0,0,1,-1,1,0,0,0,0,0,-1,0,0,-1,0,0,0,0,-1,0,0,0,0,0,0,0,-1,1,0,0,0,0,0,0,-1,0,-1,0,0,0,0,0,1,0,0,0,1
1098,0,0,0,0,1,0,0,0,1,0,0,1,0,-1,0,1,-1,0,0,0,1,0,-1,0,1,0,0,0,-1,0,1,0,0,0,1,0,1,0,0,0,0,0,0,0,-1,-1,0,1,0,-1,-1,0,0,0,0,0,0,-1,0,0,0,1,0,0
1099,0,1,-1,0,-1,0,-1,0,-1,0,0,0,0,-1,1,-1,1,0,0,-1,0,-1,0,0,0,0,0,0,0,-1,1,0,1,1,0,-1,0,-1,1,1,-1,-1,-1,0,0,1,-1,0,0,-1,0,0,-1,0,0,-1,-1,0,-1,0,0,-1,0,-1
1100,1,0,0,-1,-1,-1,0,0,0,0,0,0,-1,0,0,0,0,0,0,1,0,0,0,0,0,0,-1,-1,0,1,1,-1,0,0,-1,0,0,0,0,0,0,0,-1,1,1,0,0,1,0,1,0,1,0,-1,1,0,-1,0,0,-1,0,0,1,0
1101,1,0,0,0,0,1,1,0,0,0,0,0,1,0,0,0,1,-1,0,0,1,0,0,0,1,0,1,0,1,0,0,0,0,0,-1,0,0,0,0,0,1,0,1,0,0,-1,0,0,0,1,0,-1,0,-1,-1,0,0,-1,0,0,1,0,0,0
1102,0,0,0,0,0,0,1,0,1,0,0,0,1,0,0,0,0,1,0,0,0,1,0,-1,0,0,1,0,0,0,0,1,0,0,0,0,0,0,0,0,-1,0,1,0,1,0,0,-1,0,0,0,-1,1,0,0,1,0,-1,0,0,0,1,0,0
1103,0,0,0,-1,1,0,0,1,1,0,-1,0,-1,0,0,-1,1,0,-1,-1,-1,0,0,0,0,1,0,0,1,0,0,-1,0,0,0,0,0,-1,-1,-1,1,0,-1,0,0,1,0,0,0,-1,0,1,0,-1,-1,1,0,1,-1,0,0,-1,1,0
1104,0,-1,1,1,0,0,-1,0,0,-1,0,-1,0,1,1,1,1,0,0,-1,0,0,0,-1,0,0,0,0,0,0,0,0,0,-1,0,0,0,0,-1,0,1,1,-1,-1,0,0,1,0,1,1,0,1,0,-1,-1,-1,0,0,0,1,0,0,0,0
1105,0,0,0,-1,-1,0,0,1,0,0,0,-1,0,0,-1,0,0,1,0,1,0,0,0,0,0,-1,-1,0,0,0,0,1,0,0,0,-1,0,-1,0,1,0,-1,-1,0,0,0,0,0,0,0,0,0,0,0,0,-1,0,0,0,0,0,1,0,1
1106,1,0,0,1,-1,1,-1,1,0,0,-1,-1,0,0,0,1,0,0,1,1,0,-1,0,1,1,0,0,0,0,0,0,0,-1,0,0,0,0,0,0,0,0,1,-1,0,1,0,0,1,0,0,0,-1,0,0,0,0,0,0,-1,-1,0,0,0,-1
1107,0,0,0,0,0,-1,-1,-1,-1,0,1,0,-1,0,0,0,0,0,1,0,0,1,0,0,0,-1,0,0,0,1,0,0,0,1,-1,0,0,-1,0,0,0,1,0,0,-1,0,0,0,0,0,0,-1,0,0,0,0,0,0,0,0,0,0,-1,0
1108,-1,0,0,0,0,0,0,0,1,0,0,0,0,0,1,0,1,0,0,1,1,0,0,0,-1,-1,0,0,0,1,0,0,0,0,0,-1,-1,1,-1,1,1,0,1,0,1,1,0,-1,-1,0,-1,1,0,0,-1,0,0,0,0,-1,0,0,0,0
1109,0,0,0,0,0,0,-1,-1,-1,-1,0,0,0,0,0,-1,0,1,0,0,0,0,-1,0,0,0,1,1,-1,1,0,1,0,0,0,0,1,1,0,1,-1,0,1,0,0,0,1,0,0,-1,0,0,-1,0,0,0,1,1,1,0,0,0,0,0
1110,-1,-1,1,0,0,0,-1,0,0,0,-1,-1,0,0,0,-1,0,1,0,0,0,0,0,0,1,0,0,0,0,-1,0,-1,0,0,0,0,-1,0,0,0,-1,1,-1,0,0,1,0,1,-1,0,0,0,0,0,-1,0,0,1,1,0,1,1,0,0
1111,0,0,-1,-1,0,0,0,0,-1,-1,0,1,0,-1,0,0,0,-1,-1,1,0,1,1,0,0,-1,0,-1,-1,0,0,0,0,0,0,0,1,0,0,-1,0,0,0,1,0,0,0,1,0,0,1,-1,0,-1,0,1,-1,0,-1,0,0,-1,-1,0
1112,0,1,-1,0,1,0,1,0,0,0,1,0,0,0,0,0,0,1,0,0,0,1,0,0,0,0,1,0,1,1,0,0,1,0,0,0,0,1,0,0,1,0,-1,0,0,-1,-1,1,0,0,0,0,0,-1,0,-1,0,1,0,0,-1,0,0,0
1113,0,0,0,1,0,0,0,0,-1,0,0,0,0,0,0,1,0,-1,0,-1,-1,0,0,-1,-1,0,0,0,0,-1,0,-1,0,0,0,-1,-1,0,0,-1,0,0,-1,0,0,-1,0,0,-1,1,1,0,0,0,0,0,-1,0,0,0,1,0,0,0
1114,-1,0,1,0,0,0,0,1,0,0,-1,0,0,0,0,-1,1,1,0,1,0,0,0,0,0,0,0,0,-1,0,1,0,0,1,-1,0,0,0,0,1,0,0,0,1,1,0,0,0,0,0,0,-1,0,0,0,0,0,1,0,0,0,0,0,0
1115,1,0,0,1,0,0,0,1,1,0,0,0,1,1,-1,0,1,0,0,0,-1,0,0,0,0,1,1,0,0,0,0,-1,-1,-1,0,0,0,-1,0,0,0,0,0,0,0,0,0,0,0,1,0,1,0,0,-1,-1,0,-1,0,0,0,-1,0,0
1116,1,-1,0,0,0,0,0,0,0,0,0,-1,0,0,0,0,1,0,0,0,0,0,0,-1,0,-1,0,-1,0,-1,1,0,0,1,0,0,1,1,0,-1,0,1,0,0,0,0,-1,0,0,0,0,0,0,1,1,1,-1,0,0,0,0,1,0,-1
1117,1,1,1,0,0,0,1,0,0,1,1,0,0,0,0,0,0,-1,0,1,0,0,0,0,0,0,0,1,1,1,0,0,1,1,0,0,1,0,1,0,0,0,0,0,1,1,0,0,0,0,1,-1,-1,0,0,0,0,0,0,0,1,0,1,1
1118,0,-1,1,0,1,0,1,0,0,1,1,1,0,0,0,0,0,0,0,0,0,0,0,0,0,0,0,-1,0,0,-1,0,0,0,0,1,0,0,0,-1,1,1,1,-1,1,-1,0,0,0,1,1,0,1,0,-1,0,-1,0,-1,0,0,0,0,0
1119,0,0,0,-1,1,1,0,0,0,0,0,0,0,-1,1,0,-1,0,0,-1,0,1,0,0,0,1,0,0,0,-1,1,0,0,0,0,-1,-1,1,0,-1,0,0,0,0,0,0,0,-1,0,0,0,0,-1,0,0,-1,0,-1,1,1,-1,0,0,0
1120,0,0,1,0,1,0,1,0,1,-1,0,0,0,0,1,0,-1,-1,1,0,0,-1,0,0,0,-1,0,0,0,1,-1,1,0,-1,-1,0,1,0,0,0,0,0,1,0,0,-1,-1,0,1,0,0,0,0,0,0,0,1,0,0,0,1,0,0,1
1121,0,0,-1,0,1,0,-1,0,0,-1,0,0,1,0,0,-1,-1,0,0,1,0,0,0,0,-1,0,0,0,0,-1,0,0,0,0,0,0,0,-1,0,0,0,0,0,0,1,0,0,0,-1,1,0,0,0,-1,0,1,0,0,1,-1,1,1,0,0
1122,0,0,0,-1,0,-1,0,0,1,0,1,0,0,0,0,1,0,0,1,1,0,0,-1,-1,1,-1,1,0,0,0,0,0,0,0,1,0,1,0,0,0,0,1,-1,0,-1,-1,0,0,1,0,0,0,0,-1,0,1,0,-1,0,0,0,1,0,-1
1123,0,0,-1,0,1,0,0,0,0,-1,0,1,0,0,1,0,0,0,0,0,0,1,0,1,0,0,0,-1,0,-1,0,0,0,0,0,1,0,0,0,-1,0,0,0,0,1,0,0,1,1,-1,1,-1,0,0,1,1,0,0,-1,1,0,0,0,0
1124,0,-1,0,-1,1,-1,0,0,0,0,0,0,0,0,0,0,-1,0,0,0,0,-1,0,0,0,1,0,0,0,0,0,1,0,0,1,1,1,0,1,1,0,0,0,0,-1,0,0,0,-1,1,0,0,0,-1,0,0,1,0,0,0,0,0,0,0
1125,0,0,1,0,0,0,0,0,0,0,1,-1,-1,0,0,0,1,1,0,0,0,0,0,1,1,1,0,0,0,-1,0,0,0,0,0,0,0,0,0,1,1,0,0,0,0,0,0,0,0,0,1,0,0,0,-1,0,1,0,1,0,0,1,0,-1
1126,0,-1,0,0,-1,1,0,1,0,0,0,0,1,1,-1,0,0,0,-1,0,0,0,0,0,0,0,0,0,0,-1,0,-1,1,-1,0,-1,0,0,1,0,0,0,1,-1,0,0,0,1,1,0,0,-1,1,0,0,-1,1,0,-1,0,0,0,0,0
1127,0,0,0,0,1,0,0,0,-1,0,0,0,0,-1,1,0,0,-1,0,1,-1,0,0,0,0,0,0,0,1,0,0,0,0,0,-1,-1,0,0,0,-1,0,-1,0,1,1,0,-1,0,0,0,0,-1,1,0,0,0,-1,0,0,0,0,-1,0,0
1128,-1,1,0,0,0,0,1,0,0,-1,0,0,0,-1,-1,-1,0,0,0,0,0,0,0,1,0,1,-1,0,1,0,0,0,0,0,1,0,0,1,1,1,0,0,0,0,0,-1,0,1,1,0,1,1,1,0,1,1,0,1,-1,0,0,0,0,-1
1129,0,0,-1,0,0,0,0,0,1,1,-1,0,0,1,0,0,0,1,-1,0,0,0,0,0,0,0,0,0,0,-1,0,-1,-1,-1,0,-1,-1,0,-1,0,1,0,0,0,-1,0,0,0,0,-1,0,-1,-1,0,0,-1,0,-1,0,0,0,0,0,0
1130,-1,0,0,0,0,1,0,-1,0,1,1,0,1,0,1,1,0,0,1,0,0,0,0,1,1,0,0,0,0,0,-1,0,0,0,-1,1,1,1,0,0,0,0,0,0,-1,1,0,0,-1,0,1,0,1,0,0,0,-1,1,0,0,0,0,0,0
1131,0,-1,-1,0,0,0,0,0,0,1,1,0,-1,1,-1,0,0,0,0,0,0,0,0,0,0,0,-1,1,0,1,1,-1,0,1,0,-1,-1,0,-1,0,0,0,0,0,0,0,1,0,0,0,0,1,1,0,-1,0,1,1,1,0,0,0,1,0
1132,0,0,-1,0,0,1,0,1,-1,-1,0,1,0,0,0,0,0,0,1,0,0,-1,0,0,0,1,0,0,1,0,0,0,0,-1,1,0,-1,0,-1,1,0,0,0,0,-1,1,0,0,0,1,-1,0,0,0,0,0,0,1,0,-1,1,0,0,1
1133,0,0,0,1,-1,-1,0,-1,0,0,1,1,1,1,0,0,0,0,0,0,0,0,0,0,0,0,0,0,0,0,0,0,0,0,0,-1,0,0,1,0,0,0,-1,0,0,0,0,0,1,0,1,0,-1,0,0,0,0,0,-1,0,0,0,1,1
1134,-1,0,1,0,-1,-1,1,-1,0,0,0,-1,0,0,0,1,0,1,0,0,1,1,0,-1,1,0,1,0,0,0,1,-1,0,0,-1,0,0,1,0,1,0,-1,0,0,0,0,-1,1,-1,0,1,0,0,-1,-1,0,0,-1,0,0,-1,1,0,0
1135,-1,0,0,0,1,0,1,-1,0,0,-1,0,0,0,0,0,0,0,0,1,1,1,1,-1,0,-1,0,0,1,0,-1,-1,0,0,1,-1,0,0,0,0,-1,0,0,0,0,0,0,0,0,0,0,1,-1,-1,1,1,-1,0,0,0,0,0,0,-1
1136,0,0,0,1,-1,0,0,0,-1,1,0,0,0,0,0,0,0,-1,0,1,0,-1,-1,0,0,0,0,-1,0,0,-1,0,0,0,-1,0,1,0,0,0,1,0,-1,0,0,0,0,0,0,0,-1,0,0,-1,1,-1,0,-1,0,0,0,0,0,0
1137,0,1,0,0,-1,0,0,0,0,1,-1,-1,1,0,0,1,0,0,0,0,0,0,0,1,1,0,0,0,0,0,0,0,0,0,0,-1,0,0,0,0,-1,-1,-1,1,0,0,0,0,0,0,0,0,0,0,0,0,1,0,0,-1,0,-1,-1,0
1138,0,1,1,0,0,0,0,0,1,1,0,0,1,0,0,1,-1,-1,0,-1,1,0,0,-1,0,0,0,0,0,0,0,0,0,0,0,-1,-1,-1,0,-1,0,-1,0,0,0,0,0,1,-1,-1,-1,-1,0,0,0,0,0,0,1,0,0,0,0,0
1139,0,0,0,-1,0,0,1,0,0,0,0,-1,0,0,-1,-1,1,0,0,0,0,0,1,0,0,1,0,-1,-1,0,0,0,-1,0,0,-1,0,0,-1,0,0,0,0,0,1,0,1,0,0,0,0,0,1,0,0,0,0,1,0,0,-1,0,-1,1
1140,0,0,1,-1,1,1,0,0,0,0,0,0,0,0,0,0,1,0,0,-1,0,0,0,0,0,1,0,-1,0,0,-1,0,0,-1,1,0,0,0,0,0,0,0,-1,0,0,1,0,0,0,0,1,0,0,0,0,0,-1,-1,0,0,0,0,0,0
1141,0,0,1,0,0,0,0,1,0,1,0,0,0,0,1,1,-1,0,0,1,1,0,-1,0,0,0,0,0,0,-1,0,0,1,0,0,0,0,0,-1,0,0,-1,0,0,-1,-1,0,-1,1,0,0,-1,0,0,-1,0,0,-1,0,-1,1,0,0,0
1142,1,0,1,0,1,-1,0,-1,-1,1,-1,1,-1,0,0,0,1,1,-1,0,0,0,-1,0,1,0,1,1,0,0,0,1,0,-1,0,0,-1,0,0,0,0,-1,-1,1,0,0,0,-1,0,0,0,0,1,0,0,1,0,-1,-1,-1,0,0,0,-1
1143,-1,1,0,-1,0,0,0,1,0,1,1,-1,1,1,0,-1,0,0,1,0,0,-1,0,0,0,0,1,1,0,-1,-1,0,0,0,0,0,-1,1,0,0,0,0,-1,0,0,0,-1,0,0,0,0,-1,1,1,0,0,1,0,0,1,1,0,0,0
1144,0,0,0,-1,0,0,0,1,0,0,1,0,0,0,0,0,0,-1,-1,0,0,1,0,1,0,0,0,0,0,1,-1,0,0,-1,1,1,0,0,0,0,-1,0,0,0,-1,0,-1,0,0,1,0,0,0,1,0,0,0,0,0,0,0,1,0,-1
1145,0,1,0,0,0,-1,0,0,0,0,0,0,1,0,0,0,1,0,0,0,0,-1,0,-1,0,-1,0,0,0,0,0,0,1,0,0,-1,-1,0,1,0,-1,0,1,-1,0,0,-1,-1,0,-1,0,1,0,0,-1,0,-1,0,0,0,-1,1,-1,0
1146,0,1,0,-1,0,0,0,0,1,0,0,0,1,0,0,0,0,-1,0,1,0,1,-1,1,1,0,0,0,0,0,1,0,0,0,0,0,-1,-1,0,0,0,0,-1,-1,0,-1,-1,1,0,0,0,0,1,-1,0,0,0,0,-1,0,1,0,0,0
1147,0,0,0,0,0,0,1,0,0,0,1,-1,1,0,0,-1,0,0,1,0,-1,-1,0,0,1,0,1,0,0,0,0,1,0,0,0,1,0,0,0,0,1,-1,0,-1,0,0,1,-1,0,0,0,0,1,0,0,0,-1,-1,1,-1,1,0,1,0
1148,1,1,0,0,0,0,0,0,1,1,0,-1,0,0,0,0,-1,0,-1,0,-1,0,-1,0,0,0,-1,0,0,0,1,0,0,0,0,0,-1,-1,0,0,1,1,1,0,-1,0,0,0,0,0,0,0,0,1,0,0,-1,1,0,-1,0,0,0,0
1149,1,0,0,0,0,0,0,1,0,-1,1,0,0,-1,0,0,1,0,0,0,1,0,0,1,-1,1,0,0,0,0,0,1,1,1,0,-1,0,-1,0,0,-1,0,0,-1,0,0,1,0,0,1,1,-1,0,0,0,-1,0,-1,1,0,0,-1,-1,-1
1150,0,-1,1,0,0,0,0,0,0,-1,0,-1,0,1,-1,0,1,0,0,1,0,0,0,0,-1,0,-1,0,0,0,0,1,0,0,0,1,0,0,0,0,0,0,0,-1,1,0,0,0,0,0,0,0,0,-1,0,0,1,0,0,0,0,0,0,0
1151,1,0,1,0,0,0,0,-1,0,0,0,0,1,0,0,-1,0,0,0,0,0,0,0,0,1,1,1,0,0,0,0,0,-1,1,0,0,0,0,1,1,0,0,0,0,-1,0,1,-1,0,0,-1,0,0,-1,-1,-1,0,0,-1,1,-1,0,0,0
1152,-1,-1,-1,0,0,-1,0,1,-1,0,0,0,0,1,1,0,0,1,1,1,1,-1,1,-1,1,-1,1,1,0,-1,0,0,0,0,1,-1,-1,0,0,0,0,1,0,1,0,1,0,0,-1,-1,0,0,0,1,0,1,0,0,0,0,1,0,1,0
1153,0,0,1,0,0,0,0,0,0,1,0,0,0,0,0,0,0,0,0,0,0,0,0,0,0,-1,-1,0,0,0,0,0,-1,0,0,0,0,0,0,0,0,0,0,1,0,0,0,0,0,0,0,0,1,0,1,-1,-1,0,0,0,-1,0,-1,0
1154,1,-1,0,0,0,0,1,0,0,0,0,0,0,0,-1,0,0,1,0,0,-1,0,0,0,0,0,0,1,0,1,0,0,0,-1,1,0,0,0,0,0,-1,0,0,0,0,0,-1,0,0,1,-1,0,-1,1,0,0,0,0,-1,0,0,0,0,-1
1155,-1,0,0,0,0,1,0,-1,1,-1,0,0,0,-1,1,0,0,1,1,0,0,0,0,1,0,0,0,0,0,0,0,0,1,0,0,-1,0,1,0,1,1,0,-1,0,-1,1,0,0,0,0,0,0,0,1,0,0,1,0,0,1,-1,0,1,1
1156,-1,0,0,0,0,0,-1,0,-1,0,0,0,-1,0,-1,-1,0,0,0,0,0,0,0,1,0,0,-1,0,1,0,0,0,0,0,1,0,0,0,0,-1,0,0,0,0,0,0,0,0,0,0,-1,0,0,1,0,-1,0,0,1,0,1,0,0,0
1157,1,1,0,0,0,1,-1,0,0,0,0,-1,0,0,0,0,1,0,0,0,0,0,0,1,0,1,-1,-1,0,0,0,0,-1,0,0,1,1,0,0,0,0,0,0,0,1,0,0,0,0,0,-1,0,1,0,-1,0,1,0,1,0,0,-1,0,0
1158,1,0,0,0,0,0,0,1,0,0,0,0,0,0,0,0,0,-1,1,1,1,1,1,0,0,0,0,1,0,0,0,0,-1,0,1,0,-1,0,0,0,0,0,0,-1,0,1,1,1,1,1,1,0,-1,-1,0,0,0,0,0,-1,0,0,0,0
1159,-1,0,-1,0,0,0,0,0,0,-1,0,0,0,-1,1,0,0,0,0,0,0,-1,-1,0,0,0,-1,1,-1,-1,0,1,0,1,1,0,1,1,0,0,0,0,1,0,0,0,-1,0,0,-1,0,0,0,-1,0,0,0,-1,0,-1,0,0,0,0
1160,0,0,0,0,-1,0,0,0,1,0,0,0,1,-1,0,0,0,0,0,1,-1,0,0,0,0,0,0,-1,1,0,1,1,-1,-1,1,0,-1,0,0,0,1,0,0,0,0,1,-1,1,0,-1,0,0,0,-1,0,-1,0,0,-1,0,-1,1,1,1
1161,0,0,0,1,0,0,0,0,1,1,0,0,0,-1,-1,0,0,0,1,-1,1,0,0,-1,0,0,0,0,0,0,-1,0,0,1,0,0,0,0,0,0,-1,0,1,1,0,0,-1,0,0,0,0,-1,1,0,1,1,0,0,1,0,0,0,0,0
1162,0,0,0,0,0,0,0,0,0,-1,0,-1,0,0,0,0,1,1,0,0,0,0,0,-1,0,1,0,-1,-1,1,0,0,0,0,0,0,0,-1,1,0,0,1,-1,1,0,0,0,-1,1,0,0,0,0,0,0,0,1,1,1,0,1,0,0,0
1163,0,0,0,1,0,-1,1,0,-1,0,1,0,0,0,1,0,1,0,1,0,-1,-1,0,1,1,0,0,-1,0,0,0,0,0,1,0,0,0,0,0,0,0,1,0,-1,0,1,0,0,0,0,0,0,0,1,1,0,0,0,0,-1,0,1,0,-1
1164,1,0,0,0,0,-1,0,-1,0,1,0,1,-1,0,0,0,1,0,-1,1,0,0,0,0,1,0,0,0,0,0,-1,-1,-1,1,0,0,1,0,0,0,-1,0,1,0,0,0,-1,1,-1,0,0,0,0,0,0,0,1,-1,-1,0,1,-1,0,-1
1165,0,0,0,-1,1,0,0,0,0,0,1,0,0,-1,1,0,-1,0,-1,-1,-1,0,0,0,0,1,1,0,0,-1,0,0,0,0,0,0,-1,0,1,0,-1,1,0,-1,0,1,0,1,0,0,0,0,-1,0,1,0,1,0,0,0,0,1,-1,-1
1166,0,0,1,-1,0,-1,1,0,0,0,0,1,1,1,0,0,-1,0,0,0,1,-1,0,0,0,1,0,0,1,0,0,0,0,-1,0,0,-1,1,0,-1,0,-1,0,0,1,0,0,1,0,0,-1,0,0,-1,1,0,0,-1,0,0,0,1,0,0
1167,0,0,0,1,0,0,0,0,1,0,1,0,1,1,0,0,0,0,-1,1,0,0,1,0,0,0,1,1,0,0,0,-1,0,0,0,0,1,0,1,0,0,0,0,0,0,1,-1,0,0,-1,0,-1,0,0,-1,0,-1,0,1,0,-1,0,0,0
1168,-1,1,0,0,0,0,-1,1,0,0,-1,1,1,0,0,1,0,1,0,0,1,0,0,0,0,-1,-1,-1,-1,0,-1,0,0,0,0,-1,0,1,1,1,0,1,0,0,0,0,0,0,-1,1,0,-1,0,0,0,-1,1,0,0,0,1,0,1,-1
1169,-1,0,0,0,-1,0,0,0,0,0,-1,0,0,0,1,0,0,0,0,0,0,0,0,0,0,0,0,0,0,0,0,0,-1,-1,-1,-1,-1,1,1,1,1,0,0,0,0,0,0,0,1,0,1,1,0,0,0,0,0,1,1,0,0,0,0,0
1170,0,0,0,0,1,0,0,1,0,1,-1,0,0,-1,-1,0,-1,-1,1,0,1,1,0,-1,1,0,-1,1,0,0,0,0,0,-1,1,0,0,0,0,0,-1,0,0,0,1,0,0,-1,0,0,-1,0,0,0,0,0,0,-1,0,0,0,1,0,0
1171,-1,0,0,0,1,0,1,0,0,1,0,-1,0,1,-1,0,0,0,0,0,0,1,0,1,0,-1,0,0,-1,0,0,0,-1,0,0,0,0,1,0,1,1,-1,0,0,-1,0,0,1,0,0,0,1,-1,0,0,0,0,0,-1,0,0,0,-1,0
1172,-1,-1,0,0,1,0,0,0,-1,0,0,0,-1,0,0,0,1,0,0,0,1,0,1,0,0,-1,1,0,-1,-1,1,0,1,0,0,1,-1,0,0,0,0,0,0,-1,0,0,0,0,0,-1,0,-1,0,0,0,1,0,0,-1,-1,0,0,-1,0
1173,1,1,0,0,0,1,0,0,0,0,0,0,-1,0,0,0,0,0,0,1,0,0,0,0,0,-1,0,0,0,0,0,-1,0,0,0,0,0,0,1,-1,-1,0,0,1,0,0,1,0,1,0,0,-1,0,0,1,0,0,1,0,0,0,0,0,-1
1174,0,1,0,0,0,-1,-1,-1,1,0,1,0,0,0,0,1,0,0,0,0,0,0,1,0,0,0,1,0,-1,0,1,0,0,-1,0,1,-1,-1,0,0,0,0,0,1,0,0,0,0,0,0,-1,0,0,1,0,0,0,0,0,1,-1,0,0,0
1175,1,1,-1,0,0,0,0,0,0,0,0,0,-1,0,0,0,0,-1,-1,0,0,0,0,0,0,1,-1,0,-1,1,1,0,0,0,-1,0,0,0,0,0,0,0,-1,0,1,0,0,0,0,0,0,0,-1,0,0,0,0,0,1,0,0,1,-1,0
1176,0,0,-1,0,0,1,0,0,-1,0,1,1,0,0,1,0,0,-1,0,-1,0,0,0,0,1,0,1,0,-1,0,0,0,1,0,-1,-1,0,0,0,0,0,0,0,0,0,0,0,1,0,0,0,0,1,0,0,0,0,-1,0,0,0,0,0,0
1177,1,0,0,0,-1,0,-1,0,0,1,1,0,0,-1,0,0,1,1,0,0,-1,1,0,0,1,-1,0,1,0,-1,0,1,1,0,0,1,1,1,0,-1,1,-1,0,1,0,-1,0,0,0,0,-1,1,-1,1,1,-1,0,0,0,0,1,0,1,-1
1178,0,1,0,0,0,0,0,0,0,0,0,0,0,0,1,1,-1,1,1,-1,0,0,0,1,0,0,0,0,0,0,1,-1,1,0,0,1,0,0,1,0,0,0,0,0,0,0,-1,0,0,-1,0,0,0,-1,0,1,-1,0,-1,0,-1,-1,0,-1
1179,-1,0,0,0,1,0,0,0,0,0,-1,0,1,0,1,0,-1,0,-1,1,0,-1,1,-1,0,0,1,0,-1,0,0,0,-1,1,0,0,0,0,0,-1,1,0,0,0,0,0,0,0,0,0,1,0,-1,0,1,0,0,0,1,1,-1,0,0,0
1180,0,0,0,0,0,0,0,0,0,0,0,0,0,0,1,-1,-1,1,0,0,-1,0,1,1,0,0,1,0,0,-1,0,0,0,1,1,0,0,-1,0,-1,0,1,0,0,0,1,0,0,0,1,0,0,1,-1,1,0,-1,0,0,0,0,-1,0,-1
1181,0,0,0,-1,0,0,-1,-1,0,-1,1,0,0,1,0,1,0,0,1,0,0,1,-1,0,-1,0,0,0,0,1,-1,0,0,1,0,0,-1,0,0,0,0,0,0,-1,0,-1,0,0,0,-1,-1,0,0,0,0,0,1,-1,0,0,0,0,0,-1
1182,0,0,0,0,1,-1,-1,0,1,0,1,0,1,-1,-1,0,-1,1,-1,1,0,0,0,0,0,0,0,-1,0,1,1,-1,1,-1,1,0,0,1,0,-1,1,1,1,0,-1,0,-1,0,-1,0,0,1,1,1,-1,-1,0,-1,1,0,0,0,0,0
1183,0,0,0,0,0,1,-1,0,0,1,1,0,0,0,0,0,0,0,0,-1,0,0,0,0,0,0,1,-1,0,0,0,-1,1,0,0,0,0,0,-1,0,1,0,-1,1,-1,-1,-1,-1,0,0,0,0,1,0,0,-1,0,1,1,0,1,0,0,1
1184,1,0,1,-1,0,0,-1,0,-1,-1,0,0,1,0,0,0,-1,0,0,0,-1,0,0,-1,-1,0,0,0,1,-1,0,0,0,0,0,0,-1,0,0,-1,0,0,0,0,0,0,0,0,0,0,1,0,0,0,1,0,0,-1,-1,0,0,0,-1,0
1185,0,-1,0,0,0,1,0,1,0,-1,0,1,-1,0,0,0,0,0,1,0,0,0,0,0,0,0,0,0,0,0,-1,1,0,0,-1,0,-1,1,1,-1,0,0,-1,0,0,0,0,-1,0,0,0,-1,0,0,0,0,0,0,0,1,0,0,0,0
1186,0,0,0,0,1,0,0,1,0,0,1,1,1,1,0,0,-1,0,0,0,-1,-1,0,0,-1,-1,1,1,0,0,0,0,0,-1,1,0,0,0,-1,0,0,0,0,0,0,-1,0,0,0,1,0,0,0,0,-1,0,0,0,0,1,0,0,0,0
1187,1,1,0,1,0,0,0,-1,0,0,0,0,1,0,0,0,0,0,0,-1,1,0,0,0,1,0,0,0,0,1,-1,-1,1,-1,0,0,0,-1,0,-1,0,0,-1,1,0,-1,-1,-1,0,0,0,0,-1,1,-1,-1,0,0,-1,1,1,0,0,1
1188,1,0,0,0,0,1,1,0,-1,0,-1,-1,-1,-1,0,1,0,0,0,0,0,0,0,0,0,0,1,1,0,-1,1,-1,0,-1,0,0,0,0,0,0,0,-1,1,1,-1,0,0,1,0,0,0,-1,0,0,0,1,0,-1,0,0,1,1,0,0
1189,1,-1,0,0,0,0,1,0,1,0,0,0,1,0,1,0,-1,0,0,0,0,1,0,-1,0,0,0,-1,0,0,0,0,0,0,0,1,0,-1,-1,-1,1,0,0,0,0,0,0,-1,0,1,1,-1,0,0,0,0,-1,1,0,0,0,-1,0,0
1190,-1,0,0,0,0,-1,0,1,0,0,0,1,0,0,0,-1,0,0,0,-1,0,0,0,0,1,-1,0,1,0,0,0,0,1,0,0,0,0,0,-1,1,0,0,0,1,0,0,0,0,0,0,0,0,0,-1,1,0,0,0,0,1,0,-1,0,0
1191,1,0,0,-1,0,1,1,0,0,0,-1,0,1,0,0,0,0,0,-1,-1,-1,0,0,0,0,0,0,0,0,0,0,0,0,-1,1,0,0,-1,0,0,1,-1,-1,-1,0,0,0,1,0,0,0,0,-1,0,0,0,-1,0,1,0,1,1,0,-1
1192,0,0,0,1,0,0,1,-1,-1,0,0,0,0,0,0,-1,0,0,0,0,1,1,1,1,0,-1,0,0,0,0,0,0,1,0,0,0,1,0,-1,0,1,0,-1,0,1,0,0,0,1,0,0,1,0,0,0,-1,0,0,0,0,0,0,0,0
1193,0,0,-1,0,1,0,0,0,0,0,0,0,0,0,0,0,0,0,-1,0,-1,0,1,0,0,0,-1,-1,0,0,0,1,1,0,0,-1,-1,0,0,0,-1,0,-1,0,-1,0,1,1,1,0,0,-1,1,1,0,0,-1,0,1,0,0,-1,0,1
1194,0,0,1,0,0,1,1,0,-1,0,0,0,1,1,1,1,0,0,0,-1,0,1,0,0,0,0,0,1,0,0,0,-1,0,-1,1,1,-1,0,-1,0,0,0,1,0,0,-1,0,0,1,0,-1,-1,0,0,0,0,0,-1,0,0,0,0,0,0
1195,-1,0,0,1,0,1,0,-1,0,0,0,0,1,0,0,-1,0,-1,0,0,1,1,1,0,-1,-1,1,0,0,0,-1,0,1,0,0,0,1,0,0,0,0,0,1,0,1,0,1,1,0,1,0,1,0,0,0,1,0,0,0,0,0,-1,0,0
1196,1,0,0,0,1,0,0,0,-1,-1,0,1,0,0,1,0,0,0,0,0,1,0,0,0,1,0,0,0,1,-1,-1,0,0,0,-1,1,0,0,0,0,0,0,-1,0,1,1,-1,0,0,0,-1,-1,0,0,0,0,1,0,-1,0,-1,1,0,0
1197,0,0,-1,0,0,-1,0,1,0,0,1,1,0,1,1,0,0,0,0,0,0,1,0,-1,0,0,0,-1,0,-1,0,-1,-1,0,-1,0,1,0,-1,0,-1,0,0,0,-1,1,0,0,0,-1,1,0,0,0,0,1,0,1,0,0,0,0,0,0
1198,-1,0,1,1,-1,0,-1,-1,0,1,0,0,0,0,-1,0,0,0,0,-1,0,-1,1,0,0,0,0,-1,0,0,-1,-1,0,-1,0,0,1,-1,0,0,0,-1,0,1,-1,0,-1,0,-1,0,-1,1,-1,0,1,-1,0,-1,1,0,0,0,-1,0
1199,0,0,-1,0,0,0,-1,1,0,-1,0,0,0,0,0,0,-1,1,1,0,0,0,0,0,1,-1,0,0,1,0,-1,-1,-1,0,0,-1,0,0,0,1,1,0,0,1,0,0,0,0,0,0,0,0,-1,0,-1,1,0,-1,-1,0,0,1,-1,0
1200,0,-1,1,0,0,-1,0,0,1,-1,0,0,0,0,0,0,0,0,0,0,1,0,0,0,0,0,0,1,-1,0,1,0,0,0,1,-1,-1,0,0,0,-1,0,0,0,-1,1,0,0,0,0,0,0,1,0,0,-1,0,0,0,0,1,-1,0,-1
1201,0,-1,0,0,0,0,0,0,0,0,0,0,1,0,0,0,0,-1,1,0,0,0,0,0,-1,0,0,1,0,-1,0,-1,0,1,0,1,0,-1,1,-1,0,0,0,1,0,1,-1,0,0,0,0,0,0,0,1,-1,0,0,0,-1,-1,0,0,0
1202,0,1,0,0,0,0,0,1,0,0,0,0,-1,0,0,0,0,0,0,0,0,1,1,0,0,-1,1,0,1,0,0,0,0,-1,0,0,0,0,1,-1,1,1,0,0,0,0,0,0,1,0,0,0,0,1,1,0,0,1,0,0,0,-1,0,0
1203,-1,0,0,0,1,0,0,0,0,1,0,0,0,0,1,0,0,0,0,0,0,-1,-1,0,0,0,1,0,0,-1,0,0,0,0,0,1,-1,0,-1,-1,0,0,0,0,0,0,0,0,-1,0,0,-1,0,0,0,1,0,-1,0,0,0,0,0,1
1204,0,0,0,0,-1,0,0,0,1,-1,0,0,0,0,0,-1,0,1,0,0,0,0,0,0,-1,0,-1,0,-1,0,1,0,0,0,0,1,0,0,0,0,0,1,0,0,0,0,0,1,0,0,0,1,0,0,0,0,1,-1,1,0,0,0,0,0
1205,1,1,0,0,0,1,0,0,0,0,0,1,0,1,1,-1,1,1,0,1,0,-1,1,0,0,1,1,-1,0,0,-1,0,-1,1,0,-1,0,0,1,0,1,0,0,-1,-1,0,0,-1,0,0,0,0,0,0,-1,0,0,-1,0,0,-1,0,0,0
1206,0,0,0,0,0,-1,0,-1,1,1,0,0,0,0,0,-1,0,1,1,1,0,0,1,0,0,0,0,1,-1,0,-1,0,1,0,1,0,0,-1,1,0,0,1,-1,1,1,1,0,1,0,0,0,0,0,0,0,1,0,0,0,-1,0,0,1,-1
1207,1,0,0,0,0,0,0,0,0,0,-1,1,-1,1,1,0,0,0,1,0,1,0,0,0,0,1,0,1,0,0,-1,0,1,0,1,1,-1,0,-1,0,0,0,1,0,0,0,0,0,1,0,0,0,1,0,0,0,0,0,0,0,-1,0,0,0
1208,0,0,0,1,0,-1,0,0,0,-1,0,0,0,0,0,-1,1,0,0,1,0,0,1,-1,0,0,0,1,-1,0,0,0,0,0,0,1,0,0,0,0,0,0,0,0,0,1,0,-1,0,0,0,0,-1,0,0,-1,-1,0,0,0,0,0,0,0
1209,-1,0,1,0,-1,0,0,0,1,0,0,-1,0,0,1,0,0,0,0,0,0,0,0,0,0,0,0,0,0,0,0,0,-1,1,0,-1,-1,-1,0,0,1,0,1,1,1,1,0,-1,1,0,-1,0,-1,0,0,0,0,0,1,0,-1,0,0,1
1210,1,0,0,-1,0,0,0,0,0,-1,0,0,0,0,0,1,1,-1,0,-1,0,0,0,0,0,0,1,0,0,0,0,1,0,0,0,0,0,-1,-1,0,0,0,0,0,0,0,0,-1,0,1,1,-1,0,1,0,0,1,0,0,0,0,-1,0,0
1211,0,1,1,0,0,-1,0,-1,0,-1,0,0,0,1,-1,1,0,0,1,0,-1,0,1,0,0,0,0,0,0,-1,0,-1,0,0,0,0,-1,-1,0,1,-1,0,-1,-1,0,0,0,0,0,0,0,0,0,1,0,0,0,0,-1,0,0,0,0,0
1212,-1,-1,0,1,0,0,0,0,0,0,0,0,0,1,-1,0,0,0,0,0,1,-1,0,-1,0,0,1,0,-1,-1,0,0,0,0,1,0,-1,-1,0,0,-1,0,0,0,0,-1,0,0,-1,1,0,0,0,0,0,-1,0,0,0,0,0,0,0,0
1213,0,0,0,-1,-1,0,0,-1,0,0,1,0,0,-1,0,-1,0,1,0,0,0,-1,0,0,1,1,1,0,0,0,0,0,0,0,0,1,0,0,0,0,0,0,0,0,0,0,1,0,0,0,-1,0,0,0,0,-1,1,0,0,0,-1,0,-1,0
1214,0,-1,-1,1,0,0,0,0,0,0,1,1,-1,0,0,0,0,-1,0,1,0,-1,-1,-1,0,1,0,0,0,0,0,1,0,0,0,0,0,0,-1,0,0,0,0,0,-1,0,0,0,0,0,-1,0,-1,-1,0,0,0,-1,1,1,0,-1,-1,1
1215,1,0,0,-1,1,0,-1,-1,0,0,1,0,0,0,0,1,1,0,0,1,-1,-1,0,0,1,0,0,0,0,0,1,1,-1,0,0,0,1,0,0,0,0,0,0,0,0,0,0,1,-1,0,0,0,0,-1,0,0,1,0,0,-1,0,0,-1,0
1216,-1,0,0,1,0,0,1,0,1,-1,0,0,0,1,-1,0,0,1,1,0,0,0,0,-1,0,0,0,0,0,0,1,-1,0,1,0,0,0,0,-1,1,0,0,1,1,0,0,0,0,0,0,1,0,1,0,0,-1,1,1,0,1,1,0,0,0
1217,0,0,0,0,0,0,0,0,0,0,-1,0,0,0,1,1,0,0,0,0,-1,-1,0,0,1,0,0,0,0,1,0,0,1,-1,0,0,0,0,0,0,0,0,1,1,1,0,0,0,0,0,0,0,0,-1,0,0,1,-1,0,1,-1,0,0,-1
1218,0,0,-1,-1,0,1,0,0,-1,0,0,0,1,1,-1,-1,0,0,1,1,0,0,-1,0,-1,1,-1,0,0,0,1,0,0,-1,0,1,0,1,0,0,1,0,1,0,1,1,0,0,0,-1,0,-1,1,1,0,0,1,0,-1,0,0,1,0,-1
1219,0,0,1,0,0,-1,0,0,1,0,0,1,-1,0,-1,-1,-1,0,1,1,0,0,0,0,1,0,0,0,0,0,-1,0,0,0,0,0,1,0,0,-1,0,0,0,-1,1,1,-1,0,0,0,0,0,0,-1,0,0,1,0,0,0,0,-1,1,0
1220,1,0,0,0,0,0,0,0,-1,-1,0,-1,0,0,0,0,0,0,0,1,0,0,1,-1,0,0,-1,0,-1,0,-1,-1,0,0,0,-1,0,-1,0,0,1,0,1,0,0,-1,0,0,0,1,0,0,0,0,0,0,1,0,0,-1,0,0,0,0
1221,0,-1,0,1,0,0,0,1,1,0,0,0,0,0,0,-1,0,0,1,0,1,0,0,1,-1,1,0,0,-1,-1,0,0,-1,0,0,1,-1,1,0,0,0,1,0,-1,0,0,-1,0,0,0,-1,0,0,0,0,0,0,0,0,0,0,0,0,0
1222,-1,-1,-1,1,1,-1,0,0,0,0,-1,-1,-1,0,0,-1,-1,0,0,0,0,0,0,0,0,0,0,0,1,0,0,0,-1,0,0,0,0,0,0,0,0,0,0,0,0,-1,0,0,1,0,0,0,1,-1,0,-1,-1,0,0,0,0,0,0,0
1223,0,-1,0,-1,0,0,0,1,0,0,-1,0,-1,1,0,0,0,0,0,0,1,0,0,1,-1,0,0,0,-1,0,0,1,0,1,0,-1,0,-1,0,0,0,0,-1,0,-1,0,-1,0,0,0,0,0,-1,-1,-1,0,0,1,-1,0,0,-1,0,0
1224,0,1,1,-1,-1,1,0,0,0,0,0,0,-1,0,0,0,0,0,0,1,0,0,1,-1,0,-1,0,1,0,0,1,0,0,1,-1,0,0,0,0,0,1,1,1,-1,0,0,0,0,0,0,1,-1,0,0,0,0,0,0,0,0,0,1,-1,-1
1225,0,-1,1,-1,0,0,0,0,0,0,0,0,0,0,0,1,0,1,-1,0,1,0,1,0,-1,0,-1,0,0,1,0,0,0,-1,1,1,-1,0,0,-1,0,0,1,1,0,0,1,-1,-1,1,-1,0,1,0,0,0,0,0,-1,1,0,0,1,0
1226,0,0,0,-1,0,0,0,0,0,0,-1,0,1,0,0,0,0,1,1,1,1,0,1,0,1,0,0,0,0,0,-1,-1,0,0,0,0,0,0,1,0,0,0,0,0,1,-1,-1,1,0,0,0,1,0,0,-1,0,0,0,-1,0,1,0,0,-1
1227,0,0,0,-1,0,0,0,0,0,0,0,0,0,0,0,0,0,0,-1,0,1,0,0,0,0,-1,0,0,0,1,-1,0,-1,0,0,0,0,0,-1,-1,0,1,0,0,0,1,-1,1,0,0,0,0,-1,0,-1,0,-1,0,0,1,-1,0,0,0
1228,0,0,0,0,0,0,1,0,1,0,0,1,0,0,0,-1,0,0,0,0,0,0,-1,1,0,0,0,0,-1,-1,1,0,0,1,-1,0,1,0,0,1,0,0,0,0,0,-1,0,0,1,0,-1,-1,0,0,0,0,0,-1,0,0,0,0,0,0
1229,0,0,0,1,-1,0,0,-1,0,0,0,0,0,1,0,-1,-1,-1,0,0,1,-1,1,-1,1,1,0,1,0,0,1,0,0,0,0,0,0,1,-1,0,0,0,-1,0,1,1,0,1,0,0,1,0,0,1,-1,-1,1,0,0,0,-1,1,0,0
1230,0,0,0,0,-1,0,0,0,-1,1,0,0,0,-1,0,0,-1,0,0,0,0,0,0,0,0,0,0,1,0,0,0,0,1,0,1,0,-1,0,0,0,0,0,1,0,-1,0,1,0,-1,-1,0,0,0,-1,0,-1,-1,-1,0,0,0,0,0,0
1231,0,0,0,1,0,0,-1,0,0,0,-1,0,0,1,0,-1,0,0,-1,0,-1,0,-1,0,0,1,0,0,0,1,0,0,-1,0,1,0,0,0,0,0,1,0,-1,-1,1,-1,1,0,0,0,0,1,0,1,-1,1,0,0,0,1,0,0,0,1
1232,0,0,1,1,0,-1,0,1,0,1,0,0,0,1,-1,0,0,0,0,0,1,0,0,0,0,0,0,0,1,0,0,0,1,0,-1,0,0,0,0,1,0,0,0,0,1,0,0,0,0,1,0,0,0,0,-1,0,0,0,-1,1,0,0,-1,0
1233,0,0,0,1,0,0,1,-1,0,-1,0,0,0,0,0,0,0,0,0,0,0,-1,1,0,0,-1,0,0,1,0,0,-1,0,0,1,0,0,0,0,0,0,0,-1,0,1,0,-1,0,0,0,0,0,0,-1,0,1,0,0,0,0,1,1,-1,0
1234,-1,0,0,0,0,0,1,1,1,0,1,0,0,1,1,0,0,-1,0,0,0,-1,1,0,0,0,1,0,-1,-1,0,0,0,0,0,0,-1,0,0,0,-1,-1,0,1,1,1,1,0,0,0,0,-1,1,1,0,-1,-1,0,0,1,0,-1,0,0
1235,0,0,1,0,0,0,0,0,0,1,0,0,-1,0,0,-1,-1,0,0,0,0,0,0,0,0,0,0,0,0,0,0,0,-1,0,0,0,0,0,0,0,-1,1,0,0,0,-1,0,0,0,0,0,1,1,0,-1,-1,0,0,0,0,0,1,0,0
1236,-1,0,1,1,0,0,0,0,0,0,0,0,0,0,0,0,0,0,0,-1,-1,1,1,0,-1,-1,0,0,1,0,1,0,0,1,0,0,0,1,1,0,0,0,0,0,0,1,0,0,0,0,1,0,0,0,1,0,0,0,1,1,1,0,-1,0
1237,0,0,1,0,0,-1,0,0,0,0,0,0,0,1,0,0,0,0,-1,0,0,0,0,0,0,0,0,-1,0,0,0,-1,0,1,0,1,1,1,0,0,0,0,-1,0,-1,-1,0,0,-1,1,0,0,0,0,0,0,1,0,-1,0,0,0,0,0
1238,-1,0,1,0,0,-1,1,1,0,0,0,0,0,0,0,0,0,1,0,0,1,0,0,0,0,0,1,1,0,0,0,0,0,0,1,0,0,0,-1,0,0,0,0,0,0,0,0,0,0,0,0,1,1,0,1,0,0,0,1,0,0,1,0,0
1239,0,1,0,0,-1,-1,0,-1,-1,0,1,1,0,-1,1,0,0,1,-1,0,1,0,0,0,0,0,0,0,-1,0,0,0,1,1,1,0,0,-1,0,0,1,1,0,1,1,0,0,0,-1,-1,0,0,-1,1,0,0,1,-1,-1,1,1,0,0,0
1240,0,0,0,0,1,0,0,0,0,0,0,0,-1,0,1,-1,1,0,1,0,-1,0,0,1,0,0,0,-1,1,1,0,0,1,0,0,0,0,1,-1,0,0,1,-1,1,-1,0,1,0,-1,0,0,0,0,1,-1,0,0,0,0,0,0,0,0,1
1241,1,-1,-1,0,0,-1,0,0,0,-1,1,0,1,0,0,-1,1,0,1,0,0,0,0,1,0,0,-1,1,0,1,0,0,-1,1,0,0,0,-1,-1,1,0,1,0,0,0,1,0,0,0,0,0,0,-1,0,1,0,-1,0,0,0,0,0,0,1
1242,0,-1,1,1,0,0,0,-1,0,0,0,-1,0,0,0,0,-1,-1,-1,0,0,1,-1,0,0,1,0,1,0,1,0,0,0,0,0,0,0,0,1,0,0,-1,0,1,1,0,0,-1,-1,0,0,0,-1,0,-1,0,1,0,-1,0,0,0,-1,0
1243,-1,0,0,0,0,1,-1,0,0,0,0,-1,0,0,0,-1,-1,0,0,0,0,0,0,0,0,0,0,0,0,0,-1,0,0,-1,0,0,0,1,0,0,0,0,0,-1,-1,0,0,1,0,1,-1,0,0,0,0,1,0,0,0,0,0,0,0,0
1244,1,0,0,0,0,0,0,0,0,-1,1,0,0,0,0,1,0,0,0,0,0,0,0,0,0,1,0,-1,1,1,0,1,0,0,0,0,0,0,1,0,0,0,0,0,0,-1,-1,1,0,0,0,-1,1,1,0,0,-1,0,0,-1,0,0,-1,0
1245,0,1,0,1,1,-1,0,0,0,1,-1,0,1,1,1,-1,0,0,0,0,1,-1,0,1,0,0,0,0,1,0,0,0,0,1,1,0,0,0,-1,-1,-1,0,0,0,1,0,0,0,0,0,0,0,1,0,1,0,0,0,0,0,-1,0,1,0
1246,0,0,0,0,-1,-1,0,1,0,0,-1,1,0,0,0,-1,0,1,1,0,0,0,-1,0,0,0,1,1,-1,0,0,0,1,0,0,0,0,-1,0,0,0,0,0,0,0,1,0,0,0,0,0,1,0,0,1,0,0,1,0,0,0,0,0,-1
1247,0,1,0,0,-1,1,0,0,0,1,-1,0,0,1,0,0,-1,0,0,0,1,1,-1,0,0,-1,0,0,0,0,1,1,-1,0,1,0,1,0,0,0,-1,0,-1,-1,0,0,0,0,0,0,0,0,1,-1,0,0,-1,0,0,0,0,0,0,0
1248,0,0,1,0,0,0,-1,-1,-1,0,0,0,1,0,0,0,0,0,-1,0,0,0,0,0,0,0,0,0,-1,-1,1,0,0,-1,0,-1,0,0,1,1,-1,0,0,0,0,0,0,1,0,0,0,1,-1,-1,-1,0,0,-1,0,0,0,0,0,0
1249,0,0,0,1,1,-1,0,0,0,0,0,1,1,1,0,0,-1,-1,0,0,0,0,0,0,0,1,0,0,1,0,0,-1,0,1,0,1,0,-1,0,1,0,-1,1,-1,0,-1,0,0,-1,-1,0,0,1,0,0,-1,0,0,1,0,0,-1,0,0
1250,0,1,1,0,0,1,-1,0,0,-1,1,1,0,0,0,0,0,0,0,0,1,0,1,0,0,1,0,0,0,0,0,-1,0,0,1,1,1,0,0,-1,1,1,0,0,0,0,0,0,0,0,1,0,-1,-1,-1,0,0,0,-1,0,0,0,1,0
1251,0,-1,0,-1,0,0,0,0,1,1,0,0,-1,1,-1,1,1,0,0,1,0,0,0,0,0,0,0,1,-1,-1,-1,0,0,0,0,0,0,0,0,-1,0,0,0,1,0,0,1,0,-1,0,0,1,0,0,0,1,-1,0,0,0,0,0,1,0
1252,1,-1,-1,0,-1,0,0,0,0,0,0,-1,0,0,0,0,0,-1,0,1,0,-1,0,1,0,-1,0,0,1,0,0,0,0,0,-1,0,0,0,-1,0,1,0,1,-1,1,0,0,-1,0,0,1,0,0,1,1,-1,1,-1,0,0,0,0,0,-1
1253,0,0,0,-1,0,0,0,0,-1,0,0,0,1,1,0,0,0,0,1,-1,0,0,0,-1,-1,0,0,0,1,-1,1,-1,1,1,0,0,-1,0,0,-1,0,0,1,0,0,1,0,0,0,0,0,0,0,1,0,0,0,0,0,0,0,-1,-1,0
1254,0,-1,1,0,0,0,0,0,0,0,0,0,1,-1,0,1,0,0,0,0,-1,0,0,1,0,0,0,0,-1,0,-1,-1,1,1,-1,0,0,0,0,1,-1,1,1,1,0,0,-1,0,-1,0,0,0,1,1,-1,0,0,1,0,0,0,0,0,1
1255,0,1,0,-1,0,0,0,0,-1,-1,0,0,0,0,0,-1,1,0,0,0,0,1,0,0,-1,0,0,0,0,0,0,1,0,-1,0,-1,0,-1,-1,0,-1,0,0,-1,0,-1,0,1,-1,-1,0,1,0,0,0,-1,0,0,1,-1,0,1,0,0
1256,1,1,0,0,0,1,0,0,0,0,-1,0,-1,0,-1,0,1,-1,1,0,0,-1,0,0,0,0,0,0,1,-1,0,0,0,-1,-1,1,-1,0,0,0,0,0,-1,0,0,-1,0,-1,1,0,0,0,0,1,1,0,0,0,-1,0,0,0,1,0
1257,-1,0,0,1,0,1,1,0,0,1,0,0,0,1,1,-1,0,0,0,0,0,0,0,0,-1,1,0,0,0,-1,0,0,-1,0,0,0,-1,-1,0,0,0,0,0,1,-1,1,0,0,0,0,1,-1,0,0,0,0,1,-1,-1,0,1,0,0,0
1258,0,0,0,-1,0,0,1,1,0,0,0,0,0,-1,0,1,0,0,-1,0,1,0,0,-1,0,-1,-1,-1,0,0,-1,0,-1,0,0,-1,0,0,1,0,1,0,0,0,-1,-1,0,0,0,0,1,1,1,0,1,-1,-1,0,0,-1,0,0,0,0
1259,1,0,0,0,0,0,0,-1,1,-1,0,-1,-1,0,0,1,0,0,0,0,-1,0,0,-1,0,0,0,0,0,0,0,0,0,0,0,-1,0,0,1,-1,1,1,0,0,0,0,0,0,0,0,-1,0,0,1,0,-1,0,0,0,0,0,0,-1,0
1260,0,0,-1,-1,-1,1,0,0,0,0,0,0,0,0,0,1,0,1,1,0,0,0,0,1,0,1,0,0,0,0,0,0,0,0,0,0,-1,1,0,-1,0,1,0,0,1,0,0,0,1,1,0,1,1,0,-1,0,1,0,0,0,-1,1,0,1
1261,-1,1,0,-1,0,0,0,0,0,-1,-1,0,-1,-1,0,0,0,-1,0,-1,0,0,0,0,0,-1,0,-1,-1,0,1,0,0,0,-1,1,0,0,0,0,0,0,0,0,0,0,0,0,0,1,-1,1,0,-1,0,-1,0,0,0,0,0,0,0,-1
1262,-1,1,-1,0,0,-1,0,0,0,0,1,0,0,0,0,0,0,0,0,0,0,1,1,0,1,0,0,0,0,0,0,0,0,0,0,-1,1,0,0,0,0,0,0,0,0,0,-1,0,0,0,0,0,0,0,0,1,-1,0,0,-1,0,0,-1,0
1263,0,-1,-1,1,0,0,-1,0,-1,0,1,0,-1,0,0,0,0,0,0,0,0,0,0,-1,-1,0,0,0,0,0,-1,1,0,0,1,0,0,-1,0,0,-1,0,0,0,0,0,0,0,0,-1,0,1,0,0,0,0,1,-1,0,0,0,0,0,-1
1264,0,0,1,0,-1,0,0,0,0,1,1,0,0,0,0,0,0,0,0,0,0,0,-1,0,0,-1,0,0,0,-1,0,1,-1,0,1,0,0,-1,0,0,1,-1,0,1,0,0,0,0,0,-1,0,0,0,-1,0,0,0,0,0,0,-1,0,-1,1
1265,0,0,0,1,1,0,1,0,0,0,0,1,1,0,0,0,-1,0,0,0,1,-1,-1,0,0,0,0,0,0,0,0,0,1,-1,0,0,0,1,-1,0,0,-1,0,0,1,-1,0,1,0,0,0,0,0,-1,0,0,0,0,1,1,1,0,0,0
1266,-1,0,0,0,0,0,1,0,0,0,1,0,1,0,1,0,0,0,-1,1,0,0,0,1,-1,0,-1,0,0,0,0,1,0,-1,-1,0,1,0,0,-1,0,0,-1,0,0,0,0,0,0,0,0,1,0,0,1,1,0,0,0,-1,0,0,-1,0
1267,1,0,0,-1,0,0,1,0,1,1,1,1,1,-1,0,0,-1,0,0,1,-1,-1,0,0,0,0,-1,0,0,1,0,0,-1,0,1,0,-1,0,0,0,0,0,0,-1,1,0,-1,-1,0,0,0,0,0,-1,-1,0,0,0,0,0,0,0,0,0
1268,0,1,0,0,0,0,0,0,0,1,1,1,0,-1,0,0,0,0,0,-1,0,1,0,0,0,0,0,0,0,0,-1,-1,0,0,0,0,0,1,0,0,0,0,0,1,1,0,-1,0,1,-1,1,-1,0,-1,0,-1,0,1,0,0,-1,0,1,0
1269,0,0,0,-1,0,-1,0,0,0,0,0,0,0,0,0,0,0,0,0,0,-1,0,0,0,0,0,0,0,0,0,1,0,1,0,0,0,0,-1,0,0,0,0,0,0,0,0,0,0,0,1,0,0,0,0,1,0,0,0,-1,0,0,0,1,0
1270,0,0,1,-1,0,0,0,0,-1,0,0,-1,0,-1,0,0,0,0,0,0,0,1,0,0,0,0,0,-1,-1,0,1,0,0,0,1,0,-1,0,0,1,1,0,0,0,1,0,1,0,0,0,0,0,-1,0,0,-1,0,0,0,0,-1,0,-1,0
1271,0,0,1,0,0,0,-1,0,1,1,0,0,0,1,0,0,0,0,0,1,-1,1,-1,1,0,0,0,-1,0,0,0,1,1,0,0,1,0,0,0,0,0,1,0,1,0,0,0,0,-1,0,1,0,0,1,0,0,0,0,-1,0,0,-1,1,-1
1272,1,0,0,0,0,1,-1,-1,0,0,-1,1,0,0,0,0,0,-1,0,-1,1,0,0,0,0,1,-1,0,1,0,-1,0,0,0,0,0,0,0,0,1,0,0,0,0,0,1,1,0,0,0,0,0,0,1,0,0,0,0,0,0,0,-1,-1,0
1273,0,0,0,0,0,-1,0,0,-1,-1,0,-1,-1,0,0,-1,1,0,0,1,0,-1,0,0,0,0,0,1,0,0,0,1,0,0,0,0,0,1,0,1,0,0,1,-1,0,0,1,0,0,-1,1,1,-1,0,1,0,-1,0,0,-1,0,0,0,0
1274,0,-1,-1,0,-1,0,0,0,1,1,0,0,-1,0,-1,0,-1,-1,1,-1,0,0,-1,0,0,0,0,0,0,0,0,0,-1,0,0,0,0,-1,0,0,-1,-1,0,0,0,1,0,0,0,0,1,0,0,0,0,0,0,-1,0,1,0,0,1,0
1275,0,0,1,1,0,-1,0,-1,0,-1,-1,1,0,1,1,0,0,0,0,0,0,-1,-1,0,1,-1,-1,0,-1,-1,1,0,1,1,0,0,-1,0,0,0,-1,-1,1,0,0,0,1,0,0,0,-1,1,0,0,-1,0,-1,0,0,1,0,0,-1,0
1276,0,0,0,-1,1,0,0,0,0,0,0,1,-1,0,0,0,0,-1,0,0,-1,-1,0,-1,0,0,-1,0,0,0,-1,1,-1,1,0,0,1,0,1,0,0,0,-1,1,0,0,0,0,-1,0,-1,0,0,0,0,0,1,0,0,0,0,0,0,0
1277,1,0,-1,0,0,0,0,0,0,1,0,0,0,-1,0,0,0,0,0,0,0,-1,0,-1,-1,0,0,-1,1,0,0,-1,-1,0,0,-1,0,-1,0,1,1,1,0,0,-1,-1,0,0,0,0,1,1,0,0,0,0,0,-1,0,1,0,0,0,0
1278,1,0,0,-1,0,-1,0,0,-1,0,0,0,0,-1,0,0,0,0,0,1,0,1,0,0,1,0,0,1,0,0,1,1,0,1,0,0,1,0,-1,0,0,0,1,0,0,-1,-1,0,0,0,0,0,-1,0,-1,0,0,0,0,-1,-1,0,0,0
1279,0,0,0,-1,0,0,-1,0,-1,1,1,0,0,0,0,1,0,0,-1,0,1,0,0,0,0,0,-1,0,0,0,0,0,0,-1,-1,0,-1,-1,1,-1,-1,0,0,0,-1,-1,-1,1,0,0,0,0,0,0,0,0,0,0,0,0,0,1,1,-1
1280,-1,0,0,-1,-1,-1,0,0,-1,0,0,0,-1,0,0,0,-1,0,-1,0,-1,1,0,1,0,0,0,0,0,0,-1,0,0,0,0,-1,-1,0,0,0,0,0,0,0,0,0,0,0,0,1,1,-1,1,0,0,0,0,1,1,0,-1,1,0,0
1281,1,0,0,0,0,0,0,0,1,0,1,1,0,0,0,-1,0,0,0,0,0,1,1,1,0,0,-1,1,0,0,-1,0,0,0,0,-1,-1,0,0,0,0,0,0,0,0,1,0,0,0,0,0,-1,0,1,0,-1,0,1,0,-1,0,0,0,0
1282,0,0,-1,0,-1,0,0,0,0,1,0,-1,0,0,0,0,1,0,0,0,0,0,1,0,0,-1,1,0,-1,0,0,1,1,-1,0,0,0,0,0,0,1,0,-1,0,-1,0,0,0,1,-1,0,0,1,-1,1,0,0,1,1,0,1,1,0,1
1283,0,0,0,0,0,-1,1,0,-1,0,0,0,1,0,0,0,1,-1,0,0,0,-1,1,0,0,0,-1,-1,0,0,0,0,0,0,-1,1,0,0,0,1,0,1,-1,0,0,0,1,0,0,0,-1,0,0,1,-1,0,-1,0,0,-1,0,0,0,0
1284,0,0,-1,1,0,0,0,0,0,0,0,1,-1,1,0,1,0,0,0,-1,0,0,0,0,1,0,0,-1,-1,0,0,-1,-1,0,0,1,0,0,-1,-1,-1,-1,0,0,0,0,0,-1,0,0,0,-1,0,-1,0,0,0,0,0,0,1,0,1,1
1285,1,0,-1,0,0,0,0,0,0,1,1,0,0,1,0,1,-1,0,0,-1,0,0,0,0,0,0,-1,-1,-1,-1,0,0,0,1,0,0,0,0,0,1,1,0,1,1,-1,0,0,0,1,0,0,0,1,0,0,0,-1,-1,0,1,0,1,-1,1
1286,-1,1,0,0,0,0,0,0,1,-1,-1,0,0,-1,0,0,0,-1,0,0,0,0,0,0,-1,1,1,0,1,-1,0,1,0,0,0,0,0,0,0,1,0,0,-1,0,0,0,0,1,0,1,0,1,0,1,1,-1,0,0,0,0,0,0,0,0
1287,1,-1,0,0,0,0,1,0,0,-1,0,0,-1,0,-1,0,0,0,1,0,1,0,0,-1,0,-1,0,0,0,0,1,0,0,0,0,0,1,1,0,1,0,1,1,1,-1,0,0,1,0,0,0,0,0,0,1,1,0,0,0,0,0,1,0,1
1288,0,1,1,0,0,0,0,0,-1,-1,0,0,0,0,0,0,-1,0,0,0,0,1,0,0,-1,-1,0,0,0,0,0,1,-1,0,0,0,0,-1,0,1,1,0,0,0,1,0,0,0,0,0,-1,0,-1,1,1,-1,1,0,0,0,0,-1,0,1
1289,1,1,0,1,1,0,0,0,1,0,0,0,0,0,0,0,0,1,1,0,1,0,0,-1,0,0,0,0,0,0,0,1,-1,1,0,-1,0,0,1,-1,1,0,0,1,1,0,0,0,0,0,0,0,0,0,0,0,1,0,-1,0,-1,0,0,1
1290,0,1,0,0,0,0,0,0,0,-1,1,-1,-1,0,0,0,0,0,-1,0,0,0,0,0,0,0,0,0,0,0,-1,0,-1,0,-1,1,-1,0,0,0,0,0,1,0,0,0,0,0,0,-1,0,-1,0,0,0,0,0,0,0,1,0,1,0,0
1291,1,0,0,1,-1,0,-1,1,0,0,0,1,0,0,1,0,0,0,-1,0,1,0,0,0,0,-1,0,0,0,-1,0,0,1,0,1,-1,0,0,0,-1,1,-1,1,0,0,0,1,1,0,-1,1,0,-1,1,0,0,-1,-1,0,0,1,0,0,0
1292,1,-1,0,0,0,-1,1,1,-1,1,0,-1,0,1,0,0,0,1,0,0,-1,0,0,0,0,1,0,1,0,0,1,0,0,0,1,0,-1,1,0,0,1,0,0,-1,0,-1,0,0,1,0,-1,0,0,0,1,-1,0,0,1,0,0,0,0,0
1293,1,0,0,0,1,0,-1,-1,0,-1,1,0,0,0,0,1,1,0,1,0,0,0,0,0,-1,0,0,1,0,0,0,0,0,0,0,0,0,0,0,0,0,0,0,0,0,0,0,0,0,0,0,-1,0,1,0,1,0,0,1,0,0,0,-1,0
1294,0,1,0,0,0,-1,1,0,-1,0,-1,0,0,0,0,0,0,0,0,0,0,0,-1,0,0,0,0,0,1,0,1,0,-1,0,0,0,0,0,0,0,1,-1,1,1,0,0,-1,0,-1,0,1,0,-1,1,0,-1,0,0,1,0,0,0,0,0
1295,-1,1,0,1,0,0,0,0,0,-1,0,0,0,0,0,0,0,0,-1,0,0,-1,0,0,0,1,0,0,1,0,0,0,0,-1,0,0,0,1,-1,1,0,0,0,0,1,-1,0,0,0,0,1,0,0,0,0,0,1,1,0,1,-1,0,1,1
1296,0,0,0,0,1,0,-1,0,0,0,0,-1,0,0,0,0,0,0,0,0,0,1,0,0,0,0,0,0,0,0,-1,0,0,0,0,0,1,1,0,0,-1,0,0,0,-1,-1,1,1,-1,1,1,-1,0,0,1,1,0,0,0,0,0,0,0,0
1297,1,0,0,0,0,1,1,0,0,0,0,0,-1,-1,0,1,0,0,1,0,0,0,0,1,0,0,1,0,0,0,0,1,0,1,0,1,0,1,-1,0,0,0,0,0,1,-1,1,0,0,0,-1,0,0,0,1,0,1,0,0,1,0,0,0,0
1298,1,-1,0,0,0,-1,0,1,0,1,0,0,0,0,0,0,0,0,0,0,0,-1,0,0,-1,0,0,0,0,0,0,-1,0,0,-1,0,0,-1,0,0,0,0,-1,0,0,0,0,1,0,1,0,0,0,0,0,0,0,0,0,-1,0,0,0,0
1299,0,0,0,1,0,0,0,0,0,1,0,0,0,0,0,0,-1,1,0,0,0,0,0,1,1,1,0,0,0,1,0,0,0,0,-1,1,-1,0,0,0,1,0,0,0,0,1,-1,0,0,1,1,0,0,1,0,-1,0,0,0,0,0,1,1,0
1300,0,0,0,1,0,1,0,0,-1,1,1,-1,0,0,0,0,1,0,0,0,1,1,0,0,0,0,0,0,1,-1,1,0,-1,0,1,1,0,0,1,-1,-1,-1,0,0,0,0,0,0,1,0,1,-1,-1,0,1,0,0,0,-1,1,0,0,0,-1
1301,-1,0,1,1,-1,0,0,0,-1,1,0,0,1,0,0,-1,0,0,0,0,0,0,0,0,0,-1,0,0,-1,-1,-1,1,-1,0,0,1,0,-1,0,0,-1,0,0,0,0,0,0,1,0,0,0,0,-1,-1,0,0,0,1,0,-1,0,-1,-1,0
1302,0,-1,0,0,0,0,0,0,0,0,0,0,0,0,0,-1,0,0,0,1,0,0,0,0,-1,0,0,0,-1,-1,0,0,0,-1,0,0,0,1,0,1,1,0,0,0,0,0,0,0,0,0,1,0,1,-1,0,0,0,-1,0,0,0,0,0,0
1303,0,0,0,-1,0,0,1,0,1,0,0,0,0,1,0,1,0,1,1,0,0,0,-1,1,0,1,1,0,-1,0,0,1,0,-1,0,-1,1,-1,0,1,1,-1,-1,0,1,0,0,0,1,1,0,0,0,-1,0,0,0,0,0,-1,-1,-1,0,0
1304,0,0,1,0,-1,0,1,0,0,0,0,-1,0,1,1,0,-1,0,0,-1,1,0,-1,0,-1,1,-1,0,0,0,-1,-1,1,0,-1,0,1,0,0,1,0,0,1,-1,1,0,0,0,1,0,1,0,0,0,-1,0,0,-1,0,0,0,-1,0,0
1305,0,0,1,0,0,0,-1,0,0,1,0,-1,-1,0,-1,0,1,0,-1,0,0,0,-1,0,0,0,0,0,1,0,0,-1,-1,0,0,0,0,-1,0,0,1,0,0,0,-1,0,0,-1,0,0,0,0,1,1,0,0,0,0,0,0,0,0,0,1
1306,0,1,0,0,0,-1,0,0,-1,0,0,0,-1,0,0,-1,0,0,0,1,0,0,0,-1,0,0,-1,-1,-1,0,0,-1,1,0,1,0,0,0,-1,0,-1,0,-1,0,1,0,0,0,1,0,-1,1,0,0,0,0,0,-1,-1,0,0,0,0,0
1307,0,1,0,0,0,0,0,0,0,0,0,-1,1,0,0,0,1,0,0,0,0,0,-1,-1,0,0,0,0,0,0,0,1,0,0,0,-1,-1,-1,0,0,0,0,1,0,0,1,-1,0,0,0,0,1,-1,0,0,-1,-1,0,0,-1,1,0,0,0
1308,0,0,0,0,0,0,0,0,-1,0,0,1,1,1,0,0,0,0,0,1,0,0,0,1,0,0,0,0,0,0,-1,0,0,1,-1,0,-1,0,0,-1,0,0,0,0,0,0,0,0,0,0,0,1,1,0,0,-1,0,1,0,0,0,0,0,-1
1309,0,0,0,0,1,1,0,0,0,0,0,0,0,0,-1,0,0,1,0,0,1,0,0,-1,-1,0,1,1,0,0,0,-1,1,-1,1,-1,0,0,1,-1,1,-1,0,0,0,0,1,0,-1,0,0,-1,0,0,0,0,0,0,0,0,0,0,1,0
1310,0,1,0,1,0,0,0,1,-1,1,1,0,0,0,0,-1,0,0,1,0,0,0,0,0,-1,0,0,-1,0,0,0,0,0,0,1,0,0,0,0,1,-1,0,1,-1,0,-1,0,0,-1,0,0,0,0,-1,0,0,0,0,0,0,0,0,1,0
1311,0,-1,0,0,0,-1,0,0,0,1,-1,0,0,1,0,0,1,0,1,0,0,0,1,0,0,0,1,0,1,0,0,0,0,1,-1,0,-1,0,0,1,-1,1,1,0,0,0,0,0,0,0,0,0,-1,-1,0,0,-1,0,0,1,1,0,0,0
1312,-1,-1,0,0,0,0,-1,0,-1,-1,0,1,0,1,-1,0,1,-1,-1,-1,1,0,0,1,0,0,0,0,0,0,-1,0,1,0,0,1,0,0,0,0,0,0,0,0,0,-1,0,0,0,0,0,0,-1,1,0,0,0,-1,0,-1,0,0,0,1
1313,0,-1,0,0,0,1,1,0,1,0,0,1,0,0,0,0,1,1,0,0,1,0,0,-1,0,-1,0,0,0,1,0,1,-1,0,0,0,0,0,0,0,0,0,0,0,0,0,0,-1,0,0,-1,-1,1,1,0,0,0,0,1,-1,0,-1,0,0
1314,1,-1,1,0,0,0,1,-1,0,0,0,-1,0,0,0,0,1,-1,-1,0,-1,-1,0,-1,0,1,0,0,0,0,0,0,0,-1,0,-1,0,1,0,1,1,0,0,0,0,-1,0,-1,0,0,0,0,1,0,0,0,-1,0,-1,0,0,0,0,-1
1315,-1,0,-1,-1,-1,0,1,0,0,0,-1,0,0,0,1,0,-1,0,0,0,-1,0,0,0,-1,-1,0,1,-1,-1,0,1,0,1,0,1,0,0,-1,1,0,0,0,-1,0,1,0,0,0,0,-1,0,0,1,0,0,1,0,0,1,0,0,0,0
1316,0,1,0,0,-1,1,0,-1,0,0,0,1,0,0,0,1,1,0,0,0,0,0,0,0,0,-1,-1,0,-1,0,0,0,0,0,0,0,0,0,1,0,0,0,0,0,0,0,-1,0,0,-1,0,-1,0,0,-1,1,0,0,1,0,-1,0,1,0
1317,1,-1,1,0,0,0,-1,0,1,0,0,0,0,0,0,0,-1,0,0,0,-1,0,0,0,0,0,0,0,1,-1,-1,1,1,0,0,0,1,1,1,0,0,0,0,-1,1,1,0,0,0,0,0,1,-1,0,-1,1,0,0,0,0,1,1,0,0
1318,0,-1,1,0,0,0,0,0,0,1,0,0,0,0,0,0,0,-1,0,0,0,0,-1,0,-1,1,1,1,-1,0,0,0,0,0,0,0,0,0,0,-1,0,0,0,-1,0,0,0,0,0,0,-1,-1,1,1,-1,1,0,0,0,-1,-1,-1,1,0
1319,-1,1,0,0,-1,0,0,0,1,0,0,0,0,0,-1,1,1,1,0,1,0,1,1,0,0,0,1,1,0,0,0,0,0,0,0,1,0,0,1,0,0,0,0,-1,0,0,0,0,0,0,0,0,0,0,0,0,0,0,0,0,0,0,0,0
1320,-1,1,0,0,0,-1,0,-1,1,-1,0,1,0,0,0,0,0,0,-1,0,0,0,0,0,-1,0,0,0,0,0,0,0,0,0,1,0,-1,0,0,0,1,0,0,1,0,0,1,0,-1,-1,1,0,0,0,1,0,1,0,0,0,0,0,0,0
1321,-1,-1,0,0,-1,0,-1,0,1,0,-1,1,0,0,0,0,0,1,-1,0,0,-1,0,0,0,0,0,0,0,0,1,0,0,0,0,0,-1,0,-1,0,-1,1,0,0,0,1,-1,0,-1,0,0,0,0,0,-1,1,0,1,0,0,0,0,0,0
1322,0,0,0,0,-1,0,0,0,0,1,0,-1,0,0,0,-1,0,0,0,0,0,1,0,0,1,0,-1,0,0,0,-1,-1,0,0,1,-1,-1,0,0,-1,0,0,0,-1,0,0,-1,0,0,0,0,0,0,-1,0,0,0,0,0,0,0,0,0,0
1323,-1,1,0,0,0,0,1,1,0,-1,1,-1,0,0,0,1,0,0,1,0,0,1,-1,-1,0,1,1,0,1,0,0,0,-1,0,0,-1,0,-1,-1,1,0,0,0,0,0,0,0,0,1,0,0,0,0,0,1,0,0,0,-1,0,0,0,-1,-1
1324,0,0,0,0,-1,-1,0,0,0,-1,1,-1,0,0,1,1,1,0,1,0,0,0,0,1,0,0,0,0,0,-1,1,0,1,0,-1,0,-1,0,0,0,0,-1,0,1,1,0,-1,0,-1,0,1,0,0,-1,-1,-1,0,1,-1,0,-1,-1,-1,0
1325,0,0,0,0,0,-1,0,0,0,0,1,1,0,0,0,0,-1,-1,0,0,1,0,0,1,1,-1,0,0,-1,1,0,0,1,0,-1,0,0,0,0,0,1,0,0,0,0,0,1,0,0,0,-1,0,0,0,1,0,0,0,0,1,1,0,-1,1
1326,-1,1,0,0,0,0,0,0,1,0,0,0,0,-1,0,0,-1,0,1,0,0,-1,-1,0,1,0,0,0,0,-1,1,0,1,0,0,0,0,0,-1,1,-1,0,1,0,-1,0,0,0,0,-1,1,1,0,0,0,0,-1,0,1,0,0,0,1,0
1327,0,0,0,0,0,1,1,0,0,0,0,0,-1,0,0,0,0,-1,0,-1,0,-1,0,0,0,0,-1,0,0,0,1,0,1,0,0,0,0,-1,0,-1,0,0,1,0,-1,1,-1,0,1,0,-1,0,-1,0,1,0,1,-1,0,0,1,1,0,0
1328,-1,0,0,0,0,1,0,0,0,0,0,-1,0,0,1,-1,0,0,0,0,1,1,0,0,0,0,-1,0,0,0,-1,0,0,0,-1,0,0,-1,1,0,0,0,0,0,1,0,0,0,-1,-1,0,1,0,0,0,0,0,0,0,1,1,0,0,-1
1329,0,0,-1,0,0,0,0,0,1,1,0,0,0,0,0,0,-1,1,0,0,-1,0,0,0,1,0,-1,0,0,-1,0,0,0,1,0,0,0,-1,0,-1,1,0,0,0,-1,1,0,-1,0,-1,0,0,-1,1,-1,0,0,0,0,1,1,0,0,-1
1330,0,-1,0,0,0,0,1,0,0,0,-1,0,-1,0,0,1,0,0,0,-1,1,0,0,0,-1,0,0,0,0,-1,0,0,0,0,0,1,0,0,0,0,0,0,0,-1,0,1,0,-1,0,-1,1,0,1,0,-1,0,0,1,-1,-1,0,0,0,-1
1331,0,0,0,0,1,-1,0,0,0,-1,0,0,0,0,1,0,0,-1,0,0,-1,0,0,0,1,0,0,0,0,-1,-1,0,0,-1,0,0,0,-1,1,0,0,0,0,-1,0,1,-1,0,-1,0,0,-1,0,0,0,-1,0,1,0,0,0,0,0,0
1332,0,0,1,1,0,0,-1,0,0,0,0,0,0,0,0,0,0,-1,0,0,-1,0,0,0,-1,0,0,0,0,0,0,0,0,1,0,1,0,1,0,0,0,1,0,0,0,1,0,1,1,0,0,0,0,0,0,0,0,-1,0,0,0,0,0,1
1333,0,0,1,0,0,-1,0,0,-1,-1,0,0,1,1,0,0,0,1,0,0,0,0,1,0,-1,1,0,0,0,1,0,0,-1,0,-1,0,0,0,1,0,-1,0,-1,-1,0,0,0,0,0,0,0,0,1,0,0,0,0,0,0,1,0,0,0,-1
1334,0,0,0,-1,0,1,0,1,0,1,0,0,1,0,0,0,-1,0,0,0,-1,1,1,0,-1,0,-1,0,-1,0,0,1,-1,-1,-1,0,0,0,0,0,0,0,1,0,1,0,0,1,1,-1,0,0,0,0,0,-1,0,0,1,0,-1,1,0,1
1335,-1,-1,1,0,-1,0,1,-1,0,0,0,1,0,0,1,1,0,1,0,1,-1,0,0,0,0,1,0,0,0,1,-1,0,0,0,0,0,-1,0,-1,0,0,1,0,0,-1,1,0,-1,0,0,0,0,-1,0,0,-1,1,0,0,-1,0,0,0,-1
1336,-1,0,0,0,-1,0,0,0,0,1,-1,0,0,0,0,0,0,0,-1,0,-1,1,0,0,0,0,0,1,0,0,0,0,1,-1,0,0,-1,-1,0,0,-1,0,0,0,-1,0,0,-1,0,0,0,0,0,0,0,0,0,-1,0,0,-1,-1,0,0
1337,0,0,-1,1,0,-1,0,0,-1,1,1,0,0,0,0,0,0,-1,0,0,0,0,1,1,0,0,0,0,-1,0,-1,1,0,0,0,0,1,1,0,0,0,0,0,0,0,0,0,1,0,0,0,-1,1,0,0,1,0,0,0,0,-1,-1,-1,-1
1338,0,1,0,-1,0,1,0,0,1,-1,0,0,1,0,0,0,0,1,0,0,0,0,0,0,0,0,1,0,0,0,0,0,0,-1,0,0,0,1,0,0,0,0,-1,0,0,0,-1,0,-1,0,0,-1,1,0,0,-1,0,-1,0,0,0,0,0,-1
1339,0,0,0,1,1,0,0,1,-1,1,0,-1,0,0,0,0,0,0,-1,0,0,-1,0,0,0,1,0,-1,0,0,0,0,0,0,-1,0,0,0,0,0,0,0,0,1,0,0,1,0,0,0,0,0,1,0,0,0,0,0,0,0,1,0,0,-1
1340,1,0,-1,-1,0,-1,0,0,-1,-1,0,1,0,-1,-1,0,-1,-1,1,0,0,0,0,1,0,0,0,0,1,1,0,1,0,0,0,-1,0,-1,-1,0,0,0,0,0,0,0,0,1,0,0,0,0,0,0,-1,-1,1,0,1,-1,0,-1,-1,-1
1341,0,1,-1,0,0,0,0,1,0,0,0,0,1,1,0,0,0,0,0,-1,-1,0,0,0,0,0,0,-1,1,1,0,0,-1,0,0,-1,1,-1,-1,0,-1,-1,0,0,0,0,0,0,0,0,1,-1,-1,0,0,1,0,0,0,1,0,0,-1,0
1342,0,0,0,0,0,0,1,-1,0,-1,0,-1,1,0,0,0,0,0,0,0,1,0,0,0,0,0,0,-1,0,-1,0,0,0,1,0,1,0,1,0,0,0,0,0,0,0,0,-1,-1,-1,-1,0,1,0,0,0,0,0,0,0,1,0,-1,-1,-1
1343,0,0,0,-1,-1,0,-1,1,-1,0,0,0,0,0,0,-1,-1,0,0,1,0,0,-1,1,0,-1,0,0,0,0,0,0,0,0,0,0,-1,0,0,0,-1,-1,0,0,0,-1,0,0,1,1,1,-1,1,1,0,0,0,1,-1,0,1,0,0,0
1344,0,1,0,-1,-1,0,0,0,0,0,0,0,0,0,1,1,-1,0,-1,1,0,0,0,-1,-1,0,0,0,0,-1,0,1,-1,0,1,0,0,-1,0,1,-1,0,-1,-1,0,0,0,0,0,-1,0,0,0,1,0,1,0,0,1,-1,0,0,0,1
1345,1,1,1,0,0,0,0,0,0,0,0,0,0,0,-1,0,0,0,0,-1,0,0,0,0,0,-1,0,0,0,0,0,0,0,0,0,1,0,0,0,0,0,0,1,0,0,-1,1,-1,-1,0,0,1,0,0,0,0,1,-1,0,-1,0,0,0,0
1346,0,1,0,0,0,0,-1,-1,1,0,0,1,0,1,0,0,1,1,0,0,0,0,-1,1,0,0,0,-1,0,0,0,0,0,-1,0,0,0,1,0,0,0,0,0,0,0,0,-1,0,-1,0,-1,1,0,0,0,1,0,0,1,0,1,1,0,0
1347,0,0,0,1,-1,0,1,1,0,0,0,0,0,0,1,-1,0,0,0,0,0,0,0,-1,-1,0,1,0,-1,0,0,0,0,0,0,0,0,0,0,0,0,0,1,0,0,-1,-1,0,-1,1,0,0,0,0,0,0,0,0,-1,0,0,0,0,0
1348,0,1,-1,0,0,0,0,0,-1,0,0,0,0,1,0,1,0,0,0,0,0,1,-1,-1,0,0,0,0,1,0,1,-1,0,1,0,-1,0,0,0,0,0,0,0,0,0,-1,-1,-1,1,0,0,0,0,0,0,0,1,1,-1,1,0,0,1,-1
1349,0,-1,0,0,-1,0,1,0,0,0,1,0,0,0,0,0,0,-1,-1,1,0,0,0,0,-1,0,0,0,1,0,1,1,-1,-1,-1,0,0,1,0,0,0,0,0,0,-1,0,-1,0,0,0,0,0,0,0,-1,0,0,0,0,0,0,-1,-1,1
1350,0,0,0,0,0,1,-1,0,0,0,0,1,1,-1,0,1,0,0,0,-1,0,-1,0,0,0,0,-1,1,0,0,1,0,0,0,1,0,-1,0,0,0,0,1,0,0,0,1,0,0,1,0,0,1,0,1,-1,-1,0,1,0,0,-1,0,0,0
1351,0,-1,0,0,0,1,-1,0,0,1,-1,0,0,-1,0,1,1,0,0,-1,-1,0,0,-1,1,0,0,0,1,0,0,0,1,0,-1,-1,1,0,-1,0,0,-1,0,0,0,1,0,-1,-1,1,0,0,0,1,0,0,0,0,0,-1,-1,0,0,0
1352,0,0,0,0,0,-1,0,0,0,0,-1,0,0,0,0,0,0,1,0,1,0,-1,0,0,-1,1,0,1,1,1,0,1,0,0,0,0,-1,0,-1,0,0,0,0,0,0,0,0,-1,1,0,-1,0,1,0,0,-1,0,0,0,0,-1,-1,0,1
1353,0,0,0,0,1,-1,0,-1,1,0,-1,0,1,-1,0,0,0,0,0,0,1,0,-1,0,0,1,0,-1,0,0,-1,-1,-1,0,-1,1,0,0,0,0,0,0,1,0,0,0,1,0,0,1,-1,0,1,1,0,-1,1,0,1,-1,0,1,0,-1
1354,0,0,0,0,0,1,0,0,1,1,0,0,-1,0,0,0,0,0,0,1,0,1,1,1,1,1,1,0,0,-1,0,0,0,1,0,0,-1,0,-1,1,0,0,0,0,0,0,0,0,0,0,1,-1,1,0,0,-1,0,0,0,0,0,-1,1,0
1355,0,0,-1,0,0,1,1,-1,1,0,0,-1,-1,0,0,0,-1,-1,-1,-1,-1,-1,0,0,0,0,0,-1,0,0,0,0,0,0,0,0,1,0,0,1,0,1,0,0,0,1,-1,0,1,0,0,0,-1,0,-1,0,-1,0,0,1,-1,0,0,1
1356,0,0,1,-1,0,0,0,-1,0,0,0,0,0,1,0,0,-1,0,0,0,0,0,1,1,1,0,0,0,0,0,0,-1,0,-1,0,-1,0,0,0,0,-1,0,0,0,0,0,-1,0,-1,0,0,0,0,0,0,0,1,1,0,0,0,1,0,0
1357,0,-1,0,-1,0,0,1,1,-1,0,-1,0,-1,0,-1,0,0,0,0,0,0,0,0,0,0,1,0,0,0,-1,0,1,1,-1,0,1,1,0,0,0,0,0,0,1,0,-1,0,0,0,1,0,-1,1,0,0,0,0,-1,-1,0,0,-1,-1,1
1358,1,0,0,0,-1,0,1,0,0,0,0,0,0,0,0,0,0,1,0,0,0,0,-1,-1,0,1,0,-1,0,1,0,0,0,0,0,-1,-1,0,0,0,0,0,0,0,1,0,1,0,1,0,0,0,1,0,0,0,1,1,-1,0,0,0,0,0
1359,0,0,0,0,0,0,-1,0,-1,0,0,1,-1,-1,0,0,0,0,0,0,-1,0,0,0,0,0,-1,0,0,-1,1,0,0,1,0,0,1,0,-1,0,1,-1,0,0,0,-1,0,0,0,0,0,0,0,0,0,0,1,0,0,1,0,0,1,0
1360,0,0,-1,-1,0,1,1,0,0,-1,0,0,0,1,1,0,0,0,-1,0,0,0,0,0,0,0,0,0,0,1,1,1,1,1,0,0,0,0,1,0,-1,-1,-1,0,0,0,1,0,0,0,0,0,1,0,0,0,0,1,0,-1,0,0,-1,0
1361,0,-1,1,1,0,-1,0,0,0,0,0,1,-1,0,1,-1,-1,-1,0,0,0,0,-1,0,0,0,0,0,-1,0,1,-1,0,0,1,-1,0,0,0,-1,1,0,0,-1,-1,0,0,0,0,-1,0,0,0,-1,0,0,0,0,1,1,0,0,0,0
1362,-1,1,-1,0,1,0,0,1,0,0,1,0,-1,0,0,0,0,0,0,1,0,1,0,0,-1,0,-1,0,0,-1,0,0,0,0,-1,0,0,0,0,0,0,-1,0,0,0,-1,1,0,-1,-1,0,0,-1,-1,0,0,-1,0,0,0,0,0,-1,0
1363,0,-1,0,0,1,0,0,0,1,0,1,0,-1,0,0,0,0,0,0,1,-1,-1,1,-1,1,0,0,1,0,0,-1,1,0,0,0,0,-1,1,0,-1,0,1,0,0,1,1,1,1,0,0,0,0,-1,0,-1,-1,1,0,0,1,1,-1,0,0
1364,-1,0,0,0,0,0,1,0,0,-1,0,0,0,1,0,0,0,0,0,-1,-1,0,0,0,0,0,0,0,-1,1,0,0,0,0,0,0,-1,0,0,0,0,0,0,1,0,0,1,0,0,0,-1,0,-1,1,0,-1,0,-1,0,0,1,0,0,0
1365,-1,0,1,-1,1,-1,0,-1,0,-1,0,-1,0,1,0,1,0,0,0,-1,1,0,0,1,-1,-1,0,0,0,0,1,1,0,0,0,0,-1,0,-1,0,-1,0,0,0,-1,0,0,0,0,0,1,0,0,0,0,1,-1,-1,0,0,-1,0,-1,0
1366,-1,0,1,-1,0,1,0,0,-1,0,0,1,0,-1,0,1,1,0,1,-1,0,0,0,0,0,0,0,0,0,0,0,-1,0,-1,0,1,0,-1,0,0,0,0,0,0,0,0,1,0,0,0,-1,0,0,-1,0,1,0,1,0,0,0,0,1,0
1367,1,-1,0,0,-1,0,1,-1,0,0,-1,0,1,0,0,-1,0,0,0,0,0,-1,0,0,-1,0,1,0,1,1,0,0,0,0,0,1,0,0,0,0,0,-1,0,0,-1,0,-1,0,0,1,0,-1,0,0,0,0,0,0,0,0,-1,-1,0,-1
1368,1,0,0,-1,0,0,-1,0,0,0,0,1,-1,-1,0,1,1,-1,0,0,0,-1,0,0,0,0,0,1,0,1,0,0,0,0,1,0,0,0,-1,0,-1,0,0,-1,1,1,0,0,0,1,0,0,1,0,-1,0,1,-1,-1,0,0,-1,0,0
1369,0,0,0,1,-1,0,1,0,0,0,1,1,0,0,-1,1,-1,0,0,0,-1,1,0,0,0,1,-1,-1,0,1,0,0,0,1,-1,0,0,0,0,0,0,0,0,0,1,0,0,1,1,0,0,0,-1,1,0,0,0,0,1,0,0,1,0,-1
1370,0,0,0,0,0,0,-1,0,1,1,0,0,0,0,1,0,0,0,0,1,-1,-1,0,0,0,0,0,0,1,0,0,1,1,0,0,1,0,-1,0,0,0,-1,-1,0,0,0,-1,-1,0,1,0,1,0,0,0,0,0,0,-1,1,-1,0,0,1
1371,1,0,0,0,0,0,-1,0,0,-1,0,0,-1,0,0,0,1,0,0,0,1,-1,-1,-1,0,0,0,0,0,1,0,0,1,0,1,0,1,1,0,0,0,-1,1,0,0,1,0,1,1,0,0,1,0,-1,0,1,0,1,-1,-1,0,0,0,0
1372,0,-1,1,0,0,0,0,0,0,0,-1,1,0,0,1,0,0,1,0,0,0,1,0,0,0,-1,0,0,0,0,0,0,0,-1,0,1,0,1,0,0,0,0,0,0,0,0,0,0,-1,0,0,0,0,1,1,0,0,0,1,1,0,0,0,0
1373,0,1,0,0,0,0,-1,0,-1,-1,-1,0,0,0,0,0,-1,1,0,0,1,1,0,0,0,0,0,0,0,0,0,0,1,0,-1,0,-1,0,0,0,0,0,-1,0,0,0,0,0,1,-1,0,-1,1,0,0,0,1,0,0,0,0,-1,0,0
1374,0,-1,1,0,0,1,-1,0,-1,1,0,0,0,0,-1,1,0,-1,0,0,1,0,-1,0,0,0,0,0,0,0,0,0,0,0,0,0,1,1,0,0,1,1,-1,0,0,0,0,0,0,-1,0,0,0,0,1,1,0,0,-1,-1,0,0,1,0
1375,0,0,0,0,0,0,0,1,1,0,0,0,0,1,1,1,-1,-1,0,-1,0,0,0,1,1,0,1,0,1,0,0,1,0,0,-1,0,0,0,0,0,0,0,-1,0,1,0,0,0,0,0,1,0,0,0,0,-1,1,-1,0,0,1,0,0,-1
1376,0,1,0,1,0,0,1,0,0,-1,1,0,0,0,1,0,0,0,0,1,0,1,1,0,0,-1,0,-1,0,1,0,0,0,0,-1,0,0,-1,0,0,0,0,0,0,-1,0,1,0,0,0,0,0,1,-1,0,1,1,0,1,0,0,0,-1,0
1377,0,0,-1,0,0,1,-1,-1,1,0,0,-1,-1,1,-1,0,0,1,0,0,0,0,0,0,0,0,-1,0,0,0,-1,-1,1,0,0,0,0,-1,1,-1,0,-1,1,0,0,0,1,0,-1,0,0,0,0,0,0,0,0,0,0,0,0,0,0,-1
1378,0,0,1,1,0,0,-1,1,0,0,1,-1,0,0,0,0,0,0,0,0,1,0,0,-1,0,-1,-1,0,0,0,0,-1,-1,0,0,0,0,0,0,0,-1,0,0,0,-1,1,0,0,0,0,0,0,0,1,0,0,0,0,0,-1,-1,1,0,0
1379,0,0,-1,0,-1,0,0,0,0,0,0,0,0,0,0,0,0,-1,0,0,0,0,0,-1,0,1,-1,0,-1,0,0,1,0,-1,0,0,0,0,0,0,0,1,0,0,0,1,0,0,0,0,-1,0,0,0,0,1,1,0,0,0,0,1,0,0
1380,0,0,0,0,0,0,0,0,0,0,0,0,0,1,0,1,1,0,1,0,0,-1,1,0,-1,0,1,0,0,0,1,0,0,0,0,-1,1,0,0,0,0,0,0,0,0,0,0,0,0,-1,0,0,0,0,0,0,0,0,0,0,0,0,-1,0
1381,1,1,0,1,0,0,0,0,0,0,0,0,0,0,0,0,0,0,0,1,-1,-1,1,0,0,-1,-1,0,1,0,-1,0,0,0,0,0,1,1,0,1,0,0,0,0,-1,0,0,-1,-1,0,1,0,0,0,0,0,-1,0,0,0,0,0,1,0
1382,0,0,-1,0,0,0,0,-1,0,0,0,1,0,1,0,0,0,-1,0,1,1,-1,0,0,0,0,-1,0,0,0,0,0,0,0,0,-1,0,1,0,0,1,0,1,0,0,0,0,-1,1,0,-1,0,0,-1,1,0,1,-1,0,0,0,0,-1,1
1383,1,0,0,-1,-1,0,-1,0,0,0,0,0,0,0,0,0,0,0,1,0,1,0,-1,-1,0,0,-1,0,1,-1,0,0,1,0,1,0,0,0,0,-1,0,-1,0,1,0,0,0,-1,0,1,0,-1,0,-1,1,0,-1,0,1,0,0,0,0,0
1384,-1,0,0,0,1,-1,0,-1,0,1,1,-1,0,0,0,0,0,-1,-1,0,-1,0,0,0,1,0,1,0,0,0,0,-1,0,-1,0,-1,1,1,-1,0,0,0,0,0,0,1,1,1,0,1,0,0,0,0,0,-1,-1,0,0,0,-1,0,0,0
1385,-1,0,0,0,0,0,0,0,1,0,0,-1,0,0,0,0,0,0,0,1,0,0,-1,0,0,0,0,0,0,1,1,1,1,-1,0,0,0,0,0,0,1,1,1,0,0,0,0,0,0,0,0,1,1,-1,0,-1,0,0,0,0,0,0,0,0
1386,0,0,0,0,0,1,0,0,0,0,0,0,1,0,0,-1,0,1,0,-1,0,1,0,0,-1,0,0,0,-1,0,0,0,-1,0,0,1,0,0,0,0,0,0,-1,0,0,0,0,1,0,0,0,0,0,0,0,1,-1,1,0,1,0,1,-1,0
1387,0,0,0,-1,0,1,0,0,1,-1,1,0,0,0,-1,0,-1,0,0,0,1,0,1,1,0,0,0,0,0,-1,0,0,1,-1,0,0,0,1,1,0,1,0,0,0,-1,0,0,-1,1,0,0,1,0,0,0,0,0,0,0,0,0,0,0,0
1388,0,0,0,0,-1,0,0,1,0,1,0,0,1,1,-1,1,0,0,0,0,1,1,-1,0,0,0,-1,-1,0,-1,-1,0,0,0,0,0,0,0,0,0,0,1,0,0,-1,0,0,1,1,0,0,0,1,0,-1,0,0,0,0,0,-1,0,1,0
1389,0,0,0,0,0,0,1,1,-1,-1,-1,0,0,0,-1,-1,-1,1,0,0,-1,0,0,0,0,0,0,0,-1,0,0,-1,-1,0,0,1,0,0,0,0,-1,0,0,1,0,1,0,0,0,-1,0,0,0,0,0,0,1,0,0,-1,-1,0,1,0
1390,-1,-1,1,0,0,0,0,0,0,0,0,0,0,0,0,0,0,0,0,0,0,0,0,-1,0,0,0,0,1,1,0,-1,0,0,0,1,0,1,0,1,0,0,1,0,0,0,0,-1,0,0,0,0,-1,-1,1,0,1,0,0,-1,0,0,0,0
1391,-1,0,0,-1,0,0,0,-1,-1,0,0,0,0,0,0,0,-1,1,-1,0,0,0,0,0,-1,-1,0,0,0,0,1,0,0,0,0,0,0,1,0,0,0,0,0,-1,1,-1,-1,0,-1,-1,0,1,1,0,-1,0,0,-1,0,-1,0,0,0,-1
1392,0,0,-1,1,1,0,0,0,0,-1,0,0,0,0,-1,0,0,0,-1,0,0,0,0,0,0,0,0,-1,0,0,0,0,0,0,0,0,1,0,-1,0,0,-1,0,0,0,-1,-1,-1,0,0,0,1,0,0,0,1,0,0,1,0,0,0,0,0
1393,-1,0,1,0,-1,0,0,1,0,0,0,0,0,0,1,0,0,0,0,0,1,0,1,0,0,0,0,0,0,1,1,0,0,0,0,0,0,0,0,-1,0,-1,-1,0,0,0,0,0,-1,1,1,0,1,-1,1,0,1,0,-1,0,0,-1,0,0
1394,-1,0,1,0,0,0,1,-1,1,-1,0,0,0,0,0,0,0,0,0,-1,1,0,1,0,0,0,0,0,0,0,0,0,0,0,-1,0,1,0,0,0,1,-1,0,0,0,0,1,0,-1,0,-1,0,0,1,1,0,1,1,1,-1,0,0,0,-1
1395,0,1,0,0,-1,0,0,-1,1,0,1,0,-1,0,0,-1,0,0,0,0,0,0,1,0,0,0,0,0,0,0,1,0,0,1,0,0,0,-1,0,0,0,0,0,0,1,1,0,0,1,0,0,0,0,0,0,1,0,1,1,1,0,0,0,0
1396,1,0,-1,0,-1,-1,0,0,0,0,1,-1,0,0,0,0,0,0,0,1,0,1,0,0,0,0,0,0,0,0,1,0,1,0,0,-1,0,0,1,0,0,0,0,-1,0,0,0,0,0,0,0,1,-1,0,-1,0,0,0,0,1,0,0,0,0
1397,0,0,0,0,-1,1,1,0,1,0,1,-1,0,0,0,1,0,1,0,-1,0,1,0,-1,1,0,0,0,0,0,0,0,0,0,0,0,-1,0,0,0,-1,0,-1,1,-1,0,0,0,0,0,0,0,0,0,-1,0,0,1,0,0,0,1,0,1
1398,0,0,0,1,0,0,-1,0,1,0,0,1,0,0,1,0,0,0,0,0,0,0,1,0,0,-1,0,0,0,1,0,0,0,0,0,0,0,0,0,-1,-1,1,0,0,0,0,0,0,0,0,-1,0,-1,0,-1,1,0,0,0,0,0,0,0,0
1399,1,-1,-1,1,-1,1,0,-1,-1,0,0,0,0,0,0,0,0,0,-1,0,0,0,-1,0,1,0,0,-1,-1,0,1,1,0,0,0,0,0,1,0,0,0,-1,0,0,-1,0,-1,-1,0,0,0,0,0,1,0,0,0,0,0,-1,-1,0,0,0
1400,1,0,0,0,0,0,0,-1,-1,0,0,0,0,-1,-1,0,1,0,0,-1,1,0,0,1,1,-1,0,-1,1,0,0,0,0,0,0,0,-1,0,-1,-1,0,0,1,0,0,0,0,0,0,-1,1,0,0,0,1,0,-1,-1,-1,1,0,1,0,0
1401,1,0,0,1,0,0,1,0,-1,-1,-1,1,1,0,0,0,0,0,1,0,0,0,0,0,0,-1,0,0,0,1,0,-1,0,0,-1,0,0,0,0,-1,0,0,0,1,-1,0,-1,0,0,0,1,0,-1,0,0,0,0,0,0,0,0,-1,0,1
1402,0,-1,0,0,0,1,1,0,1,-1,0,0,-1,-1,0,0,1,1,0,0,0,1,0,1,-1,-1,1,0,0,0,0,0,0,1,0,0,0,0,0,-1,-1,0,-1,-1,0,0,0,0,0,0,-1,1,0,1,0,0,0,0,0,0,0,-1,0,0
1403,-1,-1,1,0,-1,0,1,-1,0,0,-1,1,0,0,0,0,0,-1,1,0,0,0,-1,0,0,1,0,0,1,0,-1,1,0,0,0,0,0,0,-1,0,0,1,-1,0,0,0,0,0,0,0,0,0,-1,1,0,0,0,0,0,-1,0,0,0,0
1404,0,0,-1,0,0,-1,0,0,0,-1,0,-1,0,-1,1,0,0,0,0,0,-1,-1,-1,-1,0,-1,0,0,0,0,1,1,0,0,-1,0,0,0,0,0,0,0,0,-1,0,1,0,0,0,0,0,0,0,0,0,0,0,0,0,1,0,0,0,-1
1405,0,0,1,-1,1,1,0,1,0,0,0,0,0,-1,0,-1,-1,0,0,1,0,-1,-1,0,0,0,0,1,-1,0,1,0,0,-1,0,-1,1,0,1,-1,0,0,0,0,0,1,0,1,1,0,0,-1,0,0,0,-1,-1,0,0,0,1,-1,0,0
1406,-1,0,-1,0,0,0,0,1,-1,0,0,0,0,0,0,0,-1,0,0,0,0,0,1,1,0,0,1,0,0,0,0,1,0,0,1,0,0,0,1,0,0,0,0,1,-1,0,0,0,0,0,-1,0,0,0,-1,0,0,1,-1,0,-1,0,0,0
1407,0,0,0,0,-1,-1,0,0,0,0,0,-1,1,-1,0,0,0,0,0,0,0,1,0,-1,0,0,0,0,0,1,0,0,0,0,1,0,1,0,0,0,0,0,0,0,0,0,0,0,0,-1,0,1,0,0,0,0,0,0,0,0,0,-1,-1,0
1408,0,0,0,0,0,1,-1,0,0,-1,0,0,0,0,0,0,0,0,1,0,1,0,0,0,0,0,1,0,-1,-1,0,0,1,1,0,0,0,0,0,-1,-1,0,0,-1,-1,0,0,0,0,0,0,-1,0,0,0,0,1,0,0,-1,0,0,1,1
1409,0,0,-1,0,-1,0,0,1,-1,0,1,0,-1,0,0,0,-1,0,0,0,1,1,1,0,1,1,0,-1,-1,0,0,-1,1,0,-1,0,0,0,0,0,-1,0,1,-1,1,1,0,0,1,-1,1,0,-1,0,0,0,1,1,0,0,0,0,0,1
1410,0,0,0,-1,-1,0,0,-1,-1,0,1,0,0,0,1,0,0,0,0,0,0,0,1,0,0,0,0,0,0,0,0,0,0,0,0,0,-1,0,0,0,0,0,0,-1,1,0,0,0,0,0,-1,0,0,1,0,0,1,-1,-1,0,0,-1,-1,-1
1411,0,0,-1,0,0,-1,0,1,0,1,1,1,0,0,-1,0,-1,0,1,1,-1,0,0,0,0,0,0,-1,1,-1,0,-1,0,0,-1,1,0,0,0,-1,0,0,-1,1,0,-1,-1,0,1,0,1,1,0,1,0,0,0,0,-1,1,0,0,0,1
1412,0,0,0,0,0,0,1,0,0,0,0,0,-1,0,1,-1,0,0,0,0,1,-1,-1,0,1,1,0,-1,0,-1,1,0,1,0,-1,0,-1,0,-1,0,0,-1,0,-1,-1,0,0,0,0,-1,0,-1,0,0,-1,0,0,0,0,-1,0,0,-1,0
1413,0,1,-1,-1,0,-1,0,-1,-1,-1,0,0,-1,0,0,0,0,0,1,0,0,0,0,0,0,0,0,0,0,0,0,-1,0,0,0,0,0,-1,-1,0,0,0,1,0,0,0,-1,0,0,1,-1,0,0,0,0,1,1,0,0,-1,0,0,-1,0
1414,0,0,1,0,1,0,0,0,1,0,0,-1,0,-1,0,0,0,0,0,0,0,0,0,1,0,0,0,0,0,0,0,0,-1,1,1,1,0,0,0,0,0,0,1,-1,1,0,0,0,-1,-1,-1,-1,-1,1,-1,0,1,0,0,0,0,0,1,0
1415,0,0,-1,0,1,0,0,0,-1,1,0,1,0,0,0,0,0,0,1,0,-1,1,0,0,0,-1,0,-1,0,1,0,-1,0,0,0,0,0,-1,0,0,0,1,1,0,0,0,0,-1,1,0,0,0,0,-1,0,-1,0,0,0,0,-1,-1,0,0
1416,0,1,-1,0,0,0,0,0,0,1,0,0,1,1,1,0,0,1,0,1,0,0,-1,0,0,0,0,1,0,0,0,0,0,1,0,1,1,1,0,0,0,0,0,1,0,-1,0,1,0,1,0,-1,1,1,1,0,0,0,-1,0,0,0,-1,0
1417,1,0,0,0,-1,0,-1,1,0,0,0,0,0,-1,0,0,0,1,0,0,0,1,0,-1,1,0,0,0,0,0,-1,0,0,0,0,0,0,1,0,0,0,0,0,0,1,-1,0,0,0,0,1,1,0,0,0,0,0,0,0,0,0,1,1,0
1418,0,-1,0,1,0,1,0,1,1,0,0,0,-1,-1,0,-1,0,0,0,0,0,0,0,0,0,0,0,1,0,0,0,0,0,-1,-1,0,0,-1,0,0,0,-1,0,0,0,0,-1,-1,0,0,1,1,0,1,0,0,1,-1,0,-1,0,0,0,1
1419,0,0,1,-1,-1,-1,0,0,1,-1,1,1,-1,0,0,0,1,-1,0,0,0,-1,-1,1,0,0,0,0,0,0,0,0,0,0,0,-1,0,1,-1,1,1,1,-1,1,-1,0,0,0,0,0,0,0,1,0,0,0,1,0,-1,-1,0,0,-1,0
1420,0,0,0,1,1,0,0,0,0,0,0,1,-1,1,0,0,0,0,0,0,0,-1,0,0,-1,1,0,-1,0,-1,0,-1,0,0,0,0,0,1,0,-1,0,-1,-1,-1,0,0,0,-1,0,0,0,0,0,0,0,0,1,1,-1,0,0,0,0,0
1421,0,0,0,0,1,0,1,0,1,0,1,0,0,0,0,0,0,0,0,-1,0,-1,0,0,0,0,0,-1,1,0,1,0,0,0,-1,0,-1,0,0,-1,1,0,0,1,1,0,0,-1,0,0,0,0,0,0,-1,0,0,0,0,1,0,1,0,0
1422,-1,0,-1,0,0,0,0,0,0,-1,0,0,1,0,0,0,0,0,0,-1,-1,0,0,-1,0,0,0,0,0,0,0,0,-1,0,-1,-1,-1,0,-1,0,0,0,0,1,0,0,-1,0,0,0,0,0,0,-1,1,0,-1,-1,0,1,1,0,0,0
1423,0,0,0,0,0,-1,0,0,0,0,-1,1,-1,0,0,-1,0,-1,0,-1,0,0,0,1,0,0,0,0,0,0,0,-1,-1,0,0,-1,1,1,1,0,1,0,0,0,-1,0,0,1,0,0,0,0,0,0,0,0,0,0,-1,0,1,0,0,0
1424,1,0,-1,0,1,-1,1,-1,0,0,0,0,1,0,-1,0,1,0,0,0,0,1,0,1,0,0,0,1,0,1,-1,0,0,1,0,0,1,-1,1,0,0,1,0,-1,0,-1,0,0,1,0,-1,0,-1,0,0,0,0,-1,0,1,0,0,0,0
1425,1,0,0,0,0,0,0,0,1,0,0,0,-1,-1,0,1,1,1,0,-1,1,0,0,0,0,0,0,1,0,-1,-1,0,0,-1,-1,0,-1,0,0,0,0,0,-1,0,0,0,0,0,0,0,0,0,1,-1,1,-1,0,1,0,0,0,-1,-1,0
1426,1,-1,-1,0,0,0,0,0,0,1,0,0,0,0,0,0,0,0,0,0,0,0,0,-1,0,0,0,0,0,0,0,-1,0,0,0,1,1,1,0,0,0,0,0,0,0,0,0,0,0,1,0,0,0,0,0,0,1,0,1,0,0,0,0,0
1427,0,0,0,1,1,0,0,0,0,-1,0,1,1,1,-1,0,0,0,1,0,0,1,-1,1,0,1,0,0,0,0,0,0,0,0,0,0,0,0,0,0,0,0,0,0,0,1,0,-1,0,0,0,1,0,0,0,0,0,0,0,1,0,0,-1,0
1428,-1,1,0,1,0,1,0,0,0,1,1,0,0,0,0,-1,-1,-1,1,1,0,0,0,0,0,0,0,1,0,1,0,0,-1,0,0,0,0,-1,0,0,0,0,-1,1,0,0,-1,0,0,-1,0,0,0,1,-1,0,0,0,-1,0,0,0,0,0
1429,-1,0,0,1,0,1,0,-1,0,0,1,0,0,1,0,-1,0,0,0,0,-1,1,-1,0,1,0,0,1,0,0,0,0,1,-1,-1,0,0,0,0,0,0,0,0,0,1,0,0,-1,0,1,0,1,1,0,0,-1,0,1,0,0,1,0,0,0
1430,0,1,1,0,0,0,1,0,0,0,-1,0,0,0,-1,0,0,1,0,1,-1,0,0,0,0,0,0,0,-1,1,0,1,0,-1,0,-1,-1,1,0,0,0,0,1,0,1,0,1,0,0,0,-1,1,1,0,0,1,1,0,0,0,0,0,-1,0
1431,0,1,0,-1,0,1,0,-1,-1,0,1,0,1,0,0,0,0,0,1,0,0,0,0,-1,0,-1,0,-1,0,0,0,0,0,0,1,0,0,1,0,1,0,0,1,0,0,-1,0,1,-1,0,0,0,-1,0,0,0,0,0,0,1,0,0,1,0
1432,0,-1,0,0,-1,0,-1,0,1,0,0,0,0,1,0,0,1,0,0,-1,0,0,1,0,0,-1,0,1,0,0,0,0,0,-1,0,-1,0,0,0,0,1,1,0,0,0,0,-1,0,-1,1,0,1,0,0,-1,0,0,0,-1,0,0,0,0,0
1433,0,1,1,0,0,0,-1,0,1,0,0,0,0,0,0,1,0,0,0,0,0,0,0,0,1,1,-1,0,0,0,1,0,0,1,-1,-1,0,0,0,0,-1,1,1,0,0,0,1,0,1,0,0,-1,0,1,0,1,0,0,0,0,-1,0,1,0
1434,0,1,0,0,-1,1,0,0,0,1,0,0,0,0,0,1,0,0,-1,0,1,0,0,0,1,0,0,0,1,0,0,0,0,-1,0,0,-1,0,-1,-1,0,0,0,0,0,-1,0,0,1,0,0,0,0,0,0,0,1,0,1,-1,-1,0,0,0
1435,1,-1,0,0,0,0,0,0,0,-1,0,1,1,0,-1,0,0,0,0,1,0,0,-1,0,-1,1,1,1,-1,0,0,0,-1,0,0,-1,0,-1,0,0,1,0,0,0,0,0,0,1,1,0,0,0,0,-1,0,1,0,-1,0,0,1,0,0,0
1436,1,0,0,0,0,0,0,-1,0,0,0,0,0,-1,0,0,1,-1,0,-1,0,0,0,-1,0,0,0,0,1,0,0,0,1,1,0,0,1,1,0,0,-1,0,0,-1,-1,0,0,0,0,0,0,0,0,-1,0,0,0,0,0,0,-1,0,1,0
1437,0,0,-1,-1,1,0,-1,0,0,0,1,0,0,0,0,-1,0,-1,0,1,0,1,1,1,0,0,0,0,0,0,0,-1,0,1,0,0,1,0,-1,0,0,0,0,0,0,0,0,0,1,0,0,0,0,-1,0,0,1,1,1,-1,0,0,0,-1
1438,0,1,0,0,0,0,-1,0,1,-1,0,1,-1,-1,0,0,0,1,-1,0,0,-1,0,0,0,0,0,0,0,0,-1,0,0,1,-1,0,0,0,-1,0,0,0,0,0,0,0,0,1,0,0,1,-1,-1,0,0,-1,0,0,0,-1,0,0,0,1
1439,0,0,-1,-1,-1,0,0,0,0,-1,0,-1,0,0,1,0,-1,0,-1,0,0,1,1,0,1,0,-1,1,-1,1,0,1,0,-1,1,1,-1,-1,0,1,0,-1,0,1,1,0,0,0,0,0,0,0,-1,0,1,0,0,1,0,-1,0,0,0,0
1440,0,0,0,0,0,0,0,1,-1,-1,-1,0,-1,0,0,0,0,0,0,-1,0,1,-1,0,-1,1,0,1,0,0,-1,0,0,1,-1,0,0,0,1,0,0,0,-1,1,0,0,1,0,0,-1,-1,1,0,0,0,1,0,1,-1,-1,0,0,0,-1
1441,0,1,0,0,0,-1,1,-1,0,1,-1,0,0,0,0,-1,0,0,0,1,0,-1,0,-1,0,0,-1,1,0,0,0,1,0,0,0,0,0,1,1,-1,0,-1,0,1,0,0,-1,1,-1,0,0,0,0,1,0,-1,0,0,0,0,1,0,0,0
1442,0,0,-1,0,0,0,-1,0,1,0,1,0,-1,1,1,0,0,-1,1,1,0,0,-1,0,0,0,0,0,0,0,0,0,1,0,-1,1,0,0,0,0,0,1,0,0,-1,0,-1,0,0,0,0,0,-1,0,-1,1,0,1,-1,-1,0,0,-1,-1
1443,0,1,0,1,0,0,-1,0,0,-1,0,0,0,0,0,1,0,1,-1,-1,1,-1,0,0,-1,-1,1,1,0,0,1,0,0,-1,0,0,0,0,1,0,0,0,-1,0,1,0,1,0,0,0,1,0,1,0,0,0,0,-1,0,-1,-1,0,0,0
1444,0,0,-1,0,0,-1,0,0,0,0,1,1,0,0,-1,1,-1,0,0,-1,1,1,-1,0,0,-1,1,-1,0,0,0,-1,0,0,1,0,1,0,0,0,0,0,0,0,0,0,1,0,-1,0,0,0,0,1,0,0,0,-1,1,0,0,1,0,-1
1445,0,0,0,-1,0,1,0,0,-1,-1,0,-1,-1,1,0,0,0,0,0,0,0,0,0,0,0,-1,0,0,0,0,0,0,0,0,1,0,0,0,0,0,-1,0,0,-1,0,-1,0,0,-1,1,1,-1,0,-1,0,0,1,0,1,0,0,-1,-1,0
1446,0,0,0,-1,0,0,0,0,-1,-1,0,-1,0,1,0,-1,1,0,0,0,0,1,0,1,-1,0,0,0,0,0,-1,-1,-1,0,0,1,1,0,-1,0,1,0,0,0,0,1,0,1,0,0,0,0,-1,0,0,1,0,-1,-1,0,1,0,-1,0
1447,0,0,0,-1,-1,0,0,1,-1,0,-1,1,-1,1,0,0,-1,0,0,0,0,1,0,-1,1,-1,0,0,1,0,0,-1,-1,0,0,0,0,-1,0,0,0,-1,1,0,0,0,0,0,1,0,-1,0,0,0,0,1,0,0,0,0,0,0,0,0
1448,-1,-1,1,-1,0,-1,0,0,-1,0,0,0,0,0,0,0,-1,0,1,0,1,0,-1,0,-1,1,0,0,0,-1,0,-1,0,-1,1,0,1,0,0,0,0,0,-1,1,0,-1,-1,0,0,0,0,0,0,0,1,0,1,-1,0,-1,0,-1,1,0
1449,-1,0,0,0,0,0,0,0,0,0,-1,0,0,1,-1,0,-1,-1,1,1,0,0,1,0,0,0,0,0,0,0,1,0,0,0,0,0,0,0,1,0,0,0,0,1,0,0,0,1,0,0,1,0,0,0,0,-1,0,0,1,0,-1,0,0,0
1450,1,0,0,0,0,-1,0,0,1,1,-1,0,1,0,1,-1,0,0,0,0,0,-1,0,0,1,0,0,0,0,-1,0,0,1,-1,0,0,0,-1,0,0,-1,0,1,0,1,0,0,0,0,0,0,0,0,0,0,0,0,0,-1,0,1,0,0,1
1451,0,-1,-1,0,0,0,0,0,0,1,0,1,-1,0,-1,-1,0,0,0,-1,-1,0,0,-1,0,0,0,-1,0,0,0,0,-1,1,0,0,0,0,0,1,1,0,0,0,0,0,0,-1,0,0,0,0,0,1,0,0,0,0,0,0,0,0,0,0
1452,0,0,1,0,0,0,0,0,0,1,0,1,0,-1,0,0,0,0,0,1,1,0,0,-1,0,0,0,1,1,-1,0,1,0,0,1,0,1,0,0,0,0,-1,0,-1,0,0,-1,0,0,-1,0,0,0,0,0,0,0,-1,1,0,1,0,-1,1
1453,0,0,0,0,0,0,0,0,0,0,0,0,1,1,0,0,0,1,-1,-1,-1,1,-1,0,-1,0,0,0,-1,0,0,0,0,0,-1,1,0,0,1,0,-1,0,0,0,0,-1,0,0,0,0,-1,0,0,1,0,0,-1,1,0,0,0,1,0,0
1454,-1,0,0,0,0,0,0,0,1,0,0,0,1,0,0,1,-1,0,0,-1,1,0,0,-1,1,1,0,0,0,0,0,1,0,-1,0,0,0,-1,0,-1,1,-1,0,0,0,0,0,1,1,0,-1,0,0,0,0,0,0,0,0,0,0,-1,0,0
1455,1,-1,0,0,0,0,0,0,-1,0,-1,-1,1,1,0,0,0,0,0,0,0,1,0,0,0,-1,0,0,-1,1,0,0,0,0,0,0,-1,0,0,1,0,0,1,0,0,1,1,0,0,0,0,0,0,0,0,0,-1,0,0,-1,0,0,-1,-1
1456,0,-1,0,-1,0,-1,0,0,1,0,0,0,0,0,0,0,1,1,-1,0,1,-1,0,1,0,0,0,-1,-1,0,-1,1,0,0,0,1,0,0,0,0,0,0,-1,0,0,0,-1,0,-1,0,0,-1,1,-1,0,0,0,-1,0,0,0,0,0,1
1457,0,0,1,0,0,0,-1,0,0,0,0,1,0,1,1,-1,-1,1,0,1,-1,0,0,0,0,0,0,0,0,0,0,0,0,1,0,0,0,0,-1,0,0,0,0,-1,-1,0,0,1,0,1,0,0,-1,1,0,0,0,1,0,-1,-1,0,0,1
1458,0,0,0,0,0,0,1,0,0,0,0,0,0,-1,0,0,-1,1,-1,-1,0,0,0,0,0,0,0,0,0,0,1,-1,0,0,0,0,1,0,-1,0,-1,0,-1,0,-1,-1,0,1,1,0,0,-1,1,0,0,-1,0,0,0,0,1,0,0,0
1459,0,0,0,0,0,-1,0,1,1,0,-1,0,0,0,1,0,0,0,0,-1,0,0,0,1,-1,-1,0,1,0,0,1,-1,0,0,1,0,0,0,0,0,-1,0,0,0,0,0,0,-1,1,0,0,0,1,0,0,0,0,1,0,0,0,0,0,0
1460,0,0,0,0,0,0,0,-1,1,0,0,1,-1,-1,-1,1,0,0,0,0,0,1,0,-1,0,0,0,0,-1,0,1,-1,0,0,0,0,0,0,1,1,0,1,0,1,-1,0,-1,1,0,0,-1,0,-1,0,0,0,0,0,0,0,-1,0,0,0
1461,0,0,0,0,0,0,1,0,0,0,-1,0,0,0,1,0,0,0,0,0,0,0,-1,0,0,0,0,-1,0,0,-1,-1,0,0,0,0,0,0,0,1,-1,-1,0,0,0,0,-1,1,0,-1,0,0,0,1,0,0,-1,0,1,0,0,1,1,0
1462,0,0,-1,-1,0,0,0,1,-1,0,-1,0,1,0,0,-1,0,0,0,0,1,0,0,0,1,0,0,-1,0,0,0,0,0,0,-1,-1,1,0,-1,1,0,1,0,0,1,0,0,0,1,1,1,0,0,1,0,1,0,0,-1,0,0,1,1,0
1463,0,1,0,0,0,0,0,0,1,-1,1,-1,0,-1,0,1,0,0,0,0,1,0,1,0,0,0,0,0,-1,-1,0,1,0,1,0,0,0,-1,0,0,0,0,0,0,0,0,-1,-1,-1,0,0,0,0,1,0,0,0,1,1,-1,0,1,0,0
1464,1,0,0,0,0,0,1,0,0,0,1,0,0,-1,1,0,0,0,0,-1,0,0,-1,0,0,0,0,0,0,0,0,1,0,0,1,0,0,-1,0,0,1,0,-1,0,0,0,0,0,0,1,0,0,0,0,0,1,1,0,0,0,1,1,0,0
1465,0,0,-1,1,-1,0,0,0,0,-1,-1,0,0,0,1,0,0,0,0,0,0,0,0,1,0,0,0,0,0,0,0,0,0,0,0,0,0,0,1,0,0,0,0,0,0,0,0,-1,0,0,0,0,0,0,0,0,-1,0,0,0,0,-1,1,0
1466,0,-1,1,1,1,1,1,0,0,0,0,0,0,0,0,0,0,0,1,0,-1,0,0,0,1,0,-1,-1,1,0,-1,1,0,1,0,0,-1,0,0,0,0,0,0,0,0,1,1,0,-1,-1,1,0,0,1,0,0,1,0,1,-1,0,0,0,0
1467,-1,1,0,0,0,-1,-1,-1,0,1,0,0,0,1,0,0,0,0,0,0,-1,0,1,1,0,0,0,-1,0,0,0,0,-1,0,0,0,0,0,1,1,-1,1,0,0,0,0,1,0,0,0,1,-1,0,1,0,0,0,0,0,0,0,0,1,0
1468,0,1,0,0,0,1,-1,0,0,-1,0,0,-1,-1,1,1,1,0,0,0,1,0,0,0,-1,-1,-1,1,1,-1,-1,0,0,0,0,0,0,1,0,0,0,0,1,0,0,1,0,1,0,0,0,0,0,0,-1,1,-1,0,-1,0,1,1,-1,-1
1469,0,0,0,-1,1,0,1,0,0,0,0,-1,0,-1,0,-1,0,1,0,0,0,0,1,0,0,1,0,-1,-1,0,0,0,0,0,1,1,0,0,0,-1,-1,-1,0,0,1,0,0,0,0,0,0,1,-1,0,0,1,0,1,-1,0,0,0,0,-1
1470,-1,0,-1,0,0,0,1,1,0,0,0,0,0,1,0,0,0,0,-1,0,0,0,-1,0,0,0,-1,-1,-1,-1,1,0,-1,0,1,0,1,0,1,0,1,-1,1,0,0,1,1,0,0,0,1,0,0,-1,0,0,1,1,1,0,-1,1,0,0
1471,0,0,0,0,-1,-1,0,0,0,1,0,0,0,0,1,-1,1,1,0,1,0,0,-1,0,0,0,-1,0,1,0,0,1,0,0,0,-1,-1,0,0,-1,0,-1,1,0,0,0,-1,0,-1,0,-1,0,0,0,-1,0,0,-1,-1,0,0,0,0,1
1472,0,0,1,0,0,0,0,-1,0,1,0,-1,0,0,0,0,0,0,0,1,0,0,1,-1,0,-1,0,0,0,0,0,1,-1,0,0,0,0,0,0,0,0,0,-1,0,0,-1,-1,0,1,0,1,0,0,0,1,0,0,-1,0,0,1,0,-1,0
1473,0,0,-1,0,1,0,0,0,0,0,0,1,0,0,0,0,0,0,0,1,0,0,0,0,0,0,-1,-1,0,0,0,0,0,0,1,-1,0,1,0,-1,-1,1,0,-1,0,0,1,1,0,-1,1,1,0,1,0,0,-1,0,-1,0,0,0,-1,1
1474,0,-1,0,-1,0,0,0,0,0,0,0,-1,0,0,0,1,0,-1,0,1,0,0,1,0,0,0,-1,0,-1,0,0,0,1,0,0,-1,-1,0,0,1,1,0,0,0,1,0,0,-1,0,0,-1,0,1,-1,0,0,0,0,0,1,0,1,0,0
1475,0,1,0,0,0,1,0,0,1,0,0,1,0,1,-1,1,0,0,0,0,0,0,0,0,0,0,0,1,0,0,1,1,0,0,1,1,-1,1,-1,0,0,-1,0,0,0,0,0,0,0,-1,1,0,0,0,0,0,1,0,0,-1,-1,0,-1,0
1476,0,0,0,0,0,0,0,1,0,0,0,-1,0,0,1,-1,1,0,0,-1,-1,0,1,0,0,0,0,0,0,-1,-1,-1,0,1,0,0,0,0,1,-1,0,0,0,0,-1,0,0,0,1,0,0,0,-1,0,0,-1,1,1,0,-1,0,1,0,0
1477,0,0,1,0,0,0,0,1,0,0,1,-1,-1,-1,1,-1,0,-1,0,-1,0,0,0,-1,0,-1,0,1,1,0,0,0,0,-1,0,0,1,0,0,0,0,-1,0,0,-1,0,0,0,1,0,0,0,1,0,-1,-1,0,-1,1,0,0,0,-1,0
1478,1,0,0,0,0,0,0,0,-1,0,1,0,0,1,0,0,-1,0,0,-1,0,0,1,0,0,0,0,0,-1,1,0,0,0,1,0,0,1,0,0,0,-1,0,0,0,0,1,0,-1,0,-1,1,0,0,1,0,1,0,0,1,0,0,-1,0,0
1479,0,1,0,-1,0,0,1,0,0,0,0,0,0,1,0,1,0,0,1,0,0,0,-1,0,0,0,0,0,0,0,0,0,-1,0,0,0,0,0,-1,-1,0,0,1,0,0,0,0,0,0,1,1,0,0,1,-1,0,0,0,0,0,0,0,0,0
1480,0,0,0,0,0,1,0,0,-1,0,0,-1,1,1,0,0,-1,1,-1,0,1,0,0,-1,-1,0,0,1,0,0,1,0,-1,0,0,-1,-1,0,0,0,0,1,0,0,0,0,0,0,0,1,0,0,1,0,0,0,1,0,1,0,0,0,-1,0
1481,1,0,-1,0,1,0,0,0,0,0,0,0,0,0,0,-1,-1,0,1,0,0,0,0,-1,-1,-1,0,0,0,0,0,0,1,1,0,0,0,1,0,0,1,0,0,-1,-1,0,-1,0,0,-1,0,0,-1,1,0,0,0,0,1,1,0,0,0,0
1482,0,0,1,0,1,0,0,-1,0,0,1,0,0,0,0,1,0,0,0,0,0,0,-1,0,0,0,0,0,0,0,0,0,-1,1,0,0,0,1,1,0,0,-1,-1,0,0,1,0,-1,1,0,0,1,0,0,0,1,0,0,1,1,0,-1,-1,0
1483,0,0,-1,1,0,0,0,0,0,1,1,0,0,-1,0,0,0,0,-1,0,-1,-1,0,-1,0,0,-1,0,-1,0,0,0,-1,0,0,0,1,0,0,0,0,0,0,0,0,0,0,-1,0,1,1,0,1,0,0,0,0,0,-1,0,0,0,-1,0
1484,1,-1,0,1,0,0,0,0,0,-1,0,0,-1,0,-1,0,0,0,0,0,0,0,-1,0,0,0,0,0,0,0,0,0,0,0,0,0,-1,1,0,-1,0,1,0,0,0,0,0,0,0,-1,-1,1,0,0,1,-1,0,0,0,0,1,1,0,0
1485,-1,0,-1,0,0,0,0,1,0,0,-1,0,-1,1,1,0,1,1,0,1,1,0,0,0,1,0,0,0,-1,0,-1,0,0,0,0,-1,0,0,0,1,-1,0,0,0,0,0,0,0,-1,0,-1,0,-1,0,-1,0,0,0,0,0,0,0,0,0
1486,-1,0,-1,0,0,0,-1,-1,-1,1,-1,0,1,-1,1,0,-1,0,0,0,0,0,0,1,1,-1,0,0,0,0,-1,0,0,0,0,0,0,0,1,-1,-1,1,0,-1,1,0,-1,0,1,1,0,-1,0,1,0,0,-1,-1,0,0,0,0,0,0
1487,0,1,0,0,-1,-1,0,0,0,0,-1,0,0,0,0,1,-1,0,0,1,1,0,0,-1,0,0,0,0,-1,-1,0,0,1,-1,0,0,1,-1,-1,-1,0,0,0,0,0,-1,-1,0,0,1,0,1,-1,0,1,0,0,0,0,0,0,-1,-1,0
1488,0,-1,1,0,0,0,-1,0,1,-1,0,-1,0,0,0,0,0,0,0,1,0,-1,1,1,0,1,0,1,-1,0,0,0,0,0,0,0,1,0,0,0,0,0,0,0,0,0,0,0,0,-1,0,0,0,0,0,0,-1,0,0,1,0,0,0,0
1489,0,-1,0,1,0,-1,0,-1,0,0,0,1,1,0,-1,1,0,0,0,0,-1,1,1,1,-1,0,1,0,0,1,1,0,1,0,0,0,0,1,0,0,1,1,-1,0,0,1,0,0,1,0,-1,0,0,0,0,0,0,0,-1,1,0,1,0,0
1490,1,1,0,0,0,0,-1,-1,0,0,-1,0,0,0,0,0,0,0,-1,0,0,1,0,0,0,0,0,0,0,-1,0,1,0,0,-1,1,0,0,0,0,1,0,1,0,-1,0,0,0,0,0,-1,0,0,0,1,0,1,0,1,0,0,0,0,0
1491,0,0,-1,0,0,0,0,1,0,0,0,0,1,0,1,-1,1,-1,1,0,0,0,-1,-1,0,0,0,0,0,-1,0,0,-1,0,1,0,1,1,0,-1,0,0,0,1,0,0,1,0,0,0,-1,0,1,0,0,0,0,0,0,-1,1,0,1,0
1492,0,0,0,0,0,0,-1,1,0,-1,0,0,-1,1,1,-1,1,1,0,0,0,0,-1,0,-1,0,1,-1,0,0,0,0,1,0,0,0,1,-1,0,1,0,0,0,-1,0,0,0,0,-1,0,0,0,0,0,0,0,0,0,0,1,0,0,0,0
1493,1,0,1,-1,0,-1,-1,1,1,-1,0,1,-1,1,0,0,0,0,1,0,0,0,0,0,-1,1,-1,0,0,1,1,1,0,0,0,-1,1,0,0,0,-1,0,0,-1,0,0,0,0,0,0,0,0,0,0,0,0,-1,0,-1,0,0,0,0,0
1494,0,-1,0,1,0,0,0,-1,0,-1,0,-1,1,0,0,0,0,0,1,0,0,0,0,-1,0,0,1,0,1,0,0,0,1,0,0,0,-1,-1,-1,1,1,0,1,0,-1,0,-1,0,0,0,0,0,-1,0,1,-1,0,1,-1,-1,-1,0,0,0
1495,0,-1,0,0,0,0,-1,0,-1,0,-1,0,1,0,0,0,0,0,0,0,0,0,0,1,0,0,0,0,0,0,-1,-1,1,0,0,1,0,0,0,0,0,0,0,0,1,0,-1,-1,0,0,0,1,0,0,-1,0,0,0,0,-1,0,0,-1,0
1496,0,1,0,1,0,1,0,0,-1,1,1,0,-1,0,0,0,1,0,0,0,0,1,0,0,1,0,0,0,1,0,0,0,-1,0,1,0,1,-1,1,-1,0,-1,0,-1,0,0,0,0,0,0,-1,0,1,-1,0,0,0,0,0,0,0,0,0,1
1497,0,0,-1,1,1,1,-1,0,0,0,0,0,0,-1,1,0,0,-1,0,0,0,0,-1,0,0,0,0,0,0,-1,-1,-1,1,-1,-1,-1,0,-1,0,0,0,0,0,0,0,0,0,0,1,0,0,0,-1,1,-1,0,-1,1,0,0,0,0,0,0
1498,0,1,-1,0,1,0,-1,0,1,0,0,0,0,1,1,0,0,0,0,-1,1,0,0,0,1,0,0,-1,0,-1,0,-1,-1,0,0,0,0,1,0,1,0,0,1,1,-1,-1,1,-1,0,-1,0,0,0,0,1,0,-1,-1,-1,-1,0,-1,0,0
1499,-1,0,1,1,1,0,0,0,0,0,0,0,0,-1,0,-1,0,0,0,0,0,0,0,1,0,0,0,1,0,0,0,0,-1,0,0,0,0,-1,0,0,1,1,-1,0,-1,0,0,0,0,0,-1,0,0,0,0,0,0,1,-1,0,0,-1,-1,0
1500,0,-1,-1,0,-1,-1,0,0,0,0,1,-1,0,0,0,1,1,0,0,0,-1,0,-1,0,0,0,0,0,0,-1,1,1,-1,0,0,1,0,0,0,-1,1,0,0,1,0,-1,0,0,0,0,1,1,-1,0,-1,-1,0,1,0,0,1,0,0,0
1501,0,0,0,0,0,1,-1,0,0,-1,-1,0,-1,0,1,0,0,0,-1,-1,-1,0,0,0,1,-1,0,0,0,0,-1,1,0,-1,-1,0,0,0,1,0,0,0,0,0,0,0,0,0,-1,0,0,0,1,0,-1,0,1,-1,0,0,0,0,0,1
1502,0,0,0,0,0,0,0,0,0,0,0,0,1,0,0,0,0,0,0,0,-1,0,1,0,-1,0,0,0,0,0,0,-1,1,0,-1,0,-1,-1,0,0,0,0,-1,1,0,0,0,0,0,0,0,0,0,-1,-1,1,0,0,1,1,0,-1,-1,1
1503,-1,0,0,0,-1,0,-1,-1,0,0,0,0,0,0,0,0,0,0,0,-1,0,1,0,-1,0,0,0,0,0,-1,0,1,-1,-1,0,1,0,0,0,0,0,-1,1,0,0,0,0,0,0,-1,-1,1,0,0,0,0,0,-1,-1,-1,0,0,0,1
1504,0,0,0,1,0,0,-1,-1,1,0,0,-1,0,0,-1,0,0,0,0,0,1,0,0,1,-1,-1,-1,0,0,0,0,1,0,0,1,0,0,0,0,0,0,0,-1,0,-1,0,1,0,-1,0,0,0,0,-1,0,1,0,0,0,0,0,0,0,0
1505,1,0,-1,0,0,0,-1,1,-1,0,1,1,-1,-1,0,0,0,-1,0,1,-1,0,0,1,0,1,0,0,0,0,0,0,0,0,-1,-1,-1,-1,-1,0,0,0,1,0,0,-1,-1,0,-1,0,0,-1,0,-1,1,0,0,0,0,0,-1,-1,0,-1
1506,1,0,0,0,0,-1,0,-1,0,0,0,1,0,0,1,0,1,0,0,0,-1,0,0,0,0,0,0,-1,0,0,0,0,0,0,0,1,0,0,0,0,0,-1,0,1,0,-1,0,0,0,0,0,1,0,0,0,0,-1,0,1,-1,1,-1,0,0
1507,0,0,0,0,0,1,-1,0,1,0,0,1,0,0,0,1,0,1,1,-1,0,0,0,0,0,0,1,-1,0,-1,0,-1,-1,0,0,0,0,0,1,0,0,0,1,-1,1,0,0,0,0,1,-1,0,0,0,-1,1,0,0,0,0,-1,0,0,0
1508,0,0,-1,0,-1,-1,0,1,0,0,0,1,-1,1,0,0,0,0,0,0,0,0,1,0,0,-1,0,1,1,0,0,-1,0,1,1,0,0,0,0,1,0,1,1,-1,0,-1,0,1,0,0,0,0,-1,0,0,0,0,0,0,0,0,0,0,0
1509,1,-1,0,1,0,-1,0,-1,-1,0,1,0,0,1,0,0,-1,1,0,0,0,0,0,0,0,0,1,0,0,-1,0,0,-1,-1,0,1,0,0,1,0,0,0,0,1,0,-1,1,0,-1,1,-1,0,0,0,1,0,0,1,0,0,0,0,0,1
1510,1,0,-1,0,0,-1,0,0,-1,0,1,1,0,-1,0,0,0,0,-1,0,1,-1,1,0,0,1,1,1,0,0,0,0,1,0,-1,0,0,-1,0,0,0,1,0,0,0,0,-1,-1,0,0,0,0,0,0,0,-1,0,-1,0,0,0,0,1,0
1511,-1,0,0,0,1,0,0,0,0,0,-1,0,0,-1,0,-1,0,0,1,-1,1,1,-1,0,0,0,0,1,-1,0,0,0,0,1,-1,-1,1,-1,0,0,-1,0,0,0,0,0,0,0,1,0,1,0,0,1,1,0,0,1,0,0,0,0,0,-1
1512,-1,0,1,0,0,1,0,0,0,0,0,1,0,0,-1,0,-1,0,1,0,1,0,1,0,1,1,0,0,0,0,0,0,0,0,0,1,-1,0,0,0,0,-1,0,0,0,0,0,-1,0,0,-1,0,0,-1,0,-1,0,1,1,0,0,0,1,0
1513,0,0,0,1,0,-1,1,1,0,0,0,0,0,0,0,0,0,0,0,0,0,-1,0,0,1,0,-1,0,0,-1,0,0,-1,0,0,0,-1,0,-1,0,0,-1,0,0,0,-1,0,0,1,1,0,0,0,0,0,0,0,0,1,0,0,-1,1,1
1514,0,-1,0,1,-1,-1,0,0,0,-1,-1,-1,0,-1,0,0,0,1,0,0,0,0,-1,0,0,0,0,0,0,1,0,0,0,0,0,-1,0,0,0,-1,-1,1,0,0,0,0,0,0,-1,-1,0,0,0,0,0,1,0,1,-1,0,0,0,0,0
1515,0,0,0,1,-1,0,-1,0,0,1,0,0,0,0,0,1,0,0,0,-1,0,1,0,0,0,-1,0,1,0,1,0,0,0,-1,-1,0,0,-1,0,1,0,1,1,0,-1,0,1,0,0,1,-1,0,-1,0,0,0,1,-1,0,0,-1,0,0,0
1516,0,0,0,0,0,0,1,0,0,0,0,0,0,0,0,0,0,-1,0,0,1,0,0,1,0,1,0,0,0,0,0,0,0,-1,1,0,1,-1,-1,0,-1,0,-1,0,0,-1,0,0,-1,0,-1,1,0,0,1,1,0,0,0,0,0,-1,0,0
1517,0,0,-1,1,0,-1,-1,0,1,0,0,0,0,0,0,-1,1,-1,-1,1,1,0,-1,0,0,1,0,0,0,0,0,0,0,1,0,0,0,0,0,0,-1,0,0,0,0,0,1,0,-1,0,0,0,0,1,0,0,0,0,0,0,0,1,0,1
1518,0,1,0,1,0,0,0,1,0,0,0,-1,0,0,1,-1,0,0,0,1,0,0,0,-1,0,-1,0,-1,0,0,-1,-1,-1,0,0,0,0,0,0,0,0,0,-1,0,-1,1,-1,1,1,-1,0,0,0,0,-1,0,0,0,1,0,0,0,1,0
1519,0,1,0,0,0,0,0,0,0,0,-1,1,1,-1,0,0,0,0,0,0,0,0,0,0,0,1,0,0,0,0,0,0,0,1,-1,0,-1,0,0,0,1,-1,0,0,1,0,0,0,0,-1,-1,0,1,-1,1,1,1,-1,0,0,0,0,1,1
1520,0,-1,0,0,-1,0,1,0,0,0,0,-1,0,0,1,-1,0,0,1,-1,1,1,1,0,0,0,-1,0,1,-1,-1,1,0,0,1,0,0,0,1,1,1,0,0,0,0,0,0,0,-1,0,0,1,1,0,0,0,0,-1,0,0,1,0,-1,1
1521,-1,1,-1,-1,0,0,0,1,0,0,0,1,0,0,1,0,0,0,-1,0,0,-1,0,0,1,1,-1,1,-1,0,0,0,0,0,0,-1,-1,1,0,0,0,0,0,-1,0,0,0,-1,0,0,-1,1,0,-1,0,1,0,0,0,-1,0,1,0,0
1522,1,0,0,0,-1,0,-1,0,0,0,0,1,0,0,0,0,0,1,0,0,1,0,0,0,0,0,-1,0,-1,0,0,0,0,-1,0,-1,0,1,0,-1,1,0,0,0,0,0,1,1,0,0,-1,0,0,-1,1,0,1,0,0,0,0,0,0,0
1523,0,0,0,0,0,0,-1,1,0,0,0,0,1,0,-1,0,-1,-1,-1,-1,1,0,0,0,0,1,0,0,0,0,0,0,-1,0,0,1,0,-1,1,0,-1,1,0,1,0,0,-1,1,0,0,0,-1,1,0,0,-1,0,-1,0,1,0,1,0,0
1524,1,-1,0,0,-1,0,0,0,1,0,0,1,0,0,0,-1,0,0,0,0,0,1,0,0,1,0,1,1,-1,0,0,0,0,0,0,1,0,1,-1,-1,0,0,0,0,-1,0,0,0,0,-1,0,0,0,0,0,1,-1,1,0,0,-1,1,0,0
1525,1,0,1,0,0,0,0,0,-1,0,0,0,0,0,1,0,0,0,-1,0,-1,0,-1,-1,-1,0,0,0,0,-1,-1,0,-1,0,-1,0,0,0,1,0,0,0,0,0,0,1,0,0,0,-1,0,1,0,0,1,0,-1,0,1,0,0,1,1,0
1526,0,1,1,-1,-1,0,-1,0,0,0,0,1,0,0,0,1,0,-1,-1,1,-1,0,1,-1,1,-1,0,0,1,0,0,-1,0,0,0,0,-1,1,0,1,0,0,0,-1,0,0,0,-1,0,0,0,0,0,0,-1,-1,0,0,0,0,0,-1,-1,-1
1527,1,-1,0,-1,0,1,0,1,1,0,0,-1,1,0,0,0,1,-1,-1,0,0,0,0,0,-1,0,-1,0,0,1,0,0,0,1,0,0,-1,0,0,1,0,0,-1,0,-1,0,1,1,0,0,-1,1,0,0,-1,-1,0,0,0,-1,1,1,0,-1
1528,0,-1,0,0,0,0,0,-1,-1,0,0,1,-1,0,0,0,-1,1,0,-1,1,0,0,0,0,0,-1,-1,0,0,0,0,-1,0,-1,0,0,0,0,0,-1,-1,0,-1,0,0,0,0,0,0,0,0,0,0,0,-1,0,0,0,0,0,-1,0,0
1529,-1,0,0,0,0,0,1,1,0,-1,-1,0,1,1,1,0,0,-1,1,0,0,1,0,0,0,1,0,0,0,0,0,0,0,1,0,0,0,1,0,1,0,1,0,0,-1,0,0,0,0,0,0,0,1,0,0,0,0,0,0,-1,1,1,0,-1
1530,0,0,0,1,0,0,0,0,0,0,0,-1,-1,0,1,1,0,0,1,0,0,0,0,0,0,0,0,0,0,0,-1,0,0,-1,0,0,0,0,1,0,0,-1,-1,0,0,0,-1,-1,1,0,0,-1,0,0,0,0,0,-1,0,0,-1,0,0,-1
1531,0,0,-1,0,0,0,0,0,0,0,0,-1,0,0,0,0,0,0,0,0,0,1,0,0,0,0,0,-1,-1,0,0,0,0,0,0,-1,0,0,0,0,0,0,1,-1,0,0,-1,0,0,1,0,0,0,0,-1,0,0,0,0,0,0,1,0,1
1532,1,0,0,0,0,0,-1,0,0,1,0,0,1,1,1,0,1,1,0,0,0,0,0,0,0,0,1,0,0,0,0,0,-1,0,0,-1,0,0,0,1,-1,0,0,0,0,0,0,1,0,0,0,0,0,0,0,0,0,-1,0,0,1,-1,0,-1
1533,0,0,0,-1,-1,0,0,0,0,0,-1,0,0,1,1,0,0,1,0,0,-1,0,0,-1,0,0,1,0,0,0,1,0,0,0,0,1,1,-1,1,0,-1,0,0,0,0,0,-1,0,0,0,-1,0,0,-1,1,0,0,-1,0,0,0,0,1,0
1534,1,0,0,-1,1,1,0,0,0,0,0,-1,0,-1,0,1,1,1,0,0,0,1,0,0,-1,-1,-1,1,0,0,-1,1,-1,0,0,-1,0,1,0,0,0,0,0,0,0,0,0,1,0,1,0,0,1,0,1,0,0,0,1,0,0,0,0,0
1535,0,-1,-1,0,0,0,-1,0,0,1,-1,0,0,1,-1,-1,0,0,0,1,-1,-1,0,0,0,0,0,0,0,1,1,0,-1,0,0,0,0,0,0,0,0,-1,0,1,0,0,0,1,0,0,1,-1,0,0,-1,0,-1,0,0,1,0,0,0,0
1536,1,0,0,1,0,1,0,-1,0,0,1,0,-1,0,0,-1,0,1,0,0,0,0,0,1,-1,0,0,1,0,0,-1,0,0,1,0,1,0,0,0,0,0,1,0,0,0,-1,1,0,-1,0,0,0,-1,0,0,-1,1,0,0,-1,1,1,0,1
1537,0,0,0,0,-1,-1,0,0,0,1,0,0,0,0,0,0,-1,0,0,0,0,0,0,0,0,1,0,1,1,0,0,0,1,0,0,1,-1,1,-1,1,0,-1,-1,0,1,0,-1,0,-1,-1,0,-1,0,0,0,-1,0,-1,0,0,0,-1,1,0
1538,-1,0,0,0,0,0,0,0,-1,1,0,0,0,0,0,1,1,0,1,1,0,1,0,0,0,-1,0,-1,-1,-1,-1,0,0,-1,0,0,0,0,-1,0,0,0,0,1,0,0,-1,0,0,-1,0,-1,0,0,1,-1,0,0,0,-1,0,0,0,1
1539,0,0,0,0,0,0,-1,1,1,0,0,0,-1,0,-1,0,1,0,-1,-1,0,1,1,0,0,0,1,1,1,0,1,0,1,1,0,0,0,0,0,0,0,0,0,0,0,0,0,0,0,0,-1,-1,0,-1,0,0,0,1,0,1,0,0,0,1
1540,-1,0,0,0,0,1,0,0,1,0,0,0,0,0,0,0,0,0,0,0,0,-1,1,0,1,0,0,0,0,1,-1,0,0,0,0,0,1,0,0,0,-1,-1,0,0,1,1,-1,0,-1,0,-1,0,0,0,0,0,-1,0,1,1,0,1,0,0
1541,-1,0,0,0,0,0,1,-1,0,0,0,0,0,0,0,1,0,0,1,0,-1,0,-1,-1,0,0,-1,0,-1,0,0,0,1,0,0,0,0,1,1,1,0,0,0,0,-1,0,0,0,0,0,0,-1,0,0,0,0,-1,-1,0,0,0,0,1,1
1542,0,0,1,1,0,0,0,0,0,0,0,1,1,0,1,-1,0,0,1,0,0,-1,0,0,1,1,1,-1,0,0,0,1,0,-1,0,0,1,0,0,0,0,1,0,0,1,-1,0,0,-1,0,0,0,-1,0,0,0,0,0,0,-1,1,-1,0,0
1543,0,0,0,0,0,-1,0,0,0,0,0,0,0,0,1,0,0,0,1,0,1,0,0,-1,-1,0,0,0,0,1,0,0,1,0,0,0,0,1,0,0,0,1,1,0,0,0,0,0,0,1,-1,-1,0,0,0,1,0,0,0,0,0,0,0,0
1544,0,0,0,0,0,0,0,-1,0,1,0,0,-1,0,1,0,0,0,0,-1,0,0,0,-1,0,0,0,-1,1,-1,0,0,0,0,0,0,0,0,0,0,0,1,0,1,0,0,0,0,-1,-1,0,0,-1,-1,0,0,-1,0,0,-1,0,0,0,-1
1545,0,0,0,0,0,1,1,0,1,0,0,0,0,0,0,0,0,0,1,0,-1,0,0,0,0,1,1,-1,0,0,0,0,0,0,0,0,-1,0,0,0,0,0,1,0,0,0,0,0,1,1,-1,0,0,0,0,-1,0,-1,-1,0,0,-1,0,0
1546,1,1,0,1,0,0,0,1,1,0,0,0,0,0,0,0,0,0,1,1,1,-1,0,0,-1,0,0,0,0,1,0,0,1,-1,-1,0,-1,0,0,0,0,1,0,0,0,-1,1,-1,0,0,0,0,1,0,0,1,1,-1,0,1,-1,0,0,1
1547,0,0,0,-1,0,0,0,0,-1,1,1,1,0,0,0,0,-1,0,0,0,0,0,1,1,0,0,0,-1,0,1,0,0,0,0,0,-1,0,0,0,0,1,0,0,1,0,0,0,1,-1,0,0,1,1,0,0,0,0,0,0,0,0,-1,-1,-1
1548,1,0,0,0,1,0,0,0,0,0,-1,-1,-1,0,0,0,0,0,0,0,0,0,0,0,1,-1,1,-1,0,0,1,-1,0,0,1,0,0,1,0,0,0,0,0,0,0,0,0,0,0,-1,0,-1,1,0,-1,0,0,0,0,0,0,1,1,-1
1549,0,1,-1,0,-1,0,0,0,-1,0,0,0,1,-1,0,1,0,0,0,0,-1,0,0,0,0,0,0,0,0,0,0,-1,0,1,0,0,0,0,1,0,0,0,0,1,1,0,0,0,0,0,0,1,1,1,0,0,1,0,0,0,1,0,-1,0
1550,1,-1,0,0,0,0,0,0,1,-1,1,0,0,0,0,1,1,0,0,-1,0,1,0,0,-1,1,-1,0,0,1,-1,1,0,1,1,0,0,-1,0,0,0,0,0,0,0,0,-1,1,0,1,-1,0,1,0,-1,0,0,0,0,0,0,1,1,1
1551,0,0,0,0,0,0,-1,0,1,0,0,0,0,0,1,0,1,1,0,-1,1,0,0,0,-1,1,0,0,0,0,1,1,0,0,-1,-1,0,0,0,0,0,1,0,1,0,0,0,0,1,1,0,0,0,0,1,0,-1,0,-1,0,0,0,0,0
1552,0,0,0,0,0,-1,0,-1,1,0,0,0,0,0,-1,0,1,0,0,1,0,1,0,0,0,0,0,1,0,1,1,0,1,0,-1,0,0,0,0,0,0,0,1,0,1,0,0,1,1,-1,-1,0,0,0,1,0,0,0,1,0,0,0,0,0
1553,0,0,1,0,1,-1,1,0,0,-1,0,-1,1,0,0,1,0,0,0,0,0,0,0,-1,0,1,0,-1,0,0,0,-1,0,0,0,0,1,-1,0,0,-1,0,1,0,0,0,-1,1,1,-1,0,-1,0,0,-1,0,1,0,0,1,-1,-1,0,0
1554,-1,0,1,0,0,0,0,-1,0,0,0,0,1,0,0,0,0,0,0,0,-1,0,0,-1,1,0,0,0,-1,-1,0,0,0,0,1,0,-1,0,1,0,0,0,0,0,0,0,0,1,1,-1,0,0,0,0,0,0,0,1,0,1,0,-1,0,0
1555,0,0,0,0,-1,0,1,-1,-1,1,0,0,1,-1,0,0,1,-1,0,0,1,1,0,0,1,0,-1,0,0,0,0,1,0,0,0,0,0,0,0,0,0,0,0,0,1,0,1,1,1,0,0,0,0,0,0,1,0,0,1,0,0,0,0,0
1556,1,1,-1,-1,0,0,0,0,0,1,1,-1,-1,-1,0,1,0,1,-1,-1,0,0,0,1,-1,0,0,1,0,0,0,1,-1,0,1,1,-1,1,0,0,0,0,-1,1,-1,0,1,0,0,0,0,0,0,-1,1,0,0,0,0,0,0,1,0,0
1557,0,0,0,-1,-1,0,0,0,-1,1,1,0,0,0,0,0,0,-1,-1,0,1,0,-1,0,0,0,1,-1,-1,0,0,-1,0,0,1,-1,1,0,1,0,0,0,0,0,0,0,0,1,-1,0,-1,0,-1,0,0,0,0,1,0,0,0,0,1,0
1558,0,0,0,-1,1,-1,0,0,1,0,-1,0,1,0,1,0,1,0,1,0,0,1,0,0,0,-1,-1,-1,0,0,0,0,0,0,1,0,0,0,0,1,0,0,0,0,0,-1,0,-1,0,0,1,0,-1,0,0,0,0,0,0,0,0,0,-1,0
1559,1,0,0,0,0,0,0,1,1,1,1,0,0,0,0,0,-1,1,0,0,-1,-1,1,-1,0,0,1,0,0,0,-1,0,1,1,0,0,0,0,1,1,0,1,-1,0,0,0,0,0,0,1,-1,-1,-1,0,0,0,0,0,0,1,0,0,0,-1
1560,-1,1,0,0,1,-1,0,0,0,0,-1,0,-1,0,0,0,0,0,-1,0,0,-1,-1,-1,0,1,0,0,0,0,-1,1,1,-1,0,1,0,1,0,0,0,-1,0,0,0,0,1,0,1,-1,1,0,0,0,0,0,0,0,1,0,0,0,1,0
1561,0,0,0,1,1,0,0,0,-1,0,0,0,0,1,0,0,0,0,0,0,0,0,0,0,1,0,0,0,0,0,1,0,0,0,0,-1,0,0,0,0,0,0,0,0,0,-1,0,1,0,1,0,-1,0,-1,0,0,1,0,0,0,0,0,1,0
1562,1,0,0,0,0,0,0,-1,0,1,0,-1,0,0,1,0,1,0,1,0,0,-1,0,0,1,1,0,1,0,0,0,0,0,-1,0,0,1,-1,-1,1,0,0,1,1,0,0,0,-1,0,0,0,-1,0,0,0,0,1,0,-1,1,0,0,0,0
1563,1,0,0,0,1,0,0,0,0,-1,0,0,1,0,0,0,0,-1,-1,-1,0,0,0,0,-1,0,1,0,1,0,1,0,-1,1,-1,0,0,0,0,-1,1,0,0,0,0,0,0,0,0,1,1,0,1,0,0,-1,0,0,-1,0,0,0,0,0
1564,0,0,0,0,0,1,0,0,0,-1,0,0,0,-1,1,0,0,0,0,0,1,0,1,0,0,0,-1,1,0,0,-1,0,0,0,0,0,0,-1,0,0,0,1,0,0,-1,0,0,0,-1,0,-1,-1,1,1,-1,1,0,0,-1,-1,0,0,-1,0
1565,0,-1,0,1,0,0,0,1,0,-1,1,-1,1,0,0,1,0,0,0,0,-1,1,0,0,0,0,0,1,0,0,0,0,1,0,0,1,0,0,1,0,0,0,0,0,-1,0,1,0,0,0,0,0,-1,-1,0,0,-1,0,1,1,0,0,0,0
1566,0,-1,0,0,0,0,0,0,0,0,1,0,1,1,0,0,0,0,0,0,0,1,0,0,0,0,0,0,-1,0,0,0,0,0,0,0,0,0,0,0,0,0,0,1,1,0,0,0,0,0,0,-1,-1,0,-1,0,0,-1,0,0,-1,0,-1,0
1567,0,1,0,0,1,0,-1,0,0,1,1,-1,0,0,0,-1,0,0,-1,1,0,0,0,1,0,0,0,-1,0,0,0,0,-1,0,0,0,0,0,0,0,0,0,1,-1,-1,0,0,0,0,0,1,0,0,0,-1,0,0,-1,1,0,0,0,0,1
1568,1,0,1,0,0,0,0,0,0,0,1,-1,0,0,0,1,1,1,0,0,0,-1,-1,0,-1,0,0,-1,0,0,0,0,0,1,-1,0,0,0,0,0,0,0,0,-1,0,0,0,0,0,0,0,1,0,0,-1,0,0,0,1,0,-1,0,0,0
1569,0,0,0,0,0,0,0,0,0,0,0,0,0,0,0,0,0,1,0,0,0,0,0,-1,0,0,-1,0,0,-1,1,0,0,0,0,-1,0,0,-1,0,0,0,-1,0,-1,1,1,0,0,0,0,1,0,-1,1,0,0,1,0,0,0,0,0,1
1570,0,0,0,-1,0,0,0,-1,0,-1,1,0,-1,0,0,1,0,1,0,0,1,0,0,0,0,0,0,-1,0,0,0,0,0,0,1,1,0,0,1,0,0,0,1,0,0,-1,0,0,0,0,1,1,0,-1,1,0,-1,0,0,-1,0,-1,0,0
1571,1,1,0,-1,0,0,0,-1,1,0,0,1,1,-1,1,1,-1,0,0,0,0,-1,-1,0,1,-1,1,0,0,0,-1,1,0,0,-1,-1,0,1,0,0,0,0,0,0,1,0,-1,0,0,-1,0,1,0,0,-1,1,-1,-1,0,0,0,0,0,-1
1572,0,0,0,0,1,-1,0,0,1,-1,-1,-1,-1,-1,0,1,0,0,-1,0,0,1,0,1,1,0,0,0,0,1,0,0,0,0,-1,0,0,0,0,0,0,0,-1,0,0,1,0,0,0,0,0,0,0,-1,0,0,0,1,0,-1,0,1,0,-1
1573,0,0,-1,0,0,0,0,-1,0,0,1,-1,-1,1,1,-1,0,0,1,-1,0,0,0,0,-1,0,1,0,1,0,0,-1,-1,-1,1,1,0,-1,1,0,0,0,0,-1,0,0,0,0,0,0,0,0,0,0,1,-1,0,1,0,0,-1,0,-1,0
1574,0,0,-1,0,0,0,0,1,0,0,0,0,0,0,0,0,0,0,0,0,0,-1,0,-1,0,0,0,1,1,1,0,0,0,0,0,-1,1,0,0,-1,-1,0,0,0,0,0,-1,0,0,-1,0,0,1,0,-1,0,0,1,0,0,-1,1,0,0
1575,0,0,-1,0,0,0,0,0,0,1,-1,0,0,0,0,0,0,0,0,1,0,0,0,0,0,0,0,0,0,-1,0,-1,0,1,0,0,0,-1,0,0,-1,0,0,0,1,0,0,0,0,0,-1,0,0,0,0,0,0,0,0,0,0,-1,0,0
1576,0,0,-1,0,0,0,0,0,0,-1,0,0,-1,0,0,0,0,0,0,0,-1,1,-1,0,-1,1,0,0,0,0,0,0,0,-1,0,1,-1,1,0,0,0,0,0,0,0,0,0,1,1,0,-1,0,0,-1,-1,0,0,0,0,0,0,0,0,0
1577,0,0,0,0,1,0,1,0,0,-1,1,1,0,0,1,0,-1,0,0,0,-1,0,0,0,0,-1,1,0,1,0,-1,0,0,0,0,-1,0,1,-1,-1,0,0,0,0,-1,0,0,1,-1,1,0,0,0,-1,0,1,-1,-1,0,1,0,1,0,1
1578,0,1,1,-1,-1,0,0,-1,0,0,-1,0,0,-1,0,0,-1,0,1,0,0,-1,0,0,0,0,0,0,0,0,0,0,0,1,0,0,0,0,0,0,0,0,-1,0,-1,-1,0,0,1,0,0,0,0,1,0,-1,0,0,-1,0,0,1,0,1
1579,0,0,0,0,-1,1,0,0,0,-1,0,0,0,0,0,0,0,0,0,0,-1,0,0,-1,-1,0,0,0,1,0,0,0,1,-1,0,-1,0,0,-1,0,0,0,0,0,0,-1,-1,0,0,0,0,0,0,1,1,0,0,0,0,0,0,0,-1,0
1580,0,0,0,0,0,1,0,0,1,1,-1,0,0,0,0,1,-1,0,0,-1,0,0,0,0,0,-1,0,0,0,0,0,0,1,0,0,0,1,0,0,0,0,1,0,0,-1,0,1,1,1,1,0,-1,-1,0,1,0,0,0,0,0,0,0,0,0
1581,0,0,-1,0,0,0,1,0,0,1,0,-1,0,1,0,-1,0,0,0,0,0,0,-1,0,0,-1,0,0,0,0,-1,0,-1,0,0,0,-1,-1,0,0,0,0,1,0,1,0,0,-1,-1,0,1,0,0,-1,0,0,-1,-1,-1,1,0,0,0,1
1582,0,0,0,0,0,0,1,-1,-1,-1,0,0,0,0,0,0,0,0,0,-1,0,0,-1,0,1,0,0,0,0,0,1,0,0,-1,0,0,-1,0,0,-1,1,-1,-1,0,-1,-1,-1,-1,0,-1,0,0,0,1,0,-1,-1,0,0,-1,0,-1,1,0
1583,1,0,1,0,0,0,0,1,0,0,0,-1,1,1,1,1,0,1,0,0,0,-1,-1,0,1,0,0,0,-1,0,0,1,0,0,0,-1,0,-1,1,0,0,0,1,0,-1,0,0,-1,0,0,0,0,0,0,0,0,1,0,0,0,-1,1,0,0
1584,0,0,0,0,1,-1,0,-1,1,0,0,0,0,0,0,0,0,1,0,0,0,0,0,1,-1,0,-1,1,0,1,-1,-1,0,0,0,0,0,0,0,0,0,0,0,0,0,0,0,0,-1,1,0,1,1,0,1,0,0,-1,-1,-1,1,0,1,-1
1585,-1,1,1,0,0,0,-1,0,0,-1,0,0,0,1,0,0,0,1,0,1,0,0,0,0,0,0,0,-1,-1,0,-1,0,1,0,0,0,0,0,-1,-1,0,0,0,0,0,1,-1,0,0,0,-1,0,0,0,0,0,1,0,1,0,0,-1,0,0
1586,1,0,0,-1,1,0,1,1,0,0,1,0,1,0,1,0,0,0,-1,0,-1,0,-1,0,-1,1,0,0,0,-1,0,0,0,0,1,1,0,0,0,0,0,0,0,0,-1,0,0,-1,0,0,1,-1,-1,1,0,0,0,0,1,0,0,-1,0,1
1587,0,1,0,0,0,-1,0,1,0,-1,0,0,0,0,1,0,0,0,1,-1,0,0,1,0,-1,0,0,0,0,0,0,0,0,0,0,0,0,0,1,0,-1,1,0,0,0,0,0,0,0,0,0,-1,1,-1,-1,0,0,0,-1,0,0,-1,0,0
1588,0,0,0,0,0,0,0,0,0,0,0,0,-1,0,0,1,0,0,1,0,1,-1,1,0,0,0,0,0,0,0,0,0,1,1,0,-1,0,1,0,-1,1,1,0,0,0,-1,0,0,-1,0,0,-1,0,1,1,-1,0,0,-1,0,0,0,0,0
1589,0,0,0,1,0,1,0,-1,1,0,1,0,0,0,0,1,-1,1,0,0,-1,0,0,0,1,0,0,0,0,0,0,0,-1,0,-1,-1,0,0,0,-1,0,0,0,0,0,-1,0,0,0,-1,0,0,-1,0,0,0,0,1,1,-1,0,0,0,0
1590,0,1,0,0,0,0,1,0,0,0,0,1,0,0,0,0,1,0,1,0,-1,1,0,0,0,0,0,-1,0,1,0,0,1,1,0,1,1,0,1,0,0,0,0,0,1,0,1,0,1,1,-1,0,1,0,0,0,0,0,0,0,1,1,0,1
1591,0,-1,1,0,0,0,1,-1,1,-1,-1,0,-1,0,0,1,0,0,0,0,1,1,-1,0,0,0,0,0,0,0,0,1,-1,-1,1,0,0,0,-1,-1,0,-1,0,0,1,1,-1,0,0,-1,0,1,1,1,1,1,-1,0,-1,0,0,0,0,0
1592,0,0,-1,0,0,0,-1,0,0,1,0,0,0,0,1,0,0,0,0,-1,0,-1,1,0,0,1,0,0,0,0,0,0,0,0,0,0,1,0,0,-1,0,-1,0,0,0,-1,1,0,0,0,-1,0,-1,0,0,0,0,0,1,0,-1,0,0,-1
1593,-1,0,0,1,0,0,0,-1,1,1,0,-1,0,0,0,0,-1,0,0,1,0,0,0,1,0,0,0,1,0,-1,-1,0,0,1,-1,0,-1,0,1,0,-1,0,1,0,0,0,-1,0,-1,0,1,0,1,0,0,0,-1,-1,1,0,0,0,0,0
1594,-1,1,0,0,1,1,1,0,0,0,0,0,-1,0,0,0,-1,0,1,-1,0,1,1,0,0,0,0,0,0,-1,0,1,0,0,1,0,0,-1,0,0,0,0,-1,1,0,-1,1,-1,1,0,0,0,0,-1,0,1,0,-1,0,-1,1,-1,0,-1
1595,-1,-1,-1,0,-1,0,1,0,0,1,0,0,0,0,1,1,0,1,1,0,0,0,0,0,1,1,0,0,-1,1,0,0,0,0,0,1,0,0,0,0,0,0,0,-1,1,0,1,0,0,0,1,1,0,0,0,-1,-1,1,-1,1,0,0,0,0
1596,0,-1,0,0,0,0,0,0,0,0,0,-1,0,0,0,0,0,0,0,0,0,0,0,0,-1,-1,0,0,0,-1,0,0,0,0,0,0,0,0,-1,0,0,0,-1,-1,0,-1,0,-1,0,0,1,0,0,1,0,0,0,1,0,-1,0,0,-1,-1
1597,0,0,0,0,0,-1,-1,0,0,1,1,-1,0,0,0,-1,0,0,-1,0,-1,0,1,0,1,0,1,0,0,0,1,0,0,0,1,-1,0,0,-1,1,0,1,0,0,-1,0,-1,0,1,-1,1,0,1,-1,0,-1,-1,1,1,1,0,1,0,0
1598,0,1,0,0,1,0,1,0,0,0,0,-1,1,-1,0,1,0,0,-1,0,-1,0,0,-1,0,0,0,0,-1,0,0,0,0,0,0,0,-1,0,0,0,0,-1,0,1,1,0,0,-1,1,0,0,0,0,1,1,-1,0,0,0,0,0,0,0,0
1599,-1,0,0,0,1,0,1,0,0,0,0,0,-1,-1,-1,1,-1,0,1,0,0,0,0,0,0,0,1,1,0,0,1,1,0,-1,0,0,0,1,0,1,-1,0,-1,0,1,0,0,0,-1,0,0,0,0,0,-1,-1,0,0,-1,-1,0,0,1,0
1600,0,0,0,0,0,0,0,0,-1,1,0,0,0,-1,0,0,0,0,1,0,0,0,0,1,0,1,0,0,1,0,1,0,0,0,1,0,0,0,-1,0,1,1,1,1,0,0,-1,0,0,0,0,0,0,0,0,0,1,0,0,1,-1,0,0,0
1601,0,0,0,0,0,0,0,0,0,0,0,1,-1,0,-1,0,0,-1,-1,1,0,0,0,1,0,0,-1,0,0,0,0,1,1,0,0,1,0,1,1,0,-1,1,-1,0,0,-1,0,0,0,0,0,0,0,0,1,0,0,0,0,-1,-1,0,0,0
1602,0,1,0,0,-1,1,0,0,-1,-1,-1,0,1,0,0,-1,0,0,0,-1,0,1,-1,1,-1,0,0,1,1,0,0,0,0,-1,0,0,1,0,0,1,-1,0,-1,0,-1,-1,1,0,0,0,0,0,0,0,0,1,0,0,0,0,0,0,1,0
1603,0,0,0,1,0,-1,0,-1,0,-1,1,-1,0,-1,0,0,1,0,0,0,0,1,0,-1,-1,0,0,0,0,-1,1,0,0,1,0,0,-1,-1,-1,0,0,0,0,0,0,1,0,-1,0,0,1,0,0,0,-1,0,0,0,0,0,-1,0,-1,0
1604,0,-1,0,0,0,0,0,-1,0,-1,0,0,-1,-1,1,-1,-1,1,0,-1,0,0,0,0,0,-1,0,0,0,0,-1,0,0,0,-1,0,0,0,0,0,-1,0,0,1,0,-1,0,-1,0,1,0,0,0,-1,1,1,-1,1,1,0,1,1,0,-1
1605,1,-1,1,0,0,0,1,-1,0,0,0,1,0,0,0,0,1,0,0,-1,0,0,0,0,-1,0,0,0,0,0,1,0,0,0,1,0,0,0,0,0,-1,0,0,0,1,0,1,0,1,0,0,-1,0,0,0,0,-1,0,0,-1,0,0,0,-1
1606,0,0,-1,0,0,0,0,0,0,0,0,1,0,-1,-1,-1,0,0,0,0,0,0,1,0,0,0,0,0,0,0,-1,0,0,1,0,0,1,0,0,0,0,0,0,1,0,-1,0,-1,0,0,0,0,1,-1,1,1,-1,0,0,0,0,0,1,0
1607,0,1,0,0,0,0,0,1,0,0,1,0,0,0,1,-1,0,-1,0,0,0,0,0,0,0,0,-1,-1,0,0,0,0,0,1,0,0,1,0,-1,-1,1,0,0,0,0,0,0,0,0,-1,0,0,0,0,1,0,0,0,0,-1,0,1,0,0
1608,0,0,0,1,0,1,0,1,-1,0,0,-1,0,0,0,0,0,0,1,-1,0,0,0,1,0,0,-1,0,0,0,0,-1,1,0,-1,0,0,0,-1,0,0,1,1,0,1,0,0,0,0,0,1,0,1,1,0,0,0,0,0,0,0,-1,0,1
1609,0,-1,-1,0,0,0,0,0,0,0,0,0,0,0,0,0,0,0,0,0,0,0,0,0,0,0,-1,0,0,0,0,0,1,0,0,0,0,0,0,1,-1,1,0,0,0,0,0,0,0,-1,0,0,-1,0,1,1,0,0,0,0,0,0,0,0
1610,0,0,-1,1,0,-1,0,1,1,1,-1,0,0,0,0,0,0,0,0,0,0,-1,0,0,0,1,0,0,-1,0,-1,-1,-1,-1,-1,-1,0,0,0,0,0,-1,0,0,1,0,0,-1,0,1,0,0,1,0,0,0,0,-1,0,0,0,0,-1,1
1611,0,-1,1,0,-1,0,0,0,0,0,-1,-1,0,0,-1,1,-1,-1,0,0,0,-1,-1,-1,-1,0,0,1,0,1,0,0,0,0,0,0,0,0,0,0,1,0,0,-1,0,0,0,-1,0,0,1,0,-1,1,1,0,1,-1,1,0,0,1,-1,0
1612,-1,0,-1,0,0,0,0,0,0,1,-1,0,1,0,0,0,-1,0,0,1,0,0,0,0,0,1,0,-1,0,0,0,0,0,0,1,0,1,-1,0,0,0,0,1,1,0,0,0,0,0,1,0,1,0,0,0,-1,0,-1,0,-1,-1,0,-1,1
1613,0,-1,0,0,-1,0,0,-1,0,-1,0,0,-1,0,-1,0,0,-1,0,0,0,0,0,0,-1,1,0,0,0,0,0,0,1,0,1,0,0,1,0,-1,0,0,0,0,0,0,1,1,0,0,-1,0,-1,1,-1,0,0,0,0,-1,0,0,0,1
1614,1,1,0,0,1,0,1,-1,-1,0,0,0,1,1,0,0,0,0,0,-1,-1,-1,1,0,-1,-1,0,1,0,0,0,0,0,0,0,0,0,0,0,0,0,-1,0,0,1,-1,1,-1,0,1,0,1,1,1,1,-1,0,0,0,0,0,-1,-1,0
1615,0,0,0,0,-1,0,0,0,0,0,-1,0,-1,-1,0,0,0,0,0,0,-1,0,-1,0,0,0,-1,0,-1,-1,0,0,0,1,0,0,0,0,-1,-1,0,1,0,0,0,0,0,-1,0,0,0,0,0,-1,0,0,0,0,0,0,0,0,0,0
1616,0,0,0,0,0,0,1,-1,0,0,0,-1,1,0,1,0,0,0,-1,1,-1,0,1,-1,0,1,1,1,0,-1,-1,0,0,-1,0,-1,0,1,0,0,0,-1,-1,0,0,-1,0,-1,0,0,0,1,0,0,0,0,-1,0,0,0,-1,0,0,0
1617,-1,0,0,0,0,0,-1,-1,-1,0,0,-1,0,0,0,-1,0,-1,0,-1,0,0,0,0,0,0,-1,-1,0,-1,0,1,0,0,0,0,0,0,-1,0,0,1,0,0,-1,-1,0,0,0,-1,0,0,1,0,0,0,1,0,0,0,0,0,0,-1
1618,0,0,0,-1,1,-1,1,0,0,-1,0,-1,0,0,1,0,0,0,1,0,-1,1,1,1,0,1,1,0,0,0,-1,0,0,0,1,1,0,0,1,1,0,1,0,0,0,1,0,0,0,0,0,0,0,0,0,0,0,-1,0,0,-1,0,-1,-1
1619,1,1,0,1,0,0,0,0,0,0,0,0,0,0,-1,1,0,0,0,0,0,1,0,0,-1,0,0,1,0,0,0,0,-1,-1,-1,0,0,1,0,0,1,0,0,1,-1,-1,0,0,0,-1,0,0,1,0,1,0,0,0,0,0,-1,0,1,0
1620,0,0,1,0,0,0,1,-1,1,1,0,0,0,0,0,0,-1,1,0,0,0,0,0,0,0,0,-1,0,0,0,0,0,0,-1,0,0,0,0,0,1,0,0,-1,1,0,0,0,0,0,0,-1,0,0,0,0,-1,0,1,0,0,0,1,0,1
1621,0,-1,0,1,1,0,0,0,1,0,0,0,0,0,-1,0,-1,0,-1,0,-1,-1,1,1,-1,-1,1,-1,0,0,1,1,-1,1,0,1,0,0,1,-1,1,0,1,-1,0,0,1,0,0,0,0,1,1,0,-1,0,-1,0,1,0,-1,1,1,0
1622,0,-1,1,0,0,1,0,0,-1,0,0,0,0,1,-1,1,0,1,1,0,0,0,0,0,0,0,0,0,0,0,-1,1,-1,1,0,0,-1,-1,0,0,0,-1,0,0,0,0,1,0,0,-1,1,0,1,0,0,0,1,0,1,0,0,0,0,-1
1623,-1,0,-1,0,-1,-1,0,-1,0,-1,0,0,0,1,0,0,-1,0,-1,0,-1,0,1,0,0,1,0,0,0,0,1,1,0,0,0,0,0,0,-1,0,0,0,0,0,-1,0,-1,-1,-1,0,0,0,0,-1,0,0,-1,1,0,1,-1,0,0,0
1624,0,0,0,0,-1,1,0,0,1,1,0,-1,-1,0,1,0,1,0,0,0,0,1,-1,0,-1,1,-1,0,1,0,0,0,0,0,0,0,0,0,0,0,-1,0,1,0,0,0,-1,-1,0,0,0,0,0,0,0,0,0,0,0,-1,0,1,0,0
1625,0,0,0,0,0,0,1,-1,0,-1,0,0,1,-1,0,0,0,0,0,0,0,0,1,1,0,0,-1,0,0,-1,0,1,0,1,0,0,-1,1,0,-1,0,0,0,0,0,-1,-1,0,0,1,0,0,0,1,0,1,0,-1,0,0,1,0,-1,0
1626,0,0,1,0,1,-1,0,0,0,0,1,0,1,0,0,1,-1,0,0,-1,1,0,0,0,0,0,-1,0,0,0,0,0,0,0,0,1,0,0,0,0,0,-1,-1,0,-1,1,0,1,1,1,0,0,0,0,0,0,0,0,0,0,0,1,0,1
1627,1,0,0,-1,0,-1,-1,0,-1,1,0,0,-1,1,-1,0,0,0,0,1,0,0,0,0,-1,0,0,0,0,0,0,0,-1,0,1,0,0,0,0,0,0,0,0,0,1,0,-1,0,0,0,-1,0,0,0,0,1,0,0,-1,1,0,0,1,-1
1628,-1,0,1,0,0,0,0,-1,1,0,1,-1,0,0,-1,0,0,-1,0,-1,0,1,0,1,0,1,0,1,0,0,-1,0,0,-1,0,0,-1,0,-1,0,0,-1,0,-1,0,0,1,0,0,0,0,1,0,0,1,1,-1,-1,0,0,0,-1,1,0
1629,0,0,0,0,0,0,0,1,1,0,0,-1,0,0,0,0,1,1,1,0,0,-1,0,0,0,0,1,0,0,0,0,0,0,-1,0,0,1,0,0,0,0,0,0,1,0,0,0,-1,-1,0,-1,0,1,0,-1,0,1,0,0,0,0,0,0,1
1630,0,0,0,0,0,0,-1,0,0,0,-1,0,-1,-1,0,-1,0,0,0,0,0,1,0,0,0,0,0,1,0,0,0,0,0,0,1,1,0,1,0,0,1,0,1,0,0,0,0,0,0,0,0,-1,0,1,1,1,1,0,0,0,0,0,-1,0
1631,1,0,1,0,0,0,0,1,0,0,0,0,-1,0,0,1,0,0,0,1,0,0,0,0,0,0,0,-1,0,0,0,-1,0,0,0,1,0,0,0,0,0,1,0,0,-1,0,0,0,0,0,-1,1,0,-1,0,0,1,0,0,-1,0,0,0,-1
1632,-1,1,-1,1,0,0,0,0,0,0,0,-1,0,0,0,0,0,0,0,1,-1,0,0,-1,0,-1,0,0,-1,-1,1,1,1,0,0,0,0,-1,0,0,0,-1,-1,0,0,-1,0,0,-1,-1,0,0,-1,0,0,-1,-1,0,-1,1,-1,0,0,0
1633,1,0,-1,0,0,1,-1,1,-1,0,0,0,0,-1,0,-1,0,-1,0,-1,0,0,0,0,0,1,0,0,1,0,0,0,0,0,0,-1,0,0,0,0,0,-1,0,0,-1,-1,0,-1,0,-1,-1,0,0,0,0,0,-1,0,0,0,0,0,1,0
1634,0,-1,0,1,0,0,-1,0,0,-1,0,0,0,0,0,0,0,0,-1,0,1,0,0,0,0,-1,0,-1,-1,1,1,0,0,0,0,0,0,0,0,-1,0,1,1,-1,0,0,0,-1,0,0,0,0,-1,0,0,1,0,0,0,0,1,1,0,-1
1635,0,0,0,-1,1,1,0,1,-1,0,0,0,1,0,0,0,0,-1,-1,0,1,0,1,0,-1,0,0,0,0,0,0,0,0,0,-1,0,-1,0,0,-1,-1,0,0,0,0,0,0,-1,0,-1,0,0,0,0,1,0,-1,1,0,0,0,1,1,0
1636,0,-1,-1,0,0,0,0,0,0,0,0,0,0,0,-1,1,0,0,0,0,0,0,0,0,0,-1,0,0,0,1,1,0,1,1,0,1,0,1,1,0,0,0,0,0,0,0,0,0,0,1,0,0,0,0,0,1,0,0,0,-1,1,0,1,0
1637,0,-1,0,0,-1,0,0,-1,0,-1,0,1,0,0,0,0,0,0,-1,0,-1,0,0,0,0,0,0,0,1,1,0,0,0,0,0,0,-1,0,0,0,0,1,0,0,1,0,1,1,-1,-1,0,0,0,0,0,-1,0,0,-1,0,0,1,0,-1
1638,-1,-1,1,0,0,0,-1,0,1,0,-1,0,0,-1,0,0,1,-1,0,0,-1,-1,0,1,1,1,1,0,-1,0,0,0,0,1,0,-1,0,-1,0,1,0,-1,0,0,-1,1,-1,1,0,-1,1,0,0,-1,0,0,-1,-1,0,-1,0,1,0,1
1639,0,0,0,1,0,0,0,0,1,-1,0,0,-1,0,-1,0,1,0,0,0,0,0,0,0,-1,-1,0,-1,-1,0,0,0,-1,0,0,0,0,1,0,1,1,-1,0,-1,0,0,1,1,1,1,0,0,0,-1,0,0,0,0,0,-1,0,0,0,-1
1640,1,0,-1,0,0,0,0,1,-1,0,0,0,0,0,-1,-1,0,0,-1,-1,0,1,1,-1,0,0,0,-1,0,0,0,0,0,1,1,0,-1,0,0,1,1,-1,1,-1,0,-1,0,0,0,1,0,0,1,-1,1,-1,1,0,0,0,0,0,0,0
1641,0,0,1,0,0,-1,0,0,0,0,-1,0,0,0,0,0,1,0,1,0,0,0,0,0,-1,-1,1,0,1,-1,0,-1,0,0,1,0,0,0,0,-1,0,1,1,1,1,0,0,0,-1,-1,1,0,0,0,0,0,-1,0,-1,-1,-1,1,-1,0
1642,1,0,0,0,1,0,1,1,0,-1,-1,0,0,-1,0,0,-1,-1,0,0,1,0,0,0,0,0,0,-1,-1,0,0,0,0,0,0,-1,0,0,-1,0,0,-1,1,0,0,-1,0,0,-1,1,-1,0,0,-1,0,1,0,0,0,0,0,0,0,1
1643,1,1,1,0,0,0,1,0,0,-1,-1,1,1,0,1,0,-1,0,0,-1,-1,0,1,-1,1,0,0,0,0,0,0,0,0,0,-1,0,0,0,1,-1,1,0,0,0,0,-1,0,0,-1,0,0,0,0,0,-1,0,1,0,0,0,0,0,0,1
1644,0,0,0,1,0,-1,0,1,0,-1,0,0,-1,0,0,0,-1,0,0,0,0,0,0,0,0,1,1,0,1,0,0,0,0,0,1,0,0,-1,0,0,0,0,0,0,0,-1,0,0,1,0,1,1,1,0,0,1,0,0,1,0,0,1,0,1
1645,0,0,-1,0,0,0,0,-1,1,0,0,0,0,0,-1,-1,0,0,0,-1,0,-1,1,0,1,-1,0,0,-1,0,0,0,0,1,0,0,1,0,0,1,0,0,0,1,1,0,0,0,0,-1,0,-1,0,-1,0,0,-1,-1,-1,0,0,0,1,0
1646,1,0,0,1,0,0,0,0,0,0,0,-1,0,0,0,0,0,0,1,0,0,0,0,0,1,0,0,1,0,0,0,0,1,0,1,-1,0,0,0,0,0,0,0,0,0,1,1,0,0,0,0,0,0,1,0,-1,-1,1,1,-1,0,0,0,0
1647,0,0,0,0,0,1,0,-1,0,0,-1,0,0,0,0,0,0,0,0,0,1,-1,-1,0,0,0,0,0,0,-1,0,1,0,0,0,1,0,-1,0,0,0,0,0,0,0,0,0,0,0,0,1,0,0,-1,-1,0,0,0,0,0,0,0,0,0
1648,0,0,0,0,1,0,0,0,0,0,-1,0,0,0,0,-1,0,0,0,-1,0,0,0,0,0,0,0,1,0,-1,0,0,0,-1,0,0,0,0,0,0,0,0,1,0,0,-1,1,0,1,0,0,0,0,0,0,0,0,0,0,0,0,0,0,0
1649,0,0,0,-1,0,0,0,0,0,1,1,1,0,0,0,-1,-1,0,1,0,0,-1,0,0,1,0,0,0,0,0,0,-1,1,-1,1,-1,0,0,0,0,0,0,0,-1,-1,0,0,-1,0,0,0,-1,0,0,0,0,1,0,0,0,0,0,0,0
1650,0,1,1,1,0,0,0,-1,0,0,0,0,0,0,0,0,0,0,0,0,1,0,0,-1,0,0,0,-1,0,0,0,0,-1,-1,1,0,-1,1,0,1,0,1,0,0,0,0,0,1,0,1,1,0,0,0,1,0,0,1,0,0,1,0,1,0
1651,0,0,0,-1,0,0,1,-1,0,0,0,0,0,0,0,1,1,1,1,-1,-1,0,-1,1,0,0,0,0,1,1,1,0,0,0,0,1,0,-1,1,1,0,0,-1,0,1,0,0,0,0,1,0,0,0,0,0,-1,0,-1,0,0,1,0,0,1
1652,1,0,0,0,0,0,1,1,1,0,0,0,0,-1,1,0,0,0,-1,-1,1,0,0,0,0,0,1,1,1,1,-1,0,0,0,0,0,1,1,0,0,1,0,1,0,-1,0,0,1,-1,0,0,-1,0,0,1,1,-1,1,0,0,0,0,0,0
1653,0,0,0,0,0,0,0,0,0,0,-1,-1,0,0,0,0,0,0,0,0,0,1,0,0,0,1,0,1,0,0,-1,1,0,0,-1,0,0,0,0,0,0,0,1,0,0,-1,0,0,0,1,0,0,0,0,0,0,-1,0,0,0,0,-1,0,0
1654,0,0,1,-1,1,0,0,0,-1,0,0,0,0,0,-1,-1,0,-1,1,0,-1,0,0,-1,0,0,0,0,0,-1,0,0,0,-1,0,0,0,0,0,0,0,0,0,0,0,0,0,-1,1,0,0,0,0,-1,-1,0,1,0,0,-1,0,0,0,0
1655,0,0,0,0,0,0,0,0,0,1,0,-1,-1,0,0,0,0,-1,0,-1,1,0,0,1,0,-1,0,0,1,0,0,0,0,0,-1,1,0,-1,1,0,0,0,-1,0,0,0,0,0,0,-1,0,-1,0,0,0,0,1,0,0,0,0,0,0,0
1656,1,0,0,1,-1,0,0,0,0,-1,0,-1,0,0,0,0,-1,0,-1,1,0,0,0,0,0,-1,0,0,-1,1,0,0,-1,0,1,1,0,0,-1,0,-1,-1,-1,1,-1,0,0,1,0,-1,0,0,0,1,-1,0,0,0,0,0,0,0,0,0
1657,-1,0,-1,0,-1,0,-1,0,-1,1,-1,0,0,0,0,0,0,-1,-1,0,1,-1,-1,0,0,0,0,0,0,0,0,0,0,0,0,0,0,0,0,0,0,0,-1,-1,0,0,1,0,0,0,-1,-1,1,1,0,0,-1,-1,0,1,0,0,1,0
1658,-1,0,0,0,0,0,-1,1,0,0,0,0,0,0,1,-1,0,1,0,0,0,0,0,1,1,-1,0,0,0,0,0,0,0,0,-1,0,1,0,0,0,1,1,-1,-1,0,0,0,1,1,0,0,0,-1,0,0,1,0,0,0,0,0,0,0,0
1659,0,0,0,1,-1,-1,0,0,0,0,0,1,0,0,0,0,0,0,0,0,1,0,0,0,-1,1,0,0,0,-1,0,0,0,0,1,0,0,0,0,-1,0,1,0,0,0,0,0,-1,0,0,0,0,0,0,0,0,0,0,-1,1,0,0,0,1
1660,0,0,0,1,0,1,0,0,0,-1,-1,0,-1,0,0,0,0,1,0,0,-1,0,0,0,0,0,1,-1,0,0,0,0,-1,0,0,0,0,0,0,0,-1,-1,0,0,-1,0,-1,0,-1,0,0,0,0,0,0,0,0,0,0,0,0,0,1,0
1661,0,0,0,0,0,0,1,0,1,0,-1,0,0,-1,-1,0,-1,1,1,0,-1,-1,0,0,-1,0,0,0,1,0,0,0,1,0,0,1,1,0,0,1,0,0,0,0,0,0,0,0,-1,0,1,-1,1,0,1,0,-1,0,1,-1,0,0,-1,0
1662,0,-1,0,0,0,0,0,0,0,0,-1,-1,0,0,0,-1,0,-1,0,1,0,0,0,0,1,0,0,0,0,0,0,0,1,1,1,0,0,0,0,0,0,0,-1,0,-1,0,1,0,1,-1,1,0,1,0,0,0,1,1,-1,0,0,0,0,0
1663,1,0,0,1,0,0,0,0,0,0,-1,0,0,-1,0,0,0,0,0,0,-1,0,1,0,0,0,0,0,0,1,0,0,0,1,0,0,0,0,0,1,0,0,0,-1,1,0,0,0,0,0,0,0,0,0,0,1,-1,0,0,0,0,0,0,-1
1664,1,0,-1,0,-1,0,1,0,0,0,1,1,0,0,0,0,1,0,1,0,-1,0,1,0,-1,0,0,0,0,0,0,0,-1,0,0,-1,1,0,0,1,-1,0,0,0,0,0,1,1,0,0,1,0,0,1,0,1,-1,0,0,0,0,-1,0,0
1665,0,0,0,0,0,0,1,0,-1,1,0,1,0,0,0,0,0,-1,0,0,0,1,0,0,0,0,1,0,-1,0,-1,1,1,-1,1,0,0,-1,1,0,0,-1,0,1,0,0,0,1,0,0,0,1,0,0,0,0,1,0,0,0,-1,0,0,1
1666,0,0,1,0,0,0,0,0,1,-1,0,0,1,-1,0,0,1,0,1,0,0,0,0,0,0,-1,-1,1,0,0,-1,0,0,0,1,0,-1,0,0,1,0,0,1,1,0,0,-1,0,0,-1,0,0,0,1,0,1,0,0,0,0,0,1,0,-1
1667,-1,0,0,1,-1,0,1,0,0,1,0,0,0,0,-1,0,0,0,-1,1,0,1,0,1,1,0,0,0,0,-1,0,0,0,1,0,0,0,0,0,-1,0,-1,0,0,1,0,0,1,-1,0,1,0,0,1,0,-1,0,-1,0,0,0,0,1,-1
1668,0,0,0,0,1,0,-1,0,-1,0,1,1,0,0,0,1,0,1,0,0,0,-1,0,1,0,0,0,0,0,-1,0,0,1,0,0,0,0,1,1,0,0,0,0,1,0,0,0,0,0,0,0,0,0,0,1,0,0,0,0,0,0,1,0,0
1669,0,0,0,1,0,-1,0,0,-1,-1,0,0,0,0,0,1,0,1,-1,-1,-1,1,0,-1,1,-1,0,0,0,0,0,0,0,1,0,0,1,0,0,0,0,0,0,0,0,-1,0,0,0,0,1,0,0,0,1,1,0,0,0,0,1,1,0,0
1670,0,0,0,0,0,-1,-1,-1,0,-1,1,-1,0,1,0,1,0,1,-1,-1,0,0,-1,0,0,0,0,0,0,0,1,0,0,0,-1,1,0,0,-1,0,0,0,0,0,0,0,-1,0,0,0,0,0,0,0,0,0,-1,0,-1,-1,0,0,-1,0
1671,0,0,0,0,0,-1,-1,1,0,1,-1,-1,0,0,0,0,0,0,0,1,0,0,0,0,1,1,0,0,1,-1,0,0,0,-1,0,0,0,0,-1,0,0,0,0,1,0,-1,0,-1,0,0,0,0,-1,0,1,1,-1,1,1,0,0,0,0,0
1672,0,0,0,1,-1,1,0,0,-1,1,0,-1,-1,0,1,1,-1,0,0,0,-1,-1,0,0,0,-1,0,0,0,-1,0,1,0,0,-1,1,0,0,0,0,-1,1,0,0,0,0,0,0,0,0,0,0,0,1,1,-1,0,0,-1,0,0,0,-1,0
1673,0,0,1,-1,0,0,0,0,1,0,0,0,-1,0,-1,-1,-1,0,0,0,0,-1,1,1,0,1,0,1,0,0,0,0,0,0,1,0,1,0,0,0,0,0,0,1,1,-1,0,-1,0,0,1,0,0,0,0,0,-1,0,1,0,0,0,1,0
1674,0,1,-1,-1,0,0,0,1,0,0,0,-1,1,-1,0,-1,0,1,0,-1,0,0,0,0,0,0,0,0,-1,0,-1,1,-1,1,-1,1,0,0,-1,0,0,1,0,1,1,0,1,1,0,-1,-1,0,0,0,0,1,0,0,0,-1,1,0,1,0
1675,0,0,0,0,0,0,0,0,0,0,-1,0,0,0,0,-1,0,0,-1,0,0,-1,1,0,0,0,0,0,-1,1,0,0,0,1,0,0,-1,1,1,-1,-1,0,1,0,-1,-1,0,1,0,0,0,0,0,0,-1,0,0,0,0,0,0,0,0,0
1676,0,0,0,0,0,0,0,0,0,0,0,1,0,0,1,1,-1,-1,1,0,0,0,1,-1,0,0,1,1,1,1,-1,-1,0,-1,-1,-1,-1,0,0,0,0,0,-1,0,0,0,0,1,0,1,0,1,-1,0,0,0,0,0,1,0,0,-1,0,0
1677,-1,0,0,0,0,0,-1,0,0,-1,1,-1,0,1,0,0,0,0,0,0,0,0,0,0,0,0,0,-1,0,0,0,0,0,0,-1,0,0,0,0,0,0,0,0,0,0,1,0,0,-1,0,0,0,-1,0,0,0,-1,0,0,0,0,0,-1,0
1678,0,0,1,0,1,0,0,0,0,0,0,-1,0,0,0,0,0,0,-1,1,0,-1,0,0,1,0,0,0,0,0,0,1,1,1,-1,0,0,0,0,0,0,0,0,0,0,0,0,1,0,0,0,-1,1,0,0,1,0,0,-1,-1,0,0,-1,0
1679,0,0,0,-1,0,0,0,1,0,1,0,1,0,0,-1,-1,0,0,1,0,-1,1,0,0,1,0,0,1,0,0,1,0,0,0,0,0,1,0,0,0,0,0,0,0,0,0,-1,0,0,0,1,-1,-1,1,0,0,0,1,0,-1,0,0,1,-1
1680,0,1,1,0,0,0,0,0,1,0,1,0,-1,-1,-1,-1,0,0,-1,0,-1,0,-1,0,1,0,1,0,0,1,1,0,-1,0,0,0,0,0,1,0,0,0,0,0,1,0,0,-1,0,0,1,0,-1,-1,0,0,1,-1,-1,-1,-1,1,0,-1
1681,0,0,1,0,0,0,0,0,-1,1,0,0,0,-1,-1,1,0,0,0,1,0,1,0,0,0,-1,1,1,0,-1,0,1,0,0,0,0,0,0,1,0,0,1,0,0,-1,0,-1,1,0,1,-1,0,1,0,0,0,0,-1,0,-1,0,-1,-1,-1
1682,0,-1,0,0,0,0,0,-1,1,0,0,0,-1,1,0,0,0,0,0,0,0,-1,0,0,0,0,0,-1,0,0,0,0,0,0,-1,0,-1,0,1,0,0,1,-1,1,0,1,0,0,0,0,1,1,1,-1,0,0,0,0,0,0,1,0,1,0
1683,1,0,0,-1,0,0,0,-1,-1,1,0,0,1,-1,0,0,0,0,1,0,0,0,1,0,0,1,0,0,0,1,1,0,-1,0,-1,0,0,0,0,0,0,0,0,0,0,-1,0,0,1,0,0,-1,0,0,0,0,-1,-1,0,-1,0,0,-1,0
1684,0,0,0,0,0,0,0,0,0,0,-1,0,0,-1,-1,1,1,0,0,0,0,0,0,0,0,0,0,1,0,0,0,1,0,1,-1,-1,-1,0,0,-1,0,1,-1,0,0,1,0,0,0,0,1,-1,1,1,0,-1,0,0,0,0,0,-1,-1,1
1685,1,0,0,0,0,0,1,1,1,0,1,0,0,0,0,0,-1,1,1,0,0,0,0,0,1,0,0,0,0,0,0,0,-1,1,0,0,0,0,-1,0,0,1,0,0,0,-1,0,0,0,0,0,-1,0,0,0,0,-1,0,0,0,0,0,1,0
1686,0,0,0,-1,0,0,0,0,-1,0,1,0,0,1,0,0,0,0,0,1,0,0,1,0,0,-1,0,0,0,0,0,1,0,0,-1,0,0,0,-1,1,0,0,0,0,0,0,1,0,-1,0,-1,0,0,0,0,0,1,0,1,0,1,0,1,0
1687,0,0,-1,0,0,0,0,0,-1,1,1,-1,0,0,0,0,-1,0,0,1,0,0,0,0,1,-1,1,0,0,-1,0,0,0,-1,0,-1,0,0,0,1,-1,0,1,0,-1,0,0,1,0,0,0,-1,0,1,0,0,0,0,0,-1,0,0,0,1
1688,1,0,-1,1,0,0,-1,-1,1,-1,0,0,1,0,1,0,-1,0,0,0,-1,0,-1,0,-1,-1,0,0,0,0,0,-1,-1,0,0,0,-1,0,0,0,0,0,-1,0,0,1,0,-1,0,0,-1,-1,0,0,0,-1,-1,1,0,0,1,0,-1,0
1689,0,0,1,0,-1,0,0,0,1,-1,0,0,0,0,0,0,0,0,-1,0,0,1,1,-1,0,1,0,0,1,0,-1,0,0,-1,-1,-1,1,0,1,0,0,0,0,0,0,0,1,1,1,0,-1,0,0,0,1,-1,-1,0,0,0,0,0,0,0
1690,-1,1,0,-1,0,0,1,0,-1,0,0,0,-1,0,0,1,-1,0,0,0,-1,1,0,1,0,-1,0,0,0,-1,0,0,0,0,0,1,0,0,1,0,0,0,0,0,0,-1,0,-1,1,0,1,1,0,0,0,0,1,0,0,0,1,0,0,-1
1691,0,1,0,0,0,0,1,-1,0,0,0,-1,0,0,0,0,0,0,0,1,0,-1,0,0,1,0,0,0,0,0,0,0,1,-1,0,1,0,-1,0,0,-1,-1,0,0,-1,0,-1,1,1,-1,0,0,0,0,1,0,0,1,1,0,1,1,0,0
1692,0,0,0,1,0,0,-1,0,-1,1,-1,0,0,0,0,0,1,0,0,1,0,0,0,-1,-1,1,-1,0,-1,0,0,0,0,0,-1,0,0,0,-1,1,1,0,1,1,1,0,0,1,0,0,1,0,1,0,0,0,0,0,0,1,0,-1,0,0
1693,0,0,0,0,-1,0,0,0,0,-1,0,0,0,0,1,0,0,1,0,-1,0,0,0,0,0,0,0,0,0,0,1,0,0,1,1,0,0,1,0,0,0,0,1,-1,-1,0,0,0,-1,0,0,0,0,0,0,0,1,0,0,0,1,0,0,1
1694,1,0,1,1,-1,1,0,-1,0,0,0,0,0,-1,0,0,0,-1,0,-1,0,-1,-1,0,-1,0,-1,0,0,0,0,0,0,0,-1,0,1,-1,-1,0,0,0,0,0,0,-1,0,0,0,0,0,1,1,0,0,0,0,0,0,0,0,0,0,0
1695,1,0,1,0,1,0,0,0,1,0,1,1,-1,0,0,0,1,1,-1,1,-1,1,0,1,0,0,0,-1,-1,-1,1,-1,0,0,0,0,0,0,0,0,0,0,0,1,0,0,0,0,0,0,0,0,0,0,0,0,0,0,0,0,0,0,0,0
1696,0,0,0,-1,1,0,0,0,0,1,1,0,1,-1,1,0,0,1,0,0,0,0,0,0,-1,0,-1,0,1,0,0,0,0,0,0,-1,0,0,-1,0,1,0,0,0,1,0,0,1,0,0,0,1,1,0,0,0,0,1,1,0,0,0,0,0
1697,-1,-1,-1,0,0,0,0,0,1,-1,1,0,0,0,0,0,0,0,0,0,1,-1,0,0,-1,0,0,0,0,0,0,0,1,-1,0,0,0,0,0,0,-1,1,0,0,-1,0,1,0,-1,-1,1,0,0,0,1,0,-1,1,0,0,0,0,0,0
1698,0,-1,1,1,0,0,-1,-1,0,0,0,0,0,1,0,-1,-1,0,0,-1,-1,0,0,0,1,0,0,0,0,0,0,1,0,0,1,0,0,-1,0,1,0,1,0,-1,0,1,0,-1,-1,0,0,0,0,0,0,-1,0,0,0,0,0,0,0,0
1699,1,0,1,1,1,1,0,0,0,0,0,0,0,0,0,0,0,-1,0,0,0,1,0,0,-1,0,0,0,0,-1,0,0,0,0,0,-1,0,0,0,0,1,0,0,0,0,1,0,0,0,1,-1,0,0,0,0,1,0,1,0,0,1,0,0,0
1700,0,-1,0,0,-1,0,0,0,0,0,0,0,0,0,1,0,0,-1,1,1,0,0,0,0,-1,0,0,1,0,0,0,1,0,0,0,0,0,0,0,1,-1,0,0,0,0,0,0,0,0,0,1,0,0,0,0,-1,0,0,0,0,1,-1,0,0
1701,0,-1,0,-1,0,0,0,1,0,0,1,0,0,-1,0,0,0,-1,0,0,0,0,0,0,-1,0,0,-1,1,0,-1,0,0,0,1,0,-1,0,0,0,0,0,0,1,0,-1,0,-1,0,0,0,0,1,1,1,0,-1,0,0,-1,0,-1,1,-1
1702,0,0,0,0,0,0,0,-1,-1,0,0,0,0,-1,-1,-1,1,0,0,-1,1,0,0,0,-1,1,1,-1,0,0,0,0,0,0,1,0,1,0,0,1,-1,0,0,0,0,0,0,0,0,0,1,-1,-1,0,0,0,-1,0,0,0,0,0,0,0
1703,0,0,0,0,0,0,0,0,0,0,0,0,0,-1,0,0,-1,0,1,0,0,0,0,0,0,0,0,0,-1,1,0,1,0,0,1,0,0,-1,0,0,0,-1,1,0,0,0,0,1,-1,-1,1,1,1,0,1,1,0,-1,0,0,-1,0,1,1
1704,-1,0,0,0,0,1,0,0,0,-1,0,0,0,0,-1,1,-1,0,0,0,-1,0,1,-1,0,0,0,0,0,0,-1,0,1,0,1,0,0,-1,0,0,0,0,0,0,-1,0,0,0,-1,0,-1,0,0,0,-1,-1,0,-1,1,0,0,0,0,-1
1705,0,-1,1,0,0,1,0,-1,0,-1,0,0,1,0,0,0,0,0,0,0,0,-1,0,0,0,0,0,1,1,1,0,0,0,1,0,-1,-1,-1,0,-1,0,0,0,0,0,0,1,0,0,1,0,1,0,1,0,1,0,0,0,1,-1,0,0,0
1706,-1,0,1,0,0,1,0,1,0,0,-1,0,0,-1,0,0,-1,-1,0,0,0,0,0,0,1,0,0,0,0,0,0,0,-1,0,0,0,0,1,0,-1,1,0,0,0,0,1,1,1,0,0,1,0,-1,1,0,0,0,0,-1,0,0,0,0,1
1707,0,0,1,0,0,0,0,0,0,0,0,1,0,0,-1,1,0,0,0,1,0,0,0,0,0,-1,0,0,0,0,0,1,0,0,0,1,0,0,1,0,0,0,0,-1,1,0,0,0,1,0,0,-1,-1,1,0,0,0,-1,0,0,-1,0,0,0
1708,-1,1,-1,0,0,0,-1,1,0,0,0,0,0,-1,0,0,0,1,0,0,0,0,-1,1,-1,-1,0,0,1,0,-1,1,0,0,0,0,0,0,0,-1,0,-1,0,0,0,1,0,0,0,0,0,0,-1,0,0,-1,0,0,0,0,-1,0,0,-1
1709,0,0,0,1,0,0,0,0,1,1,0,0,0,1,0,0,0,0,0,0,0,0,0,0,0,1,-1,0,1,0,0,0,0,1,0,0,0,1,1,0,0,0,0,-1,-1,0,-1,0,-1,1,-1,0,0,0,0,1,0,0,0,0,0,0,0,-1
1710,0,-1,-1,0,1,0,0,0,0,0,0,0,0,0,0,0,1,-1,1,-1,-1,0,0,0,0,0,0,1,0,0,0,1,-1,0,1,0,0,0,0,0,0,-1,-1,0,0,0,0,0,0,0,0,-1,-1,1,0,-1,0,0,0,0,1,0,1,1
1711,-1,0,-1,0,0,0,0,0,0,0,0,0,0,-1,1,0,0,0,0,0,0,0,1,0,1,0,-1,0,-1,0,-1,0,0,0,0,0,1,0,0,0,0,0,0,0,0,0,0,0,-1,0,-1,0,0,0,0,0,0,0,0,0,-1,0,0,0
1712,-1,0,0,0,0,0,0,0,0,-1,0,-1,0,1,0,0,-1,0,0,0,1,0,0,1,-1,1,1,0,0,0,0,0,0,1,0,0,-1,-1,0,0,0,0,-1,0,0,0,0,1,1,0,0,-1,0,-1,0,0,1,1,0,0,0,0,1,0
1713,0,0,0,-1,0,-1,1,-1,0,0,-1,0,0,0,0,1,0,0,0,-1,-1,0,0,0,-1,0,0,0,0,1,0,0,-1,0,0,0,0,0,0,0,0,0,0,0,-1,1,0,0,0,0,0,0,0,-1,1,0,0,0,0,0,0,0,0,0
1714,0,-1,0,0,0,0,1,0,0,0,0,0,0,1,0,0,0,0,-1,0,0,1,0,-1,0,0,0,0,1,-1,0,0,0,0,-1,0,0,0,-1,0,0,0,0,0,-1,0,0,1,0,1,0,0,-1,0,0,0,0,0,1,0,0,1,0,1
1715,0,1,0,0,0,0,0,1,0,0,0,0,1,0,0,0,0,0,0,0,0,0,0,0,-1,-1,-1,-1,0,0,1,1,1,-1,0,-1,0,0,0,-1,0,-1,0,-1,1,0,-1,0,0,0,0,0,0,0,0,-1,0,0,1,1,1,0,-1,-1
1716,-1,0,0,-1,1,0,0,0,0,-1,0,0,-1,0,0,0,1,1,0,-1,1,0,0,0,-1,0,0,0,-1,0,0,0,0,0,0,0,1,0,-1,0,1,0,-1,0,0,-1,0,1,1,1,0,-1,1,0,0,0,0,0,0,1,0,1,1,0
1717,0,1,0,0,0,0,0,0,0,0,0,0,1,0,0,0,0,1,1,0,0,0,0,-1,-1,-1,1,0,1,1,0,1,0,0,1,0,0,0,1,1,-1,0,0,0,1,-1,0,0,0,-1,1,1,-1,1,0,-1,0,0,0,1,1,0,1,0
1718,-1,0,0,1,0,0,0,-1,0,-1,-1,1,0,0,1,0,0,0,0,0,1,0,0,-1,1,0,1,0,0,0,1,0,0,0,0,0,-1,1,0,-1,-1,0,0,0,0,1,0,0,0,0,-1,0,1,0,0,0,0,0,0,0,1,0,1,0
1719,0,0,0,0,0,0,0,0,-1,0,0,0,-1,-1,0,0,0,0,0,0,0,0,0,0,0,-1,0,0,0,-1,0,-1,0,-1,1,0,-1,1,0,0,0,0,0,0,0,0,0,-1,-1,0,0,0,0,-1,0,0,1,0,0,0,0,-1,-1,0
1720,0,0,0,0,1,0,1,0,0,0,0,0,0,0,0,0,0,0,0,0,1,-1,0,0,1,0,-1,1,0,0,0,1,0,0,1,-1,1,1,1,0,0,0,0,0,1,0,0,-1,0,0,0,-1,1,0,0,0,0,0,-1,0,0,0,0,-1
1721,0,0,0,-1,1,0,0,0,-1,1,0,0,0,-1,0,-1,1,0,-1,0,0,-1,0,0,0,0,0,-1,-1,1,0,0,-1,0,0,0,1,0,-1,1,0,0,1,0,0,-1,0,1,0,0,1,1,-1,0,1,-1,0,0,0,1,0,0,0,-1
1722,0,-1,0,0,1,0,0,0,1,0,0,0,0,0,0,-1,0,0,1,1,0,1,-1,0,0,-1,-1,0,0,-1,0,0,0,0,-1,0,0,0,-1,0,0,-1,0,1,0,-1,0,0,0,1,0,0,0,1,-1,0,0,-1,0,1,0,0,0,0
1723,0,0,0,0,1,1,0,0,0,0,0,0,1,0,-1,0,-1,1,0,1,0,0,1,0,0,0,-1,-1,0,0,0,-1,0,0,0,0,1,0,0,-1,-1,0,0,-1,0,0,-1,-1,1,-1,0,0,0,0,0,0,0,0,0,0,0,-1,1,0
1724,0,-1,1,1,-1,0,0,0,0,-1,0,0,1,1,1,0,0,0,0,1,0,0,0,0,0,1,0,0,0,0,1,0,1,1,0,0,1,1,1,0,1,0,0,1,0,-1,1,0,1,0,0,0,0,1,0,0,1,-1,0,0,0,0,0,1
1725,0,0,0,0,0,1,0,0,-1,0,1,0,1,-1,0,0,0,-1,0,-1,0,-1,0,-1,0,1,0,0,1,0,0,0,0,0,0,1,0,-1,0,1,1,0,0,0,1,0,-1,0,0,0,0,1,0,0,0,1,0,-1,0,0,1,-1,1,1
1726,-1,0,1,-1,-1,1,1,-1,0,0,0,0,0,-1,1,0,0,0,0,-1,0,0,0,0,0,1,-1,0,1,0,-1,1,0,0,-1,0,0,0,0,1,0,-1,0,1,0,0,0,0,0,-1,0,0,0,0,0,-1,0,0,1,0,0,1,0,1
1727,0,-1,0,0,0,1,0,0,0,0,1,-1,0,0,1,0,-1,0,-1,0,0,1,0,-1,0,0,0,0,1,-1,0,0,0,0,1,-1,1,-1,0,1,1,0,0,0,1,0,0,0,1,0,0,0,0,0,0,0,0,-1,0,0,1,1,0,0
1728,0,0,1,1,0,1,1,1,0,1,0,0,0,0,1,-1,0,-1,1,0,0,1,-1,1,1,0,0,1,0,0,0,0,0,0,0,0,0,0,0,-1,0,0,0,0,-1,0,1,-1,1,0,0,-1,1,0,1,0,1,0,1,0,0,0,0,0
1729,0,-1,1,0,0,-1,1,0,-1,-1,0,0,0,0,0,0,0,-1,0,-1,0,-1,-1,0,0,0,1,0,0,0,-1,0,0,0,-1,0,0,0,0,0,0,0,0,0,0,1,0,0,0,0,0,0,0,-1,-1,0,0,0,0,0,0,0,0,1
1730,-1,0,-1,-1,0,-1,1,-1,0,0,0,0,1,0,0,0,0,1,0,1,0,0,0,1,0,-1,1,-1,-1,1,0,1,0,0,0,1,0,0,0,0,0,-1,1,0,0,0,0,1,1,-1,0,0,-1,0,0,-1,0,0,1,0,0,1,0,0
1731,0,0,0,1,0,1,1,0,0,0,0,0,0,0,0,0,1,0,1,0,0,0,0,1,0,0,0,0,0,0,0,-1,0,-1,0,0,0,1,0,0,0,0,0,0,1,0,0,0,0,1,0,0,0,0,0,0,0,-1,0,0,0,0,1,0
1732,0,0,0,0,0,-1,1,1,0,0,0,0,0,1,1,0,0,0,0,0,-1,0,-1,1,-1,0,0,0,0,1,0,0,-1,0,0,0,1,0,0,1,0,0,-1,0,0,0,0,0,0,0,0,-1,0,0,0,0,0,0,0,0,-1,0,0,0
1733,0,0,1,1,0,0,-1,0,1,-1,0,0,-1,-1,0,0,0,0,0,0,0,0,1,0,1,0,0,0,1,-1,0,0,1,1,0,0,0,0,0,-1,0,0,0,0,1,0,0,-1,-1,0,1,0,0,0,0,0,-1,0,0,0,0,0,0,0
1734,0,0,0,1,1,0,0,0,0,0,1,0,0,-1,0,0,1,0,-1,0,1,0,-1,1,1,1,0,0,0,-1,0,-1,0,0,0,0,0,0,1,0,0,-1,0,0,0,0,0,0,0,0,-1,1,0,0,-1,0,-1,0,0,1,-1,0,1,-1
1735,-1,-1,0,-1,0,0,0,1,0,0,0,0,1,0,0,1,0,0,-1,0,0,0,1,0,0,0,-1,-1,0,-1,0,0,-1,0,-1,-1,0,0,-1,0,0,0,0,0,0,0,0,0,0,0,0,1,0,0,0,0,0,0,-1,-1,0,-1,0,1
1736,0,0,-1,0,0,0,-1,1,0,0,0,1,-1,0,0,1,-1,-1,0,0,1,0,0,-1,0,0,-1,1,0,0,0,0,0,0,0,0,0,-1,0,1,0,-1,-1,0,0,-1,0,0,0,0,0,0,0,1,0,0,-1,0,-1,-1,1,0,0,1
1737,-1,0,0,1,-1,0,0,0,0,0,0,0,0,1,0,0,1,0,0,0,0,-1,0,1,0,-1,1,-1,0,0,0,0,1,0,0,0,0,1,1,-1,0,-1,-1,-1,1,0,0,0,1,0,1,-1,0,1,0,0,1,0,1,0,1,0,0,0
1738,0,0,1,0,0,1,0,0,0,0,0,0,0,-1,0,0,1,1,0,0,-1,0,1,0,0,1,0,0,1,1,0,0,0,0,-1,-1,0,0,0,-1,1,0,0,-1,-1,0,0,0,1,0,0,0,0,0,0,1,0,-1,0,0,0,0,0,-1
1739,-1,0,0,0,0,-1,0,0,0,-1,-1,0,0,1,-1,0,0,0,-1,0,0,-1,0,0,1,0,0,-1,1,0,-1,0,0,0,-1,-1,0,0,0,-1,0,0,1,-1,-1,0,-1,0,0,0,-1,1,1,-1,0,0,-1,1,1,0,0,1,1,0
1740,1,0,0,0,0,-1,1,0,1,0,0,-1,0,0,0,0,1,0,0,0,1,0,0,0,0,0,0,0,0,0,0,1,0,0,0,-1,0,0,0,0,0,-1,0,0,0,0,0,0,0,1,1,0,1,0,0,0,0,0,0,0,0,0,0,0
1741,-1,-1,-1,1,0,0,1,0,0,0,0,0,0,-1,0,-1,-1,0,0,1,0,0,0,0,1,0,0,0,0,0,0,0,0,1,0,0,0,0,0,0,1,0,0,1,-1,0,0,0,0,0,-1,0,0,0,0,0,0,0,0,0,0,-1,0,0
1742,1,0,1,0,0,0,-1,0,0,0,0,0,0,-1,-1,0,0,0,0,-1,0,1,1,-1,1,0,0,0,1,1,0,-1,0,0,0,1,1,0,-1,0,0,1,0,0,1,0,-1,-1,0,0,1,0,-1,0,0,0,0,1,0,0,0,0,0,-1
1743,-1,-1,0,0,0,0,0,0,0,0,-1,0,1,0,0,-1,0,-1,0,0,0,-1,0,1,1,0,0,0,0,0,-1,0,0,1,-1,1,-1,-1,0,1,0,0,0,1,0,0,1,1,0,0,-1,0,-1,0,1,0,0,0,0,0,0,0,1,-1
1744,-1,0,0,0,-1,0,1,0,-1,0,1,0,0,1,0,0,1,-1,0,0,0,0,0,0,0,0,1,0,0,0,-1,0,0,0,0,0,0,0,0,0,0,-1,-1,0,0,-1,-1,0,0,0,0,0,0,1,0,0,-1,1,0,0,0,-1,1,0
1745,0,0,1,0,0,0,0,0,0,0,0,1,-1,0,0,0,0,-1,0,0,0,0,-1,-1,1,1,1,0,-1,0,-1,0,0,0,1,0,0,0,-1,0,0,0,1,-1,-1,1,0,0,-1,1,0,0,1,-1,0,0,0,0,0,0,1,1,0,1
1746,0,0,0,0,0,0,0,0,0,-1,0,-1,0,1,1,-1,1,1,0,0,-1,0,1,1,0,0,0,0,-1,0,0,0,1,-1,0,-1,0,1,0,0,0,0,0,0,0,0,0,0,0,-1,0,-1,0,-1,0,0,-1,-1,0,1,0,0,1,0
1747,0,0,0,0,1,0,0,1,0,0,0,0,0,1,0,-1,1,-1,0,1,0,0,1,0,-1,0,1,-1,0,0,-1,0,0,0,0,1,0,-1,0,0,0,1,0,-1,0,0,0,1,0,-1,0,0,0,-1,0,1,0,0,0,0,0,0,1,0
1748,1,-1,0,0,0,1,0,-1,0,0,0,0,0,1,-1,-1,0,0,0,1,1,-1,1,-1,0,0,0,0,0,-1,0,0,0,0,0,-1,0,1,1,-1,0,1,0,0,0,0,0,0,0,-1,0,-1,0,0,0,1,1,0,-1,-1,0,0,-1,1
1749,0,1,0,0,0,0,0,1,0,-1,0,-1,1,0,0,-1,-1,-1,0,1,0,-1,-1,0,0,-1,0,0,1,0,-1,0,0,0,0,0,0,0,0,-1,0,0,-1,0,0,0,0,-1,-1,1,0,1,1,0,0,1,0,0,-1,0,0,0,0,0
1750,1,0,-1,0,0,1,0,-1,1,0,0,0,1,0,0,0,0,0,0,0,1,-1,0,-1,0,0,0,-1,1,0,0,-1,1,0,0,0,-1,-1,0,1,-1,0,0,1,0,-1,-1,0,0,1,0,0,0,-1,0,0,1,0,0,0,1,0,1,1
1751,0,-1,0,0,0,0,0,-1,0,0,0,0,1,-1,0,0,1,1,0,0,0,0,0,0,0,0,0,0,0,0,-1,-1,1,0,0,0,0,0,1,0,1,0,1,-1,0,0,0,0,-1,1,0,0,-1,1,0,0,-1,0,1,-1,0,1,0,0
1752,1,0,1,1,0,0,0,0,0,0,-1,0,0,0,0,0,-1,0,1,0,0,-1,0,0,1,0,0,1,0,0,-1,1,0,-1,-1,0,0,0,0,0,0,-1,-1,0,0,-1,0,1,0,-1,0,0,0,0,1,0,-1,-1,0,-1,0,0,1,0
1753,-1,0,0,-1,0,0,1,1,0,1,-1,0,1,0,0,1,0,0,1,0,0,0,0,0,0,-1,0,0,0,0,0,0,0,0,1,1,0,-1,0,0,0,1,1,0,0,0,0,0,1,0,1,0,0,0,0,0,0,0,1,1,0,0,0,1
1754,0,0,0,0,-1,0,1,1,0,-1,0,0,0,0,1,-1,0,0,0,0,0,-1,0,0,0,0,0,0,0,1,1,0,-1,-1,0,0,0,0,0,1,1,0,1,1,0,0,0,1,0,-1,0,-1,0,-1,0,0,0,1,1,-1,0,0,0,0
1755,0,1,0,0,-1,0,-1,0,0,0,0,0,0,-1,0,-1,0,1,-1,0,0,-1,0,1,1,0,0,0,0,1,1,0,0,0,0,0,0,0,-1,1,0,0,1,1,0,-1,0,0,1,0,-1,1,0,1,0,0,0,0,0,0,-1,0,0,0
1756,1,0,0,1,0,0,0,0,0,-1,0,0,0,0,-1,0,0,-1,0,0,0,-1,1,0,0,0,-1,0,0,-1,0,-1,0,0,0,0,0,1,0,0,-1,0,0,0,0,0,0,1,0,0,-1,-1,0,0,0,0,0,1,-1,-1,0,1,1,0
1757,1,0,1,0,0,0,0,0,1,1,0,0,-1,0,0,1,0,0,1,0,0,-1,0,0,0,1,0,0,0,-1,1,-1,1,-1,0,-1,-1,0,0,0,0,0,0,-1,0,0,0,0,0,-1,1,-1,0,0,0,0,1,0,0,1,1,-1,0,0
1758,1,1,-1,1,1,1,0,0,-1,1,-1,-1,0,0,1,0,0,0,1,-1,-1,0,0,0,0,0,0,0,-1,0,1,0,0,0,0,0,0,0,0,0,0,0,0,1,-1,0,0,0,0,0,0,0,0,-1,0,0,0,1,0,0,0,0,1,-1
1759,0,0,0,0,0,1,0,-1,0,0,1,0,-1,-1,0,-1,1,0,-1,0,0,0,-1,-1,0,0,0,0,-1,1,0,0,-1,1,-1,0,0,-1,0,1,-1,0,0,0,0,0,-1,0,0,0,0,0,0,1,1,1,0,0,0,0,0,0,0,1
1760,-1,0,-1,0,0,0,0,0,0,-1,0,0,0,0,0,0,1,0,0,0,0,0,-1,0,0,0,1,1,0,0,1,0,1,1,1,0,0,-1,0,0,0,0,0,0,-1,0,1,0,1,0,-1,0,-1,0,1,0,0,0,1,0,-1,0,0,-1
1761,0,-1,1,1,-1,0,1,0,0,0,-1,-1,1,0,0,0,0,1,0,0,0,0,-1,0,0,0,-1,0,0,0,0,0,0,-1,-1,0,-1,0,0,-1,-1,0,0,0,0,0,0,0,0,0,0,0,0,1,-1,1,0,0,0,1,0,0,1,0
1762,0,0,0,-1,1,0,0,-1,0,0,-1,-1,1,0,1,0,0,1,0,0,0,1,0,0,0,0,0,0,0,-1,-1,0,-1,0,0,1,0,1,0,1,1,-1,0,-1,-1,-1,0,0,0,0,0,0,-1,1,-1,0,0,0,-1,1,0,0,0,0
1763,0,0,0,0,-1,1,0,0,0,1,0,0,-1,0,-1,0,0,0,0,0,1,1,0,0,0,1,0,0,0,1,0,0,0,0,0,0,1,0,0,-1,1,0,0,1,-1,0,0,-1,0,0,0,0,0,0,0,-1,0,0,0,0,-1,1,0,0
1764,0,0,1,0,0,0,0,0,-1,-1,0,1,0,0,1,0,0,0,0,0,0,0,0,0,0,1,0,0,1,-1,1,-1,0,-1,0,1,-1,0,1,0,0,-1,0,0,0,0,0,0,0,-1,0,0,0,-1,0,1,0,0,0,0,0,-1,-1,1
1765,0,0,0,1,0,0,1,0,-1,1,0,0,0,1,0,0,0,0,0,-1,0,0,-1,0,0,0,0,-1,0,0,0,0,0,0,0,0,-1,0,1,-1,-1,0,0,0,1,0,0,0,-1,0,0,0,-1,0,0,0,0,-1,1,0,0,0,-1,0
1766,1,-1,0,-1,1,0,0,1,0,0,0,0,0,-1,0,0,0,0,0,0,0,0,1,0,0,0,-1,0,-1,0,0,0,-1,1,0,0,0,0,0,-1,-1,0,0,1,-1,0,0,0,0,0,0,1,-1,0,0,0,0,0,-1,0,0,0,0,0
1767,0,0,0,-1,0,0,0,-1,0,0,1,0,0,0,0,0,1,0,0,0,0,-1,0,-1,0,-1,0,0,0,-1,0,-1,0,0,0,0,0,0,-1,1,0,0,0,0,0,1,0,1,0,0,0,0,-1,0,0,0,0,0,1,0,1,-1,0,0
1768,0,0,0,0,0,1,1,0,0,1,0,0,-1,1,0,0,-1,0,1,0,0,1,-1,0,0,0,0,0,0,-1,0,0,0,0,-1,0,0,1,0,-1,-1,0,0,-1,1,0,1,-1,0,0,-1,1,0,0,-1,0,0,0,0,0,0,0,0,0
1769,0,1,0,0,0,0,0,0,0,-1,-1,-1,1,1,1,1,0,1,0,0,-1,-1,0,0,1,1,0,-1,0,0,0,0,1,0,0,-1,0,-1,0,1,-1,0,0,0,0,-1,1,-1,1,0,0,0,0,0,0,1,0,0,0,0,1,1,0,0
1770,-1,0,0,0,0,0,1,0,0,-1,-1,0,0,1,1,0,-1,-1,0,0,0,0,0,1,0,0,0,1,0,0,0,0,0,0,1,0,0,1,-1,0,0,1,0,1,0,0,1,0,0,0,0,0,1,0,-1,1,0,0,-1,-1,0,0,1,0
1771,0,0,0,-1,1,0,0,1,0,0,-1,0,-1,0,0,1,-1,-1,0,0,-1,0,1,0,0,0,-1,-1,0,1,-1,0,0,0,0,0,1,0,0,1,0,0,0,-1,0,-1,0,-1,0,0,1,-1,1,0,0,0,0,0,1,0,0,0,-1,0
1772,1,-1,0,-1,-1,0,1,0,0,0,0,0,0,1,1,1,-1,1,-1,-1,0,0,0,0,0,0,0,1,0,1,0,0,0,0,0,0,0,0,0,1,0,0,-1,0,0,0,1,-1,1,-1,0,1,0,0,0,1,0,0,0,1,0,0,-1,-1
1773,-1,0,0,0,0,1,0,1,0,0,0,-1,0,0,0,0,0,0,0,0,0,0,-1,0,1,0,0,-1,0,0,0,1,0,0,0,1,0,0,0,1,1,0,0,0,0,0,0,0,-1,0,0,0,0,0,0,1,-1,0,-1,0,0,0,0,0
1774,1,0,0,0,0,0,0,0,1,0,-1,1,0,1,0,0,0,0,0,0,0,1,0,0,0,0,1,0,0,0,0,0,0,0,0,-1,-1,1,0,0,0,1,0,0,0,-1,0,0,0,0,-1,0,0,0,0,0,0,-1,1,0,-1,0,-1,0
1775,0,0,0,0,0,0,0,-1,0,0,0,0,1,1,0,0,0,0,1,0,1,1,0,0,-1,-1,0,1,0,0,0,1,0,0,1,-1,0,0,1,0,0,1,0,1,1,0,0,0,-1,-1,0,0,0,1,-1,1,0,-1,1,-1,0,1,0,0
1776,0,1,-1,0,0,-1,0,0,0,0,0,0,0,-1,1,0,1,0,0,-1,-1,-1,0,-1,0,-1,0,-1,1,0,1,0,0,0,0,1,-1,0,-1,0,0,0,0,-1,-1,1,1,0,0,-1,0,0,1,-1,-1,0,0,1,0,1,0,0,0,0
1777,0,0,0,0,0,-1,0,0,0,-1,0,-1,0,-1,1,0,-1,0,0,-1,0,0,0,0,0,0,0,0,0,0,0,0,0,-1,0,0,0,0,0,0,0,0,-1,1,0,0,0,1,1,-1,0,0,1,0,0,-1,-1,0,1,0,0,0,0,1
1778,1,0,-1,0,0,0,0,0,0,0,1,-1,1,0,0,0,0,1,0,0,0,0,0,0,0,0,-1,1,1,-1,1,0,-1,0,0,-1,0,-1,-1,1,0,0,0,0,-1,0,0,-1,1,-1,0,0,0,0,0,0,0,0,-1,0,-1,0,0,0
1779,0,0,0,1,1,0,1,-1,0,-1,0,-1,0,1,1,0,0,0,0,0,-1,0,-1,-1,1,0,0,-1,0,0,-1,-1,0,0,0,1,0,0,0,0,0,-1,1,0,-1,0,0,-1,-1,0,0,1,0,1,0,-1,0,1,1,0,0,0,-1,-1
1780,0,0,0,0,1,1,0,0,0,0,0,-1,0,0,0,0,0,0,0,-1,0,0,-1,0,1,0,0,0,0,1,0,1,0,1,0,1,-1,0,-1,-1,0,0,0,-1,0,-1,0,0,-1,0,0,1,0,0,0,1,0,1,0,1,0,0,0,-1
1781,0,0,0,0,0,-1,1,-1,0,-1,0,0,-1,0,0,0,0,0,1,0,0,0,1,0,0,1,0,0,0,0,-1,0,-1,0,0,0,-1,1,0,0,0,0,1,0,0,-1,1,0,0,0,0,0,0,0,0,0,0,0,0,0,0,1,0,0
1782,0,1,1,0,0,1,1,0,0,0,0,0,-1,0,0,0,0,-1,0,0,0,0,0,0,-1,-1,0,1,0,0,0,0,0,0,0,0,-1,0,0,0,0,0,0,1,0,0,-1,0,0,0,0,0,1,0,0,1,0,0,0,0,-1,0,0,0
1783,1,0,0,0,0,1,0,1,0,0,0,-1,1,0,-1,0,0,0,0,-1,0,0,0,1,0,-1,0,0,0,-1,0,1,0,-1,0,0,-1,-1,0,-1,0,-1,0,0,1,0,0,0,0,1,1,1,0,0,0,0,-1,0,0,0,0,0,-1,0
1784,0,0,0,0,0,0,0,1,1,0,0,1,-1,0,0,0,0,0,0,1,1,1,-1,0,0,1,0,-1,1,0,-1,0,0,1,0,1,0,1,0,0,-1,1,0,0,1,1,0,0,0,0,0,0,0,1,1,0,0,0,0,1,0,0,0,0
1785,0,1,0,0,0,1,0,0,0,0,-1,0,1,0,0,0,0,-1,1,0,0,-1,1,0,0,0,0,0,0,0,0,0,0,0,0,0,0,0,1,0,0,0,0,0,0,0,0,0,1,0,0,-1,1,1,0,0,-1,0,1,0,0,0,0,0
1786,0,0,0,1,1,0,1,-1,-1,0,0,0,0,1,0,0,0,1,-1,0,-1,0,0,0,-1,0,0,0,1,1,0,0,-1,0,0,0,-1,0,0,0,0,0,1,0,1,0,0,0,0,0,-1,-1,0,0,1,0,0,0,0,-1,0,0,-1,1
1787,-1,1,0,-1,-1,0,0,-1,0,0,1,0,0,0,0,1,0,-1,0,1,0,-1,-1,-1,0,0,0,0,0,0,-1,-1,-1,0,0,0,1,0,0,1,0,1,1,0,0,-1,0,0,0,-1,-1,1,1,1,0,-1,0,0,0,0,0,0,1,0
1788,0,0,0,0,0,-1,0,0,0,-1,0,0,0,-1,0,0,0,0,1,0,-1,-1,0,0,1,0,0,-1,-1,0,0,0,1,1,1,-1,0,1,0,1,0,0,1,0,1,0,0,0,0,0,1,0,1,-1,0,0,-1,-1,0,1,-1,0,1,0
1789,0,0,0,0,1,0,0,0,1,0,0,1,-1,-1,0,0,0,0,1,1,0,0,-1,-1,1,0,0,1,1,0,1,1,0,0,0,0,0,0,0,1,-1,0,1,0,0,0,0,0,0,0,0,0,0,1,0,0,-1,0,-1,1,0,0,0,-1
1790,0,0,-1,0,1,0,0,0,0,0,-1,0,-1,1,0,0,1,0,1,-1,1,0,0,-1,0,0,0,-1,-1,0,0,0,0,0,0,0,0,0,0,-1,0,0,1,0,0,1,0,-1,1,-1,-1,0,0,1,1,0,1,1,0,0,0,0,0,0
1791,1,1,0,0,0,0,-1,-1,0,-1,0,1,0,0,1,1,0,1,0,0,0,-1,0,0,0,1,0,1,0,0,0,0,0,0,0,0,0,-1,-1,0,0,0,-1,0,-1,1,0,1,0,0,0,-1,0,-1,0,1,0,0,0,-1,-1,0,0,0
1792,0,0,1,0,1,0,0,1,-1,0,0,-1,0,0,0,0,0,-1,-1,-1,-1,0,-1,1,0,0,0,0,1,-1,0,0,1,0,-1,0,0,0,0,0,1,0,0,1,-1,1,1,1,0,0,-1,0,1,0,0,0,0,0,1,0,0,0,0,-1
1793,-1,0,0,0,1,0,0,0,0,-1,0,0,0,0,0,0,0,0,0,0,0,0,1,1,0,-1,0,1,-1,0,-1,0,0,0,0,-1,-1,0,0,0,0,0,0,0,0,0,1,-1,-1,0,0,1,0,1,-1,1,1,0,0,0,0,0,-1,0
1794,1,0,0,1,0,-1,0,1,0,-1,-1,0,1,-1,0,1,0,-1,0,1,0,0,0,1,0,0,0,0,0,0,1,0,0,0,0,-1,0,-1,0,0,0,1,0,0,0,0,0,1,0,0,0,0,1,0,0,0,0,0,0,0,0,0,-1,0
1795,0,0,1,-1,0,1,-1,1,-1,0,0,-1,0,1,-1,1,0,0,0,0,0,0,1,-1,0,0,-1,1,-1,0,0,0,0,0,0,-1,0,-1,0,0,0,0,0,1,0,0,0,0,0,1,-1,-1,0,0,1,1,0,0,1,1,1,0,0,0
1796,1,0,0,0,0,0,0,1,0,0,0,0,0,0,0,0,0,0,0,-1,0,0,1,0,1,0,-1,0,0,0,1,0,0,0,1,0,0,0,0,0,0,0,-1,-1,-1,0,0,-1,0,1,1,1,1,-1,0,0,0,0,0,0,0,0,0,0
1797,0,0,0,1,1,1,0,0,0,0,0,0,-1,0,-1,0,0,0,0,0,0,0,0,0,0,-1,0,0,0,0,1,-1,-1,-1,0,-1,0,0,0,0,1,0,0,0,0,0,0,0,0,0,-1,0,0,1,0,1,0,-1,1,1,-1,0,0,0
1798,0,-1,0,0,0,0,1,0,0,0,1,-1,0,1,0,0,1,0,-1,1,0,-1,1,0,1,-1,1,0,0,0,0,0,1,1,0,1,0,1,0,0,0,-1,0,1,-1,0,0,0,0,-1,0,0,0,0,0,0,-1,0,1,0,-1,0,-1,0
1799,-1,-1,0,-1,0,-1,0,0,0,-1,-1,0,0,1,1,-1,0,1,-1,-1,0,0,0,0,0,1,-1,1,1,0,0,0,0,0,1,0,0,0,0,0,0,0,1,0,0,-1,1,0,-1,1,0,0,-1,-1,0,-1,-1,0,0,1,-1,1,0,0
1800,0,-1,0,0,0,0,0,-1,-1,-1,0,0,0,0,0,0,0,-1,0,0,-1,0,-1,0,0,-1,0,0,0,0,0,1,0,1,0,0,1,0,0,0,1,1,1,0,1,0,0,0,-1,0,-1,0,0,0,0,0,0,-1,0,0,0,-1,0,1
1801,-1,0,0,0,0,0,-1,1,1,-1,0,-1,1,1,0,0,0,0,-1,0,0,0,0,0,0,1,-1,0,0,0,1,0,0,0,0,-1,0,1,0,1,1,-1,1,0,0,1,0,1,0,0,0,-1,0,0,0,0,0,0,0,0,0,0,1,0
1802,-1,0,0,0,0,0,0,0,0,0,0,0,0,1,0,0,0,1,1,0,-1,1,0,1,0,1,0,0,1,1,-1,0,0,0,1,1,-1,0,0,0,0,0,0,0,0,0,0,-1,-1,1,1,1,1,-1,-1,0,0,0,0,0,0,0,0,0
1803,0,0,0,0,0,1,0,-1,0,0,0,0,1,0,-1,0,0,0,0,-1,-1,0,0,0,0,0,0,0,0,1,0,0,1,0,0,-1,0,0,0,0,1,-1,0,1,0,1,0,0,0,0,0,1,1,-1,0,-1,0,0,0,0,-1,0,-1,0
1804,0,0,0,-1,0,0,0,0,1,-1,0,-1,0,-1,0,0,0,1,-1,-1,0,0,0,0,0,0,0,0,0,0,0,0,1,-1,0,0,0,-1,0,0,0,0,0,-1,1,0,0,1,-1,-1,0,0,0,-1,0,0,0,1,-1,1,0,0,0,-1
1805,0,0,0,0,0,-1,0,0,0,1,1,-1,0,-1,0,0,-1,0,0,0,0,1,0,0,1,0,1,0,0,0,0,-1,-1,-1,0,0,0,0,0,-1,-1,0,0,0,1,1,-1,0,0,0,0,-1,1,1,0,1,1,0,0,1,-1,0,1,0
1806,0,0,0,1,1,0,0,1,0,1,0,0,1,0,0,0,-1,-1,0,0,1,0,1,0,0,0,0,1,0,0,0,0,1,0,0,0,0,-1,0,0,0,0,0,0,0,0,-1,-1,0,0,0,0,0,0,0,0,0,-1,-1,-1,0,0,0,0
1807,0,0,0,0,0,1,0,0,0,0,0,0,0,-1,0,1,0,0,0,0,0,-1,0,0,0,0,0,-1,0,0,0,1,0,1,0,0,0,0,0,-1,0,0,-1,0,1,0,1,0,0,0,-1,0,-1,0,0,0,-1,0,-1,1,0,0,0,1
1808,-1,0,-1,0,0,0,0,0,0,1,-1,-1,0,0,1,0,0,0,1,0,0,-1,0,0,-1,0,0,-1,-1,-1,0,-1,-1,-1,-1,1,-1,1,0,0,0,0,-1,0,0,-1,0,0,1,0,0,0,1,1,1,0,1,-1,0,0,0,-1,1,-1
1809,0,0,0,0,0,0,1,0,-1,1,1,1,0,0,-1,1,0,0,0,0,0,0,0,0,0,0,0,0,-1,-1,-1,0,0,1,1,0,-1,0,0,0,1,0,0,0,0,0,0,0,0,1,1,0,0,0,-1,0,0,-1,0,1,-1,1,-1,0
1810,1,-1,1,0,-1,0,-1,1,1,1,-1,0,0,0,0,0,1,0,0,0,0,0,0,-1,0,1,0,0,0,0,0,1,0,0,0,0,0,0,-1,0,1,0,0,1,0,0,0,0,0,0,0,0,0,-1,0,-1,0,0,0,0,0,0,0,-1
1811,0,0,0,0,1,0,0,0,0,-1,-1,0,1,1,-1,0,0,0,-1,0,0,-1,1,1,-1,-1,1,-1,0,0,0,1,1,0,1,1,0,0,1,-1,1,1,0,-1,0,1,0,0,1,1,1,0,1,0,-1,0,1,0,-1,1,0,0,0,-1
1812,0,0,-1,1,0,0,0,0,0,0,1,0,0,0,-1,0,0,0,1,0,-1,0,0,0,-1,0,1,1,1,-1,-1,-1,0,-1,1,1,0,1,1,0,0,0,-1,0,0,0,1,0,1,0,0,1,0,0,0,0,0,0,0,1,-1,0,-1,0
1813,1,0,0,-1,0,1,0,1,1,-1,0,-1,0,0,0,1,-1,0,0,0,0,-1,0,0,0,0,0,0,0,-1,0,0,-1,0,0,1,1,-1,0,1,1,1,1,0,0,-1,0,1,-1,0,-1,0,-1,-1,0,1,-1,1,0,1,0,0,0,1
1814,0,1,-1,0,1,1,0,0,0,0,0,0,0,0,0,-1,0,0,0,0,-1,0,-1,0,0,0,-1,0,1,-1,0,0,0,0,0,0,-1,1,0,0,0,0,-1,-1,0,-1,0,0,0,-1,-1,0,0,0,0,0,0,0,0,0,0,1,0,1
1815,0,0,0,0,-1,0,0,1,0,0,0,0,-1,0,0,-1,0,1,0,0,0,0,1,0,-1,0,0,1,1,0,1,0,0,0,0,-1,0,1,0,0,1,-1,0,0,-1,0,0,-1,0,0,0,-1,0,0,1,0,0,0,-1,1,-1,0,0,0
1816,0,0,-1,0,0,1,0,-1,0,0,0,0,-1,-1,0,0,1,0,0,0,0,0,0,0,0,0,0,0,-1,1,0,0,0,0,0,1,-1,0,0,0,0,0,1,0,-1,0,0,0,0,0,0,1,0,0,0,0,1,-1,0,0,0,1,0,0
1817,-1,0,1,1,0,0,0,0,0,0,1,0,0,0,0,0,0,0,0,0,1,0,-1,0,0,1,1,0,-1,0,1,0,0,0,-1,-1,-1,0,0,0,1,-1,0,0,0,1,0,0,0,0,-1,0,-1,0,-1,-1,-1,0,0,-1,0,-1,0,-1
1818,0,-1,-1,1,0,-1,0,0,0,0,0,0,0,-1,0,0,0,0,-1,1,0,-1,0,-1,0,-1,0,0,0,0,0,0,-1,0,0,0,-1,0,0,1,1,0,1,0,0,0,-1,-1,-1,0,0,0,0,0,0,1,0,0,0,-1,0,0,0,-1
1819,-1,-1,0,1,1,0,0,1,-1,1,0,-1,0,-1,1,0,1,-1,0,0,-1,1,1,0,0,-1,0,0,1,-1,0,1,0,0,0,1,0,0,0,0,0,0,-1,-1,0,-1,0,0,0,0,0,0,0,-1,0,-1,-1,0,0,0,0,0,0,0
1820,0,-1,0,0,1,0,0,-1,-1,0,0,-1,1,0,0,0,1,0,-1,-1,1,0,0,-1,0,0,0,0,0,0,0,-1,0,0,0,0,0,0,0,-1,0,0,0,0,1,0,0,-1,0,0,1,0,0,1,-1,1,0,0,0,0,-1,1,-1,1
1821,0,1,0,0,1,0,0,0,0,0,0,0,0,0,0,0,0,0,0,0,1,0,0,0,1,1,-1,0,0,1,0,-1,0,1,0,0,0,0,0,0,0,0,0,0,0,0,0,0,0,-1,0,0,-1,1,0,0,0,1,0,0,0,0,0,0
1822,1,0,0,-1,0,1,0,0,0,0,1,0,-1,0,0,0,-1,-1,0,0,0,-1,0,0,1,1,0,1,0,1,0,0,0,0,-1,0,-1,0,0,0,0,0,1,0,1,0,-1,1,0,0,0,0,0,-1,1,0,0,-1,0,0,0,1,0,-1
1823,0,-1,0,0,0,0,0,0,-1,0,0,0,0,0,-1,0,-1,1,0,0,0,0,0,-1,0,0,-1,1,1,0,0,-1,0,-1,1,0,0,0,0,0,0,-1,0,0,-1,0,-1,0,0,1,1,0,0,0,-1,0,0,0,-1,0,0,-1,0,1
1824,0,-1,0,0,0,0,0,0,0,1,0,0,-1,0,1,0,0,0,-1,0,-1,0,-1,0,0,0,0,0,0,0,0,0,0,0,0,0,0,0,1,0,0,0,0,0,0,0,0,0,1,-1,-1,0,0,0,0,-1,0,1,0,0,0,0,0,0
1825,0,-1,0,0,0,0,0,0,-1,0,0,1,1,0,0,0,0,-1,0,0,0,0,1,1,-1,-1,0,0,1,1,0,0,0,1,0,0,0,0,1,1,1,-1,-1,0,-1,-1,0,0,0,1,-1,0,0,-1,0,-1,-1,0,0,0,0,0,0,1
1826,-1,-1,0,-1,0,0,0,0,-1,0,0,0,0,0,0,0,0,0,1,0,1,0,0,0,1,0,-1,0,-1,0,0,0,0,0,0,0,0,0,1,0,0,0,-1,0,1,-1,1,0,0,-1,-1,-1,0,0,0,0,0,0,0,0,0,0,0,0
1827,-1,0,-1,0,0,0,0,-1,1,0,-1,-1,1,0,0,1,0,0,0,1,0,0,0,0,0,0,0,0,0,0,0,0,1,0,0,-1,0,0,1,0,1,-1,0,0,0,0,-1,0,0,-1,1,0,0,0,1,0,0,-1,0,0,0,0,0,-1
1828,0,0,-1,1,0,0,0,0,1,1,0,0,0,0,0,0,0,0,1,0,1,1,0,1,-1,0,-1,0,0,0,0,1,0,-1,-1,0,0,0,0,0,1,-1,0,1,0,0,0,-1,0,0,0,0,0,1,1,-1,0,0,-1,0,1,0,-1,0
1829,1,0,0,-1,0,1,1,-1,1,0,0,1,0,0,0,0,-1,0,-1,-1,1,0,1,0,0,1,0,-1,0,-1,0,0,0,-1,0,0,0,-1,0,0,0,1,-1,0,0,0,-1,0,0,0,0,0,0,1,0,1,1,1,-1,0,-1,0,0,0
1830,-1,0,0,0,0,0,0,0,0,1,0,-1,-1,-1,-1,0,0,0,0,0,0,-1,-1,1,-1,0,0,0,1,1,-1,1,0,0,0,0,0,0,0,-1,-1,-1,0,0,-1,1,0,-1,0,0,0,0,1,0,0,0,0,-1,0,-1,0,1,1,0
1831,0,1,-1,0,0,0,0,-1,0,-1,0,1,0,0,1,1,1,0,0,-1,1,0,-1,0,0,1,0,0,0,0,1,0,-1,0,0,-1,0,1,1,1,1,1,0,0,0,1,1,1,0,0,-1,-1,0,0,1,1,0,0,0,0,0,0,-1,0
1832,0,0,-1,0,-1,-1,1,0,-1,1,0,0,1,0,-1,-1,1,0,-1,1,0,0,0,0,1,1,0,0,-1,-1,0,0,-1,-1,-1,0,1,0,1,0,0,0,1,0,0,-1,0,1,0,0,0,0,0,0,0,0,0,0,0,1,0,0,1,-1
1833,0,-1,0,0,1,0,0,0,0,0,0,1,0,0,1,0,0,1,0,1,0,0,1,-1,1,0,0,0,1,0,-1,0,-1,-1,1,0,0,0,0,1,0,-1,1,0,1,0,0,0,-1,-1,0,0,-1,0,0,0,0,-1,0,0,0,1,1,1
1834,1,0,-1,1,0,0,0,1,0,0,-1,1,0,0,0,-1,-1,0,0,0,-1,0,-1,0,0,0,0,0,-1,0,0,-1,1,0,1,0,0,0,0,1,1,1,0,0,0,0,-1,1,-1,-1,1,0,0,0,0,1,1,0,0,0,0,0,-1,-1
1835,0,-1,-1,-1,0,0,0,0,0,0,0,0,0,-1,1,-1,-1,-1,0,-1,-1,0,1,0,0,0,1,-1,-1,0,1,-1,0,0,-1,0,0,0,-1,1,1,-1,-1,0,0,0,1,1,0,0,1,0,-1,-1,0,0,0,1,1,0,-1,1,0,-1
1836,-1,-1,1,1,0,0,0,0,1,0,-1,0,1,0,0,0,0,1,0,0,1,0,0,0,1,0,0,0,0,0,0,0,0,0,1,0,0,0,1,-1,0,0,0,1,1,-1,0,0,1,-1,0,-1,0,0,-1,0,0,1,1,0,-1,0,0,0
1837,0,-1,0,0,0,0,-1,0,0,1,0,-1,1,0,-1,-1,0,0,1,0,0,1,0,-1,0,0,-1,0,-1,0,-1,0,0,0,0,0,0,-1,-1,1,0,0,0,0,-1,0,0,0,0,0,0,0,1,-1,0,0,0,0,0,1,0,0,0,1
1838,0,1,0,0,1,1,0,1,0,0,0,0,1,0,0,0,-1,1,1,0,-1,0,0,0,0,0,-1,-1,0,0,0,0,1,1,1,1,0,0,0,1,1,-1,-1,1,-1,0,0,0,0,0,0,-1,0,1,1,0,0,0,0,-1,0,0,0,0
1839,0,-1,1,0,0,0,0,0,0,0,0,1,0,-1,0,0,-1,1,0,0,0,0,0,-1,0,0,-1,0,0,0,-1,0,0,-1,0,0,0,0,0,-1,0,0,0,-1,0,1,0,0,0,0,0,-1,0,0,0,-1,0,-1,1,0,0,-1,-1,0
1840,0,0,0,0,0,1,0,-1,0,0,1,0,1,0,0,-1,0,0,0,1,0,-1,-1,1,0,0,0,0,0,-1,1,0,1,1,-1,0,-1,0,0,0,0,0,0,0,1,0,0,0,0,0,0,0,1,0,0,-1,0,0,0,0,0,-1,0,0
1841,0,0,-1,1,1,1,-1,0,-1,1,0,-1,0,1,1,0,0,1,0,0,0,-1,-1,0,0,0,0,0,0,0,-1,-1,1,0,-1,0,1,0,0,0,0,0,0,1,0,0,-1,0,0,0,0,0,0,-1,0,-1,0,-1,0,0,-1,0,0,0
1842,0,0,-1,0,0,0,0,0,0,0,0,0,1,0,1,-1,0,0,1,-1,0,0,0,0,0,0,0,-1,0,0,0,-1,0,1,0,-1,0,0,1,0,1,0,0,0,0,0,-1,1,-1,0,0,0,0,0,0,0,-1,-1,0,0,0,0,-1,0
1843,0,0,0,1,0,0,0,1,0,0,0,0,0,0,0,0,-1,0,0,-1,0,-1,1,1,0,0,-1,-1,-1,1,0,0,0,0,0,0,0,0,-1,-1,0,0,1,1,0,0,0,1,1,0,0,0,0,0,0,1,0,0,0,0,0,-1,-1,-1
1844,0,0,1,1,1,0,0,0,1,0,0,0,0,0,0,0,0,0,0,1,0,0,0,1,0,0,0,0,0,1,0,-1,0,0,0,-1,0,0,0,1,1,0,0,0,0,0,0,0,0,0,0,0,-1,0,0,1,0,0,0,0,0,0,0,0
1845,0,-1,-1,0,1,0,0,0,1,0,0,0,0,-1,0,1,0,0,0,-1,0,0,0,0,0,1,0,0,0,0,0,0,0,0,0,0,0,-1,1,0,0,0,0,0,0,0,0,0,0,0,1,0,0,0,1,0,0,1,0,0,0,0,0,1
1846,0,-1,1,0,-1,0,-1,-1,1,0,0,0,0,-1,1,0,1,-1,0,0,0,0,1,1,0,0,0,0,-1,0,0,0,0,0,-1,1,0,1,-1,0,0,0,0,1,-1,0,0,1,-1,0,0,0,-1,-1,0,-1,0,-1,0,0,0,0,-1,0
1847,0,1,1,0,1,0,0,1,1,0,0,0,1,1,0,0,-1,0,-1,0,0,1,1,1,1,-1,-1,1,-1,-1,0,-1,0,-1,-1,0,0,0,0,0,-1,-1,-1,1,0,0,0,-1,0,0,1,0,0,1,-1,1,0,0,0,-1,0,1,1,0
1848,0,1,0,0,0,0,0,0,0,0,1,0,1,0,0,-1,0,0,0,0,-1,0,-1,0,0,0,0,1,-1,1,1,1,1,0,0,-1,0,0,0,-1,0,0,0,0,0,0,-1,0,1,-1,0,0,-1,0,0,-1,0,1,1,0,0,0,0,0
1849,0,0,-1,0,0,0,0,1,0,0,0,-1,1,0,0,-1,0,0,0,0,0,0,1,-1,0,1,-1,0,0,0,0,1,0,0,0,0,0,0,0,1,0,-1,1,0,-1,0,0,0,0,-1,0,1,0,0,0,1,0,-1,0,0,1,-1,0,0
1850,0,0,-1,-1,1,0,0,0,0,0,0,0,0,0,0,0,0,1,0,0,0,0,0,1,0,-1,0,0,0,0,-1,0,-1,0,0,1,1,-1,0,0,-1,0,0,0,0,1,0,0,0,0,0,0,0,0,0,-1,0,-1,-1,0,0,-1,0,0
1851,0,0,0,0,0,-1,1,0,0,0,0,0,-1,0,1,1,-1,1,0,0,0,1,0,0,-1,0,0,0,-1,0,-1,0,0,0,0,1,0,1,1,0,-1,0,0,0,0,1,0,0,0,1,0,0,1,0,0,1,0,0,0,0,0,0,0,0
1852,0,0,1,0,-1,0,0,0,0,0,0,-1,0,1,1,0,-1,0,0,-1,-1,1,0,1,0,-1,0,0,0,0,-1,0,-1,1,1,0,1,0,0,0,0,1,-1,0,1,0,0,0,1,0,0,0,1,0,1,-1,-1,-1,0,0,0,0,0,0
1853,-1,0,-1,0,0,0,0,0,-1,0,1,1,1,-1,-1,0,0,0,-1,0,1,-1,0,0,0,0,0,-1,0,-1,0,0,0,0,0,0,0,0,0,0,1,0,0,0,0,0,0,0,-1,0,1,1,0,-1,0,-1,0,0,0,0,-1,1,0,0
1854,0,0,0,0,1,0,0,0,0,1,0,0,-1,0,0,0,0,0,-1,0,0,0,0,0,-1,-1,1,-1,0,0,-1,0,0,0,0,0,0,0,0,-1,0,0,0,1,1,0,0,1,1,0,0,0,0,0,0,0,0,0,0,0,0,0,-1,1
1855,0,0,0,-1,-1,0,0,0,0,0,-1,0,0,0,1,0,0,0,-1,0,0,0,0,0,0,0,0,0,-1,0,-1,1,0,-1,0,0,1,-1,-1,0,0,-1,0,0,0,0,1,0,-1,0,0,0,0,0,1,0,1,0,0,1,0,0,0,-1
1856,-1,0,0,0,0,0,0,0,0,0,0,0,0,0,0,0,-1,0,1,1,0,0,0,0,1,0,0,0,0,0,1,0,0,0,0,0,0,0,0,-1,1,1,0,0,-1,0,0,0,-1,1,1,0,0,0,0,-1,0,-1,0,0,0,0,-1,-1
1857,0,-1,1,0,-1,1,-1,0,0,0,1,1,0,0,0,0,1,1,0,1,0,0,0,1,0,0,0,1,-1,0,0,1,0,0,0,0,-1,1,-1,0,0,0,1,0,-1,0,0,-1,0,0,0,0,0,0,0,0,0,0,0,0,0,1,0,-1
1858,0,0,-1,-1,0,0,0,0,0,0,0,1,-1,0,0,0,-1,0,0,-1,0,0,0,1,0,0,0,-1,0,0,0,0,0,0,0,0,-1,0,1,0,0,-1,0,0,-1,0,0,-1,-1,0,0,0,0,0,1,0,-1,1,0,0,0,0,0,1
1859,0,0,0,0,0,1,-1,0,-1,1,0,0,0,-1,0,0,0,-1,0,0,0,0,-1,-1,1,0,1,-1,1,0,-1,0,0,0,0,0,-1,0,-1,1,-1,0,1,0,-1,0,0,0,0,-1,0,0,0,0,0,0,0,0,-1,1,-1,0,0,1
1860,0,-1,0,0,0,1,0,0,0,0,0,-1,1,0,0,0,0,0,0,-1,1,1,0,1,1,1,0,0,0,0,1,-1,0,1,0,0,0,0,0,0,0,0,1,-1,1,1,0,0,1,1,0,1,0,0,0,0,0,1,0,0,0,0,0,0
1861,0,1,0,0,1,0,0,0,1,0,-1,0,-1,1,-1,1,0,-1,0,-1,0,0,0,-1,0,0,0,1,-1,0,0,0,-1,-1,0,0,-1,1,0,-1,0,1,0,0,-1,1,1,0,0,0,1,0,-1,0,0,-1,1,0,0,0,0,0,0,0
1862,0,0,1,0,0,0,-1,0,1,1,0,0,0,0,-1,-1,-1,1,0,1,0,0,0,0,0,0,1,0,0,0,1,0,0,-1,-1,1,0,0,1,-1,0,0,1,1,0,0,0,0,0,1,0,0,0,0,0,0,0,0,0,1,0,-1,0,0
1863,0,-1,0,1,0,-1,0,1,-1,1,0,0,-1,0,0,0,0,0,0,1,0,1,0,0,0,1,0,0,0,1,0,0,0,-1,1,0,0,0,0,0,0,0,1,-1,0,0,-1,1,0,0,0,0,0,0,0,0,0,0,1,0,-1,0,0,0
1864,0,-1,0,0,0,0,1,0,0,0,0,0,-1,0,0,0,0,0,0,0,0,0,0,0,0,0,0,0,0,1,0,0,0,0,0,1,0,0,1,0,1,1,0,-1,-1,0,0,1,0,0,1,0,0,0,0,0,-1,0,0,1,0,-1,0,0
1865,0,0,1,0,0,0,0,0,0,0,0,1,-1,0,0,0,0,0,0,0,-1,0,0,0,0,0,1,0,1,0,0,1,0,0,0,0,0,-1,0,-1,0,0,1,0,0,0,0,-1,-1,0,1,1,0,-1,0,-1,0,0,0,0,0,1,0,0
1866,0,1,-1,0,0,0,0,-1,0,0,0,0,0,0,0,0,0,0,0,0,0,0,0,1,0,1,1,0,0,0,0,0,0,-1,1,0,0,0,1,0,1,-1,0,0,-1,0,0,-1,1,0,1,0,1,0,0,0,0,0,0,0,-1,0,0,0
1867,0,0,0,-1,0,1,0,0,0,0,0,0,-1,-1,0,-1,0,1,0,0,0,0,1,0,-1,-1,1,0,0,0,0,0,1,0,-1,-1,0,1,0,0,0,0,0,0,0,0,1,0,0,0,0,0,0,0,-1,0,1,0,1,-1,0,1,1,-1
1868,-1,0,-1,0,0,-1,-1,0,1,0,0,0,1,0,0,-1,0,0,0,-1,1,0,0,-1,0,0,1,1,-1,0,0,-1,0,1,0,-1,-1,-1,-1,0,0,0,0,0,1,0,-1,1,0,0,0,-1,0,0,-1,0,0,-1,0,0,0,-1,1,-1
1869,1,1,0,0,1,0,0,-1,0,0,0,-1,-1,0,-1,0,1,0,-1,0,1,0,-1,0,0,0,0,0,-1,0,0,0,0,0,0,0,-1,0,0,0,0,0,1,0,1,0,0,1,0,0,0,0,0,-1,-1,1,1,-1,0,-1,0,0,0,1
1870,0,0,0,0,1,1,0,1,1,0,0,0,0,-1,1,-1,0,0,-1,-1,0,0,0,0,0,0,1,-1,0,0,-1,-1,1,0,0,1,-1,0,1,1,0,0,-1,0,0,0,0,0,0,-1,-1,0,-1,0,1,0,1,-1,0,0,1,0,0,0
1871,0,-1,0,-1,0,0,0,0,0,0,0,-1,0,0,0,0,0,1,0,0,0,-1,0,0,-1,1,0,0,0,0,0,0,0,0,0,1,1,1,-1,-1,0,0,0,1,0,0,1,0,0,1,0,0,1,0,1,-1,-1,1,0,0,0,0,-1,-1
1872,0,0,0,0,0,0,0,-1,0,0,1,0,0,0,0,0,1,0,1,0,0,0,0,0,0,0,0,0,0,0,0,1,-1,1,0,0,1,1,1,0,1,0,0,1,0,0,1,0,0,0,0,0,-1,-1,-1,0,0,0,0,0,-1,1,0,0
1873,0,0,1,-1,0,-1,0,0,0,0,0,0,0,0,-1,0,0,0,0,0,0,0,-1,-1,0,1,0,0,0,0,1,1,0,-1,0,0,0,0,0,-1,0,1,0,0,1,1,-1,0,0,0,1,0,0,1,-1,0,0,0,0,0,0,0,0,0
1874,-1,0,0,0,0,-1,-1,0,1,0,0,0,0,0,1,0,1,0,0,0,0,-1,-1,1,0,0,0,0,1,0,0,0,0,0,0,-1,0,0,-1,-1,0,-1,0,0,0,0,-1,0,0,-1,1,0,0,-1,0,0,1,0,0,-1,0,0,-1,-1
1875,1,1,0,1,0,0,0,1,0,0,0,-1,0,0,0,0,1,0,0,1,-1,0,-1,0,-1,-1,0,0,0,0,-1,0,0,1,0,0,1,0,0,1,-1,-1,0,0,0,0,0,0,0,0,0,0,0,0,-1,0,0,-1,-1,1,0,1,0,0
1876,0,0,0,0,-1,1,0,0,0,1,0,0,0,0,0,0,0,-1,1,0,1,-1,0,0,1,0,1,0,-1,0,0,0,0,0,0,-1,0,0,1,0,0,0,0,0,0,0,0,0,0,1,0,0,0,0,0,0,0,-1,0,0,0,0,1,1
1877,0,1,-1,0,-1,0,0,0,0,1,0,0,0,-1,-1,0,0,0,1,1,0,-1,0,0,1,0,1,0,0,0,1,0,0,-1,-1,0,0,0,0,1,0,0,-1,0,1,-1,-1,0,0,0,0,0,0,0,0,0,0,-1,1,0,0,0,0,0
1878,0,1,0,1,0,0,0,0,0,0,-1,0,-1,-1,0,0,0,1,0,0,0,0,-1,0,0,0,0,0,-1,1,0,1,0,-1,1,-1,0,0,0,-1,0,0,0,0,1,0,0,-1,0,-1,0,1,0,0,-1,-1,0,0,0,1,0,1,0,0
1879,0,0,1,0,0,1,0,0,0,0,-1,0,1,0,1,0,1,0,0,0,0,0,0,0,1,1,0,1,0,0,1,0,0,0,-1,1,0,1,1,-1,0,1,0,0,0,0,0,0,0,-1,0,1,0,0,0,-1,0,0,0,0,0,-1,0,0
1880,1,0,0,0,0,0,0,0,0,0,0,1,0,0,-1,0,0,-1,1,0,0,1,-1,0,0,0,0,0,0,0,0,0,0,0,0,-1,0,-1,1,0,1,0,0,0,0,0,0,0,0,0,1,0,0,0,1,1,1,0,0,0,0,0,0,0
1881,0,0,0,1,0,0,1,1,0,1,-1,0,-1,0,0,0,0,0,0,-1,0,0,0,1,1,0,1,-1,1,-1,0,0,-1,1,-1,-1,0,-1,-1,1,0,-1,-1,0,0,-1,-1,0,1,0,0,0,-1,0,-1,-1,1,0,1,0,0,0,0,-1
1882,0,0,1,0,1,0,0,0,0,0,0,1,0,0,0,1,1,0,1,0,1,0,0,0,1,0,1,0,0,0,1,0,0,0,0,0,1,0,1,0,0,1,0,0,0,-1,0,0,0,0,0,0,0,0,0,0,0,0,-1,0,-1,0,1,0
1883,0,0,0,0,-1,1,0,0,0,0,0,1,1,0,0,-1,-1,0,0,1,-1,0,-1,0,0,1,0,0,0,0,0,1,-1,0,0,0,0,0,0,0,1,0,-1,-1,0,0,0,0,0,0,0,0,-1,1,0,0,0,-1,0,0,0,1,-1,0
1884,0,0,1,-1,0,0,0,0,1,0,0,0,0,0,1,0,-1,0,0,0,0,0,0,0,0,0,0,0,-1,0,1,0,1,-1,0,0,0,-1,1,1,0,0,1,0,-1,1,0,1,0,1,0,0,1,0,1,0,0,0,0,-1,1,0,-1,0
1885,0,0,0,0,1,1,0,1,0,0,0,0,1,0,0,-1,0,0,0,0,1,-1,0,0,1,0,-1,1,-1,0,0,0,-1,0,0,0,0,0,0,-1,0,0,0,0,0,0,0,0,0,0,-1,-1,0,0,0,0,0,0,1,0,1,0,0,1
1886,0,0,0,0,-1,0,0,1,0,0,0,0,0,-1,0,-1,0,0,0,-1,0,0,0,0,-1,0,0,0,0,0,-1,-1,0,0,0,0,0,-1,-1,0,0,0,-1,0,0,0,0,1,1,0,-1,0,0,1,0,0,-1,0,0,1,0,0,-1,1
1887,0,0,-1,1,0,-1,1,0,0,-1,1,1,0,1,1,-1,-1,0,-1,1,-1,1,0,0,0,0,0,-1,0,-1,-1,-1,-1,1,0,-1,1,-1,0,-1,0,0,1,1,0,-1,0,0,0,0,0,-1,0,0,0,-1,0,0,0,1,0,1,0,-1
1888,1,-1,0,0,0,0,0,0,1,0,0,0,1,0,0,-1,0,0,0,0,-1,0,0,0,0,1,-1,0,0,0,0,0,0,1,1,0,1,1,-1,0,0,0,-1,0,0,0,0,0,0,0,0,1,0,0,0,-1,-1,0,-1,0,1,0,0,0
1889,1,0,0,-1,0,0,0,1,-1,0,-1,0,-1,0,1,0,0,1,0,0,1,0,-1,-1,0,0,-1,0,0,0,0,0,0,0,0,0,1,-1,0,1,0,1,-1,0,1,0,0,0,0,-1,0,-1,0,0,0,0,1,-1,1,-1,0,0,1,1
1890,0,1,0,1,1,0,1,0,0,-1,1,0,0,-1,1,0,1,0,-1,1,0,0,0,0,0,0,0,0,0,-1,-1,-1,0,0,0,0,0,0,-1,1,0,-1,-1,0,0,1,-1,0,0,0,0,0,0,0,0,0,0,-1,0,0,0,0,0,0
1891,0,1,0,0,0,0,-1,1,1,1,0,-1,0,0,-1,0,-1,0,0,0,-1,1,-1,0,0,0,0,0,-1,0,-1,-1,0,1,-1,0,0,0,-1,0,0,-1,0,-1,-1,1,0,0,0,0,-1,0,0,-1,0,-1,0,1,0,-1,-1,0,0,0
1892,0,0,0,0,0,0,-1,-1,1,0,0,0,0,0,-1,0,-1,0,0,-1,1,1,0,1,-1,0,0,-1,0,0,0,1,1,0,0,1,0,0,0,0,0,0,0,-1,0,0,0,0,0,-1,1,0,-1,-1,1,0,0,0,0,0,-1,0,1,0
1893,1,0,0,0,1,0,0,1,0,1,0,0,0,0,0,1,0,0,1,0,0,0,-1,0,0,0,-1,0,1,0,-1,0,0,0,1,1,0,0,1,0,0,0,0,-1,0,1,0,0,0,0,0,0,0,0,0,0,-1,0,0,0,0,-1,0,0
1894,0,-1,0,0,1,0,0,1,0,1,0,0,0,-1,-1,0,0,0,0,0,-1,1,1,1,1,0,0,1,0,0,0,0,0,0,0,0,1,0,0,0,0,1,0,0,-1,0,0,0,0,0,0,1,-1,0,1,0,1,0,1,-1,0,0,0,0
1895,0,-1,0,0,0,1,0,0,1,0,1,1,0,-1,0,0,0,-1,0,0,0,0,0,0,0,0,0,0,-1,0,0,0,-1,0,0,-1,0,0,-1,0,0,-1,-1,1,0,0,0,0,1,0,1,0,-1,1,0,-1,1,0,0,0,-1,0,0,-1
1896,0,-1,-1,0,0,1,0,1,-1,0,0,0,-1,1,0,0,0,1,1,0,0,-1,0,0,0,0,0,0,0,0,0,-1,0,0,0,-1,0,1,0,0,0,0,0,0,0,-1,0,1,0,0,0,1,0,1,0,1,0,0,-1,0,0,0,0,-1
1897,-1,0,1,0,0,0,0,-1,1,1,0,1,-1,0,0,-1,0,0,0,0,1,0,0,1,0,0,-1,1,0,1,-1,0,0,1,0,0,0,0,0,0,0,0,1,0,0,0,0,0,0,0,0,-1,1,0,0,0,0,0,0,0,0,1,1,-1
1898,0,0,0,1,0,0,0,-1,0,0,-1,0,0,0,0,0,-1,0,0,0,1,0,0,0,0,-1,0,0,0,-1,0,0,0,-1,0,-1,0,0,0,0,0,0,0,-1,0,0,0,0,0,-1,0,1,0,1,0,-1,0,0,0,-1,0,0,0,0
1899,0,0,-1,0,1,0,0,1,-1,0,0,1,0,0,1,0,0,0,0,0,1,-1,1,0,0,0,0,0,0,0,-1,0,0,0,1,0,0,0,1,0,0,0,0,0,0,0,-1,0,1,0,0,0,0,0,0,0,0,0,1,1,0,0,0,1
1900,-1,1,0,-1,0,0,-1,0,0,1,0,1,0,1,0,-1,0,0,0,1,0,-1,1,0,0,0,-1,0,0,0,0,1,-1,1,0,0,0,0,0,0,0,0,1,-1,0,-1,0,0,0,0,0,0,-1,-1,0,0,0,0,0,-1,0,-1,1,0
1901,0,1,0,0,0,1,0,-1,-1,0,0,0,0,0,1,1,-1,0,-1,0,-1,-1,0,1,0,0,0,0,0,0,0,0,0,1,-1,0,-1,0,0,0,1,-1,0,0,0,1,1,0,1,1,1,1,0,1,0,0,0,0,0,0,0,0,0,1
1902,0,-1,0,1,0,0,0,0,0,-1,0,0,-1,0,0,0,0,0,1,0,0,0,1,-1,0,0,0,1,0,0,-1,0,0,0,0,-1,-1,-1,0,-1,0,0,0,0,0,0,0,0,-1,0,0,1,0,-1,-1,0,0,1,-1,1,0,-1,1,0
1903,0,-1,0,0,-1,1,0,-1,-1,-1,-1,0,1,0,0,0,0,0,0,0,0,0,0,1,-1,0,0,-1,0,0,-1,0,1,0,0,1,0,1,0,0,0,-1,0,0,0,1,0,-1,0,-1,1,0,0,0,0,-1,0,-1,0,0,0,0,1,0
1904,-1,0,0,0,0,1,-1,0,1,0,1,1,0,0,0,0,1,0,-1,1,0,-1,-1,0,1,0,-1,0,-1,0,0,0,1,1,0,0,0,0,-1,1,0,1,1,0,0,-1,0,1,0,0,0,0,0,-1,0,0,0,0,0,0,0,0,1,0
1905,0,0,0,0,0,0,0,0,0,-1,0,0,-1,0,0,1,1,0,1,0,0,0,0,0,0,1,-1,0,-1,0,0,0,0,0,-1,0,0,0,0,-1,0,0,0,0,0,0,1,-1,0,0,0,0,0,0,1,1,0,0,0,0,0,0,0,1
1906,0,0,0,0,-1,0,0,-1,0,0,0,0,1,0,1,0,0,0,1,-1,-1,0,0,0,0,-1,-1,1,1,0,0,0,0,0,0,-1,0,0,0,1,-1,1,0,0,0,0,0,0,0,1,1,-1,0,0,0,0,0,0,0,1,0,-1,0,0
1907,0,0,0,0,0,1,0,0,0,0,-1,0,0,-1,-1,-1,-1,-1,-1,0,0,1,1,0,0,1,1,0,-1,-1,0,0,1,0,-1,-1,0,0,1,-1,0,1,0,1,0,0,0,0,0,0,1,1,0,0,-1,0,0,0,0,-1,0,0,0,-1
1908,0,0,0,0,-1,1,0,0,0,-1,1,0,0,0,0,0,0,-1,-1,0,0,-1,0,0,0,0,0,-1,0,-1,1,0,0,0,-1,1,0,0,0,0,1,0,0,0,0,0,0,0,-1,0,-1,0,0,0,0,0,0,1,0,0,-1,-1,-1,0
1909,1,0,0,0,0,0,-1,0,0,0,-1,0,0,0,0,1,1,-1,0,0,1,0,-1,0,1,0,0,1,0,-1,0,1,0,0,1,1,0,0,0,1,0,0,0,0,0,0,0,0,0,1,0,1,1,-1,1,0,0,1,0,0,0,1,0,-1
1910,0,1,0,0,1,0,-1,0,0,0,0,0,0,0,0,0,1,1,0,0,0,0,0,0,0,0,0,0,0,0,-1,-1,1,1,0,0,0,0,0,1,1,0,1,-1,-1,1,0,0,0,0,1,1,1,-1,-1,0,1,0,0,0,-1,0,0,-1
1911,-1,0,-1,0,0,0,0,-1,0,1,0,-1,0,0,0,0,0,1,1,-1,0,-1,-1,0,0,-1,0,1,1,1,0,0,0,0,-1,0,1,0,0,1,0,0,0,0,0,0,0,1,0,0,0,0,0,0,0,-1,-1,0,-1,0,1,0,0,0
1912,-1,1,0,0,1,0,0,0,0,0,0,0,1,0,0,0,1,1,-1,0,-1,0,-1,0,0,0,0,0,-1,0,0,0,1,0,0,0,0,1,0,1,0,0,-1,0,0,1,0,0,0,1,0,0,-1,1,0,0,0,-1,-1,0,0,0,-1,1
1913,0,0,0,0,-1,0,0,0,-1,1,0,0,1,1,1,1,-1,0,0,0,-1,0,-1,-1,0,0,-1,0,0,0,0,1,0,0,0,0,-1,0,0,0,1,0,0,0,-1,-1,-1,-1,0,0,0,-1,-1,0,0,1,0,0,-1,0,1,1,0,0
1914,0,0,0,1,1,0,0,0,-1,0,0,1,0,0,1,-1,1,-1,0,0,0,0,-1,-1,-1,-1,-1,-1,0,0,1,1,0,0,0,0,0,0,1,0,0,0,0,0,0,0,0,0,-1,0,0,0,1,1,0,0,-1,0,-1,0,1,1,0,0
1915,0,1,0,0,0,0,0,1,0,0,0,0,-1,-1,0,0,-1,0,0,0,0,-1,0,0,0,1,0,0,0,0,0,0,0,1,-1,1,1,-1,0,-1,0,0,1,0,1,-1,0,0,0,0,0,0,0,0,0,1,0,1,0,1,1,0,0,-1
1916,0,-1,0,0,-1,0,-1,-1,0,-1,0,-1,-1,0,0,0,1,0,0,-1,0,1,0,-1,0,0,-1,0,0,0,0,1,0,1,-1,0,0,-1,0,0,1,0,0,0,0,-1,0,0,0,0,0,-1,-1,-1,0,0,0,-1,0,0,0,0,1,0
1917,0,0,0,0,0,0,0,-1,0,0,0,0,0,0,-1,-1,0,0,0,0,0,0,0,0,0,1,0,1,0,0,-1,0,0,0,1,0,0,0,-1,0,0,0,0,0,-1,0,0,0,0,0,0,0,0,0,1,-1,0,0,0,0,0,1,0,0
1918,1,0,0,1,0,1,0,-1,0,1,0,0,0,0,0,1,0,1,0,0,0,0,0,0,0,0,0,0,0,0,1,0,0,0,0,1,-1,0,1,0,1,0,0,0,0,0,0,0,-1,0,0,1,0,-1,0,0,0,0,0,1,0,0,0,0
1919,-1,0,0,0,1,1,0,0,1,-1,1,0,0,1,-1,1,0,1,0,0,-1,0,-1,0,0,0,0,-1,0,0,0,0,0,-1,0,1,1,1,0,0,1,0,0,0,0,0,1,1,1,0,-1,-1,0,0,0,0,0,0,0,0,-1,1,0,0
1920,-1,0,0,1,-1,0,0,0,0,0,1,0,0,0,0,0,-1,0,0,0,0,0,0,1,0,0,1,0,0,-1,-1,0,0,0,0,0,0,0,0,0,0,-1,0,0,-1,0,0,0,-1,0,0,1,-1,0,1,0,0,0,0,0,-1,0,1,0
1921,-1,-1,-1,0,-1,0,1,0,1,0,1,-1,0,-1,0,1,0,1,0,0,0,0,0,0,0,-1,-1,0,-1,0,0,0,0,0,0,1,0,1,1,-1,0,0,0,0,-1,0,0,1,0,0,-1,0,0,0,0,1,0,1,-1,-1,0,0,1,0
1922,1,0,1,0,0,1,1,0,-1,0,-1,0,0,0,0,0,-1,0,0,0,1,0,0,0,0,-1,0,0,0,0,0,1,0,0,0,0,-1,0,0,0,0,1,0,0,0,0,0,0,1,1,0,1,-1,0,0,-1,-1,1,-1,0,0,0,0,0
1923,0,0,-1,1,-1,0,1,1,0,0,0,0,0,0,-1,0,0,0,1,0,0,0,0,0,0,0,0,-1,1,1,1,0,0,0,0,0,0,0,0,0,1,0,1,0,1,1,0,0,0,-1,0,0,0,0,0,0,1,0,-1,0,0,0,0,0
1924,1,0,0,0,0,0,0,0,0,-1,-1,0,0,1,0,0,0,1,1,0,-1,0,0,0,0,0,0,0,0,0,0,0,-1,0,0,0,0,0,-1,0,0,0,0,0,0,0,1,0,0,-1,0,0,0,0,0,0,0,0,0,0,0,1,0,-1
1925,0,-1,1,0,0,0,0,-1,0,0,-1,-1,0,0,1,-1,1,0,0,0,0,0,0,0,1,0,1,0,0,0,0,0,1,0,1,-1,0,1,0,1,-1,0,0,0,1,0,0,0,-1,0,-1,1,0,-1,0,0,-1,0,0,0,0,0,0,1
1926,0,0,1,1,0,1,0,1,0,0,0,0,-1,0,0,-1,-1,0,0,1,0,0,0,0,0,0,-1,0,1,0,0,0,0,1,0,-1,-1,0,0,0,0,1,0,0,0,0,0,0,0,0,0,0,0,0,0,0,-1,0,0,0,0,0,0,0
1927,1,0,0,0,-1,0,0,0,0,-1,1,0,-1,-1,0,1,1,0,0,1,0,0,0,0,0,1,-1,0,0,0,0,1,0,1,-1,1,0,0,0,0,1,0,1,0,-1,-1,0,-1,-1,-1,-1,-1,0,0,0,0,0,0,0,1,0,-1,0,0
1928,0,0,0,0,0,0,0,-1,0,0,1,0,0,-1,0,1,1,-1,0,0,0,-1,0,0,0,0,-1,0,0,1,-1,0,0,0,0,0,0,-1,0,0,-1,0,0,-1,-1,0,0,0,0,0,1,0,0,0,0,-1,0,0,-1,0,0,0,0,-1
1929,0,0,0,0,1,0,1,0,0,1,0,0,0,0,-1,0,0,0,-1,1,-1,-1,0,0,0,0,0,1,1,0,0,0,-1,0,0,0,0,-1,-1,1,0,0,0,-1,1,0,0,0,0,0,0,1,0,1,-1,0,0,0,1,1,0,0,0,-1
1930,0,1,0,0,1,1,0,0,0,0,0,0,0,0,0,1,0,1,1,0,-1,0,0,0,1,0,1,0,0,1,0,1,0,-1,0,-1,0,0,0,-1,0,-1,1,0,0,0,0,0,0,0,-1,0,0,0,1,-1,-1,0,0,0,-1,1,0,-1
1931,0,0,1,-1,0,1,1,-1,0,-1,1,0,0,-1,-1,0,0,1,0,-1,-1,0,-1,0,0,0,-1,1,0,1,-1,0,0,1,0,-1,0,0,-1,0,0,-1,-1,0,0,0,0,0,0,-1,1,1,0,0,1,0,0,0,-1,0,1,-1,0,0
1932,0,0,0,0,-1,0,0,0,0,0,0,1,0,0,0,0,0,1,0,1,1,0,0,0,0,0,1,-1,0,-1,0,0,0,1,-1,-1,-1,0,1,1,0,-1,1,1,1,-1,0,-1,-1,0,0,1,0,0,1,0,0,0,0,0,0,0,1,0
1933,0,0,-1,0,0,-1,1,0,1,-1,0,1,0,0,1,0,1,-1,0,0,1,0,-1,0,0,1,0,0,0,0,0,0,1,0,-1,1,0,0,1,0,0,0,1,1,1,0,1,0,0,1,-1,-1,1,0,0,1,-1,0,1,1,0,-1,0,-1
1934,0,1,0,0,0,1,0,0,-1,-1,0,0,1,0,0,0,-1,-1,0,0,0,0,-1,-1,0,0,0,1,0,0,0,0,1,0,0,0,1,0,1,0,0,0,0,0,0,-1,0,-1,1,0,1,0,-1,0,0,0,0,0,1,1,1,-1,0,0
1935,0,0,0,0,0,0,0,0,-1,0,0,0,0,0,-1,0,0,0,0,0,0,1,0,0,0,0,0,0,0,0,0,0,-1,0,0,0,-1,0,0,0,0,1,0,0,0,1,-1,0,0,-1,0,0,0,1,0,0,1,0,1,0,1,-1,0,0
1936,0,-1,0,1,-1,1,0,0,1,-1,1,-1,0,-1,0,0,-1,0,0,0,1,0,0,0,1,0,0,-1,1,0,0,0,-1,1,-1,0,0,0,-1,1,1,-1,0,0,0,0,0,1,0,0,0,-1,-1,0,1,-1,0,1,1,0,1,0,-1,0
1937,0,1,0,0,0,0,0,0,1,-1,0,1,0,0,0,0,1,1,-1,0,1,0,1,0,0,0,0,0,0,0,0,0,1,1,0,0,-1,-1,1,0,0,-1,0,-1,0,0,0,0,-1,0,0,-1,-1,0,1,-1,0,0,0,0,1,0,0,1
1938,0,0,0,1,-1,0,0,0,0,0,-1,-1,0,0,0,0,-1,0,-1,1,0,1,1,-1,1,-1,-1,1,0,0,1,0,0,0,1,-1,0,-1,0,0,-1,0,0,0,0,0,-1,0,0,0,0,0,0,0,0,1,0,0,1,0,0,0,0,0
1939,1,0,1,-1,1,0,0,0,1,0,0,1,0,0,0,-1,0,0,0,0,1,0,0,0,-1,0,-1,0,-1,-1,1,1,0,0,0,0,-1,-1,0,1,1,0,0,0,0,0,0,0,0,-1,-1,-1,-1,0,-1,0,0,0,0,0,1,1,0,1
1940,0,0,1,-1,0,0,0,0,0,0,0,0,0,-1,-1,-1,0,-1,0,1,0,0,0,0,0,0,0,0,1,-1,0,0,1,0,-1,0,1,0,0,1,0,0,0,0,0,0,0,0,0,1,1,0,0,-1,0,1,0,0,0,0,0,0,1,0
1941,0,0,1,0,0,0,1,1,0,0,1,0,-1,1,0,0,1,0,0,0,0,0,1,0,-1,0,-1,1,-1,0,0,0,1,0,0,0,0,-1,1,0,0,0,0,0,0,0,0,1,1,0,0,-1,0,0,0,-1,0,1,0,0,1,-1,0,0
1942,0,0,0,1,0,0,0,0,0,0,0,0,-1,1,0,0,1,0,1,-1,-1,0,0,0,0,1,-1,1,0,0,0,0,0,0,0,0,0,0,0,0,0,0,0,0,0,-1,1,0,-1,0,0,0,0,1,1,1,0,0,1,-1,0,0,1,0
1943,0,0,1,0,0,0,0,0,0,-1,0,1,1,1,0,0,1,0,0,1,1,1,0,-1,0,0,0,0,-1,0,-1,0,-1,0,1,0,0,0,-1,0,1,0,0,0,0,0,0,1,1,0,0,1,-1,0,0,0,0,0,0,0,0,0,-1,0
1944,0,0,0,0,0,0,0,-1,0,1,0,1,1,0,0,-1,0,1,-1,0,0,-1,-1,1,0,0,0,-1,1,0,0,0,0,1,0,-1,0,1,1,0,-1,1,-1,0,-1,0,0,0,0,0,-1,0,0,0,-1,1,0,-1,0,0,1,0,0,0
1945,-1,-1,0,0,1,0,0,-1,0,-1,0,0,-1,0,0,1,1,0,0,0,1,0,0,-1,1,-1,0,0,0,0,0,1,0,0,0,0,-1,-1,0,0,0,0,1,0,1,-1,1,0,0,0,0,0,1,0,0,1,1,0,0,0,0,0,0,-1
1946,0,0,0,0,0,0,0,-1,0,0,0,-1,0,1,1,0,0,0,0,0,0,0,-1,0,1,0,0,0,0,0,0,0,0,0,0,-1,0,0,1,0,0,-1,0,-1,0,0,0,-1,0,-1,1,0,1,1,0,1,0,0,0,0,1,-1,0,0
1947,0,0,0,0,-1,0,0,0,-1,-1,0,0,1,0,-1,0,0,-1,0,0,0,0,0,0,-1,0,0,0,0,0,-1,-1,0,1,0,0,0,0,-1,-1,0,0,0,-1,0,0,0,-1,0,1,1,0,0,0,0,0,0,1,0,0,0,-1,0,0
1948,0,0,0,-1,0,0,1,0,1,0,0,0,0,0,1,0,0,-1,0,0,0,0,0,0,-1,1,0,0,-1,-1,1,0,0,0,0,-1,-1,0,0,0,0,1,0,-1,1,0,0,0,0,0,0,0,0,1,0,0,0,1,0,0,1,-1,1,-1
1949,-1,0,-1,0,0,0,0,-1,1,1,1,1,1,0,0,0,0,1,0,0,1,0,1,0,-1,0,0,-1,0,0,0,0,0,-1,0,-1,-1,0,0,1,0,0,0,0,1,1,0,0,0,1,1,0,0,0,0,0,1,0,1,0,0,0,-1,1
1950,0,-1,0,0,0,0,1,-1,0,1,0,0,-1,0,0,0,0,0,1,0,0,-1,-1,-1,0,-1,0,1,0,0,0,0,0,0,-1,0,1,0,0,-1,0,0,0,0,1,0,0,-1,0,-1,0,0,-1,0,1,0,0,0,0,0,0,0,0,0
1951,0,0,0,-1,1,0,1,0,0,0,1,0,1,1,-1,0,0,0,-1,0,-1,0,-1,1,0,0,0,0,0,0,0,-1,0,1,0,1,0,0,0,0,1,1,0,1,-1,0,1,0,0,0,0,-1,0,1,0,0,0,1,0,0,1,0,1,0
1952,-1,0,0,0,0,0,0,1,1,0,0,0,-1,-1,0,0,0,0,0,0,0,1,0,0,0,0,-1,0,0,0,0,0,0,1,0,-1,0,1,0,-1,0,0,0,0,0,0,0,0,1,0,1,0,0,0,0,1,-1,1,-1,0,0,1,-1,0
1953,0,-1,-1,0,-1,0,0,1,0,1,0,1,0,0,0,0,-1,-1,0,-1,1,0,0,0,-1,0,-1,0,0,0,0,0,1,0,0,1,-1,0,-1,-1,0,0,0,0,0,0,0,0,0,1,-1,0,0,0,0,0,0,0,-1,0,0,0,0,0
1954,0,0,0,1,-1,0,0,0,0,0,0,1,0,-1,0,0,0,0,-1,0,0,0,-1,-1,1,-1,1,1,0,0,0,0,0,0,-1,-1,0,-1,0,1,0,-1,0,0,-1,0,0,0,0,-1,0,1,0,0,-1,0,0,0,0,0,0,0,0,0
1955,0,-1,0,0,-1,0,0,1,0,-1,-1,0,0,0,0,0,-1,0,-1,0,0,0,0,1,1,1,0,0,0,0,-1,1,0,0,0,0,0,0,1,0,0,1,-1,-1,0,0,0,0,0,-1,1,0,0,1,0,1,0,0,0,0,1,-1,0,0
1956,0,1,0,1,0,1,0,1,0,0,-1,0,-1,-1,-1,0,1,0,0,-1,-1,1,-1,1,-1,0,0,0,0,0,0,0,0,0,0,0,0,1,-1,0,1,0,0,0,0,0,0,0,0,0,0,1,0,0,1,0,1,1,0,0,0,0,0,0
1957,0,0,1,1,1,1,1,-1,0,0,0,1,0,0,-1,-1,0,0,0,0,0,0,1,0,0,0,0,0,0,0,0,-1,0,1,-1,0,-1,0,0,-1,0,0,0,0,0,-1,0,0,0,0,0,1,0,0,0,0,0,1,0,0,0,1,1,0
1958,0,0,0,1,0,0,0,0,0,1,0,0,0,0,0,1,1,0,1,0,0,0,-1,-1,0,0,0,1,-1,0,0,0,1,-1,-1,0,0,0,0,0,0,0,0,-1,0,0,1,0,0,-1,1,0,0,0,-1,0,1,-1,-1,1,1,0,1,0
1959,0,1,-1,0,0,-1,1,0,0,0,0,0,-1,1,0,1,0,0,0,0,-1,0,0,0,0,0,0,0,0,1,-1,0,0,-1,0,-1,-1,0,1,0,0,0,0,-1,0,0,0,0,0,0,0,1,0,1,0,1,0,0,0,-1,-1,-1,1,0
1960,-1,0,0,1,0,-1,0,0,0,0,0,0,0,-1,0,1,0,0,0,1,1,0,-1,0,0,0,1,0,0,0,1,0,0,0,0,0,0,1,0,0,0,1,1,0,0,0,0,-1,-1,0,0,0,1,0,0,0,-1,1,0,1,0,0,1,0
1961,0,0,0,-1,0,-1,0,0,0,0,0,0,0,-1,0,-1,-1,0,0,1,0,-1,0,0,0,0,0,0,-1,-1,0,0,-1,0,0,0,1,0,-1,0,0,0,0,0,0,0,0,0,-1,0,0,0,-1,0,0,0,0,0,-1,0,-1,0,-1,0
1962,-1,1,0,1,-1,-1,0,0,1,0,0,0,0,0,0,0,0,-1,-1,0,1,0,0,0,1,1,1,0,0,0,0,0,1,0,1,-1,0,1,0,0,-1,1,1,1,0,1,1,0,1,-1,0,1,0,0,0,0,1,0,0,1,0,1,1,0
1963,0,1,0,0,1,-1,0,0,1,-1,0,0,0,0,0,1,-1,1,0,0,0,0,1,0,0,0,0,0,0,0,0,-1,0,1,1,1,-1,0,0,-1,0,0,0,1,-1,0,1,0,0,0,1,0,0,-1,0,0,0,0,-1,0,0,0,0,0
1964,0,-1,-1,0,-1,0,0,1,0,0,0,0,0,0,0,0,0,0,0,0,0,0,0,0,0,-1,0,0,1,0,0,1,1,0,1,0,1,-1,0,0,-1,0,1,0,1,0,0,0,1,0,1,0,0,0,1,0,0,1,1,-1,0,0,-1,0
1965,0,1,0,-1,0,0,0,-1,0,0,0,0,1,0,1,0,0,0,-1,0,0,0,1,0,-1,0,0,1,0,-1,0,-1,0,-1,0,0,0,0,1,0,-1,-1,1,0,1,1,0,-1,0,0,-1,-1,0,0,0,0,0,0,1,0,0,1,0,1
1966,0,0,0,1,0,0,1,0,-1,0,0,1,0,1,0,0,0,-1,0,0,0,-1,-1,0,0,0,0,1,-1,1,0,0,0,0,0,0,0,-1,1,0,0,0,0,1,-1,0,0,0,-1,1,0,0,-1,1,0,0,-1,0,0,0,1,0,0,1
1967,1,0,0,0,1,0,0,0,-1,0,0,1,0,1,0,-1,0,0,-1,0,0,0,0,0,-1,0,-1,0,0,-1,0,1,0,0,0,0,0,0,0,0,0,0,0,-1,0,0,0,0,-1,0,0,-1,1,-1,0,0,-1,0,1,1,0,0,0,0
1968,0,0,0,0,0,-1,0,0,0,0,0,1,1,0,1,0,-1,-1,0,1,0,1,0,0,0,-1,0,0,0,1,0,0,0,0,1,0,1,-1,1,0,0,0,0,1,0,0,0,0,0,-1,0,0,1,0,0,0,0,0,1,0,0,-1,0,1
1969,-1,1,1,0,0,0,-1,0,-1,0,1,0,0,0,1,-1,0,-1,0,1,1,0,0,1,0,1,-1,1,0,0,-1,0,0,-1,0,0,-1,0,-1,1,0,0,0,0,1,-1,0,0,0,0,-1,-1,0,0,0,0,0,0,0,0,0,0,0,1
1970,0,0,0,1,0,-1,1,-1,0,0,0,0,0,0,-1,0,0,0,0,0,1,1,0,0,0,0,0,-1,1,0,1,0,0,0,0,0,0,0,1,0,0,0,0,-1,0,0,1,0,1,-1,0,0,1,0,1,-1,0,0,1,1,0,0,1,-1
1971,1,0,0,0,0,0,0,0,0,-1,0,0,0,0,0,0,0,1,-1,0,-1,1,0,0,0,1,0,0,0,0,0,1,1,0,0,-1,0,1,1,0,0,0,0,0,0,-1,0,0,0,0,1,1,0,0,0,1,-1,0,1,-1,0,1,0,0
1972,-1,0,-1,-1,1,0,0,0,0,0,1,0,0,0,-1,-1,0,0,-1,1,-1,1,0,0,0,0,0,-1,-1,0,0,0,-1,0,0,0,0,0,0,0,0,0,1,0,0,1,0,0,0,0,-1,0,0,0,1,1,0,0,0,0,0,-1,1,1
1973,0,0,0,0,0,1,0,0,1,0,1,0,0,0,-1,0,0,0,0,0,0,1,0,-1,0,0,0,0,0,0,0,0,0,0,0,0,0,-1,0,0,-1,0,0,1,0,0,0,1,0,1,0,0,0,1,0,0,0,0,0,1,1,0,-1,-1
1974,0,0,0,0,-1,0,0,0,-1,0,0,0,0,0,0,0,0,1,0,0,-1,-1,0,-1,0,0,0,0,0,0,-1,-1,1,0,0,1,0,0,0,0,1,0,0,1,1,0,0,0,0,1,0,-1,0,1,0,0,0,0,-1,0,0,0,0,1
1975,1,-1,1,0,1,0,0,-1,0,1,0,1,1,-1,1,-1,1,0,0,0,0,1,0,0,1,1,1,0,-1,0,-1,0,0,0,0,0,-1,0,1,0,0,0,-1,0,0,0,0,0,0,0,1,0,-1,1,0,1,0,-1,-1,0,0,-1,-1,0
1976,-1,0,0,0,0,-1,0,0,0,0,0,-1,0,0,-1,1,0,0,0,-1,-1,-1,0,-1,0,0,0,0,0,-1,1,1,0,-1,1,0,0,1,0,0,0,0,-1,1,0,0,1,-1,0,0,0,0,0,0,0,1,0,0,0,0,1,-1,0,0
1977,1,1,0,0,0,0,0,0,0,0,1,-1,0,0,-1,-1,0,0,0,0,0,-1,0,0,0,1,1,0,1,0,0,0,0,-1,0,0,0,0,0,1,0,0,0,0,-1,-1,0,0,1,1,0,0,0,0,0,0,1,1,1,-1,0,-1,0,0
1978,0,-1,1,-1,-1,0,0,0,-1,0,0,0,0,0,0,-1,0,0,-1,0,1,0,0,1,0,-1,0,-1,1,0,0,1,-1,1,0,0,1,-1,1,-1,0,0,0,-1,0,0,0,0,0,-1,0,0,1,-1,0,0,-1,0,1,0,1,0,0,0
1979,-1,0,0,-1,0,-1,-1,0,0,0,0,1,0,0,0,0,0,1,1,0,1,0,1,0,1,-1,0,0,1,0,-1,0,0,0,0,0,0,0,0,0,0,-1,0,0,0,0,0,0,-1,1,0,0,0,0,0,0,0,0,0,1,0,1,0,-1
1980,0,1,1,-1,0,0,-1,0,-1,0,0,0,0,1,0,0,-1,-1,0,1,0,0,0,0,0,0,-1,-1,1,0,-1,1,0,0,1,0,1,0,-1,0,0,-1,0,-1,1,0,-1,0,1,0,0,0,0,0,1,-1,1,1,-1,0,0,0,1,-1
1981,1,-1,0,-1,0,-1,0,0,1,0,0,0,-1,0,1,0,1,0,0,0,-1,0,0,-1,1,1,0,0,0,-1,0,0,-1,0,-1,0,0,0,-1,0,0,0,0,0,0,0,0,0,1,1,0,0,0,-1,0,1,0,1,0,1,0,0,1,-1
1982,0,0,0,0,0,0,0,1,0,1,0,0,0,-1,1,0,1,1,-1,0,0,0,0,0,0,0,0,0,1,-1,0,0,0,0,0,0,0,0,1,0,0,0,0,0,0,0,0,0,0,0,1,1,-1,0,0,0,1,1,-1,0,0,0,1,0
1983,0,0,-1,0,0,0,0,0,1,0,1,1,0,1,0,0,0,0,0,1,-1,0,0,-1,0,-1,0,1,0,1,0,0,0,0,0,0,-1,0,0,0,1,0,0,-1,0,0,0,1,0,0,0,1,0,0,0,0,0,0,0,0,0,0,0,0
1984,0,1,0,0,0,0,0,1,0,0,0,0,0,0,1,0,0,0,1,0,0,0,0,-1,0,-1,0,0,0,1,-1,1,0,0,0,0,0,0,0,0,0,1,1,0,0,0,-1,-1,-1,-1,1,0,0,-1,1,1,1,0,-1,0,-1,0,0,0
1985,-1,-1,1,1,0,0,1,0,0,0,-1,0,0,-1,0,0,0,0,-1,0,0,0,0,-1,-1,0,0,0,0,0,1,-1,1,-1,1,-1,0,1,1,1,1,1,0,0,0,1,0,0,0,0,0,1,0,1,1,1,-1,-1,0,-1,1,0,0,0
1986,0,0,-1,0,1,-1,0,1,-1,0,0,0,1,0,0,0,0,0,0,1,1,0,1,1,1,-1,0,0,0,-1,-1,0,0,0,0,0,0,-1,-1,0,0,0,0,0,0,0,1,0,0,0,0,0,-1,0,1,1,0,0,0,0,1,0,1,0
1987,0,0,-1,0,1,0,0,0,0,0,0,0,0,0,0,0,0,0,0,0,0,1,0,1,0,-1,0,1,-1,0,0,0,-1,0,-1,0,0,0,0,1,1,0,0,0,0,1,0,-1,0,0,0,0,0,0,0,0,0,0,0,0,0,0,-1,0
1988,-1,1,0,-1,1,0,0,1,0,0,0,0,-1,0,-1,0,0,0,0,0,0,0,0,-1,0,0,0,0,0,0,0,0,0,1,0,-1,1,0,0,0,0,0,0,-1,0,0,0,0,0,1,0,0,0,0,0,0,1,0,0,-1,0,0,0,0
1989,1,0,0,0,0,-1,-1,0,0,0,0,0,0,0,0,0,-1,-1,0,1,0,0,0,0,0,0,1,0,1,0,-1,0,0,-1,0,0,0,-1,0,1,1,-1,0,0,1,0,0,1,0,-1,0,0,0,0,0,0,0,0,0,0,0,0,0,0
1990,0,0,0,0,-1,-1,0,0,-1,1,0,0,-1,1,0,-1,0,-1,0,0,1,-1,0,1,1,-1,1,-1,0,1,0,0,-1,0,0,0,0,0,-1,1,0,1,0,-1,0,0,0,-1,0,-1,0,-1,0,1,1,1,0,0,0,0,0,0,0,0
1991,0,0,-1,0,0,0,0,-1,0,-1,0,0,1,0,0,0,0,0,0,0,0,1,0,-1,0,-1,0,1,1,-1,0,0,0,-1,0,0,1,-1,0,0,1,0,-1,0,0,0,0,0,-1,-1,0,0,0,-1,-1,0,0,0,1,0,0,1,0,0
1992,-1,-1,0,0,0,0,0,-1,0,0,1,0,0,0,0,0,1,0,0,0,0,0,-1,0,0,0,0,0,0,1,0,-1,0,0,0,-1,0,-1,0,0,0,0,0,-1,0,1,0,0,0,0,1,0,-1,0,0,0,0,0,1,-1,0,0,0,0
1993,0,-1,0,0,0,-1,0,-1,0,1,1,1,0,0,1,0,0,0,-1,0,0,0,0,0,0,1,-1,0,0,0,0,-1,0,0,0,0,-1,0,0,-1,-1,-1,0,0,1,-1,1,-1,0,1,0,0,-1,0,0,0,-1,0,1,0,0,-1,0,1
1994,1,0,0,0,0,0,1,0,0,0,0,0,1,0,0,1,0,-1,0,0,-1,0,0,0,-1,0,0,0,0,-1,0,1,0,-1,-1,0,1,-1,1,-1,0,0,-1,0,0,0,-1,0,0,0,0,0,1,0,0,0,-1,-1,0,0,0,-1,0,0
1995,0,0,0,0,0,1,0,0,0,0,0,1,0,1,-1,0,0,0,-1,-1,0,1,0,0,0,0,-1,0,0,-1,0,0,-1,0,1,0,0,0,-1,0,1,0,0,0,0,1,0,0,0,0,0,1,-1,0,0,0,0,0,0,1,-1,0,0,0
1996,1,0,-1,0,0,1,0,0,0,-1,-1,1,0,0,0,1,0,1,0,0,-1,0,0,0,1,0,0,0,0,0,1,1,0,0,0,0,-1,0,-1,0,-1,0,0,0,0,0,0,1,0,-1,-1,0,0,-1,0,0,0,0,0,-1,1,1,0,-1
1997,0,0,1,0,0,0,-1,0,0,0,-1,0,0,0,0,1,0,-1,0,0,0,1,0,1,-1,0,-1,-1,0,1,0,0,0,0,0,0,0,1,1,1,0,0,0,0,0,0,-1,0,0,0,-1,-1,0,0,0,0,0,1,0,0,1,0,0,0
1998,1,-1,-1,0,0,0,0,0,0,-1,1,-1,0,-1,0,1,0,0,0,0,0,0,0,1,-1,0,1,0,0,0,0,0,1,-1,0,-1,0,0,0,1,0,0,0,0,0,1,0,0,0,1,1,0,0,0,0,-1,0,0,0,0,0,0,0,0
1999,1,-1,0,0,1,0,0,0,0,0,0,0,0,1,0,0,-1,0,0,0,0,1,0,0,0,0,0,0,0,0,0,0,0,1,-1,0,0,0,0,0,0,0,0,-1,0,0,-1,0,-1,-1,0,-1,-1,0,-1,-1,1,-1,1,-1,0,0,0,0
2000,-1,0,0,0,1,0,0,0,0,1,-1,0,1,0,-1,-1,0,0,0,0,0,1,0,0,0,-1,0,-1,0,-1,-1,0,0,-1,0,0,0,0,0,-1,0,1,0,-1,0,1,0,0,0,0,0,0,1,0,0,0,0,0,0,1,0,1,1,0
2001,0,0,-1,0,0,0,0,-1,0,0,-1,0,0,1,0,1,0,0,0,0,-1,1,1,0,0,0,0,1,0,-1,0,0,-1,-1,1,1,0,-1,-1,0,1,1,-1,0,0,-1,0,0,0,0,0,0,-1,-1,0,0,0,-1,0,1,0,1,0,0
2002,1,0,0,0,-1,0,1,0,-1,-1,0,-1,-1,0,0,-1,0,0,0,0,1,1,1,1,0,0,0,1,0,0,-1,-1,0,-1,0,0,-1,0,0,0,0,0,-1,0,0,1,-1,0,0,1,0,0,0,0,0,1,0,0,0,0,0,1,0,1
2003,0,0,1,0,0,0,0,1,1,1,0,0,0,1,0,-1,1,0,0,-1,0,1,0,0,0,0,0,0,0,0,1,0,0,0,0,0,0,0,0,0,0,0,0,-1,-1,0,1,0,0,1,0,0,0,1,1,0,0,0,1,0,0,-1,0,0
2004,1,0,-1,0,-1,0,1,0,0,0,0,0,0,0,1,-1,-1,0,0,0,0,1,1,-1,0,0,0,0,1,0,1,0,0,0,0,0,-1,0,1,1,0,0,0,0,0,0,1,0,0,-1,0,0,0,0,0,1,0,0,0,0,0,0,-1,0
2005,-1,0,0,0,0,0,-1,1,0,-1,-1,0,1,0,0,0,0,0,0,0,0,0,0,1,-1,1,1,1,-1,0,0,0,0,0,0,0,0,0,0,-1,0,1,0,0,0,0,0,1,0,0,0,0,0,1,1,0,-1,0,0,0,0,0,0,1
2006,1,0,0,0,0,0,1,0,0,0,0,0,0,1,0,-1,0,0,0,1,0,0,0,1,1,0,0,0,0,1,0,0,0,0,0,-1,-1,0,0,0,1,0,-1,0,0,0,0,0,0,0,0,0,1,0,0,-1,0,0,0,0,0,0,0,-1
2007,0,0,1,1,0,1,-1,0,-1,-1,-1,0,0,-1,0,0,0,0,0,-1,0,0,1,0,0,0,0,1,0,-1,0,0,0,0,0,0,0,0,1,1,0,0,0,0,0,0,0,0,0,0,1,1,1,0,0,1,0,0,-1,0,-1,0,0,0
2008,0,0,1,0,0,1,1,1,0,0,0,0,0,0,0,0,1,0,0,0,0,0,0,0,0,0,0,0,0,0,0,0,-1,1,0,0,0,-1,1,0,1,0,-1,0,-1,1,-1,0,0,-1,0,-1,0,0,0,1,-1,0,0,0,0,1,1,0
2009,0,0,0,1,0,1,0,-1,-1,-1,-1,0,0,0,0,0,1,0,0,0,1,0,0,0,0,0,0,0,0,0,0,0,0,0,0,-1,0,-1,0,0,0,0,0,0,0,1,1,0,-1,0,-1,0,0,0,0,0,0,1,0,1,0,0,0,1
2010,0,1,0,0,-1,-1,0,0,1,-1,1,0,0,-1,0,-1,1,0,0,0,-1,0,1,0,0,0,0,-1,0,0,0,0,0,1,0,0,0,0,0,-1,0,1,0,0,0,-1,1,-1,1,0,-1,0,0,0,0,0,0,0,0,0,1,1,0,-1
2011,0,0,0,0,0,1,-1,1,0,0,0,1,0,0,0,0,0,0,0,0,0,-1,0,-1,0,1,-1,-1,-1,0,0,0,0,-1,-1,0,0,0,-1,0,0,0,0,1,0,0,0,1,0,0,-1,0,-1,-1,0,-1,1,0,0,0,0,0,-1,0
2012,1,0,0,0,0,0,1,0,0,0,0,-1,1,0,0,0,-1,0,0,0,1,-1,-1,0,0,0,1,0,0,1,0,0,-1,0,0,-1,-1,-1,0,1,0,0,1,0,-1,1,0,0,0,-1,0,0,-1,0,0,0,1,0,0,0,0,0,0,-1
2013,1,0,1,1,1,-1,0,0,0,0,0,0,-1,0,0,-1,0,0,0,1,0,0,0,-1,-1,0,0,0,-1,0,0,0,0,0,0,0,0,-1,-1,0,0,0,0,1,0,0,0,0,0,-1,0,-1,0,-1,1,1,-1,0,0,0,0,0,0,0
2014,0,0,-1,0,0,-1,0,0,0,0,0,1,0,0,0,1,0,0,0,0,0,0,0,0,1,1,0,0,1,0,-1,1,0,0,0,1,0,0,0,1,0,0,1,0,0,0,0,0,0,1,0,1,0,-1,0,1,0,-1,0,1,0,-1,0,0
2015,0,1,-1,0,0,-1,1,0,0,0,-1,1,0,0,0,0,1,-1,0,-1,1,0,0,1,0,0,0,0,0,0,0,0,0,0,1,0,0,0,-1,1,-1,1,1,0,0,0,0,1,0,0,0,1,1,0,-1,1,0,1,-1,1,0,0,-1,0
2016,0,0,0,0,0,-1,-1,0,0,0,0,0,0,0,0,-1,0,0,0,1,0,0,0,-1,1,-1,-1,-1,0,0,1,0,0,0,0,-1,-1,-1,0,0,0,0,0,-1,0,0,0,0,-1,0,0,0,0,0,0,-1,0,-1,0,0,-1,1,0,1
2017,0,0,0,1,0,-1,1,0,-1,-1,0,1,0,0,0,0,1,0,0,0,0,0,1,0,0,0,0,1,1,1,0,0,0,-1,0,1,0,0,0,-1,1,-1,-1,1,0,0,-1,0,1,-1,0,0,0,0,0,0,-1,0,-1,0,0,-1,1,0
2018,0,0,0,0,0,0,0,0,0,0,-1,0,1,0,1,0,0,0,-1,0,0,0,1,0,0,-1,0,-1,0,0,-1,0,0,0,0,0,0,0,0,0,0,-1,0,0,0,0,1,0,1,1,-1,0,-1,-1,0,0,1,0,-1,1,0,0,0,-1
2019,1,1,0,0,0,1,0,0,0,-1,0,0,0,-1,-1,-1,0,-1,-1,0,0,0,0,-1,1,0,0,0,0,0,0,0,-1,-1,1,0,0,0,0,0,1,0,0,-1,-1,0,1,0,-1,1,1,0,0,0,0,0,0,0,-1,0,-1,0,-1,0
2020,0,0,-1,-1,0,0,0,0,0,0,0,-1,0,0,0,0,0,0,0,0,0,0,1,0,0,0,-1,-1,0,1,0,1,-1,0,0,0,0,1,0,0,0,0,0,0,-1,-1,0,0,0,-1,0,0,-1,0,1,-1,-1,0,0,0,0,-1,0,0
2021,0,0,0,0,0,0,1,0,0,0,0,0,0,0,-1,0,-1,1,1,0,0,0,0,0,0,0,0,0,-1,-1,0,0,0,-1,1,0,1,0,0,0,0,-1,0,-1,0,0,0,0,-1,-1,0,0,-1,0,-1,0,0,0,1,0,1,0,0,0
2022,0,-1,0,0,0,0,0,1,1,0,0,-1,0,0,0,1,0,0,0,-1,0,0,0,0,0,0,-1,0,0,0,0,0,0,0,0,0,0,0,0,-1,0,-1,0,0,1,0,0,-1,-1,0,0,0,1,1,0,0,0,0,0,0,0,0,0,1
2023,0,-1,0,-1,1,0,1,0,0,1,0,0,0,0,1,0,0,-1,0,-1,-1,0,1,0,-1,-1,0,0,-1,0,0,-1,0,-1,0,0,0,-1,0,0,-1,0,1,0,1,1,-1,0,-1,0,1,0,0,0,1,1,-1,0,0,-1,-1,1,1,0
2024,0,0,1,-1,-1,0,0,-1,0,0,1,0,0,-1,0,0,-1,-1,0,0,0,0,0,0,0,-1,0,0,0,0,0,-1,0,0,0,1,0,0,-1,0,0,-1,0,1,0,-1,0,1,0,0,0,0,0,0,0,1,0,1,0,-1,0,0,0,-1
2025,1,0,1,-1,1,-1,0,0,0,0,1,0,0,-1,0,0,0,0,-1,0,-1,0,0,0,0,0,-1,0,-1,0,0,0,0,-1,0,0,0,0,-1,0,0,0,0,0,0,-1,0,0,-1,1,0,1,0,-1,0,1,0,0,-1,0,0,0,1,1
2026,0,0,0,0,1,0,0,0,0,-1,0,0,0,-1,0,1,1,0,0,-1,1,0,-1,0,0,0,1,0,1,0,0,1,0,0,0,1,0,-1,0,0,0,0,0,0,0,1,0,-1,0,-1,0,0,0,-1,0,0,0,0,-1,0,0,-1,0,0
2027,-1,0,1,0,0,0,0,-1,0,-1,0,0,0,0,1,-1,0,0,0,-1,-1,0,0,0,0,0,0,0,0,1,-1,1,0,-1,0,-1,0,-1,1,0,0,0,-1,0,0,0,0,0,1,1,1,0,1,0,0,0,0,0,0,1,0,1,1,0
2028,-1,0,0,1,0,0,0,-1,1,0,0,0,0,0,0,-1,0,0,-1,-1,0,-1,0,-1,0,0,0,0,0,-1,-1,0,0,0,1,1,1,0,1,1,-1,0,1,0,0,0,1,-1,-1,-1,-1,0,0,-1,0,0,-1,0,0,0,-1,0,-1,1
2029,1,0,0,-1,0,1,0,-1,0,0,0,-1,1,0,0,1,0,0,0,0,0,0,0,0,0,0,1,-1,-1,0,0,0,-1,-1,0,0,1,0,0,0,1,0,0,1,-1,1,0,0,0,-1,1,-1,-1,0,0,1,0,0,0,0,0,-1,-1,0
2030,1,-1,0,0,0,-1,0,0,0,1,0,0,0,0,-1,0,1,0,1,0,-1,0,0,1,0,0,-1,0,1,0,-1,0,1,0,0,0,0,-1,0,-1,1,-1,0,0,0,-1,0,0,0,1,0,-1,0,0,1,1,1,0,0,0,0,0,0,0
2031,-1,0,0,0,0,0,1,1,0,0,0,0,0,0,0,1,-1,0,0,1,0,0,0,-1,1,0,0,0,1,-1,0,0,0,1,1,0,0,1,-1,0,0,1,-1,0,0,-1,0,1,0,0,0,0,0,0,0,0,0,-1,0,0,0,0,0,1
2032,0,0,0,-1,0,1,0,-1,-1,0,0,0,-1,0,0,0,0,0,0,0,0,0,-1,0,0,-1,1,0,1,1,-1,-1,0,0,0,1,0,0,0,1,-1,0,-1,0,1,0,0,1,1,0,0,0,0,0,0,-1,0,0,0,0,-1,-1,0,-1
2033,0,0,0,-1,0,-1,0,0,0,0,0,-1,1,0,1,-1,0,-1,0,0,0,-1,-1,0,0,0,0,-1,0,-1,0,-1,1,0,0,0,0,0,0,-1,1,0,0,0,0,0,0,0,-1,-1,0,0,0,0,0,0,0,0,0,0,0,-1,1,0
2034,0,0,0,0,0,0,0,1,0,-1,0,0,0,0,0,0,-1,0,0,-1,0,0,0,0,-1,0,0,-1,0,-1,0,1,0,0,0,1,0,0,0,0,0,0,0,0,1,0,0,0,0,0,0,0,0,0,-1,0,0,0,0,0,1,-1,0,0
2035,0,0,0,1,0,0,-1,1,0,0,1,-1,-1,0,0,0,0,0,0,0,0,0,0,1,-1,0,0,1,0,0,-1,0,1,0,0,0,0,0,0,1,0,-1,0,1,0,0,0,0,0,1,0,0,0,0,0,0,0,0,0,0,0,1,-1,0
2036,1,-1,1,0,0,0,0,1,1,0,1,0,-1,0,0,0,0,0,-1,0,1,0,0,1,0,0,0,0,0,1,1,0,-1,0,0,1,0,0,0,0,0,0,-1,0,-1,0,0,0,0,-1,0,0,0,0,0,1,1,0,-1,0,0,-1,0,0
2037,1,0,-1,1,0,0,0,0,-1,0,0,0,0,0,0,0,0,0,0,1,0,1,0,0,1,-1,0,-1,0,1,0,0,0,-1,1,0,0,1,0,0,0,0,1,0,0,1,0,0,0,0,-1,0,0,1,-1,1,1,0,0,0,0,-1,0,0
2038,-1,-1,0,0,0,0,0,-1,0,1,0,0,0,0,-1,0,0,1,-1,0,-1,0,0,-1,0,0,0,0,1,0,0,0,0,-1,0,0,0,0,0,0,1,0,0,0,-1,0,0,0,0,0,0,0,0,0,0,0,0,0,0,0,-1,0,0,1
2039,0,0,0,-1,0,0,0,0,0,0,0,0,0,0,1,-1,0,1,0,-1,-1,0,0,1,0,1,0,0,0,0,0,1,-1,-1,-1,0,0,0,0,0,1,0,-1,0,0,-1,0,0,0,-1,-1,0,1,0,-1,0,1,0,0,-1,-1,0,0,0
2040,1,0,-1,0,1,0,0,1,0,0,0,0,1,-1,-1,0,0,1,1,-1,1,1,0,0,0,-1,0,-1,0,0,-1,-1,0,-1,0,0,0,0,0,1,0,0,0,1,0,-1,0,0,-1,1,0,0,1,0,0,0,0,0,0,0,0,0,1,-1
2041,-1,1,-1,0,0,-1,0,-1,0,0,0,0,0,0,1,0,1,0,0,-1,1,0,0,0,0,1,0,0,-1,1,-1,-1,0,0,0,-1,0,0,0,0,-1,0,0,0,0,0,0,0,0,-1,0,1,0,0,1,0,-1,1,0,0,1,0,1,0
2042,0,0,0,0,0,0,0,1,-1,0,0,0,0,-1,0,0,1,0,0,0,1,1,1,0,0,0,1,0,0,0,-1,1,-1,-1,0,-1,1,0,0,0,0,1,1,0,0,0,0,1,0,0,-1,0,-1,0,0,0,-1,0,0,-1,1,0,0,0
2043,0,0,-1,-1,-1,0,1,0,0,1,0,1,0,0,0,0,1,0,0,0,0,0,0,1,0,-1,0,1,1,0,1,-1,1,0,0,0,0,0,0,0,0,1,0,0,-1,0,1,-1,1,1,1,0,0,0,1,1,-1,-1,0,0,-1,-1,-1,0
2044,1,0,0,0,0,0,0,0,-1,1,-1,0,0,0,0,0,0,1,0,0,0,0,0,0,0,-1,0,0,0,0,1,0,1,0,0,0,0,-1,0,-1,1,-1,0,0,1,0,0,0,0,0,0,-1,0,1,-1,0,0,1,-1,-1,0,-1,0,0
2045,0,0,1,0,0,1,-1,0,-1,0,0,0,1,0,0,0,0,0,0,0,0,0,-1,0,0,0,0,0,0,1,0,0,-1,0,0,1,0,0,-1,-1,0,1,0,1,0,0,-1,0,0,1,0,-1,0,0,0,0,-1,0,0,0,1,1,0,0
2046,-1,0,0,-1,0,0,1,0,0,0,0,0,0,1,0,0,-1,0,0,-1,1,0,0,0,-1,0,0,0,0,1,-1,0,0,0,1,1,0,0,0,0,0,0,0,0,0,0,-1,0,1,0,0,0,0,-1,0,0,-1,0,1,0,0,0,1,0
2047,0,0,-1,0,0,0,-1,0,-1,0,0,-1,-1,0,0,0,0,-1,-1,1,-1,0,0,0,0,0,-1,0,-1,0,0,0,0,0,1,0,0,0,1,-1,0,0,0,0,1,0,1,1,0,0,0,1,0,1,-1,0,-1,0,0,-1,1,1,0,0
2048,0,0,0,0,0,0,-1,-1,0,0,0,0,0,0,0,0,-1,0,0,1,-1,0,-1,0,0,0,0,0,0,0,-1,1,1,0,0,-1,0,0,0,0,-1,-1,1,0,0,-1,0,1,0,0,1,0,0,-1,0,1,0,1,0,0,0,0,0,0
2049,0,-1,0,0,0,0,0,-1,0,1,1,0,-1,0,-1,0,0,0,1,1,-1,0,1,0,0,-1,1,0,1,-1,-1,0,0,-1,1,0,1,0,0,0,0,-1,1,-1,0,1,0,0,0,0,-1,0,0,-1,0,1,0,-1,0,0,-1,0,0,0
2050,1,0,0,1,1,0,1,-1,0,0,0,0,0,-1,0,1,0,0,0,-1,0,0,1,0,0,0,-1,0,0,-1,1,0,0,0,1,1,0,-1,1,0,0,-1,0,0,0,0,0,1,0,0,1,1,0,0,0,0,0,0,1,0,1,0,1,0
2051,0,0,1,0,-1,0,0,0,-1,-1,0,0,0,0,0,0,0,-1,-1,0,0,1,1,-1,0,0,0,0,0,0,0,1,0,0,-1,0,0,-1,-1,0,0,0,0,0,0,0,1,0,-1,0,-1,0,-1,0,0,-1,0,0,0,1,0,0,-1,0
2052,0,0,-1,0,1,-1,0,0,-1,0,0,-1,0,0,-1,0,0,0,0,-1,0,0,0,-1,0,1,0,0,0,1,-1,-1,0,0,0,1,0,0,0,1,0,0,0,0,0,0,1,0,0,0,0,0,0,-1,0,1,-1,0,0,0,0,-1,-1,0
2053,-1,0,0,-1,0,-1,0,0,0,0,-1,-1,0,-1,0,0,0,-1,0,0,0,0,0,-1,0,0,0,0,0,0,0,0,-1,0,0,0,0,1,0,0,0,1,0,0,0,-1,0,1,0,1,0,0,0,-1,1,-1,0,-1,0,0,0,-1,-1,-1
2054,0,0,0,-1,0,-1,1,0,-1,0,0,0,1,0,0,-1,0,-1,0,-1,0,0,-1,0,0,0,-1,0,0,0,0,-1,1,0,0,0,0,1,-1,-1,0,0,0,0,0,0,-1,0,-1,-1,-1,0,0,-1,0,0,0,0,0,1,0,0,0,0
2055,0,0,0,0,0,0,-1,-1,0,0,0,0,-1,1,0,-1,1,0,0,1,0,0,0,0,0,0,0,-1,0,1,0,0,0,0,0,1,0,0,0,0,0,0,0,1,0,-1,-1,-1,-1,1,0,0,1,0,0,0,0,0,0,1,0,0,0,1
2056,-1,0,-1,0,1,-1,0,0,0,0,1,0,0,-1,0,-1,0,0,0,0,0,0,0,-1,0,0,0,-1,0,0,0,0,0,0,0,1,0,0,0,0,0,-1,0,0,0,0,1,0,0,0,0,1,0,0,0,0,-1,-1,1,0,0,0,-1,-1
2057,0,0,1,0,0,1,0,0,0,0,0,0,-1,0,0,-1,0,0,0,0,0,0,0,0,0,0,0,0,0,0,0,0,-1,0,-1,-1,1,-1,0,1,-1,-1,0,0,0,1,0,0,0,0,-1,0,1,-1,0,0,1,0,0,-1,1,0,0,0
2058,0,0,0,1,0,0,0,0,0,0,0,0,0,1,0,0,1,1,0,0,0,-1,0,0,-1,1,0,0,0,0,0,1,0,0,-1,0,0,0,0,0,1,1,0,0,0,0,0,-1,-1,0,0,0,0,0,1,1,0,0,-1,0,0,1,0,0
2059,0,0,0,0,-1,0,0,0,0,0,0,0,0,0,0,-1,0,0,1,1,0,0,0,-1,0,0,0,1,0,0,-1,-1,0,0,0,0,0,0,0,0,0,0,0,1,-1,0,0,1,0,0,0,0,0,-1,0,0,-1,0,1,0,0,0,1,0
2060,0,0,0,0,0,0,0,1,0,0,-1,0,1,0,0,0,1,-1,0,0,0,0,0,0,0,0,-1,0,-1,0,-1,0,0,0,0,0,-1,0,0,0,0,-1,0,0,0,0,0,0,0,0,-1,0,0,0,0,0,1,0,0,0,0,-1,0,0
2061,-1,0,-1,0,-1,0,0,0,0,0,0,0,0,0,0,0,0,0,0,-1,0,-1,0,0,-1,0,0,-1,0,0,0,1,0,0,0,0,1,0,-1,0,0,-1,-1,0,0,0,-1,-1,0,0,-1,0,1,1,-1,0,0,-1,0,-1,-1,0,0,0
2062,0,-1,0,0,0,0,-1,0,1,0,-1,0,1,0,0,0,0,1,-1,-1,0,0,0,0,0,-1,0,0,0,0,1,0,1,0,0,0,0,1,0,-1,1,0,-1,1,0,0,-1,0,-1,-1,0,0,0,0,1,0,0,-1,0,-1,0,0,0,0
2063,-1,0,0,1,0,0,-1,0,1,0,0,0,0,0,0,0,-1,0,0,0,0,0,1,0,1,0,0,0,0,1,1,1,0,0,0,-1,0,1,-1,0,-1,0,-1,0,0,-1,0,0,0,1,0,1,-1,0,1,0,0,0,1,0,0,0,0,0
2064,-1,1,1,0,0,0,1,0,0,-1,0,1,-1,0,1,0,0,0,0,0,0,0,0,1,0,0,0,1,0,-1,0,0,0,-1,0,0,0,0,0,0,0,-1,0,0,-1,0,-1,0,0,0,0,1,0,0,0,1,1,0,1,0,1,-1,0,0
2065,0,-1,0,0,0,0,-1,0,0,0,1,0,0,0,0,0,-1,0,-1,0,0,1,0,0,-1,0,0,0,0,-1,-1,-1,0,0,0,0,0,0,0,-1,1,0,-1,0,0,0,0,0,0,0,1,-1,0,0,0,-1,0,0,0,0,0,0,0,0
2066,0,0,0,0,1,0,0,0,0,-1,0,0,0,1,-1,-1,-1,-1,1,0,0,0,0,1,0,0,0,0,-1,0,0,1,0,0,0,0,0,1,1,0,0,1,0,0,-1,0,0,0,0,0,1,0,1,0,-1,0,-1,-1,-1,0,0,0,0,0
2067,0,0,0,0,0,0,0,0,-1,0,0,0,0,1,0,0,-1,0,0,-1,0,0,0,-1,0,0,0,0,0,1,0,0,-1,-1,0,0,0,0,-1,1,0,0,0,0,0,0,0,0,-1,0,-1,1,0,0,0,0,0,-1,-1,1,0,0,1,0
2068,1,0,0,0,1,0,-1,0,0,0,0,0,0,-1,0,0,1,0,0,0,0,0,0,0,0,0,0,0,1,0,0,0,0,1,0,0,-1,0,0,0,0,0,1,0,0,0,0,0,-1,0,0,0,0,0,0,0,0,-1,-1,1,-1,0,0,1
2069,0,0,-1,0,0,-1,0,0,0,0,1,-1,0,0,1,0,0,1,-1,0,0,0,0,0,0,0,0,0,0,0,-1,0,1,0,0,0,0,0,0,0,0,1,-1,0,0,0,-1,0,0,-1,1,-1,-1,0,0,0,0,0,0,0,1,0,0,0
2070,0,0,0,0,0,0,0,0,0,0,0,0,1,-1,0,0,0,1,1,0,0,0,0,0,1,0,1,-1,1,0,0,0,0,0,0,0,0,0,0,0,0,0,1,0,0,1,0,0,0,0,0,0,0,0,-1,-1,0,0,0,1,0,0,0,-1
2071,0,-1,1,-1,0,0,0,0,-1,0,0,1,0,0,1,1,0,1,0,0,0,1,0,0,-1,1,1,0,0,0,0,-1,0,0,0,-1,-1,0,0,0,0,0,-1,0,-1,0,0,1,0,0,0,0,1,0,0,0,0,-1,0,-1,0,0,-1,0
2072,1,0,-1,0,-1,0,0,0,0,1,-1,1,0,-1,0,0,0,1,0,1,0,-1,-1,0,0,0,0,0,1,1,0,0,0,0,0,0,-1,0,1,-1,0,-1,1,1,0,0,0,0,0,0,0,0,0,0,0,0,0,-1,0,-1,1,0,0,0
2073,0,1,0,0,0,0,0,0,0,0,0,0,0,0,0,0,0,0,-1,1,1,1,0,0,0,1,0,0,0,1,0,-1,1,0,0,1,0,0,1,0,1,0,0,0,-1,0,-1,0,-1,1,0,-1,0,0,0,0,0,0,1,0,0,0,0,0
2074,1,0,0,-1,0,-1,1,0,-1,1,-1,-1,0,0,0,1,0,0,0,0,1,0,0,0,0,1,0,1,0,-1,0,1,0,0,0,0,0,-1,0,0,1,0,0,0,0,1,0,-1,1,0,1,-1,-1,0,0,-1,1,1,0,1,0,-1,-1,-1
2075,0,0,0,0,0,-1,0,0,0,0,0,0,0,0,-1,0,-1,1,0,0,1,0,0,0,-1,0,1,0,0,0,-1,-1,0,0,0,0,0,0,1,1,0,-1,0,-1,0,0,0,0,1,0,1,0,-1,-1,1,-1,-1,1,1,0,0,0,1,0
2076,0,-1,0,0,0,0,0,1,0,0,-1,0,0,-1,0,1,0,1,0,0,-1,0,0,0,0,-1,0,-1,0,0,1,-1,0,-1,0,0,0,-1,0,-1,1,0,0,0,0,0,1,0,0,1,-1,0,0,0,0,-1,0,1,0,0,0,0,0,-1
2077,1,0,0,0,0,1,1,1,0,0,0,0,0,0,0,-1,1,-1,0,0,0,0,0,0,0,0,0,0,-1,0,-1,0,-1,0,1,0,0,0,0,0,-1,1,0,1,0,0,1,0,1,0,0,1,0,0,0,-1,0,1,0,0,0,-1,0,0
2078,0,0,0,0,0,0,0,-1,0,-1,0,0,0,0,-1,0,0,0,0,0,1,-1,0,1,1,-1,0,1,0,0,0,-1,0,0,0,0,-1,0,-1,0,0,-1,0,0,0,0,0,0,-1,0,0,-1,0,0,-1,0,-1,0,0,0,0,-1,1,0
2079,0,0,0,0,0,0,1,0,1,0,0,0,-1,0,0,0,0,0,0,0,0,-1,0,1,0,-1,0,0,-1,0,1,-1,0,0,-1,0,0,0,1,0,1,1,1,0,1,0,0,-1,0,0,0,1,-1,0,0,1,1,0,1,0,0,0,0,0
2080,0,0,1,0,1,-1,1,0,0,0,0,0,0,0,0,0,0,0,-1,0,0,-1,0,1,0,0,1,-1,0,1,0,1,-1,1,0,0,0,-1,1,0,0,0,-1,0,1,1,0,0,0,0,1,0,0,1,0,1,-1,0,0,0,0,0,0,-1
2081,0,0,0,0,0,-1,0,1,0,0,-1,0,0,1,1,0,0,0,0,0,0,0,0,0,-1,0,0,0,0,1,0,0,-1,0,0,-1,0,-1,1,0,1,1,-1,1,1,0,0,0,0,0,1,0,1,0,0,0,0,0,0,0,0,0,-1,0
2082,0,0,0,1,-1,1,0,0,0,0,0,-1,-1,0,0,-1,0,-1,0,1,1,-1,0,1,0,0,0,0,0,1,0,0,0,0,0,1,1,0,-1,-1,0,0,1,1,0,0,-1,0,0,0,0,1,1,-1,0,0,0,0,0,-1,0,0,0,1
2083,0,1,1,0,-1,1,0,0,0,1,0,0,-1,0,1,0,1,0,-1,0,0,0,0,0,0,0,-1,0,0,0,-1,0,0,-1,0,0,0,1,0,0,0,0,0,0,0,0,0,0,-1,0,1,-1,0,-1,-1,0,0,0,0,1,1,0,-1,0
2084,0,0,0,0,-1,0,0,0,0,0,0,0,-1,0,1,0,0,0,0,0,0,0,1,0,0,0,0,0,0,0,0,-1,0,0,0,1,0,0,1,0,-1,0,0,0,0,-1,1,-1,1,0,-1,0,0,1,0,0,-1,1,0,-1,0,0,0,0
2085,0,0,0,0,0,1,0,1,0,0,-1,-1,1,1,0,1,1,-1,0,-1,0,0,-1,1,-1,0,0,0,-1,0,0,0,0,0,1,0,0,0,0,0,0,1,0,0,0,0,0,1,0,0,0,0,0,-1,0,0,0,-1,0,0,0,0,0,0
2086,0,-1,0,-1,0,1,1,0,0,0,0,0,0,0,1,1,0,0,0,-1,0,0,0,-1,-1,0,0,0,-1,0,0,0,0,0,0,1,0,0,0,0,-1,0,0,1,0,1,1,0,0,0,0,0,-1,0,-1,0,0,1,-1,0,0,1,0,-1
2087,1,0,-1,0,0,0,0,-1,0,0,0,0,0,0,1,1,-1,1,0,0,0,0,0,0,0,0,0,0,0,0,-1,-1,0,0,0,1,1,0,1,-1,-1,0,0,0,-1,0,0,0,-1,0,1,0,-1,0,0,-1,0,1,0,0,0,1,-1,-1
2088,0,0,0,0,1,0,0,0,-1,0,0,1,0,0,-1,0,-1,-1,0,-1,0,0,0,0,0,1,0,0,-1,1,0,1,0,0,-1,0,0,0,0,0,-1,0,0,0,0,0,0,0,0,0,1,0,1,1,-1,0,0,-1,0,0,0,0,1,0
2089,0,-1,0,0,0,0,-1,0,0,0,-1,0,0,-1,0,0,0,0,-1,0,1,0,0,0,0,0,0,1,-1,0,0,0,1,0,0,1,1,0,0,-1,0,0,0,0,-1,0,1,0,0,0,0,0,-1,0,0,0,1,-1,0,1,0,0,1,-1
2090,1,-1,0,0,0,-1,0,0,0,0,0,0,0,1,0,0,0,0,0,0,0,0,0,-1,-1,-1,0,-1,0,0,-1,0,0,-1,0,0,-1,0,1,0,0,1,0,1,0,0,0,0,0,0,1,0,0,0,1,0,0,0,-1,1,0,0,0,0
2091,0,-1,0,0,0,-1,0,-1,1,0,0,1,0,-1,1,-1,0,-1,0,0,-1,-1,-1,1,-1,0,0,0,0,0,-1,0,0,0,0,0,-1,0,1,0,0,0,1,1,-1,0,0,-1,0,0,0,0,0,0,0,0,-1,1,0,0,1,0,0,0
2092,-1,0,0,0,1,1,0,0,-1,0,-1,0,-1,-1,1,0,0,0,0,1,0,1,-1,-1,0,0,-1,0,0,1,0,0,0,0,1,0,-1,0,0,0,0,1,1,0,0,0,0,0,-1,0,0,0,0,0,0,1,0,0,0,0,-1,0,0,0
2093,0,0,0,1,0,1,-1,0,0,0,-1,1,-1,0,0,0,0,-1,1,0,1,-1,0,0,0,0,0,0,-1,0,1,0,0,0,-1,0,-1,0,0,0,1,0,1,0,-1,0,-1,0,1,0,0,0,0,0,-1,0,0,0,0,0,0,0,0,-1
2094,0,1,0,0,1,0,-1,0,0,0,0,0,-1,-1,0,0,0,0,0,0,1,0,0,-1,0,0,0,0,1,-1,0,0,0,0,-1,0,0,0,0,-1,-1,0,0,0,0,0,0,1,-1,0,0,-1,-1,-1,0,-1,1,0,0,-1,-1,0,1,1
2095,0,-1,0,1,1,0,0,-1,1,0,0,0,0,0,0,1,1,0,-1,1,1,0,-1,0,1,0,-1,0,0,0,0,0,1,0,-1,-1,0,-1,0,-1,1,-1,1,-1,1,0,0,0,1,1,0,0,1,-1,0,-1,0,0,1,0,1,0,0,0
2096,0,0,0,0,0,0,-1,-1,0,0,0,1,0,0,0,0,0,1,-1,0,-1,0,-1,0,1,1,1,0,0,1,0,0,1,0,1,0,0,-1,0,-1,0,0,1,1,-1,0,-1,0,1,0,-1,0,0,-1,0,0,0,0,0,0,1,1,1,0
2097,-1,0,1,0,0,0,1,0,0,0,0,-1,1,0,-1,0,0,0,0,-1,0,0,0,0,0,0,0,0,0,-1,0,1,0,-1,-1,0,-1,1,0,0,0,1,-1,1,-1,0,0,0,0,0,0,0,0,0,0,0,0,0,1,0,0,0,0,1
2098,0,0,0,0,1,0,0,0,-1,0,0,1,-1,1,0,-1,-1,0,1,-1,-1,0,0,-1,-1,0,0,0,0,0,0,-1,1,0,1,0,0,1,0,0,0,0,0,0,1,0,0,0,0,-1,0,1,1,0,-1,0,0,-1,0,0,0,0,0,-1
2099,1,0,1,0,0,1,-1,-1,0,0,0,0,0,1,0,-1,0,0,0,0,0,1,0,0,1,0,1,0,0,0,0,0,0,1,-1,-1,-1,0,0,0,0,0,-1,1,1,0,0,-1,0,0,0,0,0,0,0,1,0,-1,0,0,0,0,0,1
2100,1,0,0,0,0,0,0,0,1,0,-1,0,-1,0,-1,-1,0,0,-1,1,0,0,0,0,-1,0,-1,0,0,1,1,0,0,0,-1,1,1,1,0,0,-1,0,-1,0,-1,-1,0,0,0,0,0,0,0,0,0,0,-1,0,-1,1,0,1,1,0
2101,0,0,1,1,-1,1,0,1,-1,1,0,-1,0,1,0,0,0,0,-1,1,1,0,1,-1,0,0,0,0,0,-1,0,1,0,0,0,0,1,1,0,0,0,0,0,0,0,1,-1,0,0,0,0,-1,0,0,0,1,-1,0,-1,0,0,0,0,0
2102,1,0,0,1,0,0,0,0,-1,-1,1,0,0,1,0,0,0,0,0,0,0,-1,1,0,0,1,0,-1,1,-1,-1,-1,0,0,0,0,1,-1,0,0,-1,-1,1,-1,0,1,0,0,0,0,0,1,0,0,0,0,1,-1,0,1,1,-1,-1,0
2103,1,0,-1,0,0,0,-1,0,0,1,0,-1,-1,1,0,0,0,0,0,0,-1,0,0,0,1,1,0,1,1,0,-1,0,0,0,0,0,-1,0,0,-1,0,-1,0,1,-1,1,0,-1,0,-1,0,0,-1,1,0,1,0,1,0,0,0,1,0,0
2104,-1,0,0,0,0,0,0,0,1,0,1,0,0,0,-1,1,0,0,0,1,1,0,-1,0,0,-1,0,0,0,-1,0,1,-1,0,-1,0,1,0,-1,0,1,1,0,0,-1,-1,0,0,0,0,1,0,-1,0,0,0,1,0,0,0,0,0,0,0
2105,0,0,1,0,0,0,1,0,0,0,-1,0,-1,0,-1,0,0,0,0,0,0,1,0,-1,0,0,0,-1,0,0,0,0,0,1,0,0,0,0,-1,0,0,0,0,0,0,0,0,0,1,-1,-1,0,0,0,0,0,0,0,0,0,0,1,-1,1
2106,1,0,0,0,0,0,0,-1,0,0,0,0,0,0,-1,0,1,0,-1,1,0,0,0,0,1,0,0,0,0,0,0,0,-1,-1,0,0,0,0,-1,0,0,1,0,0,0,0,0,0,0,0,0,0,0,0,0,0,0,0,0,0,-1,0,0,0
2107,0,0,0,0,0,0,1,0,-1,0,0,0,-1,0,1,0,0,1,0,0,0,-1,0,0,0,0,0,1,0,0,1,0,0,-1,-1,-1,0,1,-1,0,0,0,0,0,0,0,1,0,1,0,0,0,0,-1,1,0,0,0,0,1,0,0,-1,-1
2108,0,0,1,0,0,0,1,0,0,0,0,0,0,0,1,0,-1,-1,0,0,0,-1,0,1,-1,-1,0,0,0,0,0,0,0,0,1,0,1,0,0,-1,1,0,0,0,0,0,0,-1,0,0,1,1,-1,1,0,0,1,0,1,1,0,-1,-1,0
2109,0,0,0,0,1,-1,-1,0,1,0,1,-1,0,0,-1,0,1,0,0,0,1,0,0,0,0,0,-1,-1,0,0,1,0,0,1,0,0,0,1,0,0,-1,0,0,0,0,0,0,-1,0,0,-1,0,0,0,1,0,0,1,0,0,0,1,0,1
2110,-1,1,0,0,-1,1,0,0,0,1,0,0,0,0,0,0,0,-1,-1,0,0,-1,0,-1,1,0,0,-1,1,0,0,-1,1,0,0,0,-1,0,0,0,0,0,0,0,0,0,0,-1,0,-1,0,0,-1,0,0,0,0,-1,0,0,-1,0,1,0
2111,0,1,0,-1,-1,0,0,0,1,0,-1,0,0,0,0,0,-1,-1,0,1,0,0,-1,0,1,0,-1,0,0,-1,0,0,-1,0,0,0,-1,1,0,0,0,0,0,0,0,0,0,0,-1,1,1,0,0,0,0,0,0,-1,0,0,0,0,0,0
2112,0,-1,1,0,0,1,0,0,0,1,0,-1,0,1,0,0,1,0,1,1,-1,0,0,0,0,0,0,-1,0,0,-1,1,0,1,1,0,0,-1,0,0,0,0,0,0,0,0,-1,1,1,1,1,0,0,0,1,0,0,-1,0,0,-1,0,0,0
2113,0,-1,0,0,-1,0,0,1,1,1,1,0,-1,0,1,0,-1,0,0,0,0,0,0,0,0,0,0,0,-1,1,0,0,1,0,0,0,0,-1,-1,0,0,-1,0,0,1,1,0,0,0,-1,0,0,0,-1,0,0,0,0,0,1,0,1,0,0
2114,0,0,1,0,-1,-1,0,0,0,0,1,-1,0,0,0,0,-1,0,0,0,0,1,0,0,0,0,0,0,0,0,0,0,-1,0,0,1,-1,0,1,0,0,0,-1,0,-1,0,1,0,0,0,0,0,0,-1,0,-1,0,0,1,1,0,0,0,0
2115,0,1,1,-1,0,0,0,0,0,0,0,-1,0,-1,0,0,0,1,0,-1,1,1,-1,0,0,1,0,-1,0,1,0,0,0,-1,0,0,0,1,0,0,0,1,0,1,0,0,0,0,1,0,1,0,-1,1,0,0,0,-1,1,0,1,0,-1,0
2116,0,0,0,1,0,0,0,1,0,-1,0,0,0,0,0,0,0,0,0,-1,0,0,-1,0,0,0,-1,0,0,0,0,-1,-1,0,1,1,0,0,-1,0,0,0,0,-1,-1,0,0,1,-1,0,0,1,-1,0,0,0,0,0,-1,0,0,-1,0,0
2117,0,0,0,-1,-1,-1,0,-1,-1,1,0,-1,1,0,0,0,0,0,0,0,0,0,-1,0,0,0,1,0,0,0,-1,-1,0,0,0,0,1,0,0,0,0,1,0,0,-1,1,1,0,1,0,-1,-1,0,1,1,-1,0,0,0,1,0,0,0,-1
2118,0,0,-1,1,-1,-1,0,0,0,0,0,0,0,1,1,0,0,1,-1,0,1,1,1,1,-1,0,1,1,0,0,0,1,0,0,0,0,0,0,0,0,-1,0,1,0,0,0,1,0,0,0,-1,1,0,0,0,-1,0,0,0,1,0,-1,0,0
2119,0,1,0,-1,0,1,0,-1,0,-1,-1,0,0,0,0,-1,1,0,0,-1,0,-1,-1,-1,0,0,0,0,0,-1,0,0,0,-1,1,0,0,0,-1,-1,0,0,0,0,0,0,0,0,0,-1,-1,0,-1,0,0,0,0,1,0,0,0,0,1,0
2120,0,1,0,0,0,0,1,0,0,0,0,-1,0,-1,-1,0,0,0,-1,0,0,0,-1,1,-1,0,0,-1,-1,0,0,0,1,0,0,0,1,0,0,0,1,0,1,1,0,-1,-1,1,1,0,0,1,0,0,0,-1,0,0,-1,0,0,1,0,0
2121,-1,0,0,1,0,-1,0,0,-1,0,0,0,0,1,0,0,-1,0,0,1,0,0,-1,0,-1,0,0,0,0,-1,0,0,0,-1,0,0,0,-1,0,0,1,0,0,-1,0,0,0,0,0,-1,0,-1,0,0,0,0,0,1,1,0,0,0,0,-1
2122,0,0,0,1,0,0,-1,-1,0,0,1,0,-1,0,0,0,0,1,0,0,0,0,-1,1,0,0,0,0,0,0,0,1,0,0,1,0,0,0,0,-1,0,-1,0,0,0,0,0,0,0,0,0,0,0,0,0,0,1,0,0,-1,0,-1,-1,1
2123,-1,0,-1,-1,0,0,-1,1,1,0,-1,0,0,0,1,0,0,-1,-1,0,-1,0,0,0,0,0,1,-1,0,0,0,0,0,0,0,0,0,0,-1,0,0,0,1,0,0,0,0,0,0,0,1,0,0,0,0,1,-1,0,0,0,0,0,-1,0
2124,0,0,-1,1,0,-1,0,0,0,-1,0,0,0,0,1,-1,-1,0,0,0,0,-1,1,1,0,-1,0,0,0,0,0,-1,0,0,0,0,0,0,0,-1,0,0,0,0,0,1,0,-1,1,1,1,1,0,-1,-1,-1,0,0,0,0,0,0,0,0
2125,0,0,1,1,0,1,1,0,0,0,0,0,0,1,0,0,0,1,-1,0,0,0,0,0,0,0,1,0,0,0,0,0,0,0,-1,0,0,0,-1,0,0,-1,0,0,0,0,1,0,0,0,0,0,0,1,0,-1,0,0,-1,0,0,0,0,0
2126,-1,0,0,0,0,0,0,-1,1,1,0,0,1,1,0,0,-1,0,0,0,-1,0,0,1,0,0,0,0,0,0,1,0,0,0,0,1,0,0,0,0,0,0,0,1,-1,0,1,0,0,1,0,0,1,0,0,0,-1,0,0,0,0,-1,0,-1
2127,0,1,-1,0,0,-1,0,0,-1,1,1,0,0,1,-1,0,0,0,-1,0,0,0,0,-1,0,0,0,0,0,-1,1,0,0,0,0,0,-1,0,1,-1,0,-1,0,-1,-1,1,-1,0,0,-1,0,0,0,0,0,-1,1,1,0,-1,-1,0,-1,1
2128,1,0,0,-1,-1,0,-1,0,0,0,0,1,1,0,0,0,0,0,1,0,1,1,0,-1,0,1,-1,0,-1,1,0,0,0,0,0,0,0,0,0,0,0,0,0,1,0,0,0,1,-1,0,-1,0,0,-1,0,0,0,0,-1,0,-1,0,0,0
2129,0,0,0,-1,0,1,0,0,0,0,0,0,0,1,0,0,0,0,1,-1,0,0,0,0,0,0,0,0,-1,-1,0,1,0,1,-1,0,0,0,1,0,-1,0,0,0,0,0,1,0,-1,0,0,0,0,0,1,0,-1,0,0,0,0,-1,1,0
2130,0,1,0,0,-1,0,0,0,0,0,1,-1,0,1,0,0,0,0,1,1,0,-1,0,0,-1,0,-1,0,0,0,0,0,-1,0,1,-1,-1,-1,0,0,1,0,1,0,0,-1,1,0,-1,1,0,0,0,-1,0,-1,1,0,0,0,0,-1,1,0
2131,0,0,0,0,0,0,-1,0,0,0,0,0,0,0,0,0,0,0,0,0,0,1,-1,0,1,0,-1,0,0,-1,1,0,-1,0,-1,0,1,0,0,0,-1,0,-1,-1,1,0,0,-1,0,-1,0,1,-1,0,0,-1,0,0,-1,0,0,-1,-1,0
2132,0,0,1,-1,0,1,0,-1,0,0,0,-1,0,-1,0,1,1,0,0,-1,0,0,0,0,0,0,0,0,1,0,-1,0,0,0,0,0,0,0,0,-1,0,-1,1,-1,1,0,0,0,-1,0,0,0,0,0,-1,0,0,0,0,0,0,-1,-1,0
2133,0,-1,0,0,1,0,-1,0,0,-1,1,1,0,-1,-1,0,0,0,0,0,0,0,0,0,0,-1,-1,0,-1,1,0,0,0,0,0,1,1,0,-1,-1,-1,0,-1,0,0,1,0,-1,-1,0,0,1,-1,0,0,0,1,0,0,0,1,1,-1,-1
2134,0,-1,0,0,-1,1,0,0,0,0,0,0,0,1,1,0,-1,0,0,0,0,-1,0,0,0,0,-1,0,0,-1,0,-1,0,1,0,-1,0,0,-1,0,0,0,0,0,0,1,0,0,0,0,1,0,0,0,0,1,0,0,0,0,-1,0,0,1
2135,1,-1,-1,0,0,0,0,0,0,1,0,0,0,-1,0,0,1,0,0,0,-1,0,0,1,1,0,0,-1,1,-1,0,0,1,0,0,0,0,0,1,0,0,1,0,-1,-1,0,0,0,-1,0,0,-1,0,1,0,0,0,0,1,0,0,0,1,0
2136,0,0,0,-1,0,-1,1,0,0,0,0,0,0,0,0,0,0,0,-1,0,0,0,-1,-1,0,1,0,0,0,0,0,0,1,0,0,0,-1,-1,0,0,-1,0,0,0,1,0,0,0,0,1,0,-1,0,0,0,0,0,0,0,0,0,0,-1,0
2137,0,0,0,0,0,0,1,0,-1,1,1,0,0,0,0,1,0,0,0,0,1,0,-1,0,0,0,1,0,0,-1,0,1,1,-1,0,0,0,0,0,0,0,0,0,0,-1,0,0,0,0,0,0,0,0,0,0,1,0,0,0,0,1,0,0,-1
2138,0,1,1,-1,0,0,0,1,-1,0,0,0,0,0,1,0,0,0,0,-1,0,0,1,0,1,1,-1,1,-1,0,0,-1,0,0,0,-1,0,1,0,0,0,-1,0,1,0,0,-1,1,1,0,0,0,0,-1,-1,1,-1,0,0,-1,0,0,0,0
2139,0,0,0,1,0,0,1,1,0,0,-1,0,-1,1,-1,1,0,1,0,0,1,0,0,-1,0,1,-1,0,0,0,0,1,0,0,0,0,0,0,0,0,1,0,1,0,0,0,0,0,0,0,0,0,0,-1,0,0,0,0,0,0,0,1,0,0
2140,-1,0,0,0,-1,-1,0,0,0,1,-1,0,1,1,0,0,0,0,0,0,0,0,1,0,-1,0,0,0,0,0,-1,1,0,0,0,0,1,0,0,0,1,0,0,0,0,1,0,0,1,0,0,0,0,0,0,-1,1,0,0,0,1,-1,1,1
2141,1,0,0,0,0,0,0,0,1,0,0,0,1,1,0,0,0,0,0,0,0,1,0,0,0,0,0,-1,0,0,0,1,1,0,0,0,0,-1,-1,1,-1,0,0,0,0,0,-1,0,0,-1,-1,0,1,-1,0,1,0,0,0,0,0,0,-1,0
2142,0,0,0,0,0,-1,-1,0,0,-1,0,0,0,0,0,0,0,0,-1,0,0,0,0,1,0,0,0,0,1,1,-1,-1,0,0,0,0,1,0,0,0,0,1,-1,1,0,0,0,0,0,-1,0,1,0,-1,0,1,-1,1,-1,1,-1,-1,0,-1
2143,0,0,1,0,-1,1,-1,0,0,-1,0,0,0,1,0,0,-1,0,1,0,0,1,1,0,0,0,0,0,0,0,0,0,0,1,-1,0,0,0,1,1,1,0,0,0,0,0,0,0,0,-1,0,0,0,0,1,0,0,1,0,0,0,1,0,0
2144,-1,1,-1,0,0,0,-1,0,1,1,1,0,1,1,1,1,1,0,1,1,0,0,0,0,0,1,0,0,1,0,0,0,1,0,0,0,1,0,0,0,1,0,1,0,-1,1,0,1,0,0,1,-1,1,-1,0,0,0,0,1,0,0,0,0,0
2145,0,0,0,-1,0,-1,0,0,1,0,0,0,0,-1,0,-1,0,1,0,0,0,0,0,0,-1,0,-1,0,1,0,1,0,0,1,1,0,0,1,1,0,0,1,0,0,-1,0,1,0,0,-1,0,0,0,0,0,0,0,0,-1,0,1,0,0,0
2146,0,0,0,0,0,0,0,0,-1,0,1,-1,0,0,0,0,1,0,0,0,0,0,1,1,0,1,0,0,0,0,0,0,0,0,0,1,1,1,-1,1,0,-1,0,0,0,-1,0,0,0,-1,0,-1,0,0,0,0,0,0,1,0,0,1,0,0
2147,-1,-1,1,0,0,0,-1,0,0,-1,-1,1,0,1,0,0,-1,0,-1,0,0,0,0,0,0,0,0,0,0,0,0,-1,-1,0,1,0,0,0,-1,0,0,0,-1,0,0,-1,1,0,0,0,-1,0,0,-1,1,0,1,0,0,0,0,0,0,0
2148,0,1,0,0,0,1,0,-1,0,0,0,0,0,0,0,1,-1,0,0,1,0,0,-1,0,0,-1,0,1,-1,-1,-1,-1,0,0,0,0,0,0,0,-1,0,-1,0,0,0,-1,0,0,1,0,0,0,1,0,1,-1,0,0,-1,0,0,0,-1,0
2149,0,1,0,1,0,0,0,0,0,0,0,-1,-1,0,0,1,0,-1,0,1,1,0,1,0,0,0,0,0,0,-1,0,-1,0,-1,0,0,1,0,0,1,-1,0,0,0,1,1,-1,0,0,0,-1,0,1,0,0,0,1,0,0,0,0,0,0,-1
2150,1,0,0,0,0,0,0,0,-1,0,1,-1,-1,1,-1,0,0,0,-1,0,0,0,0,0,0,0,1,-1,1,0,0,0,0,0,1,0,0,0,0,0,0,1,1,1,0,1,1,-1,1,0,0,0,0,1,0,0,0,-1,1,-1,0,0,0,0
2151,0,0,0,0,-1,0,1,0,0,-1,0,0,0,-1,0,1,-1,1,0,-1,1,-1,0,0,1,0,-1,0,0,0,0,1,-1,-1,1,0,0,-1,1,-1,-1,0,-1,0,0,0,0,0,0,0,0,0,-1,0,1,1,-1,0,0,-1,0,0,-1,-1
2152,0,1,-1,0,0,0,0,1,0,0,-1,0,0,0,-1,1,1,0,0,0,-1,0,0,0,0,-1,-1,0,0,1,0,-1,-1,1,1,0,0,1,-1,-1,0,1,-1,-1,0,0,1,1,1,1,0,-1,-1,0,-1,0,0,0,-1,0,0,0,-1,0
2153,0,-1,0,0,0,0,0,1,0,0,0,0,0,0,0,0,0,0,1,-1,0,1,0,0,0,0,0,0,1,0,0,0,0,0,1,-1,-1,0,1,0,0,0,0,-1,1,1,-1,0,0,-1,0,1,1,0,-1,1,0,0,1,0,0,1,0,1
2154,0,0,1,1,1,1,0,0,0,0,0,0,0,-1,0,0,0,0,0,0,0,-1,-1,0,0,0,1,1,0,0,0,0,0,0,0,0,0,0,0,0,0,0,-1,0,0,0,0,1,0,0,1,0,0,1,1,0,0,0,0,0,0,0,0,0
2155,0,1,0,-1,0,0,-1,1,0,1,-1,0,0,0,1,0,0,-1,0,0,0,0,0,-1,1,-1,0,0,0,-1,0,0,0,0,-1,0,0,0,-1,1,0,-1,1,-1,0,0,0,-1,0,0,0,0,1,1,1,0,0,-1,0,0,0,0,0,0
2156,0,-1,0,0,0,1,0,0,-1,0,0,-1,1,0,0,0,0,0,-1,1,1,0,1,-1,0,1,1,0,1,0,-1,0,-1,0,0,0,0,0,0,1,0,0,0,-1,1,0,-1,0,0,0,-1,1,0,-1,0,0,0,0,-1,0,0,1,0,0
2157,1,0,1,0,-1,0,0,0,0,0,0,-1,0,0,-1,-1,0,0,0,1,0,0,0,-1,-1,0,0,0,0,0,0,0,-1,0,0,0,1,0,0,0,0,1,1,0,1,0,0,0,0,0,1,1,0,0,0,0,-1,0,0,0,0,0,0,1
2158,1,0,0,1,0,0,0,0,0,0,1,0,0,0,1,-1,0,0,-1,0,0,1,0,0,0,1,0,0,0,0,0,0,1,0,-1,0,-1,1,0,0,0,-1,0,0,0,1,0,0,0,0,0,0,1,0,0,0,0,0,0,-1,0,0,0,0
2159,0,1,0,0,-1,0,0,0,0,0,-1,0,1,0,-1,0,0,0,0,0,-1,-1,0,0,-1,0,0,0,0,0,0,-1,-1,0,1,1,1,-1,0,0,0,0,0,0,0,0,0,0,0,0,0,0,0,0,1,0,-1,0,0,-1,0,0,-1,0
2160,0,0,-1,0,-1,0,0,0,-1,0,0,1,0,0,-1,0,0,0,0,0,1,1,0,0,1,-1,0,0,0,0,-1,0,0,0,0,0,-1,1,0,0,1,0,0,-1,0,0,1,-1,-1,0,0,1,-1,0,-1,0,0,-1,0,-1,0,0,0,0
2161,0,0,-1,0,0,0,0,-1,-1,1,1,1,1,0,0,1,0,0,0,0,0,0,-1,0,1,-1,0,0,0,0,1,0,0,-1,0,1,-1,-1,0,-1,0,0,0,0,0,0,0,1,-1,1,0,1,0,0,-1,0,0,-1,0,-1,1,0,0,0
2162,0,0,0,0,0,1,0,-1,1,1,0,0,-1,1,0,1,0,-1,-1,1,0,0,0,-1,0,0,0,0,0,0,0,-1,0,-1,0,0,-1,0,0,0,0,0,0,0,1,0,1,0,0,0,1,0,0,0,-1,1,0,1,0,-1,0,0,0,-1
2163,0,0,0,0,-1,0,0,0,0,0,1,0,-1,-1,1,1,0,0,-1,-1,-1,0,0,0,1,0,0,0,1,1,0,1,-1,1,0,0,-1,0,1,0,-1,1,0,1,0,0,1,0,0,-1,0,0,0,0,0,1,0,0,0,0,0,-1,0,0
2164,0,1,-1,1,0,1,-1,0,0,0,0,-1,0,0,0,0,0,-1,-1,0,0,0,-1,1,1,1,0,0,0,0,0,0,1,0,0,1,0,0,-1,0,-1,0,1,0,-1,0,0,-1,0,0,0,0,0,1,0,0,0,0,0,0,0,1,1,0
2165,0,0,1,0,1,0,0,0,0,0,0,0,-1,0,0,0,1,0,1,0,1,0,0,0,0,-1,0,-1,1,0,-1,0,0,0,0,0,0,0,0,0,0,0,1,1,0,1,0,0,0,-1,0,-1,0,0,0,1,0,0,-1,0,0,-1,0,1
2166,-1,0,0,0,-1,0,0,0,0,-1,0,-1,0,0,0,1,0,-1,0,-1,-1,1,0,0,-1,0,-1,1,1,1,0,0,0,1,0,-1,0,0,0,0,1,0,0,0,-1,0,1,0,1,0,0,0,0,0,-1,0,1,-1,-1,0,0,0,1,0
2167,0,-1,0,1,0,0,0,-1,1,0,0,0,0,-1,-1,1,-1,0,-1,1,0,0,0,0,0,0,0,-1,0,0,0,1,-1,0,0,0,0,0,0,0,1,0,0,-1,-1,-1,0,0,0,1,0,0,0,0,0,1,0,0,1,0,0,0,0,0
2168,0,0,0,1,1,-1,1,0,1,-1,0,-1,-1,0,1,0,0,0,1,0,-1,0,0,1,-1,-1,-1,1,0,0,0,0,0,0,0,1,0,0,-1,1,-1,0,0,0,0,0,1,-1,-1,-1,0,1,0,0,0,0,0,1,0,0,0,1,1,0
2169,0,0,-1,0,0,0,0,0,1,0,0,1,0,-1,0,1,-1,-1,0,0,-1,0,0,-1,0,1,0,0,-1,0,-1,0,1,0,0,0,0,0,0,0,0,0,1,0,0,0,1,0,0,1,1,0,0,0,0,0,0,0,1,0,1,0,0,0
2170,0,0,0,0,-1,0,0,-1,0,-1,-1,0,0,1,0,1,0,-1,0,-1,-1,0,-1,0,0,0,0,0,0,1,1,0,-1,1,0,0,0,0,1,0,0,1,0,0,0,0,0,1,0,0,-1,0,0,0,0,0,-1,0,-1,-1,1,0,0,0
2171,0,0,0,-1,0,0,0,0,0,-1,-1,0,0,1,1,1,-1,0,0,0,0,0,0,0,1,-1,0,1,0,0,0,0,0,-1,0,0,0,0,0,-1,0,1,0,1,0,0,0,0,-1,0,0,0,0,1,0,0,0,-1,1,0,1,-1,0,0
2172,0,1,0,0,-1,0,-1,-1,0,0,1,0,0,0,0,-1,0,1,0,0,0,0,1,0,0,0,-1,0,0,1,0,0,0,0,-1,0,0,0,0,0,-1,0,1,-1,1,-1,0,-1,0,0,0,0,-1,-1,0,0,0,0,0,-1,0,0,0,0
2173,1,1,0,0,0,0,-1,1,0,-1,0,0,0,0,0,0,1,1,0,0,-1,0,0,0,0,-1,1,-1,0,0,-1,1,0,0,1,0,0,0,0,1,0,0,0,1,0,0,0,0,0,0,0,-1,0,-1,0,0,1,0,0,0,0,0,-1,0
2174,-1,0,-1,-1,0,1,1,-1,0,-1,0,1,-1,0,0,0,1,1,-1,0,-1,0,0,-1,0,0,0,0,0,0,0,-1,0,0,0,0,0,1,0,0,0,1,0,0,-1,0,0,0,0,0,0,1,0,1,0,0,-1,1,0,0,1,0,0,0
2175,1,-1,1,0,-1,-1,0,0,0,1,0,1,0,0,0,-1,0,0,0,-1,0,0,0,0,1,0,0,-1,0,-1,0,0,0,-1,0,0,0,1,1,0,0,0,1,0,0,0,1,1,0,1,0,0,1,-1,0,0,0,0,0,0,0,-1,0,0
2176,0,0,0,1,1,0,0,0,0,0,0,-1,1,1,0,0,1,0,0,0,0,0,0,0,-1,0,0,-1,0,0,0,-1,0,1,1,-1,0,0,-1,0,0,0,1,-1,1,0,0,0,-1,0,0,0,1,1,0,0,0,0,0,0,0,0,0,-1
2177,0,0,0,0,0,1,1,0,0,1,0,0,0,0,-1,0,0,0,-1,0,0,-1,-1,-1,0,0,-1,0,0,-1,0,1,0,0,-1,0,1,0,0,0,1,0,0,0,0,0,0,1,0,1,0,0,0,0,0,0,0,0,0,0,0,1,1,1
2178,0,0,0,0,0,1,0,0,1,0,1,0,0,0,0,0,0,0,0,-1,0,1,1,0,0,0,0,-1,0,1,1,0,0,1,-1,0,-1,0,0,0,0,0,0,-1,0,0,0,1,1,0,0,0,0,0,0,0,0,1,1,0,1,0,0,-1
2179,0,-1,0,0,0,-1,0,0,0,0,0,1,0,0,0,1,-1,0,0,0,0,0,0,0,0,0,-1,0,0,0,-1,0,-1,0,0,0,1,0,-1,1,0,0,0,0,0,1,0,-1,0,0,0,1,0,0,0,0,0,0,0,-1,0,0,1,-1
2180,-1,0,0,0,0,0,0,0,0,0,0,0,0,0,1,0,0,0,0,0,1,0,0,0,1,0,0,1,0,-1,0,0,1,0,0,0,-1,0,0,0,1,0,0,1,0,1,0,0,0,-1,0,0,0,0,0,1,0,0,0,0,1,0,0,0
2181,0,-1,0,0,-1,-1,0,1,0,0,0,-1,0,0,0,0,0,0,0,0,0,0,-1,0,0,0,0,0,0,0,0,0,0,0,0,-1,0,0,1,0,-1,0,0,1,0,0,-1,-1,0,0,0,-1,0,-1,-1,0,1,0,0,0,-1,0,-1,0
2182,-1,0,0,0,0,1,-1,0,0,1,1,0,0,-1,0,1,0,0,0,-1,1,1,0,0,0,0,1,-1,0,0,0,-1,1,0,-1,0,1,0,0,0,0,-1,0,0,-1,0,0,0,1,0,0,-1,0,0,1,-1,0,1,0,0,0,-1,-1,0
2183,0,-1,-1,-1,-1,-1,1,0,1,0,0,0,-1,0,0,-1,0,1,0,0,0,-1,0,0,0,0,0,0,-1,0,1,1,0,-1,0,0,-1,0,0,0,1,0,1,0,-1,0,0,-1,0,-1,0,0,1,-1,-1,0,0,0,0,0,1,0,0,-1
2184,1,1,0,1,0,0,1,1,0,0,0,-1,-1,1,-1,-1,0,1,0,0,-1,0,-1,0,1,1,0,0,0,0,0,-1,0,0,0,0,0,0,-1,1,1,0,1,0,-1,0,1,0,0,0,0,0,0,0,1,0,0,0,1,0,0,1,0,0
2185,0,0,-1,0,0,1,0,1,0,0,0,-1,1,0,0,0,0,0,0,0,0,0,0,0,0,0,0,0,1,0,-1,0,0,0,0,0,0,0,-1,0,0,-1,-1,1,0,1,0,1,0,1,1,-1,0,0,1,1,0,0,0,1,0,0,0,-1
2186,0,1,1,-1,0,-1,0,-1,0,0,0,1,0,0,-1,-1,0,0,0,1,-1,0,-1,0,0,1,0,0,1,1,0,-1,0,0,-1,0,-1,0,1,1,0,-1,1,0,0,0,0,0,0,0,0,0,0,0,0,0,1,0,0,0,-1,0,0,1
2187,0,0,1,1,0,0,0,1,-1,0,-1,0,0,0,0,1,0,0,0,0,1,0,-1,1,-1,0,0,0,0,0,0,0,0,-1,-1,0,1,0,1,0,1,0,-1,0,-1,0,1,1,0,0,1,0,0,0,-1,1,0,-1,0,0,0,0,0,0
2188,1,0,0,0,1,0,0,-1,1,0,0,0,-1,0,0,-1,0,0,-1,1,0,0,0,1,0,0,0,0,0,-1,0,0,0,0,0,0,0,0,0,0,0,0,1,0,0,0,0,-1,1,0,0,1,0,1,1,0,0,1,1,0,0,0,0,-1
2189,0,0,0,0,-1,-1,0,0,0,0,0,0,1,0,0,0,-1,-1,0,1,-1,0,0,0,0,-1,0,1,0,1,-1,0,1,1,0,-1,-1,-1,0,0,-1,-1,0,0,1,0,1,0,0,0,0,1,0,-1,1,0,-1,0,1,0,1,0,0,-1
2190,0,-1,1,0,1,1,1,-1,1,0,1,0,0,0,0,0,-1,0,0,-1,1,1,1,1,0,0,0,0,-1,-1,0,0,0,0,1,0,1,0,-1,1,0,0,0,1,-1,0,1,-1,1,0,0,0,0,0,0,1,1,0,0,0,-1,1,0,-1
2191,1,0,1,0,1,0,0,0,-1,-1,0,-1,0,0,1,0,0,0,-1,0,0,1,0,0,0,1,0,0,1,0,0,-1,0,0,0,0,0,0,0,0,0,0,-1,0,0,1,0,0,0,0,0,1,0,0,0,-1,-1,0,0,0,1,0,0,0
2192,-1,-1,1,-1,0,-1,-1,0,0,0,0,-1,0,1,0,-1,-1,0,-1,0,0,0,0,-1,0,0,0,0,0,0,0,0,0,1,0,0,1,-1,0,0,0,0,0,0,0,0,0,0,0,1,1,0,1,-1,1,0,1,1,0,-1,0,-1,0,0
2193,-1,0,0,0,0,1,0,0,0,-1,-1,0,0,0,0,0,0,0,1,0,1,0,-1,0,0,0,0,0,0,1,0,1,0,0,0,-1,0,0,-1,0,1,0,0,0,-1,0,0,0,0,1,0,1,0,0,0,0,-1,0,0,0,1,0,0,0
2194,0,1,0,0,1,0,0,0,1,0,0,0,0,0,-1,0,0,1,0,0,0,1,-1,-1,-1,0,-1,0,0,1,1,0,0,0,0,0,0,0,0,1,0,1,-1,0,0,0,0,0,1,0,0,-1,0,0,-1,0,-1,0,0,0,0,1,1,1
2195,0,0,0,0,0,0,0,0,0,0,0,-1,-1,0,0,1,0,-1,1,0,0,0,1,1,0,1,-1,0,0,0,0,1,0,0,0,0,0,-1,0,0,-1,0,0,0,-1,0,0,0,-1,0,0,0,-1,0,0,0,0,-1,0,1,1,0,0,-1
2196,0,0,-1,1,1,0,-1,0,0,-1,0,1,0,0,0,0,0,0,0,0,-1,1,0,0,0,1,0,1,0,1,0,-1,0,0,0,-1,0,0,0,0,0,-1,-1,-1,1,-1,0,0,1,0,0,0,0,1,0,0,0,1,0,0,0,0,0,0
2197,0,0,-1,0,-1,0,0,1,0,0,0,0,-1,0,0,0,0,0,0,0,0,1,1,0,0,0,-1,0,0,1,0,0,0,-1,0,0,0,0,0,0,0,0,0,0,0,0,0,-1,-1,0,1,-1,1,-1,1,1,0,1,0,0,-1,0,0,0
2198,0,0,0,0,-1,0,0,-1,-1,-1,-1,0,1,0,-1,0,0,0,0,0,0,1,0,0,0,0,0,1,0,1,-1,0,0,0,0,1,0,0,0,1,0,0,0,0,0,1,0,-1,0,1,-1,0,0,1,1,0,0,0,0,1,-1,0,0,0
2199,0,-1,0,0,0,0,0,0,-1,0,0,0,0,0,1,1,0,0,0,0,0,-1,0,0,1,1,0,0,0,0,0,0,-1,-1,0,0,0,0,0,-1,0,0,0,0,1,0,0,0,0,0,-1,0,0,0,0,1,1,-1,0,0,1,0,0,-1
2200,-1,0,0,0,0,-1,0,1,0,1,0,-1,0,0,0,0,0,-1,0,1,0,0,0,0,-1,0,-1,-1,0,1,-1,1,0,-1,1,0,1,0,-1,0,-1,0,-1,0,0,0,0,0,1,0,0,-1,0,0,-1,1,0,1,0,1,0,0,0,1
2201,1,-1,-1,0,0,1,0,1,0,0,1,0,0,1,0,-1,0,1,1,0,-1,-1,0,-1,-1,0,0,0,0,0,0,0,0,0,-1,0,0,-1,1,0,1,0,1,0,0,0,0,0,1,0,-1,-1,0,1,1,1,0,1,0,0,-1,0,1,0
2202,-1,0,0,0,-1,0,0,-1,0,-1,-1,1,0,0,0,0,-1,0,0,0,0,0,0,0,0,0,1,-1,1,0,0,0,0,-1,0,-1,0,0,0,0,-1,0,0,0,0,1,0,0,0,0,0,0,1,0,0,-1,0,0,0,1,0,0,0,0
2203,0,0,-1,0,1,0,0,1,1,-1,0,1,0,1,0,0,-1,1,1,0,0,-1,0,0,0,0,0,0,0,-1,0,0,0,0,0,0,0,0,-1,0,-1,0,1,1,0,0,0,-1,0,0,0,0,-1,0,1,0,0,1,-1,-1,1,-1,1,0
2204,0,0,0,0,0,1,0,0,0,0,0,0,1,-1,1,1,0,0,0,0,0,0,1,0,0,0,-1,0,1,-1,0,1,0,1,0,0,1,0,0,0,-1,0,0,0,0,0,0,0,0,-1,1,1,0,0,0,0,0,0,0,0,0,0,0,0
2205,-1,0,0,0,0,0,1,0,0,0,0,0,0,0,0,-1,0,1,0,0,-1,0,1,0,0,1,1,0,0,1,0,0,0,0,0,0,0,1,1,0,-1,-1,0,0,0,-1,0,0,1,1,0,-1,1,0,0,1,0,0,0,1,0,0,0,0
2206,0,0,0,1,-1,0,0,0,0,0,0,0,0,1,0,1,0,-1,0,0,0,-1,1,-1,0,0,0,-1,0,0,1,0,0,1,0,0,0,0,1,0,0,0,1,-1,0,-1,1,0,0,-1,-1,1,1,1,1,1,-1,-1,0,0,-1,1,0,0
2207,0,0,0,1,-1,0,0,0,0,0,0,1,-1,0,0,0,1,0,0,0,0,0,0,0,1,-1,0,0,-1,0,0,1,0,0,0,0,1,0,1,0,0,1,1,0,0,0,-1,0,0,0,0,-1,0,0,0,0,1,-1,0,0,1,0,-1,-1
2208,0,0,0,0,0,0,0,1,0,-1,0,0,-1,1,0,0,0,0,1,0,0,0,0,0,0,-1,0,0,0,1,0,-1,0,0,0,0,0,0,1,0,0,0,0,-1,-1,-1,0,0,1,0,0,0,1,-1,0,0,0,1,0,0,0,0,0,-1
2209,-1,0,0,-1,0,0,1,0,0,0,0,-1,0,-1,0,0,0,1,0,-1,0,0,1,-1,0,-1,0,0,0,0,1,0,0,0,0,0,0,1,0,0,-1,1,0,1,0,0,0,-1,0,0,0,0,-1,0,0,0,0,0,0,-1,0,0,0,1
2210,1,1,0,0,0,0,-1,0,0,-1,0,0,-1,0,0,0,0,0,1,-1,-1,0,0,-1,0,0,0,0,0,0,0,0,0,-1,1,0,-1,1,-1,0,1,0,0,0,0,0,0,0,0,1,0,0,-1,-1,0,1,0,1,0,0,-1,1,0,0
2211,0,0,0,0,1,0,0,0,0,0,-1,0,0,0,0,1,0,0,0,-1,1,0,-1,-1,0,0,0,0,1,0,0,0,0,-1,-1,0,0,1,1,0,0,1,0,1,0,0,1,1,0,0,0,0,0,0,0,-1,0,0,-1,-1,0,0,-1,0
2212,0,-1,1,0,0,0,0,1,0,0,0,0,1,0,1,0,0,0,0,-1,0,1,0,0,0,0,0,1,-1,1,0,0,0,0,0,0,-1,0,-1,0,0,-1,1,-1,0,1,1,0,0,1,1,0,1,0,0,1,1,-1,0,1,1,0,0,0
2213,1,-1,1,-1,0,0,0,0,0,0,1,1,0,0,-1,0,0,-1,0,0,0,0,0,0,-1,0,1,1,1,0,-1,0,0,1,0,0,1,0,0,1,1,0,0,0,0,0,0,0,0,-1,0,-1,0,0,-1,0,0,0,1,0,0,0,0,0
2214,1,0,0,0,0,1,0,0,0,-1,-1,0,0,-1,0,0,0,0,0,0,0,0,1,0,-1,0,0,0,0,0,1,1,0,0,0,0,0,1,0,0,0,1,0,1,0,0,1,-1,0,0,0,-1,0,0,-1,0,0,0,1,1,0,1,0,1
2215,0,-1,0,0,-1,1,0,0,1,0,0,-1,-1,0,0,0,-1,1,0,0,-1,0,0,0,0,1,0,-1,-1,0,0,-1,0,1,0,0,1,0,0,0,0,-1,-1,0,-1,0,0,0,0,0,0,0,-1,1,0,0,-1,0,0,0,0,1,0,0
2216,0,-1,1,1,0,0,-1,0,0,-1,0,1,-1,0,0,1,1,0,0,1,0,0,0,0,1,1,0,-1,0,0,0,1,1,0,0,0,0,1,1,0,-1,0,0,1,0,0,0,0,0,-1,-1,-1,1,-1,0,1,1,-1,1,0,1,0,-1,1
2217,0,-1,0,-1,1,0,-1,0,0,-1,0,0,1,0,0,0,0,0,-1,0,0,0,-1,1,0,0,0,1,0,0,0,0,0,0,0,-1,0,0,0,0,1,0,0,-1,1,1,1,1,1,-1,0,0,0,0,0,0,0,1,0,-1,-1,0,0,0
2218,-1,1,1,0,0,1,-1,0,0,1,1,0,0,1,1,-1,0,0,-1,1,-1,0,0,-1,0,0,0,0,0,0,0,1,0,0,0,1,1,0,0,0,0,0,0,0,-1,0,0,0,0,0,-1,-1,0,-1,0,0,0,0,0,1,0,-1,0,0
2219,0,-1,0,0,0,-1,0,0,0,-1,0,0,1,0,0,0,-1,0,0,0,0,0,1,0,0,1,0,0,0,0,1,0,-1,0,0,0,1,-1,0,0,0,0,0,1,0,1,0,0,-1,0,1,-1,0,-1,-1,0,0,0,-1,1,0,0,0,0
2220,0,0,0,1,-1,1,-1,0,-1,-1,1,0,0,-1,-1,0,0,0,1,0,0,-1,-1,-1,1,0,0,0,0,0,1,0,1,0,0,-1,0,0,0,0,1,0,0,0,-1,0,-1,-1,0,0,1,0,0,0,0,0,0,1,1,0,0,0,0,1
2221,1,0,0,1,0,1,0,0,0,0,0,0,0,1,1,1,0,0,0,1,0,0,0,0,0,0,0,0,-1,0,0,0,0,0,0,0,1,0,0,1,0,0,0,0,0,0,0,-1,0,0,0,0,0,1,0,0,0,0,0,-1,0,0,0,0
2222,-1,0,0,0,0,-1,0,0,0,0,0,0,0,0,0,-1,0,0,0,0,-1,1,1,0,1,0,0,-1,0,0,1,1,0,0,0,0,-1,-1,0,0,0,0,0,0,0,0,0,-1,0,-1,0,0,-1,0,0,0,0,0,0,0,1,0,0,0
2223,0,1,0,1,-1,0,1,0,0,0,1,0,0,0,0,0,1,-1,-1,0,-1,1,0,0,-1,0,-1,1,1,-1,0,1,0,-1,0,0,0,0,0,-1,0,-1,-1,0,-1,0,0,0,1,1,0,-1,0,0,0,-1,1,0,1,0,0,0,0,0
2224,-1,0,0,0,0,1,0,0,1,0,-1,0,1,1,0,0,1,-1,0,0,0,0,0,1,0,-1,0,-1,0,0,0,0,0,0,0,-1,1,-1,0,0,1,0,-1,0,0,1,0,0,0,0,-1,0,0,0,0,-1,0,0,0,0,-1,1,0,1
2225,0,0,1,0,0,-1,1,0,0,1,0,0,0,0,0,0,0,0,1,0,1,1,0,0,0,1,0,0,1,1,0,0,0,0,0,1,1,0,0,0,0,0,0,0,0,0,0,0,0,1,1,0,0,-1,0,0,0,1,-1,-1,-1,0,0,0
2226,0,0,0,0,0,0,0,1,0,0,-1,1,1,-1,0,-1,1,-1,0,0,0,0,0,0,0,0,0,0,1,1,0,0,-1,0,-1,0,0,0,1,0,0,0,0,0,0,1,1,0,0,0,0,0,0,0,-1,0,0,0,0,0,0,0,0,0
2227,0,0,0,0,1,1,0,0,1,-1,0,0,0,0,1,-1,0,0,0,1,1,0,0,0,0,1,0,0,0,0,0,0,0,1,-1,0,-1,0,-1,0,0,-1,0,0,0,0,0,0,0,0,0,-1,0,0,0,0,0,0,0,0,0,0,0,0
2228,0,0,0,0,0,0,0,-1,0,-1,0,0,0,0,0,0,0,0,0,0,0,-1,1,0,0,0,-1,0,0,0,0,-1,1,-1,1,0,0,0,0,0,0,0,-1,1,0,0,0,-1,1,0,0,1,0,1,-1,0,0,0,0,0,0,0,1,0
2229,0,0,0,0,-1,0,-1,1,0,0,0,1,0,0,0,0,0,-1,0,0,0,0,0,1,0,-1,-1,1,-1,0,0,0,-1,0,0,1,0,0,0,0,0,0,0,1,-1,1,1,0,-1,0,-1,0,1,-1,-1,1,0,1,0,1,0,1,-1,0
2230,0,0,0,0,0,0,0,0,1,0,0,-1,-1,0,0,0,-1,0,1,0,0,0,0,0,0,0,0,0,0,1,0,0,0,1,0,0,-1,0,0,0,-1,0,0,0,1,-1,1,0,0,-1,0,0,0,1,1,-1,-1,0,-1,0,1,0,1,0
2231,0,-1,0,0,0,0,0,0,0,1,0,0,0,1,0,1,0,0,-1,0,0,0,-1,-1,0,0,0,0,0,-1,0,0,0,0,0,-1,-1,0,0,0,0,0,0,0,-1,0,0,0,-1,0,0,1,0,1,0,-1,-1,1,0,-1,1,0,-1,0
2232,0,0,1,0,0,0,0,0,0,0,0,0,0,0,0,1,0,1,1,1,-1,0,-1,0,1,0,0,-1,0,-1,-1,-1,-1,0,0,1,0,1,0,0,0,0,-1,0,0,-1,1,-1,0,0,0,0,0,1,0,-1,1,0,1,0,-1,-1,-1,0
2233,-1,-1,0,0,0,1,-1,-1,0,0,0,0,1,1,0,-1,0,0,-1,0,0,0,1,0,0,0,0,0,0,0,0,0,0,0,0,0,0,-1,-1,-1,0,0,0,0,0,0,1,1,0,0,1,0,-1,0,1,0,0,0,0,0,-1,0,-1,0
2234,0,0,0,-1,1,0,-1,0,0,1,0,0,0,0,0,1,-1,0,0,0,0,0,0,0,0,-1,0,0,0,-1,0,0,-1,1,-1,1,-1,0,-1,0,0,0,1,0,0,-1,0,0,1,0,1,1,0,0,0,1,0,0,0,0,0,0,0,0
2235,1,0,-1,1,0,0,1,0,1,-1,0,-1,0,0,1,0,0,0,0,0,0,0,0,0,0,1,0,0,1,1,0,0,0,0,0,0,0,1,0,0,0,0,0,0,0,1,0,-1,0,-1,0,0,0,0,0,0,0,0,0,0,0,0,0,0
2236,1,0,0,0,1,-1,0,0,-1,0,0,-1,0,1,-1,0,-1,1,0,0,1,0,-1,1,-1,0,0,0,0,0,0,-1,1,0,0,0,0,0,0,0,0,0,0,1,0,-1,0,1,-1,0,0,0,-1,1,-1,0,0,0,-1,1,0,1,0,0
2237,1,0,0,0,-1,0,0,0,-1,0,0,0,0,0,0,0,1,0,1,0,0,0,0,0,-1,0,0,-1,0,0,-1,0,0,-1,0,-1,1,0,0,0,0,0,1,0,-1,0,0,1,1,0,0,0,1,-1,-1,0,0,-1,0,1,-1,0,1,0
2238,1,0,0,-1,0,0,-1,0,0,1,1,-1,0,0,0,0,0,0,0,0,-1,0,0,1,1,0,0,-1,1,0,0,-1,-1,0,-1,0,0,0,0,1,0,-1,0,-1,0,0,0,0,0,1,1,0,1,0,0,1,0,0,0,1,0,0,-1,0
2239,1,0,0,1,0,0,-1,-1,0,1,0,1,0,0,0,0,1,1,-1,0,0,1,0,-1,0,0,-1,0,0,0,0,0,0,0,-1,0,0,0,0,0,0,0,0,0,-1,0,0,0,0,1,0,0,0,0,-1,0,-1,1,0,-1,0,0,0,0
2240,0,0,0,0,0,-1,0,-1,0,0,0,-1,-1,0,1,0,0,0,0,0,-1,0,0,0,1,1,0,0,0,0,0,0,0,0,-1,0,0,0,0,-1,0,0,0,1,0,-1,-1,0,-1,0,0,0,0,0,0,0,0,1,1,0,-1,0,1,1
2241,-1,0,0,0,-1,0,0,0,-1,1,0,0,1,0,-1,0,0,-1,1,0,0,0,0,0,0,0,0,0,0,0,0,0,0,1,0,0,0,0,-1,1,0,-1,-1,0,0,0,0,1,0,0,0,-1,1,0,0,1,0,1,-1,1,0,0,0,0
2242,0,0,0,0,1,0,0,0,-1,0,1,0,0,0,0,1,1,-1,0,-1,-1,-1,1,1,-1,1,0,-1,0,0,0,1,1,-1,0,0,0,1,1,0,0,1,0,0,0,0,0,1,0,0,0,0,0,-1,0,-1,-1,0,-1,0,0,0,0,-1
2243,-1,1,0,0,0,1,0,-1,-1,1,0,1,0,0,-1,-1,0,0,1,0,0,-1,1,0,0,0,0,1,0,-1,1,0,0,0,0,1,1,1,1,1,0,0,0,0,0,0,1,0,0,0,0,0,1,-1,0,1,-1,0,0,0,0,0,-1,0
2244,0,0,1,0,0,-1,0,0,0,-1,0,0,1,0,0,-1,-1,0,0,-1,0,0,0,0,0,0,0,-1,-1,0,-1,1,0,1,0,0,0,-1,0,0,0,-1,1,0,0,1,0,-1,0,0,0,-1,0,-1,0,-1,0,-1,-1,0,0,1,0,1
2245,0,0,-1,0,-1,0,1,0,0,0,0,0,-1,0,0,0,0,-1,-1,1,1,0,1,0,-1,-1,0,0,0,-1,0,0,0,0,0,0,1,0,0,0,0,1,0,0,0,0,0,1,0,1,0,0,0,0,0,-1,0,0,0,0,0,0,0,0
2246,0,-1,0,0,0,0,0,1,1,1,0,0,-1,0,0,1,0,0,0,0,-1,0,0,0,0,0,0,0,0,0,0,-1,1,0,0,0,-1,0,0,0,0,-1,1,0,0,1,1,0,0,0,1,0,0,0,-1,-1,0,-1,-1,0,0,0,0,1
2247,0,0,0,-1,0,0,-1,1,0,0,-1,-1,0,0,1,1,1,0,0,0,0,0,0,0,0,0,0,0,0,1,0,0,0,0,0,1,1,0,0,0,-1,0,-1,0,0,1,0,0,0,1,0,1,-1,0,0,-1,-1,0,0,-1,0,-1,-1,0
2248,0,-1,1,-1,1,1,0,0,0,0,0,-1,0,1,0,-1,1,1,0,0,0,0,0,0,0,0,0,1,0,0,0,0,0,0,0,0,-1,0,0,0,-1,0,0,0,-1,1,0,0,0,0,0,0,0,-1,0,0,1,0,0,-1,0,0,0,-1
2249,-1,0,0,0,1,1,-1,0,-1,0,0,0,0,0,0,0,0,0,1,-1,0,1,0,0,0,1,0,0,1,0,-1,1,0,0,0,0,0,1,1,-1,0,-1,-1,0,0,-1,0,0,0,0,0,0,0,-1,-1,0,0,0,-1,0,-1,0,0,0
2250,0,1,0,0,0,1,0,0,0,1,0,0,0,0,0,-1,-1,0,0,0,0,0,0,-1,0,0,1,0,0,0,0,0,1,0,0,0,0,1,1,0,0,1,0,-1,0,0,0,1,0,0,0,1,0,1,1,0,0,0,0,0,0,0,-1,0
2251,0,1,0,0,0,1,-1,0,1,0,1,0,-1,1,0,0,0,0,0,0,1,-1,0,0,0,1,0,0,1,0,0,0,1,0,0,-1,1,1,0,0,0,1,-1,-1,0,1,0,0,0,-1,0,0,1,0,0,1,0,0,0,0,0,0,0,-1
2252,0,1,0,0,0,-1,0,-1,0,0,0,0,0,0,-1,1,1,1,0,0,0,0,1,0,0,0,0,0,0,1,0,1,0,0,-1,0,-1,-1,0,0,0,0,1,0,1,-1,0,0,0,1,-1,0,0,0,0,0,0,0,0,1,0,-1,1,0
2253,-1,-1,0,-1,0,0,0,-1,0,0,1,0,0,-1,0,0,0,-1,0,0,1,0,1,0,0,0,0,0,-1,0,-1,0,1,0,0,0,0,0,0,0,0,1,0,1,0,0,0,0,1,0,0,1,0,0,-1,-1,0,-1,-1,0,0,-1,0,0
2254,1,0,0,0,0,0,0,1,-1,-1,0,-1,1,0,1,1,0,1,1,0,0,0,-1,0,0,1,0,0,0,0,-1,1,0,0,1,1,1,-1,1,0,0,0,0,1,0,0,0,1,-1,0,-1,0,0,0,0,0,0,1,-1,-1,0,0,1,0
2255,0,0,-1,0,0,1,-1,0,0,0,-1,-1,0,0,0,0,0,1,0,0,0,1,0,0,0,0,1,-1,-1,0,0,-1,1,0,-1,-1,0,0,0,0,0,0,0,0,0,0,0,0,1,0,0,1,0,0,0,1,0,0,0,-1,1,0,0,0
2256,1,0,-1,1,0,0,1,-1,0,1,-1,0,0,0,-1,1,0,0,1,1,0,0,0,0,0,-1,0,0,0,0,1,1,1,0,1,-1,1,0,0,1,-1,0,1,0,0,0,-1,0,1,0,0,0,-1,0,0,0,0,-1,0,0,0,1,0,-1
2257,0,0,-1,0,0,0,-1,1,0,0,0,-1,0,-1,0,-1,0,0,1,0,0,0,1,1,1,0,1,0,0,-1,0,0,0,-1,0,0,0,0,0,1,0,0,0,0,0,-1,0,-1,1,0,-1,1,1,0,0,1,0,0,1,0,0,1,0,0
2258,-1,0,0,0,-1,1,-1,0,-1,-1,0,0,0,-1,1,0,1,-1,0,-1,-1,0,0,0,1,0,1,1,1,-1,0,0,1,0,1,-1,0,0,0,0,0,-1,1,0,0,1,0,0,0,0,0,1,0,0,0,1,0,0,0,1,-1,0,-1,0
2259,0,0,1,0,-1,0,0,-1,1,0,0,1,0,0,0,0,1,-1,1,0,-1,0,0,0,-1,0,0,-1,0,1,0,0,1,0,1,0,0,0,0,0,-1,0,0,-1,1,0,0,1,0,0,0,0,0,0,0,0,0,-1,0,0,0,1,0,0
2260,0,0,0,-1,0,0,0,0,-1,0,0,1,0,-1,1,0,0,1,0,0,1,0,0,0,0,1,0,0,0,0,0,0,0,0,-1,0,0,0,0,0,0,0,0,0,1,0,0,0,-1,-1,0,0,0,0,-1,0,0,0,0,-1,0,0,0,0
2261,-1,0,0,0,-1,-1,0,0,1,0,0,1,0,0,1,1,1,0,0,-1,0,-1,0,0,0,0,0,1,0,1,0,0,0,0,-1,0,0,0,0,0,0,1,0,1,-1,-1,0,0,0,-1,1,-1,-1,0,0,1,0,0,0,0,0,-1,0,0
2262,0,0,0,1,-1,-1,0,1,1,0,0,0,-1,-1,1,0,0,1,0,1,1,-1,0,0,0,0,0,-1,1,-1,0,0,0,0,1,1,0,0,0,0,-1,-1,0,0,0,-1,0,0,0,0,-1,0,1,0,0,0,0,0,0,1,0,-1,0,0
2263,0,0,0,-1,0,0,-1,0,0,0,-1,0,1,0,0,-1,0,-1,-1,-1,0,0,0,0,0,0,0,1,0,0,0,0,0,0,0,1,-1,1,1,0,-1,0,-1,-1,1,0,1,0,0,0,1,0,1,0,0,1,0,1,0,1,0,0,0,0
2264,-1,0,-1,0,0,0,0,0,0,0,1,1,-1,0,0,0,0,1,0,0,-1,0,1,0,0,-1,0,0,-1,0,0,0,0,0,0,0,0,1,0,1,0,0,-1,0,0,0,0,0,0,0,0,1,0,0,0,1,0,1,0,0,1,0,0,-1
2265,0,-1,0,-1,0,-1,-1,1,-1,0,0,1,0,-1,0,-1,1,0,0,0,0,0,-1,0,0,0,0,0,0,-1,0,0,-1,0,0,1,0,0,0,1,0,0,0,0,0,0,0,0,0,0,1,0,-1,0,-1,1,0,1,0,0,0,0,0,0
2266,0,0,-1,0,-1,0,0,0,0,-1,-1,0,0,0,1,0,-1,-1,0,0,0,0,0,0,0,0,0,-1,0,0,0,1,1,0,0,-1,0,0,1,0,0,0,0,-1,0,0,0,1,0,0,0,0,-1,-1,0,1,0,-1,0,-1,1,0,-1,1
2267,0,0,0,-1,-1,0,0,0,0,0,0,0,0,-1,0,0,0,0,1,0,0,0,0,1,0,-1,0,0,1,0,0,0,-1,0,0,1,0,0,0,0,0,0,0,1,1,0,1,0,0,-1,1,0,1,0,-1,1,-1,0,0,0,1,-1,0,-1
2268,0,0,1,0,0,-1,0,-1,-1,0,0,0,0,0,0,0,0,0,0,1,0,1,0,1,1,0,1,-1,0,0,0,0,0,-1,0,0,0,1,0,-1,0,0,1,0,0,1,-1,1,0,-1,0,1,0,1,1,-1,0,0,0,0,0,0,0,0
2269,0,0,0,0,-1,0,1,1,0,0,0,0,0,-1,0,0,1,0,1,0,0,0,0,0,1,0,1,0,0,0,0,-1,0,1,1,0,0,1,0,0,0,0,0,0,1,1,0,0,0,-1,0,0,-1,1,0,0,0,0,-1,0,0,1,1,-1
2270,0,0,0,0,0,-1,-1,1,0,-1,0,-1,0,-1,1,0,-1,0,1,0,0,0,0,1,-1,-1,0,0,0,-1,0,1,1,-1,0,0,1,0,0,0,-1,0,1,1,0,0,1,1,1,0,0,1,0,0,0,1,0,-1,0,0,-1,0,-1,1
2271,0,0,1,0,0,-1,0,-1,1,0,0,0,0,0,0,0,0,-1,-1,0,0,0,0,0,0,0,0,0,0,0,0,0,0,0,1,0,0,0,0,1,-1,0,0,1,0,0,0,0,-1,0,0,0,0,0,-1,1,0,1,0,1,0,0,1,-1
2272,0,0,-1,0,1,0,1,0,0,0,0,0,-1,0,-1,0,1,0,1,0,0,1,1,1,0,-1,-1,0,0,0,-1,0,0,0,-1,0,-1,1,0,0,0,0,0,0,0,0,0,0,1,0,0,0,0,0,-1,0,0,0,0,0,0,0,0,-1
2273,0,1,0,0,0,0,0,0,0,0,-1,0,0,-1,0,1,0,1,0,0,0,0,0,-1,1,1,1,-1,0,0,0,0,0,1,0,-1,0,1,-1,1,0,0,-1,0,1,0,0,0,0,1,0,0,0,1,0,0,0,1,0,0,0,-1,0,1
2274,0,0,0,0,0,0,1,0,0,1,0,1,0,0,1,-1,-1,0,-1,0,0,0,-1,0,0,1,0,1,0,0,0,0,0,-1,0,0,0,-1,1,0,1,1,1,0,0,-1,0,0,0,-1,0,0,0,0,-1,0,0,0,-1,-1,1,-1,-1,0
2275,0,1,0,0,0,0,1,0,1,0,0,0,0,0,1,0,0,0,0,0,0,-1,1,0,1,1,-1,0,0,-1,0,-1,0,-1,0,0,1,0,0,1,1,0,0,0,1,1,1,0,0,0,0,0,0,1,1,0,0,0,1,0,0,0,0,1
2276,1,0,1,-1,1,0,0,0,0,0,-1,1,-1,0,-1,0,1,0,0,0,0,0,1,0,-1,0,0,0,0,0,-1,-1,0,0,0,0,-1,1,1,-1,0,0,-1,0,0,0,1,0,0,0,-1,0,0,-1,-1,0,1,-1,0,0,0,0,-1,0
2277,1,0,0,0,0,0,0,-1,0,0,0,0,0,0,1,0,0,0,1,0,1,0,-1,0,0,0,1,-1,0,0,-1,0,0,1,0,-1,1,0,0,1,-1,1,0,0,-1,0,0,0,-1,1,0,0,0,0,0,0,-1,0,0,-1,0,0,0,0
2278,0,0,0,-1,1,0,0,0,0,0,0,0,0,-1,0,0,0,0,0,0,0,1,0,0,0,0,0,0,1,1,0,0,-1,0,0,0,0,0,0,0,0,0,0,0,0,0,0,0,0,1,1,0,0,0,0,-1,-1,-1,0,1,0,-1,0,0
2279,-1,0,0,0,0,0,0,0,0,-1,-1,0,0,0,0,1,-1,0,1,-1,0,0,-1,0,-1,0,0,1,0,1,0,-1,0,0,0,0,0,1,0,1,0,0,0,0,-1,0,-1,0,1,-1,0,0,0,0,1,0,-1,0,0,0,0,-1,0,-1
2280,-1,0,0,0,0,0,1,0,0,-1,0,0,-1,0,0,0,-1,0,0,0,-1,0,1,-1,0,0,-1,1,0,0,0,0,-1,1,-1,0,0,0,1,0,0,0,0,0,1,0,0,1,-1,0,1,0,0,-1,0,0,0,-1,-1,0,0,0,-1,-1
2281,1,0,0,0,1,0,0,0,0,0,-1,0,1,0,0,-1,0,0,0,-1,0,1,0,1,0,1,0,0,0,0,-1,0,1,0,0,0,0,0,1,0,0,0,1,0,0,0,1,0,1,0,0,-1,0,-1,-1,0,1,1,0,-1,0,0,0,0
2282,0,0,1,0,-1,0,0,0,0,-1,0,0,0,0,1,1,-1,0,1,-1,-1,0,1,0,0,0,-1,-1,0,0,1,0,-1,0,-1,0,0,0,0,0,0,0,0,-1,-1,-1,-1,0,-1,0,-1,-1,0,1,0,0,0,0,0,0,0,0,0,1
2283,0,-1,0,0,-1,1,-1,-1,0,0,-1,-1,1,-1,1,0,0,1,0,0,-1,-1,0,-1,0,1,0,1,1,-1,0,-1,0,1,0,0,0,1,0,0,0,0,-1,1,0,0,0,-1,0,1,0,0,0,0,0,0,0,1,0,1,0,0,0,0
2284,0,0,1,0,0,0,1,0,0,0,0,-1,-1,0,0,0,0,0,1,1,0,1,0,0,0,0,0,1,0,0,1,0,1,0,0,0,0,0,0,0,-1,0,0,-1,1,0,0,0,0,0,1,0,0,0,0,-1,0,-1,0,0,0,0,0,1
2285,0,0,0,0,1,1,0,0,-1,0,0,0,0,1,0,0,1,1,-1,-1,0,0,0,0,0,1,-1,0,0,0,1,1,1,0,0,0,1,0,0,-1,0,0,-1,-1,0,-1,-1,1,0,0,0,0,0,-1,0,0,0,0,0,0,1,-1,-1,0
2286,0,0,1,1,1,0,0,0,0,0,-1,0,0,-1,0,0,0,0,-1,0,0,-1,0,0,-1,-1,0,0,0,0,0,1,-1,0,0,-1,0,-1,0,0,0,0,1,0,-1,0,1,0,0,0,0,0,0,1,0,0,0,0,0,-1,-1,0,1,1
2287,0,0,0,0,1,0,0,0,0,0,1,0,1,0,-1,0,0,0,1,1,1,0,0,-1,1,0,0,-1,-1,0,0,1,0,-1,0,0,0,1,0,0,-1,0,0,0,1,0,0,0,0,0,-1,0,0,0,0,0,0,0,-1,0,0,1,1,0
2288,0,0,0,0,1,1,-1,0,1,0,0,1,1,0,0,0,0,1,1,1,0,0,0,0,0,0,-1,0,0,0,0,0,0,0,0,0,0,0,0,0,0,0,-1,-1,0,0,0,0,0,-1,0,0,0,1,-1,0,0,-1,0,0,0,0,0,0
2289,-1,0,0,0,-1,0,0,0,0,0,0,1,0,1,-1,0,0,-1,-1,0,0,-1,0,-1,-1,0,0,0,0,0,0,0,1,-1,0,-1,0,0,0,-1,0,0,0,-1,-1,0,0,0,0,0,-1,0,0,-1,1,-1,0,0,1,0,0,1,0,1
2290,0,0,0,0,0,0,1,0,0,0,0,1,0,0,0,0,-1,0,-1,0,0,0,0,0,1,0,0,0,-1,1,0,0,1,0,-1,0,0,0,0,0,0,1,-1,0,0,0,0,1,1,0,0,0,0,0,1,-1,0,0,-1,1,1,0,0,0
2291,0,0,0,-1,0,1,0,0,0,1,0,0,-1,0,-1,0,0,0,-1,1,1,0,0,0,0,0,1,-1,0,1,0,0,0,-1,-1,-1,0,0,0,-1,-1,0,1,0,1,-1,0,-1,0,0,0,0,-1,0,0,0,-1,0,-1,0,0,-1,0,1
2292,0,0,1,-1,0,0,0,0,0,0,0,0,-1,0,0,0,1,0,0,-1,0,0,0,0,0,1,1,1,0,1,1,1,0,0,-1,0,0,0,0,-1,1,0,0,0,-1,0,0,0,0,0,1,0,0,0,0,0,1,0,1,0,1,0,-1,0
2293,-1,0,1,-1,0,0,0,0,-1,0,-1,0,0,0,-1,1,1,0,-1,0,0,0,-1,-1,0,0,0,0,-1,-1,0,1,0,0,0,0,0,1,0,0,1,0,0,0,0,0,1,0,0,0,1,0,-1,0,1,0,-1,-1,0,1,0,0,0,0
2294,0,0,0,1,1,-1,0,0,1,-1,0,0,0,0,0,0,1,0,0,0,0,1,-1,0,1,1,0,-1,0,0,0,-1,0,0,1,-1,0,0,0,0,0,1,0,0,0,0,0,0,0,0,0,-1,-1,0,0,0,0,0,-1,1,-1,0,0,0
2295,0,0,0,-1,0,0,1,0,0,-1,0,0,0,0,0,-1,0,0,0,0,0,0,0,0,1,0,0,1,0,0,1,0,-1,0,1,0,0,0,1,0,0,0,0,-1,-1,0,0,0,-1,0,0,0,0,0,-1,1,0,0,0,0,1,0,0,0
2296,-1,0,0,0,0,0,-1,-1,1,-1,0,-1,0,0,0,0,1,0,-1,0,0,1,-1,0,0,0,-1,0,0,0,0,-1,0,0,0,0,-1,-1,0,0,0,1,0,1,0,1,0,0,0,1,1,0,0,0,0,0,0,0,1,-1,0,0,0,0
2297,-1,0,0,0,1,0,0,0,0,0,0,0,1,0,0,1,0,0,1,0,0,0,0,0,0,0,0,0,0,0,1,0,0,0,-1,0,0,0,-1,0,1,0,0,-1,0,0,-1,0,0,1,0,-1,0,0,1,1,0,0,0,0,0,0,0,0
2298,0,0,0,0,0,0,0,0,0,0,1,0,0,0,0,0,0,1,1,0,0,0,0,-1,0,0,-1,1,0,0,0,0,0,0,0,1,0,0,0,0,-1,0,-1,0,0,1,0,1,0,-1,0,0,0,0,1,0,0,0,0,-1,-1,0,0,0
2299,-1,0,-1,-1,1,1,0,0,0,0,1,0,0,0,0,0,0,0,0,0,0,0,0,0,0,1,0,1,0,-1,-1,0,-1,-1,0,1,1,0,1,0,0,0,0,-1,1,0,1,0,0,0,0,1,0,0,-1,1,-1,0,0,-1,1,-1,0,0
2300,0,0,0,0,0,-1,0,0,1,0,-1,0,0,0,-1,1,0,0,0,1,0,1,0,-1,0,-1,0,-1,1,0,0,0,-1,0,0,0,-1,0,0,0,0,1,-1,0,-1,0,0,-1,1,1,-1,-1,0,0,0,0,0,0,0,0,0,0,0,0
2301,0,0,0,0,-1,0,1,1,0,0,0,1,1,0,1,0,0,0,-1,0,1,0,-1,1,0,0,0,0,0,1,0,0,1,0,-1,-1,0,0,-1,-1,0,0,1,0,1,0,0,0,0,-1,0,0,1,0,-1,0,0,0,0,0,0,1,1,0
2302,0,0,-1,0,0,0,-1,0,0,1,0,-1,0,0,0,-1,-1,-1,0,1,0,0,0,0,-1,0,0,1,0,0,-1,0,1,0,-1,1,0,0,0,0,0,1,0,0,0,-1,-1,0,-1,0,0,-1,0,1,0,-1,0,1,-1,0,0,-1,-1,0
2303,0,0,1,0,0,0,-1,0,1,0,0,0,0,-1,0,0,0,0,0,1,0,0,-1,1,1,0,0,0,1,0,0,0,0,0,0,0,0,0,-1,0,-1,0,0,0,0,0,1,1,0,-1,0,1,0,1,0,0,-1,1,0,0,0,0,-1,1
2304,0,0,0,0,1,0,0,1,0,0,0,0,1,1,0,0,0,0,0,-1,-1,-1,0,0,-1,-1,1,0,0,1,1,-1,1,0,0,0,0,0,0,0,-1,-1,1,1,0,1,-1,0,-1,-1,0,1,0,0,1,-1,0,0,0,-1,0,0,0,0
2305,-1,1,1,0,1,0,0,0,-1,-1,0,0,1,0,0,1,-1,-1,-1,1,0,0,0,-1,-1,0,0,0,-1,0,0,1,0,0,0,-1,0,1,0,1,0,0,0,0,0,0,0,0,0,0,1,-1,0,0,0,0,0,0,0,-1,0,0,0,1
2306,-1,0,0,1,0,1,0,0,1,0,-1,0,0,0,1,-1,0,0,1,0,0,0,0,0,0,0,0,-1,0,0,-1,1,1,0,1,0,0,0,0,0,-1,0,0,0,0,-1,0,0,0,0,0,0,-1,0,-1,-1,0,0,0,-1,0,0,0,-1
2307,-1,1,0,0,0,0,0,-1,0,-1,-1,1,0,0,0,0,-1,-1,0,0,0,0,0,0,-1,0,0,0,0,0,0,0,1,0,-1,0,0,0,0,0,0,0,-1,0,-1,-1,-1,0,1,0,1,0,1,-1,0,0,0,0,0,0,-1,-1,0,1
2308,1,0,0,0,0,0,-1,1,0,0,1,1,-1,0,0,0,-1,1,0,1,1,-1,0,0,0,0,0,0,0,-1,0,0,0,0,0,0,0,0,0,0,0,1,0,0,0,1,1,0,1,-1,0,0,0,0,-1,-1,0,1,0,0,0,0,1,1
2309,1,0,0,-1,0,0,0,-1,-1,1,-1,0,0,0,0,1,0,0,0,1,0,0,1,0,1,0,0,-1,1,0,0,0,0,0,0,0,0,0,0,1,0,1,0,0,0,-1,0,0,0,-1,-1,0,0,0,0,0,1,1,0,0,-1,0,0,0
2310,0,0,-1,-1,0,0,0,0,0,0,-1,0,1,0,0,0,-1,0,0,-1,0,0,-1,0,0,0,0,0,0,0,-1,0,0,0,0,0,-1,1,0,0,0,0,0,0,0,0,1,1,1,0,0,0,0,0,-1,0,0,0,0,-1,-1,0,0,1
2311,1,0,0,0,1,0,1,0,1,0,0,-1,0,1,-1,0,1,0,1,0,0,0,0,1,-1,-1,-1,0,0,0,1,0,0,0,0,0,0,0,-1,0,0,0,0,0,0,0,0,0,0,0,0,-1,0,1,0,0,0,0,0,0,0,0,0,0
2312,0,0,0,0,-1,1,-1,1,0,0,0,0,0,0,0,0,0,0,0,1,-1,0,1,1,0,0,1,-1,0,0,1,0,0,0,0,-1,0,0,0,0,0,0,0,0,-1,0,-1,0,0,0,0,0,1,0,0,0,1,1,-1,1,0,0,1,0
2313,-1,0,1,0,-1,0,0,1,0,0,1,0,0,1,0,0,1,0,1,0,0,1,0,0,0,0,1,0,0,0,0,0,0,1,0,0,0,1,0,-1,-1,0,0,-1,-1,-1,1,0,0,0,1,1,0,0,0,1,0,-1,0,0,0,0,0,0
2314,0,0,0,-1,0,-1,-1,0,1,0,0,0,-1,0,0,0,0,-1,0,0,0,1,0,1,0,1,0,0,0,0,0,0,0,0,0,0,0,0,1,0,-1,1,1,0,0,0,0,0,0,1,0,0,0,0,1,1,0,0,-1,0,1,0,0,0
2315,-1,0,0,0,0,-1,0,-1,0,0,0,0,0,0,0,0,0,0,0,0,0,0,1,0,-1,-1,0,0,1,0,1,1,1,-1,0,1,0,0,0,-1,0,0,0,1,1,0,0,1,0,0,-1,0,0,1,0,0,1,0,1,0,0,0,0,1
2316,0,0,0,-1,0,-1,1,0,-1,0,0,1,0,0,0,0,0,0,0,-1,0,0,0,0,0,0,0,1,0,0,1,-1,0,0,1,1,0,0,0,-1,0,0,0,-1,0,-1,-1,1,0,0,-1,-1,0,1,0,0,0,1,1,0,-1,0,0,0
2317,0,-1,1,0,0,0,0,0,0,0,0,0,0,-1,-1,0,0,0,1,0,-1,0,1,1,0,-1,0,0,0,0,1,1,0,0,1,0,0,0,-1,0,1,0,-1,1,0,0,1,0,-1,0,0,0,0,-1,0,0,0,0,0,0,0,-1,0,0
2318,-1,0,0,1,-1,0,0,0,0,0,0,0,-1,0,0,0,0,0,0,-1,1,0,0,1,-1,0,1,0,-1,0,0,0,0,1,0,0,0,0,-1,1,0,-1,1,-1,-1,0,-1,-1,1,1,0,0,0,0,-1,0,-1,0,0,0,-1,0,0,0
2319,-1,1,-1,0,1,-1,0,0,0,0,-1,1,0,1,0,0,-1,-1,0,0,0,1,0,-1,0,0,0,0,0,0,0,1,0,1,0,0,0,1,0,0,0,0,0,0,0,0,0,0,1,0,0,0,0,1,-1,0,0,0,0,-1,1,-1,0,0
2320,0,0,0,-1,1,-1,0,-1,-1,1,0,-1,-1,0,1,0,1,0,0,0,0,0,0,0,-1,0,0,0,0,0,1,1,0,1,0,1,0,-1,0,1,0,0,0,-1,-1,0,1,0,0,0,0,1,0,-1,1,-1,0,0,-1,0,-1,0,0,0
2321,-1,1,0,0,1,1,0,0,0,-1,0,0,0,0,1,0,0,0,0,0,0,1,0,0,0,0,0,1,0,0,0,0,0,1,-1,0,0,0,-1,0,0,0,1,0,0,0,0,-1,0,0,1,0,0,0,0,0,0,1,0,0,0,1,1,0
2322,0,0,0,1,0,0,0,0,1,-1,0,0,1,0,1,1,0,0,-1,1,0,0,0,0,0,0,0,0,-1,0,-1,0,0,0,1,-1,0,0,0,0,1,0,-1,0,-1,0,-1,0,0,-1,0,-1,0,0,-1,0,1,-1,0,0,0,0,-1,0
2323,0,0,1,-1,0,-1,0,0,-1,0,0,-1,1,0,1,0,0,0,0,0,0,0,0,1,-1,0,0,0,0,0,0,0,0,0,0,0,0,0,-1,0,-1,0,0,1,1,0,0,0,0,0,1,-1,0,0,0,0,0,0,0,-1,0,1,1,0
2324,0,0,1,0,0,0,1,-1,1,-1,-1,0,0,0,0,-1,0,-1,1,0,0,-1,0,0,0,1,-1,0,-1,0,0,0,-1,0,0,1,1,0,0,-1,1,0,1,0,0,-1,0,0,-1,0,0,1,0,0,1,-1,-1,0,0,0,-1,0,0,1
2325,0,0,0,-1,-1,1,0,0,0,0,0,0,0,0,1,0,0,1,0,0,0,0,0,0,0,0,-1,0,-1,0,0,0,0,1,0,-1,0,0,0,0,0,0,0,0,0,0,1,0,0,0,0,-1,0,0,0,0,1,0,1,0,0,0,0,0
2326,0,1,-1,0,-1,0,0,0,1,-1,1,0,-1,1,0,0,-1,0,1,-1,-1,1,0,0,-1,0,-1,1,0,0,1,0,0,-1,-1,0,0,0,1,-1,1,0,1,0,0,0,0,0,0,0,0,-1,1,0,-1,0,1,-1,0,0,-1,0,0,0
2327,0,0,1,0,1,0,0,0,0,0,1,0,0,0,1,0,1,0,0,0,0,0,0,0,0,0,0,-1,-1,0,0,0,0,0,0,0,1,-1,0,0,0,0,0,0,-1,0,0,-1,0,1,-1,1,0,0,1,0,1,-1,0,0,-1,-1,0,0
2328,0,-1,0,1,0,-1,-1,1,0,0,-1,0,0,0,1,0,0,0,0,0,0,-1,1,0,0,1,-1,0,0,0,0,1,0,0,1,0,0,1,0,0,0,1,0,-1,1,0,-1,0,0,0,-1,-1,0,0,1,0,0,0,0,0,1,-1,0,0
2329,-1,0,0,0,0,-1,1,0,0,0,-1,0,0,0,0,0,0,1,0,0,0,1,0,-1,-1,0,1,1,0,0,0,1,-1,0,0,0,0,1,0,0,-1,0,1,0,0,-1,0,0,0,0,-1,1,-1,0,0,0,1,1,-1,1,0,0,1,1
2330,0,1,0,0,0,0,0,0,1,1,-1,0,0,0,0,0,0,1,0,0,-1,0,0,0,0,0,0,0,0,-1,0,0,0,0,0,1,0,0,-1,1,-1,-1,1,0,0,-1,-1,1,0,1,0,0,1,-1,0,0,0,0,0,0,1,-1,0,0
2331,0,0,1,1,0,0,0,1,0,1,-1,0,0,0,0,1,0,0,-1,0,0,0,1,1,-1,-1,0,1,1,0,0,-1,0,-1,0,0,0,0,0,0,0,0,0,1,-1,0,0,1,0,-1,0,0,0,0,0,0,0,0,0,-1,0,0,0,0
2332,0,1,-1,-1,-1,0,0,1,-1,0,0,0,0,0,-1,1,0,0,1,0,0,0,0,0,1,1,0,0,-1,0,1,0,-1,0,0,-1,0,0,0,0,1,1,-1,0,1,0,0,0,-1,-1,0,-1,-1,0,0,-1,0,0,0,-1,0,0,0,1
2333,-1,0,1,0,1,1,0,1,0,0,0,0,-1,0,1,-1,0,0,0,0,0,1,1,0,0,0,0,0,1,0,0,1,1,0,0,0,0,0,-1,0,1,1,1,-1,0,0,0,0,0,0,1,0,0,0,-1,0,0,1,0,1,0,0,0,-1
2334,0,0,-1,0,0,1,0,-1,0,0,0,0,1,0,0,0,-1,1,-1,0,0,-1,0,0,0,1,-1,0,0,0,0,0,0,0,0,0,0,0,-1,0,0,1,0,1,0,0,-1,0,0,0,0,0,0,0,0,0,0,0,0,0,0,0,0,0
2335,-1,-1,-1,-1,0,0,0,0,0,0,-1,0,-1,0,0,1,0,0,0,0,0,1,0,-1,-1,-1,0,1,0,1,1,-1,0,0,1,-1,0,0,0,1,-1,1,-1,-1,0,0,0,-1,0,0,0,0,1,0,0,0,0,1,1,0,-1,0,1,0
2336,0,0,0,0,0,0,0,0,0,-1,0,0,0,-1,0,1,0,1,0,0,0,0,0,1,0,0,-1,0,0,0,0,-1,1,0,0,0,0,1,1,0,1,0,0,0,0,0,0,0,0,-1,0,0,1,0,0,0,-1,0,0,0,0,0,0,1
2337,0,0,0,-1,1,0,1,1,0,0,0,-1,0,0,0,0,0,0,-1,0,0,0,0,-1,0,1,-1,0,0,0,0,-1,1,0,0,-1,-1,0,0,-1,0,-1,0,-1,0,1,0,-1,0,0,0,-1,0,0,1,0,1,0,0,-1,1,1,0,0
2338,-1,0,0,0,0,0,0,0,-1,0,1,0,-1,0,-1,0,0,0,-1,0,0,0,-1,0,0,1,0,0,0,0,-1,0,1,0,0,0,0,0,-1,0,1,-1,0,0,0,0,-1,0,1,1,-1,0,1,0,0,0,1,0,1,-1,0,-1,0,0
2339,1,1,0,0,0,0,0,-1,0,0,0,1,-1,0,0,1,0,0,0,0,0,0,0,0,0,0,1,0,1,0,0,0,0,0,0,1,0,-1,0,0,0,1,1,1,0,0,-1,-1,0,0,-1,1,0,0,1,0,0,0,0,0,0,1,0,1
2340,0,0,0,1,0,0,0,-1,0,1,-1,0,0,0,0,0,-1,-1,0,0,1,0,0,0,-1,0,0,-1,0,0,-1,0,0,1,0,0,0,-1,0,1,1,0,0,0,1,0,0,-1,0,0,0,0,0,0,0,0,0,0,0,-1,0,0,0,1
2341,0,0,0,0,0,0,0,1,0,-1,0,0,-1,-1,0,0,0,0,0,-1,1,1,1,0,0,0,-1,0,0,1,0,-1,0,0,0,-1,-1,0,0,1,0,0,-1,0,1,0,1,1,0,0,-1,0,1,0,1,0,0,-1,0,1,0,-1,0,0
2342,-1,0,0,0,1,-1,0,-1,1,0,0,0,1,-1,-1,1,0,0,0,-1,-1,0,0,-1,0,1,0,0,0,1,1,0,0,0,0,1,0,1,0,-1,0,1,0,1,0,0,-1,0,0,0,-1,-1,0,-1,0,0,-1,0,0,1,1,0,0,1
2343,0,0,0,0,0,0,0,0,0,0,0,0,0,0,0,1,-1,0,0,0,1,1,1,1,-1,0,1,0,0,0,-1,1,-1,0,1,0,-1,0,0,0,0,-1,0,0,0,0,-1,0,0,0,0,-1,0,0,0,0,1,0,0,0,0,0,0,0
2344,0,0,1,0,1,0,0,0,0,0,-1,-1,-1,0,0,0,0,-1,0,0,0,0,0,0,-1,0,0,-1,0,0,0,-1,0,-1,0,0,0,0,-1,0,1,1,0,-1,0,1,0,0,-1,0,0,-1,0,1,0,-1,1,0,0,0,-1,0,-1,-1
2345,0,0,0,0,1,-1,0,0,0,0,-1,-1,0,-1,0,-1,0,1,-1,1,1,-1,-1,1,0,0,0,0,0,1,0,1,0,0,0,0,0,1,0,-1,0,0,1,-1,0,0,-1,1,0,0,1,-1,0,1,1,0,-1,0,1,-1,1,0,0,0
2346,1,-1,0,0,1,0,0,0,0,0,-1,0,0,0,-1,0,-1,0,0,0,0,0,0,0,0,0,1,1,0,0,0,0,1,0,0,-1,0,1,0,0,1,0,0,0,0,0,0,-1,0,-1,-1,0,-1,-1,0,1,0,0,0,0,0,0,-1,1
2347,0,0,1,0,0,0,0,0,0,-1,-1,1,0,0,-1,1,0,-1,0,-1,1,0,0,0,0,-1,0,1,1,1,0,-1,0,0,0,0,1,0,0,0,-1,1,0,-1,1,-1,0,0,1,0,0,-1,1,0,-1,1,0,0,0,0,0,0,0,0
2348,-1,0,0,-1,1,0,0,0,1,1,1,0,0,1,1,0,1,0,1,0,0,0,1,0,1,-1,-1,0,0,-1,1,1,0,0,-1,1,0,0,-1,0,0,1,0,-1,0,0,0,0,0,0,1,0,0,-1,0,-1,0,0,0,0,0,0,0,1
2349,-1,0,0,-1,0,0,1,1,0,0,0,0,-1,0,0,0,0,0,0,0,0,0,0,0,-1,0,1,0,0,1,0,0,0,1,0,0,1,1,0,0,0,0,0,0,-1,-1,0,1,1,0,0,0,1,1,0,0,0,0,0,0,-1,0,0,0
2350,0,0,-1,0,0,0,0,0,0,0,0,0,0,1,0,-1,0,0,1,0,0,0,0,0,0,0,0,1,0,0,-1,-1,0,0,1,0,1,1,1,0,0,1,0,0,0,0,1,-1,0,0,0,0,0,0,0,0,1,1,-1,0,0,0,1,1
2351,1,0,0,0,0,1,0,1,1,0,0,0,0,1,1,0,1,0,-1,0,-1,0,-1,1,0,0,0,0,0,0,0,0,0,0,1,0,0,0,1,1,0,0,0,0,0,1,0,-1,0,1,0,0,1,0,0,0,0,-1,1,0,0,-1,1,0
2352,0,0,0,0,0,1,1,0,0,-1,0,0,0,0,0,0,-1,0,1,-1,-1,0,-1,0,0,-1,-1,0,1,0,0,0,0,0,0,-1,0,0,1,0,0,0,0,0,0,0,0,-1,0,-1,0,0,0,1,-1,0,0,1,0,0,0,0,0,0
2353,0,0,0,0,0,1,0,0,-1,0,0,0,0,0,0,0,0,1,0,0,0,0,0,0,1,1,0,0,-1,0,0,0,0,0,0,0,-1,0,0,0,0,0,0,0,-1,0,1,0,0,-1,1,0,0,0,1,0,1,0,-1,0,1,0,0,1
2354,1,0,0,0,-1,0,0,1,0,0,0,0,1,1,-1,0,0,0,0,-1,1,1,0,1,1,0,-1,0,0,0,0,0,0,1,-1,-1,0,1,1,0,-1,0,1,0,0,0,0,-1,-1,1,0,-1,1,0,0,0,0,0,1,1,1,0,0,-1
2355,0,0,0,1,0,0,0,0,0,0,0,0,0,1,1,0,0,0,0,-1,1,0,-1,-1,0,0,1,1,0,0,0,0,0,1,1,0,-1,0,0,1,1,0,0,0,0,1,0,1,1,0,0,0,0,0,1,1,0,0,0,-1,0,0,0,0
2356,1,0,-1,-1,0,1,-1,0,1,1,0,0,0,0,0,-1,0,-1,0,0,0,0,0,0,0,-1,0,0,0,0,0,-1,0,-1,0,1,0,0,1,0,0,0,0,0,0,-1,-1,0,1,0,0,1,1,0,0,0,1,0,0,0,0,-1,0,1
2357,-1,0,1,0,0,1,0,1,-1,0,-1,0,1,0,1,-1,-1,1,1,-1,1,0,-1,0,0,0,0,0,1,0,0,0,0,0,0,0,0,0,0,0,0,0,0,1,0,0,0,-1,0,0,0,0,0,0,0,1,0,0,-1,1,1,1,0,1
2358,0,0,0,-1,0,0,0,1,0,1,0,-1,0,0,1,0,0,0,0,0,0,0,0,0,1,-1,0,0,0,0,0,0,1,0,0,0,0,0,0,-1,0,0,0,-1,0,0,0,0,0,0,0,1,0,0,0,0,0,0,1,1,0,0,1,0
2359,-1,0,0,1,0,0,-1,-1,0,0,0,0,0,0,0,-1,0,0,0,0,0,0,-1,0,0,0,0,0,0,0,0,0,1,0,0,-1,1,0,0,-1,0,0,-1,0,0,0,0,1,1,0,0,0,0,0,-1,1,1,-1,0,1,0,-1,0,0
2360,0,0,1,1,-1,0,0,0,0,0,-1,0,0,0,0,0,-1,0,-1,1,0,0,0,1,0,0,0,-1,0,0,1,0,0,0,1,0,0,-1,0,0,0,0,0,0,0,-1,1,0,0,-1,0,0,0,0,-1,0,0,1,-1,0,1,0,0,-1
2361,0,0,0,0,-1,0,1,0,0,-1,-1,1,0,0,1,1,0,0,0,0,1,1,1,0,1,-1,0,0,0,0,0,-1,1,0,0,0,0,0,0,0,0,0,-1,0,0,0,-1,0,0,-1,0,0,0,0,-1,0,-1,0,0,-1,0,0,0,0
2362,-1,0,0,1,0,1,0,0,0,0,0,0,0,0,0,0,0,1,0,0,0,0,1,-1,-1,0,1,0,1,0,0,1,0,1,0,0,0,0,0,0,0,0,0,0,-1,0,0,0,0,0,-1,0,0,0,-1,0,1,-1,0,0,-1,0,0,0
2363,0,0,-1,0,0,1,0,0,0,-1,0,0,0,0,0,0,0,0,0,0,0,0,0,0,0,-1,0,-1,0,0,0,1,0,0,0,1,-1,0,0,0,0,1,1,0,1,-1,0,0,0,0,0,-1,1,-1,0,-1,1,0,-1,0,0,1,0,1
2364,-1,0,0,0,0,0,1,-1,0,0,0,1,-1,1,1,0,0,0,-1,0,0,0,0,0,1,0,0,-1,-1,0,0,1,0,1,0,1,0,1,0,0,0,0,0,0,0,0,0,1,1,-1,0,0,-1,-1,1,-1,1,0,-1,0,0,0,1,0
2365,-1,0,1,0,1,0,-1,-1,0,0,0,0,-1,-1,0,1,0,1,0,0,-1,0,-1,1,0,0,0,0,0,-1,0,0,0,0,0,0,1,0,0,0,0,1,-1,0,1,0,0,0,0,-1,0,0,0,-1,-1,0,1,-1,0,0,0,-1,0,0
2366,0,1,1,0,0,1,0,-1,0,-1,0,1,0,1,-1,0,1,0,0,-1,0,0,0,1,0,0,1,-1,0,0,0,0,0,0,0,1,-1,0,0,0,-1,0,-1,1,0,0,0,0,1,1,0,0,1,0,0,0,-1,-1,0,1,0,0,-1,1
2367,0,0,0,0,0,1,1,0,0,1,0,0,0,0,0,0,0,-1,0,1,0,0,0,1,0,0,0,0,0,0,-1,1,0,0,0,0,-1,1,0,0,0,0,0,-1,0,0,1,0,0,0,0,0,0,0,0,0,-1,0,-1,-1,0,-1,0,0
2368,0,-1,0,1,-1,0,1,0,1,-1,0,0,0,0,1,1,0,0,0,0,0,0,0,0,0,0,0,-1,0,1,0,0,1,0,0,0,0,0,0,1,1,0,0,1,0,-1,1,0,0,1,0,0,-1,0,-1,0,-1,1,0,1,1,0,-1,0
2369,0,1,0,0,0,-1,0,0,0,1,0,-1,0,-1,0,0,0,0,0,-1,1,0,0,0,1,0,1,0,0,0,0,-1,0,0,0,0,-1,0,1,0,0,1,0,0,0,0,1,1,1,0,0,0,0,0,0,0,1,0,-1,0,0,1,0,1
2370,1,0,0,0,0,-1,0,0,0,-1,0,0,0,0,0,0,0,0,-1,0,0,0,-1,1,1,0,-1,0,0,0,0,0,0,0,0,0,-1,0,-1,1,-1,0,-1,0,0,0,0,0,0,0,0,0,0,-1,0,1,1,1,1,0,-1,1,-1,0
2371,0,-1,0,0,0,-1,0,0,0,-1,1,0,0,0,0,0,1,0,0,0,0,0,0,0,0,0,1,0,0,1,1,1,0,-1,0,1,0,-1,-1,0,1,-1,-1,1,1,0,-1,1,0,0,0,0,0,0,0,-1,0,0,0,-1,0,0,0,0
2372,0,0,-1,1,-1,0,0,0,1,0,-1,0,-1,0,0,0,0,1,0,0,-1,-1,0,0,0,0,1,0,0,1,0,-1,-1,0,0,1,0,-1,-1,1,0,0,1,1,-1,-1,0,0,1,0,1,0,0,0,-1,-1,0,0,-1,0,-1,0,0,0
2373,1,0,0,0,0,0,0,1,-1,0,0,0,-1,0,0,0,-1,1,1,1,0,0,0,-1,0,0,-1,1,0,0,1,0,1,0,1,-1,0,0,1,0,0,0,0,0,0,0,-1,0,0,1,-1,0,0,0,1,0,0,0,0,0,-1,0,0,0
2374,0,0,0,1,-1,0,0,0,0,0,0,-1,0,0,1,-1,0,0,0,0,0,1,-1,0,-1,1,0,1,0,0,0,-1,0,0,-1,-1,1,0,0,0,1,0,-1,0,0,0,0,0,0,0,-1,0,0,0,0,0,0,0,0,-1,-1,0,0,0
2375,0,0,1,1,0,-1,0,0,0,0,0,0,0,0,0,-1,-1,0,-1,0,0,0,0,-1,0,0,0,0,0,0,-1,0,1,0,0,-1,0,-1,-1,0,1,0,-1,0,-1,0,1,-1,-1,0,-1,0,1,0,0,1,0,0,0,0,-1,0,0,1
2376,1,1,0,0,0,0,0,0,0,1,0,-1,0,0,-1,0,-1,0,1,0,0,-1,1,1,0,0,0,1,0,0,0,-1,0,-1,1,0,0,0,0,1,0,-1,-1,0,0,-1,0,0,0,0,0,0,0,0,0,1,0,0,1,1,0,0,1,0
2377,0,0,0,-1,0,-1,-1,0,1,-1,0,0,0,0,0,1,0,0,-1,0,1,0,-1,0,0,0,0,0,0,0,-1,-1,0,1,0,0,1,0,0,0,0,-1,0,0,1,0,0,1,-1,1,1,0,-1,0,0,0,1,0,0,-1,-1,0,0,0
2378,-1,0,1,0,0,0,1,0,0,-1,0,0,0,0,-1,0,0,0,0,1,0,0,1,0,0,-1,0,1,0,0,0,0,0,1,0,0,1,-1,1,-1,0,0,0,0,0,0,0,0,0,0,0,-1,-1,0,-1,0,0,0,0,0,0,0,1,0
2379,0,0,0,1,0,0,-1,-1,-1,0,-1,0,1,0,0,1,0,1,0,0,-1,1,0,0,1,0,0,0,0,0,0,-1,1,0,0,0,0,0,0,0,1,-1,0,0,0,-1,0,1,-1,0,0,1,0,0,0,0,0,-1,0,0,1,0,0,1
2380,0,0,0,0,0,0,1,1,0,0,0,0,0,-1,0,0,-1,-1,0,0,-1,0,-1,0,0,0,1,0,0,0,0,-1,0,0,0,0,0,0,1,-1,0,0,0,0,0,-1,0,0,0,0,-1,0,-1,1,0,1,1,1,0,0,0,1,1,0
2381,0,1,0,0,0,0,0,0,0,0,-1,0,0,0,0,1,0,1,-1,0,0,0,0,0,0,0,0,1,0,0,-1,0,0,0,0,0,0,1,-1,1,0,0,0,0,0,0,0,-1,0,0,-1,1,0,0,0,0,0,-1,0,-1,0,0,0,-1
2382,0,0,0,0,0,0,1,1,-1,1,0,-1,0,-1,0,0,-1,1,0,0,0,0,0,0,1,0,0,-1,0,-1,1,0,0,0,0,1,1,0,0,0,0,-1,0,0,0,0,1,0,-1,0,0,1,1,1,0,-1,0,0,-1,1,-1,0,0,1
2383,0,-1,1,1,1,0,0,0,0,0,0,0,0,0,0,0,0,0,0,0,1,0,0,0,-1,0,0,0,0,-1,0,0,0,0,0,0,0,0,-1,0,0,-1,0,0,1,0,0,0,0,0,0,0,-1,0,1,0,0,-1,0,0,1,0,-1,1
2384,-1,0,0,0,1,0,1,-1,0,1,1,1,0,0,0,0,1,0,-1,0,0,0,1,0,1,0,0,0,1,-1,0,-1,0,-1,1,0,0,0,0,-1,0,-1,0,0,0,0,0,0,0,0,0,0,0,0,-1,0,0,0,0,0,1,0,0,0
2385,0,0,-1,0,0,-1,1,0,1,-1,1,-1,0,1,0,0,0,1,0,0,0,0,0,0,0,1,1,1,1,1,0,1,-1,0,-1,1,1,0,0,0,0,0,0,0,1,0,1,-1,0,1,-1,0,0,0,0,-1,0,0,0,-1,1,0,-1,1
2386,0,0,0,-1,0,1,1,0,0,0,1,0,0,0,-1,1,0,0,0,0,1,0,0,0,-1,1,0,0,1,0,0,0,-1,-1,0,0,1,0,-1,-1,0,0,-1,0,0,0,-1,-1,0,-1,0,0,0,-1,-1,0,-1,-1,0,0,1,0,0,-1
2387,1,0,0,0,0,0,0,0,1,0,0,1,-1,0,0,1,-1,-1,0,0,0,0,0,-1,0,0,1,-1,0,0,0,0,1,0,1,0,-1,0,0,0,0,0,0,1,0,0,0,0,0,0,0,-1,0,-1,0,1,-1,0,0,1,0,0,0,1
2388,0,0,0,1,0,-1,0,0,0,0,0,0,0,0,0,0,0,-1,0,0,0,0,0,0,-1,1,0,0,0,0,0,-1,0,0,0,0,-1,0,-1,1,0,0,0,0,0,0,0,0,0,0,0,0,0,0,0,0,0,0,-1,-1,-1,0,1,0
2389,1,-1,0,1,0,1,1,0,1,1,0,1,0,0,0,1,0,1,0,0,1,0,0,1,1,-1,0,-1,0,0,0,0,0,0,0,0,1,-1,0,0,-1,0,-1,0,0,1,0,0,0,-1,-1,-1,0,0,0,1,-1,0,0,0,0,0,0,0
2390,0,0,0,0,0,-1,0,0,0,0,0,0,0,0,-1,0,0,0,-1,0,0,0,0,0,-1,0,0,0,0,0,1,0,0,-1,0,0,0,-1,0,-1,1,0,-1,0,0,0,0,1,0,0,0,0,0,0,1,0,0,-1,1,0,0,1,-1,-1
2391,0,0,0,0,0,1,1,1,0,0,-1,0,0,0,0,0,0,-1,-1,1,0,0,0,0,-1,0,1,0,1,0,0,0,-1,0,0,1,0,0,0,0,0,1,0,1,-1,0,0,-1,1,0,0,0,1,0,0,0,-1,0,0,0,-1,0,1,-1
2392,0,0,1,0,0,0,0,-1,0,0,0,0,0,0,0,-1,-1,0,0,0,0,0,0,1,1,1,0,0,0,-1,0,0,0,1,0,1,-1,1,1,0,1,0,0,0,0,0,0,0,0,1,-1,0,1,1,0,-1,0,-1,0,0,0,0,-1,0
2393,0,0,0,1,-1,-1,0,0,-1,-1,0,0,1,0,0,0,1,-1,0,0,0,-1,0,1,-1,0,0,0,0,0,-1,0,0,0,1,0,1,0,-1,1,0,-1,0,0,1,1,0,1,-1,0,0,0,1,0,0,0,-1,0,1,-1,0,0,0,1
2394,0,-1,0,0,0,0,-1,0,0,0,0,0,0,0,1,0,-1,-1,0,1,0,0,0,0,1,-1,0,-1,0,0,1,0,0,0,1,-1,-1,0,1,-1,-1,0,0,0,-1,-1,0,0,0,0,0,0,-1,0,1,1,-1,0,0,0,0,0,-1,0
2395,-1,-1,0,0,0,-1,-1,0,0,1,0,0,1,-1,1,1,1,0,0,0,0,-1,0,1,0,-1,0,0,-1,0,0,-1,-1,0,0,-1,1,0,0,0,-1,-1,0,0,-1,-1,0,1,0,0,0,1,0,0,0,1,-1,-1,1,0,-1,0,0,0
2396,0,-1,0,0,0,0,1,0,0,-1,1,-1,0,0,1,0,1,-1,-1,1,0,-1,-1,0,0,0,0,0,0,0,0,0,0,0,-1,0,0,0,1,0,0,-1,0,0,0,0,0,0,1,0,0,0,0,0,0,0,1,0,1,0,0,0,0,-1
2397,0,-1,0,0,0,1,0,0,1,0,1,1,0,-1,0,0,0,0,-1,0,0,1,0,0,0,0,0,-1,0,0,0,1,0,0,-1,-1,0,1,0,0,-1,0,0,0,1,0,0,-1,0,0,0,1,0,0,0,0,0,0,0,1,0,0,0,0
2398,0,0,0,1,-1,0,0,0,0,0,0,-1,0,0,-1,0,0,1,-1,-1,-1,0,0,-1,0,0,0,0,0,0,0,0,0,-1,0,1,0,0,-1,0,-1,-1,-1,0,0,0,0,0,0,0,-1,0,0,0,0,0,0,0,-1,1,0,-1,0,-1
2399,0,1,0,0,0,0,1,1,0,0,0,-1,1,1,-1,-1,-1,0,0,0,0,-1,0,1,1,-1,0,-1,0,-1,0,0,1,0,1,0,1,0,0,0,0,0,0,0,0,0,1,0,0,0,0,0,1,1,1,-1,0,0,0,0,-1,0,0,1
2400,0,0,1,1,1,0,0,0,0,1,0,-1,0,1,1,0,-1,0,1,0,0,0,0,0,0,1,0,0,0,0,0,1,1,0,-1,1,1,0,0,0,-1,-1,0,0,1,0,-1,0,-1,0,1,-1,0,-1,0,0,1,1,0,0,0,-1,-1,0
2401,0,0,0,0,0,0,1,0,-1,0,0,0,0,0,0,0,0,0,-1,0,1,-1,0,0,0,0,0,0,1,0,1,0,0,0,0,0,0,1,-1,0,-1,0,1,1,0,1,-1,0,-1,0,0,0,0,0,0,0,0,0,0,0,-1,0,1,0
2402,1,0,0,0,0,0,0,0,0,0,0,0,0,0,1,1,0,0,-1,0,1,0,0,1,0,0,0,1,0,-1,0,0,0,-1,0,0,1,0,0,0,0,0,0,0,0,0,0,0,0,0,-1,-1,0,-1,0,-1,0,0,-1,0,1,-1,0,1
2403,-1,-1,0,0,1,0,-1,-1,0,0,1,0,1,1,0,-1,1,0,0,0,0,0,0,1,0,0,-1,0,0,0,1,0,0,0,-1,0,0,0,-1,0,0,1,1,0,-1,1,0,1,0,0,-1,0,0,1,0,0,0,0,0,0,-1,0,-1,0
2404,0,0,1,0,0,0,0,0,-1,-1,1,0,0,0,0,0,0,1,0,-1,1,0,0,0,0,1,-1,0,0,0,0,0,0,0,0,0,0,1,0,1,0,0,0,0,0,0,1,0,0,0,-1,0,0,0,0,1,-1,-1,1,0,0,-1,0,0
2405,1,-1,0,0,-1,0,0,0,1,0,1,1,1,0,0,-1,0,0,0,0,0,0,1,0,0,0,-1,-1,0,0,0,0,0,0,-1,0,0,0,0,1,0,0,0,0,1,0,0,0,-1,1,0,0,0,0,-1,0,1,1,-1,0,0,1,0,0
2406,-1,0,0,0,-1,0,0,0,-1,0,0,1,0,1,0,0,0,0,0,0,0,0,-1,0,-1,0,1,-1,0,0,0,-1,0,0,0,-1,-1,0,0,0,0,0,0,0,0,0,1,0,0,1,0,0,1,0,0,0,1,0,1,0,0,0,0,-1
2407,0,-1,0,1,-1,-1,-1,-1,-1,-1,1,0,0,0,0,1,0,0,0,0,0,0,0,0,0,-1,0,0,-1,0,0,0,0,0,0,0,0,0,0,0,0,0,-1,0,-1,0,0,-1,0,0,0,1,0,1,0,-1,1,0,0,0,1,0,0,1
2408,0,0,0,-1,-1,0,0,0,1,0,0,0,0,0,0,0,1,1,-1,0,0,0,0,1,0,0,0,-1,-1,0,-1,0,0,0,0,0,1,0,-1,0,-1,-1,0,-1,0,0,1,0,0,0,0,0,0,1,-1,0,0,0,-1,0,1,-1,0,-1
2409,0,1,-1,-1,0,0,0,0,0,0,1,0,0,1,1,-1,0,-1,-1,0,-1,0,-1,0,0,0,0,0,-1,-1,-1,-1,0,0,0,0,0,0,0,0,0,0,0,0,0,1,0,1,1,-1,0,0,0,0,0,0,0,0,1,0,0,0,-1,0
2410,1,0,-1,0,1,0,0,-1,0,1,0,0,0,-1,0,0,0,0,1,0,0,0,-1,-1,0,0,1,0,0,0,0,1,0,0,0,1,1,1,0,0,-1,0,-1,1,-1,1,0,0,-1,-1,0,1,-1,1,0,1,0,1,0,1,-1,1,0,1
2411,0,0,0,0,0,0,-1,0,-1,-1,0,0,1,0,0,0,0,1,1,0,0,-1,0,0,-1,-1,0,0,0,0,1,0,1,0,0,0,-1,0,0,0,0,0,0,0,0,-1,0,0,0,1,1,1,0,1,0,0,0,0,1,0,0,0,1,0
2412,0,-1,1,0,0,0,0,0,0,0,0,0,0,0,0,1,1,0,0,0,0,0,0,0,0,1,0,0,0,0,0,0,1,0,-1,1,0,0,0,-1,0,-1,0,1,0,0,-1,1,0,0,0,0,1,0,0,0,0,0,0,1,0,1,-1,0
2413,0,1,0,0,-1,0,1,1,-1,0,1,0,0,0,0,0,0,0,0,0,1,-1,0,0,0,0,-1,-1,0,1,-1,0,0,0,1,-1,0,1,0,0,0,0,0,0,0,-1,0,0,1,-1,0,0,0,0,0,0,0,-1,0,-1,-1,0,0,0
2414,0,0,0,0,0,0,1,0,0,0,1,1,1,-1,0,1,0,0,1,0,0,-1,-1,1,1,1,0,1,0,-1,0,0,0,1,0,0,-1,0,-1,0,0,0,0,0,-1,0,0,0,1,0,-1,0,0,1,0,1,0,0,0,-1,1,-1,1,0
2415,0,0,0,-1,-1,0,0,0,1,0,0,1,0,-1,0,-1,0,0,1,1,0,1,0,1,1,0,-1,0,1,0,0,1,-1,0,0,0,-1,0,0,-1,0,0,0,0,0,0,0,1,0,0,0,0,0,-1,0,0,0,0,0,-1,0,0,0,1
2416,1,-1,0,1,0,0,0,-1,-1,-1,1,0,0,1,1,0,1,-1,0,0,0,-1,-1,0,0,0,1,-1,1,1,0,0,1,-1,0,0,0,0,-1,0,0,0,0,-1,0,0,0,-1,1,-1,0,0,-1,0,0,0,-1,0,0,0,0,0,0,0
2417,0,0,-1,0,-1,1,1,0,0,0,0,1,-1,1,0,0,-1,0,0,1,0,-1,0,1,0,0,0,0,0,0,0,0,1,1,0,0,0,1,-1,0,0,0,1,1,0,1,0,0,0,0,0,1,0,0,-1,1,0,1,0,0,0,-1,1,-1
2418,-1,0,0,0,1,0,0,0,1,-1,-1,0,0,0,0,0,1,0,0,0,0,0,0,0,0,0,-1,0,0,0,0,0,1,-1,0,0,1,-1,-1,1,0,0,0,0,0,0,1,0,0,-1,0,-1,0,0,0,0,-1,-1,0,-1,1,-1,0,1
2419,0,0,0,0,0,1,-1,0,0,1,0,0,0,0,0,0,0,0,0,-1,0,0,-1,0,-1,-1,0,-1,0,1,0,0,0,0,0,0,1,0,-1,0,1,1,1,0,0,0,1,0,0,1,0,-1,0,-1,1,0,0,0,0,0,-1,1,0,0
2420,0,0,1,0,0,-1,0,0,1,0,1,0,0,-1,0,0,-1,0,0,0,0,0,0,-1,0,0,-1,0,0,0,0,0,1,0,0,0,1,0,0,0,0,0,1,1,0,-1,-1,0,0,0,0,0,0,-1,0,0,0,-1,0,0,0,0,0,1
2421,0,-1,0,0,1,1,0,0,0,0,0,0,1,1,0,0,1,-1,0,0,0,0,0,0,0,0,0,0,0,0,0,1,0,0,0,0,-1,0,1,0,1,0,0,0,0,0,0,0,0,0,0,-1,0,0,-1,1,0,1,-1,0,0,-1,0,1
2422,0,-1,0,1,-1,1,0,-1,1,1,0,1,0,0,0,0,1,0,0,1,0,0,-1,-1,0,-1,0,0,0,0,0,-1,0,0,1,0,1,0,1,1,0,0,1,0,0,0,0,0,0,0,0,0,0,1,-1,0,1,0,0,0,0,1,0,-1
2423,-1,0,0,0,1,0,-1,0,0,-1,0,1,1,0,0,-1,1,0,0,1,-1,0,1,0,0,1,0,0,-1,0,0,0,-1,0,-1,1,0,1,0,0,0,1,0,0,0,0,0,0,0,0,0,0,0,0,0,0,1,0,-1,1,0,0,0,0
2424,0,0,1,0,0,0,0,0,1,0,0,-1,0,0,0,0,0,1,0,1,0,1,0,-1,0,0,-1,0,0,0,0,0,-1,0,0,0,0,0,-1,-1,0,0,1,-1,0,0,-1,0,-1,0,0,0,0,0,0,0,-1,1,0,0,0,0,1,0
2425,-1,0,0,1,1,-1,1,0,1,0,0,1,1,1,0,0,0,0,0,0,0,0,0,0,-1,-1,0,0,0,0,1,0,0,1,0,1,0,0,0,-1,-1,1,-1,0,0,1,0,0,0,1,-1,-1,0,0,0,0,0,0,0,0,0,0,-1,-1
2426,0,0,0,1,0,0,0,0,0,-1,1,0,0,0,0,1,0,-1,0,1,0,0,-1,0,0,0,1,-1,-1,1,0,-1,-1,0,0,0,0,0,1,0,0,1,-1,0,0,0,-1,0,-1,0,0,1,-1,1,1,0,-1,-1,0,0,0,-1,-1,0
2427,-1,0,0,1,1,0,0,0,0,0,0,0,0,0,0,0,0,-1,0,0,0,-1,0,-1,0,1,-1,0,0,0,1,-1,0,-1,-1,-1,0,0,0,-1,0,0,-1,0,-1,0,0,-1,0,0,0,0,0,1,-1,-1,-1,0,0,0,1,0,0,0
2428,0,-1,0,0,-1,0,1,-1,0,0,-1,-1,0,0,0,0,0,0,-1,1,0,-1,0,-1,1,0,1,0,1,0,0,0,0,0,-1,0,0,1,1,-1,1,0,-1,1,0,1,0,0,0,0,0,1,0,-1,-1,0,0,-1,0,0,0,0,-1,0
2429,0,0,0,1,0,0,0,1,-1,0,1,0,0,0,-1,1,-1,0,0,1,1,1,1,0,0,0,0,-1,0,0,-1,0,0,0,-1,-1,1,1,-1,0,-1,0,1,1,0,0,0,0,1,0,0,1,0,1,0,0,1,-1,-1,1,0,-1,0,1
2430,0,1,0,0,0,1,0,0,0,-1,0,0,1,-1,1,-1,-1,0,0,0,0,0,0,-1,0,0,0,-1,-1,0,0,-1,0,0,0,0,0,0,0,0,0,1,1,0,0,0,-1,0,0,0,0,0,0,0,-1,1,1,0,-1,-1,0,0,0,1
2431,0,0,0,-1,1,-1,1,0,0,0,0,0,0,-1,1,0,-1,0,0,1,0,0,0,0,0,0,0,1,0,0,0,0,-1,1,0,0,0,0,0,-1,1,1,0,1,0,0,0,0,0,0,0,0,0,1,0,0,-1,1,0,0,0,0,0,0
2432,-1,0,0,0,1,0,0,-1,0,0,0,0,0,0,0,-1,0,-1,0,1,0,0,0,1,0,0,0,0,0,-1,0,0,0,-1,-1,0,1,-1,0,0,1,0,-1,0,0,0,0,-1,1,0,0,0,0,1,1,0,0,1,-1,0,0,0,-1,0
2433,0,1,0,0,0,0,1,0,1,-1,0,0,0,0,0,0,0,0,-1,0,0,-1,1,0,1,1,0,0,0,-1,-1,0,0,0,0,0,0,0,0,0,1,0,0,0,0,0,0,0,0,1,1,1,0,0,0,1,0,0,-1,-1,0,0,0,0
2434,-1,0,0,0,0,-1,0,0,0,0,0,-1,0,-1,-1,0,0,0,1,0,-1,0,1,0,0,0,0,0,1,0,0,0,0,0,-1,0,1,0,0,1,0,0,0,0,0,0,0,0,0,0,-1,0,0,0,0,0,0,0,0,-1,0,0,1,0
2435,0,0,0,0,0,-1,0,1,0,0,0,0,0,0,0,-1,-1,1,-1,0,0,1,0,-1,0,0,0,1,-1,0,1,-1,0,0,0,-1,0,1,-1,1,0,0,0,0,-1,0,0,1,0,0,0,0,0,0,-1,0,1,-1,-1,-1,0,-1,0,0
2436,0,0,0,0,0,0,-1,0,0,0,-1,0,0,1,-1,-1,1,1,0,-1,1,0,0,-1,0,0,0,0,0,0,-1,0,1,-1,1,0,0,0,-1,0,0,1,0,0,-1,0,1,-1,0,-1,-1,-1,0,0,0,1,0,0,0,0,1,0,-1,-1
2437,0,0,0,-1,0,0,0,0,0,1,0,0,0,-1,1,-1,0,-1,1,0,0,-1,1,0,1,-1,-1,-1,0,0,0,0,0,1,1,0,0,-1,0,0,1,0,0,0,0,0,0,0,-1,0,1,1,0,0,0,0,-1,0,1,0,0,0,0,0
2438,1,1,1,-1,0,0,1,-1,1,0,0,0,1,0,0,-1,0,0,0,1,0,-1,0,0,0,0,0,0,-1,0,0,-1,1,0,-1,0,0,1,-1,-1,0,0,-1,1,0,0,0,0,1,1,0,-1,0,0,-1,0,0,-1,0,0,-1,0,0,0
2439,0,0,0,-1,-1,-1,0,1,0,-1,0,0,0,1,-1,1,0,0,0,0,0,0,-1,0,0,0,1,0,1,0,-1,0,0,1,0,1,0,0,-1,0,0,0,0,0,0,0,0,1,1,0,0,-1,0,1,0,0,0,0,0,0,1,0,0,-1
2440,0,-1,0,0,-1,1,0,-1,0,0,-1,1,-1,0,1,0,0,1,0,0,0,0,-1,1,0,1,0,1,0,1,1,0,-1,0,0,-1,1,-1,1,-1,0,0,0,0,1,0,0,0,0,0,0,0,0,0,1,0,0,0,0,1,0,0,0,0
2441,0,1,-1,0,0,-1,0,0,0,0,0,0,0,1,0,-1,-1,0,1,0,0,-1,0,0,0,0,0,0,0,0,-1,-1,-1,0,0,-1,0,0,0,-1,0,0,0,-1,0,0,0,0,1,0,1,-1,-1,0,0,0,1,0,0,0,0,0,0,1
2442,-1,0,0,-1,1,1,0,0,0,-1,-1,0,0,0,0,-1,0,0,1,0,0,0,1,0,-1,0,0,0,-1,0,-1,1,0,0,0,0,0,0,-1,0,0,-1,0,0,0,-1,0,0,0,-1,0,0,0,0,0,0,0,0,0,-1,1,0,0,1
2443,1,0,0,1,0,-1,0,1,0,0,0,0,0,0,0,0,1,1,0,0,0,1,0,0,-1,0,0,-1,0,0,-1,0,0,0,1,1,1,0,0,0,0,0,0,1,0,-1,0,0,0,0,0,0,0,0,0,0,0,0,0,-1,0,0,0,-1
2444,0,0,0,0,0,0,0,0,0,1,0,0,0,0,0,0,0,0,0,0,0,-1,0,0,0,0,0,1,1,-1,1,1,0,0,0,1,0,1,0,-1,0,0,0,0,0,-1,0,1,0,0,0,0,-1,0,1,0,0,1,0,0,0,1,0,1
2445,-1,0,0,0,0,-1,0,0,1,0,0,0,0,1,0,1,0,0,0,1,0,0,0,-1,0,0,0,1,0,0,0,-1,1,0,1,0,0,-1,0,-1,0,0,-1,0,0,0,-1,0,0,1,1,0,-1,0,1,0,0,0,0,0,0,0,1,0
2446,0,0,0,1,-1,-1,0,0,1,-1,0,1,0,0,0,0,0,-1,0,0,0,-1,1,0,0,-1,0,0,0,0,0,0,-1,1,0,0,-1,0,-1,0,0,0,0,1,0,0,0,0,0,0,0,-1,1,1,0,0,0,1,0,-1,0,0,1,1
2447,0,-1,0,0,0,0,1,1,-1,0,0,0,0,0,0,0,0,0,-1,1,0,0,0,-1,0,0,-1,0,0,0,-1,0,0,0,0,-1,-1,0,0,1,1,0,1,-1,0,-1,1,0,-1,0,1,1,0,0,0,-1,0,1,0,1,-1,-1,0,0
2448,0,0,0,0,0,0,-1,0,0,-1,0,0,0,0,-1,0,1,0,0,0,0,0,0,1,0,0,1,0,0,0,0,0,0,0,0,0,0,0,0,-1,-1,0,0,-1,0,0,0,0,-1,0,-1,1,0,-1,0,0,0,0,1,0,0,0,0,-1
2449,0,0,1,0,1,0,0,0,0,0,-1,0,0,-1,-1,-1,0,0,1,0,0,1,-1,0,0,0,0,-1,-1,0,0,0,0,0,1,0,0,1,-1,-1,-1,0,0,1,1,0,0,0,1,-1,1,-1,-1,0,-1,0,0,0,0,0,0,1,1,0
2450,0,0,1,0,1,0,0,0,1,0,0,0,0,0,-1,1,0,-1,-1,0,-1,0,-1,0,1,1,0,-1,-1,1,0,0,1,0,0,0,1,0,1,-1,-1,1,0,0,0,-1,0,0,0,-1,0,0,0,0,0,0,0,0,0,0,0,-1,0,0
2451,1,0,0,0,-1,1,0,0,1,0,0,-1,0,0,1,0,0,1,0,-1,0,0,-1,0,0,0,0,1,1,1,-1,0,1,-1,0,0,0,-1,1,0,0,1,0,0,1,1,0,0,-1,0,0,1,1,0,0,1,0,1,0,0,1,0,1,0
2452,-1,-1,0,0,-1,0,0,0,0,0,0,0,0,1,0,0,0,-1,0,0,0,0,0,0,1,1,1,0,-1,0,1,1,0,0,0,-1,0,-1,0,0,0,-1,-1,0,0,-1,1,0,-1,0,0,0,-1,1,0,0,0,0,0,0,0,1,0,0
2453,-1,0,0,0,0,1,-1,0,0,0,0,-1,0,0,0,-1,0,-1,0,0,0,0,1,0,1,0,0,0,1,0,0,1,0,1,0,0,0,-1,0,-1,1,-1,0,0,0,-1,0,0,-1,1,0,0,0,0,0,0,0,1,-1,0,0,0,1,0
2454,0,0,0,0,0,1,0,-1,0,0,0,0,0,0,1,0,1,-1,0,0,0,0,-1,0,-1,0,0,0,1,0,0,-1,-1,1,0,0,-1,0,-1,0,0,0,0,0,0,0,1,0,0,0,0,0,0,-1,-1,-1,1,0,0,0,1,1,0,0
2455,0,-1,0,1,0,0,0,1,0,0,1,-1,1,0,0,0,0,0,1,0,1,1,0,0,1,0,0,0,1,0,1,0,0,0,0,-1,1,0,0,-1,0,0,0,0,1,0,1,0,0,1,0,0,0,-1,-1,0,1,1,-1,-1,0,0,0,0
2456,0,-1,-1,1,-1,-1,0,-1,0,0,-1,-1,-1,0,0,0,0,0,0,0,0,0,0,0,0,0,0,1,-1,0,-1,-1,1,0,0,0,1,0,-1,-1,0,-1,1,0,0,-1,1,0,-1,0,0,1,0,0,0,0,0,0,0,-1,0,-1,0,0
2457,0,0,0,0,0,0,1,0,0,-1,1,0,0,0,0,0,0,-1,0,0,0,0,1,0,0,-1,-1,1,-1,1,-1,1,0,0,0,0,0,1,-1,0,0,0,0,0,-1,0,-1,0,-1,-1,0,0,0,0,0,0,1,0,0,1,-1,0,0,0
2458,-1,0,0,0,0,1,0,0,-1,0,0,0,-1,1,0,0,-1,-1,0,1,0,0,1,1,0,0,1,1,-1,0,-1,1,0,0,0,0,-1,0,0,0,0,0,1,-1,-1,1,1,0,0,0,0,0,0,0,-1,1,0,0,-1,0,0,0,-1,0
2459,0,0,1,0,0,0,1,-1,-1,1,0,0,-1,0,-1,0,-1,0,-1,1,1,1,0,1,-1,0,-1,0,1,1,1,0,0,0,0,0,0,1,0,1,0,0,0,0,0,0,1,1,1,0,-1,0,1,-1,0,-1,1,0,0,0,0,-1,-1,0
2460,0,0,0,0,0,1,0,0,-1,-1,0,0,0,0,1,0,0,0,-1,0,0,0,0,1,0,0,0,0,0,0,0,0,0,1,1,0,0,0,0,0,1,0,-1,0,0,1,0,0,0,1,0,0,0,0,1,0,0,-1,0,0,0,0,0,0
2461,0,0,1,0,0,-1,-1,0,-1,1,0,-1,0,1,0,1,0,0,1,0,0,0,1,-1,0,0,0,-1,0,0,0,0,1,0,0,0,1,1,1,-1,0,-1,0,0,0,1,1,1,1,0,0,0,0,0,0,0,0,0,0,0,1,0,0,0
2462,0,0,-1,0,0,0,1,1,0,-1,-1,0,0,0,0,0,-1,1,1,0,0,-1,0,0,1,0,0,0,0,1,0,1,-1,0,0,0,0,1,0,-1,0,0,1,0,-1,0,1,0,1,1,0,0,1,0,1,0,0,0,1,0,-1,0,-1,0
2463,0,-1,0,-1,0,-1,0,1,0,-1,0,0,0,0,1,0,0,-1,1,1,0,-1,0,0,0,0,0,0,0,0,0,0,0,0,0,0,1,0,0,0,0,0,0,0,0,0,0,1,1,0,0,-1,0,0,-1,-1,0,1,0,0,0,0,-1,1
2464,0,0,0,-1,-1,0,0,0,0,-1,0,0,0,-1,-1,1,1,-1,0,0,0,0,0,-1,0,1,0,0,0,0,1,1,0,0,0,-1,-1,0,0,1,-1,0,1,0,0,0,0,0,-1,-1,0,1,0,1,0,0,0,0,1,-1,0,0,0,-1
2465,-1,0,-1,-1,0,0,1,0,0,1,1,0,0,0,0,0,0,-1,0,-1,0,0,-1,0,1,0,-1,0,0,0,0,-1,0,0,0,1,-1,0,0,0,0,0,0,0,0,-1,0,-1,0,1,0,0,0,-1,0,0,0,0,0,-1,0,1,-1,0
2466,0,1,0,0,-1,0,0,-1,0,0,1,0,0,0,1,-1,-1,1,0,-1,0,0,-1,0,0,0,1,0,0,1,0,1,0,0,0,0,1,0,0,0,-1,-1,0,-1,0,0,0,0,-1,0,-1,0,0,0,1,0,0,0,0,0,0,1,0,0
2467,0,1,0,-1,0,0,-1,-1,0,1,-1,0,0,0,0,-1,0,0,0,0,1,1,1,1,0,0,-1,0,-1,0,0,0,1,0,0,1,1,0,-1,-1,0,-1,1,0,0,0,1,0,1,-1,1,0,0,1,0,0,0,1,0,0,0,-1,0,0
2468,0,0,0,0,0,-1,0,0,0,0,-1,0,0,1,1,0,-1,1,0,0,1,-1,0,-1,0,0,0,-1,0,-1,0,0,-1,0,0,1,0,-1,1,0,0,0,-1,1,0,0,0,0,0,0,0,-1,0,0,0,0,0,-1,1,-1,0,0,0,0
2469,-1,-1,1,0,0,1,1,-1,0,0,1,0,-1,-1,0,0,-1,-1,0,0,-1,0,0,0,-1,0,0,0,0,0,0,0,0,0,-1,0,0,0,-1,0,0,0,0,0,-1,1,0,1,0,0,-1,0,-1,-1,1,1,1,0,-1,-1,0,0,0,0
2470,-1,0,0,0,0,-1,0,0,1,0,1,1,-1,0,-1,0,1,1,0,0,0,0,-1,0,1,0,-1,0,0,0,1,0,0,-1,1,0,0,0,0,-1,0,0,0,0,0,0,0,0,0,0,-1,0,0,0,0,0,0,-1,0,-1,-1,-1,0,-1
2471,1,0,0,0,0,0,0,1,0,0,0,0,0,1,0,-1,1,0,0,0,0,0,0,0,0,-1,-1,0,1,0,0,-1,0,1,0,0,0,0,1,0,0,0,0,0,0,0,0,0,0,-1,0,1,-1,0,0,0,0,1,-1,0,-1,1,0,-1
2472,-1,0,0,0,0,-1,0,0,0,0,0,0,0,-1,0,0,0,0,1,1,0,0,1,1,0,1,0,0,-1,0,0,0,0,0,0,1,0,0,0,0,1,0,1,0,-1,0,0,-1,-1,0,0,0,0,-1,0,1,1,0,1,0,0,0,0,0
2473,0,0,0,0,0,1,0,0,0,0,-1,0,-1,-1,0,1,0,0,0,0,1,0,1,0,0,0,0,0,1,0,1,0,1,1,0,0,1,0,0,1,0,0,-1,1,0,0,-1,0,0,-1,-1,0,-1,0,-1,0,0,1,1,0,-1,0,0,0
2474,0,0,0,0,0,0,0,0,0,0,0,-1,1,-1,0,0,0,0,0,0,0,1,1,0,-1,0,0,0,0,-1,0,0,0,-1,0,1,0,-1,0,0,-1,1,0,0,0,-1,0,0,0,0,0,1,0,0,0,-1,0,-1,0,0,0,0,-1,0
2475,0,0,0,0,0,1,0,0,1,0,0,-1,1,0,0,0,0,0,1,-1,0,-1,0,0,0,1,0,0,1,-1,0,-1,0,0,0,0,0,0,0,0,1,0,0,0,1,-1,0,0,0,-1,0,0,0,0,0,0,-1,0,0,1,-1,-1,0,0
2476,0,0,0,1,1,0,0,-1,0,0,0,-1,1,0,0,-1,0,-1,0,0,1,0,1,0,0,0,0,-1,1,0,0,-1,0,0,0,0,0,0,-1,0,0,1,0,0,0,0,0,0,0,0,0,0,1,-1,-1,0,1,0,1,0,1,0,1,0
2477,1,-1,0,0,1,0,0,1,0,1,-1,1,1,0,0,0,1,0,0,-1,0,0,1,-1,0,0,-1,0,0,0,0,1,0,0,0,0,-1,0,0,0,1,0,0,0,0,1,-1,0,0,0,0,1,-1,-1,0,0,0,0,-1,0,0,0,-1,0
2478,1,0,1,0,0,-1,0,0,0,1,0,0,1,1,0,1,0,0,-1,-1,0,-1,0,0,0,0,0,0,0,0,0,-1,0,0,0,0,0,0,0,0,1,0,1,0,0,0,-1,0,0,0,0,-1,0,0,0,1,0,0,0,0,0,0,0,0
2479,0,-1,0,-1,1,0,0,0,0,1,0,-1,0,0,0,0,0,0,0,0,0,1,0,0,0,0,1,0,0,1,0,1,1,1,1,0,-1,0,1,0,0,-1,0,0,0,0,0,0,1,0,0,1,0,-1,-1,-1,1,1,0,0,0,1,0,-1
2480,0,0,0,0,0,0,1,-1,0,0,0,0,0,0,-1,1,0,0,1,1,0,0,1,0,0,-1,-1,1,0,0,0,0,0,1,-1,-1,0,1,0,-1,1,1,1,0,1,1,0,0,1,0,-1,0,-1,-1,-1,0,0,-1,0,0,1,0,0,0
2481,0,1,0,0,0,1,-1,0,0,0,-1,1,-1,0,-1,-1,0,0,0,0,0,0,0,0,0,0,0,1,-1,1,0,0,0,0,-1,0,0,-1,0,0,0,0,-1,-1,0,0,0,0,0,0,0,0,-1,1,-1,0,0,1,0,0,0,1,0,-1
2482,0,0,0,0,1,1,-1,1,0,1,0,0,0,0,0,0,0,0,0,1,-1,0,1,0,0,1,1,-1,0,1,-1,0,0,0,0,1,1,0,-1,0,0,-1,0,-1,0,0,0,-1,0,0,0,0,1,0,0,1,0,1,0,0,0,0,0,0
2483,0,0,-1,0,0,-1,0,0,0,0,1,0,0,0,0,0,0,0,1,0,0,0,0,1,1,-1,1,1,1,-1,-1,0,0,0,1,-1,0,0,0,0,-1,0,-1,-1,0,0,0,1,0,-1,1,0,1,0,0,0,0,0,0,0,0,0,1,1
2484,1,1,0,0,0,-1,-1,-1,0,-1,1,0,1,-1,1,0,0,0,0,-1,-1,0,0,1,1,0,0,0,0,0,0,1,0,0,0,0,-1,0,0,1,0,0,-1,0,1,-1,0,-1,1,0,1,0,0,0,0,-1,0,0,0,-1,0,0,1,0
2485,0,-1,0,-1,1,0,1,0,-1,-1,1,-1,-1,1,0,0,0,0,0,0,1,-1,-1,0,0,1,1,-1,-1,0,0,0,0,1,0,0,1,0,0,0,0,0,-1,0,1,1,0,-1,0,0,0,-1,0,1,0,0,1,-1,-1,0,0,0,0,1
2486,-1,0,0,0,0,0,1,1,0,1,-1,0,0,0,0,0,0,-1,0,1,1,0,0,1,-1,0,0,0,0,0,0,-1,0,0,0,-1,0,0,0,0,-1,0,0,0,-1,0,0,0,-1,-1,0,1,0,0,0,1,1,0,0,1,0,0,0,-1
2487,0,0,0,0,0,1,0,0,0,0,1,0,0,0,0,0,0,0,0,0,1,0,0,0,1,0,0,1,0,0,0,-1,0,0,0,1,-1,0,0,0,-1,0,0,0,0,1,-1,1,0,-1,-1,0,1,-1,0,0,0,0,0,0,0,0,-1,0
2488,1,0,0,-1,-1,0,-1,-1,0,1,0,0,0,0,0,1,0,-1,1,0,0,1,1,-1,0,0,0,0,-1,0,-1,0,0,1,1,0,0,0,0,0,0,0,0,1,0,-1,1,0,1,-1,0,0,-1,0,0,-1,0,0,0,0,-1,1,0,0
2489,-1,0,0,0,0,0,0,0,0,0,0,0,0,1,0,0,0,-1,0,0,0,1,0,0,0,0,0,1,0,0,0,0,1,-1,0,1,-1,0,0,1,0,-1,0,0,-1,0,0,0,0,1,0,0,0,0,0,0,-1,0,0,0,-1,-1,0,0
2490,0,0,1,0,1,0,0,0,-1,0,0,0,0,0,0,0,-1,0,0,1,-1,1,0,0,0,1,0,1,0,0,0,1,0,0,1,0,0,0,0,0,0,-1,0,0,0,1,1,0,0,0,0,-1,0,0,0,-1,-1,0,1,0,-1,0,1,1
2491,0,0,0,1,0,0,0,1,-1,-1,0,-1,0,0,0,0,0,0,0,0,1,0,1,0,0,0,1,-1,0,0,-1,0,0,0,0,1,0,1,0,0,0,1,-1,1,0,-1,0,0,0,0,0,0,-1,1,1,-1,0,0,0,-1,0,-1,1,0
2492,0,0,0,1,0,0,0,0,0,0,0,0,0,0,0,0,0,0,1,1,1,0,-1,0,0,0,0,0,0,0,1,0,0,-1,0,0,1,0,0,0,0,0,0,0,-1,-1,1,0,1,0,0,1,0,0,0,1,0,0,0,0,0,0,-1,0
2493,0,0,0,0,0,1,0,1,0,-1,1,0,1,0,1,0,0,0,1,0,0,0,0,0,0,0,-1,-1,0,0,0,0,0,0,0,0,1,0,0,0,-1,0,0,-1,1,0,0,1,-1,0,1,0,0,0,0,1,0,1,-1,0,0,0,0,0
2494,0,-1,-1,-1,0,0,0,0,0,0,0,0,0,-1,0,1,0,1,0,-1,-1,1,0,0,0,-1,0,0,1,0,0,0,-1,0,0,1,-1,0,0,-1,-1,0,0,1,-1,-1,0,0,0,0,0,0,0,1,0,-1,0,0,0,0,0,0,1,0
2495,0,0,-1,0,0,0,0,0,0,0,0,-1,0,0,0,0,-1,1,0,0,0,0,0,0,0,0,0,0,0,-1,0,0,-1,0,0,0,1,0,0,1,1,1,0,0,0,0,0,-1,0,0,0,0,1,0,0,0,0,-1,1,1,1,0,0,1
2496,0,0,0,-1,0,-1,-1,0,0,0,0,0,0,1,0,0,0,0,1,-1,0,0,0,0,0,0,1,0,0,0,0,0,0,0,0,-1,0,0,0,0,0,-1,0,0,-1,1,0,1,0,0,0,1,1,0,0,0,-1,-1,0,0,1,-1,-1,0
2497,0,0,0,-1,0,-1,0,0,0,0,1,1,0,0,0,-1,-1,0,0,0,0,0,0,0,-1,0,0,1,0,1,0,0,0,-1,0,0,0,0,0,0,0,0,0,-1,1,0,-1,1,0,0,0,1,1,0,1,-1,0,0,-1,0,1,-1,1,-1
2498,-1,0,1,-1,0,1,0,0,-1,0,0,0,1,0,0,0,1,0,0,-1,1,0,0,0,-1,0,-1,0,0,0,0,0,0,0,-1,0,0,1,0,0,0,0,1,1,0,-1,0,0,-1,-1,-1,0,1,0,-1,0,0,1,-1,1,0,-1,0,0
2499,0,0,0,0,0,-1,0,0,0,0,1,0,0,1,0,-1,0,0,0,1,0,0,0,1,0,0,0,0,0,0,0,1,0,0,-1,0,0,0,0,0,0,0,0,-1,0,0,0,1,1,1,0,0,0,1,0,1,-1,0,1,0,0,0,0,0
2500,0,0,0,-1,0,-1,0,0,0,0,0,0,0,0,0,0,1,-1,0,0,0,0,0,0,-1,1,0,0,0,0,0,1,0,0,0,0,0,0,0,1,1,1,0,-1,1,1,0,1,0,-1,0,0,0,0,-1,0,0,1,-1,0,1,0,0,1
2501,1,0,0,0,0,1,1,0,0,-1,0,0,0,0,0,0,0,-1,-1,0,0,1,0,-1,1,0,0,0,0,-1,-1,0,-1,0,0,0,0,0,1,0,0,0,0,0,0,0,0,-1,0,-1,-1,1,1,0,0,0,0,0,0,1,0,0,1,0
2502,0,0,-1,0,1,0,0,-1,0,0,0,0,0,0,0,0,1,0,0,-1,0,1,1,0,1,-1,0,0,0,0,0,0,1,0,0,0,0,0,0,0,0,0,0,0,0,0,0,0,0,0,0,0,1,0,0,0,0,1,0,0,0,1,0,1
2503,0,-1,0,0,1,-1,0,0,-1,0,0,0,0,-1,-1,0,0,0,1,0,0,0,1,0,0,1,-1,0,0,0,0,0,1,1,0,0,0,0,0,1,0,1,1,0,0,1,0,0,0,1,1,0,1,0,-1,0,0,0,0,-1,0,0,1,0
2504,-1,0,0,0,0,0,1,-1,0,0,1,0,0,1,0,0,0,1,0,0,1,0,0,0,0,0,0,-1,0,0,-1,0,0,0,-1,0,-1,0,1,0,0,0,0,0,0,0,0,0,0,0,0,1,0,1,-1,0,0,0,0,0,0,-1,1,0
2505,0,0,0,1,0,-1,0,0,0,0,0,-1,0,0,0,0,1,1,1,-1,-1,0,0,-1,0,-1,0,-1,0,0,0,-1,0,0,-1,0,0,0,1,0,0,-1,0,-1,0,0,0,0,0,0,0,0,0,0,0,0,1,1,0,0,0,0,0,1
2506,-1,0,1,-1,1,1,1,-1,0,0,-1,0,0,0,0,0,0,0,0,0,0,1,1,0,0,1,0,1,0,1,-1,-1,0,0,0,1,0,0,0,0,1,-1,0,0,1,0,-1,-1,0,0,0,0,0,1,1,0,0,0,0,0,0,0,-1,0
2507,0,0,1,0,0,0,1,1,0,0,0,-1,1,0,-1,0,-1,0,-1,0,0,0,0,1,0,0,0,1,0,0,0,0,0,-1,1,1,0,-1,0,0,1,-1,0,-1,-1,1,0,0,0,-1,1,-1,0,0,0,0,0,0,-1,-1,1,0,0,0
2508,0,0,0,0,0,0,1,0,0,0,-1,0,0,0,-1,0,1,0,1,0,0,1,1,0,0,0,0,0,-1,-1,0,-1,0,1,0,0,0,0,0,-1,1,0,-1,0,0,-1,0,0,-1,0,0,0,0,0,0,-1,0,0,-1,0,0,-1,1,0
2509,0,0,1,0,-1,0,0,-1,0,-1,-1,1,0,0,0,0,0,0,0,0,0,0,0,0,0,0,1,1,0,0,0,-1,-1,-1,0,0,0,0,-1,-1,1,0,0,1,-1,-1,0,0,1,0,0,0,1,0,1,0,-1,1,0,0,0,0,1,0
2510,-1,0,-1,1,1,-1,0,-1,1,0,1,0,0,-1,0,-1,0,1,0,0,0,0,0,-1,-1,0,0,-1,0,0,0,0,0,0,0,1,0,0,1,0,0,0,0,-1,0,1,1,-1,0,0,0,0,0,0,0,1,-1,-1,0,1,0,0,1,0
2511,0,0,0,1,1,0,0,0,0,1,0,1,-1,-1,-1,0,-1,0,-1,0,0,1,0,1,-1,0,1,0,-1,0,0,0,1,0,0,0,0,1,0,-1,-1,0,1,0,0,0,0,0,1,-1,-1,0,1,-1,0,-1,-1,1,0,0,0,0,-1,0
2512,0,0,1,0,0,0,1,-1,0,0,1,0,0,1,0,0,1,0,0,0,0,1,0,0,0,0,0,0,0,0,0,0,-1,1,1,0,0,1,0,0,-1,0,0,0,0,0,0,0,0,0,0,0,0,0,-1,1,-1,0,1,0,0,0,1,0
2513,0,0,0,1,0,0,1,0,0,0,1,0,0,0,-1,0,0,1,0,0,1,0,0,0,0,0,0,0,0,0,0,1,0,0,0,0,0,0,0,0,1,0,1,0,0,0,1,0,0,0,0,-1,0,0,0,0,0,0,0,0,0,0,0,-1
2514,1,0,0,0,0,0,0,-1,0,0,1,0,0,0,0,0,1,0,0,0,0,-1,1,-1,0,-1,0,-1,0,0,0,0,0,0,0,0,-1,1,0,0,1,0,0,0,-1,1,-1,-1,0,0,0,0,0,1,0,1,0,0,0,0,1,1,0,0
2515,0,1,0,0,0,-1,0,1,0,-1,0,0,-1,1,0,1,1,0,-1,0,0,0,0,0,0,0,0,1,0,-1,0,-1,0,0,0,0,1,1,1,0,-1,1,0,0,0,0,0,0,0,-1,0,0,0,-1,0,0,1,0,0,0,0,1,1,0
2516,-1,0,0,1,-1,0,1,0,0,1,0,0,-1,1,1,0,0,-1,0,0,0,0,1,0,-1,0,-1,0,-1,0,-1,0,0,0,0,1,0,0,0,-1,0,0,0,0,0,1,0,0,1,1,-1,0,0,-1,-1,0,0,1,0,0,-1,1,0,1
2517,0,0,0,0,0,0,0,0,0,0,1,0,1,0,1,0,0,0,0,-1,0,0,0,0,-1,0,0,0,0,0,-1,1,-1,0,0,0,0,-1,0,0,0,0,0,0,0,0,0,0,1,0,-1,1,0,0,0,0,0,0,1,-1,-1,0,0,0
2518,-1,0,0,0,-1,-1,1,-1,0,0,-1,0,1,0,0,-1,0,0,0,-1,0,0,0,1,0,1,0,0,0,0,-1,0,1,0,0,0,0,1,0,1,0,0,1,1,-1,0,0,0,0,0,0,0,-1,1,-1,-1,0,0,0,0,-1,0,0,-1
2519,0,0,0,0,1,-1,-1,0,0,1,-1,1,0,0,0,0,0,1,0,-1,0,-1,1,0,1,0,0,1,-1,-1,-1,0,0,-1,0,0,0,0,0,0,1,0,0,0,-1,1,0,0,-1,0,1,0,1,0,0,0,0,0,0,-1,-1,-1,-1,1
2520,0,1,1,0,0,1,0,0,0,0,-1,0,1,0,0,-1,0,0,0,1,0,0,0,0,1,1,-1,1,0,-1,0,0,0,0,0,0,-1,0,0,0,0,-1,0,1,0,1,0,-1,1,0,-1,0,0,1,0,0,0,0,0,0,0,0,0,-1
2521,-1,0,0,0,0,0,-1,0,0,0,0,0,0,0,-1,0,1,0,1,-1,0,1,-1,0,0,1,-1,0,0,1,1,-1,0,0,0,0,-1,0,0,0,0,1,-1,-1,0,1,0,0,0,0,0,-1,-1,0,0,0,-1,-1,0,0,0,1,0,0
2522,0,0,1,-1,0,0,0,1,-1,0,0,0,0,-1,-1,0,0,0,-1,0,0,1,0,0,0,0,1,-1,1,0,0,0,0,0,0,0,0,0,0,0,0,0,0,-1,1,1,0,0,0,0,0,1,0,-1,0,0,0,0,1,0,0,0,0,0
2523,0,0,0,0,1,-1,0,-1,0,-1,0,0,1,0,-1,-1,1,0,0,0,0,0,0,0,0,0,1,0,0,0,-1,0,0,0,1,-1,0,0,1,0,0,0,1,1,0,-1,1,0,0,0,0,-1,0,0,0,0,0,1,0,0,-1,0,-1,0
2524,1,1,0,0,1,0,0,0,0,1,1,0,0,0,0,0,-1,0,0,0,-1,0,0,0,0,-1,0,0,0,1,0,1,0,0,0,0,0,0,-1,0,0,0,0,1,1,0,1,1,0,0,1,0,0,0,0,0,0,1,0,0,-1,0,0,0
2525,-1,0,0,0,0,-1,1,0,0,0,-1,0,-1,0,0,0,0,0,1,-1,0,0,0,0,0,1,0,1,1,0,-1,0,0,0,-1,0,0,0,-1,0,1,-1,-1,-1,0,0,0,0,-1,0,0,1,0,1,0,0,0,-1,0,0,0,1,0,0
2526,0,0,0,0,0,0,0,1,0,1,1,0,0,0,0,-1,0,0,-1,0,0,0,0,1,0,0,0,0,0,0,0,0,1,0,1,0,0,0,0,0,-1,0,0,0,0,0,1,0,1,0,-1,-1,-1,0,-1,0,0,0,0,0,0,0,1,0
2527,0,0,0,1,0,-1,0,0,-1,0,0,0,0,-1,0,0,1,0,0,1,0,1,0,0,0,0,-1,0,0,0,1,0,-1,0,0,0,0,0,0,0,0,-1,0,0,0,0,-1,0,0,0,-1,-1,0,0,0,1,0,0,1,0,0,0,1,-1
2528,0,-1,0,0,0,1,1,0,-1,0,0,0,0,0,0,0,-1,-1,0,1,0,-1,0,-1,0,0,0,0,0,0,0,-1,0,-1,0,1,0,-1,-1,0,0,1,1,-1,0,-1,-1,0,0,0,-1,0,0,0,0,0,0,1,0,-1,0,0,1,-1
2529,0,0,0,0,0,0,0,0,0,1,0,0,1,1,0,0,0,1,0,-1,0,0,0,0,0,-1,0,0,0,0,0,1,0,1,1,0,0,0,0,0,0,0,0,1,-1,0,0,0,0,1,0,0,0,-1,0,0,0,0,0,0,0,1,0,0
2530,-1,1,0,0,0,0,0,-1,0,0,1,0,0,1,0,0,0,-1,0,0,0,0,1,0,0,1,-1,0,-1,0,0,-1,0,-1,0,0,0,-1,-1,0,1,0,0,1,0,0,0,1,0,1,0,0,0,0,-1,0,0,0,0,-1,0,1,0,-1
2531,0,0,0,0,1,0,0,-1,0,-1,0,0,1,0,-1,0,0,0,1,1,0,0,0,-1,0,0,1,1,0,0,-1,1,0,1,0,0,-1,1,0,0,0,0,-1,-1,-1,0,-1,0,0,0,-1,0,0,0,1,0,0,0,0,0,-1,-1,1,0
2532,0,0,-1,0,0,0,-1,0,0,1,0,0,-1,0,0,0,-1,0,1,0,0,0,1,0,0,-1,0,0,0,-1,0,0,0,1,0,0,0,-1,0,0,0,-1,0,0,-1,0,1,0,0,1,0,0,1,-1,-1,1,1,1,0,0,0,0,-1,1
2533,0,0,-1,0,0,0,-1,1,0,0,0,0,0,-1,0,0,0,0,0,-1,0,-1,0,-1,1,-1,-1,1,0,0,0,0,-1,0,1,0,1,0,0,0,1,-1,0,0,0,0,0,0,0,0,0,0,1,0,0,0,0,0,0,0,0,0,0,0
2534,0,-1,0,1,1,0,0,0,0,0,-1,0,1,1,-1,0,0,0,0,0,1,0,-1,-1,0,0,-1,-1,0,0,0,0,1,0,-1,-1,0,0,-1,0,0,0,0,0,0,0,0,1,0,1,0,0,0,1,0,0,0,0,0,0,-1,1,0,0
2535,0,-1,0,0,0,-1,0,0,-1,0,0,0,0,0,-1,0,0,0,0,0,0,0,0,0,0,-1,0,0,1,1,-1,0,-1,0,-1,0,0,0,0,0,-1,-1,0,1,-1,1,1,0,0,0,0,0,0,-1,0,-1,0,-1,0,0,1,0,0,0
2536,0,0,1,0,0,0,0,0,0,-1,0,0,-1,0,0,0,0,1,-1,-1,0,0,1,1,1,0,0,-1,0,-1,1,1,0,1,0,1,0,0,-1,-1,0,0,0,0,0,0,-1,1,0,0,0,0,0,1,0,0,0,0,-1,0,1,1,0,1
2537,0,1,0,0,0,0,0,-1,0,0,1,0,0,0,0,0,0,0,1,0,0,-1,0,0,0,-1,0,0,0,0,0,0,0,0,0,-1,0,0,0,0,0,0,1,0,0,0,0,0,-1,1,0,0,0,0,1,0,0,0,0,1,-1,0,-1,0
2538,0,0,0,0,0,-1,1,-1,0,1,0,0,0,0,-1,-1,0,0,-1,0,0,-1,0,0,0,0,0,0,1,0,0,0,-1,0,1,-1,0,0,0,0,1,0,0,0,0,0,0,-1,0,0,-1,0,1,0,0,-1,1,0,1,0,0,0,0,-1
2539,0,1,1,-1,0,0,0,0,0,0,1,-1,0,0,1,0,1,0,0,0,-1,0,-1,0,0,-1,0,0,0,0,-1,1,0,0,0,0,0,0,0,0,0,0,0,-1,0,1,0,0,0,0,0,0,0,1,0,-1,-1,0,-1,-1,-1,0,0,0
2540,0,0,0,0,-1,0,0,1,0,0,0,0,0,0,1,0,-1,0,-1,0,0,0,0,1,0,0,1,0,0,0,1,0,1,0,0,0,0,0,-1,0,0,-1,1,0,0,-1,0,0,0,-1,0,0,-1,0,1,0,0,1,0,0,1,-1,-1,0
2541,0,0,0,1,0,0,0,-1,0,0,0,0,0,0,0,0,1,-1,0,-1,-1,0,0,0,-1,0,0,1,1,-1,0,1,0,-1,0,1,-1,0,0,0,0,0,0,-1,0,-1,0,1,-1,0,1,0,-1,1,-1,0,-1,0,0,1,0,1,0,0
2542,0,-1,0,-1,-1,0,1,1,0,1,1,0,0,-1,-1,0,0,0,0,-1,0,1,0,-1,0,-1,-1,0,0,-1,0,0,0,0,1,1,0,0,0,-1,1,0,0,0,1,0,1,0,0,0,0,0,0,1,0,0,0,0,0,0,-1,0,0,1
2543,0,0,0,0,0,-1,0,0,1,0,1,1,0,0,0,0,0,0,0,0,1,0,1,0,0,0,0,0,0,0,0,0,0,0,0,0,0,0,0,0,0,0,-1,1,0,-1,0,0,1,0,0,1,0,0,0,0,0,0,-1,0,0,1,0,0
2544,0,0,0,-1,0,0,0,0,-1,0,-1,-1,0,-1,1,0,1,0,-1,0,1,0,0,1,0,0,0,-1,0,0,0,0,0,1,0,0,0,0,0,0,-1,0,0,0,0,1,-1,-1,0,1,0,0,0,0,-1,0,0,-1,0,-1,1,0,1,0
2545,0,0,-1,1,1,0,0,0,0,0,1,0,0,0,0,0,0,-1,0,-1,0,-1,0,0,1,0,0,0,0,1,0,0,-1,1,0,0,0,0,0,1,-1,0,0,-1,0,0,0,-1,-1,-1,0,0,0,1,0,0,1,0,0,-1,0,0,0,0
2546,0,-1,0,0,0,0,0,-1,0,1,1,0,-1,0,0,1,-1,0,-1,0,0,1,-1,0,0,1,0,0,0,-1,1,0,0,1,1,0,0,0,-1,0,0,0,0,-1,0,0,0,0,0,0,0,0,0,0,0,0,0,1,0,1,0,0,0,1
2547,-1,0,0,0,0,0,-1,0,0,1,0,0,-1,1,0,0,0,0,0,0,0,1,0,1,0,1,0,0,0,-1,0,0,0,1,0,0,0,0,0,0,0,0,0,0,0,0,0,0,1,1,0,-1,0,1,0,0,1,1,1,0,1,1,-1,0
2548,0,0,0,-1,0,0,0,-1,0,1,0,0,1,0,0,0,0,0,-1,0,0,0,-1,0,0,-1,0,-1,-1,-1,0,0,0,-1,-1,-1,1,0,0,-1,1,-1,0,0,0,0,0,0,-1,0,0,0,1,0,0,0,-1,0,0,0,-1,0,0,1
2549,-1,-1,0,0,0,0,0,0,1,0,0,0,1,0,0,1,-1,1,-1,-1,-1,0,0,0,0,1,1,0,1,0,0,-1,1,0,0,0,1,0,0,-1,0,0,0,-1,1,0,0,-1,1,0,0,0,0,0,0,-1,0,-1,0,0,-1,0,1,0
2550,-1,0,0,0,1,0,0,0,1,0,0,0,0,1,0,0,1,0,-1,1,0,0,1,-1,0,1,0,0,0,0,0,0,0,0,0,0,0,0,-1,0,1,-1,1,0,0,0,0,-1,1,0,0,0,0,1,0,0,0,-1,0,0,-1,0,0,-1
2551,-1,1,0,0,-1,0,0,0,1,0,0,0,-1,1,-1,1,0,0,0,-1,-1,0,-1,1,0,0,-1,0,0,0,0,-1,0,-1,-1,1,1,1,-1,0,0,0,0,0,-1,-1,0,1,0,0,-1,0,-1,0,-1,0,0,0,-1,0,-1,0,-1,0
2552,-1,0,-1,0,0,0,0,0,-1,-1,0,0,1,0,0,0,0,0,0,0,0,1,0,0,-1,-1,0,0,1,0,0,-1,-1,0,-1,0,0,1,0,0,0,0,0,0,0,0,0,0,1,0,0,0,1,0,-1,1,0,0,0,-1,-1,0,0,0
2553,0,1,-1,0,0,1,0,1,0,0,-1,0,0,-1,0,1,-1,0,0,0,-1,1,-1,0,0,-1,0,0,0,0,0,-1,0,0,1,0,0,0,0,-1,-1,0,1,-1,0,0,-1,0,0,-1,0,0,1,0,0,0,-1,0,0,1,0,-1,1,0
2554,1,1,0,-1,0,0,0,0,-1,0,1,0,0,0,0,0,0,0,0,0,0,0,0,0,-1,1,0,-1,-1,-1,-1,0,0,0,0,1,0,0,0,-1,0,0,1,1,1,-1,0,1,0,0,0,0,0,0,0,0,0,0,-1,0,-1,0,1,0
2555,0,1,1,0,0,1,1,0,0,0,0,0,0,0,0,0,0,0,0,-1,0,-1,1,0,-1,0,0,0,0,0,0,1,0,0,0,-1,0,0,1,1,0,0,0,0,0,0,0,-1,0,0,0,0,0,0,0,1,0,0,-1,0,0,0,0,0
2556,0,0,1,0,1,0,0,1,-1,0,0,1,0,0,1,1,1,0,1,0,-1,-1,0,0,0,-1,0,0,0,1,1,0,0,0,0,0,0,0,0,1,0,1,1,0,-1,0,0,0,0,0,0,0,0,0,0,0,0,0,-1,0,0,-1,-1,0
2557,-1,0,0,1,0,1,1,-1,-1,-1,0,1,1,0,0,-1,0,0,0,0,1,0,-1,-1,0,0,0,0,-1,0,0,1,1,0,0,-1,-1,-1,1,0,1,-1,1,-1,1,0,0,0,-1,0,0,0,-1,-1,0,0,0,0,1,1,-1,0,1,0
2558,-1,0,1,0,1,-1,1,0,1,1,1,1,0,1,0,0,0,0,0,0,0,-1,1,0,0,-1,0,0,0,1,0,1,0,1,0,0,-1,1,0,0,0,0,-1,1,0,-1,0,0,0,0,0,0,-1,0,-1,0,1,-1,0,0,0,0,0,1
2559,1,-1,0,0,-1,1,1,0,-1,0,0,0,0,0,0,0,0,0,0,0,1,1,1,0,0,0,0,1,0,-1,0,0,0,1,1,1,0,0,0,0,0,0,0,0,-1,1,0,0,1,0,0,0,1,-1,0,1,0,0,0,0,0,1,1,1
2560,0,0,0,0,0,0,0,0,-1,0,0,0,0,0,0,1,0,1,0,0,0,1,1,1,0,0,0,-1,0,0,0,0,0,-1,1,0,0,-1,0,0,0,0,0,0,-1,0,0,0,0,-1,-1,0,0,0,0,-1,-1,0,1,0,0,0,0,-1
2561,0,1,1,0,1,-1,0,-1,1,0,0,0,0,0,1,-1,0,0,1,0,0,1,-1,-1,0,1,-1,-1,0,0,1,1,0,0,0,1,1,0,1,0,1,-1,0,0,1,0,0,0,0,0,0,0,1,0,0,0,0,-1,-1,0,0,-1,0,-1
2562,0,-1,0,0,-1,-1,0,1,0,0,-1,0,1,-1,0,0,0,0,0,1,-1,0,0,1,0,0,0,0,-1,1,-1,0,0,0,0,-1,-1,1,0,-1,0,1,-1,0,0,0,0,0,0,0,0,0,0,-1,1,1,0,0,1,0,0,0,0,0
2563,0,1,0,0,0,1,-1,-1,-1,1,0,0,0,0,0,1,0,0,0,0,0,-1,0,0,1,-1,0,1,1,0,1,0,0,0,1,0,0,0,1,0,-1,0,1,0,1,0,0,0,0,0,0,0,1,0,0,0,0,0,0,0,0,0,0,0
2564,0,0,-1,1,-1,0,1,-1,-1,-1,0,0,1,0,-1,0,0,0,0,0,1,-1,0,0,0,0,0,0,0,0,0,0,0,1,0,0,0,1,0,1,-1,0,0,0,1,0,-1,0,0,1,0,0,1,1,-1,0,0,0,0,0,-1,0,0,0
2565,0,0,1,0,0,0,0,0,0,-1,0,0,0,-1,1,-1,0,1,-1,0,-1,1,0,1,0,0,0,1,-1,0,-1,-1,0,0,1,1,1,0,0,-1,0,-1,-1,-1,0,1,0,-1,0,1,0,0,0,0,-1,0,0,0,-1,0,0,1,0,0
2566,0,0,1,0,1,0,1,0,0,0,-1,0,0,0,0,1,1,1,-1,1,1,1,0,-1,1,-1,1,0,0,0,0,0,0,0,0,0,0,0,0,0,0,-1,-1,0,0,0,1,-1,1,0,0,0,0,0,0,0,0,0,0,0,0,0,0,0
2567,-1,0,0,0,-1,-1,1,0,-1,0,0,1,-1,0,-1,0,0,-1,0,0,-1,0,-1,1,0,-1,1,1,0,1,1,0,1,0,1,0,0,0,0,-1,0,0,0,-1,-1,-1,0,-1,1,0,0,0,0,0,0,1,1,0,1,0,-1,0,1,-1
2568,0,0,0,1,1,1,0,1,0,0,0,0,-1,1,-1,1,1,-1,0,0,0,1,0,0,1,1,0,0,0,0,-1,1,0,0,0,-1,-1,0,0,0,0,1,0,-1,-1,0,0,0,0,0,-1,0,0,-1,0,0,0,1,-1,0,0,0,1,0
2569,0,1,0,1,-1,0,1,0,0,0,0,0,0,0,0,-1,0,0,-1,0,1,1,1,0,0,0,0,0,0,0,0,0,0,0,0,0,0,-1,0,-1,-1,0,0,-1,0,0,0,-1,0,1,0,-1,0,0,0,0,1,1,0,0,1,0,0,0
2570,-1,1,0,0,0,0,0,0,-1,-1,0,0,0,0,0,1,-1,-1,0,0,0,0,0,-1,0,-1,1,0,0,0,-1,-1,0,0,0,-1,0,0,0,0,0,0,0,0,0,0,0,-1,0,-1,0,0,0,1,0,0,0,0,0,0,0,0,-1,-1
2571,1,0,0,1,0,0,0,0,0,1,0,0,0,0,0,0,1,0,0,1,0,0,-1,0,1,1,0,0,1,0,1,1,0,0,0,0,0,-1,0,0,0,0,1,0,-1,-1,0,0,0,0,0,0,-1,0,0,0,0,1,-1,0,1,-1,0,0
2572,1,-1,0,0,0,1,1,0,0,-1,0,1,1,0,0,0,-1,0,-1,0,0,-1,0,0,0,0,0,0,-1,0,0,1,0,0,0,0,-1,0,0,1,0,0,0,0,-1,0,0,-1,0,0,1,0,0,0,0,0,0,0,0,0,0,0,1,0
2573,1,1,0,-1,0,0,1,1,0,1,0,1,0,0,-1,0,0,0,0,0,0,0,-1,0,0,0,0,0,0,1,0,1,0,-1,0,0,0,0,0,-1,0,0,0,1,0,0,-1,0,0,0,0,0,1,0,-1,0,1,0,1,0,-1,0,0,-1
2574,-1,0,0,0,0,0,0,0,0,0,0,0,-1,0,-1,0,0,0,0,0,0,0,0,0,0,0,0,0,0,0,1,0,0,1,0,1,0,0,1,0,0,-1,1,0,0,-1,0,0,0,0,0,0,0,-1,0,0,0,1,0,1,0,0,1,0
2575,0,-1,0,0,0,0,0,0,1,0,-1,0,-1,0,0,0,0,-1,0,0,-1,-1,0,1,0,0,0,1,0,0,0,0,0,0,0,-1,0,0,-1,-1,0,-1,-1,-1,-1,0,0,-1,0,-1,0,0,0,0,-1,-1,1,0,0,1,0,0,1,0
2576,0,0,0,0,0,0,0,0,0,0,0,0,0,0,0,-1,0,-1,-1,1,0,1,-1,0,0,1,0,0,0,-1,0,0,0,-1,1,0,0,0,-1,-1,1,0,0,1,0,0,0,0,0,0,0,-1,0,0,1,0,0,-1,0,1,1,-1,0,1
2577,0,1,0,1,0,0,0,-1,0,0,0,1,0,-1,0,0,-1,0,1,0,-1,0,-1,0,0,0,-1,0,-1,0,-1,0,0,1,0,0,1,1,0,1,0,-1,-1,0,1,-1,0,1,1,-1,0,-1,0,0,0,-1,0,-1,0,1,1,0,1,0
2578,1,0,0,0,1,0,0,1,0,1,0,0,0,-1,0,1,-1,-1,0,0,0,1,-1,0,0,0,-1,1,1,0,0,0,-1,0,0,0,0,0,0,0,0,0,0,0,-1,0,1,0,1,-1,0,1,1,0,0,0,0,0,0,0,0,1,0,-1
2579,0,0,0,0,1,0,0,0,0,0,0,0,1,0,-1,0,0,0,0,1,-1,0,-1,0,0,0,1,0,0,0,0,0,0,0,0,0,0,0,0,0,-1,0,0,-1,0,1,0,-1,0,0,0,0,0,1,-1,0,-1,0,0,0,1,0,0,0
2580,0,1,1,0,1,-1,0,0,0,1,0,-1,0,0,0,0,0,1,0,0,-1,0,0,1,0,1,0,0,0,0,0,0,1,0,0,0,0,-1,0,0,1,1,0,0,0,0,0,1,0,-1,0,0,1,0,1,0,0,0,0,0,0,0,1,-1
2581,0,0,0,-1,0,0,0,0,0,0,1,0,0,-1,0,0,0,0,0,0,0,-1,-1,-1,0,0,0,0,0,0,0,0,-1,-1,0,-1,0,0,0,0,0,-1,0,0,-1,0,0,0,1,-1,-1,0,0,0,0,0,0,0,1,0,0,1,0,0
2582,-1,-1,0,-1,0,0,0,1,0,0,1,1,-1,0,1,0,-1,0,0,0,0,1,0,1,1,0,-1,-1,0,0,0,-1,-1,0,0,0,1,0,1,0,1,0,1,0,-1,0,0,0,1,0,1,0,0,-1,0,1,-1,0,0,0,0,-1,0,-1
2583,1,0,0,0,0,0,1,1,0,0,1,0,0,1,0,0,0,0,0,0,0,0,0,-1,0,0,0,1,0,0,0,1,-1,0,0,1,0,0,0,0,0,0,0,1,1,0,0,0,1,0,1,-1,-1,1,-1,0,1,-1,0,0,-1,0,0,0
2584,0,0,0,1,-1,0,1,0,0,0,0,0,1,0,0,1,0,0,0,0,0,0,0,0,0,-1,-1,1,0,-1,0,0,0,0,-1,0,0,0,0,-1,0,0,0,-1,0,-1,0,0,1,1,1,1,1,1,1,-1,1,1,0,0,0,-1,0,0
2585,1,-1,0,1,0,0,0,0,0,-1,0,1,0,0,-1,0,0,0,0,-1,1,0,1,0,0,0,0,-1,0,0,-1,0,0,0,0,1,0,-1,0,0,1,1,1,0,-1,1,1,0,0,0,-1,0,-1,0,1,-1,0,0,0,0,1,0,0,0
2586,0,0,0,0,0,0,0,0,1,0,0,1,0,0,0,-1,0,0,0,1,0,-1,0,0,0,0,0,0,1,1,0,0,-1,0,-1,0,1,0,0,0,0,0,0,0,0,0,-1,0,1,0,-1,0,0,1,-1,-1,0,0,1,-1,0,1,0,0
2587,0,0,0,0,0,1,1,0,-1,0,0,0,0,0,0,0,0,-1,0,0,0,1,0,0,0,-1,0,1,0,0,0,0,1,0,0,0,0,0,1,0,-1,0,-1,0,0,0,0,-1,0,1,0,0,0,-1,0,0,0,0,0,0,0,0,1,0
2588,-1,0,-1,1,0,1,0,1,0,0,-1,0,0,0,0,0,0,0,1,1,0,1,0,0,0,0,0,1,0,1,0,1,0,0,-1,1,-1,0,-1,0,0,-1,0,0,0,0,-1,-1,0,-1,1,0,-1,0,0,1,0,0,0,0,0,1,0,0
2589,1,1,0,1,-1,0,0,0,0,1,0,0,0,0,0,0,1,-1,0,-1,-1,1,1,1,0,0,1,0,0,-1,0,-1,0,0,0,-1,0,0,0,0,0,1,-1,0,0,1,0,0,0,0,0,0,0,1,0,0,-1,0,-1,0,0,0,0,-1
2590,0,0,1,0,0,0,0,1,0,0,0,0,0,0,0,-1,0,1,-1,0,-1,0,0,-1,-1,0,1,0,0,1,0,1,1,0,0,0,0,0,1,1,1,1,0,1,-1,0,0,1,1,0,0,-1,0,-1,-1,0,1,1,1,1,0,1,0,0
2591,-1,0,0,1,1,0,0,0,0,0,1,0,0,1,0,1,1,-1,-1,0,0,0,0,0,0,1,0,0,1,0,1,0,-1,0,1,0,0,0,0,0,1,-1,1,0,-1,1,1,1,0,0,0,0,-1,1,0,-1,1,0,0,-1,1,0,0,0
2592,0,1,-1,0,0,1,0,0,0,0,0,0,0,0,0,1,0,0,0,0,0,0,-1,0,0,1,-1,0,-1,0,0,-1,1,0,1,0,0,0,0,-1,0,0,0,1,0,0,0,0,0,1,0,-1,0,0,0,1,1,0,0,-1,0,1,-1,1
2593,0,0,0,-1,0,0,1,0,0,0,-1,0,0,0,0,-1,0,0,0,0,-1,1,-1,0,0,0,0,0,0,-1,0,0,0,1,0,0,0,0,0,1,-1,0,0,0,0,0,0,0,0,0,-1,-1,0,0,0,0,0,1,0,1,0,-1,0,-1
2594,0,0,0,0,1,1,0,0,0,0,0,-1,0,0,1,-1,-1,-1,-1,-1,0,0,0,-1,0,-1,1,0,0,0,0,0,-1,0,0,1,0,0,0,-1,0,0,0,0,0,-1,0,0,-1,0,0,0,0,1,0,0,1,-1,0,0,1,-1,0,-1
2595,0,-1,0,0,-1,0,-1,-1,0,-1,-1,0,0,-1,1,0,-1,-1,0,0,1,0,0,0,-1,0,0,-1,0,0,1,1,0,0,0,0,1,0,0,0,0,0,0,0,-1,0,-1,-1,0,0,0,0,0,0,0,0,1,0,0,-1,0,0,0,0
2596,0,0,-1,0,0,0,0,1,-1,0,0,1,0,1,0,0,0,0,0,0,0,0,-1,0,0,-1,0,1,0,0,0,-1,0,-1,1,0,1,0,-1,0,-1,0,0,0,0,0,0,0,0,0,-1,0,1,0,0,1,1,0,0,1,0,-1,-1,0
2597,0,-1,0,-1,0,0,-1,0,0,0,0,0,1,0,0,-1,-1,0,0,1,-1,1,0,-1,1,0,0,1,-1,1,-1,0,-1,0,0,0,1,1,0,-1,0,-1,0,0,0,1,0,0,0,0,0,1,-1,0,1,1,1,0,0,1,0,1,0,1
2598,0,0,1,-1,-1,0,1,1,0,1,-1,0,1,-1,0,1,0,0,-1,0,0,0,0,1,0,0,1,-1,-1,0,1,0,1,0,1,0,0,1,0,1,0,0,1,0,0,0,-1,-1,0,0,0,0,1,0,-1,1,0,0,0,0,0,0,0,1
2599,0,0,1,0,-1,0,-1,0,0,-1,0,0,0,0,0,0,0,0,0,0,0,0,0,0,0,0,-1,0,0,1,0,0,0,1,-1,0,0,0,-1,-1,1,0,-1,0,0,0,0,-1,0,0,0,0,1,0,0,1,0,0,-1,0,0,0,0,0
2600,1,0,-1,1,0,0,0,0,0,0,0,0,0,1,-1,0,0,0,0,-1,0,-1,0,0,0,0,0,0,0,1,1,0,0,-1,1,1,0,0,1,0,0,0,0,0,0,0,0,0,0,0,0,0,0,-1,-1,-1,0,0,-1,-1,0,0,0,0
2601,0,0,-1,0,-1,0,0,0,0,0,0,0,0,1,1,-1,0,1,0,0,1,1,0,0,1,0,0,-1,-1,0,1,0,-1,0,0,0,0,0,-1,-1,-1,1,-1,1,1,0,0,0,0,0,0,0,-1,0,0,0,0,1,0,0,0,1,1,0
2602,0,0,0,0,0,-1,0,-1,0,1,0,0,0,0,0,0,1,0,1,1,0,1,0,-1,1,-1,0,0,0,0,0,-1,-1,0,1,0,-1,0,0,0,0,0,0,0,0,0,0,-1,1,0,0,0,1,1,0,0,-1,0,0,0,0,0,0,0
2603,0,0,0,0,0,0,0,0,1,0,0,0,1,-1,-1,0,0,0,-1,1,0,0,0,0,0,0,0,-1,-1,0,0,1,0,1,1,0,0,0,0,0,-1,-1,0,0,0,0,0,0,0,0,0,1,-1,0,0,0,0,0,-1,0,1,0,0,-1
2604,0,0,1,-1,0,0,0,0,0,0,0,-1,0,-1,1,0,0,0,0,-1,1,-1,0,1,0,0,1,0,0,0,0,0,1,0,1,0,-1,0,0,0,0,1,1,0,0,-1,1,1,0,0,1,0,0,0,-1,-1,0,1,1,0,1,-1,-1,0
2605,0,0,0,1,-1,0,0,1,0,1,0,0,-1,-1,0,0,1,1,0,0,0,0,0,-1,-1,-1,1,0,0,0,0,0,0,0,-1,1,0,-1,0,0,0,0,-1,0,0,-1,0,-1,0,0,1,0,0,0,-1,1,-1,0,1,0,0,0,-1,0
2606,0,1,0,0,-1,0,0,1,0,1,-1,0,0,-1,0,0,0,0,0,-1,0,0,0,-1,0,0,0,0,0,0,0,0,0,0,0,0,-1,0,0,0,-1,0,0,0,0,0,-1,0,1,0,1,1,0,0,0,-1,0,0,0,1,-1,-1,0,0
2607,0,0,0,0,0,0,0,0,0,0,-1,0,-1,1,-1,-1,0,0,0,1,0,1,0,-1,1,0,0,0,1,-1,0,0,0,0,0,0,1,-1,0,0,1,0,0,1,0,1,1,0,0,0,-1,0,0,1,0,0,0,0,0,-1,0,0,1,0
2608,0,1,0,-1,0,0,0,0,-1,0,0,0,1,1,0,-1,0,0,0,0,0,-1,-1,0,0,0,0,0,0,0,-1,1,-1,1,0,-1,1,0,0,1,0,0,0,0,0,0,0,0,-1,0,-1,1,0,-1,1,0,-1,0,0,0,0,1,-1,-1
2609,0,0,-1,1,0,0,0,0,-1,0,0,-1,1,0,0,0,-1,0,1,0,1,0,1,0,0,-1,0,0,0,0,-1,1,-1,0,1,0,0,-1,0,0,0,0,-1,0,0,0,0,0,0,0,0,-1,0,0,-1,0,-1,1,1,0,0,1,-1,1
2610,-1,-1,0,0,0,0,-1,1,0,0,0,0,0,0,-1,-1,1,-1,-1,-1,-1,1,0,-1,0,0,1,0,0,0,-1,0,1,0,0,0,-1,1,0,-1,0,0,-1,1,0,1,0,0,0,0,-1,0,-1,0,1,0,0,0,1,-1,0,1,0,-1
2611,0,1,-1,-1,0,0,0,0,0,-1,0,1,0,1,0,-1,0,0,0,0,0,0,0,1,0,0,0,0,0,-1,0,0,0,0,0,0,0,-1,0,0,-1,0,0,-1,0,0,0,0,1,0,-1,0,0,-1,1,0,0,0,0,0,0,0,0,1
2612,1,-1,1,0,0,0,0,0,0,0,0,0,0,0,0,0,-1,0,0,0,1,0,0,1,-1,-1,0,0,-1,0,0,0,0,0,0,0,0,0,-1,0,0,0,0,-1,1,0,0,0,0,0,0,0,0,-1,1,0,1,-1,1,1,0,0,1,0
2613,0,0,0,-1,-1,-1,-1,0,0,0,-1,0,1,0,1,-1,0,1,0,1,-1,0,0,0,-1,0,0,0,0,0,1,0,0,0,0,0,0,0,0,0,0,0,1,0,0,-1,0,-1,0,0,1,0,1,-1,-1,1,0,1,1,1,-1,0,1,-1
2614,1,0,-1,0,0,0,0,0,0,-1,-1,0,0,0,0,-1,0,0,0,0,0,0,-1,0,0,0,0,0,0,0,0,0,0,0,-1,0,0,1,0,1,0,0,-1,0,0,0,0,0,0,0,0,-1,0,-1,0,0,0,0,0,0,0,1,0,1
2615,-1,1,0,0,0,0,0,1,0,0,0,0,1,0,0,0,1,0,0,-1,0,1,0,-1,0,0,-1,-1,0,0,1,1,0,0,1,0,-1,0,0,0,0,0,0,0,0,0,-1,0,0,1,-1,1,0,0,0,0,0,0,1,-1,0,1,0,1
2616,0,0,0,0,0,0,0,1,0,1,-1,0,0,-1,0,0,-1,0,0,1,-1,0,-1,1,-1,0,0,-1,0,-1,1,0,0,-1,0,-1,0,0,0,0,0,1,0,0,-1,1,0,0,0,0,-1,0,0,0,-1,1,0,-1,-1,1,1,0,-1,0
2617,1,0,0,0,0,1,0,1,0,-1,0,-1,1,-1,-1,1,0,0,0,0,0,0,0,0,0,1,1,-1,0,1,0,0,0,0,0,0,0,0,0,0,0,0,0,0,0,1,0,-1,0,-1,-1,-1,0,0,0,1,-1,0,-1,0,0,0,0,1
2618,0,-1,1,0,0,0,1,0,0,-1,0,0,0,0,0,0,-1,0,1,0,0,1,0,0,0,0,0,0,-1,0,0,-1,1,1,0,0,0,1,0,0,1,0,0,0,0,0,0,1,-1,0,0,-1,1,-1,0,0,-1,0,-1,0,0,0,0,1
2619,1,1,-1,0,0,-1,0,0,0,0,0,0,0,1,0,-1,0,0,-1,0,0,0,1,0,0,0,0,0,-1,0,-1,0,0,-1,0,0,1,1,0,0,-1,0,0,0,0,0,0,0,0,-1,1,0,0,0,0,0,0,0,0,0,0,1,-1,-1
2620,0,1,1,0,0,0,0,0,0,-1,0,1,1,1,0,0,1,1,1,1,0,-1,0,0,1,1,-1,0,0,0,1,0,-1,-1,-1,0,0,0,1,-1,0,0,1,0,-1,0,0,0,1,0,0,0,0,0,0,0,0,1,0,0,0,0,0,0
2621,-1,0,-1,0,1,0,1,0,1,1,0,0,0,0,0,0,0,-1,0,0,-1,0,0,0,0,-1,-1,-1,0,0,0,1,0,0,0,0,0,0,0,1,0,0,0,0,0,0,0,0,0,1,-1,1,0,0,0,0,0,0,1,1,-1,1,0,1
2622,-1,0,0,0,0,1,0,1,0,0,0,-1,-1,0,-1,0,0,0,0,-1,1,-1,1,0,0,0,0,0,0,1,-1,-1,0,0,0,-1,0,0,0,0,-1,-1,0,0,0,0,0,0,-1,0,-1,0,-1,-1,0,0,0,-1,-1,0,0,0,0,0
2623,0,0,0,1,1,-1,-1,-1,0,-1,0,0,0,0,-1,0,-1,0,0,0,0,0,0,-1,-1,0,1,0,0,0,0,-1,0,0,0,0,0,-1,0,0,0,0,0,1,-1,-1,-1,0,-1,0,0,0,0,-1,0,-1,0,0,0,0,0,0,0,0
2624,0,0,1,0,1,-1,-1,1,0,0,0,-1,1,0,0,0,0,1,0,0,-1,1,0,0,0,0,0,0,1,0,0,-1,0,0,1,0,0,1,0,1,0,0,0,-1,0,0,0,1,0,0,0,0,0,0,0,0,0,0,-1,1,1,0,0,0
2625,0,0,1,0,0,0,1,1,1,0,0,0,0,0,1,0,0,0,1,0,0,0,0,0,0,0,-1,-1,0,1,0,-1,-1,0,0,0,0,0,0,1,0,0,0,0,1,-1,0,1,0,0,-1,0,0,-1,1,0,0,0,0,0,0,-1,0,0
2626,0,0,0,-1,1,-1,-1,0,1,1,-1,0,0,0,0,1,0,0,-1,0,0,0,0,0,-1,-1,0,0,-1,0,1,-1,0,0,0,-1,0,0,0,-1,0,0,0,0,-1,0,0,-1,0,0,0,-1,0,1,0,1,0,1,1,0,0,0,0,1
2627,0,0,0,-1,0,0,0,0,0,0,1,-1,0,0,-1,0,0,0,0,-1,0,1,0,0,0,1,0,0,0,0,0,1,0,0,-1,0,0,0,0,0,0,-1,0,0,1,-1,1,0,0,0,0,0,0,0,1,0,0,1,0,0,0,1,0,0
2628,0,0,0,0,0,0,-1,0,1,0,0,0,-1,0,0,0,0,-1,0,1,0,0,0,0,0,0,0,0,0,-1,0,0,0,0,0,0,-1,-1,0,0,-1,0,0,0,0,1,0,-1,-1,0,-1,0,1,1,1,0,0,0,1,0,-1,-1,-1,-1
2629,0,-1,1,0,0,0,-1,0,-1,0,0,0,0,0,0,0,0,0,0,0,0,0,0,0,1,0,0,0,1,-1,-1,0,0,-1,0,0,0,0,0,0,-1,0,0,0,0,-1,-1,0,0,0,0,1,0,0,0,1,1,-1,0,0,0,-1,0,0
2630,0,0,0,0,0,-1,-1,0,0,0,0,1,0,0,-1,0,0,0,0,0,-1,0,0,0,1,1,0,-1,1,0,0,0,1,1,-1,0,-1,0,0,0,-1,0,0,0,0,0,0,0,1,0,0,0,0,0,0,1,1,0,0,0,0,0,0,0
2631,0,-1,0,0,0,0,1,0,0,0,-1,0,0,1,0,0,1,0,0,0,0,0,0,0,-1,0,1,0,-1,0,1,0,0,0,0,1,0,0,0,0,0,0,-1,0,0,1,-1,0,0,0,1,0,0,0,0,0,0,0,0,0,0,0,1,0
2632,0,0,0,-1,0,0,-1,0,0,-1,0,0,0,1,0,-1,0,-1,1,1,0,-1,0,0,0,0,0,0,0,1,0,0,1,-1,0,-1,0,0,0,0,0,0,-1,-1,0,0,1,0,0,-1,0,0,0,0,1,0,0,0,0,1,0,0,-1,0
2633,0,-1,0,1,0,1,1,0,0,0,0,0,1,0,0,0,0,0,0,-1,0,0,0,1,0,0,0,-1,-1,0,1,-1,-1,0,0,0,0,0,0,1,1,0,0,0,1,0,1,-1,0,0,1,0,-1,0,0,-1,0,-1,1,-1,0,0,-1,1
2634,0,0,1,1,0,0,1,0,0,0,0,0,0,0,0,0,0,1,-1,0,1,0,0,0,0,0,1,0,-1,1,0,0,1,-1,0,1,-1,0,0,0,1,0,0,1,1,0,-1,0,0,0,0,-1,0,-1,-1,1,0,0,0,-1,0,0,0,0
2635,0,1,0,-1,0,0,-1,0,0,0,-1,0,0,1,0,0,0,0,-1,0,0,0,0,0,1,-1,0,0,0,0,1,0,-1,1,1,0,0,1,0,0,0,0,0,0,0,0,0,0,0,-1,0,0,-1,0,0,0,-1,0,0,0,-1,-1,0,0
2636,0,0,0,-1,-1,0,0,1,1,-1,0,0,0,0,0,1,1,1,1,0,-1,-1,1,0,0,0,0,1,0,0,0,1,0,0,0,0,0,0,1,0,0,0,0,0,0,1,1,1,0,0,0,-1,1,0,0,0,0,0,0,0,-1,0,0,0
2637,0,0,0,-1,0,0,0,1,0,1,0,0,0,0,0,-1,0,-1,0,0,0,-1,-1,0,0,0,0,0,0,0,-1,0,0,1,1,-1,0,0,1,0,0,0,0,-1,-1,0,0,1,0,0,0,0,1,1,1,0,0,1,0,-1,0,0,-1,0
2638,0,0,0,1,0,-1,0,0,-1,1,-1,1,0,-1,0,-1,0,0,0,0,0,1,-1,0,0,0,0,1,0,0,-1,1,0,0,0,1,0,0,0,1,1,-1,0,0,1,0,0,0,0,0,0,0,0,0,0,-1,0,0,0,0,0,0,-1,0
2639,0,0,0,0,0,-1,0,0,0,0,0,0,0,-1,0,0,0,-1,1,0,0,0,0,0,0,0,0,0,0,0,1,-1,1,0,0,-1,0,0,0,0,1,0,1,0,0,-1,0,0,0,0,1,0,0,1,0,0,-1,0,1,1,1,0,0,1
2640,1,-1,1,-1,0,-1,0,0,0,0,0,0,-1,0,0,0,-1,0,0,0,-1,1,0,-1,0,0,0,0,0,0,0,0,0,0,0,-1,0,0,0,-1,-1,1,1,-1,0,0,0,0,0,0,0,0,0,-1,0,0,-1,0,0,1,0,1,0,0
2641,0,0,0,0,0,1,0,-1,0,1,0,0,1,0,0,0,1,1,0,0,0,1,0,0,0,-1,1,1,0,-1,0,0,1,1,1,0,0,1,0,0,0,0,0,1,-1,0,0,0,-1,0,0,0,0,0,0,1,0,-1,0,1,1,0,1,1
2642,0,-1,0,0,0,-1,0,0,0,0,1,0,0,0,0,0,1,-1,1,0,0,0,0,0,0,-1,1,0,1,0,-1,0,1,0,0,1,0,1,0,0,0,0,0,0,0,1,0,0,1,-1,-1,0,1,0,1,0,-1,0,1,-1,-1,0,0,-1
2643,0,1,0,-1,0,-1,1,0,1,0,0,1,1,0,0,1,0,0,0,0,1,1,0,0,0,1,0,0,-1,0,0,0,-1,1,1,-1,0,0,-1,0,0,0,0,0,-1,0,0,0,0,-1,-1,0,0,-1,-1,0,0,1,1,0,0,-1,0,0
2644,1,0,0,1,0,1,0,-1,1,1,0,-1,0,1,0,-1,-1,1,0,0,0,0,0,0,1,1,-1,0,0,0,-1,0,1,0,-1,-1,0,-1,0,0,1,0,0,0,-1,0,-1,-1,1,0,0,0,0,-1,1,0,0,0,0,-1,-1,0,0,0
2645,1,0,0,0,1,0,0,0,0,0,-1,-1,0,0,0,0,0,0,1,1,0,-1,0,0,1,0,0,0,0,0,-1,0,-1,0,0,0,0,0,0,0,0,-1,0,0,0,-1,0,-1,-1,1,0,-1,0,0,0,-1,0,0,0,0,0,1,1,0
2646,-1,0,0,0,1,1,-1,1,0,0,0,0,0,0,0,1,0,-1,0,0,0,1,0,0,0,0,1,1,0,0,0,1,0,0,0,0,0,1,0,0,0,1,0,0,1,0,0,0,0,0,-1,0,-1,0,0,0,0,0,0,0,0,0,1,0
2647,0,0,0,0,0,0,0,0,-1,0,0,0,0,-1,1,0,0,0,0,0,0,0,0,-1,0,0,0,0,0,0,1,-1,0,1,1,0,0,0,0,0,0,0,0,0,0,0,1,1,0,1,-1,1,0,-1,-1,-1,1,1,0,-1,0,0,0,0
2648,0,1,0,0,0,0,0,1,-1,1,0,0,0,0,1,0,0,0,0,0,0,0,-1,0,1,0,-1,1,0,0,0,0,0,-1,1,0,0,0,-1,0,1,-1,0,1,-1,0,-1,1,1,0,0,1,-1,0,1,0,0,0,0,1,0,0,0,-1
2649,0,0,0,0,0,0,0,1,-1,-1,1,1,-1,0,0,0,0,0,1,0,0,0,0,1,1,0,0,0,0,1,0,1,-1,0,0,-1,0,0,-1,1,0,0,0,0,0,0,-1,0,1,0,0,0,0,0,0,-1,-1,1,0,0,1,0,1,0
2650,0,0,-1,0,0,0,0,0,0,0,1,0,0,0,-1,0,0,1,1,0,0,-1,0,0,0,0,-1,0,0,0,0,0,1,1,0,0,0,0,0,1,1,0,0,0,-1,0,0,1,0,0,0,-1,0,0,1,0,0,-1,0,0,0,0,0,0
2651,0,0,1,0,0,-1,0,0,0,0,0,0,0,0,0,1,0,0,1,0,0,0,0,0,-1,1,0,0,0,0,0,0,0,0,1,0,1,-1,-1,0,0,0,0,-1,0,0,1,-1,0,0,0,0,1,0,0,0,0,0,0,0,0,0,0,0
2652,0,0,0,0,0,0,1,0,1,-1,0,0,1,-1,1,-1,0,-1,0,0,0,0,-1,0,0,0,-1,0,1,0,1,-1,0,0,0,-1,0,0,0,-1,0,1,0,-1,0,0,0,0,0,0,0,1,0,0,0,0,0,0,1,0,0,0,-1,0
2653,0,0,0,1,1,-1,1,0,-1,0,0,0,0,0,0,1,0,0,-1,0,0,1,0,0,0,0,0,0,0,0,0,0,0,0,0,0,0,1,0,0,0,0,0,0,0,1,1,0,0,0,0,1,0,-1,-1,0,0,0,-1,0,0,-1,0,0
2654,0,0,0,-1,0,0,1,1,-1,0,0,1,0,0,0,1,0,1,0,-1,-1,1,0,-1,0,0,0,0,0,0,-1,0,0,0,0,0,0,0,0,0,0,0,-1,0,0,-1,0,0,0,1,-1,0,0,0,0,0,1,1,-1,0,1,-1,1,-1
2655,0,0,0,0,0,0,0,0,-1,1,0,0,1,0,1,0,0,0,0,0,0,0,0,-1,0,-1,1,-1,-1,0,0,0,-1,0,0,0,0,1,0,0,0,1,0,0,0,1,-1,0,1,0,0,0,-1,0,1,0,0,0,-1,-1,0,0,0,0
2656,1,0,0,1,0,0,0,0,0,0,0,0,0,0,1,0,1,0,0,0,0,0,0,0,0,0,0,1,1,1,-1,1,0,1,1,0,0,0,0,0,0,0,-1,0,1,1,0,0,0,-1,0,0,0,0,0,0,0,0,-1,1,1,0,1,0
2657,0,0,0,0,0,-1,0,1,1,1,0,1,1,-1,1,-1,-1,0,0,0,1,1,-1,0,0,0,0,0,0,0,1,0,0,0,0,0,1,0,1,0,0,0,0,1,0,1,0,0,0,1,1,0,0,-1,-1,-1,1,0,0,0,0,-1,-1,0
2658,1,0,0,-1,1,0,0,0,-1,1,0,0,1,0,1,0,0,0,0,0,0,-1,0,0,0,1,0,0,1,-1,0,1,1,0,0,0,0,0,0,-1,0,0,-1,1,1,0,0,0,-1,0,0,0,-1,0,1,0,0,-1,-1,0,0,-1,0,0
2659,1,0,0,1,0,0,-1,1,0,0,0,-1,0,0,0,-1,0,1,0,-1,0,1,0,0,-1,0,-1,0,1,0,0,0,-1,0,0,1,-1,-1,0,0,0,1,1,1,0,0,1,0,1,1,0,0,0,0,-1,-1,0,0,0,1,1,1,0,-1
2660,1,0,-1,-1,0,1,0,0,0,0,0,0,1,0,0,1,-1,0,0,0,0,0,0,0,0,1,-1,0,1,0,-1,0,0,-1,1,0,1,1,0,1,-1,0,0,0,0,0,-1,0,0,0,0,-1,0,0,0,0,0,0,0,1,-1,0,0,0
2661,0,0,0,0,0,0,1,0,0,0,0,0,1,0,0,0,0,0,-1,0,0,0,0,0,0,0,1,0,0,0,-1,1,0,0,0,0,-1,0,0,0,-1,-1,-1,-1,0,0,-1,0,-1,0,0,0,0,0,0,0,1,0,1,0,0,0,0,0
2662,0,0,1,0,0,0,-1,1,1,-1,0,-1,-1,0,0,0,1,0,0,-1,0,0,0,1,0,-1,0,0,0,0,-1,0,0,1,-1,0,1,1,-1,0,0,0,0,0,1,-1,1,0,-1,-1,0,1,-1,1,0,0,0,1,0,0,0,0,0,0
2663,0,0,0,-1,0,-1,0,1,1,0,0,0,0,0,0,1,1,0,-1,-1,0,0,0,0,1,1,0,1,0,0,0,0,0,0,1,1,0,-1,0,0,0,0,1,-1,0,0,0,0,0,1,0,1,0,0,0,0,1,0,0,-1,0,0,0,0
2664,0,-1,0,0,-1,0,0,0,1,1,0,0,0,-1,0,0,0,0,-1,1,1,0,0,-1,-1,0,0,0,0,0,1,0,0,-1,0,0,1,1,0,1,0,0,0,1,0,0,0,-1,0,0,0,0,1,1,0,1,0,0,0,0,-1,0,0,-1
2665,0,0,0,-1,0,1,0,0,0,0,1,0,0,0,0,0,0,0,-1,0,1,0,1,1,1,0,0,0,0,1,0,0,-1,0,1,-1,0,-1,-1,0,0,0,0,0,1,-1,0,0,-1,0,-1,0,0,-1,0,0,0,1,1,1,0,0,0,0
2666,0,1,0,0,-1,0,0,0,0,0,0,0,0,0,0,0,-1,0,0,1,0,1,-1,0,-1,1,0,1,1,0,0,0,0,0,0,0,0,1,0,0,0,0,1,-1,0,1,0,0,0,0,0,1,-1,0,0,0,0,1,0,1,0,0,1,0
2667,-1,0,0,-1,0,0,-1,-1,0,-1,0,0,0,0,0,0,0,0,0,-1,0,-1,1,0,0,1,1,0,0,1,0,-1,1,0,0,0,0,1,0,0,0,0,0,0,0,0,0,-1,0,0,0,0,0,-1,-1,0,0,0,0,0,0,-1,0,0
2668,1,0,-1,0,1,0,0,1,0,-1,-1,-1,0,0,0,1,0,-1,0,0,0,1,0,-1,0,0,0,0,0,1,0,1,0,-1,0,1,0,0,0,-1,0,0,1,0,1,0,-1,0,0,0,0,0,1,0,0,0,0,0,-1,-1,-1,0,-1,1
2669,0,0,0,0,-1,0,0,1,-1,1,1,0,0,0,0,0,-1,0,0,1,0,0,1,-1,0,0,1,0,0,0,0,0,0,0,0,0,0,1,0,1,0,1,0,0,0,0,0,0,0,-1,1,0,0,0,0,0,-1,0,1,0,-1,0,-1,1
2670,0,0,0,1,0,1,1,0,0,0,0,-1,0,0,0,0,0,0,0,0,-1,0,0,0,0,0,0,0,0,0,0,-1,0,1,0,0,0,0,0,0,0,1,0,0,0,-1,0,0,-1,0,-1,1,0,0,0,0,0,0,0,0,0,0,0,0
2671,0,0,0,0,0,0,-1,-1,0,1,-1,0,1,0,-1,1,0,0,0,0,0,0,-1,0,-1,0,0,0,0,0,0,1,-1,0,0,-1,-1,0,1,0,0,1,1,0,0,1,0,0,0,0,-1,0,0,0,0,-1,1,0,0,1,0,0,0,0
2672,1,-1,-1,1,-1,1,1,-1,0,0,-1,0,0,0,1,0,0,0,0,-1,0,0,0,1,-1,1,-1,-1,0,0,0,0,0,-1,0,1,-1,0,0,1,0,0,0,0,0,0,0,1,0,0,0,0,0,-1,0,0,-1,0,-1,-1,1,-1,1,1
2673,0,1,0,0,0,0,0,-1,0,0,0,0,0,1,0,0,0,0,1,0,0,0,-1,0,0,0,0,0,0,0,-1,0,0,0,-1,1,0,0,0,1,0,0,0,-1,1,-1,0,0,0,0,1,0,-1,0,0,0,0,1,0,0,0,0,-1,0
2674,-1,0,0,-1,0,0,0,0,0,0,0,0,0,0,0,0,-1,-1,0,0,0,0,0,0,1,0,0,0,1,1,0,-1,0,1,1,0,1,1,0,0,0,0,0,0,0,-1,1,-1,0,0,-1,1,0,-1,0,0,-1,0,0,0,0,-1,0,0
2675,0,-1,0,-1,0,0,0,1,1,0,-1,1,0,1,-1,0,1,0,0,0,0,0,0,0,0,0,0,-1,0,0,-1,0,0,0,0,0,0,0,1,1,0,0,0,1,0,0,1,-1,0,0,0,0,0,0,1,0,0,0,-1,-1,0,0,0,0
2676,-1,0,0,0,1,1,0,0,1,0,0,0,0,0,0,0,0,0,1,0,0,-1,0,0,0,0,0,0,0,0,-1,-1,0,0,-1,0,0,0,0,1,0,0,0,0,0,0,0,0,0,1,0,1,1,0,0,0,0,1,1,0,0,0,-1,0
2677,0,0,1,0,0,0,-1,0,0,0,0,0,-1,0,0,0,1,0,-1,1,-1,1,-1,1,1,0,0,1,0,0,0,0,0,0,0,-1,0,-1,0,0,0,0,1,0,-1,0,0,-1,1,0,-1,-1,1,0,0,1,1,0,1,0,0,0,-1,-1
2678,1,0,0,0,0,0,0,0,-1,-1,0,-1,1,0,0,1,0,0,0,0,0,0,0,0,0,1,0,0,0,0,0,-1,-1,-1,0,0,-1,-1,1,0,0,0,0,0,0,0,0,0,1,0,0,0,-1,-1,0,1,0,0,1,0,0,0,0,0
2679,1,0,-1,0,-1,-1,-1,0,1,0,0,0,0,0,1,1,-1,0,1,-1,0,1,0,0,0,0,1,1,0,0,0,0,0,0,0,0,1,0,-1,0,0,0,0,1,1,0,0,1,0,0,1,0,0,0,0,0,-1,0,1,0,0,0,1,0
2680,0,0,1,0,1,0,0,-1,0,0,0,0,0,0,0,-1,0,0,0,0,0,0,0,0,0,0,0,0,0,0,0,0,0,-1,0,0,-1,0,-1,0,0,1,1,1,0,0,0,1,0,1,-1,1,-1,0,0,-1,0,0,0,0,0,0,0,0
2681,0,0,-1,0,0,1,0,0,-1,1,-1,0,1,0,0,0,0,0,0,-1,0,0,0,-1,0,1,1,0,0,0,0,0,0,-1,0,0,0,0,0,1,-1,0,0,0,0,-1,0,0,0,0,-1,0,0,0,-1,0,-1,0,0,1,-1,0,0,-1
2682,1,0,1,1,0,0,0,0,0,0,0,-1,-1,0,1,-1,0,0,0,0,1,0,0,1,-1,-1,1,-1,0,1,1,0,0,1,0,0,1,0,0,0,-1,1,0,1,0,1,0,0,0,0,1,0,0,0,-1,0,0,1,0,1,0,0,0,0
2683,0,0,0,-1,0,0,0,0,0,0,0,0,0,1,-1,0,-1,0,0,-1,0,0,-1,0,0,-1,1,1,1,0,-1,0,-1,0,0,1,0,0,0,-1,-1,0,-1,0,-1,0,-1,0,-1,-1,0,0,0,0,1,0,0,0,1,-1,1,0,0,0
2684,1,0,0,-1,0,1,1,0,0,0,0,0,-1,0,0,1,0,0,1,1,-1,0,1,1,0,0,0,1,0,-1,1,0,0,-1,-1,-1,0,0,0,0,1,0,0,0,0,0,0,1,0,0,-1,0,0,0,0,0,0,1,0,0,0,0,0,0
2685,-1,1,0,0,-1,0,0,0,0,-1,0,0,-1,-1,0,0,0,0,-1,0,0,0,-1,0,0,0,1,1,0,0,0,-1,0,0,0,0,-1,0,0,0,-1,1,0,0,-1,0,0,1,0,0,0,0,-1,-1,0,1,0,0,1,-1,0,0,1,0
2686,0,0,0,0,0,0,-1,0,0,-1,0,0,0,0,0,1,-1,1,0,0,0,0,-1,0,0,1,1,0,1,0,1,0,0,0,0,0,0,-1,0,0,1,0,0,0,0,0,-1,0,0,-1,-1,0,-1,-1,0,0,-1,0,1,0,0,-1,0,0
2687,0,0,0,0,1,0,-1,-1,-1,0,-1,-1,-1,0,1,0,-1,-1,1,0,-1,0,0,-1,0,-1,0,0,0,0,0,0,0,1,-1,0,0,1,0,0,0,0,0,0,0,0,0,0,0,-1,0,-1,1,0,0,0,0,0,0,1,0,0,0,-1
2688,-1,1,0,0,0,0,-1,0,0,0,1,0,-1,0,0,0,0,1,1,0,0,0,0,0,0,0,0,1,0,-1,-1,-1,0,0,0,-1,-1,0,0,0,-1,1,0,-1,-1,0,0,0,0,0,-1,0,0,0,0,0,0,1,0,0,0,0,1,0
2689,-1,1,0,-1,-1,0,0,-1,-1,0,0,-1,0,0,-1,0,1,0,1,0,0,0,0,1,0,0,0,0,0,0,0,0,0,0,0,0,0,0,0,0,-1,0,0,1,0,0,0,0,0,-1,1,-1,-1,0,1,0,-1,-1,1,0,0,1,1,-1
2690,0,0,0,0,0,0,1,0,0,0,0,-1,0,0,0,0,1,0,0,1,0,-1,0,1,1,0,0,0,0,-1,0,1,0,-1,-1,1,1,-1,-1,1,1,-1,0,1,1,0,0,0,0,1,0,1,0,1,-1,0,-1,0,0,0,1,1,0,0
2691,0,1,-1,0,0,0,0,0,-1,0,0,0,0,0,-1,-1,0,0,-1,1,0,-1,1,1,1,1,0,0,0,0,0,0,0,0,1,-1,-1,0,1,0,1,1,0,0,0,0,0,-1,0,1,0,0,1,0,0,0,0,1,0,0,0,0,0,0
2692,0,0,0,0,0,1,0,0,-1,1,0,0,0,0,0,-1,0,0,0,0,0,0,0,0,0,-1,0,0,0,0,0,1,0,-1,0,1,0,0,0,0,0,0,0,0,-1,1,1,0,0,-1,-1,0,0,1,0,0,-1,-1,-1,0,0,0,0,0
2693,0,0,1,0,0,0,-1,-1,-1,0,0,-1,0,0,0,0,-1,1,0,-1,0,0,0,-1,0,0,1,0,0,0,0,-1,0,0,0,-1,0,1,1,0,0,0,1,0,-1,1,-1,0,-1,0,0,0,0,-1,0,0,-1,-1,0,-1,0,0,0,-1
2694,0,1,0,-1,0,1,0,-1,1,0,0,-1,-1,1,0,-1,-1,0,0,0,-1,0,-1,0,1,0,0,1,0,1,1,0,-1,0,0,0,0,0,-1,0,1,0,0,-1,0,1,0,0,1,0,0,0,0,0,0,-1,0,0,0,-1,0,0,0,0
2695,0,0,0,1,-1,0,-1,0,0,-1,1,1,0,0,0,-1,0,0,0,-1,0,0,-1,0,0,0,0,0,0,0,-1,1,0,0,0,-1,0,0,1,0,0,0,0,1,0,0,0,1,-1,0,0,0,0,0,0,0,0,0,-1,1,0,1,-1,0
2696,1,0,1,0,0,-1,0,0,0,0,1,0,0,1,0,0,0,1,0,0,0,0,0,0,0,0,0,-1,1,0,0,0,0,0,0,-1,1,0,0,0,0,0,0,0,0,0,1,0,-1,0,-1,-1,0,1,0,0,0,0,0,0,0,0,1,0
2697,1,1,-1,0,-1,0,1,0,0,0,0,0,0,-1,0,0,0,1,1,0,-1,0,0,0,0,0,1,1,0,0,0,0,-1,0,1,0,0,-1,0,1,1,0,-1,1,0,0,0,-1,-1,1,0,1,0,-1,0,-1,0,1,0,-1,0,-1,0,0
2698,0,0,0,-1,0,0,0,1,0,-1,-1,-1,0,0,0,1,0,1,0,0,-1,0,0,1,-1,0,0,0,1,-1,0,0,1,0,0,0,-1,1,-1,0,0,1,0,0,0,0,0,0,0,0,0,1,1,0,1,0,1,0,0,0,0,0,-1,0
2699,1,0,-1,-1,1,1,0,-1,0,-1,0,1,0,0,0,1,0,0,0,1,0,0,0,-1,1,0,1,-1,-1,-1,1,0,0,0,0,0,-1,1,0,0,0,1,0,0,-1,0,0,1,0,0,-1,0,0,0,1,-1,-1,1,0,0,-1,0,-1,0
2700,0,0,0,0,0,0,1,1,0,-1,1,0,0,-1,0,0,0,0,0,-1,-1,0,0,0,0,0,0,-1,0,-1,1,0,0,-1,0,0,-1,0,0,1,0,-1,-1,0,0,-1,0,0,0,0,1,0,0,0,0,-1,-1,-1,1,0,0,0,0,-1
2701,-1,-1,0,0,0,0,0,0,0,0,0,0,0,-1,1,0,1,-1,0,0,1,0,1,0,0,0,0,1,0,0,0,0,-1,0,-1,0,-1,-1,0,0,0,0,0,0,0,0,0,0,-1,-1,1,-1,0,0,1,-1,0,0,1,0,0,1,0,-1
2702,-1,0,0,-1,-1,0,-1,-1,0,1,0,1,1,0,0,0,0,0,1,0,0,1,0,-1,0,0,0,0,0,-1,-1,0,0,0,0,0,0,0,0,-1,0,0,0,0,0,0,0,0,0,0,0,-1,0,0,1,-1,1,0,0,1,-1,0,0,0
2703,1,0,0,-1,0,1,0,0,0,0,0,0,-1,0,0,0,1,-1,0,0,0,0,1,0,1,0,0,0,0,-1,-1,0,0,0,1,-1,0,-1,1,0,0,1,-1,0,0,0,0,0,0,1,0,0,0,1,0,0,0,0,0,0,0,0,1,0
2704,0,1,1,-1,1,0,0,1,0,0,0,1,0,-1,0,-1,1,-1,-1,-1,0,0,0,0,0,0,0,1,0,-1,1,0,0,1,-1,1,1,0,0,0,0,0,0,0,0,0,-1,1,0,0,0,0,0,1,1,-1,0,0,0,0,1,1,0,1
2705,1,0,-1,1,-1,0,0,1,1,-1,0,0,0,0,-1,-1,-1,1,-1,0,0,0,1,0,1,1,0,0,0,-1,0,0,0,0,1,1,-1,0,-1,0,0,0,1,-1,0,0,0,0,-1,0,0,1,0,1,0,-1,0,0,0,-1,0,1,0,0
2706,0,-1,0,1,0,0,0,0,-1,-1,1,0,0,0,0,0,-1,0,1,-1,-1,0,0,0,-1,0,0,-1,-1,1,1,-1,1,0,0,1,0,1,0,0,0,0,0,0,1,-1,1,0,0,1,0,0,0,0,0,0,-1,1,0,0,-1,-1,0,0
2707,0,0,0,1,-1,0,0,0,0,0,0,0,1,0,-1,0,0,0,0,0,-1,0,0,0,0,-1,0,1,0,0,0,0,-1,-1,0,0,-1,0,-1,0,-1,0,0,-1,0,0,0,-1,0,0,1,0,-1,0,-1,-1,0,0,0,-1,1,1,0,-1
2708,-1,1,0,0,0,0,0,1,1,1,0,0,0,1,0,0,-1,1,0,0,-1,0,0,1,1,-1,0,0,0,0,0,1,-1,0,0,0,0,0,-1,1,0,0,1,-1,0,0,1,0,0,-1,1,1,0,0,0,-1,1,0,-1,0,-1,-1,0,0
2709,0,0,0,-1,0,1,0,0,0,0,1,0,0,0,-1,0,0,-1,0,-1,-1,0,1,0,0,-1,-1,0,0,1,0,0,0,-1,1,0,-1,1,1,0,1,0,0,0,-1,-1,0,0,0,0,0,0,0,0,-1,0,1,0,0,-1,0,0,0,0
2710,0,0,1,0,-1,-1,0,1,1,-1,0,0,0,1,0,0,0,1,0,1,1,0,1,0,1,1,0,0,0,0,0,1,0,0,-1,0,0,1,0,0,0,0,0,-1,0,0,0,1,0,1,-1,0,0,0,0,0,1,1,-1,0,-1,-1,0,0
2711,0,0,0,-1,0,0,0,0,0,0,-1,-1,0,0,-1,1,-1,-1,0,0,-1,0,0,0,-1,0,0,0,1,-1,0,-1,0,0,0,1,0,1,0,0,-1,1,-1,0,-1,0,0,0,0,1,0,0,0,0,-1,0,0,0,-1,0,0,0,0,0
2712,0,0,1,0,1,0,1,-1,1,0,0,0,1,0,0,1,1,0,0,0,0,1,0,-1,0,0,0,0,-1,0,0,0,-1,0,0,0,0,-1,0,0,-1,1,0,0,0,0,-1,0,-1,0,0,0,1,0,0,-1,0,0,0,1,0,0,0,0
2713,0,1,0,1,0,0,1,0,1,-1,-1,0,-1,0,0,0,0,0,0,1,0,0,0,-1,0,0,-1,0,0,0,0,1,1,0,0,0,1,1,0,1,0,1,0,1,0,-1,1,-1,0,0,0,0,0,0,0,1,1,0,0,1,1,0,0,-1
2714,0,0,1,1,0,0,0,0,0,0,0,0,0,1,-1,0,0,-1,0,0,0,0,-1,0,0,0,0,1,0,0,0,0,0,1,-1,1,0,0,0,1,0,0,0,1,-1,1,-1,0,-1,0,0,0,0,1,0,1,1,1,1,1,-1,0,0,0
2715,0,1,0,1,0,0,0,0,1,0,0,1,1,1,0,0,0,0,0,0,0,1,-1,0,0,-1,0,0,0,0,0,0,-1,0,-1,0,-1,0,1,0,0,-1,1,-1,0,0,-1,0,0,0,-1,-1,-1,0,0,-1,0,1,1,-1,1,-1,0,0
2716,-1,-1,-1,0,1,0,-1,-1,-1,1,0,0,1,1,1,0,0,-1,0,0,0,0,-1,1,1,0,1,1,0,0,-1,1,0,0,0,0,0,0,1,0,0,0,1,0,0,0,0,0,0,0,-1,-1,0,0,0,0,0,1,0,0,-1,1,-1,0
2717,0,0,0,1,-1,1,1,0,-1,0,0,1,1,1,0,0,-1,0,0,0,0,0,0,0,0,0,0,0,0,0,-1,0,0,0,0,0,1,0,-1,1,0,0,0,0,1,0,-1,0,-1,1,0,0,1,0,1,-1,0,0,0,0,-1,0,0,0
2718,0,0,1,-1,0,0,-1,0,0,0,1,-1,0,1,0,0,0,-1,0,0,0,1,-1,-1,0,-1,0,0,0,1,0,0,0,0,1,0,0,1,0,0,0,0,0,1,0,1,1,1,0,0,0,0,0,0,0,0,0,-1,0,0,0,0,0,1
2719,0,0,0,0,0,0,1,0,-1,-1,0,0,1,0,0,0,0,1,-1,1,0,0,-1,-1,0,1,0,1,1,0,0,0,-1,0,-1,0,-1,1,1,0,-1,1,0,-1,0,0,1,0,0,1,0,1,-1,1,-1,0,1,0,1,1,-1,-1,0,1
2720,1,-1,1,0,1,1,0,1,0,-1,0,-1,0,1,0,1,0,0,0,0,0,-1,1,0,0,-1,0,0,0,0,0,0,0,-1,0,1,1,0,1,1,0,0,0,-1,1,0,0,0,1,0,1,0,0,1,0,0,0,-1,0,-1,0,1,0,1
2721,0,0,-1,0,0,1,1,0,1,0,0,-1,1,0,0,0,-1,0,-1,0,-1,0,0,-1,0,0,0,0,-1,-1,1,0,1,0,0,0,0,0,0,0,0,0,0,0,1,0,0,1,0,0,0,0,0,0,0,1,0,-1,0,0,0,0,0,0
2722,0,-1,0,0,0,1,0,1,-1,-1,0,0,0,0,1,0,0,0,0,0,0,0,-1,-1,0,-1,0,0,1,0,0,0,0,0,0,0,1,-1,0,1,0,0,1,0,0,0,-1,0,0,1,0,0,-1,0,0,0,1,0,0,-1,-1,0,0,0
2723,0,0,1,0,1,-1,1,0,1,0,0,0,-1,0,0,1,-1,0,0,0,0,0,0,0,0,0,0,0,0,-1,0,0,0,0,1,0,-1,0,0,0,-1,-1,1,0,0,0,-1,1,0,0,0,-1,0,1,1,0,0,-1,0,0,-1,1,0,0
2724,0,-1,0,0,1,0,0,0,0,-1,-1,0,0,0,0,1,0,1,0,-1,-1,1,-1,-1,1,0,0,0,-1,1,0,0,0,0,-1,0,0,0,0,0,0,0,-1,0,0,-1,0,0,0,0,1,0,0,-1,-1,1,0,1,1,0,1,0,0,0
2725,-1,-1,0,1,0,1,0,0,0,0,0,0,0,-1,0,0,0,0,0,0,1,0,1,1,0,0,-1,0,0,-1,0,-1,1,-1,-1,0,1,1,0,0,-1,0,0,1,-1,0,0,1,0,-1,0,0,0,0,0,0,0,1,0,0,0,1,0,0
2726,1,1,-1,0,0,0,0,0,0,1,1,-1,-1,0,-1,0,0,0,0,0,1,-1,0,0,0,1,0,-1,0,0,0,1,0,1,-1,0,-1,-1,1,0,0,0,0,0,-1,0,0,0,1,0,0,0,1,-1,-1,0,0,0,0,0,0,0,1,0
2727,1,0,0,0,1,0,1,-1,0,0,0,0,1,0,0,0,0,1,-1,0,1,0,0,1,1,0,0,0,0,0,0,1,1,0,0,1,1,-1,-1,0,0,0,0,1,1,0,-1,0,0,0,1,0,0,0,0,1,0,0,-1,-1,0,0,0,0
2728,0,-1,0,0,1,0,0,0,-1,0,0,0,1,0,0,0,0,0,0,0,0,0,0,1,0,0,-1,0,0,-1,0,1,0,0,0,0,0,1,-1,0,0,0,0,0,0,-1,0,0,0,0,0,-1,-1,0,1,-1,0,0,0,0,1,-1,1,1
2729,0,0,0,-1,0,1,0,0,-1,0,0,0,0,0,0,1,0,0,0,-1,0,0,0,0,0,0,-1,1,0,0,-1,1,0,0,0,0,0,0,0,0,0,0,0,0,0,0,1,0,0,0,1,0,1,0,0,0,1,0,0,0,0,0,0,-1
2730,1,0,0,0,0,0,0,0,0,0,0,-1,0,0,0,0,0,0,0,1,0,0,-1,1,0,0,0,1,1,0,-1,0,-1,0,0,0,0,-1,1,0,-1,0,0,1,1,0,1,0,0,0,1,0,0,1,-1,0,0,0,0,0,0,1,1,1
2731,0,1,0,0,1,0,1,0,0,0,0,0,1,1,0,0,-1,1,0,0,0,0,0,0,0,0,-1,1,0,0,0,-1,0,0,1,0,1,0,0,0,0,0,0,1,0,0,-1,-1,0,0,0,0,0,0,0,0,-1,0,1,0,0,0,1,0
2732,0,0,0,1,-1,0,-1,0,1,1,0,0,1,-1,-1,-1,1,1,0,0,0,0,0,0,0,1,0,0,0,-1,1,0,0,0,0,0,0,0,-1,0,1,-1,0,0,1,0,-1,0,0,0,0,1,0,-1,0,0,-1,-1,0,0,0,0,0,1
2733,0,0,0,0,-1,1,0,1,0,0,-1,-1,-1,-1,-1,0,-1,0,0,1,1,0,0,0,0,0,0,0,0,0,0,0,1,0,0,0,-1,1,-1,-1,0,0,0,-1,0,0,0,1,0,0,0,0,1,0,0,1,-1,0,0,0,0,0,1,0
2734,-1,0,-1,0,0,0,0,1,0,0,1,0,1,0,0,0,0,0,0,0,0,0,0,-1,0,1,0,-1,-1,0,0,1,0,1,0,0,0,0,0,-1,0,-1,0,0,0,0,0,0,0,0,0,0,0,0,0,0,-1,0,1,-1,0,0,-1,-1
2735,0,1,-1,0,1,1,0,1,0,0,0,0,0,1,1,0,0,0,0,0,0,0,0,0,-1,0,0,0,1,1,0,0,0,0,0,0,0,0,0,1,0,0,0,0,-1,0,0,0,-1,0,-1,0,0,0,1,0,0,0,0,1,0,0,-1,1
2736,1,0,0,0,0,0,1,-1,1,0,0,0,0,0,1,-1,0,0,0,0,0,0,0,0,1,-1,1,0,1,0,0,0,1,0,0,0,1,0,-1,0,0,0,1,0,1,0,0,0,0,0,0,1,0,0,1,0,1,0,-1,0,0,1,-1,0
2737,0,0,0,0,0,0,-1,-1,0,0,0,0,-1,0,-1,0,0,0,0,1,0,0,0,-1,0,0,1,0,-1,0,0,0,0,0,0,0,0,0,0,0,0,0,-1,0,0,0,0,0,0,-1,-1,0,0,0,0,0,0,0,-1,0,0,0,0,0
2738,1,0,1,0,0,0,0,-1,0,-1,0,0,1,0,-1,0,0,0,0,0,0,-1,1,0,1,0,0,1,0,-1,0,-1,-1,1,1,0,0,0,0,0,0,0,0,0,-1,0,0,0,0,0,0,-1,0,0,0,0,0,0,-1,0,0,0,-1,-1
2739,-1,-1,0,0,0,0,0,1,1,0,1,1,1,-1,0,0,0,0,0,0,-1,-1,0,-1,0,0,0,0,0,0,0,1,-1,0,0,1,1,-1,-1,-1,1,1,1,0,0,0,0,-1,1,1,0,-1,1,0,0,0,-1,0,-1,0,0,-1,-1,0
2740,0,1,0,1,0,1,0,0,0,0,1,0,0,0,0,1,0,-1,0,0,0,0,0,0,-1,1,0,-1,0,1,0,0,0,0,1,0,0,0,0,0,1,-1,0,0,1,1,0,1,0,1,0,0,0,0,0,1,1,1,0,-1,0,0,1,0
2741,1,1,0,-1,0,0,1,1,1,0,0,-1,1,0,0,1,0,-1,0,0,1,0,0,0,0,0,-1,0,-1,0,0,1,0,0,0,0,0,0,1,1,0,0,0,0,0,1,1,0,0,0,0,-1,-1,-1,0,1,1,0,0,0,0,0,1,0
2742,0,0,0,0,1,1,0,0,0,-1,0,0,0,1,1,0,0,0,0,0,1,0,0,0,1,0,-1,0,0,0,0,0,-1,0,0,0,0,0,0,0,0,1,0,0,0,0,0,0,-1,0,0,0,1,-1,0,0,1,0,0,0,0,0,1,0
2743,0,0,0,0,0,0,0,-1,0,0,1,1,-1,0,0,0,-1,0,0,0,0,1,0,-1,0,-1,1,0,0,0,1,-1,0,0,0,-1,1,-1,0,1,-1,0,0,0,0,-1,1,-1,0,0,0,0,1,0,-1,-1,0,-1,0,0,0,0,0,0
2744,0,0,0,1,-1,0,0,0,0,0,-1,1,-1,0,0,-1,1,0,-1,0,-1,0,1,0,0,0,0,-1,0,0,0,0,-1,0,0,0,0,-1,0,0,0,-1,0,0,1,0,-1,0,0,1,0,0,1,0,0,0,0,0,0,0,-1,-1,0,-1
2745,0,0,0,-1,1,0,0,0,-1,0,0,0,0,0,1,-1,0,1,0,0,0,0,-1,-1,1,0,0,0,0,0,0,0,1,0,0,0,0,0,1,0,-1,-1,1,0,0,-1,0,0,1,1,0,0,0,0,-1,-1,1,0,0,0,1,0,1,0
2746,0,0,0,0,-1,-1,0,0,0,0,0,1,0,-1,1,-1,0,0,0,0,0,0,0,-1,1,0,0,1,0,-1,0,-1,0,0,0,0,0,1,0,1,1,0,0,-1,0,1,1,0,1,0,0,0,1,-1,1,0,0,0,1,-1,0,0,0,0
2747,1,1,0,0,0,0,0,-1,1,0,-1,-1,-1,0,0,0,-1,0,1,0,0,0,0,0,0,1,0,1,0,0,0,0,-1,0,0,1,0,-1,-1,1,0,0,0,0,-1,0,1,1,0,-1,-1,1,0,0,0,0,0,0,1,0,0,-1,0,-1
2748,0,-1,0,0,0,0,0,0,0,1,1,0,0,-1,-1,0,1,0,0,-1,0,1,-1,0,0,0,0,-1,1,1,1,-1,0,0,0,1,0,0,0,0,-1,0,0,-1,0,0,0,0,-1,0,0,0,0,-1,-1,0,-1,-1,0,1,0,0,0,-1
2749,-1,0,-1,-1,-1,0,0,0,-1,0,0,0,0,0,0,1,0,0,-1,0,0,0,0,0,0,0,0,1,-1,1,0,1,0,0,0,0,0,0,-1,0,0,0,1,1,1,0,0,-1,0,0,0,0,-1,1,0,-1,0,-1,0,0,0,0,-1,0
2750,0,0,0,1,1,-1,-1,0,0,0,0,0,0,0,0,-1,0,0,1,0,0,0,0,0,1,0,1,-1,1,0,0,0,0,0,0,-1,0,1,0,-1,0,0,-1,0,1,0,0,0,0,-1,0,1,0,0,-1,0,0,1,-1,0,0,0,-1,0
2751,0,-1,-1,-1,0,0,0,0,0,0,0,1,1,0,0,-1,0,-1,0,-1,0,1,-1,0,0,1,0,0,-1,-1,0,0,0,0,0,0,0,0,1,0,0,0,1,0,0,0,0,0,0,0,0,0,0,0,-1,0,0,1,1,0,0,0,0,0
2752,0,0,0,0,0,0,0,-1,0,0,0,0,0,1,0,1,-1,0,0,0,-1,0,-1,0,-1,0,0,0,0,0,0,1,0,0,0,0,0,0,1,1,1,0,0,1,0,1,-1,0,0,0,-1,0,0,0,0,0,0,1,0,0,0,1,0,-1
2753,0,0,0,1,0,0,0,0,0,0,0,0,0,0,0,1,0,1,0,0,0,-1,0,1,0,0,0,0,0,1,0,0,0,0,-1,0,0,0,-1,0,0,-1,0,1,-1,0,1,0,0,0,1,1,-1,0,-1,1,0,-1,0,0,0,0,0,1
2754,0,1,0,-1,0,0,0,0,0,-1,0,0,0,0,0,0,0,-1,0,0,0,0,-1,-1,0,-1,-1,-1,0,0,-1,0,0,1,0,0,-1,0,0,0,0,0,0,0,1,0,1,1,1,0,0,0,0,0,1,-1,0,0,0,0,0,0,0,0
2755,0,0,0,0,0,-1,0,0,0,0,-1,0,0,0,0,0,0,0,0,0,0,0,0,1,0,0,0,0,0,0,0,0,0,1,1,0,-1,0,-1,-1,0,0,0,0,0,0,0,0,-1,0,1,0,0,-1,0,-1,0,0,0,0,0,0,0,0
2756,1,1,1,0,1,-1,0,0,1,0,-1,1,1,0,0,0,0,0,0,1,0,-1,0,-1,-1,0,0,0,0,-1,1,1,0,0,0,0,1,0,-1,0,0,0,0,0,0,0,0,0,0,1,0,0,0,0,1,0,0,0,1,0,0,0,1,0
2757,0,0,0,0,0,0,0,0,-1,0,-1,0,0,0,0,-1,-1,-1,0,0,-1,-1,1,0,0,0,0,0,0,0,0,0,-1,1,-1,1,-1,0,0,0,0,1,0,1,0,0,0,0,-1,0,1,0,0,0,0,0,0,0,1,1,0,-1,0,0
2758,0,0,0,1,1,0,0,-1,0,0,-1,1,-1,0,0,0,0,1,0,0,0,-1,0,0,1,-1,0,0,1,0,0,0,-1,1,0,0,0,1,-1,0,0,0,0,0,0,-1,0,0,0,-1,0,0,0,-1,0,0,0,0,-1,1,0,-1,0,0
2759,1,0,0,-1,0,0,1,0,0,1,1,0,-1,0,0,-1,0,0,0,0,0,0,1,0,0,0,1,1,0,0,1,0,0,0,1,-1,0,0,-1,0,0,0,0,0,1,0,0,0,1,0,0,0,0,0,0,0,-1,1,-1,-1,0,0,0,0
2760,0,-1,-1,1,1,0,-1,0,0,-1,0,0,1,1,0,1,1,0,0,0,0,0,-1,1,-1,-1,0,0,1,0,0,0,0,-1,0,-1,0,1,0,1,0,0,0,0,-1,0,0,0,1,-1,-1,0,0,0,0,0,0,0,0,1,-1,0,0,0
2761,-1,1,0,-1,0,1,1,0,0,-1,1,0,0,0,0,1,0,0,0,0,0,1,0,0,-1,0,0,0,0,0,0,0,0,0,0,-1,0,1,0,1,1,0,0,0,0,-1,1,0,-1,0,-1,-1,-1,0,0,-1,0,0,0,0,-1,0,0,0
2762,0,0,-1,0,-1,0,1,0,0,0,0,0,0,0,0,-1,0,0,-1,0,0,0,1,0,0,0,-1,0,0,-1,0,0,0,0,0,1,1,-1,0,0,0,1,-1,0,0,0,0,0,0,0,0,0,0,1,-1,0,0,0,0,0,0,0,0,0
2763,-1,0,1,0,0,1,0,0,0,0,0,0,0,0,0,-1,0,0,0,0,0,1,-1,0,0,0,0,0,-1,1,0,0,1,0,0,1,0,0,0,0,1,0,0,0,0,0,0,-1,0,0,1,0,1,0,1,0,0,0,0,0,1,0,0,0
2764,0,1,-1,0,0,-1,0,1,0,0,0,0,0,0,0,0,1,0,1,1,-1,-1,0,0,0,0,0,0,1,0,0,0,0,0,0,0,1,0,-1,0,-1,1,0,-1,0,1,-1,0,-1,0,0,0,0,1,0,0,0,1,1,-1,0,0,0,0
2765,0,0,0,0,1,1,-1,0,0,0,1,0,-1,1,0,0,0,0,0,0,0,0,0,0,1,1,0,1,0,0,0,1,1,1,0,0,0,0,0,-1,0,0,1,0,-1,1,0,1,0,0,1,0,0,1,0,0,1,0,0,-1,1,0,0,0
2766,-1,1,0,0,-1,0,0,0,0,0,0,-1,0,-1,0,0,0,0,0,-1,-1,-1,-1,1,0,1,-1,-1,0,1,0,1,-1,0,0,1,-1,1,0,0,0,-1,0,-1,1,1,0,-1,0,0,1,0,-1,-1,-1,0,-1,0,0,0,0,0,0,-1
2767,1,0,-1,-1,0,0,0,0,0,0,-1,0,0,0,0,0,0,0,0,1,0,0,1,-1,0,0,0,0,0,0,0,1,0,0,1,-1,0,0,1,0,0,0,1,0,0,0,0,0,0,0,0,1,1,-1,0,0,0,0,0,0,0,0,-1,-1
2768,0,0,1,0,0,1,-1,-1,0,0,0,0,0,0,-1,0,1,0,1,0,0,1,-1,0,0,0,0,0,0,1,1,0,0,0,0,0,0,-1,0,0,-1,0,-1,1,0,0,0,1,0,-1,-1,0,0,-1,0,1,1,-1,0,0,0,0,0,0
2769,0,1,0,0,0,1,0,0,0,1,0,0,0,0,-1,0,0,0,0,0,-1,1,0,0,0,0,0,-1,0,1,-1,0,0,1,0,0,0,0,1,0,0,0,-1,0,1,1,0,0,-1,0,1,1,1,1,1,0,1,0,0,0,0,0,0,1
2770,0,0,0,0,0,1,0,0,0,0,0,1,-1,0,-1,0,0,-1,1,0,-1,0,0,1,1,0,1,0,-1,1,0,-1,1,0,1,0,0,0,0,-1,1,0,0,0,0,1,0,0,1,1,0,0,0,0,0,0,0,-1,-1,0,0,-1,0,0
2771,0,-1,0,0,0,-1,-1,0,0,0,1,1,0,0,0,1,1,0,-1,0,1,-1,0,1,0,0,0,0,0,0,0,0,0,0,0,0,0,1,0,0,0,0,0,-1,0,-1,0,-1,-1,1,0,0,-1,0,1,1,-1,-1,-1,0,0,1,0,0
2772,1,0,0,0,0,0,0,-1,0,0,1,1,0,0,1,0,1,-1,0,0,0,0,1,-1,0,0,0,0,0,0,0,-1,-1,0,0,0,0,0,0,-1,0,0,0,1,1,0,0,0,-1,0,-1,0,1,1,1,-1,-1,0,1,0,0,1,-1,0
2773,0,0,1,0,1,0,0,0,0,-1,0,0,0,0,0,-1,0,0,0,0,-1,0,0,0,0,1,0,0,-1,0,0,0,0,0,0,0,0,0,0,-1,1,0,0,1,1,0,0,0,0,-1,1,0,-1,1,0,0,0,0,-1,1,0,0,0,0
2774,-1,0,0,0,-1,0,1,0,-1,0,0,0,0,-1,0,0,0,0,0,-1,-1,-1,1,0,0,0,0,0,0,0,-1,-1,0,1,0,-1,-1,-1,-1,0,0,0,0,0,-1,1,-1,0,0,1,0,0,0,-1,1,-1,0,-1,0,0,0,0,1,-1
2775,0,0,1,0,0,0,0,0,1,0,-1,0,0,0,0,0,1,1,0,0,0,1,-1,0,0,1,0,-1,0,1,0,0,0,-1,0,1,0,0,0,0,0,1,0,-1,0,0,0,1,0,0,-1,-1,-1,0,0,0,0,0,0,1,-1,0,0,1
2776,1,0,-1,1,0,-1,-1,0,0,0,0,0,1,0,0,1,-1,0,-1,0,1,0,0,0,-1,-1,0,-1,-1,0,1,1,0,-1,0,-1,-1,0,-1,0,1,1,-1,1,0,-1,1,0,0,1,1,0,1,0,0,-1,0,-1,-1,-1,-1,1,0,-1
2777,0,0,-1,-1,-1,-1,1,0,1,0,0,0,-1,0,0,0,0,0,0,1,1,1,0,0,0,0,1,0,0,-1,0,0,0,0,0,0,0,0,1,1,1,0,0,0,1,-1,-1,0,0,-1,-1,0,1,0,0,-1,0,0,-1,0,0,0,0,0
2778,0,1,-1,-1,0,0,0,0,0,0,0,0,0,0,0,0,1,0,0,0,0,0,0,0,0,0,0,1,0,-1,1,1,-1,0,0,-1,-1,0,-1,0,0,0,0,0,0,1,0,0,0,0,0,0,0,0,0,0,0,0,-1,1,0,0,0,1
2779,0,0,0,1,0,0,0,0,0,0,0,-1,0,0,1,0,0,1,0,0,0,0,0,0,0,1,0,0,0,-1,0,0,0,0,0,0,0,0,0,-1,0,0,1,-1,1,-1,0,0,0,0,0,0,-1,0,0,0,1,0,0,1,0,0,0,0
2780,1,0,0,0,0,-1,0,0,-1,-1,-1,0,0,1,0,0,0,0,0,1,0,0,-1,0,0,-1,0,0,1,-1,1,1,0,1,0,0,1,0,0,0,-1,1,0,0,0,0,1,1,0,0,0,0,-1,0,1,0,-1,0,0,0,-1,1,1,1
2781,1,0,0,0,0,0,1,-1,1,0,1,-1,0,0,0,0,0,0,-1,-1,0,-1,1,0,0,1,1,0,0,0,1,1,0,0,0,0,0,1,0,0,0,0,0,1,0,0,0,-1,0,0,-1,-1,0,0,1,0,0,0,0,0,-1,1,0,0
2782,1,0,-1,0,0,-1,-1,0,1,1,-1,0,-1,0,1,-1,1,1,1,0,-1,0,-1,0,0,0,1,0,1,-1,-1,0,1,1,1,0,0,0,1,0,0,0,-1,1,0,0,1,0,0,0,0,-1,0,0,-1,-1,1,-1,1,0,0,0,0,0
2783,-1,0,1,0,1,1,0,-1,0,-1,0,0,0,0,0,-1,1,0,-1,0,-1,0,0,0,0,-1,1,0,0,-1,0,0,-1,0,0,-1,0,0,0,0,1,0,0,-1,1,0,0,0,0,0,0,0,0,0,0,0,0,0,0,1,0,0,0,0
2784,0,0,0,0,-1,0,0,0,0,0,-1,-1,0,0,0,1,-1,0,-1,0,0,0,0,0,1,0,0,0,-1,0,0,0,0,0,-1,1,0,0,0,0,0,0,0,0,0,-1,0,1,0,0,-1,1,0,1,-1,0,1,0,1,0,-1,0,-1,0
2785,0,-1,0,0,-1,1,0,-1,0,0,0,0,-1,1,0,0,-1,1,0,-1,-1,-1,-1,0,1,0,-1,0,0,0,-1,0,1,0,0,-1,0,-1,0,0,-1,0,1,0,0,-1,0,0,0,1,0,0,0,0,0,0,0,-1,0,0,1,0,1,0
2786,0,0,-1,0,0,0,0,0,0,0,1,1,0,0,0,0,0,0,0,0,0,0,0,0,0,0,0,0,1,-1,0,0,-1,1,0,0,0,0,-1,0,-1,-1,1,-1,1,0,0,0,0,0,1,0,0,-1,0,1,0,0,0,0,1,-1,0,0
2787,-1,-1,0,0,0,0,0,0,1,0,0,-1,-1,-1,1,0,0,0,1,0,0,1,0,0,0,1,0,0,-1,0,-1,0,0,0,0,1,0,-1,0,-1,1,0,0,0,1,1,0,0,0,1,0,0,0,0,0,0,0,1,0,-1,-1,0,1,0
2788,0,0,0,1,0,0,-1,0,0,0,0,0,-1,0,-1,1,0,-1,0,0,0,0,-1,0,1,0,0,0,0,0,0,-1,1,1,0,-1,0,0,0,0,0,1,0,0,1,0,0,0,0,0,-1,0,0,0,-1,-1,1,0,0,1,0,0,0,0
2789,0,0,1,-1,0,0,0,1,0,0,0,-1,-1,1,-1,0,0,0,0,0,0,0,0,0,0,-1,0,1,0,0,-1,-1,0,-1,0,0,0,0,-1,0,0,-1,0,0,0,-1,-1,-1,0,0,-1,0,1,-1,1,0,0,0,0,0,-1,0,1,0
2790,0,0,0,0,-1,-1,0,1,0,0,0,1,1,0,-1,0,0,0,0,1,-1,0,0,0,0,-1,0,0,-1,0,0,0,0,-1,0,0,-1,1,-1,-1,0,0,0,-1,0,-1,-1,0,0,0,0,-1,1,0,0,1,1,0,0,0,-1,-1,0,0
2791,0,0,0,0,0,0,0,0,1,-1,1,0,0,0,0,0,0,0,0,0,0,0,1,1,0,0,0,0,0,-1,0,0,0,0,-1,0,-1,1,0,1,0,0,-1,0,0,1,0,1,0,0,0,-1,0,0,0,0,0,0,0,0,-1,1,1,1
2792,0,0,0,0,0,0,0,0,0,0,0,0,0,1,0,0,0,1,0,0,1,-1,0,0,0,0,0,1,-1,0,0,0,0,0,-1,1,1,0,0,1,0,0,0,0,0,0,0,0,0,0,0,0,1,1,1,0,0,1,0,0,0,-1,0,0
2793,0,0,0,0,0,0,1,0,0,0,-1,-1,0,0,0,0,0,1,0,1,0,0,1,0,0,0,0,1,0,0,0,-1,0,-1,-1,0,0,0,0,0,0,1,0,0,0,0,0,1,0,0,0,0,0,1,-1,1,0,0,0,-1,0,0,0,0
2794,0,0,0,0,0,0,0,-1,0,0,0,0,0,0,0,0,0,0,0,0,0,0,1,0,1,0,-1,0,0,0,-1,0,0,0,1,1,1,0,-1,0,0,0,-1,0,-1,0,-1,0,0,0,1,0,1,0,0,0,-1,0,0,0,0,0,0,-1
2795,0,0,0,1,0,0,0,1,1,1,0,0,0,0,1,0,0,0,0,0,0,0,0,0,1,0,0,0,1,1,0,-1,-1,1,1,0,1,0,0,1,0,1,0,0,0,0,0,0,1,0,0,0,0,-1,0,0,0,0,0,-1,0,0,0,1
2796,0,1,0,0,1,-1,0,0,0,0,1,0,0,-1,1,0,0,0,1,0,0,0,0,-1,0,-1,0,-1,0,0,0,-1,0,0,-1,-1,0,-1,0,0,0,0,0,0,-1,1,0,1,1,0,1,-1,1,0,0,0,0,0,1,1,0,1,0,1
2797,0,-1,-1,0,0,0,1,1,0,0,-1,1,1,0,0,1,-1,0,0,0,0,0,0,1,1,0,0,0,-1,0,0,0,-1,0,0,0,0,-1,0,0,0,-1,0,0,0,0,1,0,0,-1,1,0,0,1,0,0,0,0,0,0,-1,1,-1,1
2798,0,0,0,0,0,-1,0,0,-1,0,0,0,-1,0,0,0,0,0,1,1,-1,0,-1,0,0,0,0,0,0,-1,0,1,1,1,0,0,1,1,0,1,0,0,0,1,0,0,0,-1,1,0,0,0,0,0,0,0,0,0,1,0,0,0,0,0
2799,0,1,0,-1,0,0,0,0,0,0,-1,0,0,0,-1,0,1,0,0,0,0,0,0,0,0,-1,1,0,1,0,0,0,0,0,0,0,-1,0,-1,0,0,0,-1,0,0,0,0,0,-1,1,0,0,0,0,1,0,0,0,-1,-1,0,0,0,-1
2800,0,0,0,1,-1,1,0,0,1,0,0,0,0,1,0,0,0,-1,0,-1,0,0,0,-1,0,0,-1,1,0,0,0,0,-1,0,0,-1,0,0,-1,0,1,0,0,0,1,-1,-1,0,0,-1,1,0,0,-1,-1,0,0,-1,0,1,0,1,0,0
2801,0,1,0,0,1,-1,-1,0,0,0,0,0,0,1,1,1,0,1,1,0,0,0,1,0,0,0,0,0,0,0,0,0,1,0,0,0,0,-1,1,-1,1,0,0,1,0,0,0,0,0,0,0,0,0,0,0,1,-1,0,0,0,0,0,-1,-1
2802,0,1,0,0,0,0,0,1,0,1,0,0,1,-1,-1,1,0,0,-1,1,-1,1,0,-1,-1,0,0,0,1,-1,0,0,0,0,-1,0,0,1,0,-1,0,0,0,0,0,0,-1,0,-1,0,0,1,0,0,0,1,-1,0,0,0,-1,0,1,0
2803,-1,0,0,0,0,1,0,0,1,-1,-1,0,0,0,0,0,0,0,0,0,0,0,-1,0,0,0,0,0,-1,0,0,-1,0,0,0,0,1,0,-1,-1,0,0,1,-1,0,0,0,0,0,-1,0,0,0,0,1,0,0,0,0,-1,0,0,-1,0
2804,-1,0,-1,0,0,0,-1,0,1,0,-1,0,-1,1,-1,0,0,0,0,0,1,0,1,0,1,0,1,-1,1,0,0,-1,0,-1,-1,0,0,1,-1,1,-1,0,-1,-1,1,1,1,0,0,0,1,0,-1,0,0,0,0,0,0,0,-1,-1,0,0
2805,0,-1,0,0,-1,0,0,0,0,0,1,0,0,0,0,0,0,-1,0,0,0,0,0,1,0,0,0,-1,-1,0,0,1,0,0,0,-1,0,0,0,0,0,1,-1,0,0,0,-1,0,0,-1,-1,-1,0,0,0,0,1,0,0,-1,0,0,0,-1
2806,-1,0,0,0,-1,-1,0,0,0,0,1,0,0,1,0,0,0,0,-1,0,0,1,0,1,0,0,0,1,0,-1,0,0,1,1,0,0,0,-1,1,-1,1,-1,-1,0,0,0,0,0,0,0,1,0,-1,0,0,0,-1,1,0,0,0,0,1,0
2807,0,0,0,-1,0,-1,0,0,-1,0,-1,0,0,0,0,0,-1,1,-1,0,-1,0,0,1,0,0,-1,0,0,0,-1,0,-1,0,0,0,-1,0,0,0,0,0,0,0,0,0,-1,1,0,0,0,0,0,0,-1,0,0,1,0,0,-1,0,0,0
2808,1,0,0,0,1,1,1,-1,0,0,0,0,0,1,0,1,0,0,0,-1,0,0,0,-1,0,-1,0,1,0,1,0,0,1,0,0,0,0,0,0,-1,-1,0,0,0,0,0,0,0,0,0,0,0,1,0,0,0,0,0,-1,0,0,-1,0,0
2809,0,0,-1,0,0,0,1,-1,-1,0,1,0,-1,0,0,0,-1,0,0,-1,0,0,0,0,1,-1,1,0,0,0,-1,1,1,-1,0,0,1,-1,-1,0,1,1,0,-1,0,1,0,0,1,0,0,-1,0,-1,0,0,1,0,-1,0,0,-1,0,0
2810,0,1,0,0,-1,0,1,0,0,0,0,1,-1,0,1,-1,0,0,0,0,0,0,1,-1,0,0,0,0,0,-1,0,0,1,-1,1,0,0,1,-1,-1,0,1,-1,0,0,1,0,0,0,0,1,0,0,0,0,0,1,0,0,1,0,0,0,0
2811,-1,-1,0,0,0,0,0,0,1,1,-1,0,0,0,0,0,1,0,0,1,0,0,0,0,0,0,0,0,1,-1,1,0,-1,0,0,0,1,0,0,0,0,-1,0,0,-1,1,-1,0,0,0,0,-1,0,0,0,-1,0,1,0,0,0,-1,-1,0
2812,-1,1,0,0,0,0,1,-1,0,1,0,0,0,1,0,0,0,1,1,1,0,0,-1,-1,0,0,1,1,0,0,0,1,0,0,0,0,1,0,0,0,0,0,0,0,1,0,0,0,-1,0,0,0,0,-1,-1,1,0,0,0,-1,0,0,1,0
2813,0,0,0,0,-1,0,1,0,0,0,0,0,0,0,0,-1,1,-1,0,0,0,0,1,-1,1,0,-1,0,0,0,0,-1,0,0,0,0,0,0,-1,-1,-1,1,0,0,0,0,0,0,1,0,0,0,0,0,0,0,0,0,0,0,0,0,0,0
2814,-1,1,0,-1,0,-1,-1,0,0,0,0,1,-1,0,-1,0,0,0,0,1,0,-1,1,0,0,1,0,0,0,-1,1,-1,0,0,0,0,0,-1,0,1,1,0,0,0,1,0,0,0,0,0,1,0,1,0,0,0,-1,0,0,0,0,-1,0,0
2815,0,0,0,0,0,1,-1,1,0,-1,0,1,0,1,0,0,-1,0,0,0,0,0,0,0,0,-1,0,0,0,1,0,0,0,0,0,1,1,0,0,0,0,0,0,-1,0,0,0,0,0,0,0,0,0,1,0,0,0,1,0,0,-1,0,-1,1
2816,-1,1,0,0,0,0,0,0,0,0,1,0,0,1,1,0,0,0,0,0,0,1,1,0,0,0,0,0,0,0,-1,0,0,0,1,0,0,0,0,1,-1,0,0,0,0,0,0,0,0,0,0,1,-1,0,0,0,0,0,0,0,0,0,0,0
2817,0,-1,0,0,0,0,0,0,0,1,0,1,0,0,0,1,0,-1,0,0,1,1,0,0,0,0,0,0,-1,0,0,0,1,0,1,-1,0,1,0,0,0,0,1,0,0,0,0,0,0,0,0,0,-1,0,-1,0,0,0,0,0,1,1,1,-1
2818,0,-1,0,0,0,0,0,0,0,0,0,0,0,0,-1,0,0,-1,-1,0,0,0,0,0,1,0,0,0,0,0,0,0,0,-1,1,0,0,0,1,0,0,1,1,0,0,0,-1,0,0,0,0,0,0,0,0,0,0,0,0,0,0,0,-1,0
2819,0,-1,0,0,1,0,1,0,-1,0,-1,0,1,0,0,-1,-1,0,1,0,0,1,0,0,1,1,-1,0,0,-1,0,0,-1,-1,0,0,0,1,1,0,0,0,0,0,1,0,0,0,1,0,0,1,0,0,0,0,0,1,-1,0,0,0,0,0
2820,1,0,1,0,1,0,0,0,0,0,0,0,0,0,-1,0,0,0,0,0,1,0,0,0,0,0,0,-1,0,0,0,0,-1,0,1,0,1,1,0,0,0,0,-1,-1,1,0,1,0,0,0,0,0,1,0,0,1,0,0,1,0,0,1,0,0
2821,1,0,1,0,0,1,-1,-1,1,0,0,1,0,0,-1,-1,0,1,-1,-1,-1,0,0,-1,0,0,-1,0,-1,1,1,0,0,-1,0,0,0,-1,1,0,0,1,0,0,0,0,-1,0,0,1,-1,1,0,-1,0,-1,0,0,1,0,0,1,0,-1
2822,0,0,0,0,-1,0,0,0,-1,0,0,0,0,0,-1,0,1,-1,0,-1,-1,0,0,0,-1,0,0,-1,0,1,0,0,0,-1,-1,0,0,0,0,1,1,0,0,0,0,1,0,0,0,0,-1,1,0,1,0,-1,1,1,0,0,0,0,1,-1
2823,0,0,1,-1,0,0,1,0,-1,1,-1,0,1,0,0,0,-1,1,0,0,0,1,0,0,0,0,0,0,-1,0,0,0,-1,0,0,0,1,0,0,0,0,0,0,-1,-1,1,0,-1,0,-1,-1,-1,1,0,0,0,1,0,0,0,0,0,0,1
2824,-1,-1,0,-1,0,-1,0,1,0,0,0,0,0,0,0,0,1,1,0,-1,1,-1,1,0,0,1,1,0,0,0,0,0,0,1,0,-1,0,0,1,0,0,0,0,0,0,0,0,0,0,0,0,0,0,0,0,0,1,0,0,0,1,0,0,0
2825,0,0,0,0,1,-1,0,0,1,0,1,0,0,0,0,0,-1,0,0,-1,0,-1,0,0,0,0,0,0,0,0,-1,1,0,0,0,-1,0,0,0,0,0,0,0,0,-1,0,0,0,0,-1,-1,0,0,0,1,-1,0,1,0,0,-1,0,0,-1
2826,0,0,0,1,0,0,1,-1,-1,0,0,0,0,0,0,0,0,0,0,0,1,0,-1,0,-1,0,0,0,0,0,-1,0,0,0,-1,0,0,-1,0,1,-1,0,0,0,-1,0,1,0,-1,0,-1,0,0,0,1,0,0,-1,1,-1,1,0,0,-1
2827,0,-1,1,0,0,1,0,1,1,0,0,0,0,-1,0,0,-1,0,0,1,1,0,0,0,0,1,0,0,1,0,0,0,0,0,-1,0,0,1,0,0,0,-1,0,0,0,0,0,0,1,0,0,0,0,0,0,-1,0,0,0,0,1,0,0,0
2828,0,1,0,0,0,0,0,0,0,0,0,0,0,1,-1,-1,0,0,0,1,1,1,0,1,0,-1,0,0,1,0,1,0,-1,0,0,0,-1,0,1,-1,-1,1,1,0,0,0,0,0,1,0,1,1,0,0,0,0,0,0,0,0,0,0,0,0
2829,0,0,0,0,0,0,1,0,0,0,0,-1,0,0,0,0,0,0,0,0,-1,0,0,-1,0,1,0,0,0,1,0,0,-1,0,0,0,0,0,0,0,0,1,0,0,1,1,-1,0,-1,0,1,0,-1,0,0,0,1,0,0,0,-1,0,0,0
2830,-1,-1,0,0,0,0,-1,0,0,1,1,0,0,-1,0,0,1,0,0,1,0,0,1,0,0,0,0,0,-1,-1,0,0,1,-1,0,0,0,0,0,0,0,0,0,1,0,0,0,0,-1,-1,0,-1,1,0,0,0,0,0,0,-1,0,-1,0,0
2831,0,0,1,1,0,1,0,-1,0,1,0,0,0,0,0,0,-1,0,0,0,0,0,0,0,0,0,1,0,1,1,1,0,0,-1,1,0,0,1,1,0,0,0,0,-1,0,0,1,0,0,0,1,0,0,0,1,0,-1,1,0,0,0,0,0,1
2832,0,-1,-1,1,0,-1,0,0,0,0,0,0,0,0,0,0,0,0,1,1,0,0,0,0,0,1,0,0,-1,0,0,1,0,0,0,0,-1,0,0,-1,-1,0,0,1,0,0,-1,0,0,0,-1,0,0,1,1,1,1,-1,-1,1,-1,0,0,-1
2833,-1,0,0,0,-1,-1,-1,0,0,0,0,1,0,0,0,0,-1,-1,1,0,0,0,0,0,0,0,0,-1,-1,0,0,0,0,0,0,0,-1,0,1,0,0,0,0,0,0,0,1,0,-1,-1,0,0,1,0,0,0,0,0,0,1,0,1,0,0
2834,-1,-1,-1,1,0,0,-1,0,-1,0,0,0,0,0,1,0,0,0,0,-1,0,0,0,0,0,1,1,0,0,-1,0,-1,0,-1,0,1,0,-1,-1,0,-1,0,0,1,0,0,1,-1,0,0,-1,0,1,0,0,0,0,0,1,0,0,0,-1,0
2835,0,0,0,0,0,0,-1,0,0,0,0,0,0,0,0,0,0,0,0,-1,0,0,-1,0,1,0,0,-1,0,0,0,0,1,0,0,0,0,1,0,-1,1,-1,0,1,1,1,1,0,0,0,0,0,0,-1,0,0,0,0,-1,0,1,0,1,0
2836,0,0,0,1,-1,0,0,0,-1,-1,0,0,0,0,0,0,1,0,0,0,0,0,0,0,0,-1,1,-1,-1,0,-1,0,1,0,0,0,1,-1,1,1,1,0,1,0,-1,0,1,0,1,0,0,0,0,0,0,0,-1,0,1,0,0,0,0,0
2837,0,0,0,1,0,0,0,0,0,0,-1,1,1,0,1,1,0,0,1,0,0,-1,0,1,0,0,0,-1,0,0,0,-1,1,0,0,0,0,1,1,0,0,-1,-1,-1,-1,0,1,0,-1,-1,0,-1,-1,0,0,-1,0,-1,0,0,0,0,0,0
2838,0,0,1,0,-1,-1,0,0,0,0,0,1,-1,1,0,-1,0,0,0,0,1,0,0,0,1,0,0,0,0,0,1,0,1,1,0,0,0,1,0,0,-1,1,0,-1,0,1,-1,0,-1,0,0,0,1,0,1,0,1,0,0,-1,1,0,0,0
2839,0,1,1,0,1,0,0,0,-1,0,-1,0,0,0,0,0,0,0,0,0,1,0,1,1,-1,0,0,-1,1,0,0,0,0,0,-1,0,-1,0,0,1,0,1,-1,0,0,-1,0,0,0,-1,0,0,-1,0,1,0,1,1,-1,0,0,0,-1,-1
2840,0,1,0,1,1,0,-1,1,0,0,0,0,0,-1,0,0,0,0,0,0,1,0,-1,-1,-1,0,0,1,1,0,0,0,0,1,0,0,0,0,0,1,0,0,0,1,0,0,-1,-1,0,1,0,1,0,0,0,-1,1,0,0,0,-1,-1,0,1
2841,1,0,-1,0,0,-1,0,0,1,1,0,0,-1,0,0,-1,1,1,-1,-1,1,0,0,0,-1,0,-1,1,0,0,0,-1,0,0,-1,0,0,0,1,0,0,0,1,0,0,0,-1,0,0,0,0,0,0,0,0,0,0,0,0,0,0,0,0,0
2842,0,-1,0,0,-1,0,-1,-1,0,0,-1,1,-1,0,-1,0,0,1,0,0,0,0,0,1,-1,0,0,0,0,0,1,0,-1,0,0,0,0,-1,-1,1,0,0,1,1,0,0,0,0,-1,1,0,0,0,0,0,0,-1,0,0,0,0,0,0,1
2843,-1,0,0,0,0,1,0,0,0,1,1,1,0,0,0,1,0,-1,1,0,0,0,-1,0,0,0,1,0,0,0,0,1,0,0,0,0,0,0,0,0,0,-1,0,0,-1,0,1,0,0,-1,0,-1,-1,-1,0,0,0,1,1,0,0,1,0,0
2844,1,1,0,0,0,0,0,0,0,-1,1,1,0,0,0,0,0,0,0,0,0,0,0,0,0,0,0,0,0,1,0,0,-1,0,0,0,0,0,0,1,0,0,-1,0,0,1,0,-1,0,1,-1,0,0,0,0,0,0,-1,1,0,-1,0,0,0
2845,1,1,0,1,0,-1,0,0,1,0,0,0,0,0,0,0,0,0,0,0,0,-1,1,1,0,0,0,0,0,-1,1,0,0,0,-1,1,0,0,0,-1,1,0,-1,0,0,-1,0,0,0,0,1,1,1,1,1,1,-1,1,1,0,0,0,0,1
2846,-1,0,0,0,0,0,0,0,1,-1,1,0,1,0,0,0,-1,1,0,1,0,0,-1,0,0,-1,1,0,0,0,1,1,0,-1,0,0,1,1,-1,1,-1,-1,0,-1,0,0,0,0,0,0,0,0,0,0,-1,-1,1,0,-1,0,0,-1,0,0
2847,0,-1,0,0,0,1,0,0,0,1,0,0,-1,0,0,1,0,0,0,0,1,0,-1,0,0,0,0,0,0,0,0,1,0,1,0,1,0,-1,0,0,0,0,-1,0,0,1,0,0,0,0,0,0,0,-1,0,0,-1,0,1,0,0,0,0,0
2848,1,1,0,-1,0,0,0,0,1,0,-1,0,0,0,0,0,0,0,-1,0,0,1,-1,0,-1,0,-1,0,0,0,-1,0,0,0,0,0,1,0,0,1,0,0,0,-1,-1,0,0,0,0,0,-1,-1,0,0,0,0,0,1,0,1,-1,0,0,0
2849,1,0,0,-1,0,0,0,1,1,0,0,0,-1,0,0,0,0,-1,0,1,0,0,1,-1,0,1,1,0,1,1,0,-1,-1,0,1,0,0,0,0,0,-1,0,0,0,0,0,0,-1,-1,1,0,0,0,0,0,0,0,0,-1,0,1,0,0,0
2850,0,1,1,1,0,1,0,0,0,-1,0,1,1,1,0,0,0,-1,0,0,1,0,0,-1,0,0,0,-1,0,1,-1,-1,0,0,0,0,-1,0,0,0,0,0,0,0,0,0,0,0,1,0,0,0,0,0,0,-1,1,1,1,0,0,0,1,0
2851,-1,0,0,0,0,0,0,-1,0,0,1,-1,0,0,1,0,-1,0,-1,0,0,0,0,1,0,0,0,0,-1,0,0,-1,-1,0,0,0,0,0,0,0,0,0,1,1,0,0,0,1,1,1,1,-1,1,-1,-1,1,1,-1,0,0,0,0,-1,-1
2852,1,0,0,-1,-1,-1,0,0,0,0,0,0,0,-1,1,0,0,0,0,0,0,0,0,0,0,0,0,0,0,1,0,-1,0,0,0,0,-1,0,0,0,-1,0,0,1,-1,0,0,0,0,0,1,0,0,0,0,0,-1,0,1,0,0,0,0,0
2853,0,1,1,0,0,-1,0,0,0,0,0,0,0,0,0,1,-1,0,-1,0,0,0,1,0,1,1,0,-1,1,0,0,0,0,0,0,-1,0,1,0,-1,1,1,0,0,1,1,0,0,0,0,-1,0,0,0,0,0,0,0,1,0,0,0,0,0
2854,0,0,1,0,0,0,0,0,0,0,0,0,1,0,0,1,0,0,1,0,0,0,0,0,0,0,-1,0,0,0,-1,1,1,0,0,-1,0,1,0,0,-1,0,0,0,0,-1,0,0,0,-1,-1,-1,0,1,1,1,1,0,0,0,0,1,0,0
2855,0,0,0,1,-1,1,0,1,0,0,0,0,0,-1,0,-1,0,1,1,0,0,-1,0,0,0,-1,1,0,0,1,0,-1,0,-1,1,0,0,0,-1,0,0,0,0,1,0,0,-1,0,0,0,1,0,0,0,0,0,0,1,0,0,0,1,-1,0
2856,1,0,1,1,0,0,1,0,-1,0,-1,0,1,-1,0,1,0,1,0,0,0,0,0,-1,0,1,0,0,-1,0,0,0,1,1,0,0,-1,0,0,-1,-1,0,0,0,0,0,1,0,-1,0,0,0,0,0,1,-1,0,0,0,-1,-1,0,1,0
2857,0,-1,0,0,0,1,0,0,0,0,0,0,0,0,0,-1,0,1,0,0,0,0,-1,0,0,0,-1,0,1,1,1,-1,-1,1,0,0,1,0,-1,1,0,0,0,0,0,0,0,1,-1,0,0,1,0,0,-1,0,-1,0,0,0,0,0,0,0
2858,0,0,1,0,-1,0,1,1,0,-1,0,0,0,0,0,1,0,0,0,0,0,0,-1,0,-1,1,-1,0,-1,1,-1,0,0,0,0,1,0,0,0,0,0,-1,0,0,0,0,0,0,0,0,0,0,0,0,0,-1,0,0,0,-1,0,-1,0,1
2859,1,0,-1,0,-1,0,0,0,0,-1,0,-1,0,0,0,0,0,0,0,0,0,-1,0,0,1,0,0,0,-1,-1,1,0,1,0,1,0,0,1,0,0,0,0,1,0,0,-1,0,0,0,0,1,1,0,0,1,1,1,0,1,0,1,0,-1,1
2860,-1,-1,0,0,-1,0,0,0,0,0,0,-1,-1,0,0,0,0,-1,0,0,-1,0,0,0,0,0,1,1,0,0,0,0,0,0,0,0,-1,-1,0,0,1,0,0,0,0,0,-1,-1,0,0,0,-1,1,0,0,0,0,0,1,1,0,0,0,0
2861,0,0,0,0,0,1,-1,1,0,0,0,-1,1,0,1,0,0,1,0,0,0,0,0,0,0,0,0,0,1,0,-1,1,0,0,0,0,0,0,0,0,0,-1,0,1,0,0,0,0,0,1,-1,0,0,0,0,0,0,0,-1,0,-1,0,0,0
2862,0,0,0,0,0,0,0,-1,0,1,0,0,0,0,0,0,1,1,0,-1,0,0,1,0,0,1,0,1,-1,0,0,1,0,-1,0,0,0,0,1,0,0,-1,1,0,0,0,1,0,0,0,1,0,0,0,0,0,-1,0,0,0,0,-1,0,0
2863,-1,1,0,0,-1,-1,0,-1,0,0,0,0,1,1,0,0,0,-1,1,0,1,0,0,0,1,1,1,0,0,0,0,0,0,0,0,0,0,0,0,1,0,1,0,0,0,0,0,1,0,0,-1,0,1,0,0,0,-1,-1,0,0,-1,1,-1,0
2864,0,0,1,0,0,1,0,0,0,0,0,0,0,0,0,0,0,0,0,0,0,-1,0,0,0,0,0,0,0,0,0,-1,0,-1,0,0,1,0,1,0,1,0,0,0,0,0,-1,1,0,1,0,-1,0,0,1,-1,0,0,0,0,-1,0,0,0
2865,-1,0,0,0,0,0,0,-1,1,0,0,1,0,1,0,0,0,0,0,-1,0,0,0,0,0,0,1,0,0,0,0,0,-1,1,0,-1,0,0,0,0,0,0,0,0,-1,0,-1,1,1,1,-1,1,-1,1,1,0,0,0,0,0,0,0,0,0
2866,0,0,0,0,0,0,0,0,-1,0,0,0,0,0,1,1,0,0,0,0,-1,-1,1,0,-1,0,0,1,0,1,0,0,-1,1,1,-1,0,0,-1,0,1,0,0,-1,1,1,0,0,0,0,0,-1,0,1,-1,0,1,0,1,1,-1,0,0,-1
2867,0,0,0,0,1,0,-1,-1,0,0,0,0,1,0,0,0,0,0,0,0,-1,0,1,1,0,-1,0,1,1,0,1,0,0,0,1,0,-1,0,1,0,0,1,1,0,0,0,1,0,-1,0,-1,0,0,1,0,0,0,1,0,0,0,0,-1,-1
2868,0,0,0,0,0,1,0,0,0,-1,0,0,0,0,0,0,0,0,0,-1,-1,-1,0,0,-1,0,0,0,0,0,0,-1,0,1,0,0,1,0,0,-1,0,0,0,0,-1,0,0,0,0,0,0,0,0,0,0,0,-1,0,1,-1,-1,0,-1,1
2869,0,0,-1,1,-1,0,0,0,0,0,0,0,0,0,1,0,-1,-1,1,1,-1,0,0,1,0,0,0,0,0,0,0,0,0,0,0,0,0,1,0,-1,1,0,0,0,0,0,1,0,0,0,0,0,0,-1,1,0,0,0,0,-1,0,0,0,-1
2870,0,0,1,0,0,0,0,0,0,0,-1,0,1,0,0,-1,-1,0,1,0,0,0,0,1,0,-1,1,0,0,1,0,-1,0,0,0,-1,-1,0,1,0,0,0,0,0,0,0,0,0,0,0,0,0,-1,0,0,0,0,0,0,0,0,0,0,0
2871,1,-1,0,-1,0,0,-1,0,0,-1,0,0,0,-1,0,0,1,0,1,0,0,0,1,0,1,0,0,-1,0,1,1,0,0,0,0,1,-1,1,1,1,1,0,0,0,0,0,0,0,0,-1,0,0,0,0,0,0,0,-1,-1,0,1,1,0,0
2872,0,1,1,-1,0,0,1,0,0,1,0,0,0,0,0,0,0,1,0,0,0,0,0,0,1,0,-1,0,0,0,0,0,0,0,1,0,0,0,0,-1,0,0,1,0,1,-1,0,-1,1,0,0,0,-1,0,0,1,1,0,0,0,0,0,1,1
2873,0,1,0,0,1,-1,-1,1,1,0,0,1,0,0,-1,0,0,0,0,0,0,-1,0,0,-1,-1,0,-1,0,0,1,0,0,1,0,0,1,0,0,1,0,0,0,0,0,0,-1,0,-1,-1,0,0,0,-1,0,1,0,1,1,1,-1,0,0,0
2874,0,0,0,0,0,0,1,1,0,0,0,0,0,0,0,0,0,0,-1,0,-1,-1,0,0,-1,0,-1,0,-1,0,0,0,0,-1,0,-1,0,-1,0,1,0,-1,0,1,0,-1,0,1,1,0,0,0,1,-1,0,0,1,1,0,-1,0,0,0,-1
2875,-1,0,0,0,0,1,0,1,0,1,0,0,1,0,0,0,0,1,0,0,0,0,0,0,0,1,0,-1,0,1,1,0,0,0,1,0,1,0,0,-1,0,0,1,0,0,0,1,0,1,-1,0,0,1,1,0,0,0,0,1,0,0,0,0,0
2876,1,0,0,0,0,0,0,1,1,0,0,1,-1,1,0,1,0,0,1,0,0,0,-1,-1,0,0,0,-1,0,0,0,-1,1,0,0,0,0,0,-1,1,-1,0,0,1,0,0,0,0,-1,0,0,0,-1,0,-1,0,0,-1,1,0,1,1,0,0
2877,0,0,-1,0,-1,-1,-1,0,0,-1,0,0,-1,0,1,0,0,0,1,0,0,0,0,-1,1,0,0,0,-1,0,0,0,0,-1,0,-1,0,-1,0,0,-1,0,0,1,-1,0,0,0,0,0,0,0,0,0,0,0,0,-1,1,1,0,0,0,1
2878,0,1,0,0,0,0,0,0,0,0,1,0,-1,0,0,0,0,0,0,0,1,1,0,0,0,0,0,0,0,-1,-1,0,0,0,0,0,0,0,-1,0,0,0,0,1,1,-1,0,-1,0,0,0,0,-1,0,1,0,0,0,0,0,0,-1,1,-1
2879,1,0,0,-1,0,0,0,0,1,0,0,0,0,0,0,-1,0,0,0,-1,0,-1,0,0,0,0,1,0,0,0,0,-1,-1,1,0,0,1,1,0,0,0,0,0,0,0,0,1,0,0,1,0,1,1,0,0,1,1,-1,0,-1,-1,0,0,-1
2880,-1,0,1,0,0,0,0,1,0,0,1,0,0,0,1,0,0,0,0,0,0,1,0,0,0,-1,-1,0,-1,0,-1,0,-1,0,1,0,1,0,0,0,0,0,1,0,1,0,0,-1,0,0,0,0,1,0,1,0,0,0,0,0,1,0,0,-1
2881,0,-1,-1,0,0,0,1,1,0,0,0,1,0,0,0,0,-1,-1,1,0,0,-1,0,1,0,-1,0,-1,0,1,0,0,-1,0,0,0,0,0,0,0,1,0,0,0,-1,0,0,0,0,0,1,0,-1,0,0,0,0,0,0,-1,0,-1,0,-1
2882,0,0,1,0,0,-1,0,0,-1,0,1,0,1,0,0,-1,0,-1,-1,0,0,-1,0,0,0,1,1,0,0,0,0,0,0,1,0,0,-1,0,0,0,-1,1,1,0,0,1,-1,1,0,-1,0,0,0,0,0,0,0,0,0,0,0,1,-1,0
2883,0,0,-1,-1,0,-1,-1,0,0,0,0,1,0,0,1,1,-1,-1,0,0,-1,1,0,0,-1,1,-1,0,0,0,0,0,1,-1,0,0,0,0,0,-1,0,-1,1,0,-1,0,-1,-1,0,0,-1,-1,0,0,-1,-1,1,0,-1,-1,-1,1,0,1
2884,0,0,0,-1,-1,0,0,0,0,0,-1,0,0,0,1,1,-1,0,1,0,-1,0,0,0,0,0,0,0,0,1,-1,0,0,-1,-1,0,0,0,0,0,1,0,0,0,0,0,0,0,0,0,0,0,0,0,0,-1,0,0,0,0,0,1,0,1
2885,1,0,0,0,1,0,1,0,-1,0,1,1,0,1,1,0,0,0,0,0,-1,0,1,-1,-1,1,1,0,-1,1,0,0,0,0,0,-1,-1,-1,0,0,0,0,-1,0,1,0,-1,-1,-1,0,0,0,-1,0,1,-1,0,1,0,0,-1,0,-1,0
2886,-1,-1,0,-1,1,1,-1,0,0,-1,1,0,1,0,0,0,0,0,0,1,-1,0,0,0,-1,0,0,0,0,0,-1,0,-1,0,-1,0,0,0,0,0,1,-1,0,0,-1,-1,0,0,0,0,1,-1,0,0,-1,0,0,0,0,-1,0,0,0,0
2887,0,0,0,0,-1,0,1,-1,0,-1,0,-1,0,0,0,0,0,0,0,0,1,0,0,-1,0,0,1,0,1,-1,-1,0,0,1,0,-1,0,0,0,0,0,0,0,0,-1,-1,-1,0,0,1,0,0,1,1,-1,0,0,0,1,0,0,0,-1,-1
2888,0,0,0,0,1,-1,0,1,0,-1,0,1,0,0,-1,0,0,0,0,0,1,0,-1,0,0,0,-1,0,0,0,0,0,-1,0,0,-1,0,0,0,0,0,0,-1,0,0,0,-1,-1,0,0,0,-1,0,-1,1,1,0,1,0,0,1,1,0,0
2889,0,0,0,0,0,-1,0,0,-1,0,-1,0,0,0,0,1,0,0,-1,1,1,0,0,-1,0,0,1,0,0,-1,-1,1,0,-1,0,0,0,0,0,0,-1,0,0,0,0,0,0,-1,0,-1,1,0,0,1,-1,0,0,0,0,0,0,0,-1,-1
2890,0,0,0,0,-1,1,0,-1,0,0,0,0,0,0,1,0,-1,1,0,-1,1,0,0,0,0,0,0,-1,-1,0,0,1,0,-1,0,0,0,-1,0,0,0,1,0,1,0,0,1,1,0,0,0,1,0,-1,1,0,0,1,1,1,0,1,0,0
2891,1,1,0,0,0,0,0,0,0,1,0,-1,0,0,0,0,0,-1,0,0,-1,0,-1,0,0,0,0,1,-1,-1,-1,1,0,1,0,0,0,0,-1,0,0,0,0,0,0,0,0,0,0,1,0,1,1,0,0,0,1,0,0,1,0,0,0,0
2892,-1,1,0,0,0,0,0,0,0,-1,0,0,0,0,0,0,0,0,0,0,0,1,0,0,1,0,0,0,1,0,0,0,0,0,0,1,0,0,0,-1,1,0,0,1,-1,0,0,0,0,0,0,0,-1,0,0,0,0,0,0,0,1,0,-1,1
2893,0,0,0,0,0,-1,0,-1,0,-1,0,-1,0,0,-1,0,0,0,0,-1,0,0,0,-1,0,1,-1,0,0,0,-1,1,0,0,0,0,-1,0,0,0,0,0,0,0,0,0,1,0,1,-1,-1,1,0,0,-1,1,-1,-1,0,0,0,0,0,0
2894,0,0,-1,0,0,-1,-1,-1,-1,0,0,0,0,-1,0,-1,1,1,0,0,0,0,0,0,-1,0,0,0,0,0,0,-1,0,0,-1,0,1,0,-1,-1,1,0,0,1,-1,1,0,0,0,-1,-1,1,0,0,0,0,1,1,0,0,0,0,0,0
2895,0,-1,1,0,1,0,0,0,0,0,1,-1,0,-1,1,0,0,0,1,0,0,0,0,1,0,-1,0,0,1,0,0,0,-1,-1,1,-1,1,0,0,0,-1,0,0,0,0,0,0,0,0,0,0,0,1,-1,0,-1,1,0,0,0,1,0,0,0
2896,-1,-1,0,1,0,0,0,0,0,1,0,-1,1,0,0,0,1,0,0,0,-1,0,0,0,0,0,0,-1,1,0,0,0,-1,0,0,0,-1,0,-1,-1,-1,0,0,0,0,0,0,0,0,1,0,0,0,0,-1,1,0,0,-1,1,-1,0,0,1
2897,0,0,1,0,0,-1,1,0,0,0,-1,0,0,1,0,1,0,0,0,0,-1,0,0,0,-1,0,0,0,0,0,0,1,0,0,1,0,0,-1,0,-1,1,1,0,1,0,-1,0,0,1,0,0,0,0,0,0,-1,0,1,0,-1,0,0,0,0
2898,-1,0,-1,0,1,1,-1,0,0,0,1,0,1,0,-1,0,1,0,0,1,-1,0,0,-1,0,0,0,0,1,-1,0,1,0,0,0,0,-1,0,-1,0,0,0,1,1,-1,1,0,0,-1,0,0,1,0,0,0,0,0,0,0,0,0,1,0,0
2899,0,0,-1,-1,-1,1,0,0,0,-1,0,0,0,0,0,-1,0,0,1,0,0,0,0,0,0,0,1,-1,0,-1,0,0,0,0,-1,0,0,0,0,0,0,0,1,0,0,0,1,0,0,0,0,-1,-1,-1,0,0,0,-1,0,0,-1,-1,1,0
2900,1,1,0,0,0,1,0,-1,0,0,-1,1,0,0,1,1,0,0,0,-1,-1,0,0,1,0,0,0,1,0,-1,0,1,0,-1,0,1,-1,0,0,0,0,0,0,0,0,0,0,0,1,0,0,0,1,1,1,0,1,1,0,-1,0,-1,0,0
2901,-1,0,1,1,1,0,0,0,0,0,0,0,-1,0,-1,0,0,0,0,0,-1,0,0,0,0,-1,0,0,0,0,0,0,0,0,-1,0,0,0,0,0,0,0,0,0,0,0,0,-1,0,0,0,0,0,1,0,1,0,0,1,-1,0,1,-1,1
2902,0,0,0,0,1,0,1,1,0,0,-1,1,0,0,0,0,1,0,0,0,-1,1,-1,0,0,0,0,-1,0,0,0,0,-1,-1,0,0,0,0,0,0,0,1,0,0,-1,0,-1,-1,0,0,-1,0,0,0,-1,1,-1,-1,0,1,0,0,0,0
2903,0,0,0,0,0,1,1,0,-1,0,0,0,0,0,0,0,0,0,1,0,0,0,0,1,0,1,0,0,0,-1,0,0,1,-1,0,1,0,0,0,0,-1,0,0,0,0,0,-1,0,0,0,0,-1,1,1,0,0,0,1,-1,-1,1,-1,0,0
2904,1,1,0,0,0,0,0,0,-1,0,-1,0,-1,0,0,1,0,-1,-1,1,0,0,1,0,0,0,0,0,-1,0,0,0,1,0,-1,-1,0,0,0,0,0,0,-1,0,0,0,0,0,0,0,-1,0,-1,-1,0,0,0,0,1,-1,-1,0,0,0
2905,0,0,0,0,0,-1,0,-1,-1,0,-1,1,1,0,0,-1,0,1,1,0,0,0,-1,0,0,0,0,0,0,1,0,0,0,0,-1,-1,0,0,1,0,1,0,0,-1,0,0,0,0,-1,-1,-1,0,1,0,0,-1,1,0,1,0,0,1,0,0
2906,0,0,0,0,-1,0,0,0,0,0,0,0,0,0,0,1,-1,0,0,0,0,0,0,0,0,0,-1,0,0,-1,0,0,-1,0,1,0,0,-1,0,1,-1,-1,1,1,-1,0,-1,-1,-1,0,-1,-1,0,0,1,0,0,1,0,0,0,1,1,0
2907,0,0,1,0,-1,-1,0,0,1,0,-1,0,0,-1,0,0,0,-1,0,0,0,1,0,1,0,0,0,0,0,1,-1,0,1,0,0,0,1,1,0,0,0,0,0,0,0,1,1,1,0,0,0,-1,0,-1,0,-1,0,0,0,0,0,1,0,0
2908,1,0,0,0,0,1,0,0,0,0,0,0,0,0,0,0,0,0,0,0,0,0,0,0,0,-1,-1,0,1,0,0,0,0,0,0,0,0,-1,0,0,0,-1,0,0,0,1,0,-1,0,-1,0,-1,-1,0,1,0,1,0,0,1,0,0,0,0
2909,0,1,0,0,0,0,0,0,1,-1,0,1,0,1,-1,0,-1,0,0,0,1,0,1,0,-1,1,1,0,0,0,0,0,0,0,0,0,0,-1,0,0,-1,0,1,0,0,0,-1,0,0,0,1,0,1,1,0,1,1,0,0,0,1,0,0,-1
2910,0,1,0,-1,0,0,0,0,0,0,0,0,1,1,0,0,0,1,1,0,0,1,0,0,0,0,1,0,1,0,0,0,0,1,1,0,1,0,0,-1,0,0,0,-1,0,0,0,1,0,0,0,0,0,0,0,-1,0,0,0,0,0,0,0,1
2911,0,0,1,-1,-1,1,0,0,-1,0,0,0,0,-1,0,0,0,0,-1,-1,0,1,0,-1,1,0,1,1,0,1,0,0,-1,0,-1,0,-1,0,0,0,0,1,0,0,0,1,1,0,0,1,0,0,0,0,1,0,0,1,0,0,0,0,0,0
2912,0,0,0,0,0,-1,0,0,0,0,1,-1,0,0,0,1,1,0,1,0,1,0,0,0,0,0,1,0,-1,0,0,1,0,0,0,0,1,1,0,0,1,0,0,-1,0,0,0,0,0,1,0,0,-1,0,0,0,0,0,-1,0,0,0,0,1
2913,0,0,0,0,1,0,0,-1,0,0,-1,-1,0,0,0,-1,0,-1,0,0,0,0,0,0,0,0,0,0,0,0,0,0,-1,-1,0,1,1,0,0,0,1,0,-1,0,1,1,0,0,-1,0,0,-1,-1,0,0,-1,1,0,0,-1,1,0,1,0
2914,0,0,0,0,-1,-1,0,0,1,0,0,0,0,0,0,0,0,0,-1,0,0,0,0,0,0,0,0,0,0,-1,1,0,1,1,0,1,0,1,0,0,0,0,-1,-1,0,0,0,-1,1,0,0,0,1,0,0,0,0,0,-1,1,1,0,-1,-1
2915,1,0,0,-1,-1,0,0,0,0,1,0,0,0,0,0,1,0,0,0,0,0,0,0,0,1,0,1,0,-1,1,-1,0,0,1,1,1,1,0,0,-1,1,0,0,-1,0,0,1,0,-1,0,1,1,-1,-1,-1,0,-1,-1,1,0,0,1,1,1
2916,0,0,-1,0,-1,1,0,0,-1,0,0,0,0,0,0,0,0,-1,1,0,0,1,0,0,0,0,0,0,0,0,0,-1,0,1,0,1,1,0,0,0,0,0,-1,-1,0,0,0,1,1,1,-1,-1,-1,0,1,0,0,-1,0,-1,0,0,1,1
2917,0,-1,0,0,0,1,0,-1,-1,0,0,-1,1,1,0,1,1,0,0,0,1,0,0,1,0,0,0,0,1,-1,0,0,0,-1,0,0,0,0,0,0,0,0,0,1,-1,-1,0,0,-1,1,-1,-1,0,0,0,1,1,0,1,0,0,0,0,0
2918,0,0,0,1,1,0,-1,0,-1,0,0,-1,1,0,-1,0,0,1,0,0,0,0,0,0,0,1,0,0,0,0,1,0,0,0,0,0,0,-1,0,-1,0,-1,1,0,1,0,1,0,1,0,1,0,-1,1,0,1,1,0,0,0,-1,0,0,1
2919,1,0,1,0,0,1,0,0,0,-1,-1,0,-1,0,0,-1,0,1,0,1,0,-1,0,0,0,0,0,0,1,1,0,0,0,0,-1,0,1,1,0,0,-1,0,0,0,0,0,0,0,0,-1,0,-1,0,0,1,0,0,0,0,-1,-1,-1,-1,-1
2920,0,-1,0,0,0,0,-1,0,0,0,0,1,1,0,0,-1,0,1,1,-1,-1,0,0,0,0,-1,0,0,0,0,0,-1,1,0,0,0,0,0,0,-1,0,0,0,0,0,0,0,-1,0,0,-1,0,0,-1,0,-1,0,-1,0,0,0,0,1,0
2921,0,-1,-1,0,-1,0,-1,-1,1,0,0,0,0,0,0,0,1,0,0,0,0,0,1,0,1,0,1,-1,0,0,0,0,1,0,1,1,1,1,0,0,0,0,0,-1,0,0,-1,0,0,0,-1,0,-1,1,0,-1,0,0,0,-1,0,0,1,0
2922,0,1,0,1,1,0,0,0,0,0,0,0,0,0,-1,0,0,0,0,0,0,0,0,1,-1,1,-1,0,0,1,0,1,-1,0,0,1,1,0,-1,1,-1,0,0,0,0,-1,0,0,0,1,0,0,0,0,1,-1,0,0,0,0,1,0,0,-1
2923,-1,0,-1,0,0,0,-1,1,-1,0,-1,0,1,-1,0,0,0,0,1,0,1,0,0,0,1,0,0,0,0,0,0,1,0,0,0,-1,1,0,0,0,0,0,1,0,1,0,1,0,0,-1,0,0,0,-1,0,0,0,1,0,0,0,-1,0,0
2924,0,1,1,0,0,0,0,1,0,0,-1,0,0,0,0,0,0,0,0,0,0,0,0,0,0,-1,-1,0,0,1,-1,0,1,0,-1,0,1,0,0,0,1,-1,1,0,0,0,1,-1,0,0,1,0,-1,0,1,0,0,0,1,0,0,0,0,-1
2925,-1,0,0,0,0,0,0,0,0,0,0,-1,0,-1,0,0,1,1,0,0,0,0,0,0,0,1,0,1,0,0,0,0,-1,0,0,0,1,0,1,0,0,1,0,0,-1,-1,1,-1,-1,0,0,0,0,0,-1,0,0,0,-1,0,0,1,-1,0
2926,0,0,0,0,0,0,0,1,0,1,1,0,0,0,0,-1,-1,0,-1,0,1,0,0,0,0,0,1,1,0,1,0,0,-1,0,0,0,0,1,0,1,1,0,0,0,0,0,1,0,1,0,1,0,1,0,0,0,0,0,0,0,1,1,0,0
2927,0,-1,0,0,0,0,0,0,1,0,0,-1,0,1,1,0,0,0,0,0,0,0,0,0,0,-1,0,0,0,1,0,1,-1,0,1,0,-1,0,1,0,-1,0,0,0,0,0,0,1,0,-1,-1,0,-1,0,-1,0,0,0,0,-1,0,1,0,1
2928,1,0,0,1,0,0,0,1,0,0,0,-1,0,-1,-1,1,1,1,1,0,0,0,0,0,1,0,0,0,0,-1,-1,-1,1,0,1,0,0,0,1,0,0,0,0,0,0,0,-1,0,0,0,0,0,-1,0,-1,0,0,0,1,0,0,0,0,1
2929,0,0,0,1,0,0,0,0,-1,0,1,1,0,1,-1,0,0,0,-1,-1,0,-1,0,0,0,0,0,1,0,0,0,1,1,0,0,0,-1,0,0,0,0,0,1,0,-1,0,0,0,0,0,0,1,1,0,0,1,-1,0,0,0,-1,0,0,0
2930,0,0,0,0,-1,-1,1,0,0,0,0,0,0,1,0,1,1,-1,0,0,0,0,0,0,0,0,0,0,1,1,0,1,-1,-1,-1,-1,0,0,0,0,-1,1,0,0,0,0,0,0,-1,-1,0,1,0,0,0,0,0,-1,1,0,1,0,1,1
2931,-1,0,0,0,0,0,-1,0,0,0,0,0,0,-1,0,0,0,0,0,-1,-1,0,0,0,-1,-1,0,0,-1,-1,0,-1,0,1,-1,1,0,0,0,0,0,1,0,1,-1,0,0,0,0,0,-1,0,0,-1,1,0,0,0,1,0,0,0,1,0
2932,0,0,0,0,-1,1,-1,-1,0,1,0,0,0,0,-1,1,-1,0,1,0,0,0,0,-1,0,-1,0,0,1,0,-1,0,1,-1,1,1,0,1,0,0,0,0,1,0,0,-1,1,0,1,1,0,0,-1,0,-1,0,-1,0,-1,0,0,0,0,0
2933,0,0,0,1,0,0,0,1,0,1,1,-1,1,-1,0,1,0,1,0,0,0,0,0,0,0,1,1,-1,1,1,0,-1,0,-1,0,0,0,-1,0,1,1,0,0,0,0,0,-1,-1,0,-1,0,0,0,0,0,0,0,0,0,0,0,-1,0,0
2934,0,0,0,0,0,-1,0,0,1,0,1,1,0,0,0,0,0,1,-1,0,1,0,0,0,0,0,1,0,1,0,-1,-1,1,0,0,-1,-1,0,0,0,1,0,0,0,0,-1,0,0,0,1,0,1,0,-1,-1,0,0,1,0,0,0,0,1,0
2935,1,0,0,0,0,1,1,0,0,1,0,-1,0,0,0,1,0,0,0,-1,-1,0,1,0,0,1,0,-1,0,0,0,0,0,0,0,0,0,0,0,0,1,-1,0,0,-1,0,0,-1,-1,1,1,0,0,0,0,0,0,0,0,1,0,1,-1,0
2936,0,0,-1,0,1,1,1,0,0,0,-1,0,0,0,0,0,0,0,0,0,0,1,0,0,-1,0,-1,0,0,0,0,1,0,0,0,1,0,0,0,-1,0,0,-1,1,0,-1,-1,1,0,0,1,1,0,1,0,0,0,-1,0,0,-1,0,0,0
2937,0,0,-1,0,1,0,0,-1,-1,-1,0,-1,-1,0,0,0,0,-1,0,-1,1,-1,0,0,0,0,-1,0,-1,0,0,0,0,-1,1,0,0,-1,1,1,0,0,-1,0,1,1,-1,0,0,1,1,1,0,0,0,0,0,-1,0,1,0,0,0,0
2938,0,0,1,0,0,0,-1,0,0,0,0,0,0,0,0,0,0,0,0,0,1,0,0,0,-1,-1,0,0,0,1,0,1,0,0,0,-1,0,1,1,-1,0,-1,1,-1,0,0,0,1,0,0,0,-1,-1,1,0,0,0,0,0,0,-1,0,0,0
2939,-1,-1,-1,1,0,0,0,0,0,-1,1,0,1,1,1,1,-1,0,0,0,1,1,0,0,0,0,0,0,0,0,-1,0,0,-1,1,-1,0,1,0,0,0,0,-1,0,1,0,0,0,0,0,0,0,0,0,0,0,0,0,0,0,-1,-1,0,0
2940,0,0,0,0,0,-1,0,0,0,-1,0,-1,-1,0,0,-1,-1,0,-1,0,0,0,0,0,0,0,0,0,0,0,1,0,0,0,0,0,0,0,0,0,1,-1,-1,0,1,0,0,0,0,0,0,-1,0,0,0,0,1,1,0,0,0,0,0,0
2941,0,0,0,0,0,0,0,0,-1,0,0,0,0,0,0,0,-1,0,0,0,0,1,0,1,0,1,-1,0,-1,0,0,0,0,1,0,-1,-1,0,0,1,0,0,-1,0,-1,0,0,0,0,1,1,0,0,0,0,0,0,0,1,0,-1,-1,-1,0
2942,0,1,-1,0,0,0,0,-1,0,0,0,0,1,0,0,-1,0,0,0,0,0,1,0,0,0,0,0,1,0,0,-1,0,0,1,-1,0,0,0,-1,0,-1,-1,1,0,0,0,0,-1,0,0,0,0,0,0,1,0,0,0,0,0,0,1,0,0
2943,0,-1,1,0,0,1,-1,1,0,-1,0,0,1,0,1,-1,0,0,0,1,1,0,1,0,1,1,-1,0,1,-1,-1,-1,0,0,0,0,-1,-1,1,0,0,-1,0,0,0,0,0,0,0,0,0,1,0,0,0,-1,0,0,0,0,0,0,1,0
2944,0,0,0,0,0,0,0,0,-1,-1,0,0,0,1,0,0,0,-1,0,0,1,0,0,0,-1,-1,-1,-1,0,0,1,0,0,0,0,1,0,0,0,-1,-1,0,1,0,0,-1,0,0,0,-1,0,0,0,0,0,0,0,0,1,0,0,1,0,-1
2945,0,1,1,0,1,1,-1,0,0,0,0,0,-1,0,0,0,0,1,0,-1,-1,-1,0,0,0,1,1,0,0,0,0,0,0,0,0,0,-1,0,0,0,-1,0,0,-1,0,0,0,0,-1,0,-1,1,0,1,0,0,1,0,0,1,1,0,1,0
2946,0,0,0,0,-1,0,1,1,0,-1,0,1,1,1,-1,0,0,0,0,0,-1,-1,0,0,-1,0,0,0,-1,0,-1,0,1,0,-1,0,0,0,0,0,-1,0,0,1,-1,0,0,0,0,0,0,0,0,0,0,0,0,0,0,1,0,1,0,0
2947,0,1,-1,0,1,0,0,-1,1,0,0,0,0,0,-1,0,0,0,0,0,-1,0,1,0,0,0,0,1,0,0,0,1,1,0,0,1,0,0,0,0,0,1,0,1,1,0,0,0,0,1,0,0,1,0,-1,1,0,0,0,0,-1,1,0,1
2948,1,0,0,0,1,0,0,0,0,-1,0,0,0,0,0,-1,0,0,0,0,0,0,-1,0,0,1,-1,0,-1,-1,0,0,0,0,-1,1,0,0,-1,0,0,1,0,-1,0,0,0,1,0,0,0,0,0,1,1,-1,-1,0,0,-1,0,0,0,0
2949,-1,0,0,0,0,1,0,0,0,-1,1,1,0,0,0,0,0,1,0,0,0,0,-1,0,0,1,0,1,0,-1,-1,0,0,0,0,0,1,-1,1,0,0,-1,0,0,-1,-1,0,-1,-1,0,0,1,0,-1,1,1,0,0,0,0,-1,0,0,1
2950,0,1,-1,0,0,0,1,0,1,0,-1,0,-1,0,1,0,0,0,0,-1,-1,0,1,1,0,1,-1,0,0,-1,1,0,0,1,0,0,0,0,1,0,0,0,0,0,0,-1,0,0,0,1,0,0,0,1,0,0,-1,0,0,0,0,0,0,0
2951,1,-1,0,0,1,-1,0,1,0,0,0,0,0,1,1,0,-1,1,0,0,0,0,0,0,0,0,0,0,0,0,0,0,-1,0,1,0,-1,0,0,-1,0,0,0,0,0,-1,0,-1,-1,0,0,0,0,1,0,-1,0,0,0,0,0,-1,0,0
2952,0,0,-1,0,1,0,1,1,0,0,1,0,-1,1,1,-1,0,0,0,0,1,-1,-1,0,-1,1,-1,0,0,0,0,0,0,-1,-1,0,0,1,0,0,0,-1,0,-1,1,0,0,1,0,1,0,-1,-1,0,0,0,1,0,0,-1,-1,0,0,0
2953,0,0,0,0,-1,0,1,0,0,1,0,0,-1,0,0,0,0,0,0,-1,-1,0,-1,0,0,1,0,1,0,1,1,0,0,0,0,0,-1,1,0,0,1,0,0,0,-1,0,0,1,0,0,0,-1,1,0,0,0,0,0,0,1,0,-1,0,0
2954,1,1,1,-1,0,1,0,0,0,0,0,-1,0,1,-1,0,0,0,0,0,0,1,-1,0,0,1,0,1,0,0,1,1,1,0,1,0,1,-1,0,-1,0,0,1,0,0,0,0,0,0,0,1,0,0,0,0,0,0,1,-1,0,0,1,0,0
2955,0,0,0,0,0,0,0,0,1,0,0,0,0,0,0,0,0,0,0,0,1,0,1,1,0,-1,0,0,0,-1,-1,0,-1,0,0,0,1,-1,0,1,0,0,-1,0,1,-1,0,0,0,0,0,1,0,0,0,0,0,0,0,0,0,1,0,0
2956,0,0,0,0,0,1,1,0,0,0,-1,0,-1,0,-1,0,0,0,0,0,0,0,1,0,-1,-1,0,0,0,-1,1,0,-1,0,1,0,0,0,0,0,0,-1,-1,-1,0,0,0,1,1,0,-1,1,0,1,0,0,0,0,0,0,0,0,0,0
2957,0,0,0,0,0,1,-1,0,1,0,0,0,0,0,0,0,0,0,0,-1,1,0,0,1,1,0,1,0,0,1,0,0,1,0,1,0,0,0,0,0,1,0,0,0,-1,0,1,0,0,0,-1,0,0,0,0,0,-1,0,0,0,0,0,0,1
2958,0,-1,1,0,0,0,0,0,0,0,1,-1,-1,0,0,0,0,-1,1,0,0,1,1,0,0,0,-1,0,-1,1,0,0,0,0,0,1,-1,-1,0,1,0,0,0,1,-1,0,0,0,1,-1,0,0,0,0,-1,1,1,0,0,1,1,0,0,-1
2959,0,0,-1,0,0,0,-1,0,0,0,1,-1,0,0,1,-1,-1,0,0,0,0,0,0,1,0,-1,0,0,0,1,-1,0,0,-1,-1,0,1,-1,0,0,0,0,0,0,0,0,1,0,0,-1,0,0,1,0,0,0,0,0,0,0,0,0,0,1
2960,0,0,0,0,0,0,1,0,0,0,0,0,0,0,0,-1,-1,0,0,0,0,0,0,0,1,-1,-1,1,-1,0,-1,1,0,-1,1,0,-1,0,0,0,-1,1,0,1,-1,1,1,0,0,-1,0,-1,0,0,1,0,-1,0,-1,0,0,1,0,0
2961,-1,-1,1,0,0,0,0,-1,0,0,-1,0,-1,0,0,0,0,-1,0,1,0,0,-1,-1,0,0,0,-1,0,0,0,0,0,0,-1,0,-1,-1,0,0,0,-1,0,1,1,0,0,0,1,-1,0,0,-1,0,0,0,0,0,-1,0,0,1,-1,0
2962,-1,0,0,0,0,0,0,1,0,0,0,-1,1,0,1,-1,0,1,0,0,0,1,0,0,0,-1,1,0,1,0,1,0,0,0,1,0,0,0,0,0,1,-1,0,1,0,-1,1,0,0,1,0,1,0,0,1,0,0,1,-1,0,0,0,0,-1
2963,0,0,-1,0,-1,0,0,1,0,0,0,0,-1,0,-1,0,-1,0,0,-1,0,-1,-1,1,-1,0,0,0,0,-1,0,0,0,0,-1,0,0,0,1,0,0,0,-1,1,0,0,0,0,-1,-1,0,0,0,0,0,-1,0,1,-1,-1,0,0,0,-1
2964,0,0,0,0,0,0,1,0,0,1,0,1,-1,0,0,0,0,0,0,0,0,-1,1,-1,0,0,0,1,0,0,1,0,0,0,0,0,0,0,0,1,1,-1,0,0,1,0,0,0,-1,-1,-1,-1,1,1,0,0,0,-1,0,0,0,0,0,-1
2965,0,-1,-1,0,0,0,0,0,0,0,0,0,0,0,0,-1,0,0,-1,1,-1,0,1,0,-1,0,0,0,0,0,1,0,0,-1,0,0,0,0,1,0,0,0,0,1,0,0,0,0,-1,-1,0,0,1,0,1,0,0,0,-1,0,0,0,0,-1
2966,0,1,0,0,0,0,0,0,0,0,-1,0,1,1,-1,0,1,0,0,0,0,0,-1,0,1,-1,0,0,0,-1,1,0,0,0,0,-1,0,-1,0,0,0,0,1,0,1,0,-1,0,0,0,0,0,0,0,0,0,1,0,-1,0,0,0,1,-1
2967,0,0,0,0,0,0,0,1,0,0,0,0,0,-1,0,-1,0,1,0,0,0,1,0,0,0,0,0,0,0,-1,-1,-1,-1,0,0,0,1,0,0,0,-1,0,0,0,0,-1,0,0,1,0,0,-1,0,1,0,0,0,-1,0,0,0,0,0,-1
2968,0,0,1,0,0,0,0,0,1,0,0,1,0,0,0,0,0,-1,-1,0,1,0,-1,-1,0,0,0,0,0,0,0,0,-1,0,0,0,0,0,0,0,-1,0,0,0,0,0,-1,-1,0,0,0,1,0,0,0,1,0,-1,0,0,0,0,-1,0
2969,1,0,0,0,0,1,-1,0,1,0,0,0,0,-1,0,0,0,0,1,0,0,0,0,0,-1,0,0,-1,0,0,0,0,0,0,0,0,-1,0,0,0,1,0,0,0,-1,-1,0,-1,-1,0,0,0,0,0,0,1,-1,0,0,1,0,0,0,-1
2970,0,0,0,0,-1,0,0,1,0,-1,0,1,0,1,0,0,0,0,-1,0,0,0,1,0,0,-1,0,0,1,1,0,0,0,-1,0,0,0,0,0,0,-1,0,0,1,-1,0,0,0,-1,0,0,-1,0,0,1,0,0,0,0,0,0,0,0,0
2971,0,0,1,1,0,1,0,0,-1,0,0,0,1,0,0,-1,0,0,1,0,0,1,-1,0,0,0,0,0,0,0,0,0,0,1,-1,0,0,0,0,0,0,0,1,-1,0,1,0,0,1,0,-1,-1,0,-1,1,0,0,0,0,0,1,0,1,0
2972,0,0,0,0,-1,0,1,0,1,0,-1,0,0,-1,0,-1,1,-1,0,0,-1,0,0,0,0,1,0,1,0,1,1,0,0,1,0,0,1,0,1,1,0,1,0,-1,0,0,0,0,0,1,0,0,1,0,0,0,-1,1,0,0,0,0,-1,0
2973,0,-1,-1,-1,0,0,1,0,0,-1,1,-1,0,0,0,0,0,-1,1,0,0,0,1,0,-1,-1,0,1,0,0,0,-1,1,-1,-1,-1,0,0,-1,-1,0,0,-1,0,0,0,0,1,-1,-1,0,0,0,-1,0,0,0,-1,0,1,0,0,0,0
2974,1,1,0,0,0,-1,0,0,0,0,0,0,0,0,0,-1,1,0,0,0,0,1,0,0,0,0,0,1,0,0,0,0,1,0,1,1,0,0,0,-1,0,0,0,0,-1,0,0,0,0,1,0,0,0,-1,0,0,0,1,0,1,0,0,1,0
2975,0,0,-1,0,0,0,0,0,0,0,-1,0,0,0,0,0,0,0,0,1,-1,0,-1,0,0,0,0,0,0,-1,0,0,0,0,-1,0,0,-1,0,0,1,-1,0,0,0,0,0,0,-1,0,0,0,0,0,0,-1,0,0,1,0,0,-1,0,0
2976,0,0,0,0,0,0,0,0,0,-1,0,0,-1,0,0,0,0,-1,0,0,0,0,1,0,0,1,-1,0,0,0,-1,0,0,0,0,1,-1,-1,0,1,-1,0,0,0,0,0,0,0,0,0,-1,0,-1,0,0,0,1,1,0,1,1,0,-1,-1
2977,1,-1,1,-1,-1,0,0,-1,0,0,0,0,0,1,1,-1,0,0,0,1,0,0,1,1,0,0,1,0,1,-1,-1,0,0,0,0,0,0,0,0,-1,-1,0,-1,0,1,0,0,1,0,0,0,0,0,0,0,0,-1,-1,0,0,0,0,0,-1
2978,0,0,0,0,1,0,1,1,0,-1,-1,0,0,0,-1,-1,0,0,0,1,0,0,0,0,1,-1,0,0,0,-1,1,1,0,1,1,0,1,1,0,0,-1,0,0,-1,0,0,1,0,0,0,0,0,-1,-1,-1,0,1,-1,0,0,-1,-1,-1,0
2979,1,-1,0,0,-1,1,0,0,0,0,0,0,0,0,0,-1,0,0,-1,0,0,-1,0,0,1,0,-1,0,-1,1,1,1,0,-1,0,1,0,-1,0,0,-1,-1,-1,0,0,0,0,1,0,0,0,0,0,0,1,0,0,0,0,1,1,0,1,1
2980,0,0,0,0,0,1,0,0,0,1,0,0,0,-1,0,0,0,-1,1,-1,0,0,0,0,0,-1,0,1,0,0,-1,0,0,-1,0,0,1,1,0,0,0,0,0,0,1,1,0,0,0,0,1,0,0,0,1,0,0,1,-1,0,-1,1,0,0
2981,0,0,1,0,-1,0,0,0,-1,0,0,-1,0,0,0,0,0,-1,1,0,0,0,0,0,1,0,0,0,0,0,0,0,0,0,0,1,0,0,0,1,0,0,0,1,0,1,1,0,0,0,0,0,0,0,0,1,-1,0,0,0,0,1,0,0
2982,1,1,0,1,0,0,-1,0,0,0,0,0,0,0,0,0,-1,-1,0,-1,0,0,0,0,1,0,1,0,0,0,0,0,0,1,1,0,0,0,1,1,1,-1,1,0,0,0,1,1,0,0,0,0,-1,0,0,0,1,0,0,0,0,-1,0,0
2983,0,0,0,0,0,-1,0,0,0,0,0,0,1,0,0,1,0,0,1,1,1,0,0,0,0,1,0,-1,-1,0,-1,0,1,0,-1,0,1,0,0,1,-1,0,0,0,0,0,1,0,0,0,0,0,0,0,0,0,1,0,0,0,0,0,0,0
2984,0,0,0,0,0,-1,0,0,0,-1,0,0,0,0,0,0,0,0,0,-1,0,0,0,0,0,0,0,0,0,0,0,0,0,1,0,-1,1,0,0,0,0,-1,-1,0,-1,1,-1,-1,0,0,0,-1,1,0,0,0,0,-1,0,-1,0,1,0,0
2985,0,0,0,0,0,0,0,0,-1,0,0,0,0,0,-1,-1,0,1,-1,-1,0,0,0,-1,0,0,0,-1,0,0,0,1,0,0,-1,-1,0,0,0,-1,0,0,0,0,-1,0,0,0,-1,1,1,-1,-1,0,0,-1,0,0,0,0,1,0,0,-1
2986,0,0,1,0,1,0,0,0,0,1,1,0,1,0,-1,-1,0,0,0,0,0,0,1,0,0,1,0,0,0,1,0,0,-1,0,-1,0,0,1,-1,0,-1,0,0,0,0,-1,0,0,0,0,-1,0,0,1,1,0,0,0,0,0,0,0,0,1
2987,1,0,0,0,0,-1,0,0,0,-1,-1,0,-1,0,0,0,0,1,0,0,1,0,0,-1,0,0,0,-1,0,0,0,0,-1,-1,0,0,0,0,-1,0,-1,-1,0,0,0,1,0,0,0,0,0,0,0,0,1,0,0,0,0,0,0,1,1,0
2988,0,0,-1,-1,0,0,0,0,0,1,-1,0,0,1,1,0,0,1,0,0,-1,0,1,0,0,0,1,0,0,0,1,0,-1,-1,-1,0,0,0,-1,0,-1,0,0,0,0,0,0,0,1,0,0,1,0,-1,0,0,-1,0,-1,0,-1,0,0,0
2989,0,0,0,1,0,0,0,0,0,0,0,-1,0,1,0,0,-1,0,1,0,0,0,0,1,-1,-1,-1,-1,-1,0,0,0,-1,0,0,1,0,0,0,0,1,-1,-1,0,0,1,0,0,0,0,0,-1,-1,1,1,0,0,1,-1,0,0,0,0,-1
2990,0,-1,0,0,0,-1,0,0,0,-1,1,0,0,1,0,0,0,0,0,0,0,0,0,0,0,0,1,0,0,1,-1,-1,0,0,1,0,0,0,0,1,0,0,0,0,0,-1,0,0,1,0,0,1,0,0,0,1,1,0,0,1,-1,1,1,0
2991,0,1,1,0,0,0,-1,-1,0,1,-1,0,0,-1,0,0,0,0,1,-1,0,1,0,0,0,0,1,0,0,0,0,0,-1,0,1,-1,0,-1,0,0,0,0,0,0,-1,1,0,0,0,0,0,0,-1,1,0,1,0,0,-1,1,0,0,0,0
2992,0,0,0,-1,1,1,0,0,-1,0,0,0,-1,-1,0,0,0,0,0,0,0,-1,0,0,1,-1,-1,-1,-1,0,0,0,1,0,0,0,0,0,0,0,0,0,-1,1,0,0,0,0,0,0,0,0,0,0,1,-1,0,0,0,0,1,0,0,-1
2993,-1,0,0,1,-1,1,0,0,-1,0,1,0,0,-1,1,-1,0,-1,0,1,0,-1,0,0,1,0,0,1,0,0,0,1,0,0,0,0,-1,0,1,0,0,0,1,0,-1,0,0,0,1,0,1,-1,0,0,0,0,1,0,0,0,0,0,0,0
2994,0,-1,0,-1,1,-1,0,-1,1,0,-1,0,0,0,0,-1,0,0,0,1,-1,1,0,0,0,-1,-1,-1,0,0,1,1,0,0,0,-1,-1,0,0,0,1,1,0,1,0,-1,-1,0,0,1,0,1,0,0,-1,1,0,-1,0,0,-1,0,1,0
2995,0,0,1,0,0,-1,0,1,0,0,0,-1,0,0,0,1,0,0,1,0,0,0,0,-1,-1,1,1,0,0,1,-1,-1,0,0,1,-1,-1,1,0,0,0,-1,0,0,0,-1,0,0,1,-1,0,-1,0,0,-1,0,0,-1,1,-1,-1,0,0,0
2996,0,0,0,0,1,0,0,0,0,0,-1,0,-1,0,-1,0,0,0,-1,-1,0,0,-1,0,0,1,0,0,0,0,0,0,0,0,0,0,0,0,0,-1,0,1,1,0,-1,0,-1,0,0,0,0,0,0,1,0,1,0,0,-1,1,-1,1,0,0
2997,-1,0,0,0,0,0,1,1,0,1,-1,1,0,0,0,0,-1,0,0,1,0,0,-1,1,0,1,0,1,1,0,0,-1,0,0,0,0,0,0,0,0,0,0,0,0,0,0,0,1,0,0,0,0,0,1,0,0,0,0,0,0,0,0,-1,0
2998,0,-1,0,0,-1,0,0,0,1,-1,0,-1,0,0,0,-1,0,-1,1,0,0,1,0,0,0,0,0,0,0,0,0,0,-1,0,0,0,0,0,0,0,0,0,1,0,0,0,0,0,0,-1,0,1,0,0,-1,-1,-1,0,0,-1,0,0,1,1
2999,0,0,0,0,-1,0,0,0,0,0,1,0,0,0,1,-1,1,-1,0,0,0,1,0,0,-1,0,0,0,1,0,0,0,0,0,0,1,0,-1,-1,0,-1,-1,0,-1,0,0,0,0,1,1,1,0,-1,1,-1,0,-1,-1,0,0,1,0,-1,-1
3000,0,1,0,0,1,0,0,0,-1,0,-1,0,-1,0,0,1,1,-1,0,0,0,0,0,0,-1,0,1,0,1,0,1,0,0,0,0,0,0,1,0,1,0,0,0,0,0,0,0,1,1,1,0,1,1,0,0,0,0,0,0,-1,0,0,0,-1
3001,0,0,1,0,0,0,1,0,-1,1,0,1,0,0,0,-1,0,-1,0,0,0,0,0,0,0,-1,0,-1,1,0,0,1,0,0,0,0,0,-1,0,-1,0,0,0,0,0,0,1,0,-1,-1,0,0,0,-1,1,0,1,1,-1,0,0,0,0,0
3002,1,0,1,0,0,0,0,0,-1,0,-1,0,1,1,0,1,0,1,1,0,1,0,0,0,0,1,0,0,-1,0,0,0,0,0,1,0,0,0,-1,0,0,0,0,-1,0,0,1,-1,-1,1,0,0,-1,1,0,1,0,0,-1,0,0,0,0,-1
3003,1,0,0,-1,0,0,0,0,0,1,1,1,0,0,1,-1,0,0,1,0,-1,0,0,1,-1,0,1,0,0,-1,0,0,1,0,-1,1,0,0,-1,0,0,0,1,0,-1,-1,1,-1,-1,0,0,0,-1,-1,0,0,1,-1,0,0,0,0,0,0
3004,1,0,0,1,0,0,0,0,0,0,0,0,0,-1,-1,0,0,0,0,0,1,-1,1,1,0,1,0,-1,0,0,1,0,0,1,0,-1,0,0,-1,-1,1,0,0,0,-1,0,0,0,0,0,0,-1,1,0,-1,1,0,1,0,0,0,0,0,0
3005,-1,0,0,0,0,0,1,0,0,0,0,0,0,0,0,-1,1,1,0,0,1,-1,0,0,0,0,0,1,1,0,0,0,0,0,0,0,0,-1,0,0,0,0,0,-1,0,0,1,0,-1,0,0,0,1,0,1,0,-1,0,0,-1,-1,1,1,0
3006,0,1,0,0,-1,-1,0,0,0,0,0,0,1,0,0,0,0,0,0,0,0,1,0,0,0,1,-1,1,0,0,-1,0,0,0,0,0,0,0,0,0,-1,0,0,0,0,0,-1,0,0,0,-1,0,1,0,0,0,-1,0,0,-1,0,-1,0,0
3007,-1,0,0,0,0,0,0,-1,0,0,-1,0,0,0,0,-1,0,0,1,1,1,0,1,0,1,0,0,-1,0,0,1,0,-1,0,1,0,0,0,0,0,0,0,0,0,-1,-1,0,0,0,0,0,0,-1,0,-1,0,1,-1,0,1,1,-1,0,0
3008,0,0,0,0,0,0,0,-1,0,0,1,0,0,1,0,1,1,-1,-1,-1,1,-1,0,0,0,-1,0,0,0,1,0,0,0,0,-1,0,-1,0,0,0,0,-1,-1,1,0,0,-1,0,0,0,0,0,1,0,1,0,0,0,1,-1,0,-1,0,0
3009,1,-1,0,0,0,0,0,0,-1,1,1,1,0,0,0,-1,1,0,-1,0,1,0,1,0,0,1,0,0,0,0,0,1,0,0,1,-1,0,0,1,0,0,1,0,1,0,0,1,1,-1,1,1,0,0,0,1,0,0,0,0,-1,-1,0,0,0
3010,0,-1,1,0,0,0,0,0,-1,0,0,0,0,0,0,0,-1,0,0,0,0,0,0,1,0,0,0,1,0,0,0,0,0,1,0,-1,0,0,1,0,-1,-1,1,0,0,0,0,0,-1,0,0,0,0,0,-1,1,1,-1,-1,0,0,1,0,1
3011,0,0,-1,-1,0,0,0,0,1,0,1,1,0,0,0,0,-1,0,1,-1,0,-1,-1,-1,1,-1,0,0,-1,-1,-1,1,0,0,-1,0,0,0,0,-1,0,0,0,0,-1,0,1,0,1,1,0,-1,0,1,0,0,0,0,0,1,0,0,-1,0
3012,0,0,0,0,0,0,0,0,-1,0,-1,0,-1,0,0,1,0,1,0,1,0,1,0,-1,-1,-1,-1,0,0,-1,0,-1,1,0,-1,0,0,-1,0,1,0,0,0,0,-1,0,1,0,0,-1,0,0,0,-1,0,1,-1,1,1,-1,0,1,0,0
3013,0,0,0,-1,-1,0,0,0,0,1,0,-1,-1,-1,-1,0,-1,0,0,0,0,0,0,0,0,0,0,0,0,0,-1,0,0,0,-1,0,1,0,-1,0,0,1,0,0,0,0,0,0,0,0,0,-1,-1,0,0,0,0,0,0,1,0,1,-1,1
3014,0,-1,0,-1,1,0,0,0,0,1,0,-1,1,1,0,-1,0,0,-1,0,0,-1,0,0,0,0,0,0,0,0,0,1,1,0,0,1,-1,0,0,0,0,-1,0,0,1,0,0,0,0,-1,0,-1,0,-1,-1,0,-1,0,-1,-1,1,-1,-1,0
3015,0,0,-1,0,1,1,0,0,0,0,0,0,1,1,-1,0,1,0,1,-1,0,0,0,0,-1,-1,0,-1,0,0,0,0,-1,0,0,0,0,1,0,0,-1,0,0,0,1,0,0,-1,0,0,0,0,0,1,0,0,1,0,0,0,0,0,0,1
3016,0,-1,0,1,0,1,0,0,1,1,0,0,-1,0,0,0,0,1,1,0,0,1,-1,0,0,-1,0,0,-1,0,0,0,0,0,1,-1,0,-1,1,1,0,1,-1,0,0,1,0,0,0,0,0,0,1,0,0,0,1,0,0,0,0,0,1,0
3017,0,1,0,0,1,0,0,0,1,0,0,0,1,0,1,1,0,0,1,0,0,0,-1,0,0,-1,0,0,-1,-1,0,0,0,0,0,0,1,0,1,0,0,1,0,0,0,0,1,0,0,0,0,0,0,0,1,0,0,0,-1,-1,0,0,0,1
3018,0,1,0,0,0,-1,0,-1,0,0,-1,-1,1,0,0,0,-1,-1,0,0,0,1,0,0,1,-1,-1,1,0,0,0,-1,0,0,1,-1,0,-1,0,0,-1,1,1,0,0,0,-1,0,0,0,-1,0,0,1,0,1,0,0,0,0,1,-1,0,0
3019,0,0,0,0,0,-1,0,0,0,0,1,0,0,1,1,-1,-1,0,0,0,0,1,0,-1,0,0,1,0,0,1,0,-1,-1,0,0,0,-1,-1,1,0,1,0,0,-1,-1,0,0,1,-1,-1,1,1,0,0,1,0,1,0,-1,1,0,0,0,-1
3020,0,1,1,0,0,0,0,0,0,-1,0,0,0,0,-1,0,-1,1,0,0,0,-1,-1,1,-1,-1,0,0,0,0,0,0,0,0,0,0,-1,0,-1,0,0,-1,0,0,0,1,0,0,0,0,0,0,0,0,0,1,0,1,0,1,0,1,1,0
3021,0,0,0,0,0,1,0,0,-1,0,0,0,0,1,0,1,0,0,0,-1,0,1,0,-1,1,0,1,-1,1,0,0,-1,0,0,-1,0,0,-1,1,0,-1,-1,-1,1,0,1,1,0,0,0,1,-1,-1,-1,0,-1,0,0,-1,0,-1,0,0,0
3022,0,-1,0,0,1,1,0,0,0,1,0,1,0,-1,0,-1,0,0,0,-1,-1,0,0,0,0,-1,0,0,0,0,-1,0,1,0,0,0,-1,0,0,0,0,1,1,-1,0,0,0,0,0,0,0,1,-1,1,1,0,0,0,0,0,0,-1,-1,0
3023,0,0,-1,0,1,0,1,0,1,1,0,0,0,0,0,0,0,0,0,0,0,0,0,0,0,1,-1,0,0,1,0,-1,0,0,0,0,0,0,1,0,0,0,0,1,0,0,0,1,1,0,0,0,-1,-1,0,0,0,0,1,0,0,-1,0,0
3024,0,-1,0,1,0,0,0,0,0,0,0,1,0,0,0,0,0,0,1,0,-1,0,0,1,0,0,-1,0,1,0,1,0,0,0,0,0,0,0,0,0,-1,0,0,0,0,0,0,0,0,0,0,0,1,0,0,-1,0,0,0,-1,0,0,0,0
3025,0,1,0,0,0,0,-1,1,0,0,0,0,-1,0,0,1,-1,-1,0,0,1,0,0,0,0,0,-1,0,0,0,1,0,0,0,0,0,0,0,1,-1,-1,0,0,0,0,0,0,0,0,0,0,0,0,0,0,-1,-1,0,0,0,0,0,0,0
3026,0,0,1,0,0,1,0,0,0,0,1,0,-1,0,0,0,0,0,0,1,-1,1,0,0,0,0,0,1,0,1,0,1,1,0,0,0,0,-1,0,0,0,1,1,1,1,-1,1,1,0,0,0,1,0,0,0,0,-1,0,1,0,0,0,0,-1
3027,1,0,0,1,1,0,-1,-1,1,1,1,0,0,0,-1,0,0,0,0,0,0,0,0,0,0,0,0,1,0,-1,0,0,1,0,0,-1,1,-1,0,0,-1,1,1,0,0,0,0,-1,0,0,0,-1,0,0,0,0,1,0,0,0,1,0,0,1
3028,-1,0,1,1,-1,-1,1,0,0,1,0,1,1,1,0,0,0,0,0,0,0,0,0,-1,0,0,1,0,1,0,-1,-1,1,0,1,0,0,0,-1,0,1,-1,0,-1,-1,0,1,-1,0,0,-1,0,1,0,0,0,0,0,0,0,0,0,-1,0
3029,0,0,0,0,0,0,0,0,0,0,0,0,1,0,0,-1,-1,-1,1,1,0,1,0,0,0,1,0,0,0,0,0,0,0,1,1,0,0,1,0,0,-1,0,0,0,0,1,0,1,-1,0,0,0,1,0,0,0,0,-1,0,1,-1,0,0,0
3030,1,-1,0,0,1,-1,-1,0,0,0,0,0,0,-1,1,1,0,1,0,1,0,0,0,1,0,1,0,0,1,0,0,1,1,0,0,-1,1,0,0,0,0,0,0,-1,0,1,0,0,0,0,-1,0,0,0,1,0,1,0,0,0,0,1,-1,0
3031,1,0,-1,0,1,0,1,0,0,0,0,0,1,0,0,0,0,0,0,0,1,-1,0,0,-1,0,-1,0,0,1,0,1,0,1,1,0,0,0,0,0,0,0,-1,0,1,1,0,0,0,1,0,1,0,1,-1,0,-1,0,0,-1,0,0,0,0
3032,0,0,0,0,0,1,0,0,1,0,0,0,-1,0,0,0,0,1,1,0,0,0,1,0,1,1,0,-1,-1,0,0,1,0,0,0,-1,0,1,-1,0,0,0,1,0,0,0,0,-1,0,0,1,0,1,0,1,1,-1,0,0,1,1,1,1,0
3033,0,0,-1,0,0,-1,-1,1,0,0,1,1,0,1,0,0,0,0,0,0,-1,1,-1,0,0,0,1,0,0,0,1,1,0,-1,0,0,0,0,0,0,0,0,0,-1,0,0,0,0,1,-1,0,0,-1,0,0,-1,0,1,0,1,0,-1,1,0
3034,0,0,0,1,0,-1,0,0,0,0,1,0,1,0,-1,0,1,0,-1,0,-1,0,0,-1,0,1,0,0,-1,0,0,0,-1,0,0,0,0,0,0,-1,0,0,0,0,0,0,-1,1,-1,0,1,0,0,1,0,0,0,0,-1,0,1,0,0,0
3035,0,-1,0,0,0,1,1,1,0,-1,0,0,0,-1,0,0,-1,0,1,-1,0,0,0,0,1,0,1,0,0,0,-1,0,0,0,-1,-1,0,0,1,-1,0,0,1,0,1,-1,1,0,0,0,0,0,0,-1,1,-1,-1,0,0,1,0,0,1,0
3036,0,0,0,0,-1,0,0,1,0,0,-1,0,0,1,-1,-1,0,-1,0,-1,-1,1,0,-1,1,0,-1,0,-1,0,0,0,0,0,0,0,1,0,0,0,0,1,0,1,0,0,0,0,-1,0,0,0,0,0,0,1,0,1,0,1,-1,0,0,0
3037,0,0,1,0,0,0,-1,0,0,0,-1,0,-1,-1,0,0,-1,0,1,1,0,0,-1,-1,0,0,-1,0,0,0,0,0,0,0,0,1,-1,0,0,0,0,1,0,0,0,-1,1,1,1,0,-1,0,0,0,0,1,0,0,0,1,1,0,-1,-1
3038,1,-1,1,-1,0,0,0,-1,0,0,0,0,-1,0,0,0,0,-1,-1,1,0,1,1,-1,0,-1,0,0,1,0,0,0,-1,0,0,-1,0,0,0,0,-1,0,0,0,1,-1,0,-1,0,0,0,0,0,0,-1,0,0,0,0,1,0,-1,0,0
3039,0,0,1,1,0,0,0,-1,0,0,0,0,0,0,0,0,0,1,1,0,-1,0,-1,0,0,0,0,0,-1,-1,1,0,0,0,1,0,1,1,0,0,1,1,0,0,0,0,0,1,0,0,0,0,0,-1,0,0,0,-1,-1,-1,0,0,0,0
3040,0,0,0,0,0,0,0,-1,0,0,1,0,0,-1,1,0,0,0,0,0,0,0,0,0,0,1,1,-1,1,0,0,0,0,1,0,0,1,0,0,1,0,0,1,0,-1,0,0,0,-1,0,0,1,0,0,0,-1,0,1,0,1,1,1,0,0
3041,0,-1,0,1,0,0,1,0,0,0,1,0,1,0,-1,0,0,1,-1,1,0,0,0,0,1,0,0,-1,1,-1,0,0,0,-1,0,0,0,0,0,0,0,1,0,1,0,0,0,-1,0,0,0,0,0,0,0,0,0,1,0,0,0,0,-1,0
3042,0,0,1,0,0,1,0,1,1,1,-1,0,0,1,1,0,-1,0,0,0,1,0,0,0,0,1,0,0,0,1,1,-1,1,-1,-1,0,0,-1,0,0,0,-1,0,1,0,0,-1,0,0,-1,0,1,-1,1,0,0,0,0,0,0,0,0,0,0
3043,1,0,-1,0,-1,0,0,1,1,0,-1,0,0,0,1,1,1,-1,-1,0,0,0,0,0,0,1,1,0,0,0,0,0,1,1,-1,0,0,1,1,0,-1,0,0,0,-1,0,-1,0,0,1,0,0,0,0,1,0,1,-1,0,0,-1,0,0,0
3044,1,0,0,0,-1,0,0,0,0,0,0,0,1,1,1,-1,0,0,0,-1,1,-1,0,0,0,0,0,0,0,0,0,0,1,0,0,0,0,0,0,-1,0,0,0,0,0,0,-1,0,0,0,0,-1,-1,0,0,0,0,0,0,0,-1,0,0,0
3045,0,1,0,0,0,0,0,0,0,0,0,0,0,-1,0,0,0,0,-1,0,0,1,-1,0,0,0,1,1,0,0,0,0,0,-1,0,0,-1,0,0,0,0,0,1,0,0,0,1,0,1,0,1,0,0,0,0,0,0,0,0,1,0,-1,0,0
3046,0,0,-1,0,0,1,0,-1,0,0,0,0,0,-1,0,-1,-1,1,0,0,-1,0,-1,0,0,1,1,0,0,-1,1,0,-1,0,-1,1,0,0,0,0,0,-1,0,0,0,0,0,0,0,0,0,0,1,0,0,0,0,-1,-1,0,-1,0,-1,0
3047,0,0,-1,0,1,0,-1,1,0,-1,1,0,1,0,1,0,0,0,0,0,0,1,0,0,1,0,-1,0,1,0,1,0,1,-1,0,0,0,1,1,0,0,0,1,0,0,0,-1,0,1,0,0,1,-1,0,0,0,0,0,1,0,-1,0,0,0
3048,0,0,-1,0,0,1,1,0,0,1,0,0,1,0,0,0,-1,0,0,1,1,-1,-1,-1,-1,0,1,0,-1,-1,-1,-1,0,0,1,0,-1,1,0,0,1,0,0,0,-1,0,0,0,0,-1,0,-1,0,0,1,0,0,0,0,-1,-1,0,0,0
3049,1,0,0,1,0,-1,0,0,1,0,-1,0,0,1,1,0,0,1,1,1,0,0,1,0,1,0,-1,-1,1,0,-1,0,-1,0,0,1,-1,1,1,-1,0,1,1,-1,0,0,0,-1,1,0,0,1,1,0,-1,0,0,0,0,0,0,0,0,0
3050,1,0,1,0,0,1,0,0,0,-1,0,0,0,0,-1,0,-1,1,0,1,0,0,0,-1,0,0,0,0,0,0,1,0,0,0,0,0,0,0,0,0,1,0,1,0,0,0,-1,0,0,0,0,1,0,0,0,0,1,0,0,0,-1,1,-1,0
3051,0,0,0,0,0,0,0,0,0,0,0,0,0,-1,0,0,0,-1,0,0,0,0,1,0,-1,0,0,0,-1,0,0,1,0,-1,1,0,0,-1,0,0,0,1,0,0,1,0,1,0,0,1,1,0,1,1,0,0,0,0,0,-1,0,1,0,-1
3052,0,0,0,0,0,0,0,0,1,-1,0,0,1,0,1,0,1,0,1,0,1,0,0,0,-1,0,0,0,0,0,0,0,-1,-1,0,0,-1,0,0,1,-1,0,1,0,0,0,-1,0,0,1,0,0,0,0,0,0,0,0,-1,0,0,0,-1,0
3053,0,0,0,-1,0,0,0,0,1,0,0,1,0,-1,1,0,0,0,0,-1,0,0,0,0,-1,-1,0,0,1,0,-1,0,0,0,0,0,0,0,0,0,0,0,0,0,0,0,0,-1,1,0,0,-1,0,-1,1,0,0,1,1,0,0,-1,0,0
3054,0,0,1,0,-1,0,0,1,-1,0,0,0,0,0,0,0,0,0,-1,0,0,0,0,0,0,1,0,0,0,1,0,0,0,0,0,-1,0,0,0,1,-1,0,0,0,1,0,0,0,0,0,0,0,0,0,1,-1,0,0,0,1,0,0,0,0
3055,0,0,0,0,0,1,0,0,1,0,0,-1,0,0,0,0,0,-1,0,0,0,0,1,1,0,1,0,0,0,1,0,1,0,0,0,0,0,0,-1,0,1,1,0,0,-1,0,0,0,0,-1,0,-1,0,0,1,0,0,0,1,0,0,0,0,0
3056,1,0,-1,0,1,0,0,0,-1,-1,0,1,-1,1,0,0,0,0,0,1,0,0,0,1,-1,0,0,0,1,0,0,0,0,0,0,-1,0,0,1,0,0,0,0,0,1,0,0,0,0,0,0,0,0,0,0,0,0,0,0,0,0,0,0,1
3057,0,0,1,-1,1,0,0,1,0,-1,0,0,0,0,0,1,0,0,0,0,-1,1,0,1,0,-1,-1,1,0,-1,0,0,-1,0,0,-1,0,0,0,0,1,-1,1,0,1,0,0,0,0,0,0,0,-1,0,0,0,0,0,0,1,0,-1,0,0
3058,0,0,1,-1,0,0,1,-1,0,0,-1,1,0,0,0,0,0,0,0,-1,0,1,1,0,0,0,0,0,0,0,0,0,0,0,0,1,0,0,0,1,0,0,0,-1,0,0,0,0,0,0,0,0,0,1,0,0,0,0,0,0,0,0,0,0
3059,0,1,0,-1,0,1,0,1,-1,0,0,0,0,0,0,0,0,-1,0,0,0,0,0,0,0,0,0,0,-1,0,0,1,1,-1,0,0,0,0,0,-1,0,0,1,1,0,0,1,0,0,0,0,0,0,0,0,0,0,0,1,0,0,-1,0,-1
3060,0,0,-1,0,0,0,-1,0,0,0,0,0,0,1,0,0,0,0,1,1,0,-1,0,1,-1,0,0,0,0,1,0,0,0,-1,0,-1,0,1,0,-1,1,0,1,0,0,0,0,0,0,0,0,0,0,0,0,0,-1,0,0,0,0,0,0,1
3061,0,-1,-1,0,0,0,-1,0,0,0,1,0,0,1,0,1,1,1,0,0,0,0,-1,0,0,0,0,0,1,1,0,-1,0,0,0,0,1,-1,0,0,-1,0,0,-1,0,0,1,1,0,0,0,0,0,0,0,0,-1,1,0,0,0,-1,0,0
3062,1,0,0,-1,0,0,-1,-1,-1,0,1,0,0,1,-1,0,0,1,0,0,0,1,0,0,0,1,-1,-1,1,-1,0,0,0,-1,1,0,0,0,0,0,-1,0,-1,0,1,0,0,0,-1,1,0,1,0,0,0,1,0,1,0,-1,0,-1,0,0
3063,0,0,1,-1,1,-1,0,0,0,1,-1,1,0,1,0,0,1,0,0,0,0,1,-1,0,0,0,1,0,-1,0,0,1,0,-1,1,0,0,-1,0,0,-1,1,0,0,0,1,0,0,0,0,0,-1,0,0,0,-1,0,0,0,0,0,0,0,0
3064,1,1,0,0,0,1,1,1,0,0,0,0,0,0,0,1,1,1,0,0,0,1,0,-1,0,0,0,0,1,1,0,0,-1,0,-1,0,0,0,0,0,-1,0,0,0,-1,-1,0,0,-1,0,0,0,0,0,0,-1,0,0,0,0,-1,0,0,1
3065,0,1,0,1,0,1,0,1,0,-1,0,0,0,-1,0,0,0,1,1,0,-1,0,0,1,0,0,0,1,-1,-1,0,1,0,0,0,0,0,0,-1,0,-1,0,0,0,0,1,0,1,0,0,-1,0,0,0,0,0,0,1,0,-1,1,1,0,1
3066,1,0,0,0,1,0,0,1,0,1,0,0,0,0,1,0,0,0,0,0,0,1,1,-1,0,0,0,0,0,0,-1,1,0,0,0,0,0,0,0,1,0,0,0,0,1,-1,0,0,0,0,0,0,0,1,0,1,0,0,0,1,0,0,0,0
3067,0,1,0,0,-1,0,1,0,0,0,0,0,0,0,0,0,0,0,-1,0,-1,0,1,0,1,0,-1,0,0,1,0,-1,1,0,-1,0,0,0,-1,0,-1,-1,0,-1,0,-1,0,-1,1,0,0,0,0,0,0,-1,-1,1,1,0,0,0,0,-1
3068,1,0,0,0,1,0,0,0,1,0,0,0,0,0,0,0,0,-1,-1,0,0,0,0,-1,0,0,-1,0,0,0,0,0,0,1,0,0,1,-1,0,0,0,1,0,0,0,0,0,1,0,1,0,0,0,0,0,0,0,0,0,0,0,-1,0,1
3069,-1,1,0,0,1,0,0,0,-1,0,-1,1,0,1,0,0,1,0,0,-1,1,1,1,-1,0,1,-1,0,0,0,0,0,0,1,0,1,-1,0,0,1,-1,0,1,1,0,0,0,0,-1,0,0,0,1,1,1,1,-1,0,0,0,-1,0,0,0
3070,-1,-1,0,0,0,0,0,0,0,0,0,0,1,0,0,0,-1,0,0,0,-1,0,0,1,0,0,0,-1,1,0,-1,0,-1,1,1,-1,0,0,0,0,0,0,1,-1,0,0,1,0,1,0,-1,-1,0,0,0,0,0,0,-1,0,0,-1,1,0
3071,0,1,-1,1,1,1,0,-1,1,0,0,0,-1,0,0,0,0,0,0,-1,1,1,0,1,1,0,-1,0,0,0,0,1,0,1,1,0,0,0,1,0,1,0,1,0,0,0,0,0,1,0,1,0,-1,0,0,0,1,1,0,0,0,0,0,0
3072,0,0,0,0,0,0,0,0,-1,1,0,-1,0,1,-1,0,-1,0,0,1,1,-1,1,0,0,0,-1,0,0,-1,0,0,0,0,0,-1,0,-1,0,-1,0,0,0,0,1,0,0,0,0,0,0,1,0,-1,0,-1,1,0,0,0,-1,0,0,-1
3073,0,-1,0,0,0,0,0,0,0,0,-1,0,0,0,0,0,-1,-1,0,0,-1,-1,0,0,0,0,1,1,0,0,0,1,0,0,0,0,1,0,0,0,0,0,0,0,-1,0,-1,1,0,0,0,0,0,0,0,-1,0,0,0,-1,0,0,0,0
3074,1,0,0,0,0,0,-1,1,-1,0,0,0,-1,0,1,0,1,0,-1,0,0,0,0,1,0,1,1,1,0,0,0,0,0,0,0,0,0,0,0,0,0,0,0,-1,1,0,0,-1,0,0,0,0,0,-1,0,0,0,0,0,0,1,0,0,0
3075,0,1,0,0,1,0,1,0,0,-1,0,0,0,0,0,-1,0,0,0,0,0,0,0,0,0,-1,0,-1,1,0,0,-1,0,1,1,1,0,0,-1,1,0,0,0,0,-1,0,-1,0,0,0,0,-1,1,0,0,-1,-1,0,0,0,1,-1,-1,1
3076,0,1,-1,0,0,1,0,0,0,0,0,-1,0,-1,-1,0,0,0,-1,0,-1,0,0,0,0,1,0,1,0,1,0,1,0,0,1,-1,0,0,1,0,0,1,1,0,1,0,0,-1,-1,0,0,0,0,0,0,0,1,0,-1,0,1,-1,1,0
3077,0,0,-1,1,0,0,-1,1,1,0,0,0,0,0,0,0,-1,1,0,0,0,0,-1,0,0,0,0,0,0,0,0,0,0,0,0,0,0,0,0,0,0,-1,0,0,0,0,0,1,0,-1,-1,1,0,0,1,0,0,0,0,1,0,-1,0,0
3078,1,0,0,0,0,0,-1,-1,0,0,1,0,-1,1,0,0,0,0,0,-1,1,0,0,-1,0,0,0,0,1,1,0,1,0,1,0,0,0,0,1,1,0,-1,0,0,-1,0,0,0,0,1,1,0,0,0,0,1,0,0,0,0,0,0,-1,1
3079,0,1,-1,0,0,0,0,0,1,1,0,-1,0,1,0,0,0,0,-1,1,-1,0,1,0,0,1,0,-1,0,0,0,0,0,0,0,0,0,0,0,0,-1,1,0,0,1,1,0,0,1,0,-1,-1,0,0,0,0,0,0,0,-1,0,0,0,0
3080,1,0,0,0,0,-1,0,0,0,0,-1,0,-1,0,0,1,0,0,0,0,0,0,1,0,0,0,0,0,-1,0,0,0,0,0,0,0,0,0,0,0,0,0,-1,0,1,0,1,1,0,1,0,0,-1,0,-1,0,1,0,1,0,1,0,0,0
3081,0,0,0,0,0,1,-1,0,0,1,1,-1,0,0,0,0,0,-1,0,0,-1,0,0,0,0,0,0,0,1,0,0,0,0,0,-1,0,1,0,0,0,0,0,0,0,0,0,0,0,0,-1,-1,-1,0,0,0,0,0,1,0,-1,1,-1,1,0
3082,0,0,0,0,0,0,-1,-1,0,-1,0,0,0,0,1,0,1,-1,0,0,0,0,0,0,0,0,0,0,0,0,0,-1,-1,0,0,0,0,0,1,0,-1,0,0,0,0,0,0,0,1,-1,-1,0,1,0,1,-1,0,-1,0,1,0,0,-1,0
3083,1,1,0,0,0,-1,-1,-1,0,1,0,0,1,0,1,0,-1,1,-1,-1,1,1,-1,0,1,0,0,0,1,0,0,1,0,1,1,0,0,0,0,-1,0,0,0,0,0,0,0,0,0,0,0,0,0,0,1,-1,0,0,0,0,0,0,-1,0
3084,0,1,1,1,0,0,0,0,0,1,0,0,0,0,0,0,0,0,1,1,1,0,0,-1,0,0,0,0,1,0,0,0,0,-1,0,0,1,0,0,0,0,0,-1,0,0,0,-1,1,0,0,0,-1,0,1,0,0,0,0,0,0,0,0,0,0
3085,0,-1,1,0,1,0,0,0,0,0,0,0,1,1,1,0,0,-1,0,-1,0,-1,-1,0,0,0,0,0,0,0,0,1,-1,1,0,0,0,0,0,0,0,0,1,0,0,-1,0,1,0,0,0,0,0,0,0,1,1,0,0,-1,0,1,1,1
3086,0,0,1,1,-1,0,-1,0,0,-1,-1,1,0,0,1,0,0,0,0,1,1,1,0,0,0,0,-1,0,0,1,0,-1,-1,-1,-1,0,1,0,0,1,0,-1,1,0,-1,1,0,1,-1,0,0,0,0,0,0,0,0,0,0,0,0,0,-1,0
3087,0,-1,-1,0,0,0,0,1,0,0,0,0,0,0,0,0,0,1,0,0,0,-1,0,0,0,0,0,-1,0,0,1,0,0,0,0,0,0,0,0,-1,0,1,1,0,0,0,0,0,0,0,0,0,1,0,1,1,0,-1,0,0,0,0,1,0
3088,-1,0,0,-1,0,0,0,0,-1,0,0,0,0,-1,0,0,0,0,-1,0,0,1,1,0,1,-1,0,0,0,-1,0,0,0,0,0,1,0,1,1,0,0,0,0,1,0,-1,1,1,0,-1,0,-1,0,-1,0,0,-1,-1,0,0,1,0,0,0
3089,0,0,-1,0,0,0,0,0,0,0,-1,0,0,0,0,0,1,0,-1,-1,-1,-1,0,0,0,0,0,1,1,0,1,1,-1,1,-1,0,0,0,0,0,0,-1,0,1,0,-1,0,0,-1,1,0,0,1,0,1,0,0,-1,-1,-1,0,1,0,0
3090,0,0,0,-1,1,0,-1,0,0,0,1,0,1,1,0,0,0,0,1,1,-1,0,0,0,0,0,0,0,0,0,0,-1,0,-1,0,-1,0,0,0,0,0,0,0,-1,0,0,0,-1,0,0,0,0,-1,0,0,-1,0,1,0,0,-1,0,-1,-1
3091,1,-1,1,0,-1,0,1,0,0,0,-1,-1,-1,0,0,0,0,0,0,1,0,0,0,1,0,1,-1,1,-1,0,1,1,0,0,0,0,0,-1,0,0,0,0,1,1,1,-1,0,1,-1,0,0,0,0,0,0,0,1,0,0,0,0,0,0,0
3092,-1,1,0,0,0,0,0,1,0,-1,0,-1,0,0,1,-1,0,-1,0,0,-1,0,-1,1,0,-1,-1,-1,0,-1,0,0,-1,-1,1,0,0,0,-1,-1,0,0,0,0,1,0,0,-1,0,0,1,0,0,0,-1,0,0,0,0,0,1,-1,0,0
3093,0,0,0,0,0,-1,1,0,0,0,0,-1,0,0,0,0,0,1,0,0,-1,1,1,-1,1,0,-1,-1,0,0,0,0,0,0,0,0,0,0,0,0,0,-1,0,0,0,1,1,0,1,0,0,0,0,-1,1,1,0,-1,0,0,0,0,1,-1
3094,0,0,0,0,0,-1,-1,0,0,0,-1,0,0,1,0,0,1,0,0,0,0,0,0,1,0,1,0,-1,0,0,-1,0,0,-1,0,0,0,0,0,0,0,0,0,-1,-1,0,0,1,0,-1,0,0,-1,0,0,1,0,1,0,-1,0,0,1,0
3095,0,0,0,0,0,0,0,0,0,0,0,-1,0,-1,0,0,0,0,1,-1,1,0,0,0,1,0,0,0,0,0,0,1,-1,0,0,0,0,-1,-1,0,1,-1,0,0,0,0,1,0,0,0,1,0,0,0,-1,0,0,-1,-1,0,0,0,0,0
3096,-1,0,1,1,0,0,1,1,0,0,-1,0,-1,-1,0,0,1,0,-1,0,0,0,0,0,0,0,-1,-1,0,0,-1,0,0,0,-1,0,1,0,0,-1,0,-1,0,1,0,0,0,-1,1,0,0,0,0,1,0,0,0,0,0,0,0,0,0,-1
3097,0,1,-1,0,0,1,0,-1,0,0,0,0,0,0,0,0,0,1,0,0,0,0,0,0,0,0,0,0,0,1,0,0,1,0,0,0,1,-1,-1,1,1,0,0,0,-1,0,0,0,0,0,-1,0,-1,0,0,0,1,-1,0,0,0,0,0,-1
3098,0,0,0,-1,0,1,0,0,0,0,-1,0,0,-1,0,0,1,0,0,0,0,0,0,1,0,1,1,0,0,0,-1,-1,0,-1,0,0,0,0,0,0,1,-1,0,1,0,1,0,0,0,0,0,0,1,0,0,0,0,0,0,0,1,1,0,-1
3099,1,0,0,0,0,0,1,0,0,0,-1,0,0,0,0,0,0,0,0,1,0,0,0,1,0,0,0,0,1,-1,0,0,0,0,0,-1,0,0,0,1,0,-1,0,0,0,0,1,0,0,0,0,1,0,0,0,0,-1,0,-1,0,0,0,-1,-1
3100,1,0,1,0,0,-1,1,0,0,-1,0,-1,1,0,1,0,0,-1,0,1,0,0,1,1,0,0,0,1,0,0,0,1,0,0,0,0,1,0,0,0,0,1,0,0,-1,0,0,-1,1,0,1,1,0,0,-1,0,0,-1,0,0,0,0,0,0
3101,1,0,0,-1,-1,0,0,0,-1,0,1,1,0,0,0,-1,0,0,0,0,0,1,0,0,0,1,0,0,0,0,0,1,1,-1,0,0,0,0,0,0,0,1,0,0,1,-1,1,0,0,-1,0,-1,0,0,0,-1,0,1,0,-1,0,-1,0,0
3102,1,0,0,1,0,0,0,0,0,0,0,0,0,0,0,1,0,0,0,0,-1,1,1,0,0,1,-1,1,0,0,-1,-1,0,0,0,0,0,0,0,1,0,0,0,-1,1,1,0,1,0,0,0,0,0,-1,-1,-1,0,1,0,0,-1,0,0,0
3103,0,1,0,0,1,1,0,0,0,0,0,0,0,0,-1,0,-1,1,0,0,0,0,0,0,0,0,0,0,0,0,0,0,0,-1,0,0,0,-1,0,-1,0,0,0,-1,0,0,-1,0,0,0,0,0,-1,0,0,0,0,0,0,0,-1,-1,1,-1
3104,0,0,0,0,0,0,0,0,0,0,1,0,1,1,0,1,0,0,0,0,-1,0,0,0,0,0,1,-1,0,-1,0,0,0,0,-1,0,-1,1,0,1,0,0,-1,-1,-1,0,0,1,-1,0,0,0,0,0,0,0,0,0,0,0,-1,0,0,0
3105,-1,0,1,0,0,0,-1,-1,0,0,0,-1,0,0,0,1,0,0,1,0,-1,0,0,0,0,0,0,0,0,-1,0,0,-1,-1,1,-1,0,0,0,0,0,0,0,1,0,0,0,1,0,0,0,0,0,0,1,0,0,0,0,0,0,0,1,1
3106,1,1,0,0,0,-1,0,-1,0,0,0,-1,0,0,0,0,0,-1,0,-1,0,0,-1,0,0,0,0,0,-1,0,-1,-1,1,1,0,0,0,0,0,0,-1,0,-1,-1,0,0,1,-1,0,1,0,0,0,0,1,0,0,0,0,-1,0,-1,0,0
3107,0,-1,0,0,1,0,0,1,0,0,-1,0,1,0,0,0,0,0,0,-1,0,-1,1,1,0,-1,0,-1,-1,0,0,0,1,0,0,0,0,0,-1,-1,0,0,1,-1,-1,0,0,0,0,0,0,0,0,-1,-1,0,0,1,1,0,-1,0,0,-1
3108,0,0,-1,0,-1,0,0,0,0,0,0,0,1,0,1,1,-1,0,0,0,0,0,-1,1,0,-1,0,0,0,-1,1,-1,0,0,-1,0,1,0,0,0,1,1,-1,0,0,1,0,0,0,0,0,0,-1,-1,0,0,0,0,0,0,0,0,0,0
3109,0,0,0,0,-1,1,0,-1,0,0,0,0,0,-1,0,0,0,0,0,0,0,0,0,0,1,0,0,0,0,-1,0,-1,1,-1,0,-1,0,0,0,-1,0,0,0,-1,0,0,0,1,0,1,0,-1,0,0,1,0,0,0,0,0,0,0,0,-1
3110,-1,0,0,0,1,0,0,0,-1,0,0,0,0,0,0,0,0,0,0,0,-1,0,0,0,-1,-1,-1,0,-1,0,-1,0,0,0,0,-1,0,0,0,0,0,0,1,0,0,0,0,0,0,0,0,0,-1,-1,0,-1,0,1,0,-1,0,1,0,1
3111,-1,-1,0,0,0,0,-1,-1,-1,0,0,1,0,0,-1,1,-1,1,0,0,0,0,1,0,0,0,0,1,0,0,1,0,0,-1,0,0,0,0,0,0,1,0,0,0,0,0,-1,0,0,0,0,1,-1,1,1,0,1,-1,0,0,0,-1,1,1
3112,0,0,1,0,-1,0,0,0,0,-1,0,-1,-1,0,-1,0,-1,0,0,-1,0,1,0,0,0,1,-1,0,0,-1,0,0,-1,0,0,0,0,-1,0,0,-1,0,0,0,1,0,1,1,1,0,0,0,0,-1,-1,-1,0,0,0,-1,-1,0,0,0
3113,0,0,1,0,1,0,0,1,-1,-1,0,0,0,0,0,0,0,1,-1,0,1,0,1,0,0,1,1,1,0,-1,1,0,0,1,0,-1,0,-1,0,0,0,1,-1,0,-1,0,0,1,0,0,0,0,0,0,0,0,1,0,0,-1,0,0,0,0
3114,0,0,-1,0,0,0,0,-1,1,-1,0,0,-1,1,0,0,0,0,0,0,0,0,1,0,0,1,0,-1,0,0,1,0,0,0,0,0,0,0,1,-1,-1,0,-1,0,-1,0,0,0,0,0,0,1,0,-1,0,1,-1,0,0,0,0,0,1,-1
3115,0,0,0,-1,-1,1,-1,1,0,0,0,0,0,0,0,0,0,-1,0,0,0,0,1,-1,1,0,0,0,0,1,0,1,0,1,0,-1,0,0,0,-1,1,-1,0,-1,1,0,0,-1,0,0,0,0,-1,0,0,1,0,0,-1,-1,0,0,1,0
3116,0,1,0,0,-1,0,1,0,1,-1,1,0,0,-1,0,0,0,0,1,0,1,-1,0,0,0,0,0,-1,0,0,0,1,0,0,0,-1,0,0,0,0,0,0,0,0,0,0,-1,0,0,-1,0,0,0,-1,-1,-1,0,-1,0,1,0,1,1,0
3117,0,0,-1,-1,1,1,1,0,0,0,0,0,0,0,1,0,0,0,0,0,1,1,0,-1,0,-1,0,0,-1,0,0,0,0,0,0,0,1,0,0,-1,0,0,1,0,0,0,-1,0,0,0,0,0,-1,1,0,1,0,-1,0,0,0,1,-1,1
3118,0,0,-1,0,1,0,0,0,-1,0,1,0,0,0,0,0,0,-1,-1,0,0,0,0,0,1,-1,0,0,-1,0,0,0,-1,0,0,0,0,0,0,0,0,0,1,1,0,0,0,1,0,1,0,-1,0,0,0,0,-1,0,0,-1,0,0,0,0
3119,-1,0,-1,0,1,0,0,0,0,0,-1,1,0,0,0,0,0,0,0,-1,-1,0,1,1,0,0,1,1,1,-1,0,0,0,0,0,0,1,0,1,0,0,0,-1,0,-1,0,-1,-1,0,0,0,0,0,-1,-1,0,0,0,-1,-1,-1,0,1,0
3120,0,0,0,-1,0,0,0,0,0,0,1,0,0,0,0,0,1,0,0,0,0,-1,1,0,0,1,0,0,0,1,-1,-1,0,-1,0,1,0,1,0,0,-1,0,0,0,0,-1,-1,0,0,0,0,0,0,0,0,0,0,0,0,0,1,0,-1,1
3121,0,0,0,0,0,1,1,0,-1,0,0,0,0,1,1,0,1,0,-1,0,0,0,0,0,1,0,1,1,0,0,-1,0,0,1,1,-1,0,0,0,0,0,0,1,1,0,-1,0,0,0,0,0,0,0,1,1,0,0,0,0,-1,0,0,1,0
3122,1,0,0,0,0,0,0,-1,0,0,0,-1,0,-1,-1,-1,-1,0,0,0,1,0,0,1,0,0,0,0,0,-1,0,0,-1,0,0,-1,-1,0,0,0,0,-1,0,0,-1,0,0,0,0,-1,0,0,0,0,0,0,1,0,0,0,-1,0,-1,0
3123,1,0,0,0,0,1,0,1,0,0,0,-1,0,-1,0,0,1,0,0,0,-1,0,0,0,0,0,-1,0,0,0,1,0,1,-1,0,0,0,-1,0,0,0,1,0,0,0,0,-1,0,0,0,0,0,0,1,0,0,-1,1,-1,0,0,0,0,0
3124,-1,1,0,0,-1,0,0,0,0,-1,1,1,1,1,0,0,-1,0,0,0,0,0,0,-1,0,0,0,0,0,1,0,0,0,-1,0,1,0,0,0,0,1,0,0,0,0,-1,1,0,0,0,-1,1,1,0,0,1,1,1,0,0,1,1,0,0
3125,0,0,0,0,0,0,1,1,0,0,-1,0,0,1,0,1,-1,1,1,0,0,0,-1,0,0,0,0,0,1,1,0,0,0,1,1,0,0,0,0,-1,0,0,0,0,0,1,-1,0,1,0,-1,1,0,1,0,1,0,0,-1,0,0,0,0,-1
3126,0,0,-1,-1,0,0,0,-1,0,0,0,0,0,0,0,-1,0,0,1,0,0,0,-1,1,1,1,0,1,1,0,0,0,1,0,0,0,-1,-1,0,1,0,0,0,0,0,0,1,0,1,1,0,0,0,-1,0,-1,0,0,0,0,0,0,0,0
3127,0,0,0,0,0,-1,1,0,0,0,0,0,0,0,-1,1,1,0,0,0,0,0,-1,0,1,0,-1,0,1,0,0,1,0,1,1,0,0,0,1,0,0,0,0,1,0,0,1,-1,0,0,0,0,-1,1,0,1,-1,1,0,0,0,0,-1,1
3128,-1,0,1,0,0,1,0,0,-1,1,0,0,0,0,0,0,-1,-1,1,0,0,0,1,0,0,-1,0,1,0,0,-1,0,0,0,-1,-1,-1,-1,0,-1,0,0,0,0,1,0,0,0,0,-1,1,1,0,0,0,0,0,0,0,0,0,-1,0,1
3129,0,-1,1,0,1,-1,0,1,0,1,-1,0,0,1,-1,1,1,0,1,-1,-1,0,0,0,1,0,0,0,-1,0,0,0,0,0,-1,0,0,0,-1,0,0,0,-1,0,0,-1,1,-1,0,1,0,0,-1,0,0,-1,0,1,-1,0,-1,0,0,0
3130,0,0,0,0,0,0,0,0,0,0,0,0,0,-1,-1,-1,1,-1,0,1,0,1,0,0,-1,0,0,0,-1,0,0,0,0,0,0,0,1,1,0,0,-1,0,0,0,-1,0,0,0,0,0,1,0,-1,0,0,0,0,-1,1,0,0,0,-1,1
3131,1,0,0,0,-1,0,1,0,0,0,0,0,0,1,0,-1,0,-1,1,0,-1,0,0,0,0,1,0,-1,0,0,0,0,0,0,0,0,0,0,0,-1,0,0,0,0,0,0,0,0,0,0,0,0,-1,0,0,1,0,0,0,0,-1,0,-1,0
3132,0,0,0,0,0,0,0,1,0,1,0,0,1,0,0,0,0,0,1,1,0,0,0,0,0,0,0,0,0,-1,0,-1,0,0,0,0,0,0,-1,0,0,0,0,0,-1,0,-1,0,0,0,0,1,-1,0,-1,1,0,0,0,1,0,0,-1,0
3133,1,-1,0,0,1,0,1,0,0,-1,0,0,0,0,-1,-1,0,1,-1,-1,0,1,1,0,-1,1,1,0,0,0,0,0,0,1,1,-1,0,-1,-1,0,0,1,1,0,0,-1,1,0,1,0,-1,0,-1,0,0,-1,0,0,0,0,0,0,0,0
3134,0,0,1,0,0,0,0,0,0,0,0,0,0,0,-1,0,0,0,1,0,1,1,0,-1,-1,0,0,0,0,0,1,-1,-1,0,0,0,-1,0,1,1,0,0,0,-1,0,-1,0,-1,1,0,0,0,1,0,1,1,0,1,-1,0,0,1,0,0
3135,0,0,0,0,0,0,1,0,0,0,-1,0,-1,-1,0,0,0,0,0,-1,0,-1,0,0,0,0,0,-1,1,-1,-1,0,-1,0,-1,0,0,1,0,0,0,0,1,1,0,0,-1,0,-1,0,1,0,-1,0,1,0,1,0,0,0,0,0,0,0
3136,0,0,0,0,0,1,0,1,1,0,0,-1,0,0,0,0,0,0,-1,0,0,-1,0,-1,0,0,-1,0,0,1,0,0,1,0,0,0,0,-1,1,0,1,0,1,0,1,0,-1,0,-1,1,0,-1,0,-1,0,0,0,1,0,0,1,0,0,0
3137,0,-1,-1,0,1,-1,0,0,-1,1,0,0,1,-1,0,-1,0,0,0,1,0,1,0,0,1,0,0,1,-1,0,1,0,1,0,0,-1,-1,-1,0,0,0,1,0,1,1,-1,0,1,0,0,0,0,0,0,0,0,-1,-1,0,0,1,0,0,0
3138,0,-1,-1,-1,0,0,-1,0,0,0,0,0,0,0,0,0,0,-1,0,0,0,1,1,0,0,-1,0,0,0,1,0,1,0,0,0,0,0,0,0,0,1,0,-1,1,0,1,1,0,-1,0,-1,1,0,0,1,0,1,-1,0,1,1,0,0,0
3139,0,0,0,1,0,1,0,-1,0,0,0,0,-1,0,0,0,-1,0,-1,0,0,-1,-1,-1,0,-1,1,0,0,0,0,-1,0,0,0,-1,0,0,1,1,0,1,0,0,0,0,0,0,0,-1,0,0,1,0,0,0,0,0,0,1,-1,0,-1,0
3140,0,0,-1,0,0,0,-1,0,0,1,0,1,1,-1,0,0,0,0,0,0,0,1,1,0,0,0,0,0,0,-1,1,0,-1,-1,1,1,0,-1,0,0,0,0,0,-1,0,1,0,-1,0,0,0,1,0,1,-1,0,1,1,-1,1,-1,0,0,0
3141,0,0,1,0,0,0,0,0,0,0,0,0,-1,0,0,0,0,1,0,-1,-1,1,0,0,0,0,0,0,0,0,1,0,1,0,-1,1,0,0,0,0,0,0,1,0,0,0,0,-1,1,0,-1,-1,1,0,0,0,0,0,0,-1,0,0,0,1
3142,0,0,0,0,-1,1,0,0,0,0,0,0,0,0,0,0,-1,0,0,-1,0,1,0,0,0,0,1,-1,0,0,1,-1,0,0,0,0,0,0,0,0,0,0,-1,-1,0,0,0,0,0,0,0,0,0,0,1,0,1,1,0,-1,-1,0,0,0
3143,0,1,-1,-1,-1,1,0,-1,0,1,0,1,0,-1,0,0,1,-1,1,0,1,0,0,0,0,0,1,-1,0,0,0,0,1,0,0,0,0,0,0,1,1,0,0,0,0,0,0,0,0,-1,-1,1,0,0,1,0,-1,0,1,0,0,0,0,1
3144,0,0,0,0,0,0,0,0,0,0,0,1,-1,-1,0,1,0,0,0,0,-1,0,1,0,0,0,0,-1,-1,1,0,1,1,-1,-1,0,0,0,0,-1,0,-1,0,0,1,0,0,0,0,1,-1,0,1,1,1,-1,0,0,0,1,0,0,0,0
3145,-1,0,0,1,0,1,0,0,-1,0,0,1,0,1,-1,0,-1,0,0,0,1,0,0,-1,1,0,-1,-1,1,0,1,0,-1,0,-1,1,-1,0,-1,0,0,0,0,-1,0,-1,0,0,0,0,-1,-1,0,0,0,0,0,-1,1,1,0,0,0,0
3146,0,0,-1,1,0,0,0,-1,-1,0,-1,0,0,0,0,0,1,1,-1,0,0,0,0,1,0,0,1,1,0,0,0,0,0,1,1,0,0,0,0,0,1,0,-1,-1,0,-1,-1,0,1,0,0,0,1,0,0,0,0,1,0,-1,0,0,1,-1
3147,-1,0,0,0,0,0,0,0,-1,1,0,0,1,0,0,-1,0,1,0,1,-1,-1,0,-1,1,-1,0,1,-1,-1,0,0,0,1,1,-1,1,0,0,0,-1,1,0,-1,0,0,0,1,-1,0,1,0,0,0,0,0,0,1,0,-1,-1,0,-1,-1
3148,0,0,1,0,-1,0,0,0,0,0,-1,0,0,1,0,0,0,1,0,1,0,0,0,0,-1,0,0,0,0,-1,-1,0,0,-1,1,0,0,-1,0,0,0,1,0,-1,1,0,0,1,0,0,0,0,0,0,0,1,0,0,0,0,0,0,0,0
3149,-1,0,-1,0,0,0,0,0,0,-1,0,0,-1,-1,0,1,-1,1,0,0,0,0,1,0,-1,0,0,0,-1,-1,0,1,0,0,1,0,1,0,0,0,0,-1,1,0,0,0,0,-1,1,0,1,0,-1,0,1,0,0,1,0,-1,0,0,0,0
3150,0,0,-1,0,0,0,-1,0,1,-1,-1,0,-1,-1,0,1,0,0,0,-1,0,0,0,0,-1,0,1,-1,0,-1,0,0,1,0,0,1,0,-1,1,0,0,0,0,0,0,0,0,0,-1,-1,0,0,0,0,0,0,0,0,0,1,0,0,0,1
3151,0,0,0,0,0,0,1,1,0,0,0,0,0,0,-1,1,1,-1,0,0,0,0,-1,0,1,0,0,0,0,0,0,-1,1,0,0,0,0,0,0,1,0,1,1,0,-1,0,-1,0,1,1,1,1,-1,0,0,1,1,0,0,0,0,1,0,0
3152,0,0,0,0,1,0,0,1,0,0,1,0,0,0,0,0,0,0,0,0,0,0,0,-1,0,1,0,0,0,0,0,0,1,-1,0,-1,0,0,0,-1,1,0,0,0,0,0,-1,0,0,0,0,1,0,0,-1,0,0,0,0,0,-1,-1,1,0
3153,0,0,0,0,1,0,0,1,0,-1,0,0,0,0,1,0,0,-1,-1,0,0,0,0,-1,1,1,0,0,-1,0,1,-1,0,0,0,0,0,0,1,-1,0,1,0,0,0,1,-1,-1,0,0,0,0,0,0,0,0,-1,0,1,0,0,-1,0,0
3154,1,0,0,0,-1,1,0,0,-1,0,-1,0,-1,0,0,-1,0,0,-1,0,0,-1,1,-1,0,0,0,0,0,-1,0,-1,0,0,0,0,0,0,-1,0,0,1,-1,0,-1,-1,-1,0,0,0,0,0,0,-1,0,0,0,-1,0,0,0,0,-1,1
3155,0,0,0,0,0,0,-1,0,-1,0,0,0,0,0,0,0,0,-1,1,0,0,0,0,1,0,1,0,0,0,0,0,0,0,0,0,-1,1,-1,0,0,-1,-1,-1,-1,0,0,-1,0,1,0,-1,0,0,0,-1,0,1,0,0,0,0,-1,0,-1
3156,0,-1,0,-1,1,0,-1,-1,-1,0,0,0,-1,0,0,1,0,1,1,0,1,-1,1,0,-1,0,0,1,0,0,0,0,-1,0,0,0,0,0,1,0,0,0,0,0,0,-1,0,0,1,0,1,-1,-1,-1,0,0,0,0,0,0,-1,0,-1,0
3157,0,1,1,0,0,0,0,-1,-1,0,0,0,-1,0,0,0,0,0,1,0,-1,1,0,1,0,-1,-1,0,0,0,0,0,0,-1,0,-1,0,0,0,0,0,0,0,0,0,1,0,0,-1,0,0,0,0,0,-1,1,0,-1,0,-1,0,0,1,0
3158,0,0,0,0,1,1,0,0,0,0,-1,-1,0,0,0,0,-1,-1,1,0,0,0,0,1,0,-1,0,0,0,0,0,-1,0,0,0,0,0,1,0,0,-1,-1,0,0,0,0,0,1,0,-1,0,0,1,0,0,1,0,0,0,0,0,0,1,0
3159,0,-1,1,0,-1,0,0,0,0,0,0,0,0,1,0,-1,1,0,0,0,0,0,0,0,1,-1,-1,0,1,1,0,-1,0,1,0,0,0,0,0,0,0,0,0,0,0,-1,0,1,0,0,-1,0,0,0,0,0,0,1,1,0,0,1,1,0
3160,0,0,0,0,0,1,0,0,0,0,0,0,1,0,1,0,0,0,1,0,-1,1,0,0,0,0,0,1,1,1,0,0,1,-1,0,0,0,1,0,0,0,1,-1,0,0,0,0,0,0,1,0,1,1,0,-1,-1,0,0,0,0,0,0,0,1
3161,1,0,0,0,0,0,-1,0,-1,-1,0,0,0,0,0,1,0,0,0,1,0,0,1,0,0,0,0,0,0,0,0,0,-1,-1,0,0,0,1,0,0,0,0,0,0,1,0,0,1,1,0,0,0,0,1,0,0,0,0,0,0,0,0,1,-1
3162,0,0,0,-1,0,0,-1,1,-1,0,1,1,0,0,0,1,1,-1,0,-1,0,0,0,-1,1,1,1,-1,0,-1,-1,0,0,0,1,0,0,0,0,-1,0,0,1,-1,-1,0,0,0,0,0,0,0,1,-1,-1,0,0,0,1,0,0,0,0,-1
3163,1,1,0,0,0,0,0,0,0,0,0,1,1,0,0,0,1,0,0,0,0,0,0,0,0,0,0,-1,0,-1,0,0,0,0,0,0,0,1,0,0,-1,0,0,0,0,0,0,1,0,-1,0,0,0,-1,0,0,1,0,0,0,1,0,0,-1
3164,0,0,1,0,0,0,-1,0,0,1,1,0,0,0,0,1,0,-1,0,0,0,-1,1,-1,-1,-1,0,0,0,1,0,-1,1,0,1,0,0,1,1,0,1,0,-1,0,0,1,0,0,0,0,0,0,0,0,0,0,0,0,1,-1,0,0,-1,0
3165,0,-1,-1,-1,-1,0,0,-1,0,-1,0,0,-1,-1,1,0,1,0,0,1,0,-1,-1,0,0,1,1,-1,1,0,0,0,-1,0,0,0,-1,0,0,0,1,0,1,0,-1,0,0,0,0,0,0,-1,0,0,0,-1,1,1,0,0,0,1,0,0
3166,-1,-1,0,1,-1,-1,1,0,0,0,0,0,0,0,0,0,0,0,-1,0,0,1,1,1,-1,0,0,0,0,-1,0,1,0,0,0,0,0,0,0,-1,0,0,0,1,0,1,0,-1,-1,0,-1,-1,1,-1,-1,0,0,0,0,-1,0,0,0,-1
3167,0,0,0,0,0,0,0,1,-1,0,0,0,1,0,0,0,1,0,0,0,0,0,0,0,-1,0,0,0,0,0,0,0,1,0,0,0,0,0,0,0,0,0,0,0,0,0,0,0,0,1,0,0,-1,-1,0,0,0,0,1,1,0,0,0,0
3168,0,1,0,0,0,0,0,0,0,0,0,-1,-1,1,0,0,-1,0,-1,0,-1,-1,1,0,1,-1,0,0,0,-1,0,-1,1,0,1,0,0,0,0,0,0,0,-1,0,-1,0,-1,0,0,0,0,0,0,-1,0,0,-1,-1,0,0,0,1,0,0
3169,0,0,-1,1,1,0,0,0,0,0,0,0,0,0,0,0,0,0,0,0,0,0,-1,0,1,0,0,1,1,0,0,0,0,1,0,0,0,-1,0,0,0,0,0,0,0,0,0,0,0,1,0,0,1,0,0,0,1,0,0,0,0,0,0,1
3170,1,0,0,0,0,1,0,0,0,0,-1,0,0,-1,0,0,0,-1,0,1,0,0,-1,0,-1,0,-1,0,0,0,0,-1,0,0,0,1,-1,0,0,0,0,-1,0,1,0,1,0,-1,0,1,0,1,1,1,0,0,-1,0,0,0,0,1,1,0
3171,1,0,0,0,0,0,1,0,-1,0,0,0,0,0,0,0,-1,1,1,0,1,0,0,0,1,-1,0,0,0,1,0,1,0,0,0,0,0,-1,0,0,-1,0,0,-1,-1,-1,-1,0,0,-1,1,0,0,0,0,-1,1,1,0,1,0,1,-1,1
3172,0,1,1,-1,0,1,0,-1,0,-1,0,1,0,0,1,0,0,1,-1,0,1,0,0,-1,1,-1,0,0,0,0,0,-1,0,-1,0,0,0,-1,0,1,0,0,-1,-1,0,0,-1,-1,0,0,0,1,0,0,0,0,0,0,0,-1,-1,-1,0,0
3173,-1,1,0,0,0,0,0,-1,1,-1,1,1,0,0,0,0,0,0,0,0,0,0,0,-1,0,-1,-1,0,1,1,0,1,0,-1,0,0,0,0,0,1,0,0,-1,-1,0,0,0,-1,0,0,0,0,0,0,0,0,0,-1,1,0,1,0,0,-1
3174,0,0,1,0,0,0,-1,0,0,0,0,1,-1,0,0,-1,0,1,1,0,-1,0,0,0,1,-1,-1,-1,0,-1,0,0,0,0,1,0,0,1,-1,-1,0,0,-1,1,0,0,0,0,0,0,0,-1,-1,-1,0,0,0,0,0,0,-1,0,0,-1
3175,-1,0,1,0,0,0,0,1,0,1,0,0,0,0,0,0,0,0,1,0,-1,-1,0,0,0,0,0,0,0,0,1,-1,0,0,-1,0,1,0,0,0,1,-1,1,-1,0,1,0,0,-1,-1,0,0,0,1,0,1,0,0,0,1,0,0,-1,0
3176,0,0,0,-1,0,0,1,0,0,0,1,0,1,0,0,-1,0,0,0,0,0,0,0,-1,0,1,0,0,0,0,0,0,1,-1,1,-1,0,0,1,1,0,-1,0,0,0,0,0,0,-1,0,0,0,1,1,0,0,0,1,1,1,1,0,-1,0
3177,-1,0,0,0,-1,0,0,0,0,0,-1,0,0,0,1,0,0,0,-1,0,1,-1,0,-1,1,0,0,1,0,0,0,0,-1,0,0,0,0,0,-1,0,0,0,0,0,-1,0,0,0,0,0,0,0,0,0,-1,0,1,-1,0,0,0,1,0,-1
3178,0,0,0,1,0,-1,-1,0,0,0,0,0,0,0,0,-1,0,0,0,0,0,1,0,0,0,0,0,0,0,0,-1,-1,0,-1,-1,-1,0,0,0,0,1,1,0,0,0,1,1,0,0,1,1,-1,0,0,0,1,-1,0,0,0,0,-1,-1,0
3179,0,0,0,0,0,0,0,0,1,0,1,-1,0,1,1,1,0,0,0,0,1,1,0,0,-1,-1,1,0,0,-1,0,0,-1,0,-1,0,0,1,0,0,0,0,0,0,0,0,1,0,-1,0,1,0,0,0,0,0,0,0,0,1,1,0,0,0
3180,0,0,0,1,0,0,0,0,-1,0,1,-1,0,-1,0,0,0,0,-1,0,0,0,0,-1,0,0,-1,0,-1,0,1,0,0,1,0,0,1,0,0,-1,0,-1,0,1,-1,1,0,0,0,0,0,1,0,0,0,0,0,0,1,0,0,0,0,-1
3181,1,1,0,0,1,0,-1,0,1,0,0,0,1,-1,0,-1,0,1,0,0,1,0,0,1,-1,0,-1,0,0,0,-1,0,1,0,0,0,0,-1,0,1,0,0,0,-1,0,0,-1,0,1,0,1,0,0,0,-1,0,0,0,0,0,0,0,0,0
3182,-1,0,0,0,0,0,0,-1,0,1,0,0,0,0,0,0,0,1,-1,0,0,0,0,1,0,0,0,0,0,0,1,0,1,0,0,0,0,-1,0,0,0,1,1,-1,0,0,0,0,0,0,0,1,0,0,0,1,0,0,0,0,1,0,0,-1
3183,-1,0,0,0,0,1,1,0,1,1,1,0,0,0,0,0,1,0,1,0,0,0,0,0,0,0,0,0,0,0,0,0,-1,0,1,-1,1,0,1,0,0,0,0,0,-1,1,0,-1,0,0,0,0,0,0,0,1,1,-1,1,0,1,-1,0,0
3184,-1,-1,0,0,0,0,-1,0,0,0,0,0,-1,1,1,0,0,0,0,0,1,0,0,0,-1,1,0,0,0,0,0,-1,0,0,-1,-1,0,0,0,0,1,1,0,0,0,1,0,0,0,-1,-1,0,0,1,0,-1,0,1,1,1,0,0,1,-1
3185,0,0,0,0,0,0,0,-1,0,0,0,0,0,0,0,0,0,0,-1,0,0,0,0,1,0,0,1,-1,0,-1,0,0,0,-1,0,0,1,0,0,0,1,0,1,0,1,0,0,0,0,1,0,0,0,0,0,0,1,0,-1,0,-1,0,0,1
3186,1,0,-1,-1,0,1,0,1,1,0,1,0,-1,0,0,-1,0,0,0,1,1,-1,0,0,0,1,0,0,0,0,0,0,-1,1,0,0,0,1,0,1,0,0,-1,0,0,-1,0,0,0,0,0,1,0,1,-1,-1,0,1,0,0,0,0,-1,0
3187,0,0,0,1,1,0,0,0,0,1,0,0,1,0,1,-1,0,0,0,0,0,0,0,0,-1,0,1,0,0,0,0,-1,0,0,0,0,1,0,-1,0,1,0,0,0,0,0,0,0,0,0,0,0,0,0,0,1,0,0,0,1,0,0,0,-1
3188,1,-1,1,0,0,1,0,-1,0,-1,0,1,0,0,0,-1,-1,-1,0,0,1,0,0,0,0,0,-1,0,1,1,1,0,-1,1,0,0,0,1,0,0,0,0,0,1,0,-1,0,0,0,0,0,0,-1,0,0,0,0,0,-1,0,-1,0,-1,0
3189,0,0,1,-1,0,-1,1,0,0,0,0,0,0,-1,-1,-1,-1,1,-1,0,0,1,1,0,1,-1,0,1,-1,1,0,-1,0,0,0,0,0,0,0,-1,0,-1,0,1,1,0,0,0,1,0,1,0,0,0,0,-1,0,0,1,0,0,-1,0,1
3190,0,-1,1,0,1,1,0,-1,0,1,0,0,1,-1,0,0,1,0,0,0,1,0,-1,1,-1,0,0,0,1,-1,-1,-1,-1,-1,0,0,1,0,-1,0,-1,0,0,-1,0,0,0,0,0,1,0,-1,0,0,0,1,0,-1,0,0,1,0,1,0
3191,-1,0,0,0,0,0,0,0,0,1,-1,0,-1,0,0,0,0,0,0,0,0,0,0,1,1,0,0,0,1,-1,1,0,0,0,0,1,0,-1,0,0,-1,1,0,0,1,1,0,0,1,1,-1,0,0,-1,0,0,0,0,0,0,0,0,-1,0
3192,0,1,0,0,0,1,0,1,0,0,-1,1,0,1,-1,0,0,-1,0,0,0,0,0,-1,0,0,0,0,0,0,0,0,0,0,0,-1,1,0,-1,0,0,0,0,1,-1,0,0,1,0,0,0,0,0,0,-1,0,-1,0,0,1,0,1,-1,0
3193,-1,0,-1,0,0,0,0,0,-1,-1,0,0,0,1,-1,0,1,-1,1,0,0,0,1,0,-1,-1,1,0,0,0,0,-1,0,0,-1,0,1,0,-1,0,0,0,0,0,1,0,1,0,0,0,0,-1,1,1,0,0,0,0,0,0,-1,0,0,0
3194,0,0,1,1,1,1,0,0,0,0,-1,0,0,0,0,1,0,-1,-1,-1,0,0,1,0,0,0,0,-1,0,0,0,0,1,-1,1,0,0,1,0,0,1,1,1,1,1,0,0,-1,0,1,1,1,0,0,0,0,0,0,1,0,-1,0,0,0
3195,0,0,-1,-1,0,0,0,0,0,0,-1,-1,0,0,0,0,-1,-1,1,0,0,-1,0,0,0,0,-1,1,1,1,-1,1,0,0,1,0,0,0,1,-1,0,1,1,0,1,1,0,-1,1,0,1,0,0,0,0,0,0,0,0,0,0,1,0,0
3196,0,1,0,0,1,0,0,0,0,-1,0,0,-1,0,0,0,1,-1,1,1,0,-1,1,0,0,-1,0,0,1,0,-1,1,1,0,0,0,-1,0,-1,0,0,0,0,-1,0,0,0,0,1,1,1,0,-1,0,0,0,0,0,-1,0,1,0,0,0
3197,0,0,0,1,1,0,0,0,0,1,1,-1,-1,0,0,-1,1,0,0,0,0,0,0,1,1,0,0,1,0,-1,0,0,1,0,0,0,0,0,-1,0,0,1,0,0,-1,1,0,0,0,0,0,0,0,0,0,0,0,0,0,0,0,0,1,1
3198,0,0,0,0,0,-1,-1,0,1,0,0,0,0,0,0,0,0,0,0,0,1,0,0,0,0,0,0,1,0,1,0,0,0,0,-1,0,0,0,0,0,0,0,0,0,0,0,0,0,1,-1,-1,1,0,0,0,1,0,0,1,0,-1,-1,0,0
3199,0,0,0,0,0,-1,0,0,0,0,0,0,0,0,0,-1,0,0,0,0,0,0,0,0,0,-1,0,0,0,0,0,0,0,0,0,0,0,0,0,0,-1,0,0,0,0,0,1,0,0,-1,0,-1,0,0,-1,0,0,-1,0,-1,1,1,0,0
3200,0,0,0,-1,-1,0,0,0,0,0,1,0,0,0,1,0,1,-1,0,0,-1,-1,0,0,-1,0,0,0,0,0,0,0,0,-1,-1,0,0,1,0,-1,0,0,0,0,0,0,-1,1,0,0,0,-1,0,0,0,0,0,1,1,0,0,0,-1,0
3201,0,-1,-1,0,0,0,0,0,1,1,0,0,0,1,-1,1,0,0,0,1,0,0,0,0,0,0,-1,0,0,0,0,0,-1,0,0,-1,-1,1,1,0,0,0,-1,1,0,0,0,-1,0,0,0,1,0,0,-1,0,0,0,0,0,0,0,0,-1
3202,-1,0,0,0,0,0,-1,0,0,0,0,0,0,-1,1,0,0,0,0,0,1,0,0,0,0,0,0,1,0,0,-1,0,0,0,0,1,1,0,0,0,0,0,0,1,0,-1,0,0,0,-1,1,0,1,0,1,0,1,0,1,-1,0,0,0,1
3203,0,0,0,1,0,0,0,0,-1,0,0,0,0,0,1,0,0,1,0,0,0,1,0,0,-1,1,1,0,0,0,0,-1,0,0,0,0,1,0,1,1,1,0,1,0,0,1,0,0,0,-1,-1,1,1,0,-1,0,0,0,1,0,-1,0,1,0
3204,0,-1,-1,0,0,0,1,0,-1,1,0,0,-1,0,0,0,0,0,1,0,0,0,1,0,0,0,1,0,-1,0,0,0,0,1,0,0,0,0,-1,0,0,0,0,-1,0,0,1,0,0,1,0,1,1,-1,0,1,1,-1,0,0,0,0,0,1
3205,-1,0,0,0,-1,0,0,0,0,0,-1,0,0,1,0,1,-1,-1,0,0,0,0,0,0,0,0,0,-1,0,0,0,0,0,0,0,-1,0,0,0,0,0,1,0,0,0,1,0,0,1,0,1,0,0,0,-1,0,1,-1,0,0,0,-1,0,0
3206,-1,0,0,0,-1,0,0,0,0,0,0,-1,-1,0,-1,0,0,0,0,0,1,0,1,1,0,0,-1,0,0,0,1,0,-1,0,-1,1,0,0,0,-1,0,1,-1,0,0,0,0,0,0,1,0,0,0,-1,0,0,1,0,0,0,0,0,1,-1
3207,0,0,0,1,0,0,0,0,0,0,0,0,-1,0,1,0,-1,0,0,-1,0,0,1,-1,0,0,0,1,0,0,-1,0,-1,0,0,0,0,0,0,0,0,0,-1,0,-1,-1,1,0,-1,-1,-1,0,0,1,-1,0,0,0,0,0,-1,0,0,1
3208,1,0,0,1,0,1,0,1,0,0,1,-1,0,0,1,1,0,1,0,0,0,-1,0,0,0,-1,0,0,1,0,0,0,1,0,-1,1,1,0,0,1,1,0,0,1,0,-1,-1,1,-1,0,0,-1,0,1,0,0,0,-1,0,0,0,0,-1,0
3209,1,-1,-1,1,-1,0,0,0,1,0,0,0,1,0,0,1,0,1,0,0,0,1,1,0,1,0,-1,0,1,0,-1,0,1,0,1,0,0,0,0,0,-1,0,1,-1,0,0,0,1,-1,0,-1,0,0,0,0,-1,0,0,1,1,1,0,0,0
3210,1,-1,0,0,0,1,0,0,0,-1,0,-1,0,0,0,0,0,1,0,0,0,0,0,-1,-1,-1,0,0,0,0,0,0,0,0,0,-1,0,0,0,0,-1,0,1,0,0,-1,0,0,0,0,0,0,-1,-1,-1,0,0,0,-1,0,1,0,0,-1
3211,-1,-1,0,0,0,0,0,0,0,0,0,0,0,0,0,-1,0,0,0,0,1,0,1,1,-1,-1,0,0,0,0,0,0,0,0,0,0,-1,0,0,0,0,-1,1,0,-1,0,0,1,-1,-1,1,0,-1,0,0,-1,-1,0,0,-1,0,-1,0,0
3212,0,-1,1,0,0,-1,0,0,0,0,0,1,-1,0,0,0,0,1,0,0,0,0,0,0,0,0,-1,-1,-1,0,0,1,1,0,0,0,-1,1,0,0,1,-1,0,1,0,0,-1,1,1,0,0,-1,0,1,0,0,0,0,0,0,0,-1,0,-1
3213,0,0,1,0,0,0,0,-1,0,-1,0,0,0,0,-1,0,0,0,0,0,0,0,0,0,0,0,0,-1,0,0,0,0,0,1,-1,0,1,-1,0,0,0,0,1,0,1,1,0,0,0,1,1,-1,0,0,0,0,0,-1,0,-1,-1,0,0,0
3214,1,1,1,0,0,-1,0,0,0,-1,0,0,0,0,0,0,0,0,1,0,0,0,0,0,1,0,0,0,0,1,0,0,0,-1,0,-1,1,-1,1,0,0,-1,0,0,0,1,0,0,0,0,-1,0,1,-1,0,0,1,0,0,-1,0,0,-1,-1
3215,0,0,-1,0,0,-1,0,0,0,0,0,0,1,0,0,0,0,0,-1,0,0,0,0,0,-1,0,1,0,0,0,0,0,0,0,0,0,0,-1,-1,1,-1,0,0,0,0,0,1,-1,0,0,0,-1,-1,1,0,0,0,1,1,0,-1,0,0,0
3216,0,0,0,0,1,0,0,1,0,-1,0,-1,1,1,0,1,1,1,0,1,0,0,0,0,-1,-1,1,1,1,0,0,0,0,1,0,0,0,0,0,-1,1,0,1,-1,0,1,1,0,-1,0,-1,1,0,0,0,1,0,-1,0,0,0,-1,0,0
3217,1,0,0,0,0,0,1,0,0,0,0,-1,1,0,0,-1,0,0,0,1,0,0,0,0,1,0,-1,0,0,0,0,0,0,0,0,0,1,1,1,0,1,0,0,1,0,-1,0,0,0,0,0,-1,0,1,1,0,-1,0,0,0,1,-1,0,1
3218,0,-1,0,0,0,1,0,1,-1,0,0,0,0,0,0,1,0,0,-1,0,0,0,0,0,0,1,-1,0,-1,1,0,0,-1,0,0,0,0,0,0,1,-1,0,0,-1,0,0,0,1,0,0,0,0,0,-1,0,1,0,1,0,0,0,0,-1,0
3219,0,1,0,0,0,0,1,1,-1,0,0,-1,0,0,1,0,-1,0,0,0,1,-1,0,0,0,0,0,-1,0,1,0,1,0,0,0,0,0,0,0,0,0,0,1,-1,0,1,0,0,0,-1,1,0,0,0,-1,-1,1,0,-1,-1,-1,0,0,0
3220,-1,-1,0,1,0,0,-1,1,0,0,1,0,-1,0,0,1,0,0,-1,0,0,0,0,0,-1,1,0,0,0,0,0,0,0,0,1,0,0,-1,0,0,0,-1,0,1,0,0,0,1,0,0,-1,0,-1,-1,0,0,0,0,0,0,-1,-1,-1,0
3221,1,-1,0,-1,0,0,1,1,1,0,0,0,0,-1,-1,0,0,0,1,0,0,1,-1,0,0,-1,1,0,0,0,0,0,0,0,0,1,0,0,0,0,-1,-1,0,0,0,0,-1,1,0,0,-1,0,0,0,0,-1,0,1,1,0,0,0,0,-1
3222,0,0,-1,-1,0,0,0,0,0,0,1,-1,-1,-1,0,0,1,-1,0,0,0,0,-1,0,0,1,0,1,-1,0,0,0,0,1,0,-1,0,0,0,0,0,0,0,0,1,-1,0,-1,0,0,0,-1,0,0,0,-1,0,0,0,0,0,0,0,-1
3223,0,1,-1,-1,0,0,0,0,-1,-1,0,0,1,0,0,0,1,0,0,0,0,1,-1,1,0,0,0,0,0,0,0,1,0,1,-1,-1,0,0,0,-1,0,0,0,0,1,0,0,-1,0,-1,0,0,1,1,-1,0,0,0,0,0,-1,0,0,0
3224,0,0,-1,0,0,1,-1,1,0,0,0,0,0,0,1,1,1,0,0,0,-1,0,0,-1,1,1,0,0,1,0,-1,1,0,1,0,0,0,0,0,0,-1,-1,0,0,0,1,-1,0,0,0,-1,0,0,0,1,-1,0,1,0,-1,0,0,0,0
3225,0,0,-1,0,1,0,0,-1,0,0,0,-1,0,0,0,0,0,-1,0,0,1,-1,0,0,0,0,-1,0,-1,0,0,0,0,0,0,-1,-1,1,0,0,-1,-1,1,0,0,0,0,1,0,0,0,0,0,0,0,-1,0,0,-1,1,0,1,-1,-1
3226,0,0,1,0,0,0,1,1,0,0,0,0,0,1,-1,0,0,0,1,0,0,-1,0,0,0,0,0,1,0,1,0,0,0,0,0,0,1,0,0,0,1,1,0,-1,0,-1,0,0,0,0,0,0,0,0,0,0,0,0,0,1,-1,0,1,0
3227,0,-1,0,0,0,1,-1,0,0,1,0,1,0,-1,0,0,0,0,0,0,-1,0,0,0,0,0,1,0,0,0,0,0,0,0,0,0,1,-1,0,1,0,0,0,1,0,1,0,0,1,0,0,0,1,0,1,0,0,-1,1,0,0,1,0,1
3228,0,0,1,0,-1,0,0,0,-1,0,-1,0,1,0,0,0,0,1,0,0,-1,0,0,0,-1,0,1,1,0,1,0,0,1,0,0,0,0,0,0,0,0,1,-1,0,-1,0,1,1,0,1,0,0,-1,0,0,0,1,0,0,0,0,0,0,0
3229,-1,0,0,-1,0,1,-1,1,1,0,0,1,-1,-1,0,-1,0,-1,1,0,1,1,0,-1,0,0,0,1,0,1,-1,-1,1,0,0,0,0,0,0,0,0,0,1,0,0,0,0,0,0,0,-1,0,-1,0,0,0,0,-1,1,0,0,0,0,0
3230,0,0,0,0,0,0,-1,0,-1,1,1,-1,0,1,-1,0,-1,0,-1,0,0,1,0,0,0,1,0,0,0,0,0,0,0,-1,0,-1,0,0,1,1,-1,0,-1,0,0,1,0,1,0,-1,0,0,0,0,0,1,0,0,-1,-1,0,0,0,0
3231,-1,-1,-1,0,0,0,0,0,0,0,0,0,-1,0,0,0,0,0,0,0,-1,1,0,0,0,0,0,0,1,1,0,-1,0,1,0,0,0,0,0,0,0,0,-1,0,0,-1,0,-1,0,0,0,1,0,-1,0,1,0,0,0,-1,1,0,1,0
3232,-1,0,0,0,1,0,-1,0,0,1,0,0,1,0,1,0,-1,1,0,0,0,0,0,1,0,0,0,1,1,0,0,1,0,0,1,1,0,0,1,0,-1,-1,0,0,0,0,1,-1,0,0,0,0,0,0,0,0,0,0,0,0,0,-1,0,0
3233,0,0,0,0,1,0,0,0,0,0,-1,-1,0,0,0,1,0,1,0,0,1,0,-1,0,1,1,0,0,-1,0,1,-1,0,0,0,0,0,0,0,0,0,1,0,-1,1,0,0,-1,0,-1,0,0,0,0,0,0,0,1,0,0,0,0,-1,0
3234,0,-1,0,-1,0,0,0,1,-1,-1,0,0,1,-1,0,0,-1,-1,1,0,-1,0,0,0,0,0,0,0,0,0,0,1,0,0,0,0,1,-1,0,-1,0,0,0,1,-1,0,-1,0,-1,0,0,0,-1,0,1,0,0,1,0,0,0,0,0,0
3235,0,0,1,0,0,0,0,1,0,0,0,0,-1,0,-1,-1,0,0,0,-1,0,0,0,0,0,0,0,0,0,1,0,0,0,0,1,0,0,0,0,0,0,0,0,0,-1,-1,0,0,0,0,1,0,0,-1,1,0,-1,-1,0,0,0,0,0,0
3236,0,0,0,1,0,1,0,0,0,0,-1,0,0,1,0,1,0,0,0,0,0,0,0,-1,-1,0,0,0,-1,0,0,0,0,0,1,0,0,1,1,0,-1,0,0,0,1,0,-1,1,0,0,0,0,0,0,1,0,0,-1,1,-1,-1,-1,0,0
3237,0,0,-1,-1,0,-1,0,0,0,0,-1,1,-1,0,1,1,0,0,0,0,0,1,0,1,0,0,-1,0,1,0,1,0,-1,0,1,0,0,0,0,0,0,1,0,-1,0,0,0,1,-1,0,1,1,-1,0,0,0,0,0,1,0,-1,0,1,0
3238,0,-1,0,0,-1,0,0,0,0,0,0,0,0,0,-1,1,0,0,-1,1,0,1,0,1,0,0,0,1,-1,1,0,0,0,0,1,0,0,0,0,0,0,0,0,0,0,1,0,0,0,0,0,-1,0,0,1,-1,-1,1,0,0,1,-1,0,0
3239,1,0,0,1,0,0,0,-1,0,0,1,0,0,-1,1,0,0,0,0,0,-1,0,0,-1,0,-1,1,1,1,0,0,-1,-1,0,0,0,1,0,0,1,0,-1,0,-1,0,0,-1,0,1,0,-1,0,1,0,0,0,-1,-1,1,0,-1,0,-1,0
3240,0,0,0,-1,0,0,1,-1,0,1,0,-1,-1,0,0,0,-1,0,0,0,1,0,0,-1,0,1,0,-1,-1,0,1,0,0,0,1,1,0,-1,0,0,0,0,-1,1,1,-1,0,0,0,0,0,0,0,-1,-1,0,0,0,0,0,1,0,0,-1
3241,1,1,0,1,0,1,0,0,0,0,0,0,0,0,0,1,0,1,0,-1,-1,0,-1,0,0,0,0,0,-1,-1,0,0,-1,1,0,0,0,-1,1,-1,0,0,-1,0,1,1,0,0,-1,0,-1,0,0,0,0,-1,0,1,1,1,0,0,0,1
3242,0,0,0,1,-1,0,0,0,1,0,0,0,0,-1,0,0,0,1,1,0,0,1,0,-1,1,0,1,0,0,0,0,0,0,0,0,0,0,0,-1,0,0,0,0,0,0,-1,0,0,0,0,-1,0,0,0,0,0,-1,-1,-1,0,0,0,0,0
3243,-1,1,0,0,0,0,0,1,-1,0,0,0,1,-1,0,0,-1,0,-1,0,0,0,1,0,0,-1,0,0,0,0,0,0,0,0,0,0,0,0,0,0,1,-1,-1,0,0,0,0,0,0,0,-1,1,-1,0,-1,0,0,0,1,0,0,1,0,0
3244,1,0,0,-1,0,1,0,1,0,0,0,0,-1,0,0,1,0,0,0,0,-1,1,0,-1,-1,0,0,1,-1,0,0,0,0,0,0,1,0,-1,0,-1,-1,0,0,0,0,0,0,0,0,-1,1,-1,0,0,-1,1,0,0,0,-1,0,0,0,0
3245,0,0,1,0,0,0,1,0,0,1,0,0,-1,1,-1,0,-1,0,0,0,-1,1,0,-1,0,0,0,0,0,0,0,0,-1,0,0,0,0,0,0,0,0,0,1,1,0,0,0,-1,0,1,0,0,0,0,0,0,0,0,1,0,0,0,0,1
3246,0,0,1,0,0,0,0,0,-1,0,0,1,0,0,-1,0,0,1,-1,0,-1,0,0,0,0,0,0,-1,1,1,-1,0,0,0,0,0,1,-1,0,0,0,0,-1,0,0,-1,1,0,1,0,0,0,0,0,1,1,0,0,0,1,0,0,0,0
3247,0,0,0,0,0,-1,0,0,1,0,0,0,0,-1,0,0,0,0,0,0,0,-1,0,-1,0,0,0,0,1,0,-1,1,1,0,0,0,0,1,1,-1,1,0,0,1,0,0,1,0,-1,0,0,0,1,0,-1,0,0,1,-1,-1,0,0,-1,-1
3248,0,1,0,0,1,1,0,0,0,-1,0,0,-1,1,0,0,0,0,0,1,0,-1,0,1,0,-1,0,0,0,0,0,0,1,0,0,0,1,0,0,0,1,0,0,0,0,1,-1,0,0,-1,0,0,0,0,0,-1,0,0,0,1,-1,0,-1,0
3249,0,1,0,0,0,1,0,0,0,1,0,0,0,0,-1,0,0,-1,0,0,-1,1,-1,0,0,0,0,1,-1,1,1,0,0,0,0,0,0,0,0,0,0,0,0,-1,0,0,-1,0,-1,0,0,0,0,0,1,0,0,-1,-1,0,0,0,0,-1
3250,0,0,-1,0,0,-1,-1,1,-1,0,-1,0,1,0,0,1,-1,0,0,0,0,0,0,0,0,0,0,1,0,0,0,0,0,-1,0,0,-1,0,0,-1,0,0,0,0,0,-1,0,0,0,0,0,0,0,-1,0,0,0,-1,-1,0,-1,0,0,0
3251,0,1,0,1,0,1,-1,0,0,0,0,1,0,0,0,0,-1,1,-1,0,0,0,0,0,0,0,0,0,0,1,0,0,0,-1,-1,0,-1,0,0,0,1,0,0,0,0,-1,0,0,0,0,0,0,1,0,0,1,0,0,0,0,1,0,0,0
3252,0,0,0,0,0,-1,-1,0,-1,-1,0,0,1,0,0,0,0,0,0,-1,1,0,1,0,1,0,0,0,0,-1,-1,0,0,0,-1,1,0,0,1,0,-1,0,0,0,0,0,-1,0,-1,0,0,0,0,0,0,-1,0,0,0,0,0,0,0,0
3253,0,1,1,1,1,0,-1,0,0,0,0,1,-1,0,0,1,0,0,0,0,0,1,-1,0,0,0,0,0,0,1,0,0,0,0,0,1,0,0,0,0,0,0,1,0,-1,0,0,0,0,1,0,1,0,0,0,0,-1,1,0,0,1,0,0,1
3254,0,0,0,0,-1,1,1,0,0,-1,-1,0,0,0,1,0,0,0,0,-1,0,0,0,1,0,-1,1,0,0,1,0,0,0,0,-1,0,-1,0,0,-1,-1,0,0,1,1,0,1,0,0,1,0,-1,1,0,0,0,0,1,1,0,0,-1,0,0
3255,0,1,0,-1,0,0,0,0,1,1,0,0,0,0,0,0,0,0,0,-1,0,0,0,0,0,0,0,0,-1,0,0,1,1,0,-1,0,0,0,-1,0,0,1,0,0,1,0,0,1,1,0,0,0,0,0,-1,1,0,0,0,0,1,0,0,1
3256,0,-1,1,0,-1,1,1,0,0,-1,1,0,-1,0,1,0,0,0,-1,0,0,1,0,0,0,0,0,1,-1,0,0,0,1,1,0,0,0,0,-1,0,0,0,0,0,-1,1,0,0,1,-1,0,1,-1,0,-1,-1,0,1,0,0,0,-1,0,0
3257,0,-1,0,0,0,-1,-1,0,0,0,-1,0,0,0,1,-1,0,0,0,0,-1,0,0,0,0,0,0,0,0,0,-1,0,0,1,0,0,1,-1,0,-1,0,-1,0,1,-1,0,1,0,1,0,0,-1,0,1,0,0,0,0,0,-1,0,0,-1,-1
3258,1,-1,0,0,0,0,-1,0,1,0,-1,-1,-1,0,-1,1,0,1,1,-1,0,0,0,0,0,0,-1,0,1,1,0,-1,0,0,0,-1,0,0,0,1,0,0,-1,0,-1,-1,1,0,0,0,0,-1,1,0,0,1,-1,0,0,-1,-1,1,0,-1
3259,1,0,1,0,0,0,0,1,-1,0,0,-1,-1,0,0,0,0,0,0,-1,0,0,0,0,0,0,0,0,1,0,1,-1,1,0,0,0,0,0,0,0,0,0,0,0,-1,1,0,0,-1,1,0,-1,1,0,0,0,-1,1,0,0,-1,1,0,0
3260,-1,0,-1,0,0,0,1,1,0,0,0,0,0,0,0,0,-1,0,0,0,0,1,1,1,1,0,0,-1,1,0,0,0,0,1,0,0,0,1,1,0,0,0,0,0,0,0,1,0,0,0,0,0,0,1,-1,1,0,0,-1,1,0,1,-1,0
3261,0,0,0,0,0,0,-1,-1,0,0,0,0,-1,0,0,-1,0,0,0,0,0,0,-1,0,0,0,0,-1,-1,0,0,0,0,0,-1,0,0,0,0,0,-1,0,0,0,0,-1,0,0,0,0,0,1,-1,-1,0,-1,1,0,-1,-1,0,1,0,0
3262,-1,0,-1,0,0,-1,0,0,1,0,0,0,-1,0,0,0,0,1,-1,1,-1,0,1,0,0,-1,-1,0,0,0,0,0,0,0,0,0,0,0,0,0,0,0,0,-1,-1,0,-1,0,0,-1,0,0,0,0,0,0,0,1,-1,0,1,1,0,0
3263,0,0,0,0,0,0,0,0,0,0,-1,-1,0,-1,-1,0,0,0,0,0,0,0,0,0,0,0,1,1,0,-1,0,1,-1,-1,0,1,0,0,0,0,0,1,0,0,0,0,0,0,1,-1,0,0,0,-1,0,1,-1,0,1,1,0,0,0,0
3264,0,0,0,-1,0,0,0,0,-1,0,0,0,1,0,-1,0,0,0,0,0,1,1,1,-1,1,0,-1,0,1,0,0,0,-1,0,0,0,1,0,1,0,0,1,0,-1,1,0,0,0,1,0,0,-1,0,-1,0,0,-1,0,0,0,1,0,0,0
3265,-1,0,-1,1,0,-1,1,0,0,0,0,0,0,0,0,0,1,1,0,1,-1,0,1,0,-1,0,0,0,0,-1,-1,0,-1,0,0,1,0,0,0,1,1,1,0,0,1,0,0,0,0,0,0,0,0,0,0,0,-1,0,0,-1,0,0,1,1
3266,1,0,0,1,0,0,0,-1,-1,0,1,-1,0,1,0,0,-1,0,0,0,-1,-1,0,-1,0,0,0,0,0,0,1,0,0,-1,0,0,0,0,1,0,-1,0,0,0,0,0,-1,0,1,0,0,-1,0,0,0,1,0,0,0,0,0,1,0,0
3267,0,0,-1,0,0,1,0,0,1,0,0,1,-1,0,0,1,0,0,-1,1,0,1,1,0,0,0,-1,0,0,0,0,0,0,0,-1,-1,0,0,-1,0,0,0,0,0,1,0,0,0,0,0,0,-1,0,1,1,1,0,-1,0,0,1,1,1,0
3268,1,1,0,-1,1,1,0,1,0,0,-1,0,0,0,0,0,1,0,0,1,0,0,0,0,0,0,0,1,-1,0,0,-1,-1,0,-1,0,0,-1,0,0,0,0,0,-1,1,0,0,1,0,0,0,0,-1,0,1,1,0,0,-1,1,1,0,0,0
3269,0,0,-1,0,1,0,0,0,0,0,1,0,0,0,1,0,0,0,0,0,0,0,0,0,0,0,0,0,0,0,0,-1,0,-1,-1,-1,0,0,0,-1,0,-1,0,0,1,1,-1,-1,-1,0,0,0,1,0,0,0,0,0,0,0,0,1,0,0
3270,0,0,1,0,0,0,0,1,0,-1,0,0,-1,0,0,-1,0,-1,0,0,0,0,1,1,0,0,1,0,0,0,1,0,0,0,0,0,-1,0,0,0,0,0,0,1,0,0,-1,0,0,0,0,-1,0,0,0,0,0,-1,0,0,0,1,0,1
3271,1,-1,0,0,-1,-1,0,0,0,1,1,0,0,0,0,-1,1,0,-1,-1,0,0,0,0,0,0,0,-1,0,-1,0,-1,0,0,-1,0,-1,1,0,-1,1,0,0,-1,1,1,0,1,1,0,-1,0,0,1,0,0,0,0,0,0,0,0,0,0
3272,-1,0,0,-1,0,0,0,1,1,0,0,0,0,0,0,0,0,0,0,0,1,-1,0,-1,-1,1,-1,-1,1,0,0,0,0,0,-1,1,0,0,0,1,0,0,0,-1,1,0,0,0,-1,0,-1,0,-1,1,0,0,-1,1,0,0,0,0,-1,-1
3273,-1,0,1,0,1,0,-1,0,0,0,0,-1,0,1,0,0,0,1,0,1,-1,1,-1,-1,0,-1,0,1,0,0,0,-1,0,-1,0,0,0,0,-1,0,0,0,0,0,0,1,0,-1,1,0,0,0,1,-1,0,0,-1,0,0,1,0,1,-1,0
3274,1,1,0,-1,0,-1,0,1,0,-1,-1,1,0,0,0,0,0,0,1,0,-1,-1,0,0,0,1,1,0,0,1,-1,0,0,0,0,0,0,0,0,1,0,-1,0,0,0,1,1,1,1,0,0,0,0,-1,0,-1,0,1,0,-1,-1,0,0,0
3275,0,0,-1,1,0,0,1,0,0,0,0,0,-1,0,-1,0,0,0,0,0,0,1,1,0,1,0,1,-1,0,0,-1,0,-1,-1,0,-1,0,0,0,1,0,1,1,1,0,0,0,0,0,-1,0,0,0,0,0,0,0,1,0,0,0,-1,0,0
3276,0,0,0,-1,1,0,-1,1,0,0,0,-1,0,0,-1,0,0,0,0,0,-1,0,0,0,0,0,-1,0,0,-1,0,1,-1,0,-1,0,-1,1,0,0,0,0,0,0,-1,0,-1,0,1,0,0,0,0,1,0,0,0,0,0,-1,-1,1,-1,0
3277,0,0,0,0,1,1,0,1,0,-1,0,0,0,1,0,0,0,0,0,0,-1,0,1,0,-1,0,0,-1,0,1,0,0,-1,0,0,-1,0,-1,-1,0,1,0,0,0,0,0,0,-1,-1,1,1,0,0,0,0,1,1,-1,0,0,1,0,0,0
3278,0,0,0,0,0,0,1,0,0,0,1,1,1,0,0,-1,0,-1,0,0,-1,0,0,0,0,0,1,0,1,0,0,0,0,0,0,-1,1,0,0,0,0,-1,1,0,0,-1,-1,0,0,-1,0,1,1,0,0,0,-1,0,0,1,0,-1,0,0
3279,0,0,0,1,0,1,1,0,1,0,-1,-1,1,0,0,0,-1,0,0,1,-1,0,0,0,0,-1,0,0,0,0,0,0,0,1,0,1,1,1,0,0,0,-1,0,-1,-1,0,1,-1,0,1,-1,0,-1,0,0,1,0,0,0,0,-1,0,1,1
3280,0,0,-1,0,0,1,1,0,0,1,0,0,0,-1,0,-1,-1,0,0,0,0,0,0,0,1,0,0,0,0,0,0,0,0,0,0,0,0,0,0,0,0,0,1,0,0,-1,0,1,0,0,-1,0,0,-1,1,0,0,1,0,-1,0,-1,0,0
3281,-1,0,-1,0,0,1,1,1,0,0,0,0,0,0,1,1,0,1,0,1,0,-1,0,1,0,0,0,0,0,0,0,0,0,0,1,0,1,0,0,-1,-1,1,0,0,0,-1,0,0,0,0,1,0,0,0,0,0,0,1,0,0,0,0,1,0
3282,0,0,0,-1,-1,0,0,-1,0,-1,0,0,1,0,1,0,-1,-1,1,-1,1,0,0,0,1,-1,0,0,-1,0,0,0,1,0,1,-1,-1,0,1,-1,1,-1,0,0,0,0,-1,-1,0,0,0,1,0,-1,1,0,0,0,0,0,0,0,0,0
3283,0,1,0,0,0,0,1,-1,0,0,0,0,-1,0,0,0,0,1,0,1,0,0,0,0,0,-1,0,0,0,-1,0,0,0,1,0,0,1,0,-1,0,0,-1,0,-1,0,0,0,0,0,0,-1,0,1,0,0,0,0,0,0,0,-1,-1,-1,0
3284,0,1,0,1,0,0,0,0,0,1,0,0,-1,-1,1,1,0,-1,1,0,1,0,1,0,0,-1,0,0,0,0,0,-1,0,1,0,1,0,0,0,0,0,-1,1,0,0,0,0,0,-1,-1,0,0,0,0,0,1,1,-1,-1,1,0,0,-1,1
3285,0,-1,-1,1,1,0,0,-1,0,0,0,0,0,-1,0,0,0,0,-1,-1,1,-1,1,0,0,-1,1,-1,0,1,0,-1,-1,0,-1,0,1,1,-1,0,0,1,0,0,1,-1,1,0,0,1,0,0,0,-1,0,0,1,-1,0,1,0,1,1,0
3286,-1,1,0,0,-1,0,0,-1,-1,0,1,1,0,0,0,0,1,-1,0,0,0,0,0,0,0,0,-1,0,0,0,0,0,0,0,0,1,0,1,0,0,-1,-1,0,0,0,0,0,0,0,0,0,-1,0,0,0,1,0,1,0,-1,0,-1,0,0
3287,0,1,0,1,-1,0,1,0,0,1,0,0,0,0,0,0,-1,0,-1,0,0,0,-1,0,-1,0,0,0,0,0,1,1,1,-1,0,1,0,-1,0,1,1,1,0,0,0,0,0,0,0,0,0,1,1,-1,0,0,0,0,-1,0,-1,1,-1,-1
3288,0,0,0,-1,0,1,0,1,0,0,1,1,1,1,0,0,0,1,0,0,0,0,1,0,0,0,0,1,-1,1,-1,1,-1,0,1,0,0,1,-1,0,-1,0,0,0,1,0,1,0,0,-1,-1,1,0,0,1,0,0,1,-1,0,0,1,1,0
3289,0,0,0,0,0,1,0,0,-1,0,0,0,0,0,0,-1,0,0,0,0,-1,-1,0,0,0,0,-1,0,0,-1,0,0,0,0,0,0,0,0,1,0,1,0,1,0,0,-1,0,0,-1,0,0,1,0,0,1,1,1,0,0,0,-1,0,1,-1
3290,1,1,0,0,0,0,0,-1,0,-1,0,0,0,1,0,0,0,0,-1,-1,0,0,0,0,1,0,0,0,0,0,0,-1,-1,1,-1,0,0,0,0,0,0,0,-1,0,0,0,0,0,0,0,0,0,-1,-1,-1,0,1,0,1,0,1,0,-1,-1
3291,0,0,-1,0,0,-1,-1,0,1,-1,1,0,1,-1,0,0,0,1,0,0,0,-1,0,0,0,-1,0,0,1,0,0,0,-1,0,0,0,-1,0,0,-1,0,1,0,0,0,0,0,-1,1,1,0,-1,0,0,-1,0,0,0,0,0,0,0,0,-1
3292,0,0,0,0,-1,0,0,1,0,0,0,0,0,0,0,1,0,0,0,0,0,0,0,1,1,0,0,-1,-1,0,1,0,-1,0,0,0,1,0,0,-1,-1,0,1,0,0,0,0,1,0,0,0,-1,0,0,-1,1,0,1,0,0,0,-1,0,0
3293,-1,1,0,0,-1,0,1,0,0,0,0,0,-1,-1,1,0,0,1,0,0,0,0,0,0,0,0,0,0,1,0,0,0,1,-1,-1,0,-1,0,-1,-1,1,1,1,0,0,1,0,0,0,0,-1,1,1,0,0,0,0,0,1,0,0,0,0,0
3294,1,1,0,1,1,0,-1,-1,0,0,0,0,0,0,1,1,-1,0,0,0,0,0,0,0,0,0,0,0,0,0,0,1,0,0,1,1,-1,0,0,0,1,-1,0,0,0,0,0,1,0,0,1,1,0,0,-1,1,0,0,0,1,1,0,0,0
3295,-1,0,0,0,0,0,0,-1,0,0,-1,0,0,0,1,0,-1,0,0,0,0,0,0,0,0,0,0,0,0,0,0,0,0,-1,0,0,0,1,1,0,0,0,0,-1,0,1,-1,0,0,0,1,1,-1,-1,0,0,1,0,1,0,1,1,0,0
3296,1,0,0,0,-1,-1,0,0,0,1,0,0,0,0,0,-1,0,0,0,0,0,0,0,0,1,0,0,0,1,1,1,0,1,0,0,-1,0,-1,0,1,0,0,1,0,0,0,0,0,0,0,0,0,0,1,0,0,0,0,1,-1,-1,-1,-1,-1
3297,0,-1,0,1,-1,0,0,-1,1,0,0,0,1,0,0,0,0,-1,0,0,0,0,0,0,1,-1,1,0,0,0,-1,1,0,0,1,-1,0,0,1,0,0,1,1,0,1,0,0,-1,0,0,0,0,0,-1,0,0,0,-1,-1,0,1,0,1,-1
3298,-1,0,0,-1,0,0,0,-1,0,1,0,0,0,0,0,1,0,0,0,1,0,1,1,0,0,0,0,0,0,0,0,0,0,0,-1,0,0,1,0,0,0,0,1,0,-1,0,0,0,0,1,0,1,0,1,-1,-1,0,0,0,0,0,1,1,0
3299,-1,0,0,0,0,0,0,-1,0,0,-1,0,0,0,1,0,0,0,-1,0,0,-1,1,-1,0,1,0,0,0,0,1,-1,0,-1,0,0,0,0,0,0,-1,0,0,0,1,0,0,0,-1,1,0,1,1,0,0,0,0,1,-1,-1,0,1,0,0
3300,-1,0,0,-1,0,1,1,0,1,-1,0,0,0,0,0,0,0,-1,1,0,0,0,0,1,0,-1,1,-1,0,0,0,0,-1,0,0,0,0,0,0,0,0,-1,0,0,0,0,-1,1,0,0,1,0,1,0,1,-1,0,0,1,-1,0,1,0,0
3301,0,0,1,1,0,0,0,0,0,0,0,1,0,0,0,0,0,-1,-1,-1,0,0,0,1,0,0,0,0,0,0,-1,0,1,0,0,1,0,0,0,0,-1,0,0,0,-1,1,0,-1,0,0,-1,1,0,0,0,0,0,0,0,0,-1,0,0,0
3302,-1,0,1,0,0,0,0,0,0,0,0,0,-1,0,0,0,0,-1,0,0,0,0,0,0,1,0,0,0,-1,0,0,0,0,0,-1,1,1,0,0,0,0,0,-1,1,0,0,0,0,1,0,1,0,0,0,0,0,-1,1,0,0,-1,0,0,0
3303,-1,0,0,0,0,-1,-1,0,0,0,0,-1,1,0,0,0,0,0,-1,0,0,-1,0,-1,0,-1,-1,0,0,-1,-1,0,0,1,0,0,0,0,0,-1,0,0,1,0,-1,0,-1,0,1,-1,1,0,0,0,0,0,0,-1,-1,0,0,-1,1,0
3304,0,-1,0,0,0,0,-1,0,-1,1,0,0,1,0,0,-1,-1,0,0,0,0,0,-1,0,1,0,0,0,0,0,0,0,0,0,1,1,-1,0,0,-1,-1,1,0,0,0,1,0,0,0,0,0,0,0,0,-1,0,0,0,0,-1,1,0,1,0
3305,0,0,1,-1,0,0,0,0,0,0,0,0,0,0,0,1,0,0,0,-1,0,-1,0,0,0,0,-1,0,1,-1,1,-1,0,1,0,0,0,0,0,1,0,1,0,-1,1,1,1,0,-1,0,0,0,0,0,1,1,0,0,-1,0,-1,0,0,0
3306,0,0,1,-1,0,1,-1,0,0,0,0,0,0,0,0,0,0,-1,1,-1,1,0,-1,0,0,0,0,0,0,0,0,0,0,0,0,1,0,0,0,0,0,1,0,0,0,0,0,1,-1,0,-1,0,0,0,1,0,0,-1,0,0,0,0,0,0
3307,0,-1,-1,0,1,0,0,1,0,1,0,0,0,0,0,-1,0,0,-1,1,1,1,0,-1,0,-1,1,0,0,1,0,0,0,1,0,1,1,1,0,-1,0,0,1,1,0,0,0,0,0,1,0,0,-1,0,0,0,0,0,0,0,0,0,0,0
3308,1,-1,-1,0,0,1,0,0,0,0,0,-1,0,0,-1,1,0,0,1,0,0,0,0,0,-1,0,1,0,0,0,1,1,-1,0,0,1,1,0,0,0,-1,0,0,-1,0,0,0,0,0,-1,0,0,0,0,0,0,1,0,1,-1,0,0,0,-1
3309,0,0,0,1,0,0,0,0,0,1,0,0,0,1,-1,0,-1,-1,0,0,1,0,-1,-1,0,1,0,-1,0,0,0,0,0,1,0,0,1,0,-1,0,0,-1,0,0,0,0,1,1,0,0,0,0,1,0,0,0,0,0,0,0,0,0,0,0
3310,0,0,0,-1,0,0,0,1,0,0,0,1,0,1,0,0,-1,0,0,0,-1,0,0,1,0,0,-1,0,1,1,1,0,0,0,1,0,0,-1,-1,-1,0,0,-1,0,0,-1,0,0,1,0,0,0,0,0,0,0,0,-1,1,0,-1,1,1,0
3311,-1,1,1,0,0,0,0,0,0,0,-1,0,0,1,-1,1,0,0,-1,0,0,1,0,1,0,0,1,1,0,0,0,0,0,0,0,-1,0,1,-1,-1,-1,0,0,1,0,0,0,0,0,0,0,-1,0,0,0,1,0,0,0,0,0,0,0,0
3312,0,0,0,1,0,0,0,0,0,1,1,1,0,1,0,0,1,0,0,0,1,0,0,-1,-1,0,1,1,-1,-1,0,1,1,1,0,0,0,1,1,0,0,1,0,0,0,1,0,-1,0,0,0,1,1,-1,-1,0,0,-1,-1,1,0,0,-1,0
3313,0,0,0,-1,1,1,0,-1,-1,0,0,-1,0,0,-1,0,1,0,-1,-1,0,0,0,1,0,0,1,0,0,0,0,-1,0,0,0,0,0,0,0,0,0,0,1,-1,0,-1,0,0,0,1,1,1,-1,-1,0,-1,0,0,0,-1,0,-1,0,0
3314,-1,0,0,0,0,0,0,-1,0,-1,0,0,1,0,0,-1,1,0,0,0,0,0,0,0,0,1,0,1,1,0,-1,-1,0,0,0,0,0,0,1,0,1,-1,0,0,-1,0,-1,0,0,0,0,0,0,0,0,-1,0,-1,0,0,1,1,1,0
3315,0,0,0,0,-1,-1,0,1,1,-1,-1,0,-1,0,0,1,1,0,1,0,0,0,0,0,0,-1,0,1,0,1,-1,0,0,0,-1,0,0,0,0,0,1,0,1,-1,0,1,0,0,0,1,0,0,0,0,-1,1,0,0,-1,0,-1,0,0,-1
3316,-1,0,0,-1,-1,-1,0,-1,0,0,-1,-1,0,-1,0,0,0,0,-1,0,0,0,0,0,0,0,0,0,0,1,0,-1,0,1,0,0,0,1,1,1,0,0,0,1,1,0,0,1,1,0,-1,0,0,0,0,-1,0,0,0,0,0,-1,0,0
3317,0,0,0,0,1,-1,-1,-1,-1,1,0,0,1,0,0,0,0,0,0,1,-1,-1,0,0,0,0,0,0,-1,0,1,0,-1,0,0,0,0,0,0,0,0,0,0,0,1,0,-1,1,0,-1,0,0,0,0,-1,0,-1,0,0,0,0,0,0,0
3318,0,-1,-1,0,0,0,-1,0,0,0,0,1,0,1,-1,-1,0,1,-1,1,0,-1,1,1,0,0,0,0,0,0,0,0,0,-1,1,0,-1,1,0,0,0,0,0,1,-1,0,0,0,-1,0,0,0,0,0,1,0,0,-1,0,0,0,0,0,-1
3319,-1,0,-1,1,1,0,0,0,1,0,0,-1,0,0,1,0,1,0,0,0,0,0,0,-1,0,0,1,1,0,0,0,0,0,0,0,0,1,0,-1,-1,0,0,0,1,0,1,1,1,0,0,0,0,0,-1,0,0,0,0,0,0,0,0,0,0
3320,0,0,1,-1,-1,0,0,-1,1,0,0,0,-1,-1,0,0,0,0,0,0,1,0,0,0,0,-1,0,0,0,0,0,1,1,0,0,1,0,0,0,0,0,1,1,1,1,0,0,0,1,1,0,-1,-1,1,1,0,0,-1,0,0,1,0,0,-1
3321,1,0,0,0,0,0,0,0,0,0,0,1,0,-1,-1,1,0,-1,0,0,1,0,0,0,0,0,0,0,1,-1,0,0,0,0,0,0,-1,0,0,0,0,1,1,-1,0,0,0,1,-1,-1,0,0,0,-1,0,0,0,1,-1,0,-1,0,1,1
3322,-1,1,0,0,1,0,0,0,0,-1,0,0,0,0,0,0,1,-1,1,-1,0,0,1,1,-1,0,0,1,-1,0,0,0,0,-1,0,0,-1,-1,-1,1,-1,1,0,0,-1,0,0,-1,0,0,0,-1,-1,0,1,0,0,-1,0,-1,0,0,0,1
3323,-1,0,1,0,0,0,0,0,-1,0,0,0,0,1,1,-1,0,0,0,0,0,0,0,0,1,0,0,0,-1,1,-1,0,-1,0,0,0,-1,0,0,0,0,0,1,0,0,0,0,0,0,0,0,0,0,1,-1,0,0,0,1,1,0,0,0,0
3324,0,0,-1,0,0,0,-1,1,0,-1,0,0,0,-1,1,0,0,0,0,0,-1,0,-1,0,-1,0,1,0,1,0,-1,1,1,0,-1,0,0,0,-1,1,0,0,1,-1,0,1,0,0,1,0,0,0,1,0,0,0,0,0,0,0,0,0,0,0
3325,0,0,0,1,0,0,0,-1,-1,0,-1,0,-1,0,0,0,-1,1,0,-1,0,0,-1,0,0,0,0,0,0,0,0,-1,1,0,-1,0,1,0,0,1,0,-1,1,0,1,-1,-1,1,0,-1,-1,-1,0,-1,0,0,1,-1,0,-1,0,-1,0,0
3326,0,0,1,0,0,0,0,-1,0,0,0,1,0,0,-1,0,-1,0,1,0,-1,0,0,0,0,1,0,0,1,0,-1,0,1,0,0,-1,0,0,0,0,0,-1,0,1,0,0,0,0,-1,0,1,0,0,-1,0,0,0,0,0,0,0,0,-1,0
3327,0,0,0,0,0,0,1,0,0,0,0,0,0,0,0,1,0,-1,0,1,0,0,0,0,1,0,0,-1,0,0,0,0,0,-1,1,0,0,0,1,0,1,0,0,0,-1,0,0,-1,-1,-1,0,0,0,-1,-1,0,0,-1,0,0,0,0,1,-1
3328,0,1,0,1,-1,0,0,0,0,0,1,0,0,0,0,0,1,-1,-1,0,0,1,0,0,-1,1,1,1,-1,0,0,0,0,0,0,0,0,0,0,1,0,0,-1,0,1,0,-1,-1,0,1,0,0,1,0,0,1,0,0,0,0,1,1,0,0
3329,0,0,0,0,0,0,0,-1,1,0,1,0,0,0,0,-1,0,0,0,1,0,1,1,0,-1,0,-1,0,0,0,-1,0,0,0,-1,0,0,0,0,-1,1,0,0,-1,1,0,0,-1,0,0,1,0,0,0,0,0,0,0,0,-1,0,0,0,-1
3330,0,0,0,1,0,0,0,0,0,0,0,1,-1,0,1,0,1,-1,1,0,1,0,-1,0,0,0,1,1,1,1,1,0,-1,1,0,-1,0,1,0,0,1,1,0,0,0,0,0,0,0,0,-1,0,1,0,1,0,0,-1,1,0,1,0,0,1
3331,0,0,0,0,0,0,0,0,-1,0,1,0,1,1,1,1,0,0,0,1,0,0,-1,0,0,0,0,-1,-1,-1,-1,0,0,0,1,1,0,0,1,0,-1,0,-1,0,0,1,0,0,1,-1,0,0,0,1,1,0,0,-1,0,0,0,0,0,1
3332,0,0,0,0,0,0,0,-1,0,0,-1,0,0,1,0,0,0,1,-1,0,1,-1,0,0,-1,0,0,0,-1,-1,1,0,0,0,0,0,-1,0,-1,1,0,0,0,0,0,0,0,0,0,1,0,1,-1,-1,0,0,0,0,-1,0,-1,0,0,0
3333,0,0,0,0,0,0,1,-1,0,0,0,0,0,0,0,1,0,0,1,0,0,1,1,0,0,0,0,0,0,0,0,0,1,0,1,0,0,0,0,-1,0,-1,0,0,0,0,-1,0,1,1,0,0,0,-1,0,1,1,1,1,0,0,0,1,-1
3334,0,0,0,0,0,0,0,-1,-1,0,0,0,-1,0,0,1,0,0,0,1,-1,0,1,0,1,0,0,-1,0,0,-1,-1,0,-1,-1,0,0,0,0,0,0,-1,0,0,0,1,-1,0,0,-1,0,0,0,0,0,1,0,0,0,0,0,1,0,-1
3335,0,-1,0,0,1,0,-1,1,0,0,0,0,0,0,0,0,0,0,1,1,0,-1,0,0,-1,0,1,1,0,0,1,0,0,0,0,0,-1,0,0,-1,0,-1,1,1,0,0,0,0,0,0,-1,1,0,0,0,0,1,0,-1,-1,0,0,0,-1
3336,-1,-1,1,-1,0,0,0,0,0,0,0,0,1,-1,0,0,0,0,0,0,-1,-1,0,0,-1,-1,0,0,0,0,-1,0,0,-1,0,0,0,0,0,0,0,-1,-1,0,0,0,1,-1,1,-1,-1,1,0,1,0,-1,-1,-1,0,-1,0,1,0,0
3337,0,1,0,0,1,-1,-1,0,1,-1,0,-1,0,1,1,0,0,-1,-1,0,0,0,-1,-1,0,1,0,0,0,0,1,0,0,0,0,0,0,0,0,0,0,0,0,-1,0,0,0,0,0,0,0,0,0,-1,1,0,0,-1,1,0,-1,0,0,0
3338,0,1,-1,0,0,0,-1,0,0,0,-1,0,1,0,0,-1,0,0,-1,0,0,0,0,0,0,1,-1,0,0,1,0,0,0,0,-1,0,0,0,-1,0,0,0,0,-1,0,0,0,0,0,0,1,0,0,0,1,0,0,0,0,0,-1,0,0,-1
3339,0,0,0,1,-1,0,0,0,0,0,0,0,0,0,1,0,1,1,0,0,0,-1,0,0,1,1,0,0,0,1,0,0,0,0,-1,1,1,0,0,0,0,-1,1,0,0,0,-1,0,1,1,0,0,0,0,0,0,0,0,0,0,0,0,0,0
3340,-1,0,0,1,0,0,0,0,0,0,0,1,1,0,-1,0,0,0,0,1,-1,1,0,0,0,0,0,0,0,0,0,0,0,0,0,1,0,0,0,0,1,0,0,0,0,1,1,0,1,-1,0,0,0,0,0,-1,0,0,0,1,0,-1,0,0
3341,0,0,0,0,0,0,0,-1,0,0,-1,0,1,1,0,0,-1,0,-1,0,0,0,0,1,1,0,0,0,0,1,0,0,0,0,0,-1,1,-1,0,0,0,0,1,1,0,0,0,0,1,0,0,0,0,0,0,0,0,-1,1,0,1,-1,0,0
3342,0,0,0,1,-1,0,0,0,0,0,0,1,0,0,0,0,1,0,0,0,0,1,0,1,0,-1,1,0,0,0,0,0,0,0,1,0,-1,-1,0,0,1,1,0,-1,0,0,-1,0,0,0,0,0,1,0,0,-1,1,-1,0,0,0,0,0,0
3343,0,0,-1,0,0,-1,0,1,1,-1,0,0,0,0,-1,-1,1,0,0,-1,-1,0,1,0,0,1,0,0,0,0,1,-1,-1,0,0,0,0,0,0,0,0,0,0,0,1,0,0,0,0,0,0,0,-1,0,0,0,-1,0,0,0,1,-1,-1,1
3344,1,0,0,0,0,0,0,0,-1,0,0,0,0,0,0,0,-1,0,0,0,0,1,0,0,0,0,1,1,0,1,1,0,0,0,0,0,1,1,-1,0,0,0,0,-1,1,0,0,0,0,0,0,-1,0,0,0,0,1,-1,0,0,0,0,1,1
3345,0,0,-1,-1,-1,0,0,-1,1,0,-1,0,1,0,-1,0,0,0,0,0,0,1,0,1,0,0,0,1,-1,0,1,0,0,0,-1,0,0,-1,0,0,1,-1,-1,0,-1,1,1,0,0,1,0,-1,0,0,1,0,0,-1,0,0,0,0,1,0
3346,1,0,0,0,0,0,0,0,0,1,0,0,0,0,0,0,0,1,1,0,-1,0,0,0,1,1,-1,0,0,-1,0,0,1,0,0,-1,-1,0,-1,0,1,-1,0,0,0,0,1,0,0,0,0,0,0,-1,0,0,1,0,0,-1,0,1,1,1
3347,0,0,0,0,0,-1,-1,0,0,-1,0,0,0,0,1,1,-1,0,0,-1,0,0,0,0,0,0,0,0,0,0,0,0,0,1,-1,-1,1,0,0,0,-1,0,0,0,0,0,0,1,-1,1,1,-1,0,0,0,0,0,0,0,-1,0,-1,1,1
3348,1,0,-1,0,0,-1,0,0,0,0,0,0,0,-1,0,0,1,0,0,1,0,0,0,0,-1,0,-1,-1,0,0,1,0,0,0,0,-1,0,0,0,1,0,1,-1,0,0,0,-1,0,-1,1,-1,1,0,-1,0,0,0,0,1,0,0,-1,0,-1
3349,0,0,0,-1,0,0,0,0,0,1,1,0,0,0,-1,0,0,1,0,0,0,0,-1,0,1,1,-1,0,-1,0,-1,0,0,-1,0,0,0,1,1,0,-1,-1,1,0,0,0,-1,0,0,0,-1,-1,0,0,0,0,0,0,-1,0,0,0,0,0
3350,0,0,0,0,-1,-1,0,0,0,0,0,0,-1,0,0,1,0,-1,-1,0,0,0,0,0,0,-1,0,-1,0,0,0,0,-1,0,0,0,0,0,0,-1,0,1,0,0,1,0,0,0,0,0,0,0,-1,-1,0,0,0,0,-1,-1,0,0,0,0
3351,1,1,1,0,0,0,0,0,0,-1,0,-1,1,1,-1,0,1,0,1,0,-1,0,1,0,1,0,0,-1,0,1,0,-1,0,0,0,0,0,0,-1,0,0,-1,0,0,0,0,0,0,0,0,-1,0,0,0,-1,1,0,0,1,0,0,0,0,0
3352,0,0,0,0,0,0,-1,0,0,-1,0,0,1,0,0,1,0,0,0,0,0,0,0,0,1,1,0,0,0,0,0,0,0,0,0,-1,1,0,0,1,0,-1,-1,0,0,1,1,0,0,0,0,0,0,0,0,0,0,-1,0,0,-1,0,0,0
3353,0,0,0,-1,0,-1,0,0,-1,0,0,0,0,0,0,-1,0,-1,1,0,0,1,0,0,0,1,0,0,0,-1,0,0,-1,-1,1,0,0,1,0,0,0,0,1,0,0,-1,0,0,0,0,-1,0,1,0,0,0,0,-1,-1,1,-1,0,0,0
3354,-1,0,1,0,0,-1,0,0,1,0,0,1,0,0,1,0,0,0,1,-1,0,0,0,1,0,0,-1,0,0,0,0,1,0,0,0,-1,0,0,1,0,0,0,0,0,-1,0,0,0,0,-1,0,1,0,0,0,-1,0,-1,0,1,0,0,0,0
3355,0,1,-1,0,0,1,0,0,-1,0,-1,0,0,0,0,0,0,0,0,0,0,0,0,0,0,0,0,0,0,-1,0,0,0,0,0,0,1,0,0,1,0,0,0,-1,-1,0,0,0,0,-1,0,-1,0,0,0,1,0,0,1,1,0,0,0,-1
3356,0,0,0,0,0,0,0,0,0,0,0,0,0,0,0,0,0,1,1,0,0,0,1,0,0,0,-1,-1,0,0,1,-1,0,-1,0,0,-1,1,0,0,0,0,0,0,-1,0,0,0,0,0,0,1,0,-1,0,0,0,0,1,0,0,0,1,0
3357,1,0,1,-1,0,0,0,-1,1,0,0,1,0,1,0,0,1,0,0,0,0,0,0,-1,0,-1,0,0,1,0,0,0,0,0,-1,-1,1,0,0,0,0,0,0,-1,-1,1,1,0,0,1,0,0,0,0,-1,-1,0,0,0,0,0,0,1,-1
3358,1,-1,0,-1,0,0,1,-1,0,0,0,0,1,0,0,0,0,-1,0,0,0,0,0,0,0,0,0,0,0,0,0,0,-1,0,1,1,-1,-1,0,0,0,1,-1,0,0,0,1,0,0,0,0,1,0,0,0,1,0,0,1,0,1,-1,0,0
3359,1,-1,-1,0,0,-1,-1,0,1,0,-1,0,0,1,1,-1,0,0,-1,-1,0,0,0,0,0,-1,0,0,1,-1,1,0,0,0,0,0,0,0,0,0,0,1,0,0,0,1,0,1,0,1,0,0,0,0,1,1,0,1,0,0,-1,1,0,0
3360,0,0,0,0,0,1,0,1,0,0,0,0,0,0,0,0,-1,0,0,1,0,1,0,0,0,0,0,0,1,0,0,-1,-1,0,0,0,0,1,1,0,0,0,0,0,0,0,0,0,0,0,1,-1,0,0,1,0,0,0,1,0,0,1,-1,0
3361,0,0,-1,0,-1,1,0,0,0,0,0,0,0,0,0,0,-1,-1,1,0,0,0,0,-1,0,1,0,1,0,0,0,0,0,0,-1,0,0,1,0,0,0,1,1,0,0,0,0,0,0,-1,0,0,1,-1,0,1,0,-1,0,0,0,0,1,0
3362,0,0,0,0,0,0,0,-1,1,-1,0,0,0,0,-1,0,1,0,0,0,1,0,0,0,0,0,0,0,-1,-1,0,1,0,0,0,0,0,0,0,0,0,0,0,0,1,0,1,1,-1,0,-1,0,-1,0,0,0,1,0,-1,0,0,0,-1,1
3363,-1,-1,0,1,-1,0,0,0,1,0,0,1,1,0,1,1,0,0,0,0,-1,1,-1,0,0,-1,0,0,-1,0,1,0,-1,0,0,0,-1,0,0,0,-1,0,0,0,1,0,0,0,0,0,0,1,-1,0,0,-1,0,0,0,0,-1,0,1,0
3364,1,0,0,0,0,-1,0,0,0,1,0,0,0,0,0,0,0,0,0,0,0,-1,0,0,0,0,1,0,0,0,0,-1,-1,1,0,0,0,-1,-1,-1,0,0,0,0,0,-1,0,0,-1,1,1,0,0,1,0,0,1,1,0,1,0,0,0,0
3365,0,1,0,0,0,-1,0,0,0,1,0,0,0,-1,0,0,-1,0,1,0,0,0,0,-1,0,-1,0,1,0,0,-1,0,1,0,-1,-1,0,0,0,0,0,0,0,1,0,0,0,0,0,-1,1,0,0,-1,0,-1,0,0,-1,0,-1,0,0,0
3366,0,0,0,0,0,0,0,0,0,0,0,0,0,0,0,1,-1,0,1,0,0,0,0,0,0,1,0,0,-1,0,0,-1,1,0,0,0,0,0,0,0,0,0,0,-1,0,-1,-1,0,-1,1,0,1,1,-1,0,0,0,0,0,0,0,0,0,0
3367,1,0,0,0,1,0,0,0,1,0,0,0,0,1,1,0,0,1,-1,-1,-1,0,-1,0,-1,0,0,-1,0,0,0,0,0,-1,0,0,0,0,0,0,-1,-1,1,0,0,0,1,0,0,-1,0,0,0,0,0,0,0,1,0,-1,0,0,1,1
3368,0,0,-1,0,0,1,0,0,1,0,0,1,0,0,0,-1,-1,1,0,0,0,0,0,0,0,1,1,0,0,0,0,-1,-1,1,0,1,0,1,0,0,0,0,0,0,0,0,0,0,0,0,0,0,-1,-1,1,0,1,0,0,0,-1,0,0,1
3369,0,0,0,1,0,0,-1,1,0,-1,0,-1,0,0,0,0,0,0,0,0,-1,0,0,0,0,0,-1,0,0,0,-1,0,-1,0,0,0,1,1,0,0,0,0,1,0,1,0,0,1,0,0,0,1,0,0,0,-1,0,0,-1,0,0,0,1,-1
3370,1,1,0,0,0,0,0,1,0,0,0,0,0,0,0,0,-1,1,0,0,0,0,0,-1,1,1,1,0,1,-1,0,1,0,0,1,0,0,-1,0,0,0,-1,0,0,0,-1,0,0,1,0,0,0,0,0,0,1,-1,0,0,0,0,0,1,-1
3371,0,0,0,-1,-1,0,-1,0,0,1,0,0,0,-1,0,0,-1,0,0,-1,1,0,0,-1,0,0,0,0,-1,0,0,0,1,0,-1,0,0,0,-1,0,0,0,1,0,-1,0,-1,0,0,0,1,0,0,0,-1,0,0,1,0,0,0,0,0,0
3372,1,1,0,-1,-1,-1,0,0,0,-1,0,1,0,0,0,0,0,0,1,-1,0,0,0,0,0,0,0,0,0,0,0,0,0,0,-1,0,0,0,1,0,0,0,0,0,0,1,1,0,0,0,-1,0,0,0,0,0,0,0,0,1,0,-1,0,0
3373,0,1,-1,0,0,0,0,-1,1,-1,1,0,-1,0,-1,0,0,1,0,0,0,0,0,0,0,-1,0,0,0,1,0,0,-1,0,0,0,0,0,0,-1,0,0,0,-1,1,0,1,0,0,0,0,0,1,0,-1,0,1,-1,0,0,1,1,0,-1
3374,0,0,0,-1,-1,0,0,0,0,0,0,0,0,0,-1,0,0,1,0,0,0,-1,0,1,0,1,0,0,-1,-1,0,0,0,0,0,-1,1,0,-1,0,0,0,0,-1,1,0,1,1,0,0,0,0,-1,0,0,1,-1,0,0,0,-1,0,0,0
3375,0,0,0,0,0,0,0,0,0,-1,0,-1,0,0,1,-1,0,0,1,0,0,0,1,0,-1,1,-1,0,0,0,0,-1,0,-1,0,0,-1,0,0,1,1,0,1,1,1,0,0,0,-1,0,-1,-1,1,0,0,0,0,-1,0,0,-1,0,0,0
3376,0,1,0,0,1,1,0,0,1,0,0,-1,0,-1,-1,0,0,0,0,0,1,-1,1,-1,1,1,0,0,0,1,0,-1,0,-1,0,0,0,0,0,1,1,0,0,0,0,0,1,0,0,0,0,0,0,0,0,0,0,0,1,0,0,0,-1,1
3377,0,0,0,0,-1,0,1,0,1,0,0,-1,1,-1,-1,0,1,1,0,-1,1,0,1,0,1,1,0,0,0,-1,0,0,0,1,1,1,-1,0,0,0,1,0,1,0,0,0,0,0,-1,0,0,0,0,0,0,-1,-1,0,0,0,1,0,1,0
3378,0,0,0,0,1,0,-1,0,0,1,0,1,0,0,-1,-1,-1,0,0,1,1,-1,0,-1,0,0,0,0,0,1,0,0,1,1,0,1,1,0,1,1,1,1,1,-1,1,0,0,-1,1,0,0,0,0,0,0,0,-1,0,-1,1,0,-1,0,1
3379,1,1,0,0,0,1,-1,0,0,-1,-1,0,0,0,0,0,0,0,0,0,-1,0,-1,0,0,0,0,0,1,0,0,0,0,0,0,-1,0,0,0,1,-1,0,0,0,-1,0,0,0,0,0,-1,0,-1,0,-1,0,0,0,-1,0,0,0,0,0
3380,0,0,0,0,0,0,0,0,1,0,0,1,0,-1,0,-1,0,0,0,0,-1,1,0,0,0,0,-1,0,0,-1,-1,-1,1,1,0,0,1,0,0,1,1,0,1,0,0,1,1,-1,1,-1,1,0,0,0,-1,0,0,0,0,1,-1,1,0,0
3381,0,1,-1,0,0,-1,0,0,0,0,0,1,1,-1,0,-1,0,0,0,0,0,-1,1,1,0,0,0,0,0,0,1,0,0,0,0,0,0,0,0,1,0,-1,-1,1,0,-1,0,0,0,0,0,1,-1,0,0,1,0,-1,0,0,-1,0,0,0
3382,0,0,0,0,0,0,0,-1,0,0,0,1,1,-1,0,0,0,1,0,-1,1,0,1,0,0,0,0,0,1,-1,0,0,0,0,1,0,0,0,-1,0,0,0,0,1,0,0,0,-1,0,0,-1,-1,1,0,1,0,0,0,0,-1,0,0,0,0
3383,0,1,0,0,1,0,-1,0,1,0,0,0,0,0,-1,0,0,0,1,0,1,-1,1,1,0,0,0,1,0,-1,-1,0,0,0,0,0,1,-1,-1,0,0,-1,0,-1,0,0,-1,-1,0,0,0,1,-1,0,0,0,0,0,0,0,0,0,0,0
3384,0,0,0,0,0,0,0,1,0,1,0,0,0,0,-1,-1,1,1,0,-1,0,0,0,0,-1,0,0,-1,1,-1,0,0,0,0,1,0,0,0,0,0,-1,0,1,0,0,-1,0,0,0,1,0,0,1,1,0,0,0,0,-1,0,-1,0,0,0
3385,0,1,0,0,-1,0,1,0,0,0,-1,-1,0,0,0,-1,0,0,1,0,0,-1,0,-1,0,1,0,1,1,0,0,0,0,0,1,0,0,0,0,0,0,1,-1,0,0,0,0,1,1,0,0,0,1,0,0,0,1,0,0,0,0,0,0,0
3386,-1,1,0,0,0,0,0,1,-1,0,1,0,0,0,0,0,0,1,0,0,0,0,0,0,0,0,0,0,0,0,-1,-1,0,0,0,0,0,0,0,0,-1,0,0,0,0,1,0,0,0,1,0,0,-1,0,-1,0,0,1,1,0,1,1,0,0
3387,1,0,0,0,1,0,0,0,0,-1,-1,0,0,-1,-1,0,-1,0,-1,0,0,0,0,0,0,0,0,0,0,-1,-1,-1,1,0,0,0,0,0,-1,0,0,0,1,0,0,0,-1,0,0,0,0,0,1,-1,0,0,0,0,1,0,-1,1,0,0
3388,0,0,1,0,0,0,0,0,0,-1,0,0,-1,-1,0,0,0,0,0,1,0,0,0,0,0,0,0,0,-1,1,0,0,0,0,1,0,1,0,-1,0,1,0,-1,0,0,0,0,0,-1,0,1,-1,-1,0,0,-1,0,0,1,-1,0,0,1,0
3389,0,1,0,1,0,1,-1,0,1,0,0,-1,0,0,-1,0,0,1,0,0,0,0,1,-1,-1,0,0,0,0,-1,0,0,0,0,1,0,0,0,-1,0,-1,0,0,0,1,0,-1,0,0,0,1,0,0,0,0,1,0,0,0,1,0,0,1,0
3390,0,0,0,1,0,0,1,0,0,-1,0,0,0,0,0,0,-1,0,0,0,-1,0,0,0,0,0,1,1,0,0,0,1,0,1,0,0,0,0,0,-1,1,0,0,0,0,0,1,0,-1,-1,-1,0,0,0,0,1,-1,0,0,0,0,0,-1,0
3391,0,1,0,0,1,0,0,0,0,0,-1,0,0,0,0,0,0,1,-1,0,-1,1,1,0,0,0,1,0,0,0,0,0,0,-1,0,-1,0,-1,1,0,0,1,0,1,1,1,0,-1,0,0,0,1,0,-1,0,0,0,0,1,0,-1,0,0,-1
3392,0,0,0,1,0,0,0,-1,0,0,-1,0,-1,0,0,-1,0,-1,0,0,0,0,1,0,-1,1,1,0,0,0,1,-1,1,-1,0,1,-1,1,0,0,0,-1,0,0,0,0,1,0,0,0,-1,0,1,0,0,0,0,0,1,0,-1,0,1,1
3393,0,0,0,-1,1,0,-1,1,0,0,0,1,0,-1,0,0,1,0,0,0,1,0,0,1,0,0,0,-1,0,0,1,1,0,0,0,1,0,0,0,0,0,0,-1,0,0,0,0,1,1,0,1,1,0,0,-1,-1,1,0,0,0,-1,0,0,0
3394,0,0,0,0,0,-1,-1,0,0,0,0,0,1,1,-1,0,0,0,0,1,0,0,1,0,0,0,0,0,0,0,0,0,-1,0,0,0,0,0,0,0,1,-1,0,0,0,1,-1,0,-1,0,-1,0,1,-1,0,0,0,1,1,-1,0,0,0,0
3395,0,-1,0,0,0,-1,0,0,0,0,1,-1,1,0,0,1,0,0,0,0,0,1,1,0,1,0,0,0,0,-1,1,0,-1,0,-1,0,1,0,0,-1,0,0,-1,-1,0,0,-1,1,0,0,0,1,0,0,1,0,0,-1,1,0,0,1,0,0
3396,0,-1,1,0,0,-1,0,-1,0,0,0,0,0,0,-1,0,0,-1,0,-1,1,0,0,0,0,1,1,-1,0,0,0,0,0,-1,0,0,0,1,0,1,0,0,1,1,1,0,0,0,0,0,1,-1,-1,0,0,0,-1,0,0,0,0,0,1,0
3397,0,0,1,1,1,0,0,-1,-1,0,0,0,0,0,0,-1,0,0,0,0,-1,0,0,0,0,0,0,0,0,0,0,-1,0,0,0,-1,1,1,0,1,0,0,1,0,0,0,0,0,0,0,0,1,0,0,0,0,0,-1,0,0,0,0,0,0
3398,1,0,-1,0,0,0,1,0,1,-1,-1,-1,1,0,0,0,0,1,1,-1,0,0,1,0,-1,0,0,0,0,1,0,0,0,0,-1,0,0,0,0,0,0,0,0,1,0,-1,0,-1,0,0,0,0,-1,1,0,0,-1,0,1,0,0,0,0,0
3399,0,0,0,0,0,0,0,0,0,1,1,-1,0,0,-1,0,0,0,0,0,1,0,0,0,0,0,0,0,1,0,0,0,0,0,0,0,0,0,0,-1,0,1,0,0,1,0,1,0,0,-1,1,0,0,0,1,1,0,0,0,1,0,0,1,0
3400,0,-1,1,1,0,0,1,0,0,0,0,-1,0,1,0,0,0,0,0,0,0,0,0,0,1,1,1,0,0,0,0,0,0,-1,0,0,1,-1,1,0,-1,0,1,0,1,1,0,1,1,0,-1,0,-1,0,1,1,0,0,-1,0,-1,-1,0,1
3401,1,0,0,0,0,0,0,1,0,0,0,0,0,-1,1,0,0,0,1,1,1,0,0,-1,0,0,-1,0,0,0,0,0,0,0,0,0,1,1,0,0,0,0,1,0,0,0,-1,1,0,0,-1,0,0,0,0,0,-1,0,0,-1,0,0,0,0
3402,0,1,0,0,0,0,0,-1,0,-1,-1,0,0,0,0,0,1,0,0,0,0,0,0,0,0,0,0,1,1,1,0,0,0,1,0,0,0,0,0,-1,0,-1,0,0,-1,0,-1,1,0,-1,0,0,0,-1,1,0,-1,0,0,1,0,-1,0,0
3403,0,0,-1,-1,0,0,0,-1,0,-1,0,-1,0,0,0,0,0,0,0,0,0,0,0,0,0,0,1,-1,1,0,0,0,1,1,1,-1,0,-1,0,-1,0,0,0,0,0,0,0,0,0,0,-1,0,0,0,-1,1,0,0,1,-1,0,0,0,0
3404,0,0,0,0,0,0,0,0,0,1,-1,-1,-1,0,-1,-1,0,0,-1,-1,1,0,0,0,0,0,0,0,0,-1,-1,0,0,0,0,-1,0,0,1,0,0,0,0,0,-1,1,1,1,0,0,0,1,0,0,0,-1,-1,0,0,0,0,0,0,0
3405,0,0,0,0,0,-1,0,0,0,-1,0,0,0,0,0,0,0,0,0,-1,-1,0,0,-1,0,-1,-1,-1,0,0,-1,0,-1,0,-1,0,0,0,0,0,0,0,0,-1,0,0,0,0,1,1,0,0,0,0,0,0,0,0,0,0,0,1,1,0
3406,0,-1,0,0,0,0,0,0,0,0,1,-1,0,1,0,-1,1,0,-1,0,0,0,1,0,0,0,0,0,0,0,0,0,0,0,0,0,-1,0,1,1,0,0,0,0,-1,1,0,0,-1,0,0,0,-1,0,0,0,0,0,0,-1,-1,-1,0,0
3407,0,-1,0,0,1,0,1,0,0,0,-1,0,0,0,0,0,0,0,1,1,0,0,-1,0,1,0,0,0,-1,0,0,0,0,0,0,0,0,-1,1,1,1,0,0,1,0,0,-1,1,0,1,0,1,1,0,-1,1,1,0,1,0,1,0,0,-1
3408,-1,0,0,0,1,0,0,0,1,0,0,0,1,1,-1,-1,0,0,0,1,0,0,0,1,0,0,0,1,0,1,-1,0,1,0,1,0,0,0,0,0,0,-1,0,-1,-1,0,1,0,0,0,-1,0,1,-1,0,0,0,-1,0,0,0,-1,0,0
3409,1,-1,0,0,0,0,0,0,0,1,0,0,0,1,0,0,0,1,-1,0,0,0,0,1,0,0,-1,0,-1,0,-1,0,0,0,0,0,0,0,0,-1,0,0,0,0,0,-1,0,0,1,1,0,0,0,-1,0,0,0,-1,0,1,0,0,1,0
3410,0,0,0,0,1,1,0,0,0,0,1,0,1,0,0,0,-1,-1,0,1,-1,1,0,0,-1,-1,0,0,0,0,0,0,0,0,-1,0,0,0,1,0,-1,-1,0,0,0,0,0,0,1,0,0,0,0,0,0,0,0,0,0,0,0,0,1,0
3411,-1,1,-1,0,1,1,0,0,1,-1,-1,0,0,0,1,-1,-1,0,0,0,0,0,0,1,0,-1,-1,0,0,0,-1,0,1,0,1,0,0,1,1,-1,-1,1,0,1,0,0,-1,0,0,0,0,-1,0,0,0,0,0,-1,0,-1,0,0,0,0
3412,0,1,0,-1,0,0,0,1,0,0,0,0,-1,-1,-1,0,-1,0,-1,1,0,0,1,0,0,-1,0,0,0,0,0,0,1,0,-1,0,0,0,-1,0,0,0,0,0,0,0,1,0,0,1,0,-1,1,0,0,0,0,0,0,0,-1,-1,0,1
3413,0,0,0,0,0,0,1,1,-1,1,0,0,0,1,0,1,0,-1,0,0,1,0,1,0,0,0,1,1,0,0,0,0,0,0,0,0,0,0,0,0,0,0,0,0,-1,0,0,-1,0,1,0,0,-1,0,-1,1,1,1,0,0,0,0,0,-1
3414,0,0,0,0,-1,0,0,1,-1,0,0,0,0,0,0,0,0,0,1,-1,0,0,1,1,1,-1,-1,0,0,1,0,0,0,0,1,0,0,-1,-1,0,-1,1,0,0,0,0,-1,0,-1,0,0,1,-1,0,0,-1,0,0,1,1,0,0,0,1
3415,0,0,-1,0,0,-1,-1,0,0,0,0,0,0,0,0,0,-1,1,0,0,1,0,0,1,0,0,0,-1,0,1,-1,0,0,-1,0,1,-1,0,0,-1,1,-1,-1,-1,0,0,-1,1,1,-1,0,-1,0,0,0,0,-1,0,0,-1,0,0,1,0
3416,0,0,0,0,0,0,1,0,-1,0,0,1,1,1,0,0,0,1,0,0,0,-1,0,0,1,0,0,-1,0,0,0,-1,0,0,-1,0,-1,0,1,-1,0,0,1,1,0,1,0,0,0,0,1,1,0,0,0,-1,1,1,0,0,0,0,0,0
3417,0,0,0,0,1,1,1,0,0,0,0,0,-1,0,0,0,0,0,-1,0,0,0,0,0,-1,0,-1,0,0,1,1,0,0,1,0,-1,0,0,1,0,0,0,0,0,-1,0,-1,1,0,0,0,0,-1,0,-1,0,0,0,1,0,-1,1,0,0
3418,0,-1,0,1,-1,1,0,0,0,0,0,0,1,0,0,0,0,0,1,0,0,0,-1,0,0,-1,1,1,1,0,0,1,0,0,-1,-1,1,0,0,-1,0,1,-1,0,0,-1,0,-1,-1,0,0,-1,1,0,0,0,0,1,0,0,0,0,0,0
3419,-1,0,0,0,0,0,0,-1,0,0,1,0,0,0,0,0,0,0,0,-1,0,0,0,1,1,-1,0,1,-1,0,1,0,0,-1,0,1,1,0,-1,1,1,0,0,0,-1,0,-1,0,0,-1,-1,0,-1,0,0,1,1,0,-1,-1,0,0,1,0
3420,-1,0,0,0,0,0,0,0,0,0,0,0,0,0,0,0,0,1,0,0,1,0,-1,-1,-1,0,0,0,0,0,0,1,0,0,1,0,0,0,0,0,0,0,1,0,1,0,0,1,0,1,0,0,-1,1,0,-1,0,0,0,0,0,0,0,0
3421,1,1,0,1,0,-1,1,0,-1,-1,0,1,0,0,-1,1,1,0,0,-1,-1,-1,0,1,0,0,0,0,0,0,-1,1,-1,0,0,-1,-1,0,0,0,0,0,-1,0,0,-1,0,-1,0,0,0,-1,0,0,0,0,0,0,0,-1,1,0,1,1
3422,0,0,0,-1,-1,0,0,0,0,-1,0,0,0,-1,0,0,1,0,0,0,0,1,1,0,-1,0,0,1,0,0,0,0,0,0,0,0,0,0,0,0,0,1,0,1,0,1,0,0,-1,0,1,0,1,0,-1,0,0,-1,-1,0,1,1,0,0
3423,0,-1,0,0,0,0,0,-1,0,-1,0,0,0,0,1,1,0,0,0,1,0,0,0,-1,0,0,0,1,0,1,0,1,0,-1,0,-1,0,0,0,-1,0,-1,0,0,-1,0,0,0,0,0,0,1,-1,0,0,0,0,-1,0,1,0,0,0,0
3424,-1,-1,0,0,0,1,1,1,0,0,0,0,-1,0,0,0,-1,0,0,0,0,0,1,-1,1,0,0,0,0,1,0,0,-1,0,-1,0,0,0,-1,0,-1,0,1,-1,-1,1,1,1,1,0,0,0,0,0,0,0,0,-1,0,-1,0,1,0,0
3425,0,0,0,1,1,0,0,0,0,1,-1,0,-1,-1,-1,1,-1,1,0,0,-1,0,-1,1,0,0,1,0,1,-1,0,-1,1,0,0,-1,1,0,-1,0,0,0,0,-1,0,-1,1,0,0,-1,0,0,0,-1,0,1,0,0,-1,0,0,0,0,1
3426,0,0,0,1,0,0,0,0,0,-1,-1,0,-1,0,-1,0,0,-1,0,0,-1,0,0,0,-1,0,-1,0,0,-1,0,1,0,1,0,-1,0,0,0,0,0,0,0,0,0,0,0,-1,-1,0,1,0,0,0,1,-1,0,0,0,1,0,0,0,-1
3427,0,0,0,0,1,-1,0,-1,0,-1,-1,0,0,-1,-1,0,0,1,0,-1,0,0,1,-1,1,0,0,1,0,0,-1,0,0,0,-1,0,0,0,0,0,0,-1,-1,-1,1,0,0,-1,0,0,0,0,-1,0,1,0,0,0,0,0,0,0,0,0
3428,0,-1,0,0,0,1,0,0,0,1,0,1,-1,1,0,0,-1,0,0,0,0,1,0,0,0,-1,1,1,0,0,0,-1,-1,0,0,-1,0,1,0,-1,1,1,0,0,0,0,0,1,0,0,-1,-1,1,0,0,1,0,-1,-1,0,0,1,0,1
3429,0,0,1,0,-1,0,0,0,0,0,0,0,0,1,0,0,0,0,0,0,-1,0,0,0,0,0,0,0,0,0,-1,0,-1,0,0,0,0,0,0,0,0,0,-1,0,0,0,1,0,0,-1,0,1,-1,1,0,-1,0,-1,0,0,0,0,0,0
3430,1,0,0,0,1,0,-1,0,0,0,1,0,0,0,0,-1,-1,-1,1,0,-1,-1,1,1,0,0,1,0,1,0,0,-1,-1,-1,0,0,1,-1,0,0,0,0,0,0,1,0,0,0,0,1,0,0,0,1,0,0,0,0,0,-1,0,0,0,0
3431,1,0,0,1,0,1,0,0,0,0,0,0,0,0,0,0,0,0,0,0,-1,0,0,0,1,0,1,0,0,0,1,1,0,1,0,0,0,-1,0,0,0,-1,0,-1,0,-1,1,0,0,0,0,0,0,0,0,1,-1,1,0,-1,1,0,0,-1
3432,0,1,-1,0,-1,0,0,0,1,0,1,-1,0,-1,0,0,0,0,0,-1,0,0,0,0,0,0,-1,0,-1,-1,0,0,0,1,1,1,-1,0,0,0,1,0,-1,0,0,0,0,1,0,0,0,0,0,-1,0,0,0,0,0,1,0,0,0,0
3433,0,0,0,-1,1,0,-1,-1,0,-1,1,-1,0,0,0,1,0,-1,0,-1,1,0,0,0,0,0,0,-1,0,0,0,0,1,1,0,0,0,0,0,1,0,0,0,0,0,0,0,1,-1,-1,0,0,0,0,0,0,0,0,0,0,0,1,1,1
3434,0,0,-1,0,-1,0,1,0,0,0,1,0,0,0,1,0,0,0,0,-1,0,0,0,1,0,0,1,0,0,0,0,0,0,-1,0,-1,-1,0,0,-1,0,0,0,0,0,1,0,0,0,0,1,0,0,0,0,0,0,0,0,0,0,0,0,0
3435,0,0,0,-1,0,0,0,1,1,0,0,0,0,-1,0,0,-1,1,-1,1,0,0,-1,-1,0,1,0,1,0,-1,0,0,1,0,0,-1,-1,0,0,0,0,0,0,0,0,-1,0,1,0,0,-1,0,0,0,1,1,0,0,-1,-1,-1,1,0,0
3436,0,0,-1,1,0,1,1,-1,0,0,0,1,0,1,0,0,0,1,0,0,0,0,0,0,-1,0,1,1,1,0,1,1,0,0,0,1,1,0,0,0,1,0,0,0,0,0,0,0,-1,0,-1,1,0,-1,-1,1,0,-1,-1,0,-1,-1,0,-1
3437,0,0,-1,0,-1,0,0,0,1,-1,0,-1,0,0,0,-1,0,1,1,1,0,0,0,0,-1,-1,0,0,0,0,0,0,0,1,0,0,0,0,0,0,0,0,0,0,0,0,-1,1,0,0,0,1,0,0,-1,0,-1,0,0,0,0,0,0,0
3438,0,0,0,0,-1,-1,0,-1,1,0,0,1,1,1,0,1,0,1,0,1,1,-1,0,0,0,-1,1,-1,0,0,0,0,0,0,0,1,0,0,0,0,0,-1,0,0,1,0,0,0,0,1,0,0,0,0,0,0,1,1,0,0,-1,1,0,0
3439,0,0,0,0,0,0,-1,0,-1,0,0,0,0,0,0,-1,1,1,0,-1,0,0,0,1,-1,0,0,0,0,1,0,0,0,0,-1,0,0,-1,0,0,0,1,-1,0,1,1,0,0,0,0,0,0,0,-1,0,0,0,-1,0,0,0,0,1,0
3440,0,0,0,0,0,-1,-1,0,0,-1,0,0,0,0,0,0,-1,-1,-1,0,0,0,0,1,0,1,0,1,0,0,0,0,0,0,0,0,-1,-1,0,0,1,1,0,0,0,0,0,1,-1,0,-1,0,0,0,-1,0,0,0,0,0,1,-1,0,-1
3441,0,0,0,0,0,0,0,0,0,1,0,0,0,0,0,0,0,0,0,0,0,0,0,-1,1,0,0,-1,0,0,0,0,0,0,0,0,-1,1,1,0,0,-1,1,0,0,0,0,-1,1,0,0,0,0,0,-1,-1,0,0,0,0,-1,0,-1,0
3442,0,1,-1,0,-1,0,0,-1,0,0,0,-1,0,0,0,0,0,0,0,0,0,-1,-1,-1,0,0,0,0,1,0,0,0,-1,-1,0,-1,0,1,-1,0,0,0,0,0,0,0,0,0,1,0,-1,-1,0,1,0,1,0,0,0,-1,0,0,0,-1
3443,1,1,0,1,0,-1,0,-1,-1,-1,1,0,0,-1,-1,0,1,0,1,0,-1,0,-1,-1,0,0,1,0,0,0,-1,0,1,1,1,-1,0,0,0,0,1,0,-1,0,1,0,0,0,0,0,-1,-1,0,-1,0,0,1,0,-1,1,0,0,0,-1
3444,0,0,0,0,1,0,0,-1,0,1,1,-1,1,0,-1,0,0,0,0,-1,1,0,1,0,0,0,0,0,0,0,-1,-1,0,0,1,0,-1,0,0,0,0,0,0,-1,-1,0,0,1,0,0,0,0,1,0,0,0,0,1,0,0,1,0,0,0
3445,0,0,0,-1,1,0,0,0,0,-1,-1,0,0,1,-1,0,1,0,0,0,-1,0,0,0,0,0,0,1,0,0,-1,0,0,-1,-1,0,1,0,0,0,0,0,0,0,0,0,-1,0,0,0,0,0,0,0,0,0,0,0,-1,0,0,0,-1,-1
3446,1,0,1,0,0,0,0,0,0,1,0,0,0,0,-1,0,0,0,1,0,0,0,1,0,-1,0,-1,0,0,0,0,1,0,0,-1,1,-1,0,0,-1,-1,0,1,0,1,0,0,0,0,1,0,0,-1,0,0,1,0,0,1,0,1,0,0,1
3447,0,0,0,0,0,1,0,0,0,0,1,-1,0,0,1,-1,0,0,0,0,0,0,0,0,0,1,0,0,0,0,0,0,0,0,-1,0,0,1,0,-1,0,0,0,1,0,-1,0,1,0,0,0,0,0,0,0,0,0,0,0,0,1,0,-1,0
3448,0,0,0,0,-1,-1,-1,-1,0,1,0,0,0,0,0,-1,-1,0,1,0,-1,-1,0,0,1,0,0,0,-1,-1,1,0,0,0,0,0,0,0,0,-1,1,-1,0,0,0,0,0,0,0,-1,1,-1,0,0,0,1,0,0,-1,0,0,0,0,0
3449,-1,1,1,-1,0,0,0,0,1,0,0,0,0,-1,0,-1,0,1,1,-1,0,-1,0,0,-1,1,0,0,-1,0,0,0,0,0,0,0,0,0,1,1,0,-1,0,0,1,0,0,-1,1,0,0,0,0,0,1,0,0,0,0,0,0,-1,0,-1
3450,0,-1,0,-1,-1,0,1,0,-1,-1,0,0,0,0,0,0,-1,-1,0,0,0,0,-1,-1,-1,-1,0,0,0,0,0,-1,1,0,0,0,1,0,-1,-1,0,0,0,0,1,-1,1,1,0,1,0,0,-1,1,1,1,1,1,1,0,1,1,-1,-1
3451,-1,0,0,0,1,-1,0,-1,1,-1,0,0,0,-1,0,0,0,0,1,-1,-1,-1,1,-1,0,-1,-1,0,0,0,0,-1,1,0,0,0,0,0,0,1,0,0,1,0,-1,0,1,0,-1,0,0,1,0,0,1,0,0,0,0,-1,0,0,0,0
3452,1,0,-1,0,0,0,0,0,0,0,-1,0,-1,-1,0,0,1,0,0,-1,1,0,-1,0,0,0,-1,1,0,1,0,0,0,-1,0,-1,-1,0,-1,1,0,0,0,0,0,-1,0,0,0,0,-1,0,-1,0,-1,0,1,0,-1,1,0,0,1,0
3453,-1,-1,1,-1,0,-1,0,0,0,-1,0,1,-1,-1,-1,0,0,-1,0,0,0,0,0,-1,0,0,0,0,0,-1,0,0,-1,0,0,1,1,1,0,1,0,0,0,1,1,0,1,0,0,0,1,-1,0,0,0,0,1,0,1,-1,0,0,1,0
3454,0,1,0,1,-1,1,-1,1,1,0,0,0,0,0,0,1,-1,0,0,0,0,0,-1,0,0,-1,0,0,-1,0,0,0,0,0,-1,-1,0,0,1,-1,0,0,0,0,0,0,0,0,0,0,0,0,0,0,0,0,0,1,0,0,0,1,1,0
3455,1,0,0,0,0,0,0,0,0,0,0,1,0,1,0,0,0,1,0,-1,0,0,1,0,0,0,0,0,0,1,1,0,-1,0,1,0,0,0,0,1,0,0,0,0,0,0,-1,0,-1,0,0,0,0,0,1,-1,0,0,0,0,-1,0,0,1
3456,-1,0,0,0,1,0,0,0,1,0,-1,-1,0,0,0,-1,0,0,0,1,0,-1,1,0,0,0,0,0,0,0,0,0,0,1,1,0,0,0,1,0,-1,0,1,0,-1,0,0,-1,0,0,0,0,0,0,1,0,-1,1,-1,0,0,0,1,0
3457,-1,0,-1,-1,0,0,-1,0,1,0,-1,-1,0,-1,0,-1,-1,0,0,0,-1,0,0,0,0,1,0,0,1,1,-1,0,0,0,0,0,0,0,0,-1,0,1,0,0,0,1,0,0,0,0,1,-1,0,0,1,0,0,0,0,0,0,0,0,1
3458,0,0,0,-1,1,0,-1,-1,0,0,-1,0,0,-1,0,0,0,-1,0,0,0,0,1,0,1,-1,0,0,0,0,0,0,0,1,0,-1,0,0,0,0,0,0,0,1,0,0,0,0,0,0,0,0,-1,-1,0,0,1,0,1,0,0,0,0,0
3459,0,0,1,-1,0,0,0,0,0,0,0,0,0,0,1,0,1,-1,0,0,0,0,0,1,0,0,-1,1,0,0,-1,0,0,-1,1,-1,0,0,0,0,0,1,1,0,0,-1,-1,1,0,0,0,0,0,-1,1,-1,-1,0,0,0,1,0,1,0
3460,0,-1,0,0,0,0,0,0,0,0,0,0,0,0,0,0,0,0,0,0,0,0,0,0,0,0,0,0,0,0,0,0,0,0,0,0,0,0,1,0,0,0,0,0,1,0,0,1,-1,0,1,0,0,1,-1,0,0,-1,1,0,1,0,0,0
3461,-1,-1,0,0,0,0,-1,0,0,-1,-1,0,0,0,-1,-1,-1,0,0,-1,0,1,0,0,0,-1,0,1,0,0,0,0,0,-1,0,0,0,0,1,0,0,0,0,-1,0,0,0,0,0,0,0,0,0,-1,1,-1,0,1,0,-1,-1,1,0,1
3462,-1,0,0,0,0,0,0,0,0,0,1,0,-1,-1,0,0,0,0,-1,0,0,1,0,-1,0,0,0,0,0,0,1,0,0,0,0,0,0,0,0,0,0,0,1,0,0,0,-1,0,1,0,0,-1,1,0,0,1,-1,0,-1,0,0,-1,0,1
3463,0,-1,0,0,0,-1,0,0,0,0,0,1,0,0,0,1,0,0,0,0,0,0,0,0,0,0,1,-1,0,-1,0,-1,-1,0,0,0,0,0,-1,0,0,0,0,0,0,-1,0,0,0,0,0,-1,0,0,0,0,-1,0,-1,-1,0,0,0,0
3464,0,1,-1,0,0,1,0,0,-1,0,0,1,1,0,0,0,-1,0,0,1,0,0,0,0,0,1,0,0,-1,-1,0,0,0,1,1,1,0,0,1,0,0,1,-1,-1,0,0,1,0,0,0,1,0,0,0,0,0,1,-1,0,0,1,-1,0,0
3465,0,0,1,-1,1,0,0,0,0,1,0,-1,0,0,1,0,-1,0,1,-1,0,0,0,0,0,0,0,1,0,0,0,0,0,0,0,0,0,0,1,0,-1,0,1,-1,0,1,0,0,0,1,0,0,0,0,0,0,0,0,0,0,0,0,0,0
3466,0,0,-1,0,0,0,0,1,0,0,1,1,0,-1,0,0,-1,0,0,0,0,-1,0,1,-1,-1,0,-1,0,1,-1,0,0,1,0,0,-1,0,1,0,0,0,1,-1,0,0,0,-1,0,0,0,0,-1,0,-1,0,1,0,0,1,0,0,0,0
3467,0,0,1,0,0,0,-1,-1,1,0,0,0,0,1,0,0,1,0,-1,1,0,0,0,-1,0,0,0,0,0,1,0,-1,-1,0,-1,0,-1,0,0,1,1,1,0,1,1,0,-1,-1,0,0,0,0,1,0,-1,0,1,0,0,1,1,1,1,-1
3468,1,0,0,0,1,0,1,0,-1,0,1,0,0,0,-1,0,-1,0,0,1,-1,1,0,0,1,0,-1,-1,0,0,0,0,1,1,0,0,0,0,0,1,0,-1,0,0,0,1,0,0,0,1,0,0,0,1,0,0,0,0,0,0,0,1,0,0
3469,0,-1,0,0,0,0,0,0,0,0,-1,0,0,0,1,0,0,0,0,1,0,-1,-1,0,1,0,0,0,0,1,-1,0,0,0,0,-1,0,0,0,0,-1,0,-1,0,0,0,-1,0,0,1,0,0,-1,-1,0,0,0,0,0,1,0,0,-1,0
3470,0,0,0,0,-1,0,0,-1,0,0,1,0,0,0,1,0,1,-1,-1,0,0,1,0,0,0,0,0,0,0,0,0,1,0,0,0,-1,1,0,0,0,0,0,-1,0,-1,0,0,0,0,0,0,0,0,0,0,-1,0,0,0,0,-1,-1,0,0
3471,0,0,-1,-1,0,0,-1,1,1,0,0,0,1,-1,-1,0,0,0,-1,1,0,0,-1,-1,0,0,0,0,0,0,0,0,0,0,0,0,1,0,1,1,0,0,0,0,0,0,0,0,1,0,0,-1,0,0,0,0,0,0,0,0,1,0,0,0
3472,1,0,0,0,0,0,1,0,0,0,0,0,0,0,-1,1,0,0,0,0,0,-1,0,1,0,0,1,0,0,0,0,0,-1,0,1,0,1,0,0,0,0,1,0,0,0,-1,0,0,0,0,1,0,-1,0,1,0,0,-1,0,0,0,0,0,-1
3473,0,1,-1,0,0,-1,0,0,0,-1,0,1,0,0,0,0,0,-1,0,0,0,0,1,-1,0,1,0,1,0,0,0,1,0,0,0,0,0,0,0,0,0,0,0,1,0,0,0,0,1,-1,0,1,0,0,0,0,0,1,0,0,0,0,1,0
3474,1,1,0,1,0,0,0,1,0,1,0,1,0,0,-1,0,0,1,1,0,0,0,0,1,0,0,1,0,0,1,0,0,0,0,0,0,0,0,0,0,0,0,0,0,0,-1,0,-1,0,-1,0,0,-1,0,0,0,1,-1,0,0,0,0,0,-1
3475,0,0,-1,1,0,0,0,0,0,0,0,0,0,0,0,0,0,0,0,0,0,-1,0,0,0,0,1,1,0,0,0,1,-1,0,0,0,0,0,0,1,0,0,0,0,0,0,0,0,0,0,-1,-1,0,1,0,-1,0,0,0,0,0,0,-1,-1
3476,0,0,1,1,0,0,1,-1,0,0,0,0,0,0,0,0,0,0,0,1,1,-1,-1,-1,0,1,-1,0,1,1,0,0,0,0,0,0,1,0,0,1,0,0,0,0,1,0,0,0,0,-1,0,-1,0,0,0,0,0,0,0,0,0,0,0,1
3477,0,-1,0,0,1,1,0,1,0,0,0,-1,0,0,0,0,0,0,1,-1,-1,0,-1,0,-1,-1,-1,0,0,-1,0,1,0,0,-1,0,0,-1,0,0,1,0,0,-1,1,1,0,0,1,0,0,0,0,0,0,0,1,-1,0,0,1,1,-1,1
3478,0,0,0,0,0,0,0,-1,1,-1,0,-1,0,0,0,1,0,-1,0,0,0,1,0,0,0,0,1,0,0,0,-1,0,0,0,0,0,0,1,0,0,0,0,0,-1,0,1,0,0,0,-1,0,0,1,0,0,0,1,0,1,1,0,-1,0,0
3479,-1,0,0,0,-1,0,0,0,0,-1,0,1,0,-1,0,0,0,0,-1,0,0,-1,1,-1,0,0,-1,1,0,-1,0,0,0,0,0,0,0,0,1,0,0,1,1,0,1,0,1,0,-1,0,0,0,1,0,0,0,1,-1,0,1,0,0,1,0
3480,1,0,0,1,0,-1,0,-1,0,0,0,0,0,0,-1,0,0,0,0,0,1,0,1,0,0,-1,0,0,0,0,1,0,-1,0,0,0,0,1,0,-1,0,-1,-1,0,0,0,0,0,0,0,1,0,1,0,0,1,0,0,0,0,0,0,0,0
3481,0,0,1,0,0,0,0,0,0,1,0,0,0,0,0,0,0,1,1,-1,-1,-1,0,0,-1,0,0,0,-1,-1,1,0,0,1,0,1,0,0,0,0,0,-1,0,1,-1,0,0,-1,0,0,1,0,0,1,-1,-1,0,1,0,0,0,0,0,0
3482,0,-1,0,-1,0,-1,1,0,0,-1,1,0,0,0,0,0,0,-1,0,0,0,-1,0,0,0,0,0,0,1,1,0,1,0,0,0,1,0,0,0,0,-1,0,0,0,0,-1,1,0,0,0,1,1,1,0,0,0,-1,-1,0,0,0,0,-1,-1
3483,0,1,0,-1,0,0,-1,1,0,0,0,0,-1,0,0,0,0,0,0,-1,1,0,0,1,-1,0,0,0,0,1,1,0,0,0,0,-1,-1,-1,0,0,-1,0,-1,-1,-1,-1,0,0,-1,-1,0,1,1,0,-1,0,1,-1,1,0,1,0,1,-1
3484,-1,0,-1,0,0,1,1,0,1,0,0,0,0,-1,1,0,0,0,0,-1,0,0,0,-1,0,1,1,0,0,0,-1,0,0,0,0,0,0,0,0,0,0,0,0,0,1,0,0,-1,0,0,0,0,0,1,1,-1,-1,0,-1,0,-1,0,-1,0
3485,0,-1,0,0,0,0,-1,0,0,0,0,-1,0,0,0,0,0,0,1,0,0,1,-1,-1,0,-1,1,-1,0,1,1,1,1,1,0,0,0,-1,-1,0,0,1,0,0,0,-1,0,0,0,-1,0,0,-1,0,0,0,0,0,-1,0,0,-1,-1,0
3486,0,1,0,0,1,0,0,0,1,0,1,1,0,0,1,0,0,0,0,0,0,0,-1,0,0,0,0,0,-1,0,0,-1,0,0,0,-1,-1,1,0,0,0,0,-1,0,0,0,0,0,1,0,0,0,0,0,0,0,-1,-1,0,0,0,0,0,0
3487,-1,0,-1,-1,0,1,0,0,-1,0,1,0,0,0,0,0,0,0,0,0,-1,1,0,0,0,0,-1,0,0,-1,-1,0,0,0,0,0,0,-1,0,1,0,0,1,0,0,0,0,0,1,0,0,-1,-1,0,0,-1,1,0,0,1,0,0,0,1
3488,1,-1,0,0,0,-1,0,0,0,0,-1,0,0,0,0,0,-1,0,1,0,-1,0,0,-1,-1,-1,0,0,0,0,0,0,0,-1,-1,0,1,1,0,0,-1,0,0,0,0,1,0,0,0,1,-1,1,0,0,0,0,0,0,0,0,0,0,0,0
3489,0,0,-1,-1,0,-1,-1,0,0,1,0,0,0,0,1,1,-1,0,-1,0,0,0,1,0,1,0,0,0,0,0,-1,-1,0,1,-1,0,0,0,-1,0,-1,0,0,0,0,0,0,0,-1,0,0,1,-1,0,0,0,0,-1,1,0,-1,0,1,0
3490,0,0,0,0,0,0,0,0,0,0,0,0,0,1,1,0,0,1,0,0,1,0,0,0,1,1,0,1,0,-1,0,0,-1,0,-1,0,0,-1,0,0,0,0,0,1,0,0,1,0,-1,0,0,0,-1,0,0,0,0,-1,0,1,1,1,0,0
3491,0,0,-1,0,0,0,-1,0,0,0,-1,0,-1,0,0,1,0,0,1,1,0,0,0,0,0,0,-1,0,0,0,0,0,0,0,0,0,0,0,0,0,0,0,0,1,0,0,1,1,-1,1,0,0,0,1,0,0,1,-1,0,1,1,1,0,1
3492,0,0,-1,1,0,0,0,1,0,0,0,0,-1,0,0,1,-1,0,-1,0,0,-1,0,0,0,0,1,0,1,0,0,0,-1,-1,0,0,0,1,0,0,-1,1,0,0,-1,0,1,1,1,0,-1,0,-1,1,0,0,1,0,0,-1,1,0,0,0
3493,0,0,1,-1,0,0,0,0,0,1,-1,0,0,0,1,-1,-1,1,1,0,0,0,1,1,0,1,-1,-1,0,1,1,0,1,-1,-1,-1,1,0,0,0,0,-1,0,0,1,0,0,-1,1,0,0,0,0,0,0,-1,0,-1,1,0,1,1,0,0
3494,0,0,1,0,0,0,0,-1,1,0,0,0,0,0,0,0,0,0,1,0,0,0,0,-1,0,-1,0,1,-1,0,0,0,-1,-1,0,1,0,-1,1,1,0,0,0,0,-1,0,-1,0,0,-1,0,-1,0,1,0,1,0,1,-1,0,0,0,1,0
3495,-1,1,0,0,0,0,-1,0,0,1,0,0,1,0,0,0,0,0,0,-1,1,-1,-1,0,0,1,0,0,-1,0,0,-1,1,0,-1,0,0,0,-1,0,0,0,0,0,0,1,-1,0,0,0,0,1,0,0,0,0,0,-1,1,0,1,0,0,1
3496,1,0,0,0,-1,0,0,1,0,-1,0,-1,0,1,-1,1,-1,0,-1,0,0,-1,0,0,0,0,-1,0,0,0,0,1,0,0,0,-1,0,-1,0,0,0,0,1,1,0,0,1,0,0,0,-1,0,0,0,-1,1,0,0,1,-1,1,-1,0,1
3497,0,0,0,-1,-1,0,1,-1,0,1,-1,0,0,0,-1,1,1,0,-1,0,0,0,0,0,0,0,0,0,-1,0,0,0,0,0,0,0,0,-1,0,0,0,0,1,-1,0,1,0,0,0,-1,-1,0,0,1,0,0,0,0,0,0,0,1,1,0
3498,0,0,-1,-1,-1,1,0,0,0,-1,0,-1,0,1,0,0,0,1,-1,1,0,-1,0,0,0,0,-1,0,0,0,0,0,0,-1,0,-1,0,0,0,-1,-1,1,1,0,1,0,0,-1,0,0,0,0,0,0,0,0,0,1,0,1,0,0,0,0
3499,1,0,0,0,-1,1,0,1,0,0,0,0,1,0,0,0,0,1,0,0,1,0,0,0,-1,-1,1,0,0,1,0,0,1,1,0,0,-1,-1,0,0,-1,0,0,0,0,-1,1,0,1,0,0,-1,-1,-1,0,1,0,0,0,0,1,0,0,1
3500,0,1,1,0,0,-1,1,0,0,0,0,0,0,-1,0,0,0,0,0,0,0,0,0,0,0,0,0,0,0,-1,-1,0,-1,0,-1,-1,0,0,-1,1,0,1,0,0,0,1,1,-1,1,0,0,0,1,0,0,-1,1,0,1,0,1,-1,0,1
3501,-1,0,-1,1,-1,0,0,0,0,0,-1,-1,0,0,0,-1,1,-1,0,-1,0,0,-1,0,-1,0,0,0,0,0,0,-1,0,0,0,0,0,0,0,1,-1,0,-1,1,0,0,0,0,0,0,1,0,0,-1,1,1,0,1,-1,0,1,0,0,1
3502,0,0,0,1,0,-1,0,0,0,1,0,0,0,0,0,-1,0,0,0,1,0,-1,-1,1,0,-1,0,0,0,-1,-1,0,0,0,0,0,0,0,-1,0,0,0,-1,-1,0,0,-1,0,0,0,0,0,0,1,0,-1,0,0,0,0,0,0,0,1
3503,0,-1,0,0,1,0,0,-1,0,1,0,0,0,0,1,0,0,1,0,1,0,-1,0,-1,-1,0,0,0,1,-1,0,0,0,0,0,0,0,0,0,-1,0,0,0,-1,0,1,1,0,1,0,1,-1,0,0,1,-1,0,0,0,0,-1,0,0,0
3504,0,0,-1,0,-1,0,0,0,-1,0,0,1,0,0,0,0,0,0,0,0,1,0,0,0,0,0,-1,1,0,0,0,-1,0,0,0,0,0,0,-1,0,0,0,-1,0,0,0,0,0,-1,-1,0,0,0,0,0,1,1,0,0,0,0,0,0,0
3505,0,0,0,-1,0,0,0,0,1,-1,0,-1,0,0,0,0,-1,0,0,0,0,0,1,-1,-1,1,0,0,0,0,0,-1,-1,-1,0,0,0,0,0,-1,0,-1,0,1,1,0,0,0,0,0,0,0,0,-1,1,1,0,0,1,1,-1,0,0,0
3506,-1,-1,-1,0,0,0,0,0,0,-1,0,1,0,1,1,0,-1,0,0,1,1,0,0,0,-1,1,0,0,1,1,0,0,0,0,0,0,1,0,-1,0,0,0,0,0,0,-1,-1,1,0,-1,0,0,0,0,0,-1,0,-1,0,0,0,-1,1,-1
3507,0,0,0,0,0,1,-1,0,0,1,-1,1,0,1,0,0,0,-1,-1,0,0,0,0,0,-1,0,0,1,1,0,1,0,1,0,0,0,0,1,0,-1,0,1,0,0,0,1,0,0,0,0,0,-1,0,0,0,0,0,0,0,-1,1,1,0,0
3508,0,-1,0,0,1,-1,-1,0,1,-1,0,0,1,0,0,1,0,0,0,0,1,0,0,0,1,-1,0,-1,-1,0,0,-1,0,0,1,1,0,0,0,0,0,0,0,1,0,0,0,-1,0,1,0,0,0,0,-1,1,0,0,0,0,0,0,0,0
3509,0,0,0,-1,0,0,-1,1,0,-1,1,0,0,-1,0,0,0,0,0,0,0,0,1,0,1,0,0,0,-1,0,0,0,-1,0,-1,-1,0,0,0,0,0,0,0,0,0,0,0,0,0,0,-1,0,0,1,0,0,0,-1,0,-1,0,0,1,0
3510,0,0,1,0,1,0,0,0,-1,0,1,1,1,0,0,0,0,0,1,0,1,0,-1,1,0,1,0,0,0,0,0,1,0,0,0,0,0,-1,0,0,-1,0,0,-1,-1,0,0,1,1,0,1,0,1,0,0,-1,0,0,0,0,1,0,0,1
3511,0,0,0,0,1,0,0,0,0,1,0,0,1,-1,-1,0,0,1,1,0,0,1,1,0,0,1,-1,-1,-1,0,0,0,0,0,0,0,0,0,1,0,0,0,-1,0,1,1,0,0,0,0,0,0,0,1,0,0,1,0,1,1,0,0,0,1
3512,-1,0,-1,0,0,-1,-1,0,1,0,-1,0,-1,0,0,1,0,-1,0,-1,0,0,0,0,0,0,1,0,-1,0,0,0,-1,0,0,0,0,0,0,1,-1,0,0,0,0,-1,-1,0,0,0,1,1,0,-1,0,0,1,0,-1,0,0,-1,0,0
3513,0,0,0,0,1,0,0,0,0,0,0,-1,-1,0,-1,-1,-1,0,-1,1,0,0,0,-1,0,-1,0,1,0,-1,0,0,0,0,-1,1,1,-1,1,0,0,0,0,-1,1,0,0,0,1,0,1,0,0,0,0,0,-1,0,1,0,0,0,0,0
3514,-1,0,0,0,-1,-1,1,0,1,0,0,-1,0,0,0,0,1,1,0,0,0,-1,-1,0,0,0,0,0,0,0,1,0,0,1,0,0,0,0,0,0,-1,0,0,0,0,-1,-1,0,-1,-1,-1,1,1,0,0,0,0,0,0,0,-1,-1,1,0
3515,0,0,-1,0,1,0,0,0,0,1,-1,0,0,0,-1,0,-1,0,0,0,-1,0,0,0,0,-1,0,0,1,-1,0,0,0,-1,0,0,0,0,0,0,1,0,1,1,0,-1,0,0,0,0,1,0,0,0,0,0,0,0,0,0,0,-1,0,0
3516,0,-1,-1,0,0,-1,0,0,0,0,0,-1,0,1,0,0,0,1,-1,-1,0,0,0,0,0,-1,0,1,1,0,-1,0,0,0,0,0,0,0,0,0,0,0,0,0,0,0,1,1,-1,-1,0,1,1,0,0,0,0,0,1,-1,-1,0,1,1
3517,-1,0,1,-1,1,0,0,-1,-1,1,-1,0,0,0,-1,0,0,1,-1,0,1,-1,0,0,0,0,0,0,0,0,0,1,0,1,0,0,0,0,0,-1,0,1,0,0,0,-1,0,0,0,1,0,0,0,0,0,0,0,0,0,0,1,0,0,0
3518,0,0,0,1,0,0,1,1,0,1,0,0,1,0,1,0,0,0,-1,1,0,0,0,0,0,-1,0,-1,0,0,1,1,0,0,0,0,0,0,0,0,1,1,0,0,0,0,0,0,0,1,-1,0,0,-1,1,-1,0,1,1,-1,0,0,-1,0
3519,0,1,-1,-1,1,1,0,1,0,-1,0,0,0,0,0,1,1,0,0,0,1,0,0,-1,-1,1,0,0,0,0,0,-1,0,0,0,0,0,1,0,0,-1,0,-1,1,0,0,1,0,1,0,1,-1,0,0,0,1,1,0,0,1,0,0,-1,0
3520,1,0,0,0,0,0,1,0,0,0,0,-1,0,0,1,1,1,0,0,1,1,0,0,0,0,0,1,0,0,-1,0,0,-1,-1,0,0,0,0,0,1,0,0,0,0,0,0,0,-1,-1,1,0,0,0,0,0,1,1,0,0,0,0,1,0,1
3521,0,-1,0,0,0,0,0,-1,1,0,1,0,0,1,1,0,0,1,1,0,0,0,1,-1,0,0,0,0,1,0,1,-1,0,1,0,-1,0,0,0,0,1,0,0,-1,0,0,0,1,1,0,0,-1,0,0,0,-1,1,0,0,1,-1,0,-1,1
3522,0,0,0,0,0,0,1,0,0,0,1,1,0,-1,-1,1,0,0,0,0,0,0,0,0,0,0,1,0,-1,0,-1,0,-1,0,1,1,0,0,1,0,0,1,1,1,1,1,1,0,0,0,0,1,0,-1,0,0,0,0,-1,1,1,0,0,0
3523,1,0,1,-1,0,0,0,-1,0,0,1,0,-1,1,1,0,0,1,0,1,0,0,0,-1,0,0,0,0,0,1,0,-1,0,0,-1,0,0,1,0,1,0,0,1,0,0,1,-1,1,0,-1,0,0,1,1,0,0,0,0,-1,0,0,0,0,0
3524,0,-1,0,0,-1,0,1,0,0,1,0,1,0,-1,1,0,0,0,1,0,0,-1,0,0,1,0,1,0,0,0,0,0,0,0,0,1,0,0,0,-1,-1,0,0,0,0,1,0,-1,0,-1,0,0,1,0,0,0,0,1,0,1,0,0,1,0
3525,0,0,0,0,0,0,-1,0,0,1,-1,0,-1,0,0,0,0,0,1,0,1,0,1,0,1,1,0,0,0,0,1,-1,1,-1,0,0,-1,0,1,0,0,0,0,0,0,0,0,0,0,0,0,0,0,0,1,-1,1,0,0,0,0,1,0,0
3526,0,0,0,0,0,0,0,0,-1,1,0,1,-1,1,0,1,0,0,1,0,0,0,0,0,0,-1,0,0,0,-1,0,0,0,0,0,0,0,-1,0,1,0,1,0,-1,0,-1,1,0,0,1,1,0,0,-1,0,-1,-1,-1,1,0,0,-1,0,1
3527,-1,0,1,0,1,0,0,0,-1,0,1,0,0,0,0,0,1,0,0,0,0,-1,0,1,0,0,-1,1,0,0,0,0,-1,0,0,0,-1,-1,0,0,-1,0,0,0,0,0,0,0,-1,-1,0,0,0,1,0,0,0,0,0,0,0,1,1,0
3528,0,0,-1,0,1,0,1,1,0,1,1,0,0,0,0,0,0,0,0,0,0,1,0,0,-1,0,1,0,0,0,0,-1,0,0,0,-1,-1,0,1,-1,0,0,-1,-1,0,0,0,-1,0,0,0,0,0,1,-1,1,0,0,1,-1,0,0,0,0
3529,-1,0,0,0,0,0,1,0,-1,0,0,-1,-1,0,-1,-1,0,0,0,0,1,0,-1,-1,-1,0,0,0,0,0,0,0,0,0,0,0,-1,1,0,1,0,0,-1,0,0,0,1,1,0,-1,-1,0,-1,0,0,-1,0,0,0,0,1,-1,-1,1
3530,1,-1,0,-1,0,1,1,-1,0,0,0,0,1,0,0,0,0,0,1,0,0,-1,1,0,0,0,1,0,-1,1,0,1,0,1,1,0,1,0,0,0,0,-1,0,0,1,0,0,-1,1,0,0,0,1,-1,0,0,-1,-1,1,0,0,1,0,-1
3531,-1,0,-1,0,-1,0,-1,-1,0,0,1,0,0,0,1,0,-1,0,0,0,0,-1,0,-1,0,1,-1,0,1,0,1,1,-1,0,0,-1,0,0,1,0,1,-1,0,1,1,1,0,-1,0,0,0,0,0,0,0,0,1,-1,-1,0,0,0,0,1
3532,0,0,0,0,0,0,0,0,0,0,0,0,0,0,1,0,0,-1,-1,0,0,0,0,0,-1,0,0,1,0,0,0,0,-1,1,-1,0,-1,0,0,1,0,0,1,0,0,-1,0,0,0,-1,0,0,0,0,0,0,-1,-1,0,0,0,0,0,0
3533,0,-1,-1,0,1,1,-1,1,0,1,0,0,0,0,0,0,0,0,1,0,-1,0,0,1,0,0,0,0,0,0,-1,0,0,0,0,0,-1,0,-1,0,0,1,-1,1,-1,0,0,0,0,1,0,0,1,0,0,0,0,1,0,0,1,0,0,0
3534,0,1,0,0,0,0,-1,0,0,0,0,-1,1,-1,1,0,0,0,0,1,-1,1,0,0,0,0,0,0,0,0,1,0,0,1,0,0,0,0,0,0,0,-1,0,0,0,-1,0,0,1,1,-1,0,0,0,1,0,0,-1,1,0,-1,1,0,0
3535,0,-1,0,1,0,0,0,0,0,0,0,-1,0,1,0,0,-1,0,1,-1,1,0,0,0,-1,0,0,-1,0,1,0,0,1,0,0,1,0,0,0,0,0,1,0,0,0,0,0,-1,1,0,-1,1,0,-1,0,0,0,0,0,0,0,-1,-1,1
3536,0,1,0,0,0,1,0,1,-1,0,0,0,0,-1,-1,0,0,0,0,0,0,0,0,0,0,1,0,-1,1,0,-1,0,-1,1,0,1,0,0,0,0,0,0,0,0,0,0,1,0,0,1,0,-1,-1,0,0,0,1,0,0,0,0,0,0,-1
3537,0,0,0,0,0,0,0,0,0,0,0,0,0,0,1,1,-1,1,0,0,0,-1,0,0,0,0,-1,0,0,0,0,0,0,0,0,1,1,-1,-1,0,0,0,-1,0,1,0,0,0,0,0,1,0,-1,-1,0,0,0,1,-1,1,1,-1,1,1
3538,0,0,0,-1,1,-1,0,-1,0,0,0,1,0,0,0,-1,0,1,0,1,0,0,-1,0,0,0,0,-1,0,0,0,0,0,0,1,0,-1,0,0,0,0,0,0,0,0,1,1,-1,0,0,-1,0,0,0,0,0,0,0,0,-1,1,0,-1,0
3539,0,0,0,0,0,0,0,0,0,-1,0,0,0,0,0,0,0,0,0,0,0,0,-1,0,-1,-1,0,1,0,1,0,0,0,1,1,0,0,0,0,0,1,0,0,0,0,0,0,1,0,-1,0,1,0,0,0,0,-1,-1,1,1,0,0,0,0
3540,0,0,-1,0,0,-1,0,0,0,1,0,0,0,1,-1,0,0,0,-1,-1,0,0,-1,-1,1,0,1,0,0,-1,0,-1,-1,0,-1,0,0,1,0,0,-1,0,0,0,1,1,-1,-1,0,0,0,0,-1,0,0,0,-1,0,0,0,1,0,0,1
3541,0,0,1,0,0,-1,0,0,1,0,0,0,0,0,-1,0,-1,0,0,0,0,0,0,1,1,-1,1,0,0,0,0,-1,0,1,0,1,-1,0,0,0,0,0,0,0,0,0,0,0,-1,1,-1,0,0,0,0,0,0,0,1,0,1,0,0,0
3542,0,0,0,-1,0,0,0,0,0,0,0,0,0,1,1,0,1,0,0,0,0,0,0,0,0,0,0,1,0,0,0,0,0,-1,0,0,0,1,1,-1,1,0,0,0,1,0,0,0,0,0,0,0,0,0,0,-1,-1,0,0,0,1,0,-1,0
3543,0,0,0,0,0,-1,-1,1,-1,0,0,1,1,1,0,0,0,0,-1,0,0,0,0,0,1,0,0,1,-1,1,-1,0,0,0,0,-1,-1,0,0,-1,0,0,-1,-1,0,0,1,0,0,-1,1,0,0,-1,0,0,0,0,0,1,1,0,1,-1
3544,0,0,0,0,0,0,0,0,0,0,0,0,-1,0,-1,0,1,0,0,0,0,0,0,0,1,0,0,1,0,0,0,0,0,-1,0,0,1,1,1,0,0,-1,-1,-1,-1,1,0,1,0,0,0,-1,0,0,-1,0,0,0,0,0,0,0,0,0
3545,0,0,0,0,0,0,1,0,1,0,1,0,-1,1,0,1,0,-1,0,0,0,0,-1,0,1,0,-1,0,0,0,1,0,-1,0,-1,0,0,0,-1,1,0,0,-1,-1,1,0,0,0,0,0,0,0,0,1,0,1,0,-1,0,1,1,-1,0,0
3546,0,-1,1,0,0,0,-1,0,0,0,0,0,-1,0,-1,0,0,-1,0,-1,-1,1,0,0,0,0,-1,-1,1,-1,-1,0,0,0,0,0,-1,0,0,-1,0,0,0,0,0,0,0,-1,0,0,-1,0,1,1,1,0,-1,0,0,1,1,0,0,0
3547,0,0,-1,0,-1,0,1,0,0,0,0,0,-1,0,1,0,0,0,0,0,0,1,0,0,1,-1,0,0,0,0,0,1,0,0,0,0,1,1,0,0,0,0,-1,1,-1,1,0,0,0,-1,0,0,0,0,0,0,0,0,0,1,0,0,-1,0
3548,0,0,0,0,0,0,0,-1,-1,0,1,0,-1,0,1,0,1,0,0,-1,-1,0,0,0,0,0,0,0,0,-1,0,0,0,0,0,0,1,-1,0,0,0,0,0,1,0,0,1,0,0,1,0,0,1,0,-1,1,0,0,0,-1,-1,0,0,0
3549,0,0,0,1,-1,1,0,1,0,0,1,-1,0,1,0,1,-1,-1,1,0,0,-1,0,0,0,-1,1,0,0,0,-1,0,0,0,0,1,1,1,0,1,0,0,1,0,0,0,0,-1,0,0,0,0,0,0,0,0,0,0,0,-1,0,0,0,0
3550,1,0,0,0,0,0,0,-1,-1,1,0,0,1,0,0,0,0,1,0,0,0,0,-1,1,0,0,0,0,-1,-1,-1,-1,0,0,0,-1,0,0,0,-1,0,0,0,0,0,-1,-1,1,0,-1,0,-1,0,1,1,0,-1,1,0,-1,0,-1,0,0
3551,1,0,0,-1,0,0,0,0,0,0,1,-1,0,1,0,0,0,0,-1,0,0,0,0,-1,1,1,-1,0,0,0,0,0,-1,0,1,0,1,0,-1,0,0,-1,0,0,-1,0,1,1,0,0,0,0,1,0,0,0,0,0,0,0,-1,0,0,1
3552,0,0,-1,0,-1,0,0,0,-1,0,0,-1,0,1,-1,0,0,0,0,1,0,0,1,0,1,-1,0,0,0,0,0,0,0,1,0,0,1,0,0,1,0,-1,0,0,0,-1,0,0,-1,0,0,0,1,1,0,0,0,0,0,1,0,1,0,0
3553,-1,0,0,0,1,0,0,0,0,0,0,0,1,1,1,0,0,0,0,-1,0,1,0,0,0,-1,-1,0,1,0,-1,-1,-1,0,1,1,0,0,1,0,1,0,-1,-1,0,0,0,0,0,-1,0,0,-1,0,0,0,-1,1,0,0,0,0,0,1
3554,-1,0,0,-1,0,0,0,0,0,0,0,0,1,0,0,0,0,-1,0,1,0,1,-1,0,0,1,0,0,1,-1,0,0,0,0,0,0,0,0,1,0,0,0,0,0,0,-1,-1,-1,0,0,1,0,0,0,1,0,1,1,-1,0,0,1,-1,0
3555,0,0,-1,0,0,0,1,0,0,1,0,0,0,0,0,0,-1,0,-1,1,0,0,1,0,0,-1,0,1,0,1,1,0,0,-1,0,0,-1,0,-1,0,-1,-1,0,0,0,0,1,0,0,-1,1,0,0,-1,0,-1,0,0,0,0,1,0,0,0
3556,0,-1,0,0,0,0,0,1,1,-1,0,0,0,1,1,0,0,0,0,0,0,1,0,0,0,0,0,0,0,0,0,0,-1,-1,0,0,1,0,0,0,0,-1,0,0,0,0,0,1,0,0,-1,0,-1,1,1,1,0,0,0,1,0,0,1,0
3557,0,1,0,0,-1,0,1,1,1,0,0,0,1,0,1,0,0,0,0,0,1,1,0,0,0,0,-1,1,-1,-1,-1,1,1,0,0,1,0,0,0,1,0,1,0,1,0,0,0,-1,0,-1,0,0,0,0,-1,-1,0,0,0,-1,1,0,0,0
3558,0,0,0,0,0,0,0,0,0,0,-1,1,0,0,0,1,0,0,0,1,0,0,0,-1,0,1,1,0,0,0,0,-1,0,-1,0,-1,-1,0,0,0,0,0,1,0,0,-1,-1,0,0,-1,1,0,0,0,0,0,-1,1,0,0,-1,0,0,-1
3559,0,0,0,0,0,0,1,0,1,1,0,0,0,1,0,0,0,0,0,0,1,-1,1,0,1,0,0,0,0,0,1,0,1,-1,0,0,0,-1,1,1,-1,0,0,0,0,-1,0,1,0,-1,1,0,0,0,0,1,0,-1,0,0,1,1,0,-1
3560,0,0,0,-1,0,-1,0,0,0,-1,-1,0,-1,0,0,0,1,0,0,-1,0,0,0,0,0,0,0,0,-1,-1,0,1,0,-1,0,0,0,-1,-1,-1,0,-1,-1,0,0,-1,-1,0,1,0,0,-1,1,0,0,0,0,0,0,0,0,1,0,1
3561,1,0,0,-1,0,0,-1,0,-1,0,0,0,0,-1,0,1,0,1,0,0,0,0,0,0,0,0,0,1,1,0,1,1,0,0,1,0,0,-1,1,0,0,0,0,-1,0,0,1,0,0,0,0,0,0,0,1,-1,-1,-1,0,1,0,0,1,0
3562,-1,0,0,-1,-1,0,0,0,0,0,-1,-1,-1,-1,0,0,0,0,-1,0,0,0,-1,0,0,0,0,-1,0,0,0,0,0,-1,-1,1,0,0,-1,0,0,1,0,0,0,0,0,0,0,1,0,1,1,1,0,1,0,0,1,0,0,0,0,1
3563,1,0,0,0,0,0,0,1,0,0,0,0,0,-1,0,0,0,0,-1,1,0,-1,0,0,0,0,0,0,1,0,0,-1,0,0,-1,1,-1,0,0,0,0,1,1,0,0,-1,1,-1,-1,1,1,-1,0,0,0,-1,0,0,0,-1,0,1,1,0
3564,0,-1,1,1,1,0,0,1,0,0,-1,1,0,0,-1,0,0,0,1,0,1,-1,0,-1,-1,0,-1,0,1,1,0,0,-1,0,1,0,0,1,0,0,-1,-1,1,0,0,0,-1,1,0,0,0,0,0,0,0,-1,1,0,-1,0,0,0,-1,0
3565,0,0,0,0,0,0,0,0,0,0,-1,0,0,0,0,1,-1,0,0,0,0,0,-1,0,0,-1,-1,-1,0,-1,0,-1,0,1,0,-1,0,0,0,1,-1,0,0,0,0,0,1,0,0,-1,0,1,1,0,-1,0,0,-1,-1,0,0,1,0,0
3566,0,0,-1,0,1,1,1,0,0,0,-1,-1,1,0,0,0,0,0,1,0,0,0,0,1,0,0,0,0,0,0,0,-1,0,-1,0,0,0,0,0,-1,0,0,0,-1,0,0,1,0,1,-1,0,0,0,-1,0,0,0,1,0,0,0,-1,1,0
3567,-1,0,0,-1,0,0,0,1,1,0,-1,0,1,0,-1,0,-1,0,0,0,0,0,0,0,-1,0,-1,0,1,0,0,1,0,0,1,-1,0,-1,1,1,0,0,0,0,0,-1,0,1,0,0,-1,1,1,-1,0,-1,-1,-1,1,0,0,-1,0,0
3568,0,0,0,0,0,0,0,0,0,0,0,1,1,0,0,0,-1,1,0,0,-1,0,0,0,0,1,0,0,-1,1,1,0,1,0,-1,0,0,0,0,0,0,0,0,0,0,1,0,1,1,0,1,0,1,0,1,0,0,1,-1,-1,-1,0,0,0
3569,0,0,1,0,0,-1,-1,0,1,0,0,0,0,0,0,1,1,0,1,0,0,0,0,0,0,1,0,-1,0,0,0,1,0,1,1,0,0,0,1,1,-1,0,0,1,-1,0,0,0,0,0,0,-1,0,-1,1,1,0,0,0,0,1,0,-1,-1
3570,0,0,0,0,0,0,0,0,0,1,0,-1,-1,0,0,0,0,0,0,0,0,0,0,1,0,0,0,0,0,1,-1,0,0,1,0,-1,0,-1,1,0,1,1,0,0,0,1,0,1,-1,-1,0,0,-1,0,0,0,0,0,0,0,0,-1,0,0
3571,-1,0,0,1,0,0,0,1,0,0,0,0,1,0,0,0,0,0,-1,-1,0,0,0,1,1,0,-1,0,0,0,0,1,0,0,0,0,1,0,0,0,0,0,0,0,0,0,0,0,0,0,0,1,-1,0,1,0,0,0,-1,1,1,0,0,0
3572,1,1,0,0,1,1,0,0,0,0,0,1,0,0,0,0,0,1,-1,0,0,1,0,0,-1,1,-1,0,0,1,0,-1,0,1,-1,0,0,0,0,0,0,-1,-1,0,1,0,0,0,0,-1,-1,-1,0,0,0,0,0,0,0,0,-1,0,0,-1
3573,0,1,-1,0,0,1,1,0,0,1,0,0,0,1,0,0,0,0,0,0,0,0,0,-1,-1,0,1,0,0,-1,1,0,-1,-1,1,0,-1,0,-1,0,0,0,0,1,0,0,1,0,0,0,-1,-1,-1,1,0,0,0,0,1,-1,0,0,0,-1
3574,0,0,0,0,0,0,0,0,1,0,1,0,1,-1,-1,0,0,0,1,0,0,0,0,0,0,0,0,-1,0,0,1,0,0,0,0,1,0,0,1,0,-1,1,0,0,0,0,0,0,-1,0,-1,-1,0,1,-1,0,-1,0,0,0,0,0,0,0
3575,1,0,0,0,1,1,1,0,1,0,1,0,0,0,-1,0,0,0,1,0,1,0,0,1,-1,0,0,0,0,-1,-1,0,-1,0,1,0,0,0,-1,1,1,1,0,0,-1,1,0,1,0,1,0,-1,0,0,0,0,0,0,0,1,0,1,0,1
3576,0,-1,0,0,0,0,0,0,-1,0,0,0,0,0,0,0,0,0,0,0,0,1,0,1,1,1,0,-1,-1,0,0,0,0,-1,0,-1,0,0,0,0,0,0,0,0,0,0,1,-1,0,0,-1,0,0,1,0,0,0,0,0,0,0,-1,0,0
3577,0,1,-1,0,-1,0,0,-1,0,0,-1,-1,0,0,0,1,0,-1,0,0,1,0,0,0,-1,1,1,-1,0,0,0,-1,0,0,-1,0,1,0,-1,0,0,1,1,0,-1,0,0,0,0,-1,0,0,0,0,1,1,1,-1,0,0,0,0,0,0
3578,0,0,1,0,-1,0,0,0,1,0,0,0,0,1,-1,0,0,0,0,0,0,0,0,-1,0,0,0,0,1,0,0,-1,-1,1,-1,0,0,0,0,-1,-1,0,0,0,0,-1,0,-1,0,1,0,1,-1,0,1,1,-1,-1,0,0,1,0,-1,1
3579,0,-1,0,0,0,-1,0,-1,0,0,0,1,0,0,0,0,1,0,1,0,0,0,0,0,-1,0,0,0,0,0,-1,0,-1,-1,0,0,0,0,0,0,0,0,0,-1,0,0,1,-1,1,0,0,0,0,0,0,0,0,-1,0,0,0,1,0,0
3580,0,0,0,0,0,0,1,-1,0,0,0,0,0,0,0,0,0,0,-1,0,1,0,0,0,1,0,0,0,0,-1,1,0,0,1,0,0,-1,1,0,0,0,-1,0,0,0,0,-1,0,-1,0,-1,0,0,0,0,0,0,1,0,0,0,0,0,0
3581,0,0,0,0,0,0,0,0,0,-1,-1,0,0,0,0,1,1,0,1,0,1,0,0,1,0,1,0,0,0,0,0,0,0,0,0,0,0,0,0,0,0,0,-1,-1,0,-1,0,0,1,0,1,0,0,0,-1,0,0,0,-1,-1,0,-1,0,-1
3582,0,1,0,0,0,1,0,0,0,0,-1,0,0,0,0,-1,0,0,0,1,0,0,0,1,0,0,0,1,0,1,1,0,-1,1,0,0,0,0,0,0,0,0,0,0,0,0,0,-1,0,0,0,0,0,0,-1,0,1,1,0,1,1,0,-1,0
3583,0,0,0,0,-1,-1,0,0,-1,0,0,0,0,0,0,0,-1,1,0,1,-1,1,1,0,-1,0,0,1,-1,0,0,0,0,0,0,0,1,0,0,0,1,0,1,0,0,-1,0,0,0,1,1,0,1,0,0,0,0,0,0,0,0,0,0,1
3584,-1,0,0,0,0,0,0,1,0,0,-1,0,0,1,0,-1,0,-1,0,-1,0,0,0,0,0,0,1,-1,0,0,0,-1,0,-1,0,1,0,0,0,0,0,0,0,1,0,0,-1,1,-1,1,0,0,0,0,1,0,0,0,0,-1,0,1,1,0
3585,1,0,0,1,0,0,1,-1,1,0,1,0,0,0,-1,1,0,1,-1,0,0,-1,-1,-1,0,-1,-1,0,0,0,0,0,1,0,0,1,0,0,-1,0,0,-1,-1,0,0,0,0,0,0,1,-1,0,0,0,0,0,0,-1,0,0,1,0,0,0
3586,1,0,-1,-1,0,0,1,0,0,0,-1,0,0,1,0,0,1,-1,0,0,0,1,0,0,0,0,0,1,0,0,-1,0,1,0,0,0,1,0,0,0,0,0,0,1,1,-1,0,0,0,-1,0,1,1,1,0,1,0,-1,1,0,0,0,0,-1
3587,0,0,0,0,0,-1,0,0,-1,0,0,0,0,0,0,1,-1,0,0,1,1,0,0,0,0,0,-1,0,0,0,1,0,0,0,0,1,0,0,1,0,0,0,0,-1,0,0,0,0,0,0,-1,0,0,0,-1,0,0,0,0,1,0,0,0,-1
3588,-1,0,0,0,0,-1,0,0,-1,0,-1,-1,0,0,1,0,0,1,0,0,0,0,0,0,0,0,0,0,-1,0,0,0,0,0,0,0,0,0,-1,0,0,-1,1,1,1,0,1,0,1,0,1,1,1,-1,0,0,0,0,1,1,0,0,0,0
3589,1,0,0,1,0,0,0,0,0,-1,0,1,0,0,1,1,1,0,0,0,0,0,0,-1,-1,-1,-1,0,0,0,0,0,1,0,0,1,0,0,0,0,0,1,0,0,0,0,-1,-1,0,0,0,0,1,-1,1,0,1,0,0,0,0,0,0,0
3590,0,0,-1,0,0,0,1,1,0,0,0,0,0,0,-1,0,0,0,1,1,0,1,0,0,0,0,-1,0,0,1,0,0,0,0,-1,0,1,0,0,0,-1,1,0,0,0,0,0,-1,0,-1,0,0,0,0,0,0,0,1,0,0,0,0,0,1
3591,0,0,0,0,1,0,1,0,1,1,-1,0,0,0,0,0,-1,0,-1,-1,0,0,0,1,0,1,1,0,1,0,1,1,0,1,0,0,1,0,0,0,0,0,1,0,0,0,0,0,0,0,0,0,0,0,0,1,0,0,0,0,-1,0,0,-1
3592,0,0,0,1,0,0,0,0,0,1,0,0,0,-1,0,-1,0,0,0,-1,0,0,1,0,-1,0,1,1,0,1,0,1,0,1,-1,0,0,0,0,0,0,-1,-1,1,0,-1,1,0,1,0,0,0,0,-1,0,0,0,0,-1,0,0,0,0,0
3593,1,0,0,0,0,-1,0,1,-1,0,0,0,0,0,-1,0,0,0,0,0,-1,0,0,1,0,0,0,1,0,0,0,0,1,0,-1,0,0,0,-1,0,0,-1,1,-1,1,0,0,0,0,0,0,0,0,0,1,-1,-1,1,0,0,0,0,0,0
3594,-1,0,1,0,-1,0,-1,0,0,-1,0,1,-1,0,-1,0,0,0,0,1,0,0,1,0,0,-1,0,0,0,0,0,0,0,1,0,0,-1,1,0,1,1,0,1,0,0,1,-1,1,0,0,-1,0,0,-1,0,1,1,-1,0,0,1,-1,1,1
3595,0,0,0,-1,0,0,0,0,0,-1,0,0,-1,0,-1,0,0,0,0,0,-1,0,0,0,0,-1,-1,-1,-1,1,0,0,0,0,0,0,0,0,-1,0,1,-1,0,0,0,-1,0,0,0,0,0,0,0,0,0,0,0,0,-1,0,0,1,-1,-1
3596,-1,0,0,0,0,0,0,-1,0,0,-1,0,1,0,1,0,0,0,0,0,0,-1,1,0,-1,0,0,-1,0,0,-1,0,-1,0,0,0,-1,1,0,0,0,0,-1,0,1,0,0,0,1,-1,1,0,0,0,1,0,0,0,0,0,1,0,0,0
3597,0,0,0,0,0,0,1,0,0,1,0,0,0,0,0,0,0,0,0,0,-1,1,0,0,0,1,-1,0,0,0,0,0,-1,0,1,0,0,0,0,1,-1,0,-1,0,0,0,-1,-1,0,1,-1,0,0,0,1,-1,-1,0,1,1,0,-1,1,-1
3598,-1,0,0,0,0,1,0,1,0,-1,0,-1,-1,0,0,0,-1,1,0,0,0,0,0,0,0,0,0,0,0,0,1,0,-1,-1,0,0,0,0,0,-1,1,0,0,1,0,0,0,-1,-1,0,0,-1,1,1,0,0,0,0,0,0,-1,0,0,0
3599,0,0,0,1,0,1,-1,0,0,0,0,1,0,-1,0,0,0,0,0,1,0,0,0,0,-1,0,-1,0,-1,0,0,0,-1,0,0,0,0,0,-1,-1,0,0,0,0,1,1,0,0,0,0,0,0,0,0,0,1,0,0,-1,0,1,-1,1,1
3600,0,-1,-1,0,-1,0,0,0,0,0,0,0,0,0,-1,0,0,-1,0,1,0,0,0,0,0,1,1,0,0,0,0,-1,-1,0,0,0,0,0,0,0,0,0,0,1,1,1,0,-1,-1,0,-1,0,-1,-1,0,0,1,1,1,-1,0,0,0,-1
3601,0,0,1,0,1,0,0,0,0,0,0,0,0,1,1,0,-1,0,0,0,0,1,0,0,-1,1,0,0,0,1,1,-1,0,-1,0,1,-1,0,0,1,1,0,0,0,0,0,-1,0,0,0,0,0,1,0,0,0,0,0,0,0,0,0,0,0
3602,0,0,0,0,0,0,0,0,-1,0,1,0,0,0,1,0,1,-1,0,-1,0,0,0,-1,0,-1,-1,0,-1,0,0,0,-1,0,1,1,0,0,-1,0,0,-1,0,0,-1,0,-1,-1,0,1,1,0,0,-1,1,0,0,-1,0,1,-1,0,0,0
3603,0,0,0,1,0,0,0,0,0,1,0,0,0,0,1,1,1,0,1,0,0,0,1,1,0,0,1,0,0,0,-1,1,1,0,0,0,0,0,0,-1,0,0,-1,1,0,0,0,0,0,0,-1,-1,0,0,0,0,0,0,0,0,0,0,-1,0
3604,0,0,0,0,1,1,0,0,0,-1,1,0,-1,0,0,1,0,-1,0,-1,-1,0,-1,0,-1,0,0,0,0,0,0,-1,-1,1,1,0,0,0,0,0,0,0,-1,0,1,0,0,1,0,-1,0,0,0,0,0,1,0,-1,0,0,0,0,0,1
3605,0,0,-1,0,-1,0,-1,1,1,1,-1,-1,0,0,0,0,0,0,0,0,0,0,0,0,1,0,1,0,0,-1,0,0,-1,-1,0,1,0,1,0,0,0,0,0,0,0,0,0,0,0,0,1,0,0,0,0,0,1,0,0,-1,0,-1,0,1
3606,0,0,0,0,0,0,1,1,-1,0,0,-1,0,1,-1,0,0,0,-1,-1,0,0,-1,0,1,0,-1,1,-1,0,0,0,0,0,0,0,-1,0,0,1,1,0,-1,-1,0,0,0,-1,0,0,0,-1,0,0,0,0,0,1,0,0,0,-1,-1,-1
3607,0,-1,0,1,0,0,0,1,0,0,0,0,-1,0,1,0,0,0,0,0,0,0,0,0,0,0,0,0,1,0,0,-1,1,0,0,-1,0,-1,0,1,1,1,0,0,0,0,-1,0,0,-1,0,0,0,0,0,-1,0,-1,0,1,0,-1,0,-1
3608,-1,-1,1,1,-1,-1,-1,0,0,-1,1,0,0,1,0,0,0,-1,0,0,0,-1,0,-1,0,0,-1,0,0,-1,1,0,1,0,0,-1,0,0,-1,0,0,1,1,0,1,0,-1,0,-1,0,1,-1,0,0,0,0,0,-1,0,1,0,0,0,0
3609,1,0,0,0,0,0,0,0,0,0,-1,0,1,0,1,0,0,0,0,-1,0,0,-1,-1,-1,0,0,0,0,0,0,0,0,0,0,0,0,1,0,0,-1,-1,0,0,0,0,0,0,0,-1,0,0,0,-1,0,0,-1,0,0,0,0,-1,0,1
3610,1,-1,0,1,0,0,1,0,1,-1,1,0,0,-1,0,0,0,0,1,0,0,0,0,0,0,0,1,1,0,0,0,-1,-1,0,1,-1,0,0,0,0,1,1,0,0,-1,0,0,0,1,1,1,0,0,0,0,0,0,1,-1,0,0,0,0,0
3611,1,1,0,-1,0,1,0,0,1,1,0,-1,0,-1,0,0,1,0,1,0,0,0,0,-1,0,-1,0,-1,1,0,-1,0,0,0,0,0,-1,0,0,1,0,0,1,0,1,0,1,0,0,0,0,-1,0,0,0,0,-1,0,-1,-1,0,1,0,0
3612,0,-1,0,0,0,0,0,0,0,1,0,0,0,0,1,0,-1,0,0,0,0,0,-1,0,0,0,1,0,1,-1,0,0,0,0,1,0,0,0,-1,0,1,0,1,-1,0,-1,0,0,-1,0,0,-1,0,0,0,-1,0,0,0,0,0,0,0,0
3613,0,1,1,-1,0,0,0,0,0,0,-1,0,0,1,0,0,0,0,0,1,0,0,0,0,0,0,0,0,1,0,0,0,0,1,0,0,0,0,1,0,1,0,0,0,0,0,1,0,0,-1,0,0,0,1,-1,0,0,0,-1,0,1,1,1,0
3614,0,0,1,0,0,1,0,0,1,0,0,0,0,-1,0,0,0,0,0,0,0,-1,0,1,0,0,1,1,0,1,0,0,0,-1,0,0,0,0,1,-1,0,-1,-1,0,-1,0,0,-1,-1,1,0,1,0,0,0,1,0,0,0,0,1,0,-1,0
3615,0,-1,-1,-1,0,0,1,0,0,0,0,0,0,0,0,0,0,1,1,0,0,0,0,-1,0,-1,0,1,0,1,0,0,-1,1,0,1,0,0,0,0,0,0,0,0,0,1,0,0,0,1,-1,0,0,0,0,0,0,0,0,-1,0,0,1,0
3616,0,0,0,1,0,-1,0,0,0,-1,0,1,-1,0,1,0,-1,0,1,0,0,0,1,0,0,0,0,1,1,0,1,0,0,-1,0,0,0,0,-1,0,0,0,1,1,0,0,0,0,0,-1,-1,0,0,0,1,-1,0,0,0,0,-1,0,0,0
3617,0,0,0,1,0,0,0,-1,1,0,0,0,-1,0,0,-1,-1,1,1,1,0,0,-1,0,-1,-1,0,-1,1,0,0,0,0,0,0,0,0,0,1,0,-1,0,0,0,0,0,-1,0,0,-1,1,-1,1,-1,0,0,0,-1,-1,0,0,-1,0,-1
3618,1,-1,-1,0,0,0,0,1,0,0,0,0,0,1,0,1,1,1,0,1,1,0,0,1,-1,0,0,0,0,1,0,0,-1,-1,0,0,1,0,0,-1,0,0,0,0,0,1,-1,-1,-1,0,0,0,0,0,0,0,0,0,0,0,0,-1,0,0
3619,-1,0,0,1,0,0,0,0,0,-1,1,0,0,0,0,0,0,0,0,1,1,0,0,0,0,0,0,0,-1,0,-1,0,1,0,0,0,1,-1,0,0,0,0,0,0,0,0,0,0,0,0,0,0,0,-1,0,-1,0,0,0,1,0,0,0,0
3620,0,-1,0,0,-1,0,0,0,0,1,0,1,0,1,0,0,1,-1,0,0,0,1,0,1,0,1,0,0,0,0,0,0,0,0,-1,0,1,0,0,0,-1,0,-1,0,0,1,-1,0,0,0,-1,0,1,0,-1,0,0,0,0,0,1,1,0,0
3621,0,0,1,-1,0,0,0,-1,1,1,-1,1,0,-1,-1,0,1,0,0,0,0,1,0,0,0,0,0,0,1,-1,0,-1,1,0,-1,0,0,1,0,0,-1,1,-1,1,-1,1,1,0,0,-1,0,0,1,0,0,0,0,0,0,0,0,0,0,0
3622,0,0,1,1,0,0,0,0,0,0,1,-1,1,-1,1,0,-1,0,0,1,0,0,0,0,0,0,0,0,0,0,1,0,0,0,1,1,0,0,0,1,1,0,0,0,1,0,-1,1,0,0,0,0,0,0,0,0,1,0,0,0,0,-1,0,1
3623,0,1,0,0,0,0,0,0,0,-1,0,0,1,0,1,-1,-1,-1,0,0,0,0,0,0,0,0,0,0,0,-1,0,0,0,-1,0,0,0,1,1,-1,0,-1,0,0,1,0,0,0,0,0,1,0,0,0,0,0,-1,-1,0,0,1,0,0,0
3624,0,0,0,0,0,0,-1,-1,0,0,1,0,0,0,0,1,-1,0,1,0,0,-1,0,0,1,1,0,-1,0,-1,-1,0,0,0,0,0,0,0,0,0,0,0,0,0,-1,-1,-1,1,1,0,0,1,0,0,0,-1,0,0,0,-1,1,1,0,0
3625,0,0,0,0,0,0,0,0,1,1,0,0,0,1,1,0,0,0,-1,0,1,-1,0,0,0,0,0,0,0,1,0,-1,0,0,0,-1,0,0,0,0,1,0,0,0,0,0,0,1,-1,0,1,0,0,0,1,0,0,0,0,1,0,0,1,0
3626,0,0,1,0,0,0,0,1,0,0,-1,0,0,-1,0,1,0,0,0,0,0,-1,0,-1,0,-1,1,0,0,0,0,0,1,0,-1,0,0,0,0,0,1,0,0,0,0,1,0,0,0,0,0,1,0,0,1,1,-1,0,0,0,1,1,0,-1
3627,0,0,0,0,0,0,0,0,1,0,1,0,0,0,1,-1,0,1,-1,0,0,0,0,0,-1,0,0,0,0,1,1,0,0,-1,-1,-1,1,0,0,0,0,1,0,1,0,0,0,-1,1,0,0,0,0,0,0,-1,-1,0,-1,1,1,-1,1,0
3628,0,0,0,-1,0,0,-1,0,1,0,0,0,0,0,0,0,1,0,0,0,0,1,0,0,0,-1,-1,0,0,0,0,-1,0,0,0,0,-1,0,0,0,0,0,-1,-1,0,0,-1,0,0,0,1,0,1,1,-1,0,0,1,0,0,0,1,-1,-1
3629,0,-1,0,0,0,0,0,0,0,-1,0,0,0,0,-1,0,0,0,-1,0,1,0,0,1,0,-1,0,-1,0,1,1,1,0,0,1,-1,1,0,0,-1,0,0,0,-1,0,1,0,0,1,1,0,1,0,0,1,0,-1,0,0,-1,0,0,0,1
3630,0,0,-1,0,0,0,0,0,0,1,-1,0,1,0,1,0,0,0,-1,0,0,0,0,0,1,0,0,-1,0,0,-1,-1,0,0,-1,0,-1,0,-1,0,0,0,0,1,1,0,0,-1,0,0,0,1,1,0,1,1,0,1,0,0,0,0,-1,1
3631,0,0,-1,0,0,0,1,0,-1,0,1,0,-1,1,0,0,0,-1,1,1,1,0,0,0,0,0,0,0,0,0,0,0,1,1,0,1,0,0,1,-1,1,1,0,0,0,0,0,0,0,1,0,0,0,0,1,0,0,0,0,-1,0,0,0,0
3632,0,0,1,0,0,1,0,-1,0,1,1,0,-1,1,1,-1,0,1,0,0,-1,1,0,1,0,0,0,0,0,0,0,-1,1,0,0,0,0,0,-1,0,0,0,1,0,-1,0,1,0,0,0,-1,0,0,1,-1,0,0,0,0,1,-1,0,0,0
3633,0,-1,0,0,-1,0,1,0,0,-1,0,0,0,0,0,0,0,0,0,1,1,0,0,1,0,0,0,0,0,0,1,0,-1,1,0,-1,0,-1,-1,1,0,0,0,0,0,0,-1,1,0,0,0,0,0,-1,0,0,0,0,0,0,0,0,0,1
3634,1,1,0,-1,-1,1,0,0,1,1,0,0,0,0,0,0,0,0,1,0,0,0,-1,1,0,0,1,-1,0,0,0,-1,-1,0,0,0,-1,0,0,1,-1,-1,0,-1,0,0,0,0,0,0,-1,-1,0,0,0,-1,-1,0,-1,0,1,0,-1,1
3635,0,-1,0,0,0,0,0,0,0,1,0,0,-1,0,0,1,1,0,-1,0,0,1,-1,-1,0,0,0,0,-1,0,-1,1,0,-1,1,0,-1,0,0,-1,1,0,0,0,0,0,0,0,0,-1,0,0,0,0,0,0,1,-1,0,1,0,1,0,0
3636,1,-1,0,1,0,0,0,0,-1,0,0,0,0,-1,1,0,-1,-1,0,1,-1,0,1,-1,0,0,1,0,0,0,1,0,0,0,0,0,0,0,0,1,0,0,0,0,0,-1,0,0,0,0,1,1,-1,0,-1,0,0,-1,-1,-1,0,0,0,-1
3637,-1,1,0,0,0,0,-1,-1,1,0,-1,0,-1,-1,0,1,-1,0,1,0,0,1,0,1,-1,0,0,-1,0,-1,0,0,0,1,0,0,0,-1,-1,0,1,0,0,0,0,1,0,0,0,0,0,0,0,0,-1,1,0,0,0,1,0,0,0,0
3638,0,0,0,0,1,0,0,0,0,1,1,1,0,1,0,0,0,0,0,0,0,0,0,0,1,0,1,-1,0,0,0,0,0,0,0,0,0,0,1,0,1,0,0,0,0,0,-1,0,0,0,1,0,0,0,-1,1,0,1,0,0,-1,0,-1,-1
3639,1,0,-1,0,0,0,0,-1,0,0,0,-1,-1,0,0,0,0,0,0,1,0,0,0,0,-1,-1,-1,1,0,0,0,0,-1,1,-1,1,-1,0,1,0,-1,0,0,-1,0,0,1,0,0,0,1,-1,-1,0,0,1,0,1,1,0,0,1,0,0
3640,0,0,0,0,-1,1,0,0,0,0,1,1,0,0,0,1,0,1,0,1,0,0,-1,0,1,0,0,0,1,0,-1,0,-1,1,0,0,-1,0,0,0,0,0,0,0,0,0,0,0,0,1,-1,0,-1,1,0,0,0,0,0,0,0,0,0,0
3641,0,1,0,1,0,0,-1,0,0,-1,0,0,0,-1,0,0,0,0,0,0,0,0,1,0,0,0,0,1,0,0,0,-1,1,-1,0,0,-1,1,0,0,0,-1,0,0,0,0,1,0,0,-1,0,0,0,0,0,0,0,-1,-1,-1,0,-1,-1,0
3642,0,0,1,-1,1,-1,0,0,0,0,0,0,0,1,0,0,0,-1,0,0,0,0,1,-1,0,-1,0,1,0,0,0,0,0,0,-1,1,0,0,1,0,1,-1,-1,-1,-1,-1,-1,0,0,0,0,0,0,1,0,0,0,0,-1,1,0,0,1,0
3643,0,0,0,0,1,1,-1,-1,0,-1,0,-1,-1,0,0,-1,0,1,0,0,1,1,0,1,0,0,1,0,0,0,0,0,0,0,0,0,0,0,0,1,0,0,0,0,0,1,1,0,1,-1,0,-1,-1,0,0,0,0,0,0,0,0,-1,0,0
3644,0,0,0,0,0,0,0,-1,0,0,1,0,1,0,0,0,0,0,-1,0,0,-1,1,-1,0,0,0,0,1,0,0,0,1,1,1,-1,0,1,0,0,-1,0,0,0,0,0,0,0,1,-1,1,0,0,-1,0,0,0,1,0,-1,0,1,0,0
3645,-1,0,0,1,0,0,0,0,0,1,0,-1,-1,0,0,1,0,0,0,-1,1,-1,0,0,0,1,-1,0,0,0,0,1,0,0,0,1,0,-1,0,-1,-1,0,1,1,-1,1,1,0,0,1,0,1,0,0,0,0,-1,0,0,-1,1,0,1,0
3646,0,-1,0,0,0,0,-1,-1,0,0,1,0,0,0,-1,0,-1,0,0,1,1,-1,0,-1,1,-1,1,0,0,1,-1,0,0,0,0,-1,0,1,0,0,0,0,-1,0,0,1,0,1,1,0,-1,0,0,-1,1,0,0,0,0,1,1,-1,-1,-1
3647,1,0,0,0,0,0,0,0,1,-1,-1,1,0,1,0,0,0,0,-1,0,0,0,0,0,0,0,0,0,0,-1,1,0,0,0,0,0,0,0,1,0,0,0,0,0,0,-1,0,0,-1,1,0,0,-1,1,0,-1,0,0,0,1,0,-1,-1,-1
3648,0,0,1,0,0,0,0,0,0,0,0,0,0,0,0,1,0,0,1,0,0,0,0,0,0,1,1,-1,-1,0,0,-1,1,0,0,0,1,1,0,0,-1,1,0,0,0,-1,1,0,0,0,0,1,0,1,0,-1,0,0,0,1,0,1,0,0
3649,0,0,0,1,1,0,0,0,0,0,0,-1,0,0,0,0,-1,0,0,1,0,1,-1,0,0,-1,-1,1,-1,-1,0,0,0,-1,-1,0,0,0,0,0,0,0,0,0,1,0,0,1,-1,1,0,-1,0,-1,0,0,0,-1,0,0,-1,-1,0,-1
3650,0,-1,0,0,1,1,1,0,-1,0,0,1,0,0,0,0,0,0,1,0,0,0,1,0,-1,0,0,0,0,-1,0,0,0,0,0,0,0,0,0,1,1,0,1,1,0,1,0,-1,1,0,0,0,0,0,0,0,0,0,0,0,0,0,0,0
3651,-1,0,1,-1,0,-1,0,-1,1,1,0,-1,0,0,1,0,0,0,0,0,0,-1,0,1,0,1,0,1,1,0,-1,1,0,1,0,0,0,-1,0,-1,0,-1,0,0,0,0,1,0,0,0,0,0,0,-1,0,0,-1,0,0,0,1,0,0,1
3652,0,-1,1,0,0,0,0,0,0,-1,-1,1,0,0,-1,0,0,0,0,0,-1,1,1,0,0,1,0,0,-1,0,-1,0,-1,1,1,0,1,1,0,1,0,-1,0,0,-1,-1,1,0,0,0,1,0,-1,-1,-1,-1,0,-1,1,1,0,0,0,-1
3653,0,0,-1,0,0,1,0,0,0,0,1,0,0,0,0,0,0,0,1,0,0,0,0,0,1,1,1,0,0,1,0,0,-1,-1,1,0,0,0,0,0,1,0,-1,0,-1,0,0,0,-1,0,1,0,1,1,0,0,0,0,1,0,1,-1,0,0
3654,-1,1,-1,1,0,0,-1,0,0,0,0,0,-1,1,1,-1,1,-1,0,0,0,1,0,0,0,0,-1,1,-1,1,0,0,0,1,0,0,-1,0,-1,0,0,0,-1,0,-1,0,-1,0,1,0,-1,-1,0,0,0,0,-1,0,0,-1,0,0,-1,-1
3655,0,0,0,-1,0,0,0,0,0,-1,1,0,0,0,-1,0,0,-1,0,0,0,1,0,0,0,0,1,0,1,0,0,1,-1,-1,0,0,0,0,0,0,0,-1,0,0,0,0,0,1,-1,0,0,0,1,0,0,0,-1,0,0,0,0,0,0,0
3656,0,1,-1,0,1,0,0,1,0,0,-1,0,0,1,0,0,0,-1,0,-1,0,-1,0,-1,-1,0,0,0,-1,0,0,0,0,0,0,0,1,1,0,0,0,0,0,0,0,0,1,-1,1,0,0,0,0,0,1,0,0,0,-1,0,0,0,0,0
3657,1,1,1,-1,1,1,0,0,0,0,0,1,1,0,0,0,0,1,-1,0,0,-1,1,-1,1,0,0,1,1,1,0,0,0,1,0,1,0,0,0,0,0,0,0,0,0,0,0,0,0,-1,-1,0,0,0,-1,1,-1,-1,0,0,0,-1,0,0
3658,1,0,-1,1,0,0,0,1,-1,1,0,0,0,0,0,0,0,1,0,0,-1,0,0,1,0,0,0,0,0,0,0,0,0,0,-1,-1,0,0,0,0,0,1,0,1,-1,0,-1,0,1,1,0,0,1,0,0,0,0,0,-1,0,0,0,0,1
3659,0,1,1,0,0,0,0,-1,-1,-1,0,0,-1,0,-1,0,1,0,0,1,0,0,-1,-1,0,0,1,0,1,0,-1,0,0,-1,0,0,1,0,0,1,0,0,0,0,0,0,0,0,0,-1,-1,0,0,0,0,0,0,0,0,0,-1,0,-1,0
3660,0,0,0,-1,0,-1,-1,0,0,0,1,-1,0,0,0,-1,0,1,0,0,0,1,-1,0,1,0,0,0,-1,0,0,1,0,0,0,0,-1,0,1,0,1,-1,0,0,-1,0,-1,-1,0,-1,1,-1,0,0,0,-1,0,0,1,0,-1,0,0,1
3661,0,0,-1,0,-1,0,0,0,0,0,0,-1,0,0,0,0,0,0,0,1,1,1,0,-1,0,0,-1,0,0,0,0,1,0,1,-1,1,0,1,-1,0,0,0,0,0,0,0,0,0,0,0,0,0,0,1,-1,0,0,0,0,-1,0,0,1,0
3662,1,0,-1,0,-1,0,-1,0,1,-1,-1,1,1,-1,0,-1,-1,1,-1,0,-1,-1,1,-1,0,0,0,0,1,-1,0,1,0,0,0,-1,0,1,-1,-1,0,0,0,-1,0,0,0,1,0,0,0,0,0,1,0,0,0,-1,0,0,-1,1,1,0
3663,-1,0,0,-1,0,0,0,0,1,1,0,1,-1,0,0,0,1,0,0,-1,0,0,-1,0,0,-1,-1,0,0,1,-1,0,1,-1,-1,0,0,1,-1,0,0,0,-1,0,0,0,0,0,1,-1,0,1,0,0,0,0,0,0,0,0,-1,0,0,0
3664,-1,0,0,0,0,0,0,-1,0,0,-1,0,0,0,0,0,0,0,1,0,0,0,0,0,1,0,0,0,-1,0,0,0,1,0,1,-1,1,0,0,0,0,-1,0,0,0,0,0,1,-1,-1,-1,0,-1,0,0,0,-1,0,0,0,0,0,1,-1
3665,1,0,0,0,-1,1,0,0,1,0,0,0,0,-1,0,1,0,0,0,0,0,0,0,0,0,0,0,0,0,1,0,0,0,0,-1,0,-1,-1,0,0,0,0,0,1,0,0,1,0,0,1,0,0,0,-1,0,0,-1,1,0,0,0,0,-1,-1
3666,0,-1,0,-1,1,0,0,0,0,0,0,-1,0,0,0,0,0,1,1,0,0,0,0,0,0,-1,0,0,0,-1,-1,0,0,0,0,-1,1,0,-1,0,1,0,0,0,0,0,0,0,1,-1,1,0,0,0,-1,1,0,0,0,0,1,0,0,0
3667,-1,0,-1,0,-1,0,0,0,-1,0,-1,0,0,0,0,0,0,0,0,0,0,0,0,1,0,0,0,1,-1,0,-1,0,0,0,-1,0,1,-1,0,0,-1,1,0,0,0,0,0,0,0,-1,0,0,0,1,-1,0,0,0,0,1,-1,1,0,0
3668,1,0,-1,0,-1,0,0,0,0,0,-1,0,0,0,0,0,0,1,-1,1,0,1,0,0,0,0,1,0,1,-1,0,1,0,0,0,0,0,-1,0,0,1,0,1,0,1,0,0,1,0,0,-1,0,0,-1,0,0,0,0,0,0,0,0,0,-1
3669,0,0,0,0,0,0,0,0,0,-1,0,0,0,1,1,0,0,-1,0,1,0,0,0,0,1,1,-1,0,-1,0,-1,-1,0,0,0,0,-1,0,0,0,0,0,0,0,0,0,1,1,0,0,0,0,-1,0,0,0,0,0,-1,-1,0,0,0,0
3670,0,0,0,0,0,0,0,-1,0,0,0,0,0,1,0,1,0,1,0,0,0,0,0,0,0,0,1,0,-1,0,0,0,0,0,-1,1,0,1,0,0,1,0,0,0,0,0,0,0,1,1,-1,0,0,0,1,0,0,-1,1,-1,0,-1,0,0
3671,1,1,0,-1,0,0,0,-1,0,1,0,0,1,0,0,0,1,0,0,0,0,0,-1,0,0,1,-1,-1,0,0,1,0,1,1,-1,0,0,0,0,-1,-1,-1,0,-1,0,0,0,0,0,1,0,-1,-1,1,0,-1,0,0,0,-1,-1,-1,-1,0
3672,0,0,0,0,0,0,0,0,0,1,-1,0,0,1,0,0,0,0,0,0,0,0,0,0,0,0,0,0,1,0,1,-1,1,1,0,0,0,0,0,-1,0,-1,-1,0,-1,0,0,-1,0,-1,-1,0,0,0,0,0,0,0,-1,0,1,0,0,0
3673,-1,0,0,0,0,-1,1,0,0,0,0,0,0,-1,0,0,0,0,0,-1,0,0,0,0,1,0,-1,0,-1,0,0,-1,0,0,1,0,1,0,0,0,0,1,0,0,0,0,0,0,-1,0,0,1,1,1,0,0,1,0,0,-1,-1,-1,0,-1
3674,0,-1,0,1,0,-1,0,0,1,-1,0,0,0,0,0,-1,0,0,-1,-1,1,-1,-1,-1,0,1,0,1,0,0,0,0,1,0,0,0,0,0,0,-1,-1,0,0,0,0,-1,0,-1,0,0,0,-1,-1,1,0,1,0,0,0,1,1,-1,0,0
3675,1,-1,0,-1,-1,1,0,0,0,0,-1,-1,0,0,0,1,0,1,0,0,-1,0,0,1,0,0,0,1,-1,0,1,0,0,0,1,0,0,-1,0,0,0,0,-1,0,0,0,0,-1,0,0,1,1,1,0,1,0,0,0,0,0,0,0,0,0
3676,0,0,-1,-1,0,0,0,1,0,0,-1,1,0,0,0,-1,0,0,0,-1,0,0,0,1,0,1,0,0,1,0,0,-1,0,0,-1,0,-1,0,0,0,0,0,-1,0,1,-1,0,-1,0,0,0,0,0,0,0,0,1,1,0,0,-1,0,0,0
3677,0,0,0,0,-1,1,-1,1,-1,1,0,0,-1,-1,0,-1,0,0,1,0,0,1,0,1,0,0,0,-1,0,-1,1,0,0,0,-1,0,-1,0,0,0,0,0,-1,-1,1,0,0,0,0,-1,0,0,0,0,0,0,0,0,0,0,0,-1,0,1
3678,0,0,0,-1,1,0,0,-1,-1,0,1,0,1,0,-1,0,-1,1,1,0,0,0,0,0,0,0,0,0,0,0,0,0,0,0,-1,0,0,0,0,-1,0,0,0,-1,1,0,0,0,0,0,0,0,1,0,1,1,-1,0,0,0,0,1,0,0
3679,0,0,0,0,0,1,-1,0,0,0,0,-1,0,0,0,0,0,0,1,0,1,0,0,0,-1,1,-1,0,0,1,0,1,1,0,0,0,0,0,0,-1,0,0,1,1,-1,0,0,1,-1,0,1,0,0,-1,0,1,0,0,0,0,0,0,0,0
3680,0,0,0,0,0,0,1,0,0,1,0,0,1,-1,-1,0,0,0,0,0,0,0,0,-1,0,1,0,0,-1,0,0,0,-1,1,-1,0,0,0,0,0,0,0,0,0,0,-1,1,0,-1,0,0,0,0,0,0,0,0,-1,1,0,0,1,0,0
3681,0,-1,0,-1,1,0,0,-1,0,0,1,1,-1,0,1,1,1,1,0,0,1,0,1,0,0,0,0,0,-1,0,0,0,0,0,0,-1,0,1,-1,0,-1,1,-1,-1,0,-1,0,0,0,0,0,1,0,1,0,0,1,1,-1,0,1,1,1,0
3682,-1,1,0,0,0,-1,1,0,1,0,-1,0,-1,-1,-1,0,0,0,0,0,0,0,0,0,0,0,0,0,1,0,-1,0,0,1,0,-1,-1,0,0,-1,-1,1,0,0,0,0,1,0,-1,0,0,0,1,0,0,0,0,1,0,0,0,-1,-1,1
3683,0,0,0,0,0,0,0,0,-1,0,0,0,-1,0,0,0,0,0,0,0,0,0,0,0,-1,0,0,0,1,0,0,0,0,-1,0,0,0,-1,-1,0,0,1,0,0,0,0,0,0,0,0,0,0,1,-1,0,1,1,0,-1,0,0,0,0,-1
3684,0,0,0,0,1,0,0,0,-1,0,0,0,0,0,1,0,0,0,0,0,0,0,-1,0,1,-1,0,0,0,0,-1,-1,1,1,-1,0,0,0,1,-1,0,-1,0,0,0,0,1,0,1,1,0,-1,0,0,-1,0,0,0,0,0,0,-1,0,1
3685,0,0,0,-1,0,0,0,-1,-1,0,1,0,0,-1,0,1,0,0,-1,1,0,-1,-1,-1,0,1,0,1,0,0,0,0,1,0,0,0,-1,1,0,0,0,1,0,0,-1,0,-1,0,0,0,0,1,-1,0,1,0,1,0,0,-1,0,-1,0,0
3686,0,0,0,1,0,0,0,0,0,0,0,0,0,0,1,0,0,0,1,0,0,0,0,1,-1,0,0,-1,0,-1,0,-1,0,0,0,0,-1,0,0,1,-1,1,-1,0,0,0,0,-1,0,0,0,0,0,0,0,1,0,0,1,0,0,0,0,0
3687,0,1,0,1,0,0,-1,0,0,0,0,0,0,-1,0,0,0,0,1,0,0,0,0,0,0,0,0,1,0,0,0,0,0,1,0,0,1,1,1,0,0,0,-1,1,0,0,-1,-1,0,0,0,-1,1,-1,-1,0,0,1,0,0,0,0,-1,0
3688,0,0,0,-1,0,0,-1,0,-1,1,0,-1,0,0,1,0,0,-1,0,0,-1,0,0,-1,0,0,0,0,0,0,0,0,0,1,0,0,-1,-1,0,1,0,0,0,-1,0,0,0,0,-1,0,0,-1,0,0,0,0,-1,0,0,0,-1,0,-1,1
3689,0,0,0,0,-1,-1,0,1,0,1,-1,-1,0,0,0,0,0,-1,0,1,-1,0,0,1,-1,-1,-1,0,0,0,0,-1,-1,0,0,1,0,1,0,-1,0,-1,0,1,-1,0,-1,-1,-1,0,-1,0,-1,0,1,1,0,0,0,0,1,0,0,1
3690,0,1,1,0,1,0,0,0,-1,0,0,1,-1,0,-1,0,1,-1,0,-1,1,-1,0,1,-1,0,-1,0,0,1,-1,0,0,0,0,-1,1,0,-1,0,0,0,0,0,0,0,0,0,-1,0,0,0,0,0,-1,0,0,0,0,0,1,0,0,0
3691,0,0,0,0,-1,0,0,-1,0,0,0,0,-1,0,0,0,1,0,0,1,0,0,0,0,0,1,1,0,0,-1,1,0,1,0,1,0,1,0,0,-1,0,0,1,0,0,-1,0,0,0,1,0,1,1,1,-1,-1,-1,0,1,0,0,-1,0,1
3692,-1,0,1,0,-1,1,1,-1,0,0,0,-1,0,-1,-1,0,0,0,0,-1,0,0,0,0,0,0,0,0,0,0,0,0,0,0,1,0,0,1,1,0,-1,1,0,0,0,1,0,0,0,0,1,0,0,0,1,0,0,0,1,0,0,-1,0,0
3693,0,1,0,0,0,0,0,0,0,-1,0,0,0,0,0,1,0,0,-1,1,-1,0,0,0,0,0,0,-1,0,0,-1,0,-1,-1,0,-1,0,0,-1,0,-1,0,0,0,1,0,0,1,0,0,0,0,0,0,0,0,-1,0,-1,-1,0,0,0,0
3694,0,1,1,0,0,0,0,0,0,0,0,-1,0,1,0,0,1,0,0,0,0,0,0,0,0,0,0,0,0,0,0,0,-1,0,-1,-1,-1,0,1,0,0,-1,-1,1,0,1,0,0,-1,1,1,0,1,0,0,-1,1,0,-1,0,1,-1,0,0
3695,0,0,0,0,1,-1,0,1,0,0,0,0,0,0,0,0,1,0,1,0,1,0,0,-1,0,0,0,0,0,1,0,0,0,0,-1,1,-1,0,-1,0,0,0,1,0,0,1,0,0,-1,0,0,-1,-1,0,0,0,0,0,0,0,0,1,0,1
3696,0,0,0,0,0,0,0,0,0,0,1,0,0,-1,1,0,0,0,0,0,0,0,0,0,-1,0,0,-1,0,0,1,0,0,0,0,1,0,1,1,0,0,0,0,0,0,-1,0,-1,0,0,-1,1,0,0,1,0,0,0,0,-1,0,0,0,0
3697,0,0,1,1,0,0,0,-1,0,0,0,0,0,-1,0,1,0,1,0,-1,0,0,0,0,0,0,1,0,0,1,-1,0,0,1,0,0,0,1,0,0,0,0,0,0,-1,0,0,0,0,-1,0,-1,0,1,0,0,0,0,0,0,0,0,-1,0
3698,0,0,0,0,-1,0,-1,0,0,-1,-1,0,0,0,0,0,0,0,0,0,-1,0,0,-1,1,0,0,0,1,0,-1,0,0,0,-1,0,1,0,0,1,-1,0,1,-1,0,0,0,0,0,0,1,0,0,0,1,0,0,0,-1,0,1,1,1,-1
3699,0,0,-1,-1,0,-1,0,0,0,0,1,0,1,-1,0,1,1,1,1,0,0,1,0,0,0,0,1,1,0,-1,-1,0,0,1,0,-1,0,-1,0,0,-1,0,0,0,0,1,0,0,1,0,1,0,0,0,0,0,0,0,-1,0,-1,0,0,0
3700,-1,-1,0,1,0,0,0,0,0,0,1,0,0,0,0,1,0,1,0,0,0,0,1,0,0,1,0,0,0,1,0,1,0,0,0,0,-1,0,-1,-1,0,1,-1,0,0,0,-1,0,0,0,0,0,-1,0,0,1,0,1,0,-1,0,0,0,0
3701,0,0,0,0,-1,0,0,0,1,-1,-1,1,-1,1,-1,0,-1,0,0,0,1,0,0,0,1,0,-1,0,1,0,0,-1,0,0,0,0,-1,-1,0,1,0,1,0,0,1,0,0,1,1,0,1,0,0,-1,1,0,-1,0,0,0,0,-1,0,-1
3702,0,1,1,0,0,0,-1,0,0,0,0,1,0,-1,0,-1,0,-1,-1,0,0,0,0,-1,0,0,-1,0,0,0,-1,-1,1,-1,0,0,-1,0,0,0,0,1,0,1,-1,0,0,0,0,0,0,-1,1,1,0,0,0,0,-1,0,-1,0,0,0
3703,0,1,1,0,0,1,0,1,0,0,0,0,0,0,0,0,0,-1,0,1,0,0,1,0,-1,0,0,0,1,1,-1,1,0,0,-1,0,0,0,1,0,0,0,0,0,0,0,0,0,0,0,0,-1,0,0,0,-1,0,-1,0,0,0,0,0,0
3704,0,-1,1,0,0,1,0,0,-1,0,0,0,-1,-1,1,0,0,0,0,0,0,1,0,0,0,0,1,0,-1,1,0,1,0,0,0,-1,1,-1,-1,1,1,0,0,0,0,1,-1,0,1,0,0,0,0,1,0,0,0,0,0,1,0,0,0,0
3705,-1,-1,1,0,1,-1,-1,0,0,0,1,0,0,0,0,0,1,0,-1,1,0,-1,0,0,0,-1,0,0,0,-1,0,0,-1,1,0,0,0,0,0,0,0,-1,0,1,0,0,-1,1,1,0,0,0,0,0,0,-1,0,1,0,0,0,0,0,1
3706,-1,-1,0,0,0,0,0,1,0,1,0,1,0,1,0,0,1,1,0,0,1,0,0,0,1,0,0,0,0,0,0,0,0,-1,0,0,0,0,0,0,0,0,1,0,0,-1,1,0,0,0,0,0,0,0,0,0,0,0,0,-1,1,0,-1,1
3707,0,-1,0,0,0,-1,1,0,0,1,0,0,0,1,0,0,-1,0,0,0,0,0,1,0,1,1,0,-1,-1,0,0,-1,0,0,0,-1,0,0,0,0,-1,-1,0,0,0,0,-1,0,0,0,0,0,0,1,0,-1,-1,0,0,1,0,-1,-1,0
3708,0,-1,-1,0,0,0,0,0,0,1,0,-1,1,0,0,0,0,0,0,1,1,0,1,0,0,0,0,1,-1,0,-1,-1,0,0,0,-1,0,0,-1,-1,0,-1,0,0,0,-1,1,0,0,1,0,0,0,0,0,1,0,0,0,0,0,0,1,0
3709,0,0,-1,0,0,0,0,0,0,0,1,0,0,0,0,0,-1,-1,0,0,-1,1,0,0,0,1,1,0,-1,0,0,0,1,0,0,1,1,-1,0,0,0,0,0,0,0,-1,0,0,0,-1,0,0,0,1,0,1,0,1,-1,1,0,0,-1,0
3710,0,-1,0,0,0,1,0,0,-1,0,0,0,0,0,0,0,1,0,1,1,0,0,-1,-1,-1,-1,0,0,1,0,1,0,1,0,0,1,0,0,0,0,0,0,1,-1,1,-1,0,0,-1,0,0,0,-1,0,1,0,0,-1,0,0,0,-1,0,1
3711,-1,1,0,0,0,0,0,0,0,1,1,-1,0,0,1,-1,0,0,1,0,0,0,0,0,-1,0,1,1,1,0,-1,0,-1,0,-1,0,0,0,-1,-1,0,0,0,1,0,1,1,1,1,0,0,0,0,0,0,0,0,1,0,0,-1,-1,0,1
3712,0,1,0,1,0,0,0,0,1,0,0,0,0,0,0,0,0,0,0,0,0,0,0,-1,0,-1,0,0,0,0,-1,0,0,1,0,0,-1,0,0,0,0,0,0,0,0,1,1,0,0,0,0,1,0,0,0,0,-1,0,0,0,0,0,0,0
3713,0,1,1,1,0,0,1,0,0,-1,0,0,1,0,-1,0,0,0,-1,0,0,0,0,0,0,0,0,0,1,1,-1,0,1,0,0,0,1,0,1,0,0,0,0,0,0,1,0,0,1,0,0,-1,1,0,0,1,0,0,1,0,0,0,0,-1
3714,0,0,0,0,0,1,1,0,-1,0,0,-1,0,-1,0,0,0,0,1,1,0,0,0,0,0,0,1,0,-1,0,0,0,0,1,0,0,0,0,0,-1,-1,0,0,0,0,0,0,0,0,0,1,0,0,-1,1,0,0,0,-1,0,0,0,1,0
3715,1,0,-1,0,0,1,0,0,1,0,1,0,0,0,1,-1,-1,0,1,0,0,1,1,0,-1,0,0,0,0,1,0,0,0,0,0,0,1,0,-1,0,1,0,0,0,-1,0,0,0,0,0,0,0,0,-1,1,0,0,0,-1,0,0,0,0,-1
3716,0,1,-1,0,0,0,-1,1,-1,0,0,0,0,-1,-1,0,0,0,0,0,0,0,-1,0,0,0,0,0,0,1,1,0,0,0,1,1,-1,0,1,-1,0,0,-1,0,-1,0,0,0,0,-1,-1,0,-1,0,1,0,-1,0,0,1,0,0,0,0
3717,1,-1,0,0,1,0,0,-1,1,0,1,-1,0,0,0,0,0,-1,-1,1,0,0,0,1,1,0,0,-1,0,1,0,-1,1,0,0,-1,0,1,0,0,0,0,1,0,1,0,0,0,1,0,1,1,0,0,-1,0,0,0,0,1,0,0,1,0
3718,1,0,0,0,1,0,0,0,0,1,1,-1,0,0,1,0,0,0,0,0,0,0,0,0,1,-1,0,0,0,-1,0,0,0,0,-1,-1,0,-1,-1,0,-1,0,0,0,0,0,0,0,0,1,0,0,0,0,0,0,0,0,0,-1,0,0,0,0
3719,0,0,0,0,0,1,0,0,0,0,-1,-1,1,0,-1,0,0,0,-1,1,0,1,0,0,0,0,0,-1,0,1,0,0,0,0,1,0,-1,0,0,0,-1,0,0,0,-1,0,-1,-1,0,0,0,-1,-1,0,-1,0,1,0,0,0,0,0,0,-1
3720,0,0,0,-1,0,0,-1,0,1,1,-1,0,0,-1,0,-1,-1,0,-1,0,0,1,0,0,1,0,0,1,0,1,0,0,0,0,0,0,0,0,0,1,0,0,0,0,1,0,1,-1,1,0,0,-1,-1,0,0,0,0,0,0,-1,0,0,0,1
3721,0,1,0,0,0,1,0,0,-1,-1,-1,0,0,1,0,0,1,0,1,-1,0,1,0,0,-1,0,1,0,1,0,-1,1,0,0,0,1,0,0,0,-1,1,0,0,0,1,0,1,0,1,0,-1,0,0,0,0,1,1,1,1,0,-1,0,1,0
3722,0,0,0,1,1,0,-1,1,0,0,0,0,0,0,0,0,0,1,-1,0,0,0,1,0,0,-1,0,0,0,-1,0,-1,0,0,0,0,0,-1,-1,0,1,0,0,0,0,0,0,0,-1,0,-1,0,0,0,0,1,0,0,0,0,0,0,0,-1
3723,0,0,0,-1,1,-1,0,0,0,0,-1,0,0,0,0,0,0,1,1,0,1,0,0,0,0,1,0,0,1,0,0,0,0,1,0,1,-1,1,0,0,0,-1,0,-1,0,0,0,-1,-1,0,0,1,0,-1,-1,1,0,0,0,0,0,0,0,0
3724,1,0,0,0,0,0,0,0,0,0,1,0,0,0,0,1,0,0,0,0,0,0,1,0,0,0,0,1,0,0,0,0,0,0,0,0,0,0,0,1,-1,0,0,0,1,1,0,0,-1,0,0,-1,1,-1,1,0,0,0,-1,1,1,-1,0,0
3725,0,-1,-1,-1,0,-1,-1,-1,0,0,0,0,0,0,0,1,1,1,-1,1,0,0,0,0,1,1,1,1,-1,0,0,1,1,-1,0,0,0,1,0,-1,0,0,-1,0,-1,0,0,0,0,1,1,0,-1,0,0,-1,0,0,0,1,0,0,-1,0
3726,0,0,0,0,1,0,0,0,0,0,-1,0,0,0,0,0,1,0,-1,0,1,0,-1,1,-1,0,0,0,1,0,0,0,0,0,-1,0,-1,0,0,1,-1,0,0,0,0,-1,1,0,0,-1,0,0,0,0,0,0,0,0,0,1,1,0,0,0
3727,0,0,0,-1,0,0,1,0,0,1,0,0,0,0,-1,0,1,0,0,0,0,0,-1,-1,1,0,1,0,0,0,0,0,0,0,0,0,0,0,0,0,0,0,0,0,0,0,0,-1,0,0,0,0,0,0,-1,0,0,0,0,-1,0,-1,0,0
3728,1,0,0,0,1,0,0,0,0,0,-1,-1,0,1,0,0,0,0,0,-1,0,1,0,0,0,1,-1,-1,0,0,0,0,0,1,0,0,-1,0,1,0,0,0,0,0,0,0,-1,0,0,0,0,0,-1,1,-1,0,-1,1,0,-1,-1,0,0,0
3729,0,0,0,1,1,0,-1,0,0,0,0,0,0,0,0,0,0,-1,0,0,0,0,0,0,0,0,0,0,0,0,-1,0,0,0,0,0,0,0,0,0,0,0,0,0,1,0,0,0,0,0,0,0,0,0,0,0,1,-1,0,0,0,1,0,0
3730,1,0,0,-1,0,0,0,-1,-1,0,1,0,0,1,0,0,0,0,1,-1,0,0,0,-1,-1,0,-1,0,0,-1,1,0,-1,-1,0,0,0,-1,0,0,-1,-1,0,0,-1,0,0,0,0,-1,0,0,-1,0,0,0,-1,-1,0,0,0,0,1,0
3731,0,1,0,0,0,0,0,0,-1,0,1,0,-1,0,-1,-1,-1,0,0,0,1,-1,0,-1,0,1,1,0,1,0,0,0,-1,-1,-1,0,0,1,1,0,1,0,1,0,1,0,-1,-1,1,0,0,0,0,0,0,0,-1,0,0,0,-1,0,-1,0
3732,-1,-1,0,0,0,1,0,0,0,-1,0,0,0,0,0,1,1,-1,0,1,-1,0,0,0,0,0,0,1,0,1,0,0,0,0,0,0,1,0,0,1,-1,0,0,1,0,0,1,-1,0,0,1,1,0,0,0,0,1,0,0,1,1,0,0,-1
3733,0,1,-1,0,0,0,1,-1,0,0,-1,0,0,1,0,0,0,1,0,0,0,0,1,0,1,0,0,0,0,1,-1,0,0,0,1,0,0,0,0,1,0,0,-1,0,0,0,1,1,0,0,0,1,0,1,0,0,0,0,1,-1,-1,-1,1,0
3734,-1,0,0,1,1,-1,1,0,0,-1,0,1,-1,0,0,0,-1,0,0,0,-1,0,0,0,0,-1,0,0,0,1,0,1,-1,0,0,1,1,1,1,0,0,0,0,0,0,0,0,0,0,-1,0,0,0,0,0,1,0,0,0,0,1,1,-1,0
3735,0,0,-1,-1,0,0,0,0,-1,0,0,0,1,0,0,0,0,1,1,0,0,0,0,-1,1,-1,0,0,0,0,-1,0,0,0,0,-1,1,1,1,-1,1,0,0,0,1,0,0,0,-1,0,1,0,0,0,0,0,0,0,0,-1,-1,0,1,0
3736,-1,0,1,1,0,0,0,0,-1,-1,1,-1,-1,-1,-1,0,0,1,0,0,0,-1,0,0,0,0,-1,0,-1,-1,1,0,0,0,0,0,1,0,-1,1,1,0,0,0,-1,1,1,0,0,0,1,0,0,0,0,-1,0,0,0,0,-1,1,0,0
3737,1,0,-1,0,0,1,1,0,0,0,0,0,1,0,1,0,0,0,0,0,-1,1,0,0,0,1,0,0,0,-1,1,-1,1,-1,0,0,0,0,1,1,0,0,1,0,-1,0,-1,0,0,-1,0,0,0,0,0,1,1,0,1,0,0,0,0,0
3738,1,0,0,0,0,1,0,1,1,0,0,0,0,0,0,0,0,0,0,1,1,0,1,-1,0,0,1,0,0,0,0,0,1,-1,-1,0,1,0,-1,0,1,1,0,1,0,0,0,0,1,0,0,0,0,0,0,0,0,1,0,0,1,-1,1,0
3739,0,0,1,0,0,-1,0,0,0,0,1,-1,0,0,0,0,0,0,0,0,0,0,0,0,0,0,0,0,0,1,0,0,0,0,-1,0,0,0,1,0,0,0,0,0,1,0,0,0,0,0,-1,0,1,-1,-1,0,1,0,0,1,0,0,1,0
3740,-1,0,0,0,-1,-1,-1,0,0,0,0,0,0,-1,-1,0,0,0,1,0,0,0,1,0,0,0,0,1,0,-1,0,0,0,0,0,0,0,0,0,0,-1,0,0,0,0,1,-1,0,0,0,0,0,1,0,0,0,0,1,0,0,-1,1,0,0
3741,0,1,0,0,0,0,0,0,0,0,0,0,-1,0,1,0,0,0,0,0,0,0,-1,0,0,0,0,0,0,0,0,1,0,0,0,0,0,-1,0,1,1,-1,-1,0,0,0,0,0,0,0,1,0,0,0,0,1,-1,1,0,0,1,0,0,-1
3742,0,1,-1,0,0,0,-1,0,0,0,0,1,0,0,0,0,0,0,1,-1,0,-1,0,0,0,0,1,0,0,0,0,0,0,0,0,0,0,1,-1,1,1,0,-1,0,1,0,0,0,0,0,0,1,0,0,-1,1,0,-1,1,-1,0,0,0,-1
3743,1,0,0,-1,0,0,0,-1,0,-1,1,1,0,0,0,-1,0,-1,1,-1,1,0,0,1,-1,0,-1,0,0,0,0,0,-1,0,0,0,-1,0,0,0,0,1,0,0,0,0,0,0,0,0,0,1,-1,0,0,0,0,0,0,0,0,-1,-1,0
3744,1,1,0,0,1,0,1,0,0,-1,0,1,-1,1,0,0,0,0,0,0,1,1,1,0,1,0,0,0,0,0,0,-1,0,0,-1,0,0,0,0,0,0,0,0,1,-1,-1,1,-1,0,0,0,0,-1,0,0,0,0,0,-1,0,0,0,-1,0
3745,1,-1,0,-1,0,-1,1,0,0,0,0,1,0,1,0,0,1,0,0,0,0,0,0,1,1,0,0,1,0,0,0,0,0,0,0,1,0,-1,1,0,0,-1,0,0,0,-1,-1,1,1,0,0,0,1,0,0,0,0,0,1,0,-1,0,0,0
3746,0,0,1,1,1,-1,0,0,0,-1,0,0,0,0,-1,0,0,1,0,0,0,-1,1,0,1,0,0,0,0,0,0,0,0,0,1,0,0,0,0,-1,-1,1,-1,1,0,-1,0,1,0,0,0,-1,1,0,-1,-1,0,0,0,0,-1,-1,0,-1
3747,0,0,0,1,1,0,0,0,0,1,1,0,-1,0,-1,-1,0,-1,0,0,-1,0,0,0,1,-1,1,0,-1,0,0,-1,0,0,0,0,-1,-1,0,1,0,0,1,-1,0,1,0,0,0,0,0,0,-1,0,0,0,0,0,0,1,0,0,-1,0
3748,0,0,0,-1,0,0,0,0,0,0,0,1,0,0,1,0,-1,0,0,0,-1,0,0,0,0,0,1,-1,0,-1,1,1,0,0,0,0,0,1,1,0,0,0,0,0,-1,1,1,0,-1,0,0,-1,0,0,0,0,0,-1,1,0,0,-1,1,0
3749,0,0,1,0,-1,0,0,1,1,0,1,-1,0,0,0,0,-1,1,-1,1,-1,0,1,0,0,0,0,0,0,0,0,0,0,0,0,0,0,0,1,0,0,0,1,0,0,1,1,-1,0,0,0,-1,0,1,0,0,0,-1,1,0,0,0,0,0
3750,1,1,0,1,0,0,0,0,1,0,0,1,0,0,0,0,0,0,0,-1,0,0,0,-1,0,1,-1,-1,0,-1,0,0,0,0,1,0,-1,0,0,0,0,0,0,0,0,0,0,0,0,1,0,0,-1,0,0,1,1,0,0,1,-1,0,-1,1
3751,0,-1,0,0,0,0,0,0,1,-1,0,0,1,0,0,0,0,1,0,-1,0,-1,0,0,1,0,0,0,0,0,0,0,0,1,-1,0,0,0,-1,0,-1,-1,0,0,0,0,0,-1,0,-1,0,0,1,0,0,0,0,0,0,1,0,0,0,1
3752,0,1,0,0,0,1,1,1,1,-1,0,-1,0,0,-1,-1,0,-1,0,0,1,0,0,0,0,0,0,0,0,-1,0,0,0,0,-1,0,0,0,0,0,1,-1,1,-1,1,0,-1,0,1,0,0,0,0,0,1,0,0,0,0,0,0,1,0,0
3753,0,0,0,0,0,1,0,-1,0,0,0,-1,0,0,0,0,0,0,1,0,0,0,1,0,1,0,-1,0,0,0,1,0,0,0,0,0,0,0,-1,0,0,0,0,-1,-1,0,0,0,0,0,0,0,0,0,1,0,-1,-1,-1,0,0,-1,0,0
3754,-1,0,0,0,1,0,0,-1,-1,0,0,0,0,-1,1,0,0,0,0,0,0,0,1,0,0,0,0,0,0,0,0,0,0,0,-1,1,-1,0,0,1,0,0,1,-1,0,1,0,0,0,0,0,0,-1,1,0,0,0,0,0,0,-1,0,0,0
3755,0,0,0,-1,0,-1,0,0,1,-1,0,0,0,0,0,0,0,0,0,0,1,1,0,-1,0,0,1,0,1,1,0,0,-1,1,-1,1,0,0,0,0,-1,-1,0,-1,0,0,0,1,0,0,0,0,0,0,0,0,0,0,0,0,1,1,0,0
3756,0,0,0,0,1,-1,1,0,1,1,0,0,0,-1,0,0,0,0,0,-1,0,-1,0,0,0,-1,0,1,-1,1,1,0,-1,0,0,0,-1,-1,0,0,0,0,0,0,0,-1,1,-1,0,0,0,0,0,0,0,1,0,-1,0,0,0,0,-1,0
3757,1,0,0,0,0,-1,0,-1,0,0,0,0,0,0,0,0,-1,0,0,0,-1,-1,0,0,-1,-1,-1,1,0,0,-1,0,0,-1,1,0,0,0,0,0,0,0,-1,0,1,0,0,0,-1,1,0,0,0,0,1,0,0,-1,0,0,0,0,0,0
3758,0,0,0,-1,0,0,0,0,0,0,0,0,1,0,0,0,0,0,0,1,-1,1,0,1,0,0,0,0,0,1,0,1,1,0,0,0,0,0,0,-1,1,0,0,0,0,-1,0,0,0,0,0,0,1,-1,1,-1,0,0,0,-1,0,0,0,-1
3759,-1,0,0,0,0,0,0,-1,-1,0,-1,-1,0,1,-1,0,0,0,1,-1,0,1,0,0,0,0,0,0,-1,-1,0,1,0,0,0,0,0,0,0,0,1,-1,0,0,1,1,0,-1,0,0,1,0,0,-1,1,0,0,-1,0,0,-1,0,0,0
3760,0,0,-1,0,0,0,1,0,0,-1,-1,0,-1,0,0,1,-1,-1,1,0,0,0,1,0,0,0,-1,0,1,0,0,0,1,-1,0,0,0,0,0,0,0,0,1,-1,0,-1,0,1,1,0,-1,0,1,-1,0,0,-1,1,-1,-1,0,-1,0,0
3761,0,1,0,1,0,0,-1,-1,0,0,0,-1,0,0,0,0,0,1,0,0,-1,0,0,-1,0,0,1,0,0,0,0,1,0,0,1,0,0,0,0,0,0,0,1,0,0,0,0,0,0,0,0,0,0,0,-1,0,1,0,0,0,0,0,0,0
3762,0,0,0,0,0,0,-1,-1,0,0,0,0,0,0,1,1,0,0,0,1,-1,0,0,0,1,0,-1,-1,0,0,0,0,0,0,-1,-1,0,0,0,0,1,-1,1,1,0,0,0,-1,1,0,-1,0,-1,-1,-1,0,0,0,1,-1,-1,-1,0,0
3763,-1,0,-1,0,1,0,1,0,0,-1,0,-1,0,0,-1,0,0,0,1,1,-1,0,1,0,0,0,-1,0,0,1,0,0,0,0,0,0,0,0,0,0,0,0,0,0,1,0,1,0,0,0,0,0,-1,0,0,0,0,1,0,0,-1,0,0,0
3764,0,0,0,0,-1,0,1,-1,-1,-1,0,0,-1,1,0,0,0,-1,-1,-1,0,0,1,0,1,1,-1,0,0,0,-1,0,0,0,0,0,0,0,0,0,-1,0,0,-1,1,-1,0,0,1,0,0,0,-1,0,0,-1,0,0,1,-1,0,0,0,1
3765,0,0,0,0,1,0,0,0,0,0,0,0,0,0,-1,0,0,1,0,-1,0,1,-1,-1,-1,0,0,0,0,0,0,0,1,0,0,0,0,1,0,0,0,0,0,1,1,-1,0,0,-1,0,0,1,0,0,0,0,0,1,0,0,0,0,0,1
3766,0,0,-1,0,0,1,-1,1,0,0,0,1,0,-1,0,0,-1,0,0,0,-1,0,0,1,0,0,0,0,0,-1,1,0,0,0,0,0,-1,0,1,0,1,0,-1,0,0,0,0,0,0,0,0,0,0,-1,-1,0,-1,0,0,0,0,0,0,-1
3767,0,-1,-1,0,0,1,0,-1,-1,0,0,0,0,0,1,0,0,1,-1,0,0,0,-1,1,-1,1,0,0,0,-1,0,0,0,0,0,0,-1,0,0,-1,0,0,0,0,-1,1,0,0,0,0,-1,0,-1,0,-1,-1,1,0,1,1,1,0,0,-1
3768,0,0,1,0,1,0,1,0,0,-1,0,0,0,0,1,0,0,0,1,0,-1,-1,0,0,0,0,0,1,1,-1,0,0,1,1,0,0,0,0,0,1,0,-1,-1,0,1,0,0,0,-1,1,1,-1,0,-1,0,-1,0,1,1,1,0,0,0,0
3769,-1,0,0,0,1,0,0,-1,0,0,0,1,0,-1,0,0,1,0,0,0,-1,1,0,0,0,0,0,0,0,-1,0,0,-1,0,0,0,-1,-1,0,0,0,-1,0,0,0,1,0,0,0,0,-1,0,0,0,0,0,1,0,-1,0,0,0,0,-1
3770,0,-1,-1,0,0,0,0,0,0,0,0,0,0,0,0,0,-1,0,0,1,1,0,1,1,-1,0,0,-1,0,-1,1,0,-1,0,0,1,0,-1,0,1,0,0,0,0,0,1,0,0,0,-1,1,-1,0,0,0,0,0,1,0,0,1,-1,1,0
3771,0,0,0,0,-1,0,0,0,0,0,0,0,0,-1,0,-1,1,0,0,0,1,0,-1,0,0,1,0,0,0,0,1,0,0,1,1,0,0,1,0,0,0,0,-1,1,0,0,1,-1,0,-1,1,0,0,-1,0,-1,0,1,0,1,0,1,0,0
3772,1,0,-1,0,-1,0,-1,-1,0,0,0,0,-1,0,0,0,0,0,0,-1,0,0,0,0,0,0,-1,0,0,0,0,0,0,0,0,0,0,0,0,0,0,0,0,-1,1,0,0,0,0,1,0,0,0,-1,0,-1,0,0,0,0,0,1,0,1
3773,0,-1,0,-1,-1,1,-1,0,0,0,0,0,1,0,0,0,0,0,0,0,1,-1,0,1,0,0,0,0,0,0,0,0,0,1,-1,0,0,0,1,1,0,0,-1,0,-1,0,0,0,0,0,1,1,0,0,0,0,0,-1,1,0,0,0,0,1
3774,0,0,0,0,0,0,0,0,0,0,0,0,0,0,0,0,1,1,-1,-1,0,-1,1,1,0,0,1,0,0,-1,1,0,1,-1,0,0,0,1,0,0,0,1,1,1,0,0,0,0,1,0,0,0,0,0,-1,-1,0,0,-1,0,0,0,0,-1
3775,1,0,1,0,0,0,-1,0,0,-1,0,0,0,-1,1,0,1,0,0,0,1,0,0,0,0,-1,1,0,1,0,0,0,1,0,0,1,0,0,0,-1,0,1,1,1,0,0,0,0,1,0,-1,0,0,-1,0,0,0,0,1,1,0,0,0,0
3776,0,0,0,0,0,0,0,1,0,0,0,1,0,0,1,1,1,0,0,1,0,0,0,0,1,-1,0,0,0,0,1,0,0,-1,0,0,0,0,0,0,0,0,1,0,0,-1,0,-1,0,0,0,-1,0,0,0,1,0,0,1,0,1,0,0,1
3777,-1,0,1,0,0,-1,1,0,0,0,-1,1,0,0,0,0,0,0,1,1,1,-1,0,0,-1,0,0,-1,-1,0,0,1,0,0,0,0,-1,0,1,0,0,1,-1,0,0,0,-1,0,0,0,1,-1,0,0,0,0,0,0,0,1,0,-1,-1,0
3778,0,1,0,0,1,0,0,1,1,0,0,0,1,0,0,0,0,0,-1,0,0,1,0,0,1,0,0,0,0,1,1,-1,0,0,0,0,1,1,0,0,0,0,0,0,0,0,0,-1,0,0,-1,0,0,0,0,0,0,-1,0,0,0,0,-1,0
3779,0,0,1,0,0,0,0,0,0,0,0,1,0,0,0,0,0,0,0,0,0,1,0,0,-1,1,0,0,-1,0,0,0,0,0,1,-1,-1,0,0,0,0,0,0,0,0,0,0,0,-1,0,0,0,0,0,-1,1,1,0,1,0,0,1,0,0
3780,1,0,-1,0,1,0,0,0,0,-1,0,0,0,0,0,-1,0,-1,0,0,0,0,-1,0,1,0,0,0,0,0,0,0,0,0,0,0,1,-1,1,0,0,-1,0,-1,-1,0,-1,-1,0,0,0,1,1,1,-1,-1,0,0,0,0,-1,0,0,0
3781,0,0,-1,0,-1,0,-1,0,0,0,0,0,0,0,0,0,0,0,0,-1,0,1,0,0,0,0,0,0,0,1,0,0,0,-1,0,0,0,0,0,0,0,0,0,0,0,1,0,1,0,0,0,0,0,-1,0,0,0,0,0,0,0,-1,-1,0
3782,0,0,1,0,0,1,-1,1,0,-1,-1,1,0,-1,0,0,0,0,0,0,1,0,0,0,0,-1,-1,0,0,0,-1,0,0,1,0,0,0,0,-1,0,0,0,0,0,-1,0,1,1,0,0,0,0,0,0,0,0,1,0,1,0,0,0,0,-1
3783,0,0,1,0,0,0,0,0,-1,0,0,-1,-1,-1,0,0,0,0,0,0,0,0,1,0,0,0,0,0,1,0,1,-1,0,0,0,0,0,-1,0,0,0,-1,-1,0,-1,0,0,0,-1,0,0,-1,0,1,0,-1,1,0,-1,1,0,1,0,1
3784,0,0,0,1,0,-1,0,0,0,0,0,1,0,0,0,0,0,-1,0,0,-1,1,-1,0,1,0,0,0,1,1,0,1,0,-1,1,0,0,0,0,1,0,-1,0,-1,0,0,0,0,0,0,1,0,0,0,0,0,0,1,-1,0,1,1,0,0
3785,0,0,0,0,1,1,0,1,1,0,0,0,0,0,0,0,0,0,1,0,0,-1,1,1,-1,0,0,0,0,-1,1,1,0,0,0,1,0,0,0,0,0,0,0,1,1,0,-1,0,0,0,1,0,-1,0,-1,-1,-1,0,1,0,0,0,0,-1
3786,0,0,-1,0,0,0,0,0,0,0,0,1,1,0,0,0,1,1,-1,-1,0,0,0,-1,0,0,0,-1,1,0,0,1,0,0,-1,-1,-1,0,0,0,0,0,1,1,0,1,-1,0,0,1,1,0,0,1,0,0,0,0,0,0,0,0,0,0
3787,1,0,0,-1,0,1,1,0,0,-1,1,0,0,0,0,0,-1,-1,1,-1,0,0,-1,0,0,1,0,-1,1,0,0,0,0,0,1,0,-1,0,0,0,1,0,1,0,0,0,0,1,-1,0,0,1,0,0,0,0,0,0,-1,0,-1,-1,0,0
3788,0,0,1,0,1,0,1,0,0,0,0,0,-1,0,1,1,-1,1,0,0,0,0,0,1,0,0,0,0,0,-1,1,-1,-1,0,-1,0,0,0,0,0,0,0,0,-1,0,0,-1,0,1,1,-1,1,0,0,0,0,-1,0,0,0,1,1,0,0
3789,0,1,0,0,1,0,-1,1,0,-1,0,0,0,0,0,0,0,0,0,1,1,0,0,0,0,0,0,1,0,-1,-1,0,1,0,0,0,0,0,0,0,0,0,0,-1,0,0,0,0,0,-1,-1,0,0,0,0,0,1,0,0,0,0,0,0,0
3790,0,0,0,-1,0,0,0,0,0,0,1,-1,-1,-1,0,1,0,0,-1,0,-1,0,1,1,1,-1,-1,-1,0,0,0,0,0,-1,0,1,0,0,0,-1,0,0,-1,0,0,1,1,0,0,0,0,0,0,1,-1,0,1,0,-1,1,0,0,1,0
3791,0,0,0,1,1,0,0,0,1,-1,1,0,0,0,-1,-1,-1,0,0,0,1,-1,0,-1,0,0,1,0,0,0,1,0,0,0,1,1,0,-1,0,0,0,0,0,1,0,0,1,0,1,0,0,0,0,0,0,-1,-1,1,-1,0,1,0,0,0
3792,1,0,1,-1,0,0,0,0,0,1,0,-1,1,0,0,0,0,0,0,0,0,0,0,1,-1,0,0,-1,0,0,0,0,0,-1,0,0,0,-1,1,0,0,0,0,0,0,1,1,0,0,0,0,1,0,0,1,0,-1,0,0,0,0,1,-1,-1
3793,-1,0,-1,0,0,0,0,0,0,1,0,0,0,-1,0,-1,0,0,0,1,0,0,0,0,0,0,0,0,0,-1,1,0,0,0,0,1,1,1,0,0,0,0,0,0,0,1,0,-1,-1,0,0,1,0,0,0,0,0,0,0,0,0,-1,0,0
3794,-1,0,-1,1,0,0,0,1,1,0,0,-1,0,0,-1,-1,0,0,0,0,0,0,-1,-1,0,1,0,0,0,0,1,0,0,0,0,0,0,0,-1,0,1,-1,0,0,0,0,0,0,1,0,1,-1,0,0,-1,0,0,1,1,0,0,0,0,-1
3795,0,0,0,0,0,0,-1,0,0,-1,1,-1,0,0,0,0,0,0,-1,0,-1,1,0,0,0,0,0,0,0,0,-1,0,0,-1,0,0,0,0,1,1,-1,-1,0,-1,-1,0,0,0,-1,-1,0,0,0,0,-1,0,-1,0,-1,-1,-1,0,0,1
3796,0,0,0,0,0,0,0,-1,-1,0,0,0,-1,0,1,0,0,0,-1,0,0,0,0,0,0,0,0,1,0,0,-1,-1,0,0,0,0,0,0,0,0,-1,0,0,0,1,-1,0,0,0,-1,0,-1,0,0,0,1,-1,0,0,1,0,0,-1,0
3797,0,0,0,0,-1,0,0,0,0,-1,0,1,1,-1,0,0,1,0,0,1,0,0,0,0,0,0,0,0,0,0,0,0,0,0,1,0,0,0,0,0,0,0,0,0,0,-1,-1,-1,0,0,1,0,0,-1,-1,0,0,0,1,0,0,-1,0,-1
3798,0,1,0,0,0,-1,-1,0,1,-1,0,1,0,1,0,1,0,0,0,1,1,0,0,1,-1,0,0,-1,-1,1,0,0,0,0,0,0,0,0,0,1,0,0,0,0,0,0,0,1,0,0,0,1,1,0,0,-1,0,0,0,0,-1,0,0,0
3799,0,0,0,0,-1,0,-1,0,0,0,0,1,0,0,0,0,1,0,0,0,0,0,0,-1,0,0,0,-1,0,0,0,0,0,0,0,-1,0,-1,0,0,0,0,-1,1,0,0,0,1,0,1,0,1,0,0,-1,0,0,-1,1,1,0,0,-1,0
3800,0,0,0,0,0,0,0,0,0,-1,0,0,0,0,0,0,0,0,0,0,0,0,1,-1,0,0,0,0,0,0,0,0,0,-1,0,0,0,0,0,-1,-1,0,1,-1,1,0,-1,-1,0,0,0,0,0,0,-1,0,0,0,0,0,1,0,0,0
3801,0,1,0,0,0,1,0,1,0,0,0,0,0,0,0,0,0,-1,1,0,0,1,1,0,1,0,-1,0,0,0,0,0,0,-1,-1,0,0,1,0,-1,0,-1,1,0,-1,1,0,0,0,0,0,0,-1,0,1,0,0,-1,1,0,0,0,0,0
3802,-1,0,0,0,-1,0,0,-1,0,0,0,1,1,0,0,1,0,-1,1,0,0,0,0,0,0,-1,0,0,0,0,-1,1,0,0,-1,0,1,0,1,1,1,0,0,-1,0,-1,-1,1,0,0,0,-1,0,0,0,1,1,0,1,1,0,-1,0,-1
3803,0,1,1,1,0,1,0,0,1,0,0,0,1,0,0,0,1,0,0,1,0,-1,0,0,-1,0,0,0,1,-1,0,0,0,0,1,1,0,0,1,0,-1,0,0,1,0,1,0,0,-1,-1,0,-1,-1,-1,-1,0,0,0,0,1,-1,0,0,-1
3804,0,0,0,0,0,1,1,1,0,0,0,0,0,0,1,0,-1,0,1,1,0,0,1,0,0,0,0,0,-1,0,1,0,0,-1,-1,1,0,0,-1,1,0,0,-1,1,0,0,0,0,0,0,0,1,0,-1,1,0,0,-1,1,1,0,0,0,0
3805,0,0,0,0,0,0,-1,0,-1,0,0,0,0,0,-1,1,0,0,0,0,-1,0,0,-1,1,-1,0,0,0,0,0,0,0,0,0,0,0,0,0,0,0,-1,0,0,0,0,0,0,1,0,0,0,0,0,0,0,0,1,0,1,0,0,0,-1
3806,0,0,0,0,0,0,0,0,1,-1,0,0,-1,0,0,0,1,0,0,0,0,0,0,-1,1,0,-1,1,-1,0,-1,0,0,0,0,0,0,0,1,0,0,-1,-1,1,0,0,0,0,0,0,0,0,0,-1,0,0,0,0,0,0,0,0,0,-1
3807,1,-1,0,-1,-1,0,0,0,1,-1,0,0,0,0,-1,0,0,-1,0,0,0,1,-1,1,0,-1,0,0,0,-1,0,0,0,0,0,0,0,0,-1,0,0,0,0,1,1,1,0,0,0,1,0,0,0,0,0,-1,0,-1,0,1,-1,0,0,0
3808,0,-1,1,0,0,0,0,-1,0,0,0,-1,1,0,1,1,0,0,0,0,0,-1,0,0,0,1,0,1,1,0,1,0,0,0,0,0,0,0,0,1,-1,0,0,0,1,0,0,0,0,-1,-1,0,1,0,0,0,0,0,0,1,0,0,1,0
3809,0,-1,0,0,0,0,0,1,1,0,0,1,0,0,1,-1,0,-1,0,-1,0,0,1,0,0,0,1,0,0,0,-1,0,-1,-1,-1,0,0,0,0,0,1,0,0,0,0,1,1,1,0,-1,0,0,0,1,0,0,0,0,0,0,0,1,0,0
3810,0,-1,0,0,0,0,0,0,1,-1,0,0,0,-1,0,0,0,0,0,0,0,0,0,1,1,0,0,1,0,1,0,1,-1,0,-1,-1,-1,1,-1,-1,1,0,0,-1,0,0,0,0,0,-1,1,0,0,0,1,0,-1,0,0,0,-1,0,1,0
3811,0,0,0,1,0,1,0,-1,0,0,0,0,0,0,0,-1,0,1,-1,0,0,0,0,0,0,0,0,-1,0,1,1,0,1,0,-1,0,0,-1,0,-1,0,1,-1,0,-1,1,0,0,-1,0,0,-1,1,1,1,0,0,0,-1,0,0,0,0,-1
3812,0,0,0,0,1,0,0,0,0,0,1,-1,0,0,1,1,0,0,0,0,0,0,0,1,0,0,-1,0,0,1,1,0,0,0,0,0,0,1,1,1,-1,-1,0,-1,0,-1,0,1,0,0,0,0,0,0,0,0,1,1,-1,0,1,0,0,0
3813,1,-1,1,0,0,0,0,0,-1,-1,0,0,0,0,0,1,0,-1,0,0,0,0,0,0,0,-1,1,0,0,0,0,0,0,0,0,0,0,-1,1,0,1,1,1,0,0,0,1,0,-1,0,0,0,1,0,0,0,0,1,0,0,0,-1,0,0
3814,0,0,-1,-1,-1,0,0,0,0,-1,-1,1,-1,0,0,0,-1,0,0,-1,-1,0,0,-1,0,-1,0,1,0,0,-1,0,-1,0,0,-1,-1,0,0,0,1,0,0,0,0,0,-1,0,0,0,0,0,0,0,0,0,0,0,0,0,0,0,0,1
3815,0,0,0,0,0,0,0,1,0,1,-1,1,0,0,0,1,0,0,-1,-1,1,1,1,0,-1,0,0,0,0,0,0,1,0,0,0,0,0,0,-1,0,1,0,0,0,0,0,0,0,0,-1,1,0,0,0,-1,0,-1,1,0,0,-1,0,0,1
3816,0,1,-1,0,0,0,0,1,-1,1,0,0,0,0,0,-1,1,0,0,0,1,0,0,-1,0,1,0,1,0,0,1,0,0,0,-1,0,-1,0,1,1,0,1,1,0,-1,0,-1,0,-1,0,0,1,-1,-1,0,0,0,1,0,0,0,-1,0,0
3817,0,0,0,0,0,1,0,0,0,1,-1,1,0,0,0,0,0,0,-1,1,0,0,1,0,0,-1,-1,-1,0,0,0,0,0,1,-1,0,0,-1,0,0,0,1,-1,-1,0,0,0,1,0,0,0,0,1,-1,0,0,0,0,0,0,1,-1,0,0
3818,0,1,0,0,1,1,1,0,1,-1,0,0,0,0,1,1,0,1,0,0,0,0,0,0,0,0,0,0,1,0,0,0,1,-1,0,0,1,1,0,0,1,0,0,0,-1,0,1,1,1,0,0,0,-1,0,0,0,0,-1,0,0,1,0,0,-1
3819,-1,-1,0,0,-1,-1,-1,-1,1,1,-1,1,0,0,0,1,1,-1,0,1,1,-1,-1,0,1,0,-1,0,0,0,0,1,0,0,-1,1,0,-1,0,0,1,1,-1,0,0,-1,0,0,0,0,1,0,0,0,1,0,0,0,0,-1,0,0,0,-1
3820,0,0,0,0,0,0,1,1,0,0,0,1,0,0,0,0,0,0,0,0,1,0,0,0,0,0,-1,0,0,0,1,-1,0,0,-1,1,0,0,-1,0,1,1,0,0,0,0,0,0,-1,0,0,0,0,0,0,-1,-1,0,0,0,1,0,0,0
3821,0,1,0,0,0,0,0,0,0,0,0,0,0,1,0,0,0,0,0,1,0,-1,0,0,1,0,-1,0,0,1,0,0,0,0,0,-1,0,0,1,0,-1,-1,1,0,0,0,0,-1,0,-1,-1,0,0,-1,0,0,0,0,-1,1,1,0,1,0
3822,-1,-1,0,1,0,1,0,1,0,0,0,0,1,0,0,1,-1,0,0,0,0,0,-1,0,0,0,0,0,-1,-1,0,-1,0,-1,-1,0,0,-1,1,0,0,-1,1,1,-1,0,0,0,-1,0,-1,0,0,0,1,0,0,0,0,-1,-1,0,-1,0
3823,1,0,1,0,1,1,0,0,0,0,0,1,1,0,0,0,1,1,-1,0,0,0,-1,-1,0,0,0,0,-1,1,-1,0,-1,0,1,0,1,0,-1,0,0,0,0,-1,-1,1,0,0,0,1,0,1,0,0,0,0,-1,0,0,0,0,0,-1,0
3824,0,0,0,0,-1,1,0,0,-1,0,1,0,0,0,1,0,0,0,0,0,0,0,0,0,0,1,0,0,1,0,0,0,-1,0,-1,1,0,0,0,0,0,0,0,0,0,-1,0,0,1,-1,0,0,1,1,1,1,0,0,0,1,-1,1,0,-1
3825,0,-1,0,0,0,-1,0,-1,0,0,1,-1,0,1,-1,0,-1,0,-1,1,1,0,1,0,0,0,0,-1,0,0,0,0,-1,1,0,0,0,0,0,0,0,0,0,0,0,0,0,0,1,0,0,1,-1,0,1,0,0,0,0,0,0,0,0,1
3826,0,0,0,0,1,0,1,0,0,0,0,-1,0,0,0,1,0,1,0,0,1,-1,0,0,0,-1,-1,-1,0,0,0,0,0,0,0,0,-1,0,-1,-1,0,-1,-1,0,1,0,0,0,0,0,0,0,1,0,0,0,0,0,-1,0,1,0,-1,0
3827,-1,1,0,1,-1,1,1,1,1,0,0,0,1,-1,1,0,0,-1,0,0,0,0,0,0,0,0,0,1,1,0,1,0,-1,-1,1,0,-1,0,0,0,0,0,0,0,-1,0,0,1,0,-1,0,-1,0,1,0,0,0,1,0,0,0,0,0,0
3828,1,1,0,0,1,0,0,0,-1,0,0,-1,0,0,0,0,0,0,0,1,-1,0,1,0,1,0,0,1,0,1,-1,1,-1,-1,0,1,0,-1,0,0,0,0,0,1,-1,0,0,0,0,0,0,0,0,-1,0,0,0,0,0,0,-1,-1,0,0
3829,0,0,1,0,1,0,-1,1,0,1,0,0,0,0,-1,1,0,-1,0,0,0,-1,0,0,-1,-1,1,1,-1,0,0,0,0,-1,0,0,-1,0,-1,0,0,0,0,0,-1,-1,0,0,0,1,0,0,1,1,0,-1,1,0,0,0,0,0,1,1
3830,0,0,0,0,0,-1,-1,-1,0,-1,0,0,0,0,0,0,0,-1,0,0,1,-1,1,0,0,0,0,0,-1,0,0,1,0,0,0,0,0,1,0,-1,0,0,0,0,-1,1,0,0,0,0,0,0,1,0,0,1,0,0,0,0,0,0,0,-1
3831,0,0,0,0,0,-1,0,0,0,1,1,1,0,0,0,-1,0,0,1,0,0,1,1,0,0,0,0,0,0,0,-1,0,0,1,0,1,0,0,0,0,-1,-1,0,0,0,-1,1,0,0,0,0,0,-1,0,1,0,0,1,0,0,0,0,-1,0
3832,0,0,0,0,1,0,0,0,0,1,0,0,0,1,0,1,-1,-1,0,0,0,0,-1,0,0,0,-1,0,0,1,0,0,0,0,0,0,1,0,1,0,0,0,0,0,-1,0,1,0,0,1,-1,0,-1,1,0,0,0,1,0,0,0,0,1,0
3833,0,0,-1,0,0,0,0,0,0,0,0,0,0,1,0,0,1,0,-1,0,-1,0,0,1,0,0,0,0,0,0,1,0,0,0,0,1,0,0,0,1,0,0,0,0,0,0,0,0,-1,0,0,1,0,1,1,0,0,-1,1,0,0,0,0,-1
3834,0,1,0,0,-1,0,0,-1,-1,-1,0,1,0,0,0,1,1,0,0,0,0,1,0,0,0,0,1,1,0,-1,0,0,0,0,0,1,0,0,0,0,-1,-1,1,1,1,0,-1,0,0,0,1,0,0,0,0,0,0,0,0,0,0,0,0,1
3835,-1,0,0,0,0,-1,0,0,-1,0,0,1,1,0,0,0,0,0,1,0,0,1,1,0,-1,0,0,0,0,0,0,0,0,0,-1,0,-1,1,-1,0,1,1,0,-1,-1,1,0,0,0,0,0,0,0,0,0,-1,0,0,0,0,0,0,0,0
3836,0,-1,-1,0,0,0,-1,-1,-1,0,0,0,1,1,-1,0,0,0,0,0,0,0,0,-1,0,1,-1,0,0,0,-1,0,-1,1,0,1,0,0,0,0,0,0,1,0,0,1,-1,0,0,0,0,0,0,0,0,0,0,0,1,-1,0,0,0,0
3837,1,0,0,0,0,1,-1,0,0,0,1,0,0,-1,-1,0,1,0,0,0,0,0,-1,0,0,0,0,1,0,0,0,1,0,1,0,1,0,1,0,0,0,1,0,0,1,-1,-1,0,1,0,-1,0,1,1,0,0,0,0,0,0,0,0,0,0
3838,0,-1,0,-1,0,0,0,0,-1,1,0,1,0,-1,-1,-1,0,0,-1,-1,0,0,-1,0,0,0,0,0,0,0,1,0,-1,0,0,0,0,1,0,0,0,0,0,-1,0,0,-1,0,0,0,0,1,0,0,0,0,0,0,0,-1,0,0,1,0
3839,0,-1,0,-1,1,0,0,0,0,0,0,0,0,0,-1,-1,0,0,-1,0,-1,0,0,-1,0,0,0,0,0,-1,0,0,0,0,-1,0,0,0,0,0,-1,-1,0,0,0,0,-1,0,0,0,0,0,-1,0,0,0,1,-1,0,0,-1,0,0,1
3840,1,0,0,1,0,0,0,0,0,-1,1,0,0,0,-1,0,1,0,-1,0,0,-1,0,0,0,0,0,1,0,0,0,1,1,0,0,0,-1,0,0,0,0,0,-1,0,0,-1,0,0,0,0,0,-1,0,0,0,0,0,0,0,0,1,0,1,0
3841,0,0,0,0,0,0,0,0,-1,0,0,0,0,-1,0,1,0,-1,-1,0,0,0,0,0,0,0,-1,-1,-1,0,0,0,0,0,0,0,-1,0,0,-1,-1,0,0,1,0,0,-1,-1,-1,0,-1,0,-1,0,0,-1,0,0,0,-1,0,1,-1,0
3842,0,0,0,0,0,0,1,0,-1,0,0,1,0,0,0,0,0,0,0,0,0,0,0,0,0,0,1,-1,0,1,0,0,0,0,0,-1,0,0,-1,0,0,0,0,-1,0,0,0,0,0,0,0,0,0,0,0,0,-1,-1,0,0,0,0,-1,-1
3843,0,1,1,0,1,0,-1,-1,0,1,-1,1,0,0,0,0,0,0,0,1,0,0,-1,-1,0,0,0,0,0,-1,1,0,0,0,0,0,1,-1,0,0,0,0,-1,-1,1,0,0,0,-1,0,0,0,1,0,0,1,0,0,1,-1,1,0,1,0
3844,0,1,-1,0,-1,0,-1,-1,1,0,0,0,0,-1,0,0,0,0,0,0,0,0,0,1,1,0,0,-1,0,1,0,0,0,-1,0,0,1,0,0,0,0,0,0,1,0,0,0,0,-1,-1,-1,0,-1,0,0,0,0,0,0,0,0,0,1,1
3845,0,1,0,0,-1,0,0,0,-1,1,0,0,0,0,1,1,0,1,-1,0,0,0,0,0,0,1,1,1,0,-1,0,0,0,-1,1,0,1,0,-1,0,0,0,1,0,-1,1,0,1,0,1,-1,0,1,1,0,0,-1,-1,0,0,0,0,0,1
3846,0,-1,-1,1,0,0,0,0,-1,1,0,0,0,0,1,-1,1,0,0,0,0,0,0,0,0,0,0,-1,-1,-1,-1,0,0,-1,0,0,1,-1,-1,0,0,0,0,-1,-1,0,0,-1,0,0,1,1,0,0,1,-1,0,-1,0,-1,0,-1,-1,0
3847,0,0,0,0,0,0,-1,1,0,0,0,0,0,0,0,0,0,0,0,0,1,-1,1,0,0,0,0,-1,0,-1,-1,0,0,0,1,0,0,0,0,0,-1,0,0,1,-1,0,1,0,0,1,0,0,0,0,0,1,0,0,1,0,0,0,1,-1
3848,0,0,1,0,0,0,0,0,-1,1,-1,1,0,-1,1,-1,0,1,0,0,0,1,1,0,0,-1,0,0,0,-1,0,0,1,-1,-1,0,0,0,1,-1,0,-1,0,-1,0,0,0,0,0,0,0,0,-1,0,0,-1,1,-1,-1,0,0,0,0,1
3849,-1,-1,0,0,0,0,0,0,-1,-1,1,0,1,-1,0,-1,-1,-1,0,-1,1,-1,0,0,0,0,0,0,0,-1,0,0,0,0,-1,0,0,1,0,0,0,-1,-1,0,-1,0,1,1,0,1,1,0,-1,0,0,-1,0,0,1,0,0,-1,1,-1
3850,0,0,0,1,-1,0,0,0,0,0,0,0,0,0,0,0,-1,0,0,-1,0,0,0,0,-1,0,0,0,-1,0,0,-1,0,1,1,0,1,0,0,0,-1,1,-1,0,0,0,0,0,-1,0,0,-1,0,1,0,1,0,-1,1,0,0,0,1,1
3851,1,1,0,0,0,0,0,0,0,-1,-1,1,0,0,1,0,0,0,0,-1,1,-1,-1,0,0,0,0,1,0,0,-1,0,0,0,-1,0,-1,1,0,-1,0,0,0,-1,0,0,0,1,0,0,-1,1,-1,0,0,-1,0,1,0,0,0,1,0,-1
3852,0,0,0,0,0,1,0,1,0,0,1,0,-1,0,0,0,-1,-1,0,0,0,0,1,0,0,0,0,1,0,0,0,1,0,0,1,0,-1,0,0,0,0,0,-1,0,0,0,-1,-1,0,0,0,0,0,1,-1,0,0,0,0,0,0,0,1,0
3853,0,0,0,0,0,0,1,1,0,-1,0,1,-1,0,-1,0,-1,0,0,0,0,0,-1,-1,0,0,-1,0,0,0,-1,-1,0,0,0,0,-1,0,0,0,0,0,0,1,1,0,0,0,0,0,0,0,0,0,-1,-1,1,0,-1,-1,0,0,-1,0
3854,0,0,0,0,1,0,0,-1,0,1,0,0,0,-1,0,1,0,0,0,0,-1,0,0,0,0,-1,1,0,1,0,0,0,0,0,0,-1,0,0,0,0,0,0,0,0,1,-1,0,-1,0,0,0,0,-1,-1,0,0,-1,1,0,0,1,1,0,-1
3855,0,0,0,-1,0,0,0,0,0,-1,0,0,1,1,1,0,0,0,0,-1,0,0,0,0,0,0,0,0,0,0,0,0,0,0,-1,0,0,0,0,0,-1,0,0,0,-1,1,0,0,0,0,0,-1,0,0,0,0,-1,0,0,0,1,0,0,0
3856,0,0,1,0,0,0,1,1,0,0,-1,0,0,0,0,0,0,1,0,0,0,0,0,1,-1,0,0,1,1,1,0,1,-1,0,-1,0,-1,0,0,1,0,0,0,0,0,0,0,1,0,-1,0,0,-1,0,0,0,0,1,0,0,0,-1,0,-1
3857,1,1,0,1,0,-1,1,-1,-1,0,0,0,0,0,1,0,0,1,0,0,0,0,0,0,1,0,0,0,0,1,0,0,0,1,0,0,-1,0,0,1,1,0,0,0,0,1,1,-1,1,0,0,0,0,0,0,0,0,0,1,0,0,0,0,-1
3858,0,-1,1,0,1,0,0,0,0,0,1,0,0,0,0,0,0,0,1,0,-1,0,-1,1,0,0,0,0,0,0,1,0,-1,0,0,0,0,0,0,0,0,1,0,0,0,1,0,0,0,1,0,1,0,0,1,0,1,1,1,-1,0,-1,0,0
3859,0,0,0,0,-1,-1,0,0,0,-1,1,0,-1,0,0,0,0,0,0,0,0,0,0,0,0,-1,1,0,0,1,-1,0,-1,0,1,-1,1,-1,0,0,0,0,0,0,0,-1,0,1,0,0,0,0,1,0,0,-1,1,-1,0,0,0,1,0,0
3860,0,-1,0,0,0,0,0,0,0,-1,-1,1,0,1,-1,0,0,0,1,0,1,1,1,1,0,0,-1,0,0,0,1,1,0,-1,-1,0,0,-1,1,0,1,0,0,0,0,0,0,0,0,-1,0,0,0,-1,0,1,-1,0,0,-1,0,0,0,1
3861,0,0,0,-1,0,0,-1,0,1,0,0,0,0,0,0,0,0,1,0,0,0,0,0,0,-1,1,0,-1,-1,-1,1,-1,-1,0,0,0,0,1,0,-1,0,0,-1,0,1,0,0,-1,0,-1,0,0,0,0,0,0,0,0,1,-1,0,1,0,-1
3862,0,0,1,0,1,1,1,0,0,0,0,0,0,0,-1,0,1,0,-1,0,0,0,0,-1,0,0,0,1,-1,0,0,0,0,0,0,0,1,1,-1,0,0,1,-1,0,-1,1,0,0,0,0,1,0,1,-1,0,0,1,0,1,0,1,0,0,0
3863,0,0,1,-1,0,0,-1,-1,0,0,0,-1,0,0,-1,-1,0,0,0,0,0,1,0,0,0,0,0,0,0,0,-1,0,0,0,0,1,-1,0,0,0,0,0,0,0,1,0,0,0,1,-1,0,0,0,0,1,0,-1,1,0,1,-1,0,1,0
3864,-1,-1,0,0,1,0,0,0,0,0,0,0,-1,-1,-1,0,-1,0,-1,0,0,0,-1,0,-1,0,-1,0,0,1,0,1,0,0,0,1,-1,0,0,1,0,1,0,0,0,0,0,0,-1,0,0,0,0,-1,0,0,-1,1,-1,0,0,0,0,0
3865,0,0,-1,-1,0,0,0,0,-1,0,1,0,0,1,-1,0,1,0,-1,0,1,0,0,0,0,0,0,0,1,0,0,-1,1,-1,0,1,0,0,0,0,0,0,0,0,0,0,0,0,-1,1,0,0,1,0,0,0,0,-1,0,0,0,0,1,0
3866,0,0,0,0,0,0,1,-1,1,-1,0,0,0,1,0,0,1,0,1,0,0,0,0,1,0,0,-1,0,0,0,1,0,-1,1,1,0,0,0,0,0,0,0,0,1,-1,0,0,0,0,0,0,0,0,1,0,1,-1,1,-1,-1,-1,-1,1,0
3867,0,1,0,0,0,-1,0,0,0,0,0,-1,0,-1,0,-1,0,0,1,0,-1,0,0,0,0,-1,0,1,1,0,1,0,0,0,0,0,1,-1,0,1,-1,-1,-1,0,0,0,0,0,0,0,1,0,0,0,0,0,0,0,0,0,0,0,1,0
3868,0,0,-1,1,0,0,-1,0,0,-1,0,-1,-1,1,-1,0,0,0,0,0,1,1,0,1,0,-1,0,0,0,0,0,0,1,0,-1,0,0,0,0,-1,0,0,1,0,0,0,0,0,-1,0,0,0,0,0,0,0,0,0,-1,0,0,0,0,1
3869,-1,0,0,0,0,0,0,0,0,0,-1,1,0,-1,0,-1,0,0,0,0,0,-1,-1,0,0,0,0,0,0,0,0,0,0,1,0,0,-1,0,0,0,1,-1,1,0,-1,0,-1,0,0,1,0,0,1,-1,0,0,0,1,0,-1,0,0,0,0
3870,0,0,0,0,0,0,1,0,0,1,0,0,0,-1,-1,0,0,0,-1,0,-1,0,0,0,0,0,0,1,0,0,0,-1,1,0,-1,0,0,0,0,0,0,-1,0,0,0,0,0,0,0,0,-1,0,0,0,1,-1,0,1,0,0,0,-1,0,0
3871,0,0,0,-1,0,0,0,0,1,1,0,0,0,0,0,-1,0,0,0,-1,0,-1,0,1,0,0,0,-1,0,0,-1,0,0,0,1,0,0,0,0,0,-1,1,0,1,0,0,0,0,1,0,0,0,0,0,-1,0,-1,0,0,1,0,0,0,-1
3872,1,0,0,0,0,0,0,0,1,1,0,0,-1,1,0,0,1,1,0,-1,0,0,0,0,-1,-1,0,-1,-1,0,1,0,0,0,0,-1,0,0,1,1,1,0,0,0,1,0,0,-1,-1,0,0,0,0,0,0,1,0,0,0,1,-1,0,0,0
3873,0,1,1,1,0,0,0,-1,0,0,0,0,-1,0,0,0,0,0,0,1,0,0,0,0,0,0,0,0,-1,-1,0,0,0,1,1,0,1,0,1,0,0,0,0,0,0,0,1,0,0,0,0,0,0,0,0,0,0,0,-1,0,-1,-1,1,1
3874,0,0,1,0,-1,0,1,0,1,1,-1,-1,1,0,-1,-1,-1,0,0,0,0,0,0,0,0,0,-1,1,0,0,0,0,0,0,0,1,0,0,0,0,0,0,0,1,-1,0,1,1,1,0,1,1,0,0,0,1,0,1,0,-1,0,-1,0,0
3875,0,0,0,0,-1,1,0,-1,0,0,0,0,0,0,0,-1,0,0,1,0,0,0,0,0,-1,1,0,0,0,0,-1,-1,0,1,0,0,0,-1,-1,0,0,0,-1,1,0,0,0,1,0,0,0,0,0,0,-1,-1,0,0,0,-1,0,-1,0,1
3876,1,0,0,-1,0,0,1,-1,0,0,-1,1,-1,0,0,0,0,1,0,1,0,0,0,0,0,0,0,1,0,1,0,-1,0,0,-1,0,-1,0,0,0,1,0,-1,0,0,0,-1,0,0,0,1,0,0,-1,0,-1,0,0,0,0,-1,0,0,-1
3877,0,0,-1,0,0,0,0,1,0,0,-1,0,-1,0,0,0,1,0,0,0,-1,0,-1,0,0,0,1,0,-1,0,0,1,1,1,0,0,1,0,0,1,-1,0,0,0,-1,1,0,0,0,0,0,1,0,0,0,0,0,1,-1,1,0,0,1,0
3878,1,0,0,-1,0,0,0,0,1,-1,0,0,0,0,0,1,-1,-1,0,0,1,-1,0,0,0,1,0,-1,0,0,0,0,0,1,0,0,0,0,0,-1,0,0,1,1,0,0,0,-1,0,0,0,-1,0,0,1,0,0,0,0,0,-1,0,0,0
3879,0,0,1,0,0,0,0,0,0,0,-1,0,1,1,0,1,0,0,-1,-1,-1,0,0,-1,0,-1,0,1,-1,0,0,0,0,0,-1,-1,0,0,1,0,1,-1,0,0,0,0,0,-1,0,0,1,1,0,0,0,0,-1,0,1,1,0,0,0,0
3880,1,0,-1,1,1,-1,0,0,0,-1,0,-1,-1,0,-1,0,0,0,0,0,0,0,0,0,0,-1,0,0,0,1,0,1,0,0,0,0,0,1,0,-1,1,-1,0,0,0,-1,0,1,0,0,1,0,1,1,0,0,0,1,0,0,0,-1,-1,1
3881,0,0,0,0,0,1,0,0,0,1,0,0,1,0,0,0,-1,0,0,0,0,0,0,1,0,0,0,0,0,0,0,0,0,0,0,1,0,0,1,0,-1,-1,0,1,0,0,0,0,-1,-1,-1,0,1,0,0,0,0,0,0,0,1,-1,-1,0
3882,0,-1,-1,0,-1,1,0,-1,1,1,1,-1,-1,0,-1,1,0,0,1,0,0,0,0,-1,0,0,1,0,-1,0,0,0,0,0,0,1,1,0,0,-1,0,1,1,0,0,0,0,0,0,0,1,-1,0,0,0,1,0,1,0,0,-1,-1,0,1
3883,0,1,0,0,1,0,0,0,0,0,0,-1,0,-1,1,0,-1,0,-1,0,0,0,-1,1,0,-1,-1,0,1,1,1,-1,-1,0,0,-1,0,0,0,0,0,-1,0,0,1,0,0,0,0,0,0,0,0,0,0,0,0,0,0,0,0,0,0,-1
3884,1,0,1,0,0,1,0,0,0,0,0,1,-1,-1,0,0,-1,0,0,0,0,0,0,-1,-1,0,0,0,1,1,0,0,-1,0,0,0,1,0,0,1,0,-1,-1,0,0,-1,0,0,1,0,0,1,-1,0,0,0,0,0,-1,0,-1,1,0,0
3885,0,0,0,-1,-1,-1,0,0,-1,0,0,-1,-1,0,0,0,0,0,1,0,0,0,0,0,0,-1,0,0,0,1,-1,1,-1,0,0,0,0,0,0,0,-1,0,-1,0,0,0,0,1,0,0,0,1,0,0,0,1,1,0,-1,0,1,0,0,0
3886,1,-1,1,-1,-1,0,0,1,0,-1,0,-1,1,0,0,0,0,0,0,0,0,-1,-1,-1,-1,0,-1,0,0,1,-1,1,1,0,0,0,0,-1,0,0,0,1,0,0,0,0,-1,0,0,0,-1,-1,0,-1,0,0,0,0,0,-1,0,0,0,0
3887,0,0,1,0,-1,0,0,0,0,0,0,0,0,0,0,1,0,0,0,0,0,0,0,0,0,-1,0,0,-1,0,0,0,-1,0,0,0,1,0,-1,-1,0,0,0,0,-1,-1,-1,1,0,0,0,0,1,-1,0,0,0,1,-1,0,-1,0,0,-1
3888,0,0,0,-1,1,1,0,0,0,1,0,0,0,1,0,0,0,1,1,0,0,1,0,0,0,0,1,0,-1,0,0,0,0,0,0,0,0,-1,0,0,1,0,-1,0,0,0,0,0,-1,0,0,0,0,0,0,0,0,0,0,1,0,0,0,-1
3889,0,0,0,0,0,0,0,0,0,0,0,0,0,0,1,0,0,0,1,0,0,1,0,0,0,0,-1,0,0,-1,0,0,0,0,0,0,-1,-1,0,-1,-1,0,0,0,-1,-1,0,1,0,0,1,0,0,0,0,1,-1,0,0,0,-1,1,0,0
3890,0,0,1,0,0,1,0,1,1,1,-1,1,1,0,0,-1,-1,0,0,1,0,0,-1,-1,0,0,0,1,0,0,0,0,1,0,0,1,1,0,0,1,0,1,-1,0,0,0,0,0,-1,-1,0,0,0,0,1,0,0,-1,-1,1,0,0,0,0
3891,1,0,-1,0,-1,-1,0,0,0,1,0,0,0,0,0,1,0,-1,1,0,0,0,1,0,-1,0,0,0,0,0,1,0,1,0,1,0,0,0,0,0,0,0,1,0,1,0,1,0,-1,0,0,-1,0,0,0,0,1,0,-1,0,0,1,0,0
3892,0,0,0,1,0,0,0,0,0,0,0,1,0,0,0,-1,0,-1,0,0,0,-1,-1,0,-1,-1,0,0,0,0,0,-1,0,0,0,0,1,0,-1,0,0,0,0,0,0,0,0,-1,-1,0,0,0,1,0,0,-1,0,0,-1,-1,0,1,0,0
3893,0,1,0,-1,1,-1,0,0,0,0,-1,-1,0,0,0,0,0,0,0,-1,0,1,0,0,-1,0,0,0,0,-1,0,-1,-1,0,0,-1,0,0,0,0,0,1,0,1,-1,0,0,0,0,0,0,0,0,-1,0,-1,1,0,0,0,0,0,0,0
3894,0,0,0,0,-1,0,0,0,0,1,1,0,0,-1,0,0,0,-1,-1,-1,0,0,1,0,0,0,-1,0,0,0,1,-1,0,0,0,0,0,1,0,1,0,0,0,-1,0,0,0,1,0,0,0,0,0,0,0,-1,0,-1,0,-1,1,0,0,-1
3895,-1,0,0,0,0,1,-1,1,0,0,0,0,-1,0,0,1,0,0,0,0,0,0,1,-1,-1,1,1,0,0,0,0,1,0,0,-1,1,1,1,0,0,0,0,1,0,0,-1,0,-1,0,0,1,0,0,0,0,1,0,0,0,0,0,0,-1,0
3896,-1,0,-1,0,1,0,0,1,0,0,0,0,0,1,-1,0,0,0,-1,0,0,0,-1,0,0,-1,0,0,-1,0,-1,-1,0,-1,-1,0,-1,0,0,0,0,-1,0,1,1,0,-1,0,0,0,-1,-1,0,0,0,0,0,1,1,1,-1,0,0,0
3897,0,-1,0,-1,0,0,0,1,0,0,1,0,0,0,1,-1,0,0,0,0,0,0,0,0,1,0,-1,0,0,0,0,0,-1,0,0,1,-1,0,0,0,1,0,0,0,0,0,0,-1,0,0,1,0,0,0,1,1,0,-1,0,0,0,1,1,0
3898,0,0,0,-1,0,0,-1,0,0,0,0,0,0,1,0,1,-1,0,-1,-1,0,-1,1,1,-1,1,1,1,0,0,0,-1,1,0,1,-1,0,0,0,0,0,0,0,0,0,0,1,0,0,0,1,0,0,0,0,0,0,-1,1,1,0,1,1,0
3899,0,1,0,-1,-1,-1,0,0,0,0,1,1,0,0,0,-1,0,-1,0,0,1,1,0,0,0,0,0,0,0,1,-1,1,0,0,0,0,-1,1,0,0,1,0,0,0,-1,0,1,0,0,-1,-1,0,0,0,0,0,1,0,0,1,0,0,0,1
3900,-1,0,-1,0,0,0,-1,1,0,0,0,1,-1,0,0,0,0,0,0,0,-1,0,1,-1,0,-1,0,0,0,0,0,0,1,0,0,1,0,0,0,-1,1,0,0,0,0,0,0,0,0,-1,-1,-1,-1,0,1,1,0,0,0,0,-1,0,0,-1
3901,0,1,1,1,0,0,0,1,0,0,-1,0,0,1,0,0,0,0,0,1,1,-1,0,0,1,-1,0,1,0,-1,0,0,0,0,1,0,-1,0,0,0,0,0,1,-1,0,0,0,1,0,0,0,0,-1,0,0,1,0,0,0,0,0,0,1,0
3902,-1,0,1,0,0,0,0,0,-1,0,1,0,0,0,-1,1,0,0,-1,0,0,1,-1,0,0,0,0,0,1,1,0,-1,0,0,0,0,0,0,0,0,0,1,0,1,0,0,-1,0,0,0,0,0,-1,0,0,1,1,0,1,0,0,0,0,0
3903,-1,0,0,0,0,0,-1,0,0,1,0,0,-1,0,0,0,0,-1,0,0,0,-1,0,0,-1,0,0,0,1,0,0,0,0,1,1,0,0,-1,-1,0,1,0,0,1,0,0,0,0,0,0,-1,0,0,1,-1,1,0,1,0,-1,-1,0,-1,0
3904,0,-1,0,0,0,1,-1,1,-1,0,0,0,0,0,0,0,0,0,1,-1,0,0,0,0,1,0,1,1,0,0,0,0,-1,1,0,0,1,0,0,0,0,0,0,0,0,0,0,1,0,0,0,0,0,0,0,0,0,0,0,0,1,-1,0,0
3905,-1,0,-1,0,0,0,1,-1,0,0,1,0,-1,0,0,1,1,0,0,1,0,0,-1,1,0,1,0,0,0,0,0,1,0,0,0,0,-1,0,0,1,0,-1,0,0,0,-1,0,0,0,-1,0,-1,1,0,0,1,0,0,-1,0,1,0,0,-1
3906,-1,-1,0,0,0,0,0,0,1,0,0,0,0,0,-1,0,0,1,-1,-1,-1,0,0,-1,1,-1,-1,1,0,0,0,0,0,0,0,1,0,-1,1,0,1,-1,0,1,0,0,0,1,0,0,0,0,1,0,1,0,0,0,0,1,1,0,0,0
3907,1,0,0,1,0,0,0,0,0,0,0,0,-1,1,0,-1,0,1,-1,0,-1,0,1,0,0,0,-1,1,0,-1,-1,-1,0,-1,0,1,-1,0,0,0,0,1,0,0,0,0,-1,0,-1,0,-1,0,0,-1,0,0,0,0,-1,0,-1,0,0,0
3908,0,1,0,0,0,0,0,0,0,0,0,0,0,0,0,0,-1,0,0,0,0,0,0,0,0,1,1,0,0,0,0,0,0,-1,0,0,0,0,0,0,0,0,0,0,0,0,0,0,1,0,0,0,0,0,1,1,0,1,0,0,0,0,0,0
3909,0,0,0,1,0,0,0,0,-1,0,-1,0,0,0,0,-1,-1,-1,-1,-1,1,-1,0,0,1,0,1,1,0,-1,0,0,1,0,0,0,0,0,0,0,0,0,-1,0,0,0,1,1,0,0,0,0,0,1,1,1,0,0,-1,0,0,0,0,0
3910,0,0,0,0,0,0,-1,0,0,1,1,0,0,0,0,0,0,1,-1,1,0,1,0,0,0,0,-1,0,-1,0,0,0,0,0,0,0,0,0,-1,0,0,1,0,0,0,0,0,0,0,-1,0,1,0,0,0,0,0,0,1,0,1,0,0,0
3911,-1,1,0,0,0,0,0,-1,0,0,1,0,0,1,-1,-1,0,0,0,0,0,0,0,0,0,0,0,0,0,0,0,0,0,0,-1,0,1,0,1,1,0,1,0,-1,0,0,0,0,0,1,1,0,1,1,1,0,0,0,0,0,0,0,-1,0
3912,1,0,0,0,0,0,0,0,0,0,-1,0,-1,0,-1,-1,0,0,0,1,0,-1,-1,0,0,0,0,0,0,0,0,1,0,0,-1,1,0,0,0,-1,0,0,0,0,0,0,0,0,0,0,0,0,0,0,1,0,0,0,0,0,1,-1,0,0
3913,-1,0,0,0,0,0,0,-1,0,-1,-1,0,1,0,0,0,0,0,0,0,1,0,0,0,0,0,-1,0,-1,0,0,0,0,0,0,0,0,0,-1,0,1,0,-1,-1,1,0,0,0,0,0,0,0,0,1,1,0,-1,0,0,0,-1,1,0,0
3914,0,0,0,-1,0,0,-1,1,1,-1,0,0,0,1,1,-1,0,0,0,0,0,0,0,0,0,0,0,0,-1,-1,0,0,0,0,0,0,0,0,0,0,0,0,0,0,0,-1,1,0,1,1,0,0,-1,-1,0,0,1,0,-1,0,0,-1,0,-1
3915,1,0,-1,0,0,1,0,0,0,0,0,-1,0,1,1,0,0,0,0,0,0,1,0,0,-1,-1,0,0,0,0,0,0,0,0,-1,-1,0,0,0,0,1,1,0,0,0,0,-1,0,0,1,0,1,0,-1,0,0,0,0,-1,-1,-1,0,0,0
3916,0,0,0,0,1,0,0,-1,0,-1,-1,0,0,0,0,0,0,1,0,0,0,0,0,0,0,-1,1,-1,-1,0,0,0,1,1,0,1,0,0,0,1,0,0,-1,0,0,0,0,-1,1,1,1,-1,0,-1,-1,0,0,0,0,-1,-1,-1,0,0
3917,-1,-1,0,0,0,0,1,0,1,0,0,0,0,-1,0,0,0,0,1,0,0,0,0,1,0,1,0,0,0,0,0,0,0,0,0,1,1,1,0,1,0,-1,1,0,0,0,-1,0,0,0,0,0,0,0,1,0,0,1,0,0,0,1,0,0
3918,-1,0,0,-1,0,0,0,0,0,1,1,0,0,0,0,-1,1,0,-1,1,0,-1,-1,0,0,0,0,0,0,0,0,0,1,-1,-1,0,0,0,0,-1,0,-1,1,1,0,-1,0,0,-1,0,0,1,0,0,0,-1,-1,0,0,0,-1,0,0,0
3919,0,0,1,-1,0,0,0,-1,1,0,0,0,0,1,-1,0,0,0,0,0,0,-1,1,0,0,0,0,1,1,0,1,1,0,0,0,-1,0,0,-1,0,0,1,0,0,-1,0,0,-1,0,0,1,0,1,1,-1,0,0,0,1,0,-1,1,0,1
3920,-1,0,0,0,0,-1,-1,0,0,1,1,-1,-1,0,1,0,0,0,0,0,-1,0,-1,0,1,0,1,0,0,0,0,-1,-1,0,1,0,1,1,0,0,1,0,-1,-1,0,0,0,0,0,0,0,0,0,0,0,-1,0,-1,0,-1,0,0,0,0
3921,0,0,-1,0,-1,0,-1,0,0,1,0,0,0,-1,0,-1,0,0,-1,0,0,1,0,0,0,0,0,1,0,0,1,0,-1,0,1,1,0,0,0,0,0,1,0,0,0,1,1,0,0,1,0,1,0,0,0,0,-1,0,-1,0,1,0,-1,0
3922,1,0,0,0,0,0,0,0,1,0,1,-1,0,-1,0,0,0,0,0,0,0,-1,0,0,0,0,0,1,0,0,0,-1,1,0,0,-1,0,0,0,-1,0,1,-1,0,-1,1,0,1,0,0,-1,0,-1,0,0,0,0,1,1,0,0,1,0,0
3923,-1,0,0,0,1,0,0,0,0,0,0,0,0,0,0,0,0,0,1,0,0,0,0,-1,0,-1,1,0,0,0,0,0,0,0,0,0,0,1,1,0,1,0,-1,-1,0,1,1,0,0,1,1,0,-1,0,0,0,0,1,0,1,0,0,-1,1
3924,0,0,1,-1,-1,1,1,0,1,0,0,-1,0,0,0,0,-1,0,0,0,0,1,0,1,0,1,0,0,0,0,0,0,0,1,0,0,-1,0,-1,0,0,0,0,1,0,1,0,1,0,-1,0,0,0,-1,0,0,0,0,1,0,0,-1,0,0
3925,0,1,1,0,1,0,0,0,1,1,0,0,0,1,0,0,0,0,0,0,-1,0,0,0,0,1,1,0,-1,-1,0,1,1,0,1,0,-1,0,0,0,0,0,1,-1,-1,0,0,0,-1,0,-1,0,0,-1,-1,0,0,0,-1,-1,0,-1,0,0
3926,0,0,0,0,0,0,0,0,1,-1,0,0,0,0,0,0,1,1,0,1,-1,0,-1,0,0,1,0,0,0,0,0,1,0,0,0,-1,-1,0,1,1,-1,-1,0,0,0,1,0,-1,0,0,0,-1,0,0,-1,1,-1,0,0,-1,0,-1,0,-1
3927,0,0,0,1,0,0,-1,1,0,1,1,0,-1,-1,-1,0,-1,0,-1,0,0,-1,0,0,-1,0,-1,0,0,0,0,0,0,0,-1,0,0,1,-1,1,0,0,0,0,0,0,0,0,0,0,0,1,1,-1,0,1,0,0,0,1,0,-1,0,-1
3928,0,0,1,0,0,0,0,0,1,1,0,1,0,-1,0,1,0,0,-1,0,0,-1,0,1,0,-1,0,0,-1,0,0,0,0,-1,0,0,0,1,0,-1,0,0,0,1,-1,1,0,0,0,1,0,1,1,0,1,-1,0,0,0,0,0,-1,0,0
3929,1,0,0,0,0,0,0,0,-1,0,0,0,1,0,1,0,0,0,0,1,0,1,0,0,0,1,-1,0,0,-1,0,-1,0,0,0,0,0,0,0,0,0,0,-1,0,1,0,0,-1,1,0,1,-1,-1,1,0,0,0,0,0,0,0,0,-1,0
3930,0,1,0,1,0,-1,0,0,0,0,0,0,0,0,0,0,0,0,0,1,0,-1,-1,-1,0,1,0,-1,1,-1,0,-1,0,0,0,0,0,0,-1,0,-1,0,0,0,0,0,-1,1,0,-1,0,0,0,0,0,1,-1,0,0,0,0,0,0,0
3931,0,0,1,0,0,0,0,1,0,1,0,0,0,0,0,1,-1,-1,-1,-1,0,-1,1,1,0,0,0,-1,1,0,0,0,-1,0,-1,-1,0,0,0,1,0,0,0,0,0,0,-1,-1,0,0,0,0,0,0,-1,1,-1,1,0,-1,-1,0,0,0
3932,1,0,0,0,0,0,0,0,0,0,1,0,-1,0,1,0,0,0,0,0,-1,0,1,0,0,0,0,0,0,0,0,0,0,0,1,-1,0,-1,0,1,0,0,-1,0,0,0,0,-1,0,-1,0,-1,-1,0,0,0,0,0,-1,1,0,0,0,0
3933,1,-1,0,0,0,1,1,0,0,0,0,0,0,0,0,0,-1,-1,1,0,1,1,0,-1,1,0,1,0,0,1,0,0,-1,0,-1,0,0,0,0,0,0,0,-1,1,-1,1,0,-1,-1,0,0,0,0,0,1,0,0,0,-1,1,1,0,-1,1
3934,0,1,0,1,-1,0,0,0,0,0,0,0,1,-1,-1,0,-1,0,1,1,0,1,0,1,0,0,0,0,0,1,0,0,0,1,0,1,0,-1,-1,0,0,0,0,-1,0,0,0,0,0,1,1,1,-1,1,0,0,1,0,1,0,0,0,0,0
3935,0,0,0,0,-1,1,0,0,0,0,1,0,0,0,0,0,0,0,0,-1,-1,0,1,0,0,1,-1,0,1,1,0,0,-1,0,0,-1,0,0,0,0,0,0,1,1,0,0,-1,0,0,0,0,0,-1,0,0,0,0,-1,0,1,1,1,0,-1
3936,0,0,0,1,-1,0,0,0,0,1,0,0,0,1,0,0,0,0,0,1,0,0,0,-1,0,0,0,0,0,1,1,-1,0,1,0,0,1,0,0,0,0,-1,0,0,0,-1,-1,0,-1,1,1,-1,0,0,0,0,0,1,0,0,0,0,0,1
3937,-1,0,-1,0,0,1,0,1,1,0,0,1,0,1,-1,-1,0,0,0,0,0,0,0,0,0,0,0,0,0,0,1,0,-1,1,0,1,0,0,0,0,-1,0,0,1,0,0,1,1,-1,0,0,0,-1,0,1,0,0,0,0,1,0,0,0,0
3938,-1,0,-1,-1,0,-1,0,0,0,0,0,0,0,0,0,0,-1,0,0,0,0,0,0,0,0,0,0,0,0,1,0,-1,0,-1,0,0,0,1,0,0,-1,0,1,0,0,0,1,-1,0,1,0,0,0,0,0,1,1,1,1,0,-1,-1,0,1
3939,0,0,-1,0,0,0,0,0,0,0,0,0,0,0,-1,-1,0,0,0,-1,-1,0,0,-1,1,0,0,0,0,1,1,0,1,0,1,1,1,1,0,0,1,-1,0,0,0,0,1,0,-1,-1,0,0,0,0,-1,0,1,1,0,0,0,1,1,0
3940,0,0,-1,1,0,0,0,-1,0,0,0,-1,1,0,-1,0,0,0,0,0,-1,0,-1,0,-1,-1,0,-1,1,-1,0,-1,0,-1,0,0,0,0,-1,-1,1,0,0,0,0,0,0,-1,0,0,0,0,0,0,0,0,0,-1,0,0,0,0,0,1
3941,0,-1,0,1,1,1,1,0,0,0,0,0,0,-1,0,-1,0,0,0,0,-1,-1,0,0,0,0,0,0,-1,0,0,0,0,0,-1,0,0,-1,0,0,-1,1,1,0,0,0,1,0,0,-1,-1,1,0,-1,0,-1,1,1,0,0,1,-1,0,-1
3942,1,0,0,0,0,0,0,0,0,1,1,0,0,1,-1,0,0,1,0,1,0,0,-1,0,0,1,0,0,0,0,0,0,0,1,0,0,0,0,1,0,0,0,0,1,1,0,0,1,0,0,-1,0,0,0,0,0,1,0,1,0,-1,1,0,0
3943,0,0,-1,0,-1,0,-1,0,0,0,0,0,1,0,0,0,0,0,1,-1,0,0,1,-1,0,0,-1,0,0,0,1,0,-1,-1,0,1,0,0,-1,-1,-1,1,0,0,0,0,1,0,0,-1,-1,0,-1,0,0,0,0,0,0,0,0,0,1,0
3944,1,0,-1,0,0,0,1,1,0,1,0,0,0,1,0,0,1,1,1,0,1,0,0,0,-1,1,0,0,0,0,0,1,1,0,0,0,0,1,-1,1,0,0,-1,0,-1,-1,0,0,1,0,0,0,0,-1,0,0,-1,0,1,1,-1,-1,0,0
3945,1,0,0,0,0,0,0,0,-1,0,0,0,0,0,0,0,0,0,-1,1,0,0,0,-1,0,0,0,0,0,-1,0,-1,0,0,0,1,0,-1,1,0,0,0,0,0,0,0,-1,0,0,0,0,0,0,0,0,0,0,0,1,0,0,0,0,0
3946,1,-1,0,0,0,0,0,0,0,1,0,0,0,1,0,0,0,1,-1,0,0,0,1,-1,0,0,0,0,0,0,1,-1,0,1,1,1,0,0,0,0,0,0,-1,1,0,1,-1,0,0,0,0,0,0,0,0,0,0,-1,1,1,0,0,0,0
3947,0,1,0,0,0,0,0,0,0,1,0,0,1,0,0,0,0,0,0,0,0,1,0,0,0,0,1,0,0,0,0,0,0,0,0,0,1,-1,0,0,1,0,0,0,0,0,0,0,0,-1,0,0,0,0,0,0,-1,-1,0,0,0,-1,-1,0
3948,0,0,0,0,1,-1,0,0,0,0,0,1,1,0,0,0,-1,0,0,0,0,0,0,-1,0,0,0,1,1,0,0,0,0,0,0,0,0,0,0,1,0,0,0,0,0,1,0,0,-1,0,-1,0,-1,0,-1,-1,0,0,0,1,-1,0,0,0
3949,1,1,0,0,1,0,-1,0,0,0,-1,0,1,-1,1,0,0,0,-1,0,-1,0,0,-1,0,1,0,-1,1,1,1,0,0,1,0,0,0,0,1,0,1,0,1,1,0,0,0,-1,0,0,0,1,0,0,0,1,0,0,0,0,-1,-1,1,1
3950,0,0,0,1,0,0,1,1,-1,0,0,1,-1,0,0,0,1,0,0,0,0,0,1,0,0,-1,-1,0,1,0,0,1,0,1,0,0,0,0,0,0,0,-1,0,0,0,0,0,0,0,0,0,0,0,1,0,0,-1,0,-1,0,1,0,0,0
3951,0,-1,0,0,0,0,0,0,-1,0,1,0,0,0,1,0,-1,0,1,0,0,0,0,1,0,0,1,0,0,0,0,0,0,0,0,0,0,0,1,1,0,0,-1,1,1,0,0,0,0,1,0,1,-1,0,0,0,0,0,1,-1,0,-1,0,-1
3952,1,1,0,0,1,0,0,0,0,0,1,0,0,0,-1,-1,0,1,0,0,0,0,1,0,0,0,-1,0,-1,1,-1,0,0,0,0,-1,1,0,0,0,1,-1,0,0,1,0,0,0,0,0,1,0,-1,0,0,-1,-1,0,0,0,0,1,0,0
3953,1,0,0,0,0,0,0,0,0,-1,0,0,0,0,0,0,-1,0,0,0,0,0,0,1,0,0,0,0,0,1,0,0,-1,-1,0,0,0,0,0,0,0,-1,0,0,0,0,1,0,0,1,0,1,0,0,-1,0,0,0,1,0,0,-1,0,0
3954,1,0,-1,0,0,1,0,0,-1,0,0,-1,0,1,-1,1,0,0,0,-1,1,1,0,0,0,0,-1,0,0,-1,0,-1,0,1,-1,0,0,0,0,0,0,0,0,-1,0,-1,0,0,0,0,1,0,0,1,1,0,1,1,-1,0,0,0,0,0
3955,1,0,-1,1,1,1,1,-1,1,0,0,0,0,1,0,0,0,0,0,0,0,1,0,0,0,0,0,0,1,1,0,1,0,0,0,0,0,0,0,0,0,0,0,0,0,0,0,0,0,0,0,0,1,0,1,0,0,0,1,0,0,0,0,0
3956,-1,1,0,0,0,1,-1,1,0,0,0,0,0,1,0,0,0,-1,0,-1,1,0,0,1,0,0,0,0,0,1,0,0,1,0,1,0,1,-1,0,0,0,-1,0,1,0,0,1,0,0,0,1,1,0,0,0,0,0,0,0,0,0,0,0,0
3957,1,1,-1,0,0,0,0,0,1,0,-1,0,-1,0,0,0,-1,0,-1,-1,0,0,-1,-1,0,0,0,0,1,0,-1,-1,0,0,1,0,1,0,0,0,0,0,0,0,0,-1,0,-1,0,0,-1,0,-1,0,1,-1,1,0,0,1,1,0,0,1
3958,0,0,0,-1,0,1,0,0,0,0,0,1,0,1,0,0,1,-1,0,1,0,0,-1,0,-1,1,0,0,0,0,0,0,1,-1,-1,0,0,1,0,1,0,0,0,0,0,-1,-1,0,1,1,0,0,0,0,1,0,0,0,0,0,0,1,0,1
3959,1,0,0,0,0,0,1,0,0,0,0,0,0,0,-1,0,0,0,-1,0,0,0,0,0,0,0,0,1,0,-1,0,0,0,0,0,1,0,1,0,0,0,0,0,-1,1,0,0,0,0,1,0,0,0,0,0,-1,0,0,0,0,0,0,-1,0
3960,0,0,1,-1,0,0,1,0,-1,0,-1,0,0,-1,0,0,0,-1,-1,0,0,0,0,-1,1,1,-1,-1,1,-1,0,0,1,0,-1,-1,0,-1,0,-1,0,1,1,0,0,0,1,0,0,-1,1,0,-1,-1,1,0,0,-1,1,0,0,0,0,0
3961,1,1,0,0,1,0,-1,0,0,0,0,0,0,-1,1,0,0,0,0,0,0,-1,0,-1,-1,0,0,0,1,1,0,0,1,0,0,0,0,1,0,0,0,1,-1,-1,1,0,0,0,1,0,0,0,-1,0,1,0,0,0,0,0,-1,1,0,0
3962,-1,0,0,0,1,0,0,0,-1,1,1,0,-1,0,0,0,0,0,0,0,1,1,1,0,0,0,0,1,0,0,-1,1,-1,-1,0,0,1,0,0,0,0,0,0,-1,0,0,0,1,0,0,0,0,0,-1,1,0,0,0,0,1,1,0,0,-1
3963,0,0,1,-1,0,0,0,0,0,1,0,0,-1,0,0,0,1,0,0,1,0,0,0,0,0,1,-1,-1,0,0,-1,0,0,0,0,-1,0,1,0,-1,0,0,-1,0,-1,0,-1,0,1,0,0,-1,0,1,0,0,-1,1,-1,0,1,0,1,1
3964,0,0,-1,0,-1,-1,0,0,0,0,0,0,0,1,0,0,0,1,0,0,0,0,0,1,0,0,0,0,-1,0,0,0,0,1,0,0,0,0,0,-1,0,1,0,0,0,0,0,0,0,0,1,0,0,0,0,0,0,0,0,-1,0,0,-1,0
3965,-1,0,0,0,0,0,0,0,1,0,0,-1,0,0,0,0,0,0,-1,-1,0,0,1,0,-1,1,0,0,0,0,0,0,0,1,0,0,0,0,0,-1,0,0,0,1,1,0,-1,0,-1,1,-1,0,0,0,0,-1,-1,0,-1,0,0,0,0,-1
3966,0,0,1,0,0,1,-1,-1,0,0,0,-1,0,1,-1,0,0,1,0,0,0,1,-1,0,0,0,0,1,0,0,0,1,0,0,1,-1,0,0,0,0,0,0,1,0,-1,-1,0,0,0,0,0,0,1,0,1,0,0,0,0,0,0,0,-1,-1
3967,0,1,0,0,0,0,0,0,-1,0,0,1,0,1,0,0,1,1,-1,-1,0,1,0,1,0,0,1,1,0,-1,0,0,0,0,1,0,0,0,-1,0,0,0,-1,0,0,0,0,-1,1,1,0,1,0,0,0,0,0,0,0,0,1,1,0,0
3968,0,1,0,1,0,0,1,0,0,1,0,1,0,1,0,-1,-1,0,0,-1,0,0,0,0,0,-1,0,1,-1,-1,-1,0,1,0,0,1,1,0,0,-1,0,0,0,0,0,0,0,0,0,0,0,0,0,0,1,0,0,1,1,-1,0,1,1,-1
3969,0,0,0,0,0,0,-1,0,0,0,0,-1,0,0,0,-1,1,0,0,1,-1,0,1,1,1,-1,0,0,0,-1,-1,0,0,0,-1,-1,0,0,-1,0,0,-1,0,0,0,-1,0,0,0,-1,0,0,1,1,0,1,0,0,0,-1,-1,0,-1,1
3970,-1,0,0,-1,1,0,0,0,0,0,-1,-1,0,0,1,0,0,0,0,0,0,0,0,1,-1,-1,-1,1,0,0,0,0,1,0,-1,1,-1,1,-1,1,-1,1,-1,-1,0,0,1,0,1,0,1,-1,0,0,0,-1,0,-1,0,0,0,0,0,1
3971,1,0,1,0,0,0,0,1,-1,1,0,0,0,0,-1,0,0,0,1,-1,0,-1,0,0,-1,0,-1,0,-1,1,0,0,-1,1,0,0,0,0,0,1,0,0,0,0,0,0,0,-1,0,1,0,-1,0,0,0,0,0,1,0,0,0,-1,-1,0
3972,-1,-1,-1,1,0,0,-1,-1,0,-1,1,0,-1,1,1,1,0,-1,0,-1,0,-1,0,1,0,0,-1,0,-1,0,0,0,0,0,0,0,-1,-1,0,1,-1,1,0,0,0,0,0,0,0,0,0,0,0,0,-1,0,0,1,0,0,0,0,-1,1
3973,0,1,0,0,-1,0,0,0,0,0,-1,1,1,0,0,-1,0,0,0,-1,0,0,0,-1,0,-1,0,0,0,0,-1,-1,0,0,-1,0,0,0,0,0,0,-1,1,0,0,0,-1,0,0,1,1,0,-1,-1,0,0,0,0,0,1,0,0,0,0
3974,1,0,0,1,-1,0,0,0,1,0,-1,0,0,0,-1,-1,0,0,0,0,0,1,0,0,0,0,0,0,0,0,0,1,0,-1,0,0,0,1,0,-1,0,0,0,0,0,-1,0,0,0,0,1,-1,0,0,0,1,-1,1,0,0,0,0,0,1
3975,0,1,0,1,0,0,0,1,-1,1,-1,-1,0,1,1,0,0,-1,1,1,0,0,-1,-1,0,0,0,0,0,1,1,0,0,0,-1,-1,1,0,0,0,-1,0,0,-1,-1,0,0,0,0,0,0,0,-1,0,0,0,1,-1,-1,1,1,-1,1,0
3976,0,0,-1,0,0,-1,-1,0,1,0,0,-1,0,0,0,0,0,0,1,0,0,0,0,-1,0,0,-1,0,0,1,1,0,0,0,1,1,0,-1,0,0,1,-1,-1,1,0,0,1,-1,0,0,0,0,1,0,0,-1,0,0,0,1,0,0,-1,0
3977,1,0,-1,0,0,0,0,0,1,0,0,0,0,0,1,0,1,0,0,0,0,-1,0,0,0,1,1,0,0,0,0,0,0,-1,0,0,0,0,0,1,0,0,0,0,0,1,0,0,0,0,0,0,0,0,0,0,0,0,-1,0,0,-1,1,-1
3978,0,-1,0,-1,0,0,1,0,0,0,-1,0,0,1,-1,0,0,0,0,0,1,0,1,1,0,0,0,0,0,1,0,0,0,-1,0,0,0,0,0,0,1,0,0,-1,0,0,0,0,0,0,0,1,0,-1,0,0,-1,1,0,0,-1,0,-1,0
3979,0,0,0,-1,0,0,1,0,0,0,0,0,0,0,0,0,0,1,-1,0,0,0,0,0,0,-1,0,0,0,0,-1,1,0,0,0,-1,0,0,0,0,1,-1,0,-1,0,-1,0,0,-1,0,0,0,1,0,-1,0,0,0,0,1,-1,1,0,-1
3980,0,0,1,0,0,0,-1,-1,0,0,1,0,-1,-1,0,0,0,1,0,0,0,0,0,-1,1,1,0,-1,1,0,1,0,1,0,0,0,0,0,1,-1,0,0,0,-1,0,0,0,0,0,0,0,0,-1,0,0,0,0,1,0,1,0,0,0,0
3981,0,0,1,1,-1,-1,0,1,0,0,0,1,1,1,0,1,0,0,0,0,0,1,1,0,0,-1,0,0,-1,0,-1,0,0,-1,0,0,0,0,0,0,-1,0,1,0,0,0,1,0,0,0,0,1,1,0,0,0,-1,0,0,1,0,1,0,0
3982,1,0,0,0,0,0,-1,-1,-1,0,1,0,0,1,1,0,1,0,0,0,1,0,0,0,0,0,0,0,-1,0,0,0,0,-1,0,-1,-1,0,-1,0,0,-1,0,1,0,0,0,0,0,-1,-1,0,0,1,-1,1,0,0,0,0,0,-1,1,0
3983,-1,0,1,1,1,0,1,1,1,0,0,1,1,0,1,1,1,0,0,0,1,0,0,0,0,1,0,0,0,0,1,0,0,0,0,0,0,1,0,0,0,1,0,0,1,0,0,0,1,0,-1,0,0,0,1,0,0,-1,0,0,-1,0,0,1
3984,0,0,1,0,0,0,0,-1,0,0,0,0,0,0,0,0,0,0,0,0,1,0,0,0,0,0,0,0,0,0,0,1,0,0,0,0,0,0,0,1,0,0,1,1,0,0,0,0,0,0,1,0,0,1,0,0,0,1,0,0,0,0,0,0
3985,-1,1,0,1,1,0,-1,0,0,-1,0,0,-1,-1,0,0,1,0,0,0,0,-1,-1,0,-1,0,1,0,0,0,0,0,0,0,1,0,0,0,1,-1,0,-1,0,-1,-1,0,0,0,0,0,-1,0,0,0,0,-1,1,1,-1,0,-1,0,0,0
3986,0,0,0,0,0,-1,0,0,0,0,1,0,0,0,-1,1,1,0,0,0,0,0,0,0,-1,-1,0,-1,0,-1,0,0,0,-1,0,0,0,1,-1,0,0,0,1,0,0,0,0,0,0,0,0,-1,0,0,0,0,0,0,0,1,-1,-1,0,1
3987,-1,0,0,0,0,1,0,0,0,0,0,0,-1,0,-1,0,0,1,1,-1,0,0,0,1,1,0,0,0,0,0,0,0,-1,0,0,0,0,0,0,1,0,0,0,0,0,0,0,0,0,0,1,-1,-1,0,-1,0,0,-1,0,-1,0,0,0,1
3988,0,0,0,1,-1,0,0,0,-1,0,-1,0,1,0,-1,0,0,1,0,0,0,0,0,-1,0,0,0,0,0,0,1,0,0,-1,0,0,0,0,0,0,-1,0,0,1,0,-1,0,-1,0,0,0,-1,0,0,0,0,-1,1,1,1,-1,0,0,1
3989,-1,0,1,0,0,-1,0,-1,0,0,-1,0,0,0,0,-1,0,0,0,1,0,0,1,0,0,1,0,0,0,0,-1,0,0,0,0,0,1,-1,-1,0,1,0,-1,1,-1,0,0,0,0,0,0,0,0,0,0,0,1,-1,1,1,0,0,-1,1
3990,0,0,0,1,0,0,0,0,1,0,0,-1,-1,-1,-1,0,-1,0,-1,1,-1,1,0,0,0,0,0,0,0,-1,1,0,0,0,-1,0,-1,0,-1,-1,0,-1,1,-1,0,-1,0,0,1,1,-1,-1,0,0,0,0,-1,0,0,1,-1,-1,0,-1
3991,0,0,1,0,0,0,0,0,1,0,0,0,1,0,0,-1,0,1,0,0,0,0,-1,0,0,1,-1,0,0,-1,0,0,0,0,0,0,0,0,0,-1,-1,-1,0,0,1,0,0,0,1,0,0,0,-1,0,0,0,0,0,1,-1,0,0,-1,1
3992,0,0,-1,0,0,0,0,0,0,-1,-1,0,0,0,0,0,1,1,0,0,1,0,1,0,0,0,-1,0,-1,0,0,0,0,0,1,0,0,0,1,0,0,0,0,0,0,0,0,0,-1,0,-1,1,0,1,1,1,0,0,-1,0,0,-1,0,0
3993,1,-1,0,1,0,1,0,0,1,0,0,-1,0,0,0,1,0,0,-1,1,0,0,0,1,0,0,0,0,0,0,0,0,-1,0,0,0,0,1,1,0,0,1,0,0,0,0,0,0,1,0,0,0,0,0,1,0,0,0,1,1,0,0,1,0
3994,1,0,0,0,-1,0,0,-1,1,0,0,0,0,0,0,0,0,1,0,0,1,-1,0,-1,-1,0,0,-1,0,-1,0,0,-1,0,0,1,0,0,0,0,0,0,1,0,0,1,1,0,1,0,0,-1,0,0,1,1,1,0,0,0,0,0,0,0
3995,-1,0,0,-1,-1,-1,0,1,0,-1,0,0,-1,0,0,1,1,0,-1,0,0,0,0,0,-1,0,-1,0,0,0,0,1,0,1,0,0,1,0,1,0,0,0,0,0,0,-1,1,-1,0,0,-1,0,0,0,0,1,0,-1,-1,0,0,1,0,-1
3996,0,-1,0,0,1,0,0,0,0,0,0,0,0,1,0,0,-1,0,1,-1,1,0,0,0,1,0,1,-1,-1,0,0,0,0,0,1,0,0,1,-1,0,1,0,1,0,0,0,0,1,0,0,0,0,0,0,0,1,0,0,0,1,0,0,0,0
3997,1,0,1,0,0,0,0,1,0,1,0,-1,-1,0,-1,-1,0,-1,0,0,-1,1,1,0,0,1,-1,-1,0,1,0,0,1,0,-1,1,1,0,0,0,0,0,0,0,0,0,1,0,0,0,0,0,-1,0,0,1,0,0,0,0,0,0,1,0
3998,1,0,-1,0,0,0,1,0,1,-1,-1,1,-1,1,1,1,0,1,0,0,1,-1,0,1,0,0,0,0,1,-1,0,0,0,0,0,0,0,0,0,0,0,-1,0,1,0,-1,0,0,0,0,0,0,-1,-1,-1,0,1,0,0,0,0,0,0,-1
3999,0,0,0,0,1,0,0,-1,1,1,0,0,-1,0,0,0,1,0,0,0,0,1,0,0,1,0,1,-1,0,0,1,0,0,0,0,0,0,0,0,0,0,0,-1,0,0,-1,1,0,0,1,0,1,0,0,1,0,0,1,1,0,-1,-1,0,0
4000,0,0,0,1,0,0,0,0,0,0,0,-1,-1,-1,-1,1,0,-1,0,1,0,-1,-1,0,0,0,1,1,0,-1,0,0,-1,1,1,0,-1,0,0,0,-1,1,1,0,0,0,0,-1,0,1,-1,0,0,0,0,0,0,0,0,0,0,0,1,0
4001,0,0,0,1,-1,0,0,0,0,1,0,-1,0,1,0,0,0,0,0,0,-1,-1,0,0,0,0,0,-1,0,0,-1,1,0,-1,0,1,1,0,0,-1,1,0,-1,-1,0,0,0,0,-1,0,1,0,-1,1,0,0,0,-1,1,-1,0,0,0,0
4002,1,0,-1,0,0,0,0,0,0,-1,1,0,1,1,-1,1,0,0,0,0,0,0,1,0,1,0,0,0,1,1,1,-1,0,0,0,0,1,1,0,0,0,0,0,0,0,0,1,0,1,-1,0,0,0,0,0,0,-1,0,0,-1,1,0,1,1
4003,0,0,0,1,0,0,1,-1,0,-1,1,-1,0,0,0,0,0,0,1,-1,-1,0,0,0,0,0,0,-1,0,0,0,0,0,0,0,0,0,0,0,-1,1,0,1,0,0,0,0,1,0,-1,0,1,0,1,0,0,1,0,0,0,0,0,1,-1
4004,0,0,0,0,0,1,0,1,0,0,1,-1,0,1,0,0,1,0,0,1,0,1,1,0,0,0,0,0,-1,-1,0,1,1,0,1,1,0,-1,0,0,-1,0,1,-1,-1,0,1,-1,1,0,1,-1,0,0,0,-1,1,0,0,0,1,-1,-1,0
4005,0,1,1,-1,-1,0,0,0,-1,1,1,0,0,-1,-1,0,0,0,-1,0,0,0,0,-1,0,0,-1,0,-1,0,0,1,-1,-1,0,0,0,0,1,-1,0,0,0,0,-1,0,0,1,0,0,0,-1,1,0,-1,0,0,1,0,1,-1,0,0,0
4006,0,0,0,0,0,0,1,0,-1,0,0,1,-1,-1,0,0,0,0,1,0,0,0,0,0,0,0,-1,0,0,0,0,0,1,0,0,0,0,0,0,1,0,0,0,1,0,-1,1,0,0,0,-1,1,-1,0,-1,1,-1,0,0,0,0,0,1,-1
4007,0,1,-1,0,0,0,0,-1,0,1,0,0,0,1,0,0,1,0,0,0,0,0,1,0,0,1,0,0,0,0,1,-1,-1,0,0,-1,0,0,1,1,0,0,0,1,0,-1,-1,0,1,0,0,-1,0,0,0,-1,0,0,0,0,1,0,0,0
4008,0,-1,0,0,0,0,0,0,0,0,-1,-1,0,1,0,0,-1,-1,1,0,0,0,0,0,1,0,0,1,0,0,0,0,1,0,0,0,0,0,0,0,0,0,1,1,0,1,0,1,0,1,0,0,0,0,1,0,-1,-1,0,0,0,1,-1,0
4009,0,1,0,0,1,0,0,-1,0,0,0,0,0,0,-1,0,1,0,0,1,1,1,1,1,0,0,0,0,-1,0,0,0,0,-1,0,0,1,0,0,0,-1,0,0,0,0,-1,1,-1,0,0,0,0,0,0,-1,1,-1,-1,0,0,1,-1,0,-1
4010,1,0,0,1,0,0,0,0,1,0,0,0,0,0,0,1,0,1,0,0,-1,1,0,-1,1,-1,0,0,1,0,1,1,0,-1,0,0,0,0,1,0,0,0,0,1,-1,0,0,0,0,-1,1,0,0,-1,0,0,-1,0,0,0,0,0,-1,0
4011,0,0,0,0,0,0,0,0,1,0,0,0,0,0,0,0,0,0,0,0,-1,1,0,0,1,0,1,0,0,0,-1,0,1,0,0,0,0,-1,0,1,1,1,0,0,0,0,0,0,0,0,1,0,0,1,0,-1,1,0,0,-1,-1,0,0,0
4012,0,0,0,-1,0,0,0,1,1,0,1,0,0,0,1,0,0,-1,-1,-1,1,-1,0,0,0,1,0,0,0,0,-1,0,0,1,0,-1,0,0,0,0,1,0,0,0,0,0,0,1,0,0,0,0,0,0,-1,-1,0,1,1,-1,-1,-1,0,-1
4013,-1,-1,0,0,0,1,0,0,0,1,0,1,0,-1,-1,0,1,0,0,0,-1,-1,0,0,1,0,0,-1,-1,0,0,-1,-1,-1,1,0,1,0,1,1,0,-1,0,1,1,0,0,0,0,-1,0,-1,0,0,0,0,0,0,0,0,0,1,-1,1
4014,0,0,1,-1,-1,0,-1,0,-1,0,0,1,0,0,0,0,0,0,0,1,0,-1,0,0,0,0,0,0,0,1,0,-1,1,0,0,0,-1,1,0,-1,0,0,0,-1,0,1,0,0,-1,0,1,0,1,0,0,1,1,0,0,0,0,0,0,1
4015,-1,1,0,0,0,0,0,0,0,-1,0,-1,-1,0,0,-1,0,1,0,1,0,0,0,0,0,0,0,0,1,0,0,0,1,0,0,0,0,-1,-1,0,0,0,0,1,0,0,0,0,0,-1,1,0,0,0,0,0,0,0,1,1,0,0,1,0
4016,-1,-1,1,1,0,-1,-1,0,-1,0,-1,0,0,-1,-1,0,-1,-1,0,1,0,-1,1,1,0,1,0,0,0,0,0,1,0,1,-1,0,0,0,1,-1,0,-1,1,0,0,0,0,-1,1,0,1,0,0,-1,1,0,0,0,-1,0,0,1,0,0
4017,0,0,0,0,0,0,-1,0,-1,0,-1,-1,0,0,-1,1,0,0,0,0,0,0,-1,0,0,0,1,0,0,0,1,0,0,0,-1,-1,0,0,1,1,0,0,1,0,0,-1,-1,0,-1,0,0,-1,0,-1,-1,0,1,1,-1,0,0,1,-1,0
4018,0,0,0,-1,0,0,0,1,0,0,1,0,0,0,0,0,0,0,0,-1,0,0,-1,0,0,0,-1,0,0,-1,1,0,-1,-1,1,0,-1,0,1,-1,0,1,0,0,0,0,1,0,0,0,0,0,0,0,-1,1,0,-1,0,0,1,0,0,1
4019,0,-1,0,0,0,0,1,1,0,0,0,0,0,0,1,0,1,0,1,0,1,1,0,0,0,1,0,0,0,0,-1,-1,0,0,0,0,0,1,1,-1,1,0,0,0,-1,0,0,0,0,0,0,-1,0,0,0,0,0,0,0,-1,-1,1,-1,0
4020,0,0,0,0,0,-1,0,0,-1,0,0,1,1,0,-1,0,0,0,0,0,0,0,1,0,0,1,0,0,0,-1,0,1,0,0,-1,0,0,-1,-1,0,0,1,0,0,-1,1,-1,1,0,0,-1,1,1,1,0,0,0,0,0,0,0,0,0,0
4021,1,0,0,1,-1,1,1,0,1,1,0,1,1,1,-1,0,0,0,-1,-1,0,1,0,0,1,-1,1,1,0,0,-1,0,0,0,-1,-1,0,0,1,0,0,0,0,1,0,-1,0,1,0,0,0,0,1,0,0,0,0,0,-1,0,0,-1,1,0
4022,-1,1,0,0,-1,0,1,0,0,1,0,0,0,0,0,0,0,0,0,1,1,-1,0,-1,0,1,0,0,0,1,0,0,0,0,0,0,1,0,1,1,0,0,-1,-1,1,0,-1,0,0,0,1,-1,-1,-1,0,1,-1,0,0,0,0,-1,-1,0
4023,0,0,0,0,0,0,0,0,1,0,0,0,1,0,1,0,0,0,0,0,0,0,0,0,0,0,0,0,0,0,1,0,-1,-1,0,0,0,-1,0,0,1,0,0,1,-1,1,0,0,0,0,0,1,0,1,0,0,0,1,0,0,0,0,0,-1
4024,0,0,0,0,0,-1,0,1,0,1,0,1,0,0,0,-1,0,1,0,0,0,0,0,-1,0,1,1,0,0,-1,0,0,-1,0,0,0,1,0,0,0,1,0,1,0,-1,0,0,0,0,0,0,0,0,1,0,-1,1,-1,0,0,1,1,0,0
4025,0,-1,0,0,0,0,1,0,0,0,0,0,0,0,-1,0,0,0,0,0,0,0,0,0,0,1,-1,0,0,0,0,0,-1,0,0,0,0,0,0,-1,0,1,0,0,-1,0,0,0,-1,0,0,0,0,0,-1,1,1,0,0,-1,0,0,0,0
4026,0,1,0,-1,0,0,1,0,1,0,-1,0,-1,0,0,0,0,0,-1,-1,0,0,0,1,-1,0,0,0,0,0,-1,0,0,0,0,0,1,-1,0,0,0,0,-1,0,0,0,0,0,0,0,0,0,-1,0,0,0,1,0,0,1,-1,0,-1,-1
4027,0,0,0,-1,0,0,-1,0,0,0,0,0,-1,0,0,0,0,-1,0,0,0,0,0,-1,0,-1,1,1,0,0,0,1,-1,0,0,0,-1,0,0,0,0,0,0,0,0,0,-1,1,1,0,0,1,1,1,0,0,0,0,0,-1,1,0,0,-1
4028,0,-1,-1,0,1,0,0,0,0,0,0,0,0,0,0,0,0,1,-1,0,-1,-1,0,-1,0,0,0,0,0,0,0,0,0,0,0,0,1,1,0,-1,0,0,-1,0,0,-1,0,0,-1,0,0,0,1,0,1,0,0,0,0,0,-1,0,0,0
4029,0,-1,0,0,1,0,0,-1,0,-1,0,0,0,-1,0,-1,0,1,0,1,0,0,1,0,0,0,0,0,0,-1,0,1,-1,-1,0,0,1,-1,0,-1,-1,-1,0,0,0,1,0,0,-1,1,0,0,1,0,0,1,0,1,1,0,0,0,0,0
4030,0,-1,-1,0,0,1,0,-1,0,1,0,0,0,1,0,0,0,-1,0,1,0,-1,0,0,-1,0,0,0,0,0,0,0,0,0,-1,0,0,0,0,0,0,0,0,0,1,0,-1,-1,1,1,0,0,0,0,0,1,0,1,0,0,0,1,-1,0
4031,0,0,0,-1,0,0,0,-1,0,0,0,0,0,0,0,0,0,0,0,0,-1,-1,0,0,0,0,0,1,-1,1,0,0,0,0,0,-1,1,0,0,0,-1,0,-1,1,1,0,0,0,1,-1,-1,0,0,0,0,0,-1,1,0,0,0,1,1,0
4032,0,1,-1,0,0,0,-1,0,-1,0,0,0,0,-1,0,1,0,0,0,0,0,0,0,0,0,0,0,0,-1,0,0,1,0,1,0,0,1,0,0,0,0,0,-1,-1,0,1,-1,0,1,0,0,0,0,1,1,0,0,-1,0,-1,0,0,-1,1
4033,-1,0,1,0,0,0,0,0,0,1,0,0,1,1,-1,1,0,0,0,1,1,0,1,1,0,-1,0,-1,-1,0,0,0,0,-1,0,1,0,0,-1,1,0,0,0,0,0,0,0,0,0,0,0,0,0,-1,0,0,0,0,0,0,-1,-1,-1,0
4034,1,-1,-1,-1,1,0,1,0,0,1,1,0,-1,0,-1,0,1,-1,-1,0,0,-1,0,0,0,0,0,1,0,1,0,0,0,0,1,0,0,0,-1,1,0,0,-1,0,0,1,0,0,0,1,-1,1,0,1,0,-1,0,0,0,0,0,0,-1,-1
4035,0,0,0,-1,0,-1,0,1,0,1,0,0,-1,0,0,0,0,0,0,0,0,1,0,0,-1,0,0,0,-1,0,0,0,0,0,0,0,0,-1,0,1,-1,0,0,0,0,1,0,-1,0,1,0,0,0,0,1,1,0,0,0,1,0,0,0,-1
4036,-1,0,-1,1,0,0,0,0,0,1,0,1,-1,1,0,0,-1,1,0,0,-1,0,0,0,-1,0,0,0,0,1,-1,0,-1,0,-1,1,0,0,-1,0,-1,-1,1,0,-1,-1,0,-1,1,0,-1,-1,0,0,0,1,0,0,0,0,0,0,0,0
4037,1,1,0,0,0,0,0,0,0,0,0,0,0,1,0,0,0,0,0,0,0,-1,0,-1,1,0,0,0,0,0,0,0,0,0,0,-1,1,0,0,0,0,-1,0,0,1,-1,0,-1,0,0,0,1,0,0,0,0,0,1,0,0,0,0,1,0
4038,0,0,0,0,0,0,1,0,0,0,-1,-1,0,-1,1,0,0,0,0,0,0,0,0,0,-1,0,0,0,0,0,1,-1,0,0,0,0,0,1,1,0,1,0,0,-1,0,1,-1,0,0,0,0,0,0,1,0,0,0,0,0,0,1,0,-1,0
4039,0,1,0,0,0,0,0,0,0,0,0,0,0,0,0,0,1,0,-1,0,1,0,0,0,-1,0,0,0,0,1,0,0,0,0,-1,0,0,-1,0,0,1,0,0,0,0,-1,0,0,0,-1,0,0,0,0,1,0,0,-1,1,0,0,0,-1,1
4040,1,0,0,0,0,-1,-1,0,0,0,-1,-1,0,0,0,0,-1,0,0,-1,1,0,0,0,0,0,1,0,0,1,1,0,0,-1,1,0,1,0,1,1,-1,0,-1,0,0,0,-1,-1,0,-1,0,0,0,0,-1,0,0,0,0,-1,0,-1,1,0
4041,0,0,0,0,0,0,1,1,0,0,0,1,0,0,1,0,1,0,0,0,-1,1,0,0,0,-1,0,-1,-1,0,0,0,1,0,-1,0,0,0,0,1,0,0,0,0,-1,0,1,1,-1,0,1,0,1,0,0,1,-1,0,0,1,0,0,0,1
4042,-1,0,0,1,0,0,-1,0,0,-1,0,-1,1,-1,-1,0,0,0,0,0,0,1,0,0,0,0,-1,-1,0,0,1,-1,0,-1,-1,0,0,1,0,0,1,0,-1,0,0,0,0,0,1,0,-1,0,1,-1,0,-1,0,1,0,1,1,0,0,-1
4043,1,0,0,1,1,-1,0,0,0,1,1,-1,0,-1,-1,1,0,0,0,1,1,0,0,-1,0,0,-1,1,-1,1,0,-1,0,1,-1,0,0,1,0,0,0,0,0,-1,1,0,0,0,0,0,0,0,0,-1,1,0,-1,0,0,0,-1,0,1,0
4044,0,1,-1,-1,0,0,0,0,0,0,0,-1,0,0,0,1,1,0,0,0,1,0,0,0,0,0,1,0,0,0,0,0,0,0,0,0,0,0,0,-1,0,1,0,0,0,0,-1,0,0,-1,-1,1,0,1,1,-1,1,0,1,1,0,0,0,0
4045,0,0,0,0,-1,0,0,0,0,0,0,0,0,0,1,0,1,0,0,1,0,0,0,0,-1,0,0,-1,1,0,0,0,0,1,0,0,0,1,-1,0,0,1,0,1,0,0,0,0,0,0,0,0,0,0,0,0,0,0,0,0,-1,0,0,0
4046,1,0,1,0,0,0,-1,-1,1,0,0,0,0,1,0,0,1,0,0,0,0,0,1,0,0,-1,0,0,0,0,-1,0,1,0,0,-1,0,0,0,0,0,1,0,0,0,-1,-1,1,0,1,0,0,0,0,0,0,1,0,0,-1,0,0,0,0
4047,0,0,-1,1,0,0,0,-1,0,1,0,0,1,0,0,0,0,0,0,0,0,0,-1,0,0,0,0,0,1,0,-1,1,0,1,0,0,1,0,1,-1,0,0,-1,0,0,0,0,-1,0,1,-1,0,0,1,0,0,1,1,1,0,1,0,1,-1
4048,0,0,0,1,0,0,0,1,0,1,-1,-1,1,1,0,0,0,1,0,0,0,0,-1,1,0,-1,0,0,1,1,-1,0,1,0,1,0,0,0,0,0,0,0,0,0,0,0,0,0,1,-1,0,0,-1,0,0,0,-1,0,0,0,0,0,1,0
4049,0,0,0,0,-1,1,1,0,0,0,0,-1,0,0,0,-1,1,0,0,-1,0,0,0,0,0,1,-1,0,0,0,0,0,0,0,0,0,-1,0,-1,0,0,0,-1,0,-1,1,0,0,0,-1,0,0,0,0,0,-1,0,0,0,0,0,-1,1,-1
4050,0,0,0,0,1,0,-1,0,1,-1,0,0,0,0,1,0,0,0,0,0,0,0,0,0,0,0,-1,1,0,1,1,-1,-1,0,0,0,0,-1,0,0,1,-1,1,0,1,0,0,0,0,-1,0,0,0,0,0,0,0,0,0,0,1,0,0,1
4051,-1,-1,0,1,-1,0,0,0,0,-1,0,0,-1,0,0,1,0,0,1,0,1,0,-1,-1,0,0,0,0,-1,0,1,1,1,0,0,0,0,-1,0,1,0,0,-1,0,0,0,-1,0,-1,0,-1,-1,1,0,0,-1,-1,0,0,1,0,-1,0,0
4052,1,0,0,1,0,0,0,-1,0,0,0,0,0,1,0,-1,0,0,-1,0,0,1,1,0,0,0,0,0,1,0,0,-1,0,0,0,1,0,0,0,-1,-1,0,1,0,0,1,0,0,0,-1,0,1,0,0,-1,0,1,0,0,-1,0,0,0,1
4053,-1,0,0,0,0,1,0,0,0,0,-1,0,0,0,0,-1,-1,0,1,0,0,0,0,0,0,0,0,-1,1,-1,0,-1,-1,1,-1,0,-1,0,0,0,0,0,1,-1,0,0,0,-1,0,-1,0,0,0,-1,0,1,0,0,0,0,1,0,0,1
4054,0,-1,0,1,0,0,1,0,0,0,1,0,0,1,0,0,0,-1,1,0,0,0,0,0,0,1,-1,0,0,-1,1,0,-1,0,1,-1,0,0,0,1,0,0,0,0,-1,0,0,1,1,0,1,0,0,-1,0,0,0,0,0,1,-1,1,-1,-1
4055,0,0,-1,0,1,0,0,0,-1,-1,1,1,0,0,0,1,0,0,0,0,0,0,0,-1,0,0,0,-1,0,0,-1,0,0,-1,1,-1,0,0,0,0,-1,0,0,0,0,0,0,0,0,0,-1,0,0,0,1,-1,0,-1,0,-1,0,0,0,1
4056,0,0,0,0,0,0,-1,1,1,0,0,0,0,0,0,1,-1,0,0,-1,0,0,0,-1,0,0,0,0,1,0,0,1,-1,0,0,0,0,0,0,0,0,0,-1,0,0,1,0,0,0,1,0,-1,0,-1,0,0,0,0,-1,0,-1,0,-1,1
4057,0,0,0,0,-1,0,0,0,-1,0,1,0,0,0,0,0,1,0,0,1,-1,0,0,0,-1,0,1,0,0,0,0,-1,-1,1,0,0,0,1,0,0,1,0,0,0,0,0,-1,-1,0,1,1,0,0,-1,0,0,0,0,1,0,0,1,0,0
4058,0,0,0,0,0,1,0,0,0,1,0,0,0,1,0,0,0,0,0,0,0,0,0,1,0,0,1,0,0,-1,0,0,0,0,0,-1,0,0,0,1,0,-1,-1,-1,0,0,0,0,-1,0,1,0,0,0,1,0,0,0,0,-1,0,0,0,1
4059,0,0,1,-1,0,1,-1,1,0,0,0,-1,0,0,0,0,0,0,0,0,0,-1,-1,-1,-1,0,-1,0,0,1,0,0,1,0,-1,0,0,0,0,1,0,0,1,0,-1,0,0,-1,0,0,0,0,0,0,0,0,1,1,0,0,1,0,0,-1
4060,1,0,-1,1,0,0,0,-1,0,0,0,-1,-1,1,-1,0,0,0,0,0,0,0,0,0,-1,-1,0,1,0,0,0,0,0,0,0,-1,-1,1,1,0,0,0,0,1,0,0,0,0,0,0,0,1,1,0,0,0,0,1,0,-1,0,1,0,0
4061,0,-1,0,-1,0,0,0,0,0,0,0,-1,0,0,0,0,0,0,-1,-1,0,0,0,1,0,-1,0,-1,0,0,0,0,0,1,-1,0,-1,-1,0,0,1,0,1,1,0,1,0,-1,0,1,0,0,1,0,0,1,0,0,0,0,1,-1,0,0
4062,1,0,1,0,0,0,0,-1,0,0,1,0,0,-1,0,1,0,0,-1,0,0,0,0,0,0,-1,0,1,0,0,1,1,1,0,0,0,-1,1,0,0,0,0,1,-1,0,1,0,-1,0,0,0,1,0,0,0,0,1,0,-1,0,-1,0,0,-1
4063,-1,0,1,-1,0,-1,0,0,0,0,0,-1,0,0,0,1,0,0,0,0,-1,0,0,1,0,0,0,-1,0,1,0,0,-1,0,-1,0,1,1,-1,-1,1,0,0,0,0,1,0,0,0,0,0,0,0,0,0,0,0,0,0,0,0,-1,1,-1
4064,0,1,0,0,1,0,0,-1,1,0,0,1,0,1,0,-1,0,0,0,0,-1,0,0,0,0,1,-1,0,0,0,1,-1,0,-1,0,-1,-1,0,0,1,0,0,1,1,0,0,0,0,-1,0,1,0,-1,0,0,0,0,-1,0,1,1,-1,-1,0
4065,0,0,0,0,1,0,0,0,1,0,1,-1,0,0,0,-1,1,0,0,0,0,0,0,0,0,0,-1,1,0,0,0,0,0,0,0,0,0,0,0,-1,0,0,0,0,0,0,0,0,0,0,0,1,0,1,0,0,1,0,0,-1,0,0,1,1
4066,0,0,0,-1,0,0,0,0,-1,0,0,0,1,1,0,0,0,0,0,0,1,0,0,0,0,0,0,1,-1,0,-1,0,1,0,0,0,-1,-1,0,1,0,0,0,0,1,1,-1,-1,-1,0,1,0,0,0,0,0,0,0,0,0,0,0,0,-1
4067,0,0,1,0,-1,0,0,0,0,1,-1,0,-1,0,0,0,0,-1,-1,1,0,0,-1,-1,-1,0,1,0,0,0,0,0,-1,-1,0,0,0,0,0,0,1,0,0,0,0,0,0,0,-1,0,0,0,0,0,1,0,0,0,1,0,-1,0,1,0
4068,-1,0,0,-1,0,1,-1,1,0,-1,0,0,0,0,0,0,1,0,0,0,0,-1,0,0,0,-1,-1,0,0,-1,0,0,0,0,0,0,0,0,0,0,0,0,-1,0,0,0,0,0,-1,0,-1,1,1,1,0,0,0,1,0,0,0,1,1,0
4069,0,0,0,1,0,-1,0,0,1,0,0,-1,0,0,0,0,-1,0,0,0,0,1,0,0,1,1,0,0,0,-1,0,-1,1,0,0,0,0,0,0,0,1,-1,0,0,0,1,-1,-1,0,0,0,0,0,-1,0,0,0,1,0,-1,1,0,1,0
4070,0,0,1,0,0,-1,-1,0,0,1,0,1,1,0,0,-1,0,0,-1,0,1,1,0,0,0,0,1,0,-1,-1,-1,0,1,0,0,1,0,0,0,0,0,1,-1,0,0,1,0,-1,0,1,0,0,1,-1,0,0,0,0,0,1,1,0,0,0
4071,-1,0,0,0,0,1,0,-1,0,0,1,0,0,1,0,1,1,1,0,0,0,0,1,0,0,0,-1,0,-1,0,0,-1,0,0,-1,0,0,1,-1,0,0,1,0,0,1,0,0,1,1,0,-1,-1,1,0,-1,0,0,0,0,0,0,1,0,0
4072,0,0,1,0,0,1,-1,0,0,1,0,1,-1,0,0,0,-1,-1,-1,0,1,-1,0,0,0,0,0,0,0,0,0,0,-1,0,1,0,0,0,0,0,-1,-1,0,0,-1,0,0,1,0,-1,0,-1,-1,0,0,0,0,0,1,0,0,-1,-1,0
4073,0,-1,0,0,0,1,-1,0,0,-1,0,0,0,-1,0,0,0,0,1,-1,0,-1,0,1,0,0,0,0,-1,0,-1,1,0,0,0,0,-1,0,1,0,0,0,-1,0,0,0,0,0,-1,0,0,1,-1,0,1,0,1,-1,0,0,0,1,1,0
4074,1,0,0,-1,0,1,0,0,-1,-1,0,0,0,0,0,-1,-1,-1,0,0,0,0,0,1,0,0,0,0,0,0,0,0,0,0,0,0,1,0,0,0,0,0,0,-1,0,0,0,0,0,0,1,-1,-1,0,0,1,0,0,0,1,0,1,0,0
4075,-1,0,1,0,0,0,1,1,0,1,0,0,-1,-1,0,0,0,0,1,0,0,0,0,-1,-1,0,-1,0,0,1,0,0,0,0,0,0,-1,0,0,0,1,0,1,-1,1,0,0,0,0,0,0,-1,1,-1,0,0,0,-1,0,0,0,-1,1,0
4076,-1,0,0,0,0,1,0,0,1,0,0,0,0,-1,-1,-1,-1,0,0,1,0,0,0,0,0,0,0,1,-1,0,-1,0,0,1,0,0,0,0,0,1,0,1,0,0,0,0,0,0,0,1,0,0,0,1,1,1,-1,1,0,1,0,0,-1,0
4077,-1,1,-1,0,0,0,0,0,-1,-1,0,1,0,0,0,0,0,1,0,0,0,0,0,-1,-1,1,0,0,-1,0,0,0,0,0,1,0,0,0,0,0,0,1,0,0,-1,1,1,1,0,0,0,0,0,1,0,0,1,-1,0,0,0,0,0,0
4078,-1,-1,0,1,0,-1,1,1,0,-1,1,0,1,1,0,0,0,0,1,0,0,1,0,0,0,-1,-1,-1,0,1,0,0,0,1,-1,1,1,0,0,-1,0,0,0,1,0,0,0,0,0,-1,0,0,0,0,0,-1,0,0,0,0,1,-1,1,0
4079,0,0,0,-1,-1,1,0,1,0,0,0,0,0,-1,0,0,0,0,0,0,0,-1,0,1,0,0,0,0,0,1,1,-1,0,0,0,0,1,0,-1,0,0,-1,0,0,0,1,1,0,1,0,0,0,-1,-1,0,1,0,0,-1,0,-1,0,0,0
4080,0,0,0,-1,0,0,1,0,-1,0,0,0,-1,0,0,-1,1,0,0,-1,0,0,0,0,0,0,0,1,-1,0,0,1,0,0,0,-1,0,0,-1,-1,-1,1,0,1,-1,-1,1,1,1,0,0,0,0,0,0,0,0,0,0,-1,0,0,0,0
4081,0,0,0,0,0,0,0,0,-1,0,0,0,0,0,0,0,-1,0,0,0,0,0,0,0,0,1,0,0,0,0,0,0,0,-1,1,0,0,0,0,0,0,-1,0,-1,0,-1,-1,0,0,0,-1,0,0,0,0,0,0,0,0,0,0,0,0,1
4082,0,0,0,0,1,0,0,-1,0,0,1,0,0,1,0,0,1,0,0,-1,1,1,1,1,0,0,0,0,0,0,-1,0,1,0,-1,0,0,0,0,0,0,0,-1,-1,0,-1,0,-1,0,0,0,0,0,1,0,0,0,-1,0,0,1,0,-1,0
4083,0,0,1,0,0,0,0,0,1,0,0,0,0,0,0,1,0,0,-1,0,0,-1,1,-1,-1,0,0,-1,0,0,-1,0,0,0,-1,0,0,0,-1,0,1,0,1,0,0,1,-1,-1,1,0,0,0,1,-1,0,0,1,0,-1,0,0,0,0,-1
4084,0,1,0,0,0,0,0,0,-1,0,0,0,0,0,0,-1,0,0,0,0,0,0,0,0,0,0,0,0,0,-1,0,0,1,1,0,0,0,1,0,1,0,0,1,-1,0,0,-1,-1,0,-1,0,-1,1,-1,0,-1,1,0,-1,0,0,0,0,0
4085,0,0,1,0,-1,0,0,0,-1,1,0,0,0,-1,0,-1,0,-1,0,0,0,0,0,-1,0,0,0,0,-1,1,0,0,-1,0,0,0,0,-1,0,0,0,0,1,0,-1,0,0,0,-1,0,0,1,0,0,0,-1,0,-1,0,-1,1,0,0,0
4086,0,0,1,1,0,0,0,-1,0,0,0,-1,1,0,-1,0,-1,0,0,0,1,0,0,1,1,0,0,0,0,0,0,0,0,0,0,-1,0,0,0,0,-1,1,-1,-1,0,0,1,0,0,1,0,1,0,1,1,-1,0,0,0,1,-1,0,-1,0
4087,0,-1,-1,0,1,1,-1,0,1,0,0,0,0,-1,0,0,0,0,0,0,-1,0,1,0,0,0,0,-1,0,-1,0,0,0,0,0,0,1,0,0,0,0,0,0,0,0,0,-1,0,-1,0,-1,0,0,0,0,-1,0,0,0,0,-1,0,0,0
4088,1,1,0,-1,-1,0,1,0,0,1,0,0,1,0,1,0,1,0,0,1,-1,0,0,1,0,-1,0,0,0,0,1,0,-1,0,0,0,0,0,0,0,0,0,-1,1,0,0,-1,1,0,0,0,0,0,0,0,0,0,0,0,0,0,0,0,0
4089,0,0,0,-1,0,0,0,0,0,-1,0,0,1,0,0,-1,0,0,0,-1,0,0,0,0,0,0,0,-1,0,-1,0,0,0,0,-1,0,-1,0,0,0,1,0,0,0,0,0,0,0,-1,-1,0,1,0,0,1,0,0,0,-1,1,0,-1,0,1
4090,0,0,1,0,0,0,0,1,0,-1,-1,-1,-1,0,1,0,-1,0,0,0,0,0,0,0,0,0,1,0,0,1,0,1,0,1,0,1,0,0,-1,-1,0,0,1,-1,0,-1,0,0,0,0,0,0,0,0,0,0,0,0,1,0,1,0,0,0
4091,0,0,0,0,0,0,0,-1,-1,0,0,0,0,-1,1,0,0,0,1,0,0,0,-1,0,1,0,-1,1,0,0,0,0,0,0,1,1,0,0,0,0,0,0,-1,0,0,-1,1,0,0,0,0,0,1,1,1,0,-1,0,0,0,0,0,1,0
4092,0,1,0,0,1,0,0,1,-1,1,-1,0,1,0,0,0,0,0,-1,0,0,0,0,-1,0,0,0,0,0,0,1,0,1,0,0,0,0,0,0,0,1,0,1,1,1,0,0,-1,-1,1,0,1,0,0,0,0,-1,0,0,0,0,0,1,0
4093,0,-1,0,0,0,0,0,-1,0,0,1,-1,-1,0,0,0,0,-1,0,0,0,-1,1,0,0,-1,0,1,0,0,-1,1,1,0,-1,-1,0,-1,1,0,1,-1,0,0,1,0,1,0,1,0,0,1,-1,0,0,0,0,0,1,1,1,1,1,1
4094,0,0,0,0,-1,0,0,0,1,1,1,0,1,0,1,0,0,0,1,0,-1,0,0,0,1,0,0,1,-1,0,1,0,0,0,0,0,0,0,0,0,0,1,0,0,0,0,0,0,0,0,0,0,1,0,0,1,-1,0,-1,-1,1,0,0,1
4095,0,-1,1,0,0,1,0,-1,0,1,0,-1,0,1,-1,-1,0,0,0,0,0,0,0,0,0,0,0,0,0,0,0,0,0,0,1,0,0,0,0,0,0,0,1,0,0,0,1,1,-1,0,0,1,-1,0,0,0,0,1,0,0,1,0,-1,0
